    x0,y0,z0,x1,y1,z1,x2,y2,z2,x3,y3,z3,x4,y4,z4,x5,y5,z5,x6,y6,z6,x7,y7,z7,x8,y8,z8,x9,y9,z9,x10,y10,z10,x11,y11,z11,x12,y12,z12,x13,y13,z13,x14,y14,z14,x15,y15,z15,x16,y16,z16,x17,y17,z17,x18,y18,z18,x19,y19,z19,x20,y20,z20,label,class_name
0.0,0.0,0.0,-0.10880803808767824,-0.3121389249673719,0.022168926305907125,-0.28569650605121033,-0.5659240157399017,-0.006691133045968156,-0.40649503691905037,-0.7807092055605547,-0.044677733199895237,-0.41946705109938165,-1.0,-0.08523400653351557,-0.41396669533112346,-0.5522941540257812,-0.089800606246451,-0.6765613991614859,-0.5239018520599035,-0.1363570215023819,-0.6031316706548411,-0.4517603791408153,-0.14676713673069833,-0.5001563420373184,-0.4507063391148738,-0.14858625350843538,-0.4249346474884301,-0.3420006390878893,-0.13064746594845966,-0.6918085102287311,-0.3319696891743901,-0.161505593686939,-0.6091619163816846,-0.28046466519459456,-0.14076933538903375,-0.5089795348378148,-0.278076590448611,-0.1294619159146328,-0.4210035219832584,-0.11749221352255375,-0.16529892680327646,-0.665587007126215,-0.1269225748172072,-0.18786889660234876,-0.5779773673288892,-0.10115928303158656,-0.13402821813320576,-0.4767235860880436,-0.10320436427729694,-0.10052287180951859,-0.40326151819423023,0.10205316609250255,-0.1964514164635974,-0.6164430384044223,0.06599390941541658,-0.20711608186818797,-0.5464481448076559,0.06703296972522371,-0.15705609300497694,-0.4597375679730869,0.06417296392233367,-0.11910765962778944,1,Bright_Up
0.0,0.0,0.0,-0.11125082590771335,-0.30963948964001403,0.021222728452481757,-0.28870799150399507,-0.5651062544173051,-0.0087223635614001,-0.41009345733299823,-0.7810327606921432,-0.04722252590080417,-0.4281782694488077,-1.0,-0.08838013001775562,-0.4171348557106629,-0.5464183404909041,-0.0945071768815658,-0.683106591068622,-0.5188763121887459,-0.140644722960626,-0.6121072688476243,-0.4473956737961003,-0.1498134531975488,-0.5075128736444153,-0.4449973351397966,-0.15060530853780998,-0.4276459368893177,-0.33199106232674946,-0.13486394627662157,-0.698743469209585,-0.3253565160894532,-0.1655909283823038,-0.6172765505304887,-0.2744803877870747,-0.14439681663978793,-0.5149530240674428,-0.27093723570331457,-0.13310273515894275,-0.4233024385762335,-0.1047139071312739,-0.16861487503422545,-0.6730843577289011,-0.11660555713412671,-0.19071802704408994,-0.5857022380917768,-0.09232701447764086,-0.13615216335973615,-0.4821584394214855,-0.09389829080179501,-0.10273697998744065,-0.4056020257058647,0.11603272409960871,-0.198841409822819,-0.6206714850863395,0.07821963322343493,-0.2101486806030976,-0.5508547767361577,0.07902807954776458,-0.16006600634394189,-0.4636430433080106,0.07774258025968478,-0.12224975358857734,1,Bright_Up
0.0,0.0,0.0,-0.11697753827526465,-0.3099198283796057,0.02312044813496298,-0.30034477517364944,-0.5628101397472937,-0.006971001675430862,-0.42356397275370494,-0.7785376156521122,-0.04600432524039866,-0.4375100045079772,-1.0,-0.08809996447906678,-0.42770825455909933,-0.5394583562986364,-0.10031180039965601,-0.6960528809089328,-0.5104903485159583,-0.1464125641455976,-0.6230108153958814,-0.439913970604989,-0.15422953688170904,-0.5177466632171844,-0.438364443567653,-0.15435984785137985,-0.4376686345443727,-0.3241924937997287,-0.14202782263901026,-0.7090916930641468,-0.3133703200894558,-0.17131638927819068,-0.625350896850963,-0.2637661308720874,-0.14775611548851622,-0.5230868712878769,-0.262758685931852,-0.13568137737949587,-0.4315546003143182,-0.09461690413583115,-0.17649706600546267,-0.6822128428607975,-0.10637571610645748,-0.19731194057092452,-0.5919846549955339,-0.08161255796125216,-0.14033218471985565,-0.48813562695060864,-0.08389625364885137,-0.10603175615918095,-0.41077795919285576,0.12985324991123928,-0.20720405556212634,-0.6287643268159462,0.09582278083068493,-0.2174144040377061,-0.5580969529477354,0.0935013023525988,-0.16555929065616654,-0.4706762283084241,0.08921209037758852,-0.1268939042781027,1,Bright_Up
0.0,0.0,0.0,-0.1182851727977815,-0.30882266807727554,0.022041652777035837,-0.3010110206165412,-0.5632193197083769,-0.007400479877324617,-0.4230190106483926,-0.7797344932507507,-0.046228046348440105,-0.4417431607099641,-1.0,-0.08787160700054121,-0.4289397835684577,-0.5409914691095651,-0.09309797173682156,-0.6988786988310334,-0.5073542395505927,-0.1416686650013953,-0.6242940907173458,-0.436676321812085,-0.15286627569053463,-0.5170675946121559,-0.43858409592660325,-0.15449619986705776,-0.437631219954959,-0.3263534482316582,-0.13453195329880874,-0.7128309581126729,-0.3139719826731703,-0.16662653703594438,-0.6277144489117578,-0.26233295150407293,-0.14559958532113235,-0.5233464362806984,-0.26220006596611434,-0.13386405000221463,-0.4305349877871691,-0.09786860985766586,-0.16964984552040432,-0.6843816088437636,-0.10755018794276071,-0.19372177183999562,-0.5933067721142299,-0.08113875395108787,-0.13877829622019472,-0.48741476457990873,-0.0846914199202499,-0.10425831669901166,-0.40925640213994824,0.12631911465299217,-0.2012264645411058,-0.6303122167380457,0.0917123984301307,-0.2140529161007523,-0.5594397372390704,0.09248024573424785,-0.16340108364890507,-0.469308965592251,0.08922801663351389,-0.12454509055086435,1,Bright_Up
0.0,0.0,0.0,-0.12432270215313855,-0.3089317694396739,0.016791820211714444,-0.3212370512958595,-0.5656672259211833,-0.01037184263307866,-0.44377220746786267,-0.7881241389149324,-0.04532857353756045,-0.4514744953292734,-1.0,-0.08382939367689878,-0.4663722458731567,-0.5151149030132717,-0.09053004675246583,-0.7213765692522643,-0.4687338671228786,-0.1335804403028111,-0.6447421972266983,-0.4009518634101689,-0.14865813679573375,-0.5380902355170882,-0.40623522641345994,-0.1551668561855305,-0.4774046750391791,-0.2885581098300852,-0.12634944121811006,-0.7309045560154277,-0.26666545923312185,-0.15083473679301704,-0.6403785126017093,-0.22181900209922714,-0.13219458556493466,-0.5348445650756329,-0.2246917537212644,-0.12286216963367047,-0.4675448914760957,-0.055976421198148676,-0.15557119178248008,-0.6922557958851407,-0.05547538576202776,-0.16950282538588018,-0.6028455398307955,-0.038615506222823004,-0.11939143221862289,-0.4994836365909074,-0.043838893428723553,-0.09017684460530259,-0.4400210479419654,0.16726893600337467,-0.18238646914716136,-0.625443202956985,0.1361131422634079,-0.1843030967021359,-0.5530148564058419,0.1321620139278944,-0.13323264748267116,-0.46797615308851975,0.13197317923908083,-0.09575999381120597,1,Bright_Up
0.0,0.0,0.0,-0.12957269469426083,-0.3019454598291243,0.016546726938145934,-0.3303496328623273,-0.5617773931923753,-0.009627929674412202,-0.4584115338777086,-0.7857337780322569,-0.044214685748597424,-0.4677228533268338,-1.0,-0.08227645585193549,-0.47278895856530784,-0.5182005525175225,-0.08883159016502017,-0.7310952895404178,-0.4667305171392108,-0.1338284830077496,-0.6574479143726843,-0.3889454054033011,-0.14887755708556968,-0.550967951434151,-0.3927269696136736,-0.15455937830338143,-0.4825008765000211,-0.2955893175467404,-0.12599621202119415,-0.7474660886282929,-0.26469254867733416,-0.15394926329848732,-0.6601890522571107,-0.20762283652581878,-0.13524960384536683,-0.5517987658238501,-0.2098635316374715,-0.12425095029290634,-0.4738651089940085,-0.06090272517653852,-0.15701396003024334,-0.7062757401511206,-0.04832814634119159,-0.17564036789766785,-0.6170677702259297,-0.0229373166420351,-0.12581272524342502,-0.5108507000435636,-0.031244391869285813,-0.09504621004033846,-0.44862114505062023,0.17105219466979593,-0.18539463187084912,-0.6500750091657513,0.14446766087048188,-0.19065813567710724,-0.5760592482717511,0.14462017530916424,-0.13941560291150215,-0.4835058840574245,0.14001359805911254,-0.10080826736393601,1,Bright_Up
0.0,0.0,0.0,-0.11875680842097934,-0.3011403448031245,0.01534291550613161,-0.30484441850625776,-0.5646283837414194,-0.0129099759859215,-0.4144734465516183,-0.7931966125248527,-0.048048977773489446,-0.4183783982796584,-1.0,-0.08762824056038089,-0.42921425805724606,-0.5201249664657707,-0.10968479981712603,-0.6931712177837439,-0.45969888476494997,-0.15759985074948737,-0.6155357123463655,-0.3890072273725886,-0.17043456433616683,-0.5145592279382513,-0.40278539564382754,-0.17607871307432854,-0.43272007254407935,-0.3018948697770462,-0.1476275719939483,-0.7047557487277789,-0.2516060421460274,-0.1798427112802906,-0.6127195688085414,-0.19949144277329367,-0.15599893068499998,-0.5062246384753974,-0.21270995624047842,-0.14355473730385387,-0.4203526718741419,-0.07139688714544701,-0.17882276235167988,-0.6685319259342388,-0.041116681556647564,-0.2054090036088066,-0.5718538307354624,-0.01615404386797107,-0.15159816724067204,-0.46439379240688766,-0.03129460880506613,-0.11821646425562304,-0.3932261280383283,0.16024397437172277,-0.20695704684656907,-0.5947151055884374,0.1487102791241749,-0.22237738141785432,-0.5148206466562474,0.14907891494748943,-0.17319863979698277,-0.4219724820213012,0.1395193392468599,-0.13603565639476065,1,Bright_Up
0.0,0.0,0.0,-0.1374642779150862,-0.2944104012603291,0.02723835838330299,-0.3383291135039193,-0.5598154313372213,-0.003981507737375707,-0.45138186998349156,-0.7892592172125289,-0.04589063082643039,-0.4637228060501529,-1.0,-0.09494254114000024,-0.44661708979995635,-0.5454731156069822,-0.1115127325617213,-0.7463142653366881,-0.437790260208775,-0.1705262108716221,-0.6824940002738206,-0.3494782133469816,-0.18821373932388322,-0.5779885199015905,-0.36261828314483335,-0.19497327995399497,-0.4289076104400327,-0.331410127062565,-0.16211460042555476,-0.7444200000678894,-0.22764645159051675,-0.20751569668858247,-0.6538132913123059,-0.1711294270021057,-0.1874771392780956,-0.5338676480960228,-0.19372075805309782,-0.17634316368584538,-0.3993073772022097,-0.09328622814385464,-0.2049719749687628,-0.6940546607773865,-0.018395765813233985,-0.24462862807389218,-0.5885334040388915,0.009546155554994001,-0.18641719708215243,-0.46782151573657554,-0.015337272678927242,-0.1482166774264724,-0.35957019971931503,0.15408813025412135,-0.24318011332435316,-0.6106704795368132,0.18895416748542546,-0.2731333337525769,-0.525725747170049,0.18185519868777322,-0.22383489532204418,-0.4193100098024758,0.15201765426264374,-0.18376796391184166,1,Bright_Up
0.0,0.0,0.0,-0.1263486588515366,-0.279418345789356,0.021721548450962545,-0.3262055626355554,-0.5519574194117102,-0.0136853358253132,-0.43069216440057095,-0.7859285205738666,-0.05736853811386569,-0.43150106903040414,-1.0,-0.10732282259763365,-0.41451975022517645,-0.5401398811479389,-0.1366931468571202,-0.727130496339987,-0.44167828715019236,-0.2016718199912383,-0.6572952435650643,-0.3668049227045185,-0.21713030789255058,-0.5488283388914261,-0.384317309098913,-0.22098882894502703,-0.39163517170869916,-0.3307710133359075,-0.1870110995780439,-0.7268234559899368,-0.247321339966811,-0.24022018837800693,-0.6334119389077584,-0.19912411703929278,-0.2162519271024875,-0.5130292728024443,-0.22022039845752447,-0.20163817196520625,-0.3636201395755948,-0.09740506964042885,-0.2294471078263564,-0.6749243079964881,-0.04699366801948293,-0.27590965755648267,-0.5716055682058163,-0.025654701692250658,-0.2136352734015494,-0.4509473634684446,-0.04664376910890158,-0.17140618952829284,-0.33448199683576735,0.14331010318232248,-0.2673421028658498,-0.5956642279199321,0.1434470612953128,-0.30367265904558105,-0.5146883182165647,0.136861444628227,-0.25475329641321637,-0.40946771290226547,0.12077758678452906,-0.2150499777004658,1,Bright_Up
0.0,0.0,0.0,-0.13716443669290662,-0.2879797220869563,0.027603016272112084,-0.3381800399340282,-0.5617814509913143,-0.0016718520144504883,-0.44097895484958205,-0.7956913998166403,-0.04193374291030022,-0.44322340386068193,-1.0,-0.08768705662647892,-0.4413394622036965,-0.5405046720222152,-0.11069388263965327,-0.7397811106511744,-0.47198935877680104,-0.16776247096704636,-0.6737701385090158,-0.37689726379481614,-0.18608374101870387,-0.5669682523887108,-0.379338968769376,-0.19400018221493467,-0.42880693705061707,-0.32690450632720586,-0.16088500931566652,-0.7449318465925652,-0.2641481103761936,-0.2079132783033195,-0.6522983852685713,-0.1987116830290979,-0.1893826445994001,-0.5307340983724322,-0.20816834000568804,-0.17705848945846805,-0.4042659399011129,-0.09769852340662816,-0.20282648494336739,-0.6919247530325896,-0.045330892462525786,-0.23907305946107657,-0.5926372886785087,-0.010833915778180664,-0.18213946818367638,-0.47274275879246375,-0.025476343710567208,-0.14374388010771105,-0.3699751987427435,0.13442375644835633,-0.24056350123199938,-0.613109660772737,0.14525516972550803,-0.2630916227192976,-0.534065810477648,0.15109188536072227,-0.21129430439940022,-0.428821804850848,0.14064615165391764,-0.17071133721631546,1,Bright_Up
0.0,0.0,0.0,-0.12171232049355159,-0.2998165983936537,0.03245079468008958,-0.2904241843178805,-0.5659607274829651,0.012650639216986491,-0.39966008406201964,-0.798004470333208,-0.02020582067309688,-0.4167246101539439,-1.0,-0.05799738441506297,-0.4558159791401719,-0.5445489935965288,-0.05347731751979978,-0.7123046927446752,-0.4907149537023406,-0.09360817237712755,-0.6562900551534504,-0.390538269597512,-0.11016605811518973,-0.5633771660380738,-0.3840311001324764,-0.11931292290267707,-0.46251258560173486,-0.3572025388011263,-0.09713654436645865,-0.7203667306843986,-0.29097470860678587,-0.1241687245661135,-0.6375117890856488,-0.2150557168398697,-0.10888643019915298,-0.5319929644101071,-0.22597053434443531,-0.10080604432790641,-0.4536328774901273,-0.15192173644478563,-0.13507773548999705,-0.6799997271554653,-0.09525365346171072,-0.15260089511259778,-0.5932008005396796,-0.04402329297968422,-0.1038190337136496,-0.49372720917082286,-0.06163817067409955,-0.0746916222665953,-0.4326837705076989,0.05809689037529679,-0.17015082112942073,-0.6177024124378426,0.09176469714645198,-0.17521069496299954,-0.5420130936019942,0.1086648257719277,-0.12830065715935315,-0.4575202213632608,0.08745893409138064,-0.09294258497176942,1,Bright_Up
0.0,0.0,0.0,-0.1103967510728645,-0.304001807569013,0.038369647438739954,-0.2860870736848584,-0.5686099282064281,0.022490554531454092,-0.3992500451234256,-0.7930334492387022,-0.0033664819606168887,-0.3999068275918688,-1.0,-0.03469156561357659,-0.43952797910524727,-0.5569088140348988,-0.06933267772608076,-0.6933885754066347,-0.5071650330957423,-0.09182026460828842,-0.6289254976053457,-0.4129582533149648,-0.09349574067687846,-0.5384146376647132,-0.4134036668262394,-0.09569798149151548,-0.45555658922984055,-0.35983763057828544,-0.11100514193887666,-0.7106481465078417,-0.3172631850244689,-0.12144458437834167,-0.6312618939326683,-0.24669915688283833,-0.09534650341208589,-0.5302305693164148,-0.24983122370984712,-0.08365872001141245,-0.4584177636577196,-0.14649994568992072,-0.14280350354601365,-0.688870260256127,-0.1285297375775437,-0.1436709210516352,-0.6019447766205688,-0.0778728589402742,-0.08847074234970989,-0.5029072848493302,-0.07894083906389872,-0.05954963814127094,-0.4452317015778065,0.06989651525677937,-0.17048978737099407,-0.6332628129017263,0.0626990378359544,-0.16364432581579838,-0.5585370028792946,0.08582409749858809,-0.11010028185996355,-0.4768184031905375,0.08686353066535364,-0.07272891778817141,1,Bright_Up
0.0,0.0,0.0,-0.11113312376134515,-0.29216166563157303,0.008586919789368954,-0.2885192549878945,-0.5649103014711254,-0.019021524716056837,-0.3921387099573015,-0.7925634490345023,-0.05408088152040475,-0.38407041694455013,-1.0,-0.0898960626917399,-0.4087266078487602,-0.5332692970102539,-0.07889101403918597,-0.6721258301927875,-0.5236714137551062,-0.12679801832132942,-0.6084128408982643,-0.4288902479992983,-0.14552546602624664,-0.5025701607913774,-0.4171606313259609,-0.15344929609657232,-0.42666442232199364,-0.32883778801865104,-0.11117608060473104,-0.6989305398176927,-0.31808786562112357,-0.14627462835690716,-0.6214240508797981,-0.24444956146624108,-0.13467260066872322,-0.5137451532439016,-0.24068918087960187,-0.12574960182549064,-0.43347027145616757,-0.10994775042666584,-0.1391870491497834,-0.6778257406632937,-0.10444098914132775,-0.1657558188887672,-0.5926403304482314,-0.06314749008898811,-0.12336905141650846,-0.48556168468643757,-0.06513312045156719,-0.09415056800877998,-0.427931594454798,0.11066100757679098,-0.16538008521146913,-0.6124528977224236,0.09596961245573467,-0.17891019154281432,-0.5404500967046195,0.10197898716539032,-0.13755469325692468,-0.4502151473879587,0.0949147389377173,-0.10405549966068307,1,Bright_Up
0.0,0.0,0.0,-0.11108743236412881,-0.305640530298177,0.0007256359121135241,-0.29614529465091877,-0.5719777979933264,-0.03101736850397642,-0.4055017089227707,-0.7890223643876759,-0.06897582354679559,-0.39346381165477223,-1.0,-0.10615825396156792,-0.39378517437915417,-0.5466782625703422,-0.09288549460367626,-0.6745848106038717,-0.5241384197373716,-0.16053179243449095,-0.5921119963476041,-0.45852943475983693,-0.18973185485050584,-0.47825310465416376,-0.45652333645108345,-0.19920123635669554,-0.408628785261976,-0.3326078049043246,-0.12258731856593484,-0.6900178043839733,-0.31869951905414245,-0.17482034007631872,-0.6011438839496185,-0.26959220926805916,-0.16861204499578325,-0.49012365274103575,-0.26837657435703266,-0.15947005666786565,-0.4167773829673572,-0.11075744069759506,-0.1499156277848613,-0.6635656514759806,-0.0996546069791407,-0.18733076998329087,-0.577596808232743,-0.07666815101903884,-0.14480868315992088,-0.4704486187024738,-0.08199639205624815,-0.11128400902669158,-0.4175427439879153,0.10667202881334525,-0.1763749551352871,-0.6121933751165888,0.09253311487292314,-0.1919358304917866,-0.5413921203115101,0.09389570328362627,-0.14897987784219147,-0.44945832469349606,0.09295096485954828,-0.11251132079220191,1,Bright_Up
0.0,0.0,0.0,-0.1235325468584312,-0.2915594561093708,0.015332745634286637,-0.31015465963711875,-0.563746650994667,-0.01387435938488134,-0.4191102564981484,-0.7889261399886993,-0.053672663534551884,-0.4313073809147332,-1.0,-0.09421363518701166,-0.41650817748871316,-0.5189059160324335,-0.07208660802288801,-0.7003097726270023,-0.5322723588607798,-0.12764992198460512,-0.6412456475370228,-0.4350558342630751,-0.15194164813078595,-0.5299834802675445,-0.40594505806785475,-0.16046937949826376,-0.42949065264000585,-0.30749065927443653,-0.11023710704265087,-0.7201038730700717,-0.3086234883173204,-0.15224954445785455,-0.6437050862863,-0.2379222953361058,-0.147390048569543,-0.5277244566124818,-0.2292535823161461,-0.14174983222628637,-0.4355185858047509,-0.08279189007190617,-0.14436219978646342,-0.7089005310861779,-0.08928257477832709,-0.17479942155502573,-0.6353827458360655,-0.045900861701974736,-0.1337226634723541,-0.5239033009609972,-0.04013637072314189,-0.10439145658924281,-0.43614858028711606,0.13773492795561124,-0.17570712916018422,-0.6413100568017842,0.11415118540690622,-0.1900286535754421,-0.5815136564227371,0.12109052348975478,-0.14832937338353014,-0.4909550594721426,0.11826674392092643,-0.11402688736559284,1,Bright_Up
0.0,0.0,0.0,-0.12655098976872858,-0.29800319274103526,-0.010624566008063933,-0.3192434197574679,-0.5566961348499985,-0.058967395215018883,-0.43919794261266576,-0.7783442658962959,-0.11078357640157918,-0.4374196417928118,-1.0,-0.1629439698896691,-0.43366943372699973,-0.43729283365678007,-0.12470342530982087,-0.7052042113334975,-0.451199368729005,-0.1983448573836987,-0.6190841085510229,-0.413927552095199,-0.2313050107102128,-0.5034660437952398,-0.3994125008926804,-0.2408124133727492,-0.43998648828083736,-0.201371048480624,-0.15116973602668327,-0.7180490337464418,-0.24203437179330872,-0.19901991723741044,-0.6302443106728733,-0.22350572089339182,-0.19468009885815962,-0.5181478191851749,-0.20283300780480998,-0.1893616753466821,-0.4382948080078659,0.03461672037231086,-0.1740542939183989,-0.6889513184380387,-0.01547059259587116,-0.2011736529589365,-0.6060682173464298,-0.020163036704574245,-0.15834916057842194,-0.4994326218410315,-0.008045935500548641,-0.12889765701951222,-0.4312250507707735,0.2549628278377258,-0.1967017993416869,-0.6487544970048027,0.19109986099981835,-0.20122755320519412,-0.577191805316112,0.16839305851720288,-0.1509700369719877,-0.48688404712918054,0.17618755004780423,-0.11322522700904988,1,Bright_Up
0.0,0.0,0.0,-0.10452671266588041,-0.2844653597441874,-0.00836527017254986,-0.2903117380541858,-0.5524051046951598,-0.05006035261360369,-0.3969010893084331,-0.7827076284609042,-0.09459673438153983,-0.39188327467350154,-1.0,-0.1396751158087124,-0.38275875589564845,-0.4771293725306894,-0.12225165121820135,-0.6451825677631979,-0.5249149509826683,-0.1854027634204782,-0.5719147869208696,-0.450314554964314,-0.20781412748599148,-0.46659227134789666,-0.4299327140258392,-0.2133576460389045,-0.4013766745395693,-0.26014809930794813,-0.14905680339067878,-0.683837952343659,-0.33651757679691524,-0.19836691836807643,-0.5976732631891757,-0.2818328901601099,-0.18937607061742562,-0.4844752653622206,-0.2524116568487546,-0.17802288451665865,-0.4155693099189287,-0.033883920602344124,-0.17143198873407872,-0.6658657045835152,-0.1098925137259879,-0.20173560237576568,-0.5814902176862746,-0.08639530432431819,-0.15792544315843332,-0.47299222924902,-0.06543692546125614,-0.1256720882107319,-0.4248109419933199,0.18405180019130224,-0.19295953757341888,-0.6355857264171483,0.09676370044998334,-0.20348345061241088,-0.5633590673035154,0.09333104265916316,-0.157101474374544,-0.47056612670730036,0.11073294350599032,-0.121367860175666,1,Bright_Up
0.0,0.0,0.0,-0.08137891878706803,-0.2834551597604561,0.0011607994478697707,-0.2497766083887712,-0.5613952658982932,-0.028283505927576426,-0.3458970304638826,-0.7898779614649162,-0.062288481585721533,-0.3461412012561724,-1.0,-0.09834464219362295,-0.33352472377254233,-0.5144089130724849,-0.09884760473757677,-0.5962798730015916,-0.555623956262352,-0.1530666386400747,-0.5472304002995162,-0.4690691099530674,-0.17223097828509967,-0.44253095111429436,-0.44028581301104763,-0.1769351814016562,-0.3596191823534069,-0.3107951360191627,-0.12653851485090903,-0.6372874943365942,-0.3688461252931591,-0.16871931210060867,-0.568397048345077,-0.29636340900901437,-0.15940160668453054,-0.4608760700045061,-0.2676363453403704,-0.14961344087825762,-0.38152006923598464,-0.09553564535943544,-0.14987015933626235,-0.6260795616961632,-0.15993211558700016,-0.1789390466992893,-0.5537006796580326,-0.11515834475879995,-0.1359008924233038,-0.4496370610814201,-0.09137586295260694,-0.10490949148968348,-0.3985629439006506,0.11551276236336609,-0.17137778326095515,-0.5999281299304311,0.03783956696433306,-0.18449892662645243,-0.5389490642462682,0.05541937073487269,-0.14056567983809992,-0.45103302742925894,0.07745664796910327,-0.10590105767020364,1,Bright_Up
0.0,0.0,0.0,-0.08424381926683717,-0.2747818779685787,0.004442673514522598,-0.23483911825599804,-0.5661178906345147,-0.033390392932164774,-0.314428693216417,-0.7980280112044817,-0.07699943491852454,-0.32000925587626355,-1.0,-0.12116113111874376,-0.2437956399951285,-0.5326418219461698,-0.13497936275922603,-0.5706644744854463,-0.5580957252466204,-0.20946905646279443,-0.5067365728900256,-0.47104323468517845,-0.2342878209251011,-0.39608768724881255,-0.4429816100353185,-0.24037275272390757,-0.25841895018877115,-0.3343877725003045,-0.16991169438752954,-0.58942613567166,-0.37537108756546095,-0.23061912953550176,-0.5090960906101571,-0.3023962976494946,-0.2200151836093052,-0.40123639020825724,-0.2798991596638655,-0.2111713917447333,-0.27929971988795516,-0.1280879308245037,-0.19997930186530324,-0.5766101571063208,-0.19506661795152844,-0.2477836801383516,-0.5004496407258555,-0.13952673243210328,-0.19931009287736023,-0.39115260017050296,-0.11436268420411642,-0.16269541439727256,-0.3116429180367799,0.0750690537084399,-0.2278636034120089,-0.536607234198027,-0.007979052490561443,-0.2617923270753873,-0.4851913287053952,0.002781147241505298,-0.22718008435221104,-0.3979218122031421,0.02130483497746925,-0.19780919469199915,1,Bright_Up
0.0,0.0,0.0,-0.05972569914692636,-0.2543198669372844,-0.008407328362637637,-0.18374420100454208,-0.5613327065673356,-0.04970019656835077,-0.2557982598170657,-0.8025128019897614,-0.09132909267551108,-0.23140465469386673,-1.0,-0.13123918694298078,-0.15691464383826004,-0.5743689979370179,-0.15519198994302222,-0.500445675743739,-0.6145729960469113,-0.24168398114377687,-0.4453829586837129,-0.5063285955610941,-0.2663430146784551,-0.34152984360030475,-0.4701944078054436,-0.2703500196957709,-0.17535961189550858,-0.3844341340293477,-0.1849822562866935,-0.5239677916822071,-0.4317024911496276,-0.2589103448195976,-0.451440225380737,-0.3461945421825042,-0.24123646629793166,-0.342962626747852,-0.3264869692259366,-0.22747428132692693,-0.21161640645824,-0.19046942958654287,-0.21164097619315922,-0.511369942254646,-0.2502789917895126,-0.2794058197701687,-0.44225918245290613,-0.1787362033625162,-0.2261713694397801,-0.33365726051764105,-0.15558950946732983,-0.1838306718511863,-0.26662738344567793,-0.0020441006876525383,-0.23615560956079795,-0.4942312271200372,-0.07842519893567483,-0.2859599812045899,-0.43279982207300155,-0.03678817246461997,-0.2520802874175427,-0.33421659277154403,-0.006522927350317319,-0.2206183845402797,1,Bright_Up
0.0,0.0,0.0,-0.06756226759434308,-0.24380797669673682,-0.005682877961571845,-0.170551693521884,-0.5573838421314287,-0.0464493249191302,-0.20447189502100674,-0.7975078180930406,-0.08927463633100859,-0.16681472634580335,-1.0,-0.13286578627924928,-0.13353775915986849,-0.5878991637214862,-0.14940150881787415,-0.44095966322212354,-0.6463696801368949,-0.23744488291319502,-0.40358087630636186,-0.5310442469329967,-0.26176079053380946,-0.30348982329902585,-0.4893130967039107,-0.26725267139429976,-0.13265605268461023,-0.4026925182315417,-0.188443257212991,-0.4702106881843449,-0.46170107514484476,-0.2614340922942169,-0.4032946111696616,-0.3751433173350046,-0.2400407004366616,-0.2989024368011817,-0.34912694060417215,-0.22696821327548053,-0.1524105643167797,-0.19778876195009132,-0.2261209349868435,-0.4614995563136737,-0.2688184837604892,-0.29744622185555125,-0.38643650161338244,-0.19494828258162866,-0.24207197884453474,-0.28022277438710436,-0.16473055848308055,-0.20094727896717052,-0.1892429346463098,0.00377194966266536,-0.2611150926652283,-0.4381167202982676,-0.07790772211292248,-0.3171696003064381,-0.3755621217518638,-0.04774074725547611,-0.2842841536613817,-0.2793176641356099,-0.020912875378094165,-0.25429067469250777,1,Bright_Up
0.0,0.0,0.0,-0.07367337164750958,-0.275477969348659,0.01033018894938902,-0.21671000957854405,-0.5625953065134099,-0.023263738777502742,-0.29268438697318006,-0.792254070881226,-0.0625466762475698,-0.2685902777777778,-1.0,-0.10585833064172688,-0.2589051724137931,-0.5618668582375479,-0.11307648946596059,-0.5467562260536398,-0.5812327586206897,-0.17071380687496443,-0.5226918103448276,-0.4877765804597701,-0.18898989344105638,-0.42674521072796934,-0.45471048850574713,-0.1946144743797537,-0.2694580938697318,-0.3819580938697318,-0.14950451568722498,-0.5733618295019157,-0.39444396551724137,-0.19466137931270389,-0.5236853448275862,-0.32525167624521073,-0.18066976053875752,-0.414790469348659,-0.31611949233716474,-0.17281111889603723,-0.2844305555555556,-0.18144061302681994,-0.1802884746192173,-0.5568352490421455,-0.19864008620689655,-0.21959507782802956,-0.49041810344827585,-0.156477969348659,-0.17662043103684183,-0.38065445402298853,-0.1527543103448276,-0.147861241621133,-0.3059250478927203,0.02136949233716475,-0.2077814254094472,-0.5150929118773946,-0.005305316091954023,-0.23797756106557746,-0.45396934865900385,6.75287356321839e-05,-0.20478513709527094,-0.36000646551724136,-0.006241139846743295,-0.17744171635772304,1,Bright_Up
0.0,0.0,0.0,-0.06839461066853365,-0.27695447166967607,0.01300856126186069,-0.20154246804758355,-0.5669888524063108,-0.02112247459443446,-0.27193120374411367,-0.7976486010925032,-0.0608666672487688,-0.2534985319620522,-1.0,-0.10264295497527591,-0.2417800803243432,-0.5846043677096047,-0.11259152517470486,-0.5365930755800412,-0.6125639512488722,-0.1769616710313784,-0.495496003641834,-0.5216067030803062,-0.19715497777481122,-0.39702241998176735,-0.4947467672730358,-0.2023090477287642,-0.25629665247864925,-0.4082160771365634,-0.1505039386088796,-0.5657237522264987,-0.44249646122125996,-0.19952903826225202,-0.5016374856962363,-0.37055825395023595,-0.18213962465721945,-0.397112431753803,-0.3564821049311645,-0.17122651985978,-0.27663108733985603,-0.21480028549947955,-0.18332334996479294,-0.5473907279414166,-0.25315352600552904,-0.22452053943534275,-0.46992701995934666,-0.2044447013971096,-0.17434837723271945,-0.36601324700663856,-0.19430368843799964,-0.1401539067992364,-0.30351946028659466,-0.02167897101738449,-0.21283642975635106,-0.5158635759961401,-0.07064020461579427,-0.2414168125014469,-0.44712372435340175,-0.05376758020389664,-0.20171834547478015,-0.3569782272569277,-0.0463412564844316,-0.16966788259570542,1,Bright_Up
0.0,0.0,0.0,-0.1477984309746021,-0.2478933341567477,-0.023010223859555822,-0.26405096934816696,-0.5491184203170005,-0.06464372989644619,-0.3020473308860149,-0.7933992579446034,-0.10563746147927547,-0.2615868083407195,-1.0,-0.14796090781687116,-0.17453717446769887,-0.5971791508679887,-0.15473087380190512,-0.47469509691844197,-0.571227563421034,-0.23883865815530145,-0.44170588996236854,-0.4509377215703915,-0.2588339129961942,-0.3511307794856608,-0.4354189342725871,-0.2645998017936186,-0.13624209130401932,-0.4072539529152026,-0.18939958578770683,-0.4732138867894162,-0.39195692607259663,-0.26925940300375695,-0.41307352739244557,-0.3048104474438248,-0.24966965633700608,-0.3098702350450293,-0.2970750310593296,-0.23605504396048022,-0.11889869266597472,-0.2065462376397202,-0.22457753685677703,-0.4284220176318276,-0.19701685402851962,-0.30482306638355006,-0.3633807053900657,-0.12719716539610557,-0.2541861834559939,-0.2585900011766404,-0.12514354194021216,-0.2138780188816652,-0.11620785878818204,-0.011043343174538344,-0.2589802912713423,-0.370557977844072,-0.00820958140842685,-0.31713509925088235,-0.3234685019449655,0.016083481115155666,-0.2886748466544955,-0.23116632665736114,0.012327822773161277,-0.261205790776241,1,Bright_Up
0.0,0.0,0.0,-0.07777690436260958,-0.2633877393836042,0.004654064757231346,-0.21411059237964827,-0.5620109202244352,-0.035513078337433994,-0.29148900451583193,-0.7927069227299519,-0.07940512488390496,-0.26685464655078567,-1.0,-0.12468373436921021,-0.22223021245562216,-0.5668853207812828,-0.13735928048582038,-0.5453714520367366,-0.5789226625033693,-0.2140696540047101,-0.4942863356346032,-0.49310573732096674,-0.236083931780325,-0.3910327098388896,-0.4731910449100987,-0.2408314167785929,-0.22426854854847905,-0.37801909935797373,-0.1757110266232107,-0.566126524133577,-0.39181927943579253,-0.24056969702798406,-0.4903953950466449,-0.3328161448121247,-0.22260279965572663,-0.37926367464386773,-0.3262989247157178,-0.21005354916579444,-0.2374778095375779,-0.17522325607576658,-0.2096590555001346,-0.5419429806474618,-0.20294065937444902,-0.2678370297660175,-0.45966041122314794,-0.15885680589758577,-0.21585874647648026,-0.3496086121931678,-0.153615901600441,-0.17741281718492108,-0.2630095809235547,0.02765714591783522,-0.24049795540865748,-0.49933729279706085,-0.016243951634400865,-0.28342698424069834,-0.42918455893457014,-0.004240582180528633,-0.24802411467511437,-0.3319901475462723,6.199319017204599e-05,-0.21749848185482842,1,Bright_Up
0.0,0.0,0.0,-0.07347274736907577,-0.27263981598838116,0.017471983890140905,-0.21251367102840743,-0.5640798826112747,-0.01239262573498915,-0.29799320556846187,-0.7930169391272275,-0.04977524593415598,-0.28148341942340027,-1.0,-0.08896120380645386,-0.2542674543244255,-0.5904001366921326,-0.09819575055271886,-0.5547241677160192,-0.6088257424587594,-0.16320898564503566,-0.5210724427160011,-0.5056234243073365,-0.18195918379780412,-0.42487898462528134,-0.47926347916812384,-0.18573499236395738,-0.2636415626369674,-0.4161084708221107,-0.13915224122665124,-0.5831023063651146,-0.42564908796482404,-0.19294794977617782,-0.5229122684819356,-0.34751506142554306,-0.17551073304387974,-0.4173640635705544,-0.34395085278901083,-0.16261148698037356,-0.27898191467245315,-0.2199421914256181,-0.17599440731291685,-0.571097939380621,-0.23654104043332955,-0.22334414579966622,-0.4955138213219881,-0.17959090619768617,-0.17236538305708185,-0.38796968861638664,-0.18098106131469854,-0.13575386074284146,-0.2999039427984084,-0.02065435550070875,-0.20920208859759057,-0.5307372154253974,-0.04602904272185789,-0.24407340607208725,-0.46410101083928923,-0.024607730124036976,-0.2078181805869427,-0.3683250349172405,-0.0291632471448455,-0.17650293387192234,1,Bright_Up
0.0,0.0,0.0,-0.07386790400081,-0.301465845693126,0.021385939071321754,-0.20985158513154545,-0.5866318066074773,0.00045200197099994353,-0.30578359925405574,-0.8071821230399127,-0.028218095971605087,-0.31381817438369786,-1.0,-0.06002209156087623,-0.34465068302772367,-0.567259599213166,-0.07919086223997075,-0.6026975493949547,-0.5906820736315715,-0.121774615463074,-0.55481453861128,-0.5149746216367644,-0.1334185322862004,-0.4636030898954344,-0.4999498614862711,-0.13541587360632315,-0.3726133702378756,-0.3782765883808132,-0.1155755875904414,-0.6379483320182114,-0.41596322656426077,-0.14417686391985435,-0.573274273733893,-0.3486362080874883,-0.12593275026655293,-0.47451259766666065,-0.3325439356980863,-0.11386461080944107,-0.3879258183652021,-0.17670126548635087,-0.14577793452315696,-0.63080602772027,-0.21984983758529023,-0.16939183583985276,-0.5630637844647519,-0.172057611586183,-0.12123247757145204,-0.46466062310976586,-0.159416864746248,-0.0887867287819564,-0.3927520153978783,0.028373044172030595,-0.17216758671277402,-0.5997834308275921,-0.031696302747055094,-0.18461783458200887,-0.5421350926272532,-0.014120563167468963,-0.13787313234880053,-0.4550152873788705,-0.0039477994790462385,-0.10010285898680873,1,Bright_Up
0.0,0.0,0.0,-0.08254338882085839,-0.3130538242614776,0.014236724163389875,-0.22374582363957393,-0.5768699267760071,-0.008531151956823543,-0.3230876578890879,-0.797250001996292,-0.03969600954986132,-0.33322459413033767,-1.0,-0.07265668506221555,-0.4001250383405505,-0.5242890029671946,-0.04045787753553687,-0.6338753383715048,-0.5392778683546373,-0.0718220001217262,-0.579040718251793,-0.4730573377355096,-0.08830117826707222,-0.4900279339974175,-0.45288210556674263,-0.09494868405279634,-0.434798048049106,-0.33292209716822446,-0.06823449447926538,-0.6587843661678755,-0.35978443803438975,-0.0814206567580821,-0.5880019558965066,-0.3099290400371639,-0.07263828541440845,-0.49702552482518353,-0.295850248972849,-0.06802680671155675,-0.45078059716845936,-0.1303456591451079,-0.09184972685705592,-0.6538842911542655,-0.1690133667019423,-0.09936627288896746,-0.5831953543230527,-0.13480279217848073,-0.062477122113959914,-0.4933901595483589,-0.12410712901730292,-0.04013443418537362,-0.45152133895301294,0.0650481200330492,-0.11313362037342808,-0.6219433832782122,0.012322758621985423,-0.11071055482740932,-0.5558867834661925,0.02675031365271188,-0.06471052523531522,-0.4745961266297376,0.03635741049448389,-0.028693831154861352,1,Bright_Up
0.0,0.0,0.0,-0.08545854046728152,-0.30873248961802857,0.009917523574393258,-0.2228074733898325,-0.5734806832410039,-0.019621717843165694,-0.3201082966143049,-0.7980390816606446,-0.05587571222576545,-0.323338771401075,-1.0,-0.09363550057794943,-0.39009822019466595,-0.515325347038954,-0.05781398931757313,-0.6234995142857919,-0.5514173529888399,-0.09370103861168055,-0.5649978860341548,-0.48163769431963344,-0.11174118517696136,-0.4721314117217822,-0.4506201117369013,-0.11868684459850425,-0.43005104299543984,-0.31990255839660897,-0.08345952197472409,-0.6535289196864993,-0.3680161041646485,-0.097525571185314,-0.5836154972255896,-0.32328671442630047,-0.08714362802971978,-0.4942696587506869,-0.30704131694187453,-0.08244139788628697,-0.4497525709355498,-0.11606826796938868,-0.10441979605243293,-0.6510507813525579,-0.17361023720779062,-0.10891127325057263,-0.5819279459042025,-0.14700799142463192,-0.0703225341587722,-0.4945853956194282,-0.13278149922276675,-0.04846291218520628,-0.45414640594119465,0.07895639798326753,-0.123476652114445,-0.6167033630616382,0.015820567303331014,-0.11656956860872009,-0.5521466033050294,0.020183620793456935,-0.06964086363460825,-0.4770492114952664,0.029808276425252068,-0.03446875252510663,1,Bright_Up
0.0,0.0,0.0,-0.08974364211197072,-0.2974779946317522,-0.0008627410041909711,-0.23665358644158876,-0.5662609618367868,-0.03425937178737611,-0.3379654213675144,-0.7966696712152446,-0.07217235254918802,-0.34139432839262096,-1.0,-0.11105669859012796,-0.39908619968175385,-0.5065664363784569,-0.07352846995986626,-0.6364866116044562,-0.5337585087272605,-0.11510734321784079,-0.5755117490557458,-0.46758468787641955,-0.13726866886824385,-0.4843820206360747,-0.43969639535865324,-0.14661754642880456,-0.4376656019127446,-0.30214389518391743,-0.09661156257757239,-0.6684346755768324,-0.3557846183451745,-0.1169696910388169,-0.5956390475127149,-0.3121653354973345,-0.11014888779635526,-0.5045944177121315,-0.2898066377830607,-0.10695193833222694,-0.456517555731653,-0.09001073831108061,-0.11557456300283855,-0.6676127363812708,-0.1591387293573443,-0.12620963527539378,-0.5949721012687182,-0.13459288366769148,-0.08875909459280754,-0.5035439603581131,-0.11453026016122898,-0.06614606547228702,-0.4604838321700919,0.11370015149823494,-0.1334531729997251,-0.637360517690074,0.03883061335453764,-0.13255019155258563,-0.5711601460700777,0.04110127144144807,-0.08699014959783176,-0.4935658636080181,0.05450033267886822,-0.052049468583084055,1,Bright_Up
0.0,0.0,0.0,-0.0864206146669825,-0.2950971004193768,-0.002695185448133488,-0.23736786409050434,-0.5641256891287927,-0.03580788164761909,-0.33556319495844145,-0.7976227782747192,-0.07261132110125043,-0.3340703575137658,-1.0,-0.10990423436211605,-0.38239699947278727,-0.5111961689952829,-0.08290742448013164,-0.6243675180582108,-0.5595966252121322,-0.13022370582518847,-0.5661186740901442,-0.4846498777255635,-0.1538581224834112,-0.4705773013104715,-0.4463324491279964,-0.16310693714945426,-0.42552935447642093,-0.3064284837142261,-0.1043952302528987,-0.6597227581211901,-0.3638942255106101,-0.12888675906025487,-0.5879413002180205,-0.3135589410203949,-0.12050372412665081,-0.49567482001064267,-0.2876975565914902,-0.11584185745577896,-0.45030902450879406,-0.09449768390990097,-0.12213775929936835,-0.6605083207681335,-0.1597837108037903,-0.13479751963565714,-0.5892381943600986,-0.13092994109845904,-0.09482547734500837,-0.49867906030423553,-0.10763170085273362,-0.07044819986759497,-0.46004982238723807,0.10911916998774907,-0.13910002410868935,-0.6289865011616799,0.036881182083892815,-0.13799820651087819,-0.5650866165579695,0.041751133663976474,-0.09198889886848545,-0.4906702133299155,0.057198668390788784,-0.05728769786577467,1,Bright_Up
0.0,0.0,0.0,-0.08386085573256603,-0.2994480258709327,-0.003735905250141146,-0.23471700046898306,-0.56452794793731,-0.04082462604034976,-0.33431162532152076,-0.7959761030292296,-0.081422295383896,-0.33085630069278044,-1.0,-0.12266495568754304,-0.3793081552924349,-0.5165029681837879,-0.09721237589079874,-0.631580272411208,-0.5669207641416217,-0.1476326365161615,-0.5677319600261561,-0.5026489188325106,-0.17026825449882135,-0.47131594865470927,-0.47213917545870665,-0.17896266858747364,-0.41771753406254075,-0.30696579097168614,-0.12092971834980729,-0.6634931774660878,-0.3748515908106055,-0.14912543133217196,-0.5872363084237602,-0.3309890863964834,-0.13924009546343374,-0.4933363187837186,-0.3034269182911193,-0.13418875240065128,-0.4406121510058628,-0.09293796167260972,-0.1402531991398822,-0.6568806276575243,-0.17179061298648637,-0.1562307614750837,-0.5839558777168434,-0.15023098251394973,-0.11315090736112192,-0.4932832936201594,-0.12627853583710136,-0.0869023791993016,-0.45233249451089297,0.1123318038469979,-0.1586058654924082,-0.6356186510442949,0.020050195669537377,-0.15934014147056097,-0.5699213645736209,0.021172858691281035,-0.11015447040703882,-0.49339157189532656,0.04169203742507132,-0.0737597206223143,1,Bright_Up
0.0,0.0,0.0,-0.08537937234824663,-0.30291061764263,0.005277686834428247,-0.24633050479640733,-0.5699837019584223,-0.02334630142339747,-0.34859097230218694,-0.7980034899067291,-0.05839767499289002,-0.34417411445831153,-1.0,-0.09466054762236645,-0.3985553203362357,-0.5153675474104715,-0.07767760354502161,-0.64778847090711,-0.5785426096353313,-0.12676912889556236,-0.5864639892999814,-0.5171255657811988,-0.15044768102715134,-0.4880716493795229,-0.4805315907420038,-0.15878860793397792,-0.436324038725564,-0.3047264320575392,-0.10401912640435357,-0.6762168170987715,-0.37605826549864035,-0.12985053274154587,-0.6029549057990912,-0.3372102447363526,-0.12174080385149565,-0.5111497648298892,-0.30807594533069965,-0.11748159800457324,-0.4566855186586003,-0.08930131004366812,-0.12638728194657345,-0.673056192812918,-0.17144122518756033,-0.1402794109446868,-0.602683419399984,-0.15411968431402073,-0.09962954729684849,-0.5136828259386875,-0.1271422181280282,-0.07475980983703999,-0.463697662471102,0.11813533574851413,-0.1471981344271531,-0.643900192210599,0.022158914763014074,-0.14495290481520592,-0.579368805194115,0.02041617580626589,-0.09574045895747721,-0.5042131323241539,0.042691789861555224,-0.05919147099721254,1,Bright_Up
0.0,0.0,0.0,-0.0896024086447249,-0.31104801669413334,0.01000818759367456,-0.2382941867138427,-0.5759831408909739,-0.020035923172676898,-0.3459498035210019,-0.7970764205896651,-0.055668886278786966,-0.3614638782268977,-1.0,-0.09217354703331371,-0.3981841268838378,-0.5217513395497568,-0.07136172689978872,-0.6344850038874585,-0.56490761362699,-0.11450553045106544,-0.5718896821761343,-0.511405039831093,-0.1373913930675795,-0.4762448203783559,-0.48062325700576186,-0.1453666749083218,-0.4438367548233444,-0.3096729269666767,-0.09736331511964863,-0.6676018944120636,-0.37619036963324504,-0.11094410866137781,-0.5988419234758617,-0.34031671817768583,-0.10156283157860391,-0.5134169970567639,-0.31353713093276186,-0.0993963467800585,-0.47050950277387277,-0.09257262878193552,-0.11831813838727251,-0.6703783997711401,-0.18083877840784443,-0.12042037152596965,-0.6042817328061132,-0.16095372608072225,-0.07959175985323926,-0.5204694873995447,-0.13365595728885307,-0.05804176548040127,-0.4827977766896404,0.11220056477839731,-0.13725999664070673,-0.6549415477174564,0.016827517941103688,-0.1266315846938359,-0.5929293447833466,0.017627386662594925,-0.0756999822448248,-0.523812438463199,0.03935327783832736,-0.03906653023102476,1,Bright_Up
0.0,0.0,0.0,-0.09270970894085759,-0.30905807424516046,0.012085876977031586,-0.24433627963864335,-0.5701951191504068,-0.017156480547042788,-0.3479217876731844,-0.793013367248886,-0.05292771259214845,-0.35003320416389966,-1.0,-0.09021556208899432,-0.4007156499403625,-0.5115254740395438,-0.06657333072584694,-0.6393230467230795,-0.5463227878064344,-0.10863979701197475,-0.575795952017004,-0.49541154204903814,-0.13203827839543464,-0.4790380434134964,-0.4701976108168658,-0.14102716827136047,-0.4397602800199767,-0.30292575808952016,-0.09419393415329666,-0.6692063608994699,-0.3655682028693164,-0.11005416981077702,-0.599823416681382,-0.3304333224638898,-0.10279352822833047,-0.5095704908691258,-0.30453645795529516,-0.100987577857993,-0.46254862812094766,-0.09012400915633258,-0.11656892968454703,-0.6681748109854324,-0.1733725355522887,-0.11992910440453247,-0.6018000665166611,-0.15223085398076217,-0.07994257023674364,-0.5160689736609189,-0.1251161062403245,-0.05820962569365569,-0.47333191055567414,0.11209465732544523,-0.13693567590398484,-0.6477433626880531,0.022002498166458485,-0.12727547150066854,-0.5838457680128527,0.025794164517152957,-0.07651023198110517,-0.5131855739012022,0.048291095975742,-0.0398259616006277,1,Bright_Up
0.0,0.0,0.0,-0.0868683170984311,-0.310030650375782,0.004755264265986401,-0.23374344830723154,-0.5727944238009265,-0.028262311330510673,-0.33912663923528014,-0.7951907163650613,-0.06540090591532667,-0.3489723289387132,-1.0,-0.10385561531626228,-0.40340670529453754,-0.5102985787462737,-0.07866774208189536,-0.6446430508320388,-0.5390890697820884,-0.12341083825750872,-0.5770536801444347,-0.4946576150088872,-0.14755748082111875,-0.48117722285202447,-0.4739697047627045,-0.15699489247385978,-0.4456502533204574,-0.29842107703181203,-0.10355708112631042,-0.676509732194091,-0.35866275489496297,-0.12071262494961241,-0.6040520776476187,-0.3288453363143973,-0.11316211202160929,-0.5129680217911575,-0.30259832787504726,-0.11110127963079251,-0.46730495374452424,-0.08057007599613722,-0.12335093323955935,-0.6726867451120349,-0.15737686491441688,-0.1287514191276155,-0.6046709458230116,-0.14003893402471623,-0.08848822876157794,-0.5188883815481938,-0.11566405648626331,-0.06635340663478825,-0.4739707981693748,0.12650605834767883,-0.14149730168611713,-0.6443093431162615,0.044051605295937074,-0.1346024705693378,-0.5797259660466614,0.043554323942282126,-0.08439126813690159,-0.510067432576171,0.06285557584918336,-0.04742172618245029,1,Bright_Up
0.0,0.0,0.0,-0.08700042726831661,-0.3087772493220296,-0.005365464311520135,-0.24038383083333115,-0.5715178728881145,-0.04144603906842354,-0.34897644233764025,-0.7917016509051157,-0.08131938652924778,-0.3461162889246262,-1.0,-0.12113874969108596,-0.41116240670504184,-0.47685074298187663,-0.07642635001579233,-0.6524578017703121,-0.527809289181689,-0.1239169807651613,-0.5860535497925512,-0.47946765175263356,-0.15020504504228385,-0.4861148763948731,-0.44981505511059405,-0.16023377324348423,-0.45175180009808746,-0.25945780791174583,-0.09621419336580404,-0.6832772708170476,-0.3343760610423417,-0.11896374997622396,-0.6084612286903217,-0.3101320934656023,-0.11679365792490613,-0.5146710077829512,-0.28127941856415034,-0.11598223470467169,-0.4719748832908258,-0.0422831130752001,-0.11235928917875002,-0.6868015764182983,-0.12510736542144713,-0.1215421925349558,-0.6148779302315583,-0.11722483525604076,-0.08605760544986449,-0.5235881501913934,-0.08946599356553217,-0.06463265875970245,-0.47507674598766975,0.15850974601662224,-0.12791416305344194,-0.6547996620456765,0.07464890739507579,-0.12236130625588379,-0.5953075937073116,0.0636985117551428,-0.07615975970030689,-0.5241590841894054,0.08175959094542108,-0.041237943167304135,1,Bright_Up
0.0,0.0,0.0,-0.0917131755407037,-0.29921103685185,-0.009307939470124267,-0.24423616437082707,-0.5709822253652371,-0.047910151885641905,-0.35069185062710895,-0.798341948956995,-0.08976868149140381,-0.3680280126738757,-1.0,-0.1300408566237369,-0.41255523793397675,-0.469533229082627,-0.08546723315913843,-0.6647711187915771,-0.5247551159761441,-0.14158467180117892,-0.595165954508179,-0.48711065072582616,-0.17099420277260294,-0.4952302535107145,-0.45888261392599083,-0.18090679043671204,-0.4499568942143071,-0.24788161900682942,-0.10573705794712326,-0.6981320088402828,-0.3235873309937793,-0.13876544828080298,-0.6253915764986593,-0.3000651843588526,-0.1402827276693759,-0.5278678074482813,-0.2707680798060184,-0.1397484427993407,-0.46898165209702175,-0.0320049668489394,-0.12326622075418973,-0.687391087339294,-0.11166999228633309,-0.13843941581700023,-0.6232193547744499,-0.0991317974614621,-0.10558070955498566,-0.5318631991686504,-0.07213861138501822,-0.08448952311111892,-0.4769237409403148,0.16086680810233833,-0.14071165513766634,-0.66270823857254,0.08081200454630469,-0.1375565772318439,-0.6021363647933634,0.08301410704621892,-0.09290666095335064,-0.5263649150998626,0.10307318244648297,-0.05883610939849894,1,Bright_Up
0.0,0.0,0.0,-0.09048080445024241,-0.2967743230539662,-0.02156769725749843,-0.2540487300100863,-0.5700131897794546,-0.0619021247301761,-0.37613673885860593,-0.7880272979717331,-0.10328322522871729,-0.3977728940108297,-1.0,-0.1418273418608307,-0.4384532592829163,-0.46907934978537286,-0.07974306068125664,-0.6912806716502742,-0.5045983793351702,-0.1373749314105919,-0.6262837931712668,-0.4501930200625387,-0.16897976760291367,-0.5185204982885765,-0.4256349498481642,-0.17973677929688914,-0.4696499746489191,-0.24161925743887322,-0.0930182083219822,-0.7197262083263415,-0.28941213459709825,-0.1278926770544462,-0.6457684895988395,-0.25629672132034925,-0.13029260005392113,-0.5451156767114687,-0.2375297040689838,-0.12893399694809796,-0.47954501576097447,-0.022322032705600875,-0.10598714552302439,-0.703285220410056,-0.07180671108969952,-0.12709198380162284,-0.6339802369829868,-0.05798586113381582,-0.09672264629483399,-0.5370504694009747,-0.044013897083633305,-0.07493615235383254,-0.47590384271864633,0.17507379780843965,-0.11970261736212351,-0.6601856763686426,0.12345998949869816,-0.12328385223943691,-0.5980622211155558,0.12247774788575594,-0.08256514458521483,-0.52069293255169,0.12795935527058896,-0.04908897812537148,1,Bright_Up
0.0,0.0,0.0,-0.09798562199905239,-0.29596030998599276,-0.02184561642418846,-0.2518978160323215,-0.5657899058820035,-0.06775414593229741,-0.3779869988746517,-0.7877771243368161,-0.11367398066897895,-0.4034648219533365,-1.0,-0.15515643585415295,-0.4425966613916433,-0.46963629336089485,-0.08672081823095522,-0.7068978317808986,-0.5035841511719417,-0.14447868965102242,-0.6373800127158511,-0.44628115349778147,-0.17588974697449325,-0.5313281944976271,-0.4134725927512449,-0.185341522694057,-0.47917475656074476,-0.23787168329341443,-0.0983113702433309,-0.7306264379013356,-0.29356652626435203,-0.13009247694534037,-0.6551223596948016,-0.25896172780789256,-0.13121040094090738,-0.55657991300486,-0.23595283166165937,-0.12992697627332608,-0.4995102192516906,-0.013208106647564392,-0.10849963801458777,-0.7155249023250749,-0.08435702834248926,-0.1229126303319819,-0.6465569335810509,-0.06798390765394347,-0.09015553368566388,-0.5513565599348099,-0.04588167959024902,-0.06848137866432007,-0.5106851845935719,0.1886648041349464,-0.11959169131632195,-0.6939871482611546,0.1017135351820963,-0.11580306174400382,-0.6270597451520256,0.10445041290519401,-0.0711371933989588,-0.5488723343845884,0.12041137083264528,-0.0355247285632817,1,Bright_Up
0.0,0.0,0.0,-0.11044209215583474,-0.2954358491478561,-0.021018925887192227,-0.27600407526849247,-0.5561111203196456,-0.06445963644117943,-0.408907145502389,-0.7789216795973413,-0.10880053958725129,-0.43857295668358337,-1.0,-0.14984198775620736,-0.485127245422305,-0.4281658998480289,-0.06914783145689991,-0.7254334400438498,-0.45920110841490264,-0.12041214842596097,-0.6580098621134223,-0.4181975224601834,-0.152865870241885,-0.554285332825325,-0.3939218828158225,-0.16524122295083277,-0.5127990178303214,-0.19246107117256156,-0.08096698710341056,-0.7447262533528212,-0.2501017795354221,-0.10418146298024154,-0.6720233090462651,-0.23393853083709892,-0.10690185172016661,-0.5774420219943703,-0.21686568075807078,-0.10914567041567654,-0.514640245388019,0.03323269288101819,-0.09226801367462434,-0.7260862368410357,-0.030923041047635547,-0.10283035100050072,-0.6609353000038373,-0.02845104148903971,-0.07534192224946788,-0.5683514576214537,-0.015414178564787074,-0.05891383318096464,-0.5031996125452332,0.2302379109412603,-0.104221226819931,-0.6833161259881925,0.16881892824616548,-0.09942304263950205,-0.6257753239177708,0.1617977864852671,-0.058066240400374974,-0.5525592245636877,0.16710712474912734,-0.02535553483659355,1,Bright_Up
0.0,0.0,0.0,-0.10505105217609743,-0.303854164931692,-0.024525657590496804,-0.27236588636347564,-0.565563104897728,-0.06893471255255476,-0.4124207225906136,-0.7789860933557449,-0.11392863519774447,-0.4400261563829537,-1.0,-0.1538596427181609,-0.4946752914586313,-0.4458015970817289,-0.06419614262267549,-0.729155035206391,-0.47585063573654607,-0.11811411421844986,-0.6505980443403624,-0.432995373578357,-0.1535838245269259,-0.5405751346891727,-0.4072560690269319,-0.16718742812539072,-0.5255053253930245,-0.21032889643747052,-0.07424907541624062,-0.7511595715044187,-0.26278312219689887,-0.10016747926312722,-0.6699198629938518,-0.2437362376105697,-0.10450233247229226,-0.5735998497787637,-0.22698008998215552,-0.10609743490405557,-0.530350553484487,0.01669317517817667,-0.08461115930467078,-0.7268624729600633,-0.045332178534197576,-0.09578795639808152,-0.6556611662360887,-0.04108906745786835,-0.06773116300544305,-0.5625374611926571,-0.027960680549658227,-0.049622818904809414,-0.5202076539362687,0.21689491517998827,-0.09633065171934255,-0.6893829133382723,0.15131275883445297,-0.08843807610277724,-0.6266958925763011,0.1437832159710911,-0.044843892988931024,-0.5535695910601024,0.1477205912382962,-0.010106082336251241,1,Bright_Up
0.0,0.0,0.0,-0.09551823747995186,-0.2949369789959321,-0.021054668946174093,-0.26881378827846725,-0.5555440663013084,-0.05878028096438627,-0.4082016408121778,-0.7783264507811348,-0.09686593271311188,-0.4280225111158535,-1.0,-0.12988113822164704,-0.4769111457744356,-0.43488254926506664,-0.0541569508174876,-0.7020385848269975,-0.4708930743997659,-0.09796708147964266,-0.6225471970008646,-0.43125111378541836,-0.12625681171806424,-0.5188330388906367,-0.408637914685687,-0.13675659061103304,-0.5086491350424943,-0.20686553832411872,-0.06268485512984473,-0.7275307954792962,-0.26623134615680777,-0.08260734804011928,-0.6462613111096933,-0.24810694980100367,-0.08305068963838211,-0.5524802488719142,-0.22950315820043077,-0.08202043812638403,-0.5157652613353104,0.01006312000721623,-0.07121096501013893,-0.7110661319029945,-0.06040798097379497,-0.07955278465500364,-0.6399431501921761,-0.056899089391042636,-0.05298526918301162,-0.5483284968461997,-0.040796997344515556,-0.03516459936071128,-0.5090671483353171,0.19488769742877823,-0.08066420499817055,-0.681910364749599,0.11670337116720311,-0.07226846301357544,-0.621677289337801,0.11011680171429451,-0.031524140156608586,-0.5490719004864355,0.11688971709300355,0.0010197058412097714,1,Bright_Up
0.0,0.0,0.0,-0.09293657346519896,-0.28913334543190355,-0.020820038203778295,-0.2625810117187689,-0.5508801270437759,-0.05730361617979588,-0.402101548016457,-0.7763527292748635,-0.09320893724194196,-0.4149294013272981,-1.0,-0.12295954209721831,-0.46987917395180756,-0.43349228452497657,-0.052258241872589165,-0.6896053214960688,-0.47241855545707767,-0.09101198390653752,-0.6129279960768994,-0.42295158828887697,-0.11581695488095431,-0.5127081126186477,-0.3902439238739212,-0.12436140075838115,-0.5084532534534754,-0.20821368418601155,-0.05732700131727358,-0.7152335646562388,-0.26750817642176145,-0.06983616518779369,-0.6381262712836334,-0.24286817846064881,-0.06651401323663558,-0.5482471500616719,-0.2235692744944416,-0.06471761448738753,-0.5261203883904698,0.007097217577845731,-0.06219270622633437,-0.7020910899303131,-0.0727430197767682,-0.06478679494693693,-0.6341104540874639,-0.0608251957265975,-0.03988071723896273,-0.5429038589898455,-0.03691946087247682,-0.023499203578746825,-0.5330739171376834,0.18902155815816404,-0.06816741660765464,-0.6957733952440315,0.09451165790985042,-0.054952373117615534,-0.6517999992090523,0.07974356597009075,-0.018245491452508058,-0.5911771542668772,0.08444706824252741,0.011156923913617235,1,Bright_Up
0.0,0.0,0.0,-0.08733414880585375,-0.3030529004132331,-0.028627129066419215,-0.241433730495383,-0.5673335483496394,-0.0702079130409272,-0.3754959558611701,-0.7842207612592714,-0.10911281225589693,-0.4038728101284601,-1.0,-0.1418352131248807,-0.4509936115432409,-0.4451122312268579,-0.06808764861502184,-0.6657944598642483,-0.49205510333696917,-0.11243702450480633,-0.5898689791295106,-0.44905691949626136,-0.13960895824313854,-0.4884313942350464,-0.4143273709355792,-0.1490418604621554,-0.48841417527007835,-0.21466177206549653,-0.07098791283783172,-0.6911354781541005,-0.2792130226590541,-0.0891961266594066,-0.6189226711736203,-0.26274727703040845,-0.09024195112662864,-0.5308330954687852,-0.2406683695781508,-0.0913436613451351,-0.4995129019717702,0.0016976133410774525,-0.07373640043874202,-0.6782327337380674,-0.07741580422831552,-0.07958454318572766,-0.616791934636809,-0.07436650213724884,-0.05675510685737612,-0.5292871414730029,-0.05411832387062906,-0.04243729948395042,-0.4970461748621213,0.18239630154292963,-0.07782324174986466,-0.6531868661682438,0.09584870622657642,-0.0693527734337536,-0.6042600602354715,0.07842377594682784,-0.03407145224685476,-0.5388805332757601,0.0807423758065595,-0.005074662638709838,1,Bright_Up
0.0,0.0,0.0,-0.08018319422243046,-0.31071793147792715,-0.024889903133982077,-0.23111308153843524,-0.5672816679107242,-0.06177668821366385,-0.3691241294702244,-0.7824919253144733,-0.09761761099166248,-0.396074666241218,-1.0,-0.12675554626750796,-0.44927927213213337,-0.44751377704181394,-0.050930202378386996,-0.6668204388929627,-0.4880905784889238,-0.0906430863012487,-0.5846149024791881,-0.4463531437252385,-0.11623030764296362,-0.4858909416689714,-0.4166119149879926,-0.12537467806732674,-0.490111824916185,-0.22212211808567384,-0.05464766421182823,-0.693710160757357,-0.289288073309247,-0.07145246312706562,-0.6109119255511584,-0.26975958497716207,-0.0713219028365917,-0.5225514822839055,-0.2483961301119038,-0.07042269828461238,-0.5057724851885569,-0.011936815613147942,-0.05893013282476184,-0.6817207484682314,-0.09660738290774587,-0.06245289107772818,-0.6123734556848898,-0.08800322417623743,-0.036649307693587915,-0.5284046157089616,-0.06690078031551869,-0.02063116637409949,-0.5070122326719155,0.16106154117903337,-0.06482077562407966,-0.6626576311421412,0.06911005985940032,-0.05130225537567432,-0.6021032972417865,0.06802218527792742,-0.01104587589197206,-0.5338551654099714,0.0794562643298548,0.02026670250994807,1,Bright_Up
0.0,0.0,0.0,-0.07209469391217446,-0.3060014517859928,-0.02975330158745761,-0.22939124395438937,-0.5656065006081508,-0.0667038555668578,-0.37071417179055227,-0.7809360529358461,-0.1009491720548788,-0.3927231325706818,-1.0,-0.1282635261912539,-0.4554616268574223,-0.44967657336091993,-0.0525517103498211,-0.6739183067739557,-0.48200222760346184,-0.09166413137085166,-0.5968137141200989,-0.42810412035950923,-0.11619537564113482,-0.4958092160576544,-0.39693070527374735,-0.12437593401322589,-0.49758087212310226,-0.2242642656971599,-0.05263587850980385,-0.7031935978270042,-0.27420066722069575,-0.06906081946748778,-0.6248801039489374,-0.24333033344687838,-0.06871413017796604,-0.5369973478176158,-0.22526805686441617,-0.06695517613543127,-0.51495878580148,-0.012474932833911883,-0.05370023899719041,-0.6899365517387633,-0.08288147267474559,-0.05993970391177317,-0.6210710434082245,-0.06653805592336196,-0.038053497137861665,-0.5352996948421834,-0.048975024067572114,-0.02299861777173458,-0.5181614628135577,0.16297910373642707,-0.056377683910173816,-0.6687184299504423,0.06840624736294959,-0.04587079836445736,-0.6112120645801772,0.06806649586311682,-0.01020319529637761,-0.544242802592008,0.07448422055306596,0.019121713033675287,1,Bright_Up
0.0,0.0,0.0,-0.06955317774758928,-0.300288260307945,-0.024066875153031724,-0.21779549497828765,-0.5685764555288902,-0.056544593677417654,-0.35096620816491375,-0.786871993898511,-0.08764243716988591,-0.3749776784969242,-1.0,-0.11300486041103493,-0.4434147810907246,-0.47527132099906877,-0.03555225657640931,-0.6338827065510899,-0.5111138137977763,-0.06415422485317258,-0.5560417841848604,-0.45902335288168516,-0.08684646436540393,-0.46476248251829944,-0.4309289249964119,-0.09724113331247985,-0.4890824902619835,-0.2607666831331213,-0.03808589059638267,-0.6714845301553076,-0.3193725196012003,-0.04617632394958979,-0.5913894488966919,-0.2872020183645473,-0.045678415573518774,-0.5038213578817019,-0.2664119372895103,-0.045916556153719305,-0.5083968487878798,-0.05269460178438513,-0.04101916035863154,-0.6697095534364267,-0.13641588423192333,-0.041728317901296906,-0.5991667195150852,-0.11342598773694171,-0.01843017898530002,-0.5130816524754755,-0.0892785022646938,-0.004656691926869419,-0.5106799004669575,0.1243587261639725,-0.04557312509566337,-0.6472505749351634,0.02024163965834332,-0.035295044279722736,-0.5870129740085915,0.03086145981795667,0.000878534992135755,-0.5186198885844078,0.048187118448325926,0.030143173502629676,1,Bright_Up
0.0,0.0,0.0,-0.0699105355277103,-0.30705246708976547,-0.022840083544108877,-0.21087920169906615,-0.5650358099707566,-0.05872151027219325,-0.34218159395020376,-0.7839750693560209,-0.09181379260644132,-0.3718627188560822,-1.0,-0.11986481910473566,-0.4517734878636344,-0.4763931033390119,-0.05178914263337489,-0.6385645534239401,-0.5053910912430883,-0.07884058681564093,-0.5596976686203926,-0.463852317329124,-0.09806836839441495,-0.468463752671468,-0.4411530735536549,-0.10708853375651299,-0.49926724853178706,-0.2544219414349171,-0.05428112301773274,-0.6665819259918933,-0.3150693726980347,-0.05886094021239739,-0.5839041081612045,-0.2971641788555652,-0.05494877829954708,-0.4998991033540213,-0.27672968954685734,-0.05549334527574131,-0.5146623256093198,-0.03795652605343186,-0.05526947432797158,-0.6655399179651899,-0.12174326890123552,-0.051267285219931284,-0.5933944383433938,-0.11486541137897364,-0.02341618886530209,-0.5074492577425668,-0.09336108408026036,-0.009638690946295414,-0.5097497638101242,0.14769622104537264,-0.05758755652871922,-0.6301585494898049,0.06522447002160522,-0.04551540443036083,-0.5689829743163836,0.06195387605722591,-0.007810430268709812,-0.5050041817907404,0.07220864425760498,0.021710485870490452,1,Bright_Up
0.0,0.0,0.0,-0.08520333382914042,-0.31881370633624745,-0.011450942830807397,-0.22852347535142417,-0.5745037193887869,-0.04197720489704235,-0.3589855703424913,-0.788963125322762,-0.07152664251288154,-0.3936717328123459,-1.0,-0.0957445033504167,-0.469147289801471,-0.4749118828246297,-0.03969389835957521,-0.6571061550828862,-0.5036147261390054,-0.05725104121447978,-0.5768235325085109,-0.46631868251243835,-0.07181003856720418,-0.48728244374957175,-0.4454097594889956,-0.07935707591443014,-0.5144905540393515,-0.2555527608377023,-0.04517875447350332,-0.6786150603909745,-0.3176858148478067,-0.039042642345128845,-0.600222946063431,-0.3110467351103282,-0.03378496985231108,-0.5177296645280112,-0.30009100009860434,-0.036646395200894105,-0.5272904198371858,-0.039002817744100034,-0.047703541737793016,-0.6759456406022551,-0.12212167273055448,-0.03192482173795178,-0.6148983832232252,-0.13403357728156215,-0.004519964667749677,-0.5322841442564649,-0.12629731545530967,0.005312438506113782,-0.5206038136478421,0.152385681648397,-0.05101167329957698,-0.6446393922630697,0.0696131952649866,-0.030925538917333115,-0.6008877941208421,0.04098263393894219,0.0060299859236726235,-0.5455130015659705,0.029732130471913643,0.032951680385174945,1,Bright_Up
0.0,0.0,0.0,-0.0898632000901591,-0.3317369380435266,-0.009098500179486355,-0.22681882050788943,-0.5839417522506175,-0.042333150900810954,-0.35382157801192954,-0.7915920424244116,-0.07565662954333731,-0.39407286551920584,-1.0,-0.10504674243867519,-0.4747686829428679,-0.48367117152047345,-0.04878180531224875,-0.6604372096581915,-0.5083805583040988,-0.06837332159310265,-0.5779695382137122,-0.47615301821069317,-0.08387677286737556,-0.4896701644680044,-0.45729652939114684,-0.09280272530224026,-0.5215740829774013,-0.25885797768561974,-0.05879799996184309,-0.6841018053535075,-0.3167488127843967,-0.04990047750219498,-0.6055110791280621,-0.3104924734718186,-0.04238075713502406,-0.5248819504972709,-0.29514577963334604,-0.04581165319976492,-0.5305778971627796,-0.03719725097422504,-0.06501971538370398,-0.6795723438991128,-0.11259384250485174,-0.04962909870364786,-0.6152562245458183,-0.12161864556612581,-0.018754084228561035,-0.53215795628317,-0.109175447357728,-0.007748229831391536,-0.517702514219188,0.1598647199742757,-0.07146505151072907,-0.6493407114918748,0.09049224600616845,-0.05236142643202079,-0.5978643043324969,0.06573178284474746,-0.008940530293612076,-0.5348567328281528,0.06625826243125627,0.022724296453815237,1,Bright_Up
0.0,0.0,0.0,-0.07854587378680455,-0.31484393774184216,-0.02222997477003417,-0.2091580010822104,-0.5769423796531369,-0.06569320102189166,-0.33856571975982125,-0.7903213282089091,-0.10797394102820183,-0.37253039016790607,-1.0,-0.14710300636706283,-0.4749138073371249,-0.4588719182751332,-0.05082345005391005,-0.6389373413262145,-0.5028518368968353,-0.07380699474964873,-0.5507245251434092,-0.485519305685201,-0.09451638866687434,-0.46401936535390076,-0.467116824775098,-0.10630409867208923,-0.5225405665420435,-0.23211410290153356,-0.05646489764415283,-0.6756749715143262,-0.3134883139260206,-0.04681975629063785,-0.5977915837707676,-0.3217201423548048,-0.042472031987412964,-0.5187776580770985,-0.3013780200127184,-0.04815424318477577,-0.5258937635582817,-0.012369607543431457,-0.06014066579692432,-0.67414320242729,-0.10437486002376939,-0.04324249194011122,-0.6107985429393946,-0.12680191299486196,-0.01815209583956292,-0.5287647066997324,-0.11705486741287961,-0.011346549848482162,-0.5034828538313026,0.18195929123393237,-0.06509754852013838,-0.6389395891196987,0.09641521895143294,-0.042564558702438526,-0.593672093521287,0.060339972634136055,-0.001896337928172776,-0.5349976336864958,0.05655223626843395,0.026692595870962968,1,Bright_Up
0.0,0.0,0.0,-0.081162222218602,-0.32464990706001756,-0.024815723358435415,-0.21724374711853472,-0.5886739883715058,-0.06675522452588703,-0.34932492257716624,-0.7958185560661869,-0.1068732839109518,-0.38408659383517124,-1.0,-0.14222200280945418,-0.48284998704867904,-0.4750000814548488,-0.05427168349626516,-0.6488293105498691,-0.5138314405941643,-0.08076996398440778,-0.5608127646264399,-0.48837557853306335,-0.1020340513459549,-0.4760221361696998,-0.46513325198709105,-0.11362827088224874,-0.5336516453064901,-0.24843117961282882,-0.059137847070634256,-0.6842398714968306,-0.3296929803840433,-0.05522201976224457,-0.6063050940233319,-0.326472052026841,-0.051673537912624884,-0.5252123120633002,-0.30185517490799674,-0.05600368085468442,-0.5443831179938649,-0.02586456176476817,-0.06229706701623871,-0.6772929947200967,-0.12010252721813772,-0.04729182386944241,-0.6108734892161926,-0.12895646564153024,-0.01965889324718438,-0.528064657229851,-0.11088387470940983,-0.01008617464731585,-0.531809136627476,0.16859096958964676,-0.0677347954461802,-0.6496005861490917,0.07685264980768511,-0.043626152037995296,-0.5952304927855441,0.05275728735804456,-7.727272137712235e-05,-0.5331669889563516,0.057403675568595575,0.031204651604706268,1,Bright_Up
0.0,0.0,0.0,-0.07743178168851247,-0.32564479990718653,-0.02243383586554663,-0.21052828756710246,-0.5926807466006659,-0.05859788627416362,-0.3484455353251171,-0.8024504934341713,-0.09240094938088543,-0.3920786473401928,-1.0,-0.12201088325329429,-0.49942152708792065,-0.4886877527294173,-0.03872845206176093,-0.6335523151404409,-0.5175620508878914,-0.05274299125430782,-0.5428835343889256,-0.4828208450055148,-0.07222972784429058,-0.46494085557593906,-0.45488535682030035,-0.08593847337985738,-0.5555988604567036,-0.2622782486934005,-0.04149424105389676,-0.6755456820380938,-0.3344002452467332,-0.027791217052507786,-0.5915883552919395,-0.3272700429181783,-0.02746753494653606,-0.5101449284119629,-0.300510031026451,-0.03635014752014432,-0.5679901047293786,-0.038854768655147164,-0.041816025423284754,-0.6777352986910238,-0.1264712588392353,-0.02062446677213373,-0.6119567651923664,-0.1395616254927695,-0.0014147867413479723,-0.5280147462252226,-0.12282881310732606,0.0008069572366995397,-0.5563491430463609,0.15984362700904528,-0.04387029537717611,-0.6618651602200776,0.08048366941964986,-0.02044570502139916,-0.6114247191626806,0.04825636340345102,0.016335945347518317,-0.549939010585732,0.04397381080713085,0.04329910002698551,1,Bright_Up
0.0,0.0,0.0,-0.09032717661337983,-0.3323576701511202,-0.025232644956900634,-0.22258878437169266,-0.5975392408197998,-0.06592705208421223,-0.3548967238232509,-0.8052258103544658,-0.10425585576954437,-0.4025731489426359,-1.0,-0.1384497138966393,-0.5323242465890061,-0.47319468759591315,-0.052761381102156356,-0.6640715523201152,-0.4944040823684438,-0.06759746516059417,-0.5696180225026357,-0.4669306022047816,-0.08439087042067785,-0.48602947707299426,-0.43893310856729656,-0.09605116285459095,-0.5812880453508371,-0.23869481394588013,-0.05713422232850165,-0.6951020521298316,-0.30922136251191423,-0.046048479561657904,-0.6072873076855377,-0.3079606953476708,-0.04644034212303981,-0.522817144992505,-0.2843011835218602,-0.05674427866298491,-0.5822912580187718,-0.00797249070887693,-0.05803539525881535,-0.6979349620373482,-0.09400538702036834,-0.040799433180193495,-0.6305298342721403,-0.11337405801496817,-0.02125388867050926,-0.5429386554218906,-0.10124041475160649,-0.019172484138379447,-0.5588199054712065,0.19780517259971986,-0.06044525659554337,-0.6742855663017658,0.12240772658878761,-0.043497868635794884,-0.6296227244613738,0.07654218278116004,-0.007946443054863231,-0.5718728990145108,0.060358461634019686,0.018824748883331098,1,Bright_Up
0.0,0.0,0.0,-0.0818149016777918,-0.3355695375974481,-0.02190651401772893,-0.20937483535799756,-0.600739951050436,-0.0604465952775376,-0.3462189814467422,-0.8042656048687733,-0.09773422330914568,-0.3898501099209878,-1.0,-0.1291335174340006,-0.5184232405058441,-0.4867468177195506,-0.029879254652991617,-0.6310508430468789,-0.5345201394088693,-0.04241540230354027,-0.5369221165497742,-0.49469593316293053,-0.06155950037669001,-0.4553650542260908,-0.45267230933059155,-0.07477830740269267,-0.5756221671597279,-0.2515414482748711,-0.0333262657221229,-0.6793696785709153,-0.33763724158190433,-0.017320766517094313,-0.5961013372522787,-0.3252036771244606,-0.01654113674407277,-0.5138169564099822,-0.29368920219873906,-0.025988400862972633,-0.584518323357691,-0.022490496664053682,-0.03455331949140697,-0.6902602980080114,-0.1271756692248375,-0.013578414824115525,-0.6217055634228933,-0.13342827356196685,0.008222362035431077,-0.53343789264623,-0.1119563620862796,0.01231792851068728,-0.5673781928574507,0.1775956360489751,-0.037406294108399775,-0.6628473048203986,0.08554499097163129,-0.012527019727613359,-0.6084889017320738,0.05737664023347633,0.027350791833927225,-0.5442669459527204,0.05595692725737157,0.05669395680601193,1,Bright_Up
0.0,0.0,0.0,-0.06461643518236249,-0.3392693345380311,-0.023091231942794894,-0.18320067915224425,-0.6047894479004018,-0.05991718869184129,-0.31653830944745137,-0.8030895930099656,-0.09424818414886867,-0.35616442731079284,-1.0,-0.1225215521211343,-0.4940420300938306,-0.48934150220625766,-0.03255703096914592,-0.6028858163675923,-0.5415567505754929,-0.03917877684314312,-0.5114692106229414,-0.5074158400337873,-0.05206270651542623,-0.43540727553067965,-0.46331062330916,-0.062228795705257293,-0.5571498832561913,-0.26287032020688905,-0.03342270486825751,-0.6482321195577381,-0.35661512441543414,-0.014481946133182438,-0.5643170995275084,-0.3465790086444421,-0.010871783662295806,-0.4874699043306601,-0.307274969364791,-0.01829545140692891,-0.5723588056071869,-0.044841506948400264,-0.03141332476501042,-0.6648880728532466,-0.16339603994316396,-0.007612526134967031,-0.5950399898111679,-0.16365405121243037,0.016049227611470797,-0.5138263458345891,-0.12820701910657648,0.021002561903878277,-0.5624422111856111,0.14286488513078927,-0.03113314821310554,-0.6453665105243629,0.03636778199925248,-0.00536490666938618,-0.5872615210354671,0.020386374295186957,0.03421151131653972,-0.5273115477366334,0.03841445203767932,0.0634107886817511,1,Bright_Up
0.0,0.0,0.0,-0.059090022256599074,-0.3283934840962868,-0.018329544445650808,-0.17938439744904422,-0.59711801545479,-0.05115379053456439,-0.3138883212495504,-0.7989471805687962,-0.08142795494120457,-0.34974169584743825,-1.0,-0.10462381925454642,-0.4679948810746784,-0.474383643850031,-0.028751649758570082,-0.5882498656929366,-0.5480514148705891,-0.03449501045879764,-0.4925340991995207,-0.5211424745972406,-0.04160210797450995,-0.4123496847367073,-0.47865761361545367,-0.045944291742634466,-0.5361331771272065,-0.25863703065344895,-0.028314238699435213,-0.6292877241032403,-0.3749475948170881,-0.00712287696682324,-0.5438150788227581,-0.3711050720449903,0.002641914031968228,-0.4710727088971841,-0.3293684470404826,0.00023756665637101235,-0.5573842994349394,-0.05187313276195425,-0.02510223962317192,-0.6469048347768839,-0.19028236384130223,0.003378450875793848,-0.5741729135247444,-0.19147721125830694,0.03010756257326869,-0.4967853222953424,-0.15313538799253243,0.036142260953354446,-0.5525139230885169,0.12140415376378785,-0.023462238552876387,-0.6257375792550374,-0.0015201432855252584,0.007806732175349918,-0.566329843353118,-0.01298464969666484,0.0479008963658505,-0.5092933090578903,0.011659425027069462,0.07591519128381917,1,Bright_Up
0.0,0.0,0.0,-0.06555340337156694,-0.33329986445102666,-0.032986414254087236,-0.19549100597345992,-0.6002978730525295,-0.07487521453625566,-0.33236705727794635,-0.7939596758814591,-0.11316167350460127,-0.3739411098465268,-1.0,-0.14476483802420234,-0.4996521626874556,-0.4638958110015894,-0.04100944093706171,-0.6269481142215717,-0.5164138202945372,-0.06442175738460834,-0.5298487261688226,-0.5024769731331306,-0.08605481540880046,-0.44176488036621575,-0.4715760000161828,-0.09819407211825396,-0.5539045772742244,-0.2354318874224492,-0.039161173057460676,-0.6628147109345964,-0.3283164949915289,-0.03458647278785228,-0.5717879941234527,-0.3322220561037771,-0.03265741468127522,-0.4888248873137673,-0.30065740608438535,-0.038042404981735674,-0.5620820182545169,-0.01728299981224325,-0.03738937674668776,-0.6745235787356376,-0.1253177934738254,-0.02667873962329774,-0.5983029805510853,-0.13798208752774746,-0.0019060489121010002,-0.5120248912858983,-0.11333372686854287,0.0068807806290079815,-0.54445274423687,0.16709486607573862,-0.038426917844912124,-0.637932895626555,0.07400521562879112,-0.021967391033303134,-0.5776376007813329,0.05083279590031937,0.01571623440337843,-0.5171958336022797,0.06072524125639242,0.044547007160333475,1,Bright_Up
0.0,0.0,0.0,-0.05729546440962792,-0.3311621143434119,-0.02025515687932344,-0.19278357934089244,-0.5982825387792378,-0.051468640154899936,-0.32808883770140945,-0.798248018517878,-0.08051241131615909,-0.3522756169975264,-1.0,-0.10581768249575606,-0.4861175882469808,-0.48828405621066606,-0.0345163955296577,-0.5976899061956221,-0.519007088820841,-0.05067835474047516,-0.5083895011822234,-0.47933816350471387,-0.07148890342664549,-0.4294970592596082,-0.44126784263836305,-0.08535752923691997,-0.5461125336185804,-0.25647424373077465,-0.03662486802025979,-0.6519343426714754,-0.332851277988397,-0.026204569280944605,-0.5667326537859393,-0.3203226479856315,-0.0265629141673832,-0.483283050673345,-0.2853671462711773,-0.034525178772139245,-0.5622718746952753,-0.03259487900787448,-0.03646396412390262,-0.6674412577611925,-0.1197764421986382,-0.02019525755559726,-0.5998902686757482,-0.13108573869969858,-0.002888648205282138,-0.5143567611651579,-0.1109913311732387,0.0001114159820340115,-0.5518268883634563,0.16489873448304693,-0.03757823548826815,-0.6475699456801265,0.08175913583236155,-0.01734560324490135,-0.5968470625534599,0.05260063933748909,0.0167025683371365,-0.5375905830951881,0.052610894601437856,0.04226562931311085,1,Bright_Up
0.0,0.0,0.0,-0.05622441371072508,-0.3394916447783332,-0.01062892757789865,-0.18776781109869686,-0.6036130037923438,-0.03562578921554315,-0.32464679265033264,-0.8022538494111623,-0.06216004173494353,-0.3534589304233408,-1.0,-0.08514103201395001,-0.4805728855602505,-0.5037602591641068,-0.008825050709884381,-0.6070637793562407,-0.5165969771540276,-0.017907965379056107,-0.5211753959869402,-0.47774157852010024,-0.03593451821970447,-0.44065267618089216,-0.44572005236489254,-0.04814012758489211,-0.5401896706673383,-0.281623558987875,-0.014810287239243046,-0.6564956797626802,-0.33748685279576324,0.0013179475456044398,-0.5745028293017469,-0.3171404784830357,0.0014549281064895729,-0.48947797536229803,-0.28518830205465695,-0.006053423339585918,-0.5600261156031537,-0.05801497352511513,-0.01888735402403263,-0.6763131579659776,-0.13519085880362197,-0.001662927318066948,-0.6049563831995189,-0.13461032639156492,0.015223332651896265,-0.5147497678037459,-0.11293343997037514,0.0186701002402403,-0.5552724007137507,0.14462342429900796,-0.023531867898740566,-0.6584705594534372,0.06701823914526378,-0.0059679405320098525,-0.5947038198497968,0.05207178548976448,0.028090105236345014,-0.5207896276872184,0.060315546270304846,0.054929023952115075,1,Bright_Up
0.0,0.0,0.0,-0.0524077951602805,-0.3381884826049636,-0.011321527519966224,-0.19372569560788847,-0.5994392552059624,-0.03381906527145369,-0.33458095323277615,-0.8005182600825265,-0.054210921134977975,-0.36618709225690266,-1.0,-0.07198144808390154,-0.49134019407470103,-0.529022264258243,-0.025544464771248776,-0.6138405878842814,-0.5169812026010121,-0.027652782659514985,-0.5310119204157561,-0.4677356483106904,-0.03578134457122021,-0.45106832529472307,-0.4339965131165289,-0.042043899858914796,-0.5561362207362771,-0.29679358904702086,-0.029234450631649287,-0.6797409917727172,-0.3362539764755511,-0.009243891267274635,-0.5924901847968143,-0.3032328762917288,-0.002191682131630764,-0.5012504288519583,-0.2634375838514043,-0.004488487404077743,-0.575860657488456,-0.06208241166317133,-0.028970253525115116,-0.6982823310990758,-0.11844490603970402,-0.00873260498297816,-0.6196895779295761,-0.10912346664566348,0.013225181070455793,-0.5256797220104846,-0.08196795991952935,0.019469916631077104,-0.5647758355771579,0.15289339908395888,-0.028616221215375204,-0.6648946626119854,0.09693973244977593,-0.009663819021780751,-0.5961061410265481,0.0903364135027293,0.027402628413442577,-0.5241288464850159,0.10266165215800975,0.056066253227884846,1,Bright_Up
0.0,0.0,0.0,-0.05662628125160424,-0.34409325220357123,0.00129116837778932,-0.18768086938339237,-0.6083902442281856,-0.017375642984427536,-0.316695889018225,-0.8074457522275695,-0.03919331559628807,-0.3480875810779396,-1.0,-0.060492111045531115,-0.48631338019204534,-0.5458474280226561,-0.010112120482103868,-0.6227956879745676,-0.527280626812137,-0.015000975205210784,-0.5474738908270753,-0.4734029299702796,-0.027902926877103527,-0.4656333876878811,-0.44040722922441056,-0.03699176599084199,-0.5498637936524963,-0.3185818680073473,-0.022727325655566104,-0.6777564830006048,-0.33562212306609734,-0.004562604260359851,-0.5970208643833861,-0.2985970349712458,-0.001831192373157989,-0.506163738936234,-0.264032050123602,-0.007246898822811307,-0.5668910269921039,-0.08262431046449557,-0.03138194834499351,-0.69580112162077,-0.11917494053623606,-0.013350842713392139,-0.6201997748745094,-0.10729996740396587,0.007669891948420877,-0.5256908084609455,-0.0859470191323278,0.013692547261637046,-0.5523206414699183,0.13998982469510604,-0.03912152919588773,-0.6540454766846536,0.10101231345448262,-0.02298736876079537,-0.5849553233998206,0.09216021555953534,0.014498215267481795,-0.509121088215052,0.09820863715605654,0.04442439135409626,1,Bright_Up
0.0,0.0,0.0,-0.060379392341438166,-0.33030566780610837,0.01571898436652073,-0.2029531229672887,-0.5968824004902301,0.010492957858990978,-0.3228799425184774,-0.8059358702274071,-0.0028509616325877807,-0.34752860473965946,-1.0,-0.01805075161062374,-0.47504770501870275,-0.5482069588178478,0.02907133954652485,-0.6328159855542593,-0.49253472693109707,0.025416385066264716,-0.5674956379690533,-0.42661547814079626,0.007318490268966179,-0.4811960450919417,-0.4080879516669268,-0.004759633761625939,-0.5342871955003557,-0.3395120989412401,0.01148100844511021,-0.6814075404544568,-0.3073655184600435,0.026347909910148428,-0.6050896613979061,-0.2500965956587743,0.022220851253236557,-0.5086175995909769,-0.22833313491770243,0.01611355494542391,-0.5566994185095635,-0.11530866190609912,-0.003596073083737176,-0.6919101156078283,-0.10540953554663399,0.013347967485871061,-0.617088149649454,-0.0686245768915249,0.031066647429656365,-0.5243829531034776,-0.06000965712966914,0.03780841231476722,-0.5509894335149824,0.10162464234432102,-0.017570538159392,-0.6581951854352425,0.09329378446930207,-0.0002866912404978711,-0.5844984228799588,0.11072306824517805,0.035524307164931476,-0.5052722795714677,0.11029981765793004,0.06531251620914362,1,Bright_Up
0.0,0.0,0.0,-0.07898535271778254,-0.3386422596593497,0.02206574451199779,-0.22076513971422293,-0.6039496666134968,0.017223553285450246,-0.33863371013918536,-0.8066224746040574,0.004154579601504347,-0.3653578002687155,-1.0,-0.01299519646773325,-0.4906051765634691,-0.5400314996892454,0.003376539551928529,-0.640673764071187,-0.44615369708528946,0.00967613993666915,-0.5668255330361195,-0.38193963533935205,0.006922219900249822,-0.4834650244422639,-0.37412016277309307,0.0018317702325879915,-0.5485751573254202,-0.3296913191673484,-0.01876573454236991,-0.6839074254699651,-0.2727980894020881,0.00743637048587974,-0.6016621407135397,-0.21616362511380022,0.01818080947084488,-0.5099052705023397,-0.20612192869683899,0.015939471335775324,-0.5607926659121919,-0.10410254017643442,-0.03505568365114757,-0.6922467495742135,-0.07823788038341911,-0.012079143371630375,-0.6056855449028534,-0.03759004171433024,0.016531302963397963,-0.5129673829291812,-0.03439447534892424,0.024905536336067232,-0.5417210477217117,0.1159238395715925,-0.049554089715248946,-0.64532889637664,0.11955453580135995,-0.0327761678373444,-0.5668182048759787,0.1324687081455187,0.007259047458097301,-0.491878485099937,0.1284357773480219,0.03736072158340607,1,Bright_Up
0.0,0.0,0.0,-0.0696966269913482,-0.30852821902853644,0.004847106230092228,-0.22873579530535193,-0.5870305700002028,-0.0021590453451817335,-0.34808002284329115,-0.8042006057184926,-0.016896810899408372,-0.38514134123566607,-1.0,-0.035436507753562475,-0.49215519075442704,-0.5468647753861096,0.021372480042586715,-0.6287163195595354,-0.4565933908014392,0.0046216765204974185,-0.5683927209237171,-0.3783346006409572,-0.024129751363307285,-0.48527745162145763,-0.3604657666950579,-0.042408419689646204,-0.5482941094906564,-0.3545741907449009,0.0069105225575210386,-0.6868600920880352,-0.28197346299359966,0.012579205232566835,-0.6185860820230155,-0.20828707640151073,0.002078435805245768,-0.5235857225522053,-0.18857651431862207,-0.007637846718211636,-0.5651003265525658,-0.14181469495502463,-0.007157819097581904,-0.694407635664813,-0.08298931203312049,0.0008275011442458756,-0.6236097985473471,-0.029997696618523632,0.012275334338523443,-0.529067265659839,-0.02526440645425565,0.015663389978416903,-0.5559240911637515,0.06975752940719558,-0.021910968166707203,-0.6438592818742116,0.12387209417923532,-0.0124965426560205,-0.5726327666558948,0.1467246672615237,0.014997012822131452,-0.49350302309658983,0.136374024859096,0.039487508747735406,1,Bright_Up
0.0,0.0,0.0,-0.07352207768101802,-0.3243839446073239,0.02109321959267667,-0.21321077531754512,-0.5907507887428847,0.019698799139237253,-0.3396319406484067,-0.7980727752575717,0.00944693139269406,-0.3670858720833517,-1.0,-0.004599636264362226,-0.4886815207589354,-0.5706281078764728,0.034829380784030646,-0.6409122060861651,-0.4530853571158739,0.042679925650278984,-0.5785188034326921,-0.3652395947336618,0.03325186622162485,-0.49908992816421466,-0.35343655354413717,0.023540773090912397,-0.5461652261593427,-0.3798853435129594,0.01607135483412589,-0.691072283240824,-0.2769536641510768,0.04052121421064669,-0.6203303430933128,-0.19518808625923034,0.04086198072566543,-0.5280998185887177,-0.1824088851825228,0.03448665371964178,-0.564857506957673,-0.1635990028326562,0.0013188438022794906,-0.6979014656470288,-0.08585901651263153,0.02677702759289914,-0.620294409285899,-0.023482785025871505,0.04725110748640105,-0.5299123399375036,-0.023105354405342393,0.05114216715511648,-0.5549400273968059,0.05384961642964035,-0.01290831067238416,-0.6530240769911559,0.11250313897303692,0.008394369629473224,-0.5752405345409326,0.14149125133244064,0.04290938845326003,-0.4980706309557773,0.1294230203194373,0.06925640784863729,1,Bright_Up
0.0,0.0,0.0,-0.05781430181751594,-0.30929284587504235,0.013977817179490261,-0.1937357421631502,-0.5932909728710098,0.007804677975797095,-0.32061793224988905,-0.8002232492158784,-0.005040299156763762,-0.3499340246779348,-1.0,-0.022287987264675214,-0.4597472724119405,-0.5882825199719949,0.004900543072884827,-0.6285846144961036,-0.4571272800651125,-0.0023735048768916216,-0.5670640748247128,-0.3649953494790016,-0.014846561977253305,-0.48396162485866445,-0.3626254771776914,-0.025254911212186835,-0.5145125823437899,-0.3998548041464076,-0.014742944636628537,-0.680481800546166,-0.2926603383614984,-0.012486340436427368,-0.6050791228351388,-0.2051259306445558,-0.012612978299086305,-0.5050891172621218,-0.20174805640384263,-0.014327096015107284,-0.5327194714781014,-0.1882550612348858,-0.030439790387691568,-0.6868056531798964,-0.09680812930782715,-0.027239101623831002,-0.6078613084779888,-0.025012869121595345,-0.00507542602017107,-0.5155504119415765,-0.03455374278321967,0.0054214500972854076,-0.5234638193962087,0.030207723271262407,-0.04511469841475537,-0.6341640292964666,0.10304392550659036,-0.04241141017046667,-0.5546684781133289,0.1400447466749942,-0.011285960907572955,-0.4775052769018245,0.119879520468085,0.0159919581805376,1,Bright_Up
0.0,0.0,0.0,-0.04988247665188351,-0.30393388117037434,0.005944994940511567,-0.1870872322886154,-0.597059706395791,-0.0028592245615440834,-0.3353759493828972,-0.7954379842794973,-0.015256085777616895,-0.3755232572403939,-1.0,-0.03130243678549575,-0.46712495029936413,-0.6007599403264648,0.002551838752393786,-0.6323496600604938,-0.4414022306451397,-0.0071732153979381374,-0.5592856288125779,-0.3475947992298029,-0.021980987864374874,-0.46739766717681874,-0.3473711519041865,-0.03258101858156003,-0.5243481964769656,-0.4173871136802456,-0.012888150519841874,-0.6899475708667516,-0.28296470792057854,-0.01774043389703518,-0.6015466474734451,-0.1939494408241134,-0.021963161124268035,-0.4930194133850223,-0.19334182868402283,-0.02301847756663341,-0.546554205867319,-0.20405263125728682,-0.024582579219170144,-0.7046303499429633,-0.09327572650615845,-0.029693703928727555,-0.6129622269852951,-0.0201348137221496,-0.007718613169985623,-0.5132577691759425,-0.037785503525789015,0.006250710178166302,-0.5417473383975354,0.021442154128525202,-0.03527612109042245,-0.6586960236036945,0.10175873599668807,-0.04148648347703436,-0.5656186124884489,0.14551194732870762,-0.011062849965515369,-0.47963405451698066,0.12164873339883617,0.01919980452607137,1,Bright_Up
0.0,0.0,0.0,-0.05960157990858799,-0.30215564031669595,0.01626786065685822,-0.2134080708660516,-0.5839822505227369,0.01046797656436022,-0.353511002084538,-0.7961646881182248,-0.00044308832308079347,-0.3838011296703518,-1.0,-0.015208669175659934,-0.47904212891171366,-0.5997002990142283,0.0018204523767600391,-0.674666659341253,-0.4367788874253323,-0.004573229817379905,-0.5994136922053478,-0.33124513260601135,-0.014903047767687961,-0.5053680173355914,-0.32734325102773265,-0.02175871640168603,-0.5382294566786483,-0.4133178767105413,-0.01479433118931542,-0.7121564781608817,-0.25826945343715274,-0.009141164258476026,-0.6230043627416643,-0.16712867134852166,-0.009173338848722144,-0.5180184572953566,-0.16956977387821592,-0.010586100669307198,-0.5614118269718983,-0.1903903392444843,-0.026036540497443837,-0.706027625050534,-0.05926607596362383,-0.01899711844053178,-0.6176999391532829,0.01000504995703187,0.0017272205710844918,-0.5216688940502533,-0.010298066502852104,0.010379605893164617,-0.5629252574310598,0.042466521715044156,-0.03536297100193134,-0.6572055286728136,0.13508227584119786,-0.02841933731290339,-0.5640338672186366,0.1763437670115563,0.0024819515363977422,-0.4787670596293249,0.14930218567451264,0.029735713765832446,1,Bright_Up
0.0,0.0,0.0,-0.05953712970166167,-0.2984104329648983,0.028595959556809294,-0.20014942425113424,-0.5774629917211781,0.02014394652873721,-0.3354218836122321,-0.787452222703605,0.004756144139293868,-0.3666089692255197,-1.0,-0.016844939763374693,-0.44921206047768764,-0.5955515996588009,-0.0032379055245015673,-0.6058616406843531,-0.4277130700563325,-0.011660708999625029,-0.5292027290565035,-0.33724599597240706,-0.02914307177930744,-0.4399542613832572,-0.33314120707883543,-0.04259314463301132,-0.523067525126442,-0.4168731108093757,-0.027423364410138318,-0.6603277362377843,-0.26723335423759903,-0.013632032732170273,-0.5737026362694401,-0.18185835556663857,-0.01208358160155745,-0.46901559850157604,-0.18280078979347664,-0.0179543960092932,-0.5571573224539422,-0.20394149795756777,-0.0446697493779014,-0.6811310247149535,-0.08222345501498218,-0.02940034144692604,-0.5972122066497009,-0.0113035818486882,-0.004755276046230225,-0.5019041227744842,-0.028799996569067662,0.0018842038089031245,-0.5670132116805734,0.018077975621260095,-0.05919131010723542,-0.6638210775933046,0.11254262196316697,-0.04663304791735172,-0.5715513344763222,0.15290450312549894,-0.010602250458109006,-0.4852649944028449,0.12329627181847366,0.017651512951900008,1,Bright_Up
0.0,0.0,0.0,-0.058729745823608334,-0.296731690108967,0.021638849487597513,-0.2002053556192132,-0.5829910666715815,0.018606473045285992,-0.3409846265218349,-0.7911544122082839,0.01240428614890775,-0.3776680185721892,-1.0,0.0009606738540718391,-0.46089019130538633,-0.626363532330289,-0.002333018638376172,-0.631261107121928,-0.4412277453705897,0.010154148619130792,-0.5633136485312398,-0.332055675941233,0.011932710924913487,-0.4780024591190932,-0.3214613082748228,0.010008569776809742,-0.5375130361067433,-0.4529508071988816,-0.016173035617710937,-0.6823867674421598,-0.2839786105845788,0.010551836884327603,-0.6060011576754486,-0.17699344628913885,0.016174151792187685,-0.5083807139430546,-0.16580675715774304,0.013050779253419086,-0.5769027199769411,-0.23899650149463764,-0.021130140796053985,-0.7132528447409427,-0.11308900853617096,0.0032914578269365113,-0.6391293075845254,-0.02310132514525885,0.023640953771986065,-0.5440034434321619,-0.021264384371363933,0.02755269693246806,-0.5917425397045818,-0.009276988691957203,-0.023171288553948694,-0.7056342685941879,0.08425201531577826,-0.006141902787805613,-0.6295960402631501,0.1404767623052048,0.02710748997324683,-0.5465928469806446,0.1404811401430835,0.054767227865088496,1,Bright_Up
0.0,0.0,0.0,-0.059132169399185676,-0.30484069233173233,0.026102708429255012,-0.18299713412431207,-0.5885288726447401,0.022106517129282275,-0.3320924438849128,-0.7894631968810052,0.014610581552749207,-0.3723065533910646,-1.0,0.003657328448604659,-0.47152108624002875,-0.6034718543523409,0.0118621807246818,-0.6177421864437209,-0.44563023775907584,0.04310596218448307,-0.5501611140786974,-0.3391569050315734,0.058908634563691845,-0.4669718576770227,-0.3164520769287033,0.06441672905558073,-0.5493879704147652,-0.4241511090030166,0.000436195621472596,-0.6737036733300678,-0.2680799962763564,0.048008593337637864,-0.5948440835071404,-0.17278176123908673,0.06141397621907306,-0.4988858769734757,-0.16086920480261363,0.05947701107725322,-0.5878743092973617,-0.21128086689968992,-0.0006087304310246833,-0.7039499879203229,-0.08359101094706885,0.04581444743730296,-0.6270899060444931,-0.0037146004508268483,0.06761674080278966,-0.5333730226455158,0.0010832256505848114,0.066739789491646,-0.6013601051486022,0.009251392487549066,0.0009432312368490275,-0.695210818071197,0.11969545914963506,0.03288712885964615,-0.624856872449692,0.18258434163543313,0.0656451380180362,-0.5524714132778924,0.1985162166894592,0.0899755249445009,1,Bright_Up
0.0,0.0,0.0,-0.06626825643002629,-0.3025953292337309,0.020448550399452994,-0.20301756653283082,-0.5837831866175017,0.014335360577622202,-0.34671372733163264,-0.7891869320827642,0.005089764720813509,-0.3792034431553438,-1.0,-0.008118311642032694,-0.4885404006138409,-0.6031520880628368,0.004296117437892175,-0.6608493404969388,-0.4340084649614505,0.02271750261177003,-0.6053332750513101,-0.3221729465251206,0.028496003961950532,-0.5286736914828685,-0.3013341677238411,0.028433013493011954,-0.5562321629522812,-0.42227702072227385,-0.008295084775799159,-0.7034269297703983,-0.2629312500288159,0.025817432216720764,-0.6294797212251425,-0.1633638610551836,0.03484066865648594,-0.5347314162212466,-0.15345065634661087,0.031875265014757945,-0.5877416502135214,-0.20807799482413075,-0.012054731067608383,-0.7158361685232387,-0.08393081273631262,0.021601779705285724,-0.6359846688723989,-0.0049960579836382385,0.046384853818828564,-0.5400237904145342,-0.005595783549786621,0.05054176759329416,-0.5943295433467524,0.01623993704122856,-0.014033284029298652,-0.6947450510227786,0.10020266893836516,0.009464349092886477,-0.6078331216620094,0.14942990605481654,0.045355507985183424,-0.5221770782831605,0.14833277356582777,0.07340490833941518,1,Bright_Up
0.0,0.0,0.0,-0.06220755851536283,-0.3020151920935073,0.02814905623679266,-0.20035230788732103,-0.5818650304423787,0.025484781406868055,-0.3433090146160408,-0.7894505666022047,0.018995377822169132,-0.381577049193639,-1.0,0.007313573137421538,-0.47172537487408717,-0.6103106669896532,0.010186035539493703,-0.6256295191606321,-0.4329477794904482,0.027296119292686917,-0.5527767590471176,-0.3246296594522492,0.029372595929621683,-0.4607305719792982,-0.30406372036226814,0.028529174343388128,-0.5503796218983035,-0.4295860134219832,-0.0036535012996865425,-0.6695396224576655,-0.26171604164721307,0.03045084527067963,-0.585653535641965,-0.156432370644137,0.03296232741778193,-0.48320095849398076,-0.1406171297417777,0.027420941052412936,-0.5927910408239584,-0.2179588607238055,-0.007421032535998524,-0.696876368801851,-0.08714734815011294,0.026270704857265945,-0.615771935451421,-0.0013341687676576848,0.04325215647853632,-0.5163513714069444,0.004882058055467967,0.043573837600652726,-0.6109323257598415,0.0010453755417128478,-0.00796004866096362,-0.6921352339013114,0.09596659345338868,0.014920356034114129,-0.6002373680029556,0.15350005029747688,0.04792572528977011,-0.5110637758473772,0.15435551339288736,0.07602137710672699,1,Bright_Up
0.0,0.0,0.0,-0.07130294295416559,-0.30269039859567903,0.028274190912906817,-0.2174464432751972,-0.5789075927129386,0.024501871641530323,-0.363377651839223,-0.7879721385433268,0.016849655375730393,-0.40274243854087066,-1.0,0.004827802859850404,-0.48850261542618234,-0.6181064576131547,0.009049525120918304,-0.6439975125503039,-0.42230872335937014,0.02436154513735898,-0.5584656962184842,-0.3208583308331051,0.024437932178655097,-0.46508128859811,-0.31850898096513325,0.02099547517014621,-0.5657010620785815,-0.4335413630333664,-0.007723269729445619,-0.6862898044174958,-0.25442891612065277,0.024825184435115843,-0.594395708804943,-0.15850600594224093,0.030448689319685644,-0.4913240206240707,-0.16016201019725826,0.02650825313450057,-0.6018856044013811,-0.20812736770846796,-0.015007562922772295,-0.7157622268046349,-0.07859386093925788,0.01429567655807703,-0.6315625596123655,0.004168153986817619,0.03551664999888154,-0.5331732269058683,-0.0026241721987324473,0.039056244316863276,-0.6125506023617917,0.03056000444417,-0.018963710660664514,-0.7019038998739517,0.11792412268388384,0.00019160130450998576,-0.6093215088416257,0.16778054798727995,0.03475902919998229,-0.5211363210123158,0.15490145351446385,0.0639561127593309,1,Bright_Up
0.0,0.0,0.0,-0.07467432530999271,-0.30386843544857767,0.03751756300533192,-0.22226513493800146,-0.5810399343544858,0.038124709932757156,-0.3722437089715536,-0.7836052151714077,0.031541786883887715,-0.4088366156090445,-1.0,0.019259062424095592,-0.49221225382932166,-0.6028417213712619,0.028508895746032135,-0.6654636214442013,-0.4059417396061269,0.04993471973399712,-0.5923203865791393,-0.3053831145149526,0.05134920391525168,-0.5100126732312181,-0.31036159737417945,0.047977491889358174,-0.5583492888402626,-0.41949215900802334,0.0066716853669748786,-0.7001666666666667,-0.2214535010940919,0.04355374781568932,-0.6165290846097738,-0.1378210247994165,0.04627520455347196,-0.5204132020423049,-0.16049589715536106,0.03902295368731587,-0.5843739059080962,-0.19750674690007294,-0.005360831813687047,-0.7209019876002918,-0.055148978847556526,0.023169802759617112,-0.6350246170678338,0.0070984682713347924,0.04295519406842455,-0.5368822027716995,-0.03127179066374909,0.04598235546977393,-0.5867724288840263,0.04060931801604668,-0.012787098851889089,-0.7253190189642597,0.1026623814733771,0.006813636668488373,-0.6445536105032823,0.1296312910284464,0.04588575912130566,-0.5565125820568928,0.0966688548504741,0.07779740550168494,1,Bright_Up
0.0,0.0,0.0,-0.0728231988959951,-0.29678323400728596,0.03380062857746007,-0.22251956241435059,-0.5798577537834598,0.033212755305033405,-0.37989730668588284,-0.7866083007100476,0.027393862178861864,-0.4241238865691546,-1.0,0.017694655275576752,-0.4999159570165906,-0.6024929608222862,0.02356743033235893,-0.6847428423392463,-0.41662464517496195,0.040006215350962104,-0.6111406971998801,-0.30902438577892866,0.042418723970221874,-0.5208582850386663,-0.30665870061226563,0.04104547005797014,-0.5661643873358966,-0.42385113981331546,0.004188143469895226,-0.7302216534296656,-0.24838945352090175,0.035921610208751946,-0.6457287765579064,-0.15395731504025464,0.04347692648681459,-0.5417631681671436,-0.1654147128291013,0.04176715103968095,-0.5948580857023932,-0.20555721052739606,-0.006593040279224357,-0.7402393181737913,-0.07015915651540224,0.021573661659607515,-0.6545160298353516,0.004490336166386246,0.04663911885852237,-0.5570884847798989,-0.02205291582924167,0.05309321722061801,-0.6001639808970022,0.029266466553758756,-0.013773924956903336,-0.711685136707146,0.1094843385114536,0.006730659690699535,-0.6156021869297166,0.14981443050384924,0.04464076925376478,-0.5269553307382635,0.11945559007882289,0.07498752387709966,1,Bright_Up
0.0,0.0,0.0,-0.07682464159341242,-0.29369547284991754,0.021981703039801584,-0.23357535198159643,-0.5710365139823186,0.015120850312509194,-0.36973642979576876,-0.7814767413266156,0.00011245117502974922,-0.399010387084271,-1.0,-0.019918143349063614,-0.48319429022716404,-0.5749788484088587,0.01931840331035851,-0.6795666617247168,-0.38327153158054283,0.008255872163639502,-0.6104940822773965,-0.28706276463445746,-0.011602020709854293,-0.5209843725323049,-0.2969516839294954,-0.024837056184430016,-0.5325707124352373,-0.3873594322133086,-0.002922947244917245,-0.7238807567270639,-0.21938825961545788,0.004777964949820952,-0.644793496083653,-0.13637910769923392,0.0036829845888240614,-0.5432276189562246,-0.15748812414762203,-0.00018136766778239686,-0.5494453494038425,-0.16752689906060514,-0.02178569160848194,-0.7169136569256408,-0.04280184921102432,-0.013703351889994208,-0.6353531397375802,0.02048248854510319,0.011607042804560206,-0.5400529066993173,-0.01655366120227556,0.02357740127548897,-0.5437246431312122,0.06327320353847263,-0.03912223176762003,-0.6699926035027063,0.12365059784588481,-0.02826259065083427,-0.5870167629753678,0.1541705836068632,0.009217540303536565,-0.5052019840628277,0.11913877556552128,0.04038559371647773,1,Bright_Up
0.0,0.0,0.0,-0.08569443076637126,-0.2960436539365803,0.018910941392489024,-0.25483401600403915,-0.5699527794384115,0.006373874777421446,-0.3952324478726705,-0.7833116718889935,-0.013009226880176082,-0.4223816122310178,-1.0,-0.03733580910188663,-0.48801574234486406,-0.5761959914537857,-0.02142816568671141,-0.7222199258471197,-0.3617879175838682,-0.044912838423206064,-0.655158498429603,-0.25722209199155366,-0.059859064523373945,-0.5677313370590092,-0.26356350871936707,-0.0692550280970083,-0.5258226147328338,-0.3868892085319736,-0.04876471194163956,-0.7561662988613524,-0.17889847047547447,-0.05927769632459355,-0.6742751276222022,-0.10130666825717613,-0.056516174262516525,-0.5774151354545366,-0.12761175294024632,-0.05754582686103448,-0.5390809906839606,-0.15897447278541207,-0.07141222013576864,-0.7219077421284807,0.008216830826662672,-0.07957556199034892,-0.6324056132038178,0.05560550556701431,-0.04909525124918537,-0.5398469319580975,0.004817394255394208,-0.033906345307014266,-0.5336813959864604,0.08585274194122605,-0.09208884320675575,-0.6662098575523077,0.17984722786683552,-0.09901948820920395,-0.5706407672543692,0.20194994611224465,-0.06445708174988608,-0.4856270190569851,0.1555340713482203,-0.03479042467713553,1,Bright_Up
0.0,0.0,0.0,-0.11056502854124173,-0.30770365900186364,-0.0105218870984115,-0.2779058505877001,-0.567399243547038,-0.04052511942613686,-0.40132452639147725,-0.7774375155912953,-0.07173479701190733,-0.4069108874932132,-1.0,-0.10354576264502396,-0.4905429622727339,-0.4929329244134004,-0.06865923632141471,-0.7395896921361175,-0.29830467592117044,-0.12135675395792109,-0.6481444524337094,-0.24644830293336464,-0.15029091925499946,-0.5511592586614231,-0.2845836940731067,-0.163567572115727,-0.5035621524058286,-0.26049110745887566,-0.08543998694139798,-0.7328028012971958,-0.08962958750935478,-0.1215346552228337,-0.6405219598808458,-0.06190322024447151,-0.12424286321438138,-0.5487991034088074,-0.10083193317387412,-0.12672942260070802,-0.4938643667366135,-0.03673565967687499,-0.10077541875607801,-0.6823568902519553,0.09078004167461518,-0.13040719133961068,-0.6008169838730979,0.10436684666969932,-0.10373030167462176,-0.5127913737948846,0.05955544631458465,-0.08458461523574697,-0.46959935873919617,0.1742640908624004,-0.11600900845921976,-0.6276952763878088,0.24430752637680309,-0.13202698934979454,-0.5499827578616814,0.24324144863310196,-0.09896872009362773,-0.46533532290489676,0.2055264721851292,-0.06733032487813768,1,Bright_Up
0.0,0.0,0.0,-0.10063451890042041,-0.28432761026548303,0.0341682047894053,-0.2681411049705656,-0.5552178596798477,0.017372450484725282,-0.39265189659460337,-0.7769889261689995,-0.010687695927123018,-0.4120070871922715,-1.0,-0.042472937016056554,-0.43095013648690306,-0.6056490909063832,-0.04288958378769081,-0.7026077524263097,-0.4262442981535176,-0.0897593889736719,-0.6344680808288397,-0.3203064849521886,-0.10356341759906337,-0.5456319909515066,-0.33680228237673365,-0.10889496051909382,-0.45151829579757347,-0.4392175346578445,-0.08822987400665065,-0.7334958257197022,-0.26151473284159327,-0.12294002735151054,-0.6470426720755094,-0.1757192554501685,-0.10669587300068335,-0.5473013121506851,-0.21265430168296617,-0.09592825098154094,-0.45980058615651986,-0.2332711398331777,-0.1298559361919601,-0.7117742664480493,-0.07216158619672879,-0.16148490747312014,-0.6190098035273637,0.0028377995005160143,-0.11312719237035661,-0.5270991283602361,-0.0465567027504382,-0.08242076304979779,-0.45678938574192135,-0.0041323029428452715,-0.16806136750323214,-0.648069953819325,0.11144373433527974,-0.1932775997461595,-0.5568174202858407,0.14902007541404005,-0.1559742976268522,-0.47123294658321085,0.1003989431014173,-0.12341167923395756,1,Bright_Up
0.0,0.0,0.0,-0.10404027888513546,-0.2978205551129237,0.03852978439713161,-0.2763900675718765,-0.569845654438979,0.025789276266778925,-0.4107192493993191,-0.7883220794460916,0.0024881915545810194,-0.42919052031063887,-1.0,-0.02508230864288761,-0.4297572841052448,-0.6246618908491364,-0.050806484195311905,-0.7137634619239773,-0.44254691137541624,-0.09229266608316569,-0.644307259179776,-0.335703439303846,-0.09625480135969273,-0.5544899504002314,-0.347045251187006,-0.09591951085496576,-0.4460752260822644,-0.4614402205654211,-0.10017189081938943,-0.7502440025512774,-0.2833322237710446,-0.13530979882979735,-0.6565078069144996,-0.19432453753895101,-0.11292891983424098,-0.5499487438245388,-0.22052611179775328,-0.0975849514008368,-0.4487058691052013,-0.25730310630443953,-0.14415745318866377,-0.7213459585026194,-0.08437245475670287,-0.17497417242181648,-0.6162080066077003,-0.015461447036670364,-0.1206363705559031,-0.5188404143482184,-0.06430761585814435,-0.08727312417023611,-0.43759076273988373,-0.02656217422169652,-0.1843820312414221,-0.6401937865321049,0.1018641673534904,-0.2142143718666494,-0.540562687203622,0.13261796600145528,-0.17682892327964198,-0.45265005958489546,0.07777633259753636,-0.14452828898038564,1,Bright_Up
0.0,0.0,0.0,-0.10515162414391979,-0.28712132372375965,0.037155123146683865,-0.27230660722356176,-0.5650774591995308,0.018326594251714082,-0.39909454459985105,-0.7854182426781742,-0.01043911877145943,-0.4152484172916509,-1.0,-0.04295418192070553,-0.42446005919613994,-0.6204034913695515,-0.06670958244235918,-0.6994748873214744,-0.443479513414766,-0.11488009813385436,-0.6293948647619061,-0.33929577983984943,-0.12151714157952297,-0.5413563676804185,-0.3569159881076821,-0.12236713667734404,-0.4310984776154965,-0.4627213270146058,-0.11814451293755289,-0.7331379704052027,-0.29590070117294576,-0.15718418631471234,-0.640989370157962,-0.1999373557442378,-0.13236619533172161,-0.5354915708203948,-0.22436479738274098,-0.11581729610838402,-0.42679419634742444,-0.2652869233729664,-0.16400773755493633,-0.6930589191906827,-0.1012628803785164,-0.19575928903661027,-0.595741145135359,-0.029847792458153416,-0.13845034026694808,-0.5008405975503832,-0.08044700599138535,-0.10349839548370962,-0.41427607226243535,-0.04515522680225074,-0.20628776937796373,-0.6156613093903975,0.08034437159179818,-0.23078634601883802,-0.5273166363498226,0.11584323772713259,-0.19027157586966678,-0.4438924146042478,0.06578046847376239,-0.15762365517760366,1,Bright_Up
0.0,0.0,0.0,-0.11049386579198521,-0.27850090368826547,0.034126124502202385,-0.2885180947136989,-0.5561010504556858,0.012611723235060749,-0.4069118150966917,-0.7805344703963507,-0.02232076801749709,-0.4134978553281812,-1.0,-0.06089296153028369,-0.41502615831844347,-0.625351803060543,-0.060984005996017054,-0.7053893318979436,-0.46663393411281046,-0.12939366526748117,-0.6344398293375929,-0.3588367147148209,-0.15624656939349407,-0.5363373053926779,-0.37743183038925443,-0.1674405284594352,-0.42174508617271395,-0.45678328159311476,-0.11390740738722845,-0.7311145262997141,-0.29578268164458255,-0.17239759903663315,-0.6380976707821633,-0.20844252989244635,-0.1603627253778246,-0.5271655808854977,-0.24404850055049698,-0.14899897472857943,-0.4223732995400935,-0.24491169812889174,-0.16416161692917938,-0.7094669990890906,-0.1081955009532113,-0.2165248693451674,-0.6096641999361968,-0.03620272569292101,-0.16713104519734145,-0.5037054817526657,-0.08308727118174132,-0.13079229796442354,-0.42084423392358855,-0.010721857673638199,-0.21079068262671333,-0.6426066984418068,0.09944608072789625,-0.2499595715941951,-0.5671950697357352,0.1363283064030147,-0.2178799131859286,-0.4825881704372417,0.09555315974403022,-0.1870226731484131,1,Bright_Up
0.0,0.0,0.0,-0.11589604404304643,-0.2788863776921413,0.022893522949112222,-0.2929124640657863,-0.564356649521109,0.0038757656297887543,-0.4144890796667683,-0.7913967832792239,-0.025012533665375793,-0.4328418666946594,-1.0,-0.05546219667738696,-0.4383267588319436,-0.6200084231188052,-0.05152861600452394,-0.7156622708778888,-0.47428583714544803,-0.11549812772922709,-0.639746345239104,-0.3538990819306395,-0.14625480456855924,-0.5391194679017202,-0.3649031657520542,-0.1618593657000396,-0.45198485862187154,-0.4513995403961901,-0.0946994870637754,-0.7387943304569099,-0.2798608288298315,-0.14774806164695117,-0.6409771829600054,-0.18256981007511247,-0.13933608513556414,-0.528123174832834,-0.21244127530571746,-0.13126649702101478,-0.4557978755022569,-0.24418626475152433,-0.13648344291955036,-0.7128084271659494,-0.09039903576790134,-0.18397045727805902,-0.6047329833396781,-0.014710761988716056,-0.1385156657755441,-0.4977252773242306,-0.05298500912504537,-0.10624869591032667,-0.4513480404866185,-0.01753465683379264,-0.17609111023418167,-0.6246801428136,0.09976797216576597,-0.21385617604454008,-0.5288957746550126,0.14063401042898463,-0.18371037767579212,-0.44184514361670507,0.10412694879477312,-0.154118532165403,1,Bright_Up
0.0,0.0,0.0,-0.11627376552567041,-0.3074695686364633,0.04900404895291704,-0.28106849028713066,-0.5761559330528396,0.03848026917209686,-0.4120306322881144,-0.7886144686902812,0.013574985783506563,-0.4406924096818597,-1.0,-0.01719258593369204,-0.46008309210482184,-0.5888344145607456,-0.03091690718839624,-0.7151276839444491,-0.47287236885640915,-0.05966299148539934,-0.6616972186715088,-0.35815763523132943,-0.06716841574570584,-0.5783446801079475,-0.34807104831559854,-0.0712936789114592,-0.4825786381143861,-0.42073844597119714,-0.07874053398197539,-0.7398664008446406,-0.2897084635231546,-0.08989516162015189,-0.6564051228085209,-0.20094556815779321,-0.06761570826267731,-0.5571691555563058,-0.2175453789835705,-0.05753402409057854,-0.4866194185543514,-0.21512865773077058,-0.11926608537766005,-0.710924930379688,-0.09036520665801512,-0.12279059676955344,-0.6178187316238406,-0.02609076510824068,-0.07295399811428742,-0.5259612515274921,-0.061551951392049185,-0.04866486280516328,-0.4781950848892816,0.014155607159017359,-0.15564246850588154,-0.6460022717352893,0.10467705242238003,-0.15654519547545634,-0.560381135638264,0.13065096317205052,-0.11346559190603175,-0.4817357719539585,0.09503916460386264,-0.08215145049451332,1,Bright_Up
0.0,0.0,0.0,-0.10077095291987878,-0.30665117923337204,0.03045617836523843,-0.26217560764852577,-0.5801164316223961,0.014710353706692061,-0.403836232184242,-0.7838501904522688,-0.012404582043337917,-0.43963004582823767,-1.0,-0.04107163015775923,-0.4654619632746711,-0.6046327255754226,-0.01827879310863587,-0.7070460108920766,-0.49012931977137275,-0.04752912980123828,-0.6448461753922898,-0.38371855023563756,-0.06092571047052766,-0.5586484196165948,-0.3847723171548093,-0.06864828244048335,-0.4925871451782238,-0.42417895060254823,-0.056307728232279114,-0.7371437209930438,-0.30177579693278517,-0.07047910929989307,-0.6548363262924246,-0.22077490412867948,-0.05494596489300043,-0.5579965591556694,-0.24292058404027564,-0.04750957607314151,-0.5020967436566525,-0.21315992806842177,-0.09042814599251772,-0.718253005065601,-0.10784597493963616,-0.09862597957988382,-0.6290651453326235,-0.04663561022482066,-0.05342410084239292,-0.535348523981012,-0.07796718316411289,-0.02919130987513211,-0.4986211927622576,0.01010250227650586,-0.12235867134977842,-0.6589041135509776,0.07770554906785067,-0.12423324294063164,-0.5759696646834238,0.10730891311278498,-0.08229215432921233,-0.4941832021566125,0.08263966555331273,-0.04953599583301214,1,Bright_Up
0.0,0.0,0.0,-0.08908139181842013,-0.3025181634192692,0.024545872891591335,-0.24770637032074863,-0.5775051070353003,0.009454841205939474,-0.38232405663258673,-0.7864397083574607,-0.016354112755965863,-0.40471183878741185,-1.0,-0.04565575596697303,-0.42410899336350255,-0.5818523137580364,-0.03198245151621684,-0.6593508841487947,-0.4981618504744815,-0.06781766817330019,-0.6029450513881691,-0.39089618974481616,-0.08351424372665532,-0.5149593364359103,-0.38616061617567077,-0.09304941194494859,-0.45148040347776536,-0.40565593312065945,-0.06910720444795827,-0.695025861445225,-0.313426470750657,-0.09307258604036152,-0.6203990193229975,-0.2309772937254749,-0.08052884264603528,-0.5215291150036955,-0.24137461577490682,-0.07386950218670753,-0.4598231905271849,-0.1956307264668963,-0.10318894507525525,-0.6859342904934422,-0.10583345937035885,-0.12180566796457837,-0.5991720550782177,-0.03707427003149085,-0.08092571840042605,-0.5012887332816863,-0.05551053785990708,-0.057744582711406235,-0.4553573098957811,0.02763084728211955,-0.13512746224194894,-0.6157571000920314,0.11643702382516775,-0.14853909311898406,-0.5424139197169318,0.1503597295812693,-0.11695868264250098,-0.46547265462376314,0.12341094734687741,-0.09127444528747079,1,Bright_Up
0.0,0.0,0.0,-0.09509713853961926,-0.3011476763962025,0.019661408764497408,-0.2591541530868774,-0.5777308083475455,0.005403232137558668,-0.39665640489293225,-0.7856759366212933,-0.01755983530279152,-0.42033854869740406,-1.0,-0.04374332339410634,-0.4509884069222764,-0.5703240804002329,-0.033567025449550175,-0.6849249327058694,-0.4924042621901314,-0.060084686583117615,-0.6423810467198338,-0.3886151522788277,-0.07071748131911611,-0.5637404141620989,-0.3764785677709697,-0.0775718814308908,-0.47706491206254087,-0.38581582046829055,-0.06617565942952813,-0.719744119180943,-0.3059898277468842,-0.08127651610875132,-0.6541731817345786,-0.21890793671207473,-0.06745451239380326,-0.5571048559104176,-0.21982071604832032,-0.060278982427406584,-0.4862380961612203,-0.17194625547703063,-0.09454859302808206,-0.7003015174217684,-0.09401485317278882,-0.10479011429860659,-0.6218091139870136,-0.024891144976593036,-0.06219570304482462,-0.5260389159368294,-0.038141693802604196,-0.03882280210041361,-0.48101296047365233,0.054986857963402774,-0.12130943148481593,-0.6417507774345629,0.10267053559650283,-0.12680504247249472,-0.5671934198562721,0.14300895190425958,-0.0868517381923847,-0.4854754372286308,0.12981845123971084,-0.05554000191516267,1,Bright_Up
0.0,0.0,0.0,-0.10138909726538592,-0.30893851821686874,0.030829648762636958,-0.2726407613005551,-0.5792852328934803,0.019408123649101536,-0.40141291172219007,-0.7941978457442375,-0.0019846224375878493,-0.4246939246939247,-1.0,-0.027277873286573235,-0.4568293908500094,-0.5797043673332333,-0.03779787423022109,-0.6885314338922587,-0.5136723559403972,-0.0596380493081539,-0.6316751327060606,-0.4123775639239557,-0.06792974083115985,-0.5473960082207505,-0.40839364344518986,-0.07437405191464619,-0.48677892801604145,-0.38957712669052874,-0.07415034486104223,-0.7223896378535554,-0.3226320690238216,-0.08324424496654027,-0.6464612907911877,-0.23714317013286085,-0.06462977155180913,-0.5466127507364621,-0.2437569210765087,-0.05603161029578705,-0.4967840957531679,-0.17656776522755904,-0.1038395155940274,-0.7058195388092295,-0.12068023614415367,-0.10829769353803008,-0.6229885714421797,-0.05393760136028177,-0.061654367271636805,-0.5251764055887768,-0.0638441772462391,-0.036443538629751464,-0.4898617094493383,0.043022245084100755,-0.13048493827682123,-0.6561013829055066,0.06298804752413,-0.1303912581573679,-0.5782476370105236,0.09784407722552052,-0.08387115309989171,-0.4919309476010507,0.09178639384824952,-0.04824861417516206,1,Bright_Up
0.0,0.0,0.0,-0.10463125048496877,-0.31768712230387863,0.03194431372350392,-0.27894818264204646,-0.5933777788405745,0.022654607225385967,-0.4078613011266892,-0.8088494661805348,0.004320292662713115,-0.43846374580852776,-1.0,-0.018614933432321977,-0.46547071130217593,-0.5864981765174093,-0.044580081532635235,-0.6968768254956685,-0.5020433351015885,-0.06709136361438718,-0.6284851259161944,-0.41016719039227445,-0.07670388698439189,-0.5355680369098449,-0.41676666987132405,-0.0836085994046191,-0.49894758725899796,-0.3799507686541561,-0.08179936849067196,-0.7332715664088788,-0.315570340359016,-0.0913897861299196,-0.6535844255602823,-0.23767764497699234,-0.0733687658751835,-0.5479149148821849,-0.24478173599056366,-0.06509862234638722,-0.5097247524646175,-0.15318400605924257,-0.11130420530691479,-0.7175031879834132,-0.10795124300851934,-0.11746580983494928,-0.6297881363583347,-0.04691496417209303,-0.07058460284466427,-0.5256331923121408,-0.05224657056923988,-0.044731702902201693,-0.4998321215010875,0.07903831973143344,-0.137458975435376,-0.6547825119406022,0.09118413392019231,-0.14143565838072616,-0.5708478986638531,0.12098769167552015,-0.09484204702384333,-0.4811722311394119,0.1161692371435083,-0.057642349449150816,1,Bright_Up
0.0,0.0,0.0,-0.10598915405208696,-0.3175578538392107,0.031017308457546116,-0.27988789807557474,-0.5862353371007514,0.010848807733226521,-0.3946489409890506,-0.807532234417817,-0.020231386430177398,-0.42090812521028004,-1.0,-0.05582766360592138,-0.4103668262626977,-0.5758041120494447,-0.0813188252835721,-0.6833536469705551,-0.5481473229027753,-0.13077585382428797,-0.6192099184808291,-0.45662476965091453,-0.1464859838916065,-0.5142879252938473,-0.44845973263384153,-0.15169901134848365,-0.43240095183900124,-0.3763106298695191,-0.1261767246088747,-0.7112256917366081,-0.35549065272486263,-0.15785218384495298,-0.6294567975523123,-0.2793330811640437,-0.13689842244202002,-0.5216773304923149,-0.28020121952982213,-0.12472519459283504,-0.43963358512459144,-0.15369429121194472,-0.16424412774773747,-0.6941697971015653,-0.14880056144358245,-0.1889612489528843,-0.6008266883167567,-0.09697021044572367,-0.13203865992144787,-0.492514641495991,-0.09748366625683598,-0.09622842487254059,-0.4314698823365642,0.07857230376214788,-0.1983343330833639,-0.6398244243524375,0.06003385828575139,-0.2146874225685494,-0.5611322623476783,0.07429832338554394,-0.16362974306860065,-0.4672045388693165,0.07078062850638173,-0.12299904966309443,1,Bright_Up
0.0,0.0,0.0,-0.10076841023312932,-0.31037788370844227,0.02425069826533444,-0.27031256900138134,-0.5809805908031866,0.0027851687378157527,-0.38469663696964757,-0.8031072335853614,-0.026797196722578825,-0.411085315030401,-1.0,-0.060731009688865405,-0.40602059329442475,-0.5630595181298874,-0.08942413722452207,-0.6721314766086741,-0.5346589700141087,-0.12969372314624922,-0.6151639361605051,-0.4519307691882025,-0.1365341708486409,-0.514808272863484,-0.43789715635372584,-0.13611905040064337,-0.4237565591661991,-0.3630104962934696,-0.12850132502470352,-0.6920409826024563,-0.34053141276527316,-0.15087707262669697,-0.6138113327678859,-0.2739454798622571,-0.12620985526910417,-0.5114704912524016,-0.27045232138143055,-0.1138705772876233,-0.42686539860189027,-0.1438800664171016,-0.16020275003241538,-0.6744625636684393,-0.1418310881990508,-0.17876419621348086,-0.5854897751277872,-0.09852108779867325,-0.12310385048475521,-0.4804185540381114,-0.09608865856269234,-0.09043231691613587,-0.4164523272406142,0.08383862462825378,-0.188096248193988,-0.6193016048412481,0.056750316640048974,-0.20127206026870215,-0.544545799882187,0.06673762065713783,-0.15175525846285837,-0.4552294895750475,0.06634874446917478,-0.11383068872495591,1,Bright_Up
0.0,0.0,0.0,-0.10884015843776171,-0.3167661818763359,0.03362566098817653,-0.28746685438522074,-0.5865979746348653,0.012559554936869879,-0.41451237936655033,-0.8018804875931812,-0.020160575335807597,-0.44485512421070533,-1.0,-0.0567663723883288,-0.4233508205813956,-0.5775957547445876,-0.07921633870389153,-0.7204404314645236,-0.5375204445901812,-0.1292550974180677,-0.6598430224618599,-0.4382733709074168,-0.14297712493732426,-0.5459070342240191,-0.4212763685711759,-0.14529229480279562,-0.4376607779159993,-0.37298642471034715,-0.1255118435049314,-0.7404952587708913,-0.3421960337290617,-0.15984359788878538,-0.6607042039135627,-0.2697895046839883,-0.14088986676640966,-0.546055860210111,-0.27148406493065164,-0.12914880774452348,-0.43674609387275004,-0.14606441127932757,-0.16437551855121757,-0.7094202994205949,-0.13265722256365495,-0.1927987411057607,-0.6180680120738293,-0.08653868955798799,-0.13622401439828333,-0.5061620850497288,-0.09209057638295146,-0.09974587739122998,-0.42303097321097205,0.08753397794221322,-0.19852880441054102,-0.6450279445904733,0.07685168322307087,-0.21822286888209838,-0.5696084486432946,0.08659569668609854,-0.1682424826050692,-0.47691369015667967,0.07393146972203067,-0.12819345647489414,1,Bright_Up
0.0,0.0,0.0,-0.11650376324223029,-0.3141101502207442,0.038347437271969424,-0.29544543872937545,-0.5870378079963607,0.022420698505881985,-0.41757386730541735,-0.7983678840772866,-0.004677539452955343,-0.43501049305648903,-1.0,-0.03517064729317059,-0.4078051412421014,-0.6066440441164213,-0.07560327034044839,-0.6985707035914688,-0.5498375590216211,-0.11217714050215023,-0.6513718267991065,-0.4449048956366116,-0.11338284958526311,-0.5604086095642161,-0.4285098227623022,-0.11216444023726191,-0.4225528957653193,-0.41643345201098164,-0.12408273895961672,-0.7216774620618387,-0.3417198120168434,-0.15291338950347078,-0.6503776066364663,-0.26504011564104873,-0.12968082336037465,-0.5458466884062947,-0.27043487922055376,-0.11737953477969505,-0.4284464015887004,-0.19738744402993993,-0.1641135804198566,-0.6930754454317344,-0.13871259914075967,-0.18960777009603205,-0.6053350497465659,-0.08785348123368639,-0.13611626544384414,-0.5026524390279447,-0.0994984947380828,-0.10488916308148703,-0.4233160483432559,0.03661966543698762,-0.19917393312785328,-0.6283546041032333,0.06960870185135033,-0.22241605908020556,-0.5468084984838959,0.08656244065194635,-0.17913501362879194,-0.4577649375808576,0.0689164317615569,-0.1448088717591241,1,Bright_Up
0.0,0.0,0.0,-0.10273575197984978,-0.28352451561053205,0.013410466755897677,-0.28120601423660097,-0.5679680694248042,-0.019834462195785062,-0.39641501315136995,-0.7850015120151919,-0.060001539947681995,-0.40029097215666776,-1.0,-0.10145775229223782,-0.35889712604678653,-0.6035543014899732,-0.110145061343224,-0.6717383396222703,-0.5076283567381417,-0.1817813560440031,-0.6102793140627719,-0.41078934688673613,-0.20313280248388077,-0.513187091442603,-0.41915731446425825,-0.21032579605611795,-0.3487690837750112,-0.41573952768440087,-0.15559106571131995,-0.6700808617760451,-0.3212742997003844,-0.2176899600546029,-0.5813191284327488,-0.2562232132630084,-0.20223245951058194,-0.47249900858182814,-0.2760675049781724,-0.19065992154799138,-0.3407770704008796,-0.1991706989023777,-0.19697098921810832,-0.6187116974695354,-0.12205698716157387,-0.2558498972971885,-0.5184890997876151,-0.07550214481287436,-0.2039884057357792,-0.4129389616683653,-0.10056271326031467,-0.1655911108024004,-0.3359599375705207,0.02689747365802503,-0.2346311913854316,-0.5516060974384285,0.07198316662126326,-0.27704668718704206,-0.4649096527002998,0.08792620147819102,-0.23832678606885355,-0.37446748605163055,0.06401200055186798,-0.2040332625768691,1,Bright_Up
0.0,0.0,0.0,-0.09868013027143233,-0.27956389177794644,0.0113051226503911,-0.2711234780288599,-0.5661697233822236,-0.021076468788718977,-0.3853556342942721,-0.784086088610981,-0.06042784162947364,-0.39338258221516714,-1.0,-0.10128900186027438,-0.3461574747426061,-0.600975436703293,-0.10641780560312239,-0.6525335975250529,-0.5022103289246302,-0.1866766769008043,-0.594490762008384,-0.4086603730010012,-0.21134012770944982,-0.4952274393284584,-0.4162088655754062,-0.21913817032566968,-0.32730343297707504,-0.42438486678519355,-0.15282107835647815,-0.652419380445442,-0.3067455008179085,-0.2223163462286528,-0.5644393346261184,-0.24755912390017518,-0.20694759581604358,-0.4561683961797585,-0.2784071011956472,-0.19470029824925572,-0.30364176589656183,-0.21579672466533825,-0.19766872876266833,-0.592148855008042,-0.11298650479517565,-0.2662830402998041,-0.4933152169816126,-0.07055645875883955,-0.2168425355197051,-0.38788074549030993,-0.11070262007127603,-0.17863146852430645,-0.2808189090487111,0.0003120410614969884,-0.23898944141328354,-0.5169844223893801,0.06762656223266064,-0.2898165558169939,-0.43949338785904424,0.0865370272355195,-0.25679231484088555,-0.34917783119583684,0.053736394747019446,-0.22604037983223135,1,Bright_Up
0.0,0.0,0.0,-0.10006351059082015,-0.26627592266646133,0.00907364541256481,-0.26793675477118095,-0.5596579706487359,-0.0243905430836445,-0.37849459023375054,-0.7814189537128876,-0.06508037512039992,-0.371847086538631,-1.0,-0.10662505509939364,-0.3138290716134102,-0.6250003479396867,-0.11103395109372641,-0.6401990493359919,-0.5196284375281252,-0.2033547235917385,-0.5796176467586402,-0.4164298743798555,-0.23393688235800933,-0.47361457375532695,-0.4263139130410578,-0.2436660153711763,-0.289916800662106,-0.4474047410725635,-0.15981249287617966,-0.644777935613529,-0.327298512766603,-0.24030829591169828,-0.5627267986858087,-0.26014963262208274,-0.22766972023296073,-0.4533570612735706,-0.29251127092625256,-0.2160320945455479,-0.26762198533457415,-0.23439096173312934,-0.20842687236518154,-0.5876940227673174,-0.12343206779164073,-0.2875270603222003,-0.49507850911091666,-0.06755875309550341,-0.23697401888861458,-0.38621792344027916,-0.1050457749451879,-0.19561276111448217,-0.25194243129119026,-0.01247317385015212,-0.25383397281676084,-0.5149194218077462,0.06982871161181436,-0.31276361871622205,-0.4429710616242938,0.0953976393915973,-0.2821771107038669,-0.3477954077528385,0.06401069612989006,-0.2514163139034275,1,Bright_Up
0.0,0.0,0.0,-0.10071673501170955,-0.25928671333701697,0.0035101171661074022,-0.25630290259246585,-0.5521199701652645,-0.032032970045363145,-0.34372146513908264,-0.7863329846020214,-0.07208058659348064,-0.321458260368762,-1.0,-0.1128802955294695,-0.2925980093091928,-0.619055251358546,-0.11517187246563639,-0.600248487919315,-0.5304796711525173,-0.1957322547040778,-0.5522413592338641,-0.4286237896498285,-0.21915520276798958,-0.45670703827307413,-0.4276169347641658,-0.2266075362030799,-0.2696395149292819,-0.44346124294313644,-0.15839633507173378,-0.6136307335541415,-0.33194942301977337,-0.230101110787446,-0.5371349392357794,-0.26673797899789276,-0.2154998744397823,-0.43042518094839033,-0.28997353268715387,-0.20501601761234406,-0.2513000994041595,-0.23922638296992293,-0.20094005649191396,-0.5606857673115423,-0.14207916095875783,-0.2741331549164187,-0.47086887148179635,-0.09137382303182237,-0.2299533505056795,-0.3650998784760547,-0.1228412415314265,-0.19513328956836704,-0.2396024642880104,-0.029997486796690846,-0.24035212258781222,-0.4841193874977352,0.044367704573175806,-0.29694775267126045,-0.4129757271317606,0.06929787213954527,-0.2720339108106448,-0.3232754996846132,0.03974997448581614,-0.24698906991349864,1,Bright_Up
0.0,0.0,0.0,-0.11387685689186931,-0.24767461240188846,-0.007290592389254671,-0.25208130958966296,-0.549895800473098,-0.04611032081951695,-0.3165366704587192,-0.7905971544413931,-0.08799224646319032,-0.3126995630947796,-1.0,-0.13306158584176436,-0.24466580638012095,-0.6266319156180435,-0.13074560948951633,-0.5588302843503213,-0.534497661766191,-0.22568622983416117,-0.5305024901542171,-0.43922468760249045,-0.26056962701130126,-0.4421201118491663,-0.42914030028409117,-0.2730157902167146,-0.20680053833443401,-0.45792597812167396,-0.171481028258121,-0.5665024883669182,-0.35162436428011623,-0.25330981429341837,-0.5062128744502938,-0.28790659933315876,-0.2455486363025747,-0.4032108378231772,-0.299921828013587,-0.23945042824846957,-0.1855062122042132,-0.2551774698460331,-0.2134971304808953,-0.5218258241458722,-0.16469166412721278,-0.29634386702946025,-0.45332871018679954,-0.11295662136161794,-0.25612969723427575,-0.3496899483202518,-0.1376946256815194,-0.22226436227658558,-0.18210542918855735,-0.042480744088285415,-0.25325521789679173,-0.4443149149201033,0.039034608362592906,-0.3178114494485157,-0.3971943428414657,0.04912055956754515,-0.29935334328832186,-0.31195314238427463,0.007071894992613987,-0.27800123713527725,1,Bright_Up
0.0,0.0,0.0,-0.12611931936562565,-0.25010845005964755,2.8685482877159015e-05,-0.2702962486629368,-0.5464075130241322,-0.037799492461063705,-0.3385878362233099,-0.7862477449362597,-0.08129790154143869,-0.3309657320311526,-1.0,-0.12626605361767235,-0.2508096629453146,-0.6616187138902926,-0.12382691165114426,-0.5770611923836558,-0.5566507561579159,-0.22348046489809856,-0.5380846459465553,-0.4362169649193307,-0.2599328333844012,-0.43926639159651537,-0.4290256234640929,-0.27341025642198385,-0.20902646496455574,-0.4942489968369483,-0.17155833946592955,-0.5792076935642314,-0.38372882355085297,-0.2571142568341841,-0.5192960106128058,-0.30060646533355595,-0.24737220147605365,-0.4184509551480253,-0.3109784085381247,-0.23980800669074653,-0.18277277552502655,-0.28939605916783256,-0.22079126341903774,-0.5268254147539781,-0.1915500303525167,-0.30666437471174895,-0.4585819772200875,-0.12479991863995525,-0.2613718216758448,-0.3535528194540507,-0.1517373834555609,-0.22390526513173867,-0.1693699681534825,-0.07423361582848871,-0.26727709054874266,-0.4569633263298295,-0.001480500814275448,-0.33033523148072014,-0.40698989884444436,0.019156285535957045,-0.30581705237072165,-0.30947979521388735,-0.017634609699035336,-0.2799613319000754,1,Bright_Up
0.0,0.0,0.0,-0.12453281242497834,-0.2547809598898882,-0.008862316059204877,-0.24546416354365935,-0.552188969108551,-0.047145287444571346,-0.296132272311076,-0.7906386855319052,-0.08924320038384559,-0.27880621518468074,-1.0,-0.12991301332771063,-0.21366992739797686,-0.6995699599968664,-0.11424711993703023,-0.5128249675485214,-0.5964036349025444,-0.20523916542890702,-0.4824755697856307,-0.48681861371326623,-0.23313401210883225,-0.40155556510217266,-0.48779584334675197,-0.24087927558282937,-0.1678457440759731,-0.549346253275683,-0.15354847182224843,-0.5081107637827179,-0.4301945740959283,-0.2354442846759822,-0.4532001664480772,-0.351122576879048,-0.2234050704018803,-0.3676169200872336,-0.36973490027014116,-0.21181486740008693,-0.1409442895926992,-0.3603750388533277,-0.19585474428663183,-0.45855223866767414,-0.260045111977607,-0.28166137095858845,-0.3974449040859802,-0.1992377587800097,-0.24275768656806554,-0.303703933009703,-0.23181527380119057,-0.20700866337652474,-0.12915562137105707,-0.15616973997542027,-0.23614032782781466,-0.39278440004144355,-0.08857000379899205,-0.2978160634297612,-0.3518812170589063,-0.06738767492420969,-0.2796943027864764,-0.26587300584505674,-0.10036035671777195,-0.2567610997644667,1,Bright_Up
0.0,0.0,0.0,-0.1425113049740772,-0.27702023105685525,-0.016874243460335555,-0.23855807916983052,-0.5717026059806352,-0.05629076637025267,-0.2813560470263428,-0.8042466227353533,-0.09810715169798591,-0.254641012675353,-1.0,-0.13779721052572372,-0.16574468426602693,-0.7044942990202162,-0.10268024794824988,-0.4502810250153706,-0.6246145073585178,-0.188209083676297,-0.4352996401030725,-0.5128557292855727,-0.22002429915294336,-0.3634437965412002,-0.5040391887202963,-0.23308503718341234,-0.11983426949267854,-0.5547268287587624,-0.13743568578115808,-0.45022229195928765,-0.47479518998548736,-0.21340295719071142,-0.41805136175375285,-0.38192070966544084,-0.20610828630923914,-0.33937863565844845,-0.38288312167408245,-0.19952552588902034,-0.09347284864486384,-0.3788390469711034,-0.1761465038075684,-0.40766674985495216,-0.31274066312759496,-0.2553668397029288,-0.365638792616465,-0.24552331330181698,-0.21842496259344374,-0.27613285559055406,-0.2630890539456538,-0.1857384346350154,-0.08322433541395184,-0.1910818208685333,-0.2148920426901933,-0.34196957354282403,-0.1492536572846179,-0.2716452378317341,-0.31960665864757926,-0.12772900486912225,-0.25537975084887804,-0.24540331559240616,-0.15338137596057028,-0.23505732864903853,1,Bright_Up
0.0,0.0,0.0,-0.13485406984632148,-0.27354153003191733,-0.005050771557035313,-0.24438177018381754,-0.5686231314702664,-0.040801384122416275,-0.2913859918794681,-0.8018371524743294,-0.08093122207216835,-0.2708313615172831,-1.0,-0.11771355578965986,-0.20507867154033618,-0.7147972291051206,-0.09692877882821035,-0.5080660107718865,-0.6275416890967437,-0.18603141029202472,-0.46431177034987425,-0.5138299771803153,-0.2218109454145306,-0.3765256715155048,-0.5119851542237341,-0.23782518495536278,-0.1656233971095546,-0.566671785462575,-0.13783348264862977,-0.5113061211836459,-0.46087198062802226,-0.21931739604847386,-0.44189380916508497,-0.3825424759381033,-0.21444882477501598,-0.34859154368403905,-0.39208677680320725,-0.21014037350244852,-0.14565032502640327,-0.38618184214856993,-0.1814303676513923,-0.46717555415249934,-0.2961611241348794,-0.2635728911752756,-0.3913677462082138,-0.23338614415807693,-0.22340974227985333,-0.2930734979748539,-0.25427772050335845,-0.18914508884401454,-0.13845570057439677,-0.190925809214028,-0.22387973925535956,-0.40232789882407705,-0.13871131476846993,-0.2836009984544759,-0.3458719155934375,-0.10811997148349131,-0.26255925134071334,-0.2554587279985815,-0.12936443114094465,-0.23826772859626824,1,Bright_Up
0.0,0.0,0.0,-0.08619954957524416,-0.2646884027677269,0.01033818516523596,-0.22568987309949448,-0.5720259156199056,-0.020594251025953633,-0.30637303367257157,-0.8051090020710726,-0.057594469378019396,-0.27808717046370585,-1.0,-0.09507856332437743,-0.3035887721666338,-0.656046743483985,-0.0989308221939485,-0.616052759617825,-0.5329759063437601,-0.1822994909520106,-0.5609689247491378,-0.4230865755034068,-0.21026696042062215,-0.46290943330004247,-0.43372714869830215,-0.22102604850735744,-0.2903332093969044,-0.5071863678508104,-0.1445030564820068,-0.6385726886065048,-0.3806165533769914,-0.21673734454029742,-0.5679439753534833,-0.2961425522695254,-0.20521645096337102,-0.46596570781897806,-0.31624730236493176,-0.19538396855232792,-0.2789134617974956,-0.3153353934628969,-0.18969356320603978,-0.5923516353882604,-0.19363760035660535,-0.2571462600449192,-0.5092456612342956,-0.12616844803924318,-0.2125656421609252,-0.4078308336457193,-0.1594476150817364,-0.17840011515316323,-0.2703165854099593,-0.11009132286123224,-0.23243621184713628,-0.5141043764319811,0.00012106433216824365,-0.28393656975038495,-0.4458123138567726,0.032345881015138606,-0.261352754786419,-0.35878167400123834,-0.006443676346396247,-0.2378727910969933,1,Bright_Up
0.0,0.0,0.0,-0.08708934289767394,-0.27508055617446486,0.02827428594776723,-0.23575301855049643,-0.5661449413861717,0.00777223438223465,-0.3294003995039937,-0.7951906022179219,-0.02173522935856843,-0.3134061741489238,-1.0,-0.05255817448557984,-0.3468547978904852,-0.6534431279625683,-0.06443017063771915,-0.6323260660353723,-0.5394842977888663,-0.1253383363949798,-0.5852859894532413,-0.4294716856283952,-0.14254792442967415,-0.4991249765828037,-0.4294961475526966,-0.14848987872949948,-0.34273235209759983,-0.5138569666439239,-0.1122073028358697,-0.6556219719450267,-0.36973953962250766,-0.16281290873429197,-0.5779076615358459,-0.2866353499675778,-0.145766489379039,-0.4790299134679813,-0.3110061536009074,-0.13401607663502874,-0.33459366603317076,-0.3327003130922461,-0.1575526139844121,-0.6109438980035604,-0.1920398655980339,-0.20572109874962755,-0.5174783506873699,-0.13101888195551883,-0.16147946630757123,-0.4224407170360791,-0.16989061239000544,-0.1311499927261437,-0.322832780527819,-0.136386949318766,-0.19932921067026982,-0.5315828923901603,-0.022954560140965915,-0.23765979747310242,-0.45133249197903696,0.010135798334265264,-0.21129151209295494,-0.37083054144634797,-0.027022272378227012,-0.186583274050708,1,Bright_Up
0.0,0.0,0.0,-0.10333616764814037,-0.27692572725462367,0.01772800214375656,-0.27401607657075305,-0.5701398086363363,-0.007031166706596889,-0.39732394321676817,-0.7931228354106016,-0.039661907379435826,-0.43698327754263855,-1.0,-0.07008544185956032,-0.35028295733882076,-0.7088214624010756,-0.07828879446412705,-0.6733116070986416,-0.5636532315930219,-0.16633496640061732,-0.6144638561643186,-0.4505558523332522,-0.19851703056149683,-0.5160973276309869,-0.4627154843148597,-0.20957554704530276,-0.33602224462981634,-0.5539497599261604,-0.12833906667424988,-0.6839774814215406,-0.3949803125754017,-0.20439085824569306,-0.6017260871809947,-0.3076383203576505,-0.1936256248572539,-0.49912684138268204,-0.33813565304615084,-0.18239403341583096,-0.3250107735572126,-0.35423772209596,-0.17939392699731962,-0.6316010296254384,-0.2016076570753032,-0.25589777334163305,-0.5357379702302116,-0.12837296632644352,-0.20920542662380118,-0.43414580178972756,-0.1712213789521043,-0.17045707690096346,-0.31469133890292,-0.1357905472967064,-0.22721874843021853,-0.5466529270885686,-0.01221937385876683,-0.28493290514780806,-0.4696889523887795,0.034661035968403184,-0.25895814846161724,-0.3846152549355536,-0.0024680665442326963,-0.23016382804917704,1,Bright_Up
0.0,0.0,0.0,-0.1056389597412501,-0.2631169896657814,0.02048216574840741,-0.27587199242683214,-0.5606711720003156,-0.003953244974330503,-0.397533671671619,-0.7889488548213206,-0.036794987871198684,-0.4319947408556628,-1.0,-0.06719066945630478,-0.34775292539903757,-0.7059292645086644,-0.07873409684066934,-0.67664550737595,-0.5818083041889085,-0.16602630804790594,-0.6162387651529097,-0.4597221068132215,-0.1980605450775412,-0.5170241657682295,-0.46932940650556154,-0.20979769304356713,-0.33097625496331745,-0.5530768623944884,-0.12993109123968064,-0.6906939440952957,-0.40766930500407583,-0.20552241628109638,-0.6081411554340109,-0.31241726051171476,-0.19216282228703924,-0.5033588051224066,-0.3345131347129822,-0.17962632382533894,-0.32224986194746114,-0.3519158536906045,-0.1818306415828398,-0.6431243524678535,-0.20820826211575377,-0.2532398161601361,-0.5484807909753083,-0.1272278524284099,-0.20217558885991782,-0.4440697362539115,-0.16151063661942203,-0.16223501719092837,-0.3186019090693944,-0.1292733440269268,-0.23087585707627903,-0.563772489415972,-0.011445160272423677,-0.2846569714889641,-0.4859009703121302,0.03490567724631202,-0.2573108146086885,-0.39755386678587395,0.0006767466933129979,-0.2288003357635966,1,Bright_Up
0.0,0.0,0.0,-0.1005572298534715,-0.27005056938432703,0.02397538122738963,-0.26832908947229783,-0.5669547871820719,0.0016771402373328467,-0.3842556186105965,-0.7951381063460422,-0.029553557167276683,-0.40909232788262295,-1.0,-0.05968134784353179,-0.3385814778328717,-0.7088825622516182,-0.07576824959395836,-0.660574300831168,-0.5813719469538648,-0.16131283514725267,-0.5987333813953961,-0.4665692050713727,-0.19507710297505154,-0.5011282425933921,-0.48034052327549126,-0.20753167351307653,-0.33105023770919567,-0.5513142073420316,-0.12681320212637487,-0.6780611100356349,-0.40678482777775316,-0.19783612939780887,-0.5948747985001926,-0.31506417379672663,-0.18434682624647825,-0.49092004805511485,-0.34128115186369895,-0.17197590402025809,-0.3296280731081816,-0.3494429134468602,-0.17773040241307975,-0.6372393790353699,-0.2170970844114512,-0.24657912494273185,-0.5434788578598799,-0.1395741062032629,-0.19764851018170337,-0.44059297156165833,-0.1749729357782628,-0.15897647956649943,-0.33218288353096187,-0.12695711125290607,-0.22527867703800414,-0.568546098283705,-0.031068554097047674,-0.27730086618245686,-0.49081687181629,0.020197634606561123,-0.24831467434187354,-0.4023423090581703,-0.005731492175932162,-0.21790338675712767,1,Bright_Up
0.0,0.0,0.0,-0.08567335669934138,-0.27520190631705616,0.025494536150354664,-0.2339841490768509,-0.5713955220993296,0.0031975785547114365,-0.3416049530910689,-0.799940477194333,-0.02664770357625709,-0.3527323447918041,-1.0,-0.055375641696348316,-0.3252988788879553,-0.7038940811514092,-0.0782687451856744,-0.6357434448030143,-0.5868101430829044,-0.1525989276131533,-0.5737436967828916,-0.4758325504430977,-0.17770215007864743,-0.4809460554732708,-0.4862585650837238,-0.1862904104948904,-0.3276289983204648,-0.551302110976303,-0.12711131182889568,-0.6609412341260118,-0.42485364830156636,-0.18935651701888753,-0.5774805385226638,-0.3339859347610209,-0.17221198969444756,-0.4773572271102571,-0.3553717844044297,-0.1585945978250644,-0.33219876252087016,-0.3593554473783676,-0.1740514551994936,-0.6267146288207441,-0.24893211126399653,-0.23201033634931548,-0.5357963208953818,-0.17213132318204952,-0.18171743454309594,-0.4375799217671924,-0.20378356714222082,-0.14475720718581922,-0.33727447056944476,-0.14759374097857478,-0.2176889756976598,-0.56598648633902,-0.06975884335284029,-0.26213259619215545,-0.49070541469042683,-0.020840918357527702,-0.23235512220114138,-0.40629334624316854,-0.04749245300426481,-0.20302715699817359,1,Bright_Up
0.0,0.0,0.0,-0.07447988164693178,-0.27224763937954366,0.028909692540887242,-0.2028387406748081,-0.5756474434932332,0.008732288048206005,-0.3140685829045365,-0.8014028341053367,-0.019052913179321923,-0.3243624955563985,-1.0,-0.05192724996894734,-0.33456870222602497,-0.6692563653073409,-0.07046854825886822,-0.6427252095122331,-0.5686986677778656,-0.12424348898640569,-0.6301099733963329,-0.4507578753745115,-0.14614203547613003,-0.5730156870131242,-0.4163945368982289,-0.1563827667593777,-0.3585886010977577,-0.5278598966175351,-0.11509287959091195,-0.6860979334422189,-0.42559510600619127,-0.15138845442500748,-0.6350018899581314,-0.31787398391008753,-0.13705608760454602,-0.5489607826835694,-0.2983004513636429,-0.1303506671392302,-0.3735661286036087,-0.3469304372792354,-0.15463821591426277,-0.6636263528972329,-0.2681734464657158,-0.1875572546855481,-0.5981407581960976,-0.1796337765546811,-0.14196252566121031,-0.5087445124256633,-0.17921775015210303,-0.1145425774452457,-0.3862798416118436,-0.1397948728256045,-0.19095897496337796,-0.6101966763375655,-0.07840895578094219,-0.22187575444010119,-0.5507437529803325,-0.036377402495975694,-0.19184060280564202,-0.4744285851875848,-0.05585332366964715,-0.1655115458281527,1,Bright_Up
0.0,0.0,0.0,-0.07303681297846246,-0.2785533317164204,0.028371725249680055,-0.1989425130040124,-0.5752137429144515,0.009119956839869192,-0.30392290889893,-0.8015577917759005,-0.018853241722658464,-0.3140425186380544,-1.0,-0.051783783105020895,-0.34558685769201586,-0.6610865423569545,-0.06183211087089918,-0.6189396492255645,-0.5681616074713415,-0.11082974674910814,-0.5938980223586747,-0.4445627629267816,-0.12884297568338118,-0.5246805065341693,-0.415051586205032,-0.13721414590630732,-0.3699477700697931,-0.5115307358748619,-0.10594295604062018,-0.6558163752296035,-0.420062041125914,-0.13944772875008005,-0.6014518051225154,-0.30976870197552103,-0.12378453650189221,-0.5109158521803303,-0.29576155697328893,-0.11570129498986348,-0.3825587652105824,-0.32501154006421884,-0.14567346087809566,-0.639940320820035,-0.24272915771350115,-0.17538456044541328,-0.5733338154135075,-0.15489217476011227,-0.12919680463062594,-0.48234954642721417,-0.16313343101166516,-0.10166834079777284,-0.3895690504157872,-0.11668994431835106,-0.18224898322022015,-0.5915171882491754,-0.05804035427707811,-0.20652842883234077,-0.5274898426370872,-0.013496146190288124,-0.1723886690369662,-0.4492269349057048,-0.03838870473189622,-0.14398235711371768,1,Bright_Up
0.0,0.0,0.0,-0.0548573397904045,-0.28962162414125203,0.03204474382556616,-0.1712880724298757,-0.5843457343879122,0.020914542840078015,-0.26581598689212826,-0.8074249667881218,-0.0012970675294616952,-0.2724461500547481,-1.0,-0.02762066313753666,-0.333642700984929,-0.6259400637938256,-0.021632424897663986,-0.5767554832310938,-0.5416487039729132,-0.0612347671486798,-0.5357426999963004,-0.4471202526988104,-0.08094490463022075,-0.4569279841404307,-0.4337417382978707,-0.09055931670426445,-0.37028064657734805,-0.48172502340835177,-0.0611632201942617,-0.6284502854743053,-0.3986271752678613,-0.08549408310454867,-0.564194622746749,-0.3196672518064949,-0.07663195692074994,-0.47283765588401033,-0.32274765714059744,-0.07261574314509318,-0.3962063327604507,-0.3089204575014781,-0.09772798602955146,-0.6262121379332681,-0.23641006001511752,-0.11926072835391366,-0.5488765176621612,-0.17123958042606846,-0.08079618538053698,-0.45926508399919996,-0.19081352985955527,-0.05821400384785773,-0.4148809434074606,-0.1168617925552338,-0.13169797672615474,-0.5823839554811197,-0.07010154377693929,-0.15004946019004595,-0.503890610986275,-0.03246208620920962,-0.11907360468977554,-0.42395288473965137,-0.055373037041225495,-0.09256022695822522,1,Bright_Up
0.0,0.0,0.0,-0.04529586577646003,-0.3046474534764115,0.04741266510647171,-0.1625060788480729,-0.592608267858619,0.04843789461315658,-0.2589290910934865,-0.8131257512647084,0.038741384867277025,-0.2611952176142559,-1.0,0.02408102128067345,-0.35776957467234444,-0.6572986127859518,-0.01170264975648078,-0.571989054257667,-0.6148009709974239,-0.014342371430060178,-0.5380451527961966,-0.49657382376531,-0.009523000136502455,-0.46621925854466056,-0.46635203005711656,-0.010461565974989956,-0.4219057548451258,-0.5037924012583135,-0.0515669946702055,-0.651361409113992,-0.44229418139880305,-0.04278298449792159,-0.5847148911066717,-0.33355468048544723,-0.016580574786917546,-0.4853944440271071,-0.31669499707930254,-0.004851352522946263,-0.46520820899412985,-0.30865055135577274,-0.08348149873504582,-0.6692842760371235,-0.24642521437680096,-0.07664600130574688,-0.5876375194272583,-0.1604148355798598,-0.033684705121098106,-0.494925305450335,-0.16195402887522944,-0.014448277169458202,-0.4882411241002638,-0.09230433694835344,-0.11094801921206333,-0.6244229519281614,-0.046063255695405966,-0.11149832219132183,-0.5375387085506234,0.007648705703023779,-0.07444008859676392,-0.4579743682940157,0.0019581039676339097,-0.04671593828617144,1,Bright_Up
0.0,0.0,0.0,-0.05189391296713001,-0.30759953287226544,0.029022053134511193,-0.18210749949132188,-0.5978009074781423,0.02928242051397087,-0.2841282040118993,-0.8087841108078574,0.021351894493422275,-0.29300716484759964,-1.0,0.010015070064202857,-0.3959255473731898,-0.6085949936599669,-0.0013139552515453168,-0.5781860601608206,-0.5457959687918452,0.006120215655443502,-0.5434975815702042,-0.43787013506520095,0.012097888846685166,-0.47367597503624503,-0.410277101614855,0.011434688206315413,-0.4558038398686709,-0.4467433579022897,-0.027102466854581148,-0.6376120526387599,-0.37396158164015314,-0.009998584522443564,-0.5837878040752177,-0.27739543681561846,0.00526394281786748,-0.49806556583315104,-0.264991158928171,0.00824897329312951,-0.48758834468576623,-0.24867484109842417,-0.04635648058460995,-0.6662789115435599,-0.19442270178127513,-0.0349955848812051,-0.6060674508112346,-0.11441259561737131,-0.007937386410572992,-0.5207235561601605,-0.11088181380504175,0.0018226121274327785,-0.4979508058609193,-0.03855971498723341,-0.06214962443678162,-0.6469904925916973,-0.0025717163301072423,-0.05863303392458965,-0.626937189316976,0.03861545554517454,-0.03193826764875658,-0.5893370862880232,0.03360991701032421,-0.011055180326800763,1,Bright_Up
0.0,0.0,0.0,-0.06420023441468257,-0.3068400646240938,0.009786740206597413,-0.22142391299736466,-0.5989500513143691,-0.0012402189688663925,-0.3506985195004244,-0.8016176078672005,-0.018305342835710232,-0.38614245917894696,-1.0,-0.038454214406508445,-0.45319169204744914,-0.5824929102864387,-0.027516417314438393,-0.6552345477412614,-0.4992481220406496,-0.05419643621069929,-0.5945567044026224,-0.4070722038104149,-0.07175261300673114,-0.4991885348928068,-0.3961407583419114,-0.08281271199660363,-0.5057543057981573,-0.38582678228244616,-0.05247015049746041,-0.7031233307402961,-0.3153122385830832,-0.061534393397429984,-0.6183863568957757,-0.23490642118047347,-0.052982245627859845,-0.5140089577417204,-0.23427448887147342,-0.04991811153710766,-0.5282067045376095,-0.1633249011412578,-0.07464058294973959,-0.7059949877373892,-0.10517748677994525,-0.08833753978203282,-0.6115332563778496,-0.04130989906438536,-0.05570087309093992,-0.5100112193535971,-0.05105866499334128,-0.03693883091885918,-0.5274029529770626,0.07084584052782257,-0.09527779132464573,-0.6440716958733682,0.10922247064127727,-0.1096571258557643,-0.5553828792432702,0.14068236347697372,-0.07752263515618033,-0.47380036029976386,0.12618070294321942,-0.048507656388681666,1,Bright_Up
0.0,0.0,0.0,-0.07260860914817899,-0.3182668552028482,0.02616069819152303,-0.216321998765126,-0.592149831127665,0.019329717386271927,-0.34101492735933686,-0.8039466064188215,0.005779157793696237,-0.3791986439749149,-1.0,-0.010233279363376015,-0.4462625623943584,-0.5888147181578155,-0.010259029754449036,-0.6295354681433071,-0.5191978795380147,-0.00898377211795336,-0.5681300649201309,-0.4266767171117144,-0.008863017604715098,-0.48114761229816366,-0.41312263408882066,-0.01125506174403064,-0.5046354500416655,-0.3971812277099592,-0.03305298535515019,-0.663758224121498,-0.33063428544354206,-0.014160571017640828,-0.58529756080147,-0.24980003620328303,0.0019030425776241293,-0.49188785729364853,-0.24609055474662514,0.004919762402190066,-0.5319593031737121,-0.17673911964717778,-0.04894468406103702,-0.6687545388440947,-0.1225904467629041,-0.028385107488990754,-0.5881444808169793,-0.06330359910536586,0.00497455663526127,-0.4967531523910568,-0.068329070834424,0.015935570531495222,-0.535432538116478,0.04656523454989385,-0.06245715760595988,-0.6250798663674585,0.07881793010112341,-0.046711807564415814,-0.5470454373630403,0.10562667611901927,-0.008971389005308349,-0.47203100137402393,0.09299963637848672,0.01918923137121514,1,Bright_Up
0.0,0.0,0.0,-0.06739012399561002,-0.31702239788145076,0.00013493559739835337,-0.22335127647937203,-0.6005022298943478,-0.01695300452717105,-0.35705517507433315,-0.7967979602819891,-0.03852579147072973,-0.3798278638852862,-1.0,-0.06223050253893669,-0.45750933228437807,-0.5664500137834958,-0.035042575794127645,-0.6492064416599079,-0.5064182020337339,-0.06614775932606166,-0.5831349254634027,-0.42660497937262953,-0.08855217970911917,-0.4884569705591711,-0.4221266398071348,-0.10282922463334186,-0.5115111139657731,-0.35489848684743325,-0.05586023605269884,-0.6936882360755774,-0.3235199896593861,-0.06864331260276366,-0.610370993460918,-0.2534322101346793,-0.06414000790492541,-0.5106962719932531,-0.25000728071774714,-0.06324904877109544,-0.531651972914932,-0.12409035909297815,-0.07454644125683621,-0.697418855902029,-0.09688660551395684,-0.08807983067829242,-0.6105166078158605,-0.04516398769498859,-0.057952613350662915,-0.5115922989554464,-0.05068955378575381,-0.040452775546104505,-0.5265201639976685,0.11148115331356435,-0.09274142241872706,-0.6326842989027859,0.1353688890342816,-0.10277986161635605,-0.5543672138707846,0.1534410267846635,-0.070536791662821,-0.4773866890926071,0.13722736704112828,-0.041887768859812484,1,Bright_Up
0.0,0.0,0.0,-0.06057455180569588,-0.30691097604907425,-0.005680653863946693,-0.21028955403289212,-0.584614658007303,-0.0252550449387703,-0.33685579158999585,-0.7913836676597215,-0.04694639674965217,-0.35935112188643986,-1.0,-0.06881867642160144,-0.4354865983906771,-0.5413205560489446,-0.032578822087644246,-0.6074780081734861,-0.5050201281124026,-0.05638365753442166,-0.5415270694635189,-0.440659990943044,-0.07497794479921169,-0.4549473853827397,-0.4365402798395678,-0.08709315729040246,-0.4849623969632341,-0.3354346459128402,-0.04646225359973917,-0.6465047836100583,-0.3238889717206272,-0.0528235700023681,-0.5655593966844873,-0.26863802087915445,-0.04682072338164063,-0.47304925854275615,-0.26517063286637843,-0.04520077960329713,-0.5050931023593463,-0.11729443349110465,-0.05859006931290964,-0.6423157099292205,-0.11662303337645728,-0.06036888024941556,-0.5631730091597497,-0.07564966064196964,-0.028713629506939637,-0.4723608187562336,-0.07585858183626543,-0.011968982273293323,-0.5025531725739073,0.09424957377668584,-0.07159087591911634,-0.5962589585611849,0.08610442540652119,-0.06691293613583503,-0.5219757129111631,0.10113323078661238,-0.03016837123552174,-0.4504900294767802,0.09285639538706449,-0.0005465201762173173,1,Bright_Up
0.0,0.0,0.0,-0.06496921813406487,-0.309410402766397,-0.01366014049809283,-0.2149858961218306,-0.5767823723479897,-0.0418893969004313,-0.345224068999218,-0.7883967922203027,-0.06995439176622723,-0.3629954226631897,-1.0,-0.09883231006370834,-0.43847747257008257,-0.5291175242204559,-0.05832355084993764,-0.6110631586520449,-0.49132548424560835,-0.0879100500421998,-0.5344877428469185,-0.4395082376178788,-0.10707733259534279,-0.446789370562464,-0.4416888027634071,-0.11870099076480048,-0.48465148611615916,-0.3043507591053871,-0.06927362503661712,-0.6494811136971596,-0.3070242825895823,-0.0852309088324337,-0.5564338257622121,-0.26607473046596525,-0.07954289161626549,-0.45975746374990306,-0.25827017966444077,-0.07649897198080799,-0.4994583624925603,-0.07444082023932212,-0.07755158892994153,-0.6462890309294919,-0.09546274642077301,-0.08687093432125757,-0.5582684978505484,-0.07490873823781409,-0.0543772446271328,-0.4616694992772872,-0.07562705963805497,-0.035019984259918084,-0.4902179163633951,0.13750753312472613,-0.08635201882025922,-0.5926382334226875,0.10791882071209868,-0.08754088605319886,-0.5158551136018568,0.10840561239982696,-0.05130406259787485,-0.444132478348982,0.10014416882421588,-0.0211252320565083,1,Bright_Up
0.0,0.0,0.0,-0.061881207342577814,-0.315070147247273,-0.0002060722835310059,-0.20542945426236753,-0.5739000833963583,-0.024050818602428636,-0.33459395589053814,-0.7815335314382081,-0.053324071520376604,-0.3551090902030544,-1.0,-0.08240568530462968,-0.43065139767488736,-0.5476888483721067,-0.023333996796499914,-0.6314812006856623,-0.5222316939446108,-0.05314167665803607,-0.5817536719361084,-0.45530232566740203,-0.07440525168054939,-0.49349101593776523,-0.4535228951665246,-0.08478967583886564,-0.4780667577677883,-0.34010921039736236,-0.040953806251538924,-0.6708093329955566,-0.3322747604897271,-0.053081047875382516,-0.6044502404810731,-0.2771070524472486,-0.050898168999809514,-0.5158134103563115,-0.27938186841127166,-0.048362386923184716,-0.4973907664883476,-0.11287040649714955,-0.057846902429175014,-0.6705409298601493,-0.10436619692265589,-0.06275172587298232,-0.6111566205798543,-0.07272772660787624,-0.03955084974893441,-0.5233007760854008,-0.08741195766941388,-0.02496826666693045,-0.4950671331438578,0.10280958817731804,-0.07435383394245833,-0.633300017936689,0.10645628348104906,-0.06688241707346458,-0.5989995210719113,0.1154074309668615,-0.03465257631705407,-0.5427429450564081,0.0982555183055931,-0.007296764269285149,1,Bright_Up
0.0,0.0,0.0,-0.059542821840974404,-0.3387756443297759,-0.008978147140800268,-0.18437084252261995,-0.6072725633955154,-0.030595585255707897,-0.31991091907888375,-0.8032712452081919,-0.05440768805084713,-0.3758095726312765,-1.0,-0.07607576186370396,-0.46929722025839854,-0.5453701486904035,-0.00706708945977719,-0.6086606033805309,-0.5220093155659709,-0.02594638715299632,-0.5339034211843219,-0.4676716436688045,-0.05150694830740544,-0.4465340780528383,-0.4499365786654574,-0.06799939408005193,-0.5311753179751366,-0.31792500039902394,-0.016639175745887684,-0.6517808203744441,-0.3213671217417348,-0.009673866652554574,-0.5768596158666941,-0.2885020077945806,-0.012918133734769468,-0.49032437360282943,-0.2776123158504515,-0.021696036950808538,-0.5506183932197852,-0.0876705357905697,-0.02622536650139492,-0.637117676385012,-0.10802563893121672,-0.014920333178201486,-0.5696864798483521,-0.09271307174262675,0.004532398225757207,-0.48644445258140323,-0.09446934040873196,0.009557967958594248,-0.5416031749161345,0.12132862766747504,-0.03759716151763284,-0.6072902143368832,0.0806674309148727,-0.022388588476535257,-0.5407481370276378,0.07979483597299405,0.010612789945799193,-0.4742965677368958,0.07052827953082295,0.036927066981314205,1,Bright_Up
0.0,0.0,0.0,-0.052827209533635545,-0.33052250315065995,-0.0038549725817288117,-0.18953617313808702,-0.6067295574384698,-0.018726915023660026,-0.325174172045141,-0.8079056430666746,-0.034108397098473034,-0.3633247040308785,-1.0,-0.04850569935630071,-0.4635159695889432,-0.557011456641836,-0.014540356453753586,-0.6008813129598692,-0.5111500159341591,-0.019451996649126037,-0.526636757192724,-0.4522674549530749,-0.029916619987122757,-0.44420985306071264,-0.4392363178625448,-0.038525801856164374,-0.5227593214830677,-0.3386494807764295,-0.023318783693819962,-0.6446859672182965,-0.3269947285572407,-0.008434360807869218,-0.5635841581440247,-0.27796482019627766,-0.002303995544400957,-0.47690854683066053,-0.2580981329023876,-0.004745364296550399,-0.5443823834608251,-0.1128956503641113,-0.029353443573722035,-0.6422618974745378,-0.1264567512790919,-0.011832084160399594,-0.5673926818618072,-0.09520558033171989,0.013603105676370806,-0.4817283053363295,-0.08044617129425068,0.02196687407670737,-0.5402634311605373,0.10047312766210827,-0.03616581829394677,-0.6119114980817795,0.07445407419196748,-0.017499749135058904,-0.5411004846284522,0.08423308465657342,0.01830931996595402,-0.4764185575263952,0.08700588803350218,0.045879898992705226,1,Bright_Up
0.0,0.0,0.0,-0.06425144440003758,-0.29772726854145526,-0.004085555941803366,-0.21583342388651813,-0.5780108626986568,-0.019599292073352894,-0.3395498555139522,-0.7991588683491755,-0.039732010427777444,-0.37014525958681965,-1.0,-0.0604946221074807,-0.4377179492374194,-0.5559276114771097,-0.006046887563988466,-0.6232267077256294,-0.5101355719308456,-0.03528302694099483,-0.572593142391967,-0.4118288857906398,-0.06001929846425902,-0.4791535824988627,-0.3843314136058155,-0.0732266723175334,-0.49160912702432413,-0.3667313738238062,-0.018884368444220676,-0.6664279439147339,-0.3029969113689984,-0.029625941184980107,-0.6009127761027997,-0.22094872725196563,-0.033868851906599974,-0.5062153864288096,-0.2149433014279163,-0.035738603467030866,-0.5196586666764894,-0.15197372177273052,-0.03285727690738272,-0.6563535184056255,-0.0863146204409541,-0.03769444002651326,-0.5853124269051623,-0.031204013562718364,-0.018958854673843905,-0.49619013590344757,-0.04426522076252535,-0.008676125424259684,-0.5252215176468205,0.06495168143450979,-0.04801957219579308,-0.6036787308065619,0.12142832147547053,-0.04761292604479457,-0.5322474625155859,0.14773546437207966,-0.022487712285560447,-0.46177446179177434,0.12325884643223521,0.0005080008694757777,1,Bright_Up
0.0,0.0,0.0,-0.0675503208449261,-0.30693341328609686,-0.004116891118390411,-0.22929365103069374,-0.5925338363311791,-0.018135774346670866,-0.3707742398935189,-0.7990108908836235,-0.03736331848055805,-0.4025475179032158,-1.0,-0.059571001479721,-0.4631658231037448,-0.587055846699,-0.018961971450718974,-0.6763929126929608,-0.5014901158013159,-0.052233017589360435,-0.6513889112256284,-0.3661107116025704,-0.07830145842814457,-0.5741694944978867,-0.3149388369017232,-0.09325302368154659,-0.513865754408698,-0.3998620355330299,-0.03512481520835335,-0.7235129666687344,-0.298624912025156,-0.047620037140453236,-0.6813713890107836,-0.17836703372949775,-0.05031755442621774,-0.5971271953504864,-0.15241952838591147,-0.05483921849480251,-0.5428204869000767,-0.18403552383993824,-0.05171456790522746,-0.7103584778648017,-0.08501528981728036,-0.061416187676228653,-0.648863391819852,-0.0036587579292234242,-0.03942787040524469,-0.5584093612126475,-0.007738722946060221,-0.028681384827949744,-0.5520925951028166,0.04152470073236425,-0.0696330763956136,-0.6665058421423052,0.10997314996274232,-0.07502163131833742,-0.6049265146798328,0.15125929431730373,-0.048113761848882206,-0.5311800461183469,0.13401660781254907,-0.024629779492864188,1,Bright_Up
0.0,0.0,0.0,-0.06993192547600297,-0.3042113471177304,0.02068335331102244,-0.2065993860288692,-0.5828843005838229,0.009659556998355962,-0.3371339539282999,-0.7953794849091,-0.00995914947488496,-0.37004311824861885,-1.0,-0.033998207001681054,-0.4401877857442391,-0.5773553458981654,-0.015764577008173387,-0.6493784552922743,-0.4795991215624849,-0.03661588845459995,-0.6086052393566892,-0.37095428530516644,-0.047641217442502194,-0.5286112202907571,-0.34254855003747825,-0.05396011020503622,-0.4849529342374869,-0.4007658323068823,-0.04451571060947984,-0.7111940389374394,-0.2946609448414687,-0.050472764166601417,-0.6577479640228308,-0.19248691427149253,-0.04422965892213074,-0.5685323966450272,-0.1783004114083882,-0.04372833561611585,-0.5071149250118474,-0.1912291647489201,-0.06926507939689416,-0.6974024335777821,-0.08645138226302375,-0.07672153985283811,-0.6187682490328469,-0.01917327710865672,-0.04618088386905481,-0.5231431464486256,-0.04086926155433177,-0.030849370629419535,-0.5101662728893708,0.03383455314191422,-0.09184066418174856,-0.643330016544978,0.10232209278143144,-0.09743943093067743,-0.5624004780850881,0.13169451843496294,-0.06337661115404682,-0.4809782431347108,0.10262795813930609,-0.03567734937080307,1,Bright_Up
0.0,0.0,0.0,-0.07877041343698067,-0.29303514665750713,0.01849481911579285,-0.22724996918644158,-0.5736892067402125,-0.000510827959721653,-0.35349546970384754,-0.7945175430727969,-0.027898152340621263,-0.38561604667330424,-1.0,-0.06022707539148065,-0.46238917907346755,-0.5835323810012375,-0.0337713232492474,-0.6839780842141583,-0.4294453879497313,-0.06343597051667388,-0.6288565798802349,-0.33544381560972686,-0.08034940788524352,-0.5405139381531395,-0.3362381314464219,-0.09138956524918941,-0.49526790049552855,-0.3872465712097699,-0.06795891481109383,-0.7166524809545056,-0.2272437628363563,-0.07969329849483218,-0.6458031157622964,-0.15512112613446505,-0.07071546156493515,-0.5495998407295409,-0.17278963508504008,-0.07154732460746832,-0.5039539783625302,-0.16256350962890972,-0.09881762080261691,-0.6970743556620678,-0.014264907774122603,-0.10941534540921433,-0.6115738343771476,0.03170339387466218,-0.07475234076385827,-0.5132358658377181,-0.005152046364538312,-0.0604469401919625,-0.4917691676091753,0.06939397609721239,-0.12838101789294423,-0.6197814414422627,0.17581232152500884,-0.1410614275198078,-0.5257833601741813,0.20081615443105758,-0.10983955913496483,-0.4376898452184776,0.16379993093496045,-0.08476659573177482,1,Bright_Up
0.0,0.0,0.0,-0.07914760362481167,-0.29363416415049615,0.023114535312924768,-0.21091325662172933,-0.5785450103993235,-0.0005424052932352521,-0.34649506312325,-0.7849206231867953,-0.0325031978586996,-0.38453832106605823,-1.0,-0.0671779340363747,-0.43382858690815546,-0.5896314857464168,-0.03619432280748991,-0.6597250725043412,-0.45254212310261827,-0.056980200235210915,-0.5970651062991619,-0.355213230247843,-0.05994955764238604,-0.507233455632494,-0.3547743649640328,-0.061724346114756176,-0.4672498808882801,-0.41366758697063244,-0.07093577168292743,-0.6941315002925927,-0.26171746938506874,-0.07815385844585958,-0.6175785529273344,-0.18062935818933015,-0.060035386042340065,-0.5182173923618745,-0.19973244574634044,-0.054660764779455376,-0.48104785882673884,-0.20482770889143354,-0.10100894133283198,-0.6813239977088581,-0.06983461713272456,-0.10007133298170541,-0.5979792738453555,-0.01018518474358907,-0.05696480751945893,-0.500657248693348,-0.044565095568376324,-0.040216414991138004,-0.47968118597596016,0.01332105413514399,-0.12971399543745285,-0.616889588801066,0.10729869880878741,-0.13108400675485468,-0.5284419710116174,0.13953741252621293,-0.09655241031442319,-0.44358759254110247,0.10524144029080906,-0.07169979169274251,1,Bright_Up
0.0,0.0,0.0,-0.08070129853012754,-0.30300009131981614,0.0339841197401786,-0.22490771520644398,-0.5762084577212787,0.02131447494131285,-0.34204712667376513,-0.788288657231541,-0.003979114295799523,-0.35500117209454707,-1.0,-0.032739577681495824,-0.4003449441301599,-0.6045543169324826,-0.02341801624914922,-0.6348003814720566,-0.5523299262568949,-0.05303851062827332,-0.5958216947639854,-0.4378512164835092,-0.0652682816414808,-0.5163753376244232,-0.4199259838768745,-0.07326437301213476,-0.43368063106700144,-0.4321366671656306,-0.06460549512555773,-0.670845160190962,-0.36086898807287887,-0.0828173672194458,-0.6089493419795312,-0.26847442244923514,-0.06849611940476666,-0.5167415583302972,-0.27086267100106287,-0.06177215661429668,-0.4536307158437998,-0.22857914839093543,-0.10179045352796932,-0.6603476178237452,-0.1587697620318565,-0.11403220438303348,-0.5851077150181557,-0.09034806030120476,-0.07227095815939032,-0.4934917214350203,-0.10373008498391548,-0.04971582852761629,-0.4624618127830797,-0.014797575976674847,-0.13611616024449474,-0.6204207113342954,0.037008626427578205,-0.14224288437674465,-0.5436519076897876,0.0749863726356876,-0.10386060079764804,-0.4621513254082796,0.059413425519275545,-0.07408379184152769,1,Bright_Up
0.0,0.0,0.0,-0.09019111092401667,-0.3038146653257635,0.03654215120585479,-0.2569067556018726,-0.5816718575301829,0.028553853106812594,-0.3734585773925423,-0.8001944886947404,0.006969577016001116,-0.391367811839036,-1.0,-0.01799579161293818,-0.42582248314286963,-0.6007470976248249,-0.03028094401948401,-0.6661517765120257,-0.5580928224285587,-0.060814026912032026,-0.6204366609578246,-0.4465404840021165,-0.07133536351625056,-0.5316860876733928,-0.42906449850175626,-0.07698632534502436,-0.45495671236761587,-0.4130987410804798,-0.07318701935907887,-0.7028800480501481,-0.36191353027797823,-0.0950465536456673,-0.6361166070101734,-0.27017392195838996,-0.08116991695260355,-0.5346682745150724,-0.2707685062861381,-0.07242769443586423,-0.47250017271546785,-0.19121928660757212,-0.11094045538980148,-0.6910588576045059,-0.1417596191437623,-0.12792942607208097,-0.6213742592117769,-0.06962800008781801,-0.08679062839732463,-0.5259019826124368,-0.07575894600662704,-0.061501470980922436,-0.4804998697836152,0.04603859198725108,-0.14508952605973408,-0.6519214318847457,0.07571201573956562,-0.15665051033044072,-0.6007336026553266,0.1027430438971216,-0.12086710066324884,-0.5319553828109941,0.0852857902200949,-0.09106876661723341,1,Bright_Up
0.0,0.0,0.0,-0.1065088463979689,-0.3060357822913361,0.02532212550878071,-0.2837807442081879,-0.5832477784830212,0.011421562567452559,-0.39614824658838466,-0.8062878847984767,-0.014143686125918594,-0.40666772453189465,-1.0,-0.041239376544139,-0.4049226436052047,-0.5952407965725166,-0.05493708039807426,-0.6662571405902888,-0.5703748809901619,-0.09811206453009584,-0.6041837908600445,-0.4589592589654078,-0.11736595962292351,-0.5048202951443986,-0.44407549190733103,-0.12967537032587495,-0.4265239209774675,-0.4086968422722945,-0.09760151852287591,-0.6988563154554109,-0.38083207711837513,-0.13260511981016565,-0.6189913916217074,-0.287650944144716,-0.12239938155246968,-0.5106533640114249,-0.2871427721358299,-0.11568681758468169,-0.43329101872421455,-0.19360084100285624,-0.13613019121606854,-0.6827953427483339,-0.1754117740399873,-0.1659738420412034,-0.5958866232941923,-0.1146370199936528,-0.12312173407944525,-0.4873651221834338,-0.12378649635036497,-0.0944929381614827,-0.4266570136464614,0.03785663281497937,-0.17230613238553855,-0.5999095525230086,0.041750833068867024,-0.19520660049090194,-0.5390733100602983,0.05132676134560457,-0.16285182968401524,-0.4601622500793399,0.027572596001269437,-0.13577292616132403,1,Bright_Up
0.0,0.0,0.0,-0.10383833365167255,-0.2984503990937102,0.003300953179247722,-0.2792742822713231,-0.5655249785968378,-0.03626418966766992,-0.3796737547985152,-0.7907049864682569,-0.08193184434065712,-0.37037279982071986,-1.0,-0.12803652489422443,-0.35531163283298917,-0.5329084335437296,-0.11512501994188959,-0.6339564807020636,-0.5482283923762873,-0.1914218352470546,-0.5547245063116899,-0.48572557617073403,-0.22357913941759086,-0.4431752523220487,-0.4786470808957787,-0.23394150482290316,-0.3657498364108562,-0.3179417315606823,-0.15000270391039275,-0.6560143982371849,-0.3593286883719521,-0.20885322550156782,-0.5736763235767346,-0.3081859967692889,-0.2017724124645199,-0.4634967922172639,-0.29195388640353903,-0.1936961953752463,-0.37593961576788004,-0.09704036235643333,-0.18132131465276646,-0.6394800317568298,-0.14126067117605143,-0.22369393094660406,-0.5554703771063723,-0.11596466554244406,-0.17466385456911568,-0.4481202102075638,-0.10710712586734146,-0.1379079234906874,-0.3847068374878928,0.11677314083579797,-0.21100024578662166,-0.6038225828383125,0.05028178005723726,-0.2310099096084389,-0.5299355173663683,0.052481710115650844,-0.18311829055641454,-0.43351581680727425,0.0641323275674723,-0.14448883511985186,1,Bright_Up
0.0,0.0,0.0,-0.09784652400195526,-0.28067359753738536,-0.002375702797975042,-0.26835815869060264,-0.5592213963948949,-0.0443843996042179,-0.36090900312837565,-0.7917977504168264,-0.08987926016064167,-0.3501369994991416,-1.0,-0.13846439167736516,-0.3213500079677128,-0.5401745843079714,-0.1368063869861995,-0.6104938971190857,-0.5562697942824725,-0.20012634366592777,-0.5609388094710192,-0.48529005377829804,-0.2213085108494026,-0.4618282040689314,-0.47002881924947804,-0.22811698058187885,-0.33341792083770877,-0.3287654647284085,-0.16880032915888404,-0.642815714437173,-0.36008900612621414,-0.2223797972554523,-0.5681125466853132,-0.30935005183852016,-0.21252279028106918,-0.4544105967784634,-0.29183398684348894,-0.20429909722790401,-0.34544411343012293,-0.10782347677438599,-0.19426223876050486,-0.6301594166214877,-0.14696032294075484,-0.23472426825416048,-0.54476359978899,-0.12715028783765736,-0.18746919907914456,-0.4291397214246744,-0.11512947156967383,-0.15331581587645948,-0.35675998603876075,0.11132496934957442,-0.21751603815521675,-0.5843354981282864,0.051410994841524234,-0.24591828646957775,-0.5116267316872175,0.04358650731814529,-0.20495647385684967,-0.41202666570896407,0.05215679856654287,-0.17083372226260818,1,Bright_Up
0.0,0.0,0.0,-0.08904192372893167,-0.2976566239633171,0.0023373142274348024,-0.2580854867206195,-0.5651114958709509,-0.03518851792659494,-0.362851643184089,-0.7896688585218468,-0.07808387864137176,-0.35604599837862766,-1.0,-0.12156636989014256,-0.3419764224920996,-0.5247719022042467,-0.11512057498396436,-0.6235901144134675,-0.5821471388103987,-0.18124666372591133,-0.5575925221326475,-0.52065419065666,-0.2068710917781905,-0.4488288944608105,-0.48985685366813125,-0.21416197552180063,-0.36741515931116847,-0.3080476359771577,-0.1459109950325639,-0.6571677492111048,-0.38088145321891503,-0.19461198591281265,-0.5745695011003655,-0.3383149169374328,-0.18633940376817018,-0.4653885687218265,-0.30990262404777663,-0.17912451535141302,-0.38658870876645685,-0.08981433269004059,-0.1717293574381945,-0.6461437071760807,-0.16966827188212952,-0.2029601603295378,-0.559420258500087,-0.1512573540593284,-0.15365081678146172,-0.4528577779377284,-0.12926398142390774,-0.11943924183896595,-0.3992016707166303,0.11470969967166898,-0.1960577563756693,-0.6129779683501632,0.02075747669199272,-0.20878404172513287,-0.5388572882391842,0.018901032423493964,-0.1603623287954063,-0.4464053651322571,0.03935645206955883,-0.12346669512153761,1,Bright_Up
0.0,0.0,0.0,-0.07991206012050205,-0.2820422036838809,-0.0070523383648323475,-0.244417521190409,-0.5666873888144474,-0.04658058346800661,-0.3357954126504263,-0.7913663226535875,-0.08873623614362151,-0.3313878245304463,-1.0,-0.13152230004369075,-0.3071426997441302,-0.5409669233839903,-0.1288686123701057,-0.591803140443615,-0.5845872563452572,-0.20076636064813336,-0.5332948553983949,-0.5058178807133165,-0.2251453424575625,-0.4196896000244089,-0.4824450778330651,-0.23059738085582945,-0.3291200418341601,-0.32230313323959636,-0.15760538981762864,-0.6323838012979099,-0.37715156492473495,-0.21766968992179028,-0.5511709920442208,-0.30269548952154296,-0.20815269129818162,-0.43619591371111205,-0.27892837256133374,-0.1962307820128796,-0.343523629604957,-0.10122938697191365,-0.18248983153160878,-0.625658426116856,-0.15465672003573194,-0.22874653073925147,-0.5440133757438149,-0.1038660577999605,-0.18057989257083507,-0.43005533533859314,-0.08532821085230322,-0.142217738395513,-0.35313929944732464,0.11028314335912372,-0.20559375500967508,-0.5698107546675685,0.06962938290376194,-0.23181003967265837,-0.5125894463669286,0.08975380901892284,-0.18961884364029283,-0.4252237695324253,0.10239071715581953,-0.15410411756674575,1,Bright_Up
0.0,0.0,0.0,-0.07667451734278098,-0.2850158187768714,0.0020002225836826966,-0.2338799031078948,-0.5697798036324474,-0.03558518520962571,-0.32204547017665697,-0.7952535701285128,-0.07695429639000338,-0.3222891263103332,-1.0,-0.119013437887956,-0.2767646407560805,-0.5304278702357048,-0.13409553239130848,-0.5823964524337935,-0.5710379248046138,-0.20599114198876003,-0.5283406472110809,-0.49174735417117493,-0.22765218799909004,-0.4127406995489216,-0.46575876449145903,-0.23192096692539266,-0.29676855770666316,-0.317250351015807,-0.16826183105753229,-0.6240824102917667,-0.36706544914087097,-0.2307237597866454,-0.5486630785050837,-0.30270227652832365,-0.22034040712018335,-0.4309622781722687,-0.2824972698770564,-0.20940024409703561,-0.31510902878077995,-0.10180318120132119,-0.19719156729662227,-0.6132625682111362,-0.15162037619500543,-0.24690395817557928,-0.533621401144387,-0.10905373351651577,-0.19843917791482946,-0.4178386065385396,-0.09110118313715031,-0.16099901206090908,-0.33337820632180726,0.10296023330599016,-0.22337224324738444,-0.5618089769461876,0.06914151682443506,-0.2563507706836522,-0.5059723012042736,0.0800609601645287,-0.21817204838538357,-0.4151275650993832,0.0897063461309419,-0.1856472177913994,1,Bright_Up
0.0,0.0,0.0,-0.07523698130837474,-0.28184314024399637,0.007230051949004006,-0.22488524082938477,-0.5609521533921729,-0.028441355617191435,-0.30687104547489436,-0.7891071291727129,-0.0693300852167881,-0.2919985281570097,-1.0,-0.11318428811539837,-0.2666412867572961,-0.5693918292990852,-0.11535097546402033,-0.5598355332564814,-0.6421960784958274,-0.17624664297789383,-0.5436927192874504,-0.5508849034806703,-0.19651245095990957,-0.4601457009508426,-0.503173892578883,-0.20244950327176525,-0.2986308614082316,-0.3750008988432555,-0.14880805297635913,-0.611005909355099,-0.4448501623156832,-0.20009087436623996,-0.556406574642923,-0.3717607486758241,-0.19349575322579585,-0.45105865245008236,-0.3317838987690881,-0.1858792764941255,-0.3304213551186915,-0.1649121588735758,-0.17556257189798555,-0.6236264904618862,-0.23114303893665714,-0.2139497918261315,-0.5523688680142672,-0.1871445074924492,-0.16976534107483207,-0.4430286436177917,-0.15558041955743218,-0.13703519662507105,-0.36193140973343496,0.04075468317881105,-0.19894908661939448,-0.5783704002595242,-0.003336300714534162,-0.22622404862657414,-0.5190494162449637,0.006487696530793754,-0.18816325004697246,-0.43272307183740205,0.021969372763549575,-0.1552780422950195,1,Bright_Up
0.0,0.0,0.0,-0.08737499243580854,-0.27603693904700116,0.00021190257309718072,-0.2386119981468971,-0.5716695484996116,-0.04866478091773409,-0.3196630289105878,-0.7918521009603795,-0.10150043199373412,-0.29509870153833334,-1.0,-0.15474265526088946,-0.259590749961063,-0.5607499313022611,-0.15402818637625307,-0.5804118689852278,-0.5982589959317051,-0.23639851133391837,-0.5161341971887993,-0.5208596095984381,-0.263040957707521,-0.39941549880510574,-0.5002832231689448,-0.27035186036108894,-0.26458639001070394,-0.35324188845868065,-0.19497353918502336,-0.6093571776488806,-0.40909488620975976,-0.26806774734562033,-0.5234057412461224,-0.3461147832573938,-0.2573613907463221,-0.3993095505233428,-0.32169588676628585,-0.24646022521602018,-0.2791939597575094,-0.13159927344080932,-0.2298915706302353,-0.5933800180350165,-0.18571979853954063,-0.2884718934153656,-0.5031791428704644,-0.14378610351385215,-0.23228971693211448,-0.3814917875201257,-0.12532411940411037,-0.1890163291961241,-0.3045892073620167,0.08942233385811461,-0.2622261330826801,-0.558929565225155,0.028997687589468264,-0.30416806191678275,-0.4855139533291867,0.029168911123478358,-0.26111992588236344,-0.3791803690135005,0.03879492757720683,-0.2234381000799887,1,Bright_Up
0.0,0.0,0.0,-0.08992901990781907,-0.27595918256405877,0.006562493339967788,-0.24751899727029514,-0.5565621638832479,-0.03738194322400166,-0.3406281427523036,-0.7783289391427252,-0.0857968797185636,-0.3251396886660946,-1.0,-0.1372705635969966,-0.282595122254278,-0.5467338673666308,-0.14573650732547058,-0.5923154731164842,-0.5607229252495758,-0.21678364084414944,-0.5437649735766122,-0.48567273828614915,-0.23805400684981076,-0.43701060430151784,-0.4635933865813456,-0.2440959056837647,-0.29114534998854535,-0.34196076680244003,-0.185236062243793,-0.621903066355514,-0.3586372055277494,-0.24219537779845116,-0.5478665201505026,-0.29827985881640307,-0.22636085693348806,-0.4329878813529706,-0.2880815183837662,-0.21697419598768222,-0.30217755118681977,-0.11797411634056465,-0.21812097295565186,-0.604158625750863,-0.1456623708438011,-0.26358623619937993,-0.5219516030706267,-0.10819513312650221,-0.20880381658588754,-0.40720750804738737,-0.10520663050357813,-0.17169265634483477,-0.3180785673514874,0.1082968660813786,-0.24774198372303674,-0.5551555698792795,0.07266761669197047,-0.28216317854164535,-0.49210967744440604,0.06269448661745691,-0.2434656321696677,-0.39798572632281964,0.05167839960859993,-0.2120535438095486,1,Bright_Up
0.0,0.0,0.0,-0.10056312748382958,-0.295377277253645,0.0019062805961081696,-0.2697828607057784,-0.5613121884335642,-0.04198022450766029,-0.3680435746563878,-0.7796430776634674,-0.09244423586498518,-0.3666766171187123,-1.0,-0.1441478239582667,-0.34247431799677347,-0.5430481904554356,-0.12542834687533064,-0.6424358025588174,-0.544843622781768,-0.2041827815421002,-0.5682629386144128,-0.484398220874308,-0.23441985957483152,-0.4501592072327301,-0.4786700899248457,-0.24300377971999462,-0.35705645954592646,-0.32655851319815854,-0.16229602496950504,-0.665280791919779,-0.36105593591757545,-0.22340855408309002,-0.5726483260539912,-0.31138161459137315,-0.21409367297396648,-0.4572317842409054,-0.29807335791057155,-0.2047249251116111,-0.3688787694431076,-0.09906129024447088,-0.19482907286106857,-0.6393802949268586,-0.142280492271185,-0.24042683018808203,-0.5443496944492368,-0.11483767521119172,-0.18622275946950048,-0.431812541050344,-0.10644619037674001,-0.14605264504686885,-0.3785371397785022,0.12531572822175208,-0.22555925159842807,-0.6084960591669769,0.051508912275604064,-0.25096813761694575,-0.5283217105999933,0.05189936347374443,-0.2002770635886093,-0.42647561798739053,0.06510925066664246,-0.15872865312603057,1,Bright_Up
0.0,0.0,0.0,-0.10371010208688088,-0.30503704149917227,-0.006179781440410829,-0.27293154036772216,-0.562190312377752,-0.05094594423104075,-0.3830111811148414,-0.7772949110025139,-0.09956495683242933,-0.381438517493821,-1.0,-0.1494296839164865,-0.3985972600657105,-0.5200251066818842,-0.11349859157502847,-0.6620492531282058,-0.49979149477983964,-0.18170628751525433,-0.5836376648993026,-0.45585731143365177,-0.21305251724605492,-0.4752821812478688,-0.45850620621255916,-0.22540358302505947,-0.4158615998643192,-0.29277736483106775,-0.14351997053138366,-0.6835150717182659,-0.30517239957416886,-0.19405864188520464,-0.588987625582712,-0.27216726027009225,-0.1889399552637099,-0.47982841974556983,-0.264331730908864,-0.18318264296950348,-0.4181132052469451,-0.06267025087677969,-0.17005690992933245,-0.6580650643856232,-0.091467277947319,-0.20746973619159578,-0.5704303024240032,-0.07729734924068601,-0.16147038976492348,-0.46666157505166017,-0.07603825021988964,-0.1276927682017188,-0.40891782025810186,0.15645779929642487,-0.19556192328765054,-0.6110784219865976,0.08999501236868025,-0.2135863300517535,-0.5374963381606863,0.0875214555995036,-0.16602900994084235,-0.4501934275855813,0.09578905510740977,-0.1270525962198722,1,Bright_Up
0.0,0.0,0.0,-0.0790322402740542,-0.2931791951178832,-0.008067432573249812,-0.24978599961160727,-0.5664866868528389,-0.036553667380559214,-0.3615436706188915,-0.7919100666919133,-0.06908836431389438,-0.3746285284160094,-1.0,-0.10347870616134026,-0.4059668422233044,-0.5172943398610276,-0.07967723681177777,-0.6436229221239134,-0.5134456753203822,-0.13219382309529712,-0.586150991186961,-0.4321327139995528,-0.15969344748743072,-0.4778283564803596,-0.410777798241002,-0.17166448590655864,-0.43666975620500853,-0.29961658751186987,-0.10172789929380792,-0.6751487473999914,-0.31603737795460085,-0.13384190183808117,-0.6013212038035749,-0.256542428898559,-0.12987837189958562,-0.4982206465168157,-0.24260725171359077,-0.12707669861876664,-0.4447645026417057,-0.07375350831952623,-0.12184511610553136,-0.6540847919508446,-0.09605049373006437,-0.143784532436811,-0.577674704034371,-0.05813173065063806,-0.10467119846618377,-0.475901935178522,-0.04706270470419815,-0.07945656196769472,-0.4380684045849061,0.14553296541867367,-0.14209509087003067,-0.6007598392548742,0.1237027532098387,-0.15001756532284646,-0.5381522332415385,0.13327486273391723,-0.10775502678857114,-0.45980051587379844,0.13364286652559298,-0.07449825088951047,1,Bright_Up
0.0,0.0,0.0,-0.08158513969345599,-0.2882169164418532,0.0052606695571731765,-0.24127988863943778,-0.5639644346857705,-0.01741398578512328,-0.3425588698817442,-0.79332152387543,-0.04817407339049394,-0.3528668015796687,-1.0,-0.08051394189435727,-0.38678683529628594,-0.5465643468377626,-0.04544141202960764,-0.62180252612049,-0.5520572570913668,-0.08943618697600723,-0.5767155248503002,-0.45407265924362633,-0.11354858306781787,-0.47331413174641873,-0.4280752328612043,-0.12382058657575536,-0.4190095710454561,-0.350781782457022,-0.07184847586699011,-0.6556959694449804,-0.365766631750158,-0.09977298379101006,-0.5966958778743175,-0.2858458844138921,-0.09913934305612475,-0.4934844398841922,-0.2650728053245931,-0.0964688159630911,-0.43311311502953775,-0.13850137547112773,-0.09653519846156092,-0.6358916115788528,-0.15028490774214168,-0.11433188824026404,-0.5757318465315575,-0.09139716057821473,-0.08384663207258104,-0.47821174959628304,-0.0778412124819954,-0.06314991207223536,-0.436009473491955,0.07170647663842933,-0.12050608381027147,-0.5958386701081282,0.059677814189995994,-0.12781736141047528,-0.5405903166766132,0.09311290563019978,-0.09287051269601272,-0.46261698318373745,0.0987115126925082,-0.06344799971616209,1,Bright_Up
0.0,0.0,0.0,-0.09696495646235274,-0.3094399863411303,0.0028782836939209005,-0.24295671845654773,-0.5776543025439644,-0.028885380969822804,-0.34539034488646064,-0.7985216407717262,-0.06582780496568245,-0.3463707956291617,-1.0,-0.10328374043819398,-0.39635799043879116,-0.5025098173126173,-0.07069249011806422,-0.6169568465084514,-0.5453909851459792,-0.11737663942658394,-0.5454381509305105,-0.49314196687724093,-0.14420558075747006,-0.4478386972852996,-0.4662785982584941,-0.1549712777866659,-0.4372458169711456,-0.28556492231517844,-0.09365988623595735,-0.6537171333447157,-0.3542982755676968,-0.11601187290788836,-0.5834420351715895,-0.32025439644869386,-0.11215154818960256,-0.48963185077684823,-0.2943793751067099,-0.11099569301630564,-0.45942397985316713,-0.07060163052757384,-0.11255849980732494,-0.6447684394741335,-0.14500939047293837,-0.11843550862156431,-0.5789725968926072,-0.12762741164418645,-0.08289010755233091,-0.4896297165784531,-0.10718840703431791,-0.06284464912651565,-0.4678911985658187,0.12609633771555404,-0.13071485918499268,-0.6246152040293665,0.04324248762164931,-0.11993106148565856,-0.5620573672528598,0.04034296568208981,-0.07217550456658736,-0.4856332166638211,0.053561763701553695,-0.03725687421508488,1,Bright_Up
0.0,0.0,0.0,-0.09385830163506698,-0.31546168615619485,0.00035452401234824064,-0.25274068874469285,-0.5772004604502168,-0.027498552826249436,-0.38070701316122063,-0.7900970282212683,-0.06268149679913354,-0.38993052513755755,-1.0,-0.09512567882344053,-0.40895645977840134,-0.5316757609118388,-0.03776264804603741,-0.6421994365455297,-0.5722293613457288,-0.09912198474551553,-0.576338650755876,-0.5194070392191764,-0.13752751265905444,-0.46780921782051704,-0.4908917121750916,-0.15138487338988246,-0.45329404366465254,-0.3202991475644739,-0.060740105856700415,-0.6878809302076434,-0.3737927270962007,-0.09866282312815904,-0.6189660069223769,-0.3338665821503561,-0.10739875106479858,-0.5178739721196612,-0.30705199706052866,-0.10801677309855787,-0.48039543366408893,-0.10224734524113095,-0.08354479718849632,-0.6660391181809203,-0.1520043701479612,-0.10452632526440922,-0.5963326914632017,-0.1353931208112673,-0.07505669359389337,-0.5036598315216452,-0.11802775311788742,-0.05241846524054973,-0.49105994501603933,0.09845778192671521,-0.1062579308306564,-0.6322148313849385,0.03372524424451179,-0.1026488324610363,-0.5638403177396648,0.03130386310589629,-0.05746933893535025,-0.48390349293784757,0.03950040147107483,-0.020403884642511274,1,Bright_Up
0.0,0.0,0.0,-0.09242685312174022,-0.3116381755336731,0.004816296817672675,-0.2387746024232086,-0.5775880984840899,-0.01999510808236063,-0.36536067963100327,-0.7992611150576765,-0.04998212308317209,-0.3851973765786218,-1.0,-0.07612093719136044,-0.39200988444602936,-0.5376805265928577,-0.0466758401597392,-0.6367670126704108,-0.6002904937231821,-0.08183617714061979,-0.5970637971805095,-0.5253237134100806,-0.10271641408731541,-0.51520885632301,-0.4761425673128326,-0.10750072979629557,-0.44672717415905455,-0.33628713612553446,-0.0690199152053113,-0.7076488623375548,-0.42344027566454284,-0.07380995489471469,-0.7989020002756143,-0.42528544759545345,-0.07748750195711496,-0.8535794232252463,-0.4212658105462343,-0.0879941598635574,-0.476002562773672,-0.11919597213846889,-0.08738814385909231,-0.680360847573668,-0.18924313106653637,-0.08897149396053282,-0.6250559154899955,-0.18035127327222314,-0.060253278679382676,-0.5358865222401605,-0.1508658778488648,-0.0425201322751293,-0.4889934772324681,0.0837468856053046,-0.10459082883852013,-0.6483544287108501,-0.015081879112044753,-0.08719194915735377,-0.5923284418593482,-0.02882743687160799,-0.033292183147002864,-0.5124291697887784,-0.011566697879935748,0.0066116083175701825,1,Bright_Up
0.0,0.0,0.0,-0.07968937692070394,-0.3171909217440921,0.007636020479418513,-0.21919653934144934,-0.5773210713274742,-0.018986853099979373,-0.3467762355489516,-0.792452302684355,-0.048134234046516886,-0.3630571649782422,-1.0,-0.08221280964151614,-0.3803166149289826,-0.5415809269829893,-0.06149972631382201,-0.6443567164790799,-0.5952496005698293,-0.08548557160146733,-0.7656894487212357,-0.5704294910835495,-0.09687508980401409,-0.8408039245026939,-0.5410268556227917,-0.10633147399912854,-0.4374644372919254,-0.33842259314927614,-0.08247222778239705,-0.6702894165063068,-0.4103419452670265,-0.10282266977662187,-0.6114545993482672,-0.39051514975335244,-0.09082732465910569,-0.5238366645920761,-0.36878691095367944,-0.08277388036218061,-0.46769246116655533,-0.11919650757130254,-0.09629168069888064,-0.6784413184738003,-0.21063289627142381,-0.10230834088443735,-0.6307946762129604,-0.20570375799535456,-0.057644979941257946,-0.5510087180459835,-0.18395613940613337,-0.031928413711939115,-0.48099303312450814,0.08740158005648097,-0.10866224117827944,-0.6495559010029518,-0.026030869780839995,-0.10303530141225387,-0.6159548406425321,-0.06873534800542253,-0.05924627972944638,-0.5624354867456536,-0.0778231984976533,-0.027583305051683032,1,Bright_Up
0.0,0.0,0.0,-0.07779580207229163,-0.3095436593881312,-0.01270076874087824,-0.23486560458702496,-0.5762048978118294,-0.04448493366806245,-0.36969896900303634,-0.7924280800214815,-0.0773178349496766,-0.4018900463486135,-1.0,-0.10912417528464509,-0.3715501595095183,-0.5334446123141887,-0.08020542291041245,-0.6347511923923973,-0.5945563504006672,-0.1317890978289065,-0.5962455916729955,-0.5319316891544603,-0.1574662461932641,-0.5153003110562832,-0.5104475217127225,-0.16710636041986074,-0.41505553122491995,-0.31554805446882594,-0.0963637131695402,-0.6755121083245798,-0.39934525810546934,-0.1385809186741378,-0.603567732647858,-0.35460745571167407,-0.1392964345632735,-0.49924009587634144,-0.3257739062963527,-0.1340552084099989,-0.43917548980662785,-0.0981678781926226,-0.10994612003451136,-0.6698771131606055,-0.18774945345875368,-0.13297841251722306,-0.6005260206917836,-0.16794375063050937,-0.09538410365578603,-0.5027146702956068,-0.14596954456343006,-0.06772294152933572,-0.44855088364112167,0.1040782768601486,-0.12378866346968512,-0.6271027581361529,0.0011749551646089735,-0.12884879123894966,-0.5703585603940425,-0.0012539839960629272,-0.08708584248465659,-0.4957409746230639,0.012941869205487833,-0.053052269862099787,1,Bright_Up
0.0,0.0,0.0,-0.09903673922312317,-0.3177973380326327,0.006200347762277755,-0.2528105226224502,-0.572699310292759,-0.024487496388108505,-0.383071226633603,-0.7924203313368919,-0.059115233642687996,-0.41537793434305453,-1.0,-0.09345595257520882,-0.376030178678919,-0.5366632848020644,-0.07948641986364305,-0.6479903267162134,-0.5793022863141002,-0.12796813628624873,-0.5937768033741782,-0.5277180724717879,-0.1481296965275775,-0.5031924821354734,-0.5193648571496295,-0.1526565770106096,-0.41440229518088684,-0.32392829666687833,-0.10318312659862591,-0.6849425868250085,-0.39444031994175427,-0.13482963546965573,-0.6225569881252365,-0.36388736313178416,-0.12655955541691152,-0.524196524278169,-0.34419461045689703,-0.11837047989793381,-0.43763971407393143,-0.10474396495190427,-0.12203449474672877,-0.6761445690054011,-0.1856687561654162,-0.1328444208363559,-0.6202680110627063,-0.18164065986450498,-0.09014960868201058,-0.5295926808919578,-0.16684336836055455,-0.06261885805145916,-0.448331068839917,0.10005715126825775,-0.13946372030461204,-0.6445439852606498,0.006129788101357613,-0.13449449727215346,-0.6031349211807048,-0.020882891988785124,-0.0879653485890176,-0.5387017678265574,-0.02350898252306608,-0.052316751194682334,1,Bright_Up
0.0,0.0,0.0,-0.09305119105013389,-0.3105678471645398,0.0013096113516074996,-0.25868179996398677,-0.5739325274891234,-0.02906645188585576,-0.39252493334649946,-0.7906028729256095,-0.06280434098837145,-0.42235143094465,-1.0,-0.09891359355431341,-0.3790103915566424,-0.5447589147241794,-0.07651180944776075,-0.6428690919440749,-0.5871395047601345,-0.11766310345504472,-0.6461991531084637,-0.5276108132598354,-0.13562311788937575,-0.6128889573010996,-0.5150927340423678,-0.14548917920478768,-0.41741035902857243,-0.3324958323410336,-0.10335022626012606,-0.6875307128875051,-0.3897208394565489,-0.1452375586098725,-0.614488641314134,-0.33951114957684464,-0.141090002789381,-0.5063278713282489,-0.31594746716697936,-0.13333187658046947,-0.4420529859025668,-0.10860251279340609,-0.1249409596083681,-0.6818868023164633,-0.17265667202992582,-0.14924775049644248,-0.608721298334679,-0.1480718405659884,-0.10392629257092015,-0.5091061170197317,-0.1314976271934665,-0.07205761485148637,-0.45665779889520736,0.10697262414395994,-0.14549138465149683,-0.6553189203004199,0.024093134834658657,-0.1524778132581918,-0.5913269129119012,0.02358372202440767,-0.10476848278461795,-0.5102434377523104,0.03443415679691448,-0.06728509170427943,1,Bright_Up
0.0,0.0,0.0,-0.10025847943385811,-0.3172740456782753,0.017049944491987254,-0.26143855979384034,-0.575795360772186,-0.007087340524589052,-0.39344619315452645,-0.7916108129841074,-0.03732567343676323,-0.4266935399782391,-1.0,-0.068944101945927,-0.3861608799796428,-0.5474645821942359,-0.06831888459675504,-0.651535120593408,-0.5777863080708607,-0.11028092680235378,-0.6006895673263972,-0.5144231755161718,-0.12718315556286272,-0.5104684315130593,-0.501871224731534,-0.13106429148884674,-0.42291931854319154,-0.3375214569124402,-0.09616352943809882,-0.6863918622159333,-0.3893395213581305,-0.1220193165294932,-0.6216622460300198,-0.343369232773309,-0.11148166363770941,-0.522716815547239,-0.32312875360575777,-0.1027300017469478,-0.44544044762664814,-0.11813454621392185,-0.11788636967331538,-0.6748875199982901,-0.17390851000716026,-0.12532830422825217,-0.613310549941063,-0.15089029398028,-0.08123068455550925,-0.5209303642136682,-0.13592858353905685,-0.05371956869785808,-0.4564419261786896,0.0897997239304471,-0.1371456635527916,-0.6462962112501087,0.022918856405417295,-0.1292923993003904,-0.5934963928702539,0.020381431188696342,-0.07998601755321502,-0.5206551034018828,0.027701404696648432,-0.042657493232781396,1,Bright_Up
0.0,0.0,0.0,-0.04070165193991363,-0.31133167225139685,-0.012229339979021984,-0.17546839373309275,-0.5997800348341431,-0.029251701254096343,-0.3031362367183444,-0.8187007836164155,-0.044655993272528484,-0.3502184977193858,-1.0,-0.05850364361241944,-0.29499823400407443,-0.5681411298933015,-0.055819406498623526,-0.527117651761796,-0.6108863275482208,-0.09266047638474968,-0.484375743211036,-0.5464525240585318,-0.11151426975917826,-0.4002480490552175,-0.5272522520243171,-0.11711790702766328,-0.3408943934436516,-0.3630406907725954,-0.062426797710238416,-0.568191731495753,-0.4190986640164921,-0.0848468457551949,-0.5179109432037494,-0.3727425360106304,-0.08257265161101475,-0.4328438302984179,-0.3502680872897883,-0.08059649299877382,-0.3746567946313724,-0.16355955960413354,-0.0676295714560524,-0.5641294348509429,-0.22169321058059266,-0.08094951033437679,-0.5120439404075048,-0.1971941917456642,-0.052706044076537346,-0.4292215145869239,-0.17922328564300974,-0.034521334343774523,-0.3973885525006806,0.019593446485263295,-0.07265356736845495,-0.5437906267615683,-0.05152837080044651,-0.07246049853560116,-0.49163555511475937,-0.03610727944532548,-0.03738772141339525,-0.42060532672948686,-0.023002729450436236,-0.009445656880033104,1,Bright_Up
0.0,0.0,0.0,-0.08984779798118323,-0.3164957592018518,-0.007175156038828751,-0.2418839230120118,-0.5742253036685752,-0.04346168544008075,-0.3807063315022346,-0.7890237482484381,-0.08163770348185945,-0.4303337340589896,-1.0,-0.11856362112333643,-0.3977765255869046,-0.5042311210106691,-0.0820200886584755,-0.6529106617724313,-0.5313141110360288,-0.13732186224276557,-0.5789557649749556,-0.4914877133532332,-0.16508222597318598,-0.4685791639616763,-0.476980025282213,-0.1731606139666785,-0.4317432782602829,-0.27756325253568653,-0.10056369605202975,-0.6856509063883485,-0.33435422525943026,-0.1305962343900837,-0.6062480576602561,-0.31231081196160554,-0.12711357948399615,-0.5029946593260509,-0.2928299046774306,-0.12419286385691211,-0.44482842711677706,-0.05351374098229029,-0.11632989585671746,-0.6673486744533523,-0.11506033556995023,-0.13156955569703915,-0.5952852433053563,-0.10759926254682352,-0.09044281858173303,-0.5005632094033021,-0.09399376018173111,-0.0645838352465933,-0.4430815655507176,0.15480986913192205,-0.13168556038298565,-0.6226071203824847,0.08437275006552805,-0.13229553109720263,-0.5607762944415629,0.07612727592449842,-0.08530806029450895,-0.48619183072640465,0.08403211482504289,-0.048564643098180295,1,Bright_Up
0.0,0.0,0.0,-0.08568144541871686,-0.3217363137836075,-0.004321019414763922,-0.23639367900143216,-0.5795850206157199,-0.0340103800083718,-0.3860932723203356,-0.7899214262654889,-0.0641143254392761,-0.4310315876596012,-1.0,-0.09214505310621143,-0.41835367822143643,-0.5008095163809932,-0.06473254990362488,-0.6533395732990135,-0.5437035929635721,-0.1029633126162008,-0.5812419698358325,-0.5077306241482339,-0.12184812085913045,-0.4775921857429784,-0.484330752847526,-0.12601880430057985,-0.45795443958391563,-0.2758224621431249,-0.07795183950221958,-0.6848614207621858,-0.34191843194862426,-0.09038166697150184,-0.610609891645596,-0.323660032369822,-0.08348319905370039,-0.5159880162325774,-0.2990625426560154,-0.08062675252457296,-0.47482238847686337,-0.054892468924754245,-0.08730559274407676,-0.6719657625216394,-0.1269020520387138,-0.08647798987401754,-0.6058121055334196,-0.12336607148660682,-0.04915193247202075,-0.5188404172110387,-0.10483386091376497,-0.029572497678443367,-0.4746420144689204,0.1472710441759237,-0.09584356661855378,-0.6346649051763549,0.07221812363365335,-0.08405582220635638,-0.575910103327765,0.06541591104582258,-0.037913244610324824,-0.5093282611945634,0.07332609670646811,-0.003691385630028384,1,Bright_Up
0.0,0.0,0.0,-0.08551028875559501,-0.3153827131320736,-0.018172596795565724,-0.2286043616959892,-0.5841183048900783,-0.06247890047871766,-0.37233480152002657,-0.782205632231598,-0.10599766880242947,-0.41365496055679357,-1.0,-0.14708472858684507,-0.4117499814530377,-0.5062097977419416,-0.09166681744190674,-0.6506790935893455,-0.5447828082024284,-0.15204756940445013,-0.5720820132933635,-0.502422645428792,-0.18174786766708062,-0.4625975089368881,-0.48182342742367584,-0.19031817851416846,-0.4543321582344391,-0.27975770798013966,-0.10642941804200402,-0.6991069981123313,-0.3428833244949044,-0.14175809253869442,-0.622186288436862,-0.3197765571892147,-0.14106074392999135,-0.521812051953476,-0.2920506345808799,-0.13798831082957125,-0.4725730269466754,-0.05176553342437373,-0.11918599294013311,-0.6913628857424693,-0.11746409445487044,-0.13787799933677433,-0.622084348836762,-0.12175352598360724,-0.10264668780550965,-0.5294957149647882,-0.10853242695931484,-0.07917127386478848,-0.47275464979213666,0.16034439648184734,-0.13159205601079565,-0.661065667237272,0.08632965233375739,-0.13236156604126764,-0.6033906594750248,0.06261866621238057,-0.08684718321547993,-0.5327267331792791,0.06559222511341124,-0.05053510326982941,1,Bright_Up
0.0,0.0,0.0,-0.08049634683055722,-0.3216166614024664,-0.01925168171897815,-0.22953452874740327,-0.5891099234580647,-0.05502971645504692,-0.3773123637279443,-0.7976231788070256,-0.08825286538135879,-0.45070802333687215,-1.0,-0.11670884472435877,-0.4313606264722948,-0.4821944340474557,-0.06982293948135447,-0.6445907907570848,-0.5276214673621904,-0.11145096094676868,-0.5641862775518268,-0.48702516102191346,-0.13446896346801912,-0.46708223701145557,-0.4692909748417609,-0.14262672006995236,-0.485770379759869,-0.2503045119529812,-0.07724480524146556,-0.6992880111202172,-0.33323945896080515,-0.0928210490653064,-0.614963593533243,-0.30831414335228907,-0.08782573466732452,-0.5188513561461046,-0.28055311670801497,-0.08531364150072024,-0.5076690817054895,-0.02385921070390474,-0.08274169994308281,-0.6911287326542284,-0.10487066068727728,-0.08507557848059058,-0.617296167615846,-0.09995700516633713,-0.04881348879253271,-0.5282164379406449,-0.0837366823850584,-0.02857551012715357,-0.5073254013198997,0.17551687721148587,-0.08852191355366093,-0.6650301729115851,0.0881458095342783,-0.07754909978529595,-0.6078531663816578,0.07590271757959957,-0.0301828355458662,-0.5404776183366704,0.08395958763919403,0.00563038088250844,1,Bright_Up
0.0,0.0,0.0,-0.08400547652914121,-0.3240544215670044,-0.013262807219924061,-0.23244308162658517,-0.5851249144463909,-0.04786607093224925,-0.38760198141197705,-0.7913041019335048,-0.08007939410347478,-0.43661730158220297,-1.0,-0.10723945629233488,-0.4454857756572288,-0.4921139682516151,-0.05901128594943684,-0.6512550745335629,-0.553240357528292,-0.09176641003751704,-0.5735502970113822,-0.4977848718981412,-0.11057822620920134,-0.4808388742421659,-0.4596155393082629,-0.11722713664126456,-0.5048026700687696,-0.26108092540933264,-0.06678528382257343,-0.709009148505142,-0.3540416307362099,-0.0693469460801235,-0.6256816491523707,-0.31874755830754714,-0.057718707500243396,-0.5347838393522167,-0.2781306992842461,-0.05266384646291498,-0.531519555640114,-0.033677853907792356,-0.07171489015517402,-0.703202347429054,-0.1316209159047488,-0.06128679575011237,-0.6313333349805749,-0.12006661444910888,-0.023404046731113362,-0.5451548722797521,-0.09052306234287717,-0.004805033579811203,-0.5354633265000263,0.16759859358514714,-0.07686952941887899,-0.6870666553556078,0.06891921460620082,-0.055540492194513985,-0.6254864510262726,0.059547233691141656,-0.005709385288330159,-0.557289551848713,0.07485669684687764,0.030319679680044176,1,Bright_Up
0.0,0.0,0.0,-0.07349050660654849,-0.32541115691207473,-0.0129795478388291,-0.21961084048824484,-0.5872460405629402,-0.04373603044922527,-0.37417972862680254,-0.7952462598719594,-0.0723799588803868,-0.42866797727328865,-1.0,-0.0974246230756652,-0.4379983817817175,-0.504653666816944,-0.05657261839309193,-0.6403986212845374,-0.5498215535709778,-0.08632581058786222,-0.5687358707857315,-0.49005821731623844,-0.10406068023334974,-0.4784057971407858,-0.45335299876584395,-0.11067899317429183,-0.4940226078285177,-0.2746633755837949,-0.06298250888379314,-0.6857839171033622,-0.3481473680610613,-0.06044673986776052,-0.609819669901927,-0.30979977466541125,-0.04904820109552732,-0.5246702289906439,-0.2768998933039908,-0.047023812432989344,-0.5172215935785885,-0.045419766419609264,-0.06660425449944486,-0.6793189152129075,-0.1270654200432701,-0.05551738458199245,-0.6129138813109359,-0.11135306879273371,-0.018519683323218395,-0.5291573783778135,-0.08639011111747445,-0.001950052938645917,-0.5186538877544955,0.16057274396024862,-0.0704244774916613,-0.6574729683991446,0.07143882730473287,-0.05190726770494203,-0.5991761254990434,0.06574710684447706,-0.004594974439486375,-0.5332433659700258,0.07660833173420507,0.029735773481454623,1,Bright_Up
0.0,0.0,0.0,-0.06518267970359273,-0.33410466993035676,-0.022782457587742732,-0.21777969868828193,-0.5947832789384981,-0.05573330633666152,-0.38527176239265937,-0.7941963608963556,-0.084500305419306,-0.4520965976476463,-1.0,-0.10717172856876696,-0.47343180136076257,-0.4931359960051006,-0.048174928723926,-0.6597338331416138,-0.5568768781823208,-0.07689721125326354,-0.5742339022498061,-0.5151310714890809,-0.09744213805709882,-0.48179612191576826,-0.4809735114987115,-0.10597848018835089,-0.5361037358551135,-0.2601803612352086,-0.04867906758708509,-0.7144514983101933,-0.3561526912067628,-0.044394960534594075,-0.6292096084909446,-0.3301342928225569,-0.03596500635499749,-0.5402516206985724,-0.2879429054867446,-0.034443337314130025,-0.5576189552624774,-0.027721859589987782,-0.04788784148514382,-0.711961792086889,-0.12336564698643696,-0.03693981415480443,-0.6375800596113891,-0.12191214565331764,-0.004722731063384603,-0.5484654637382628,-0.09239988229314358,0.010028869636830468,-0.550754951267578,0.18059391803322544,-0.04802839166437926,-0.6752983634734223,0.09010565750871655,-0.03100786510314717,-0.6116615615776285,0.07341379979133784,0.013059938968022005,-0.5420319926344043,0.08795800897068921,0.046662314865174526,1,Bright_Up
0.0,0.0,0.0,-0.0725525387818757,-0.3325799660727872,-0.007970253209230721,-0.23076209691156374,-0.5866266000379613,-0.03291868213228776,-0.38926014990917956,-0.7915688118391588,-0.05767133310135473,-0.4322153323531177,-1.0,-0.0790279252969602,-0.46091692158942016,-0.5066132108478396,-0.04309018364533113,-0.6552451178935494,-0.556502814920403,-0.07099387046509024,-0.5744516840042979,-0.507486536455531,-0.09090675049015984,-0.4798367232606896,-0.4737318257696486,-0.09964118947714538,-0.5174965242722331,-0.2812530248700421,-0.051000797586473856,-0.6979854838683511,-0.3607935204106739,-0.046908646931587805,-0.6162184135972741,-0.3293700213004927,-0.036954260112964286,-0.5277955477157533,-0.29495450325077205,-0.03536314467337868,-0.5395703021706603,-0.05551755222243793,-0.05653524514448782,-0.6920115852184638,-0.14222229192003474,-0.04279484057302032,-0.6208808367486763,-0.13170453150542408,-0.007432890432713663,-0.5356027541931796,-0.10466388320040579,0.007909247780493237,-0.5365866649939192,0.14987889704653717,-0.06253517626532418,-0.6626881232584184,0.05719174174653225,-0.04101009542862958,-0.5988441008342288,0.048933812734114804,0.0054800870261237705,-0.5302149029905588,0.06453092140448062,0.038798527803291634,1,Bright_Up
0.0,0.0,0.0,-0.07136311966818398,-0.3251609396155569,-0.004990502898003477,-0.21116183554211107,-0.5769854429154118,-0.03300164104642767,-0.3521160900408836,-0.7950293825232863,-0.06335728739703696,-0.39114293684300594,-1.0,-0.09121545900485424,-0.427885462333335,-0.5048230889438902,-0.034691710659550054,-0.6188562339878295,-0.5477067644574121,-0.061367873311015814,-0.5435619782757679,-0.4947557037169296,-0.07964657061075887,-0.454486957539916,-0.4643530109569539,-0.08728023340858757,-0.48323925927907846,-0.2902076181307772,-0.04755603513967026,-0.6624436436501139,-0.3712291015594473,-0.04608593625793601,-0.5849339432980747,-0.3336483999551772,-0.03713419996313538,-0.49955773229386075,-0.2944853892710808,-0.034825419982246,-0.5080912870215423,-0.06939351176453291,-0.05860877483512411,-0.6635936191591589,-0.16165540312323917,-0.046566024045227895,-0.5927427035100347,-0.14574701121603617,-0.01007910696207812,-0.5105689928349718,-0.11677986724286418,0.007167489553477544,-0.5100267214995617,0.13305436515179492,-0.07021276798004089,-0.6386854304381377,0.03861146748901881,-0.048806726224353336,-0.5732178889670962,0.03612051616177859,-0.0006191918486231747,-0.5068252808115156,0.05383347687055133,0.03401000861476533,1,Bright_Up
0.0,0.0,0.0,-0.06997576026430258,-0.3236142351143195,-0.01597336043349867,-0.21274298627826624,-0.5821265961090434,-0.04689030662548066,-0.35647657257866006,-0.7945445507708384,-0.07560647690208044,-0.3954435755171788,-1.0,-0.1004352083338553,-0.43884588366514965,-0.49977104857634563,-0.0482477784750429,-0.6200909770905647,-0.5542344896659532,-0.069288455665711,-0.5440814865908578,-0.5025377875722521,-0.08333386867687483,-0.4590923359768179,-0.46980329234794055,-0.09006944917063703,-0.49485057809572763,-0.27664240222715475,-0.053155746785254344,-0.665291281794471,-0.35911308718099655,-0.04699688731802033,-0.5870433610174866,-0.33248352211459004,-0.0362573037475745,-0.5040329859447648,-0.3005319613540584,-0.034450934500938495,-0.5141494626655663,-0.0526593568079566,-0.05561809949537749,-0.6637735853051829,-0.14142210331452842,-0.042194875212180724,-0.59416229453264,-0.13642778607414216,-0.009053447368537871,-0.5118694770431863,-0.11217031656703089,0.004991660635987691,-0.5081197026860634,0.14676818522778945,-0.05864035340832936,-0.6321270725397515,0.060383092638775004,-0.03844803719015163,-0.5721257861768394,0.04442981037528447,0.006188411563836494,-0.5076297731078158,0.05246587300368916,0.038225131211693325,1,Bright_Up
0.0,0.0,0.0,-0.06426725516718675,-0.3123101777396156,-0.01799074325545027,-0.20712004770331494,-0.5764514074534087,-0.052326341187274195,-0.34521083756433035,-0.7908917068640666,-0.0855887027824618,-0.38222671515774914,-1.0,-0.11431820184820247,-0.4058225217011302,-0.47595378650267917,-0.05977318444747615,-0.6172347745922067,-0.5617460954102738,-0.09870825309907408,-0.5482008317888144,-0.5254287975708998,-0.12171682905049207,-0.46116935067220083,-0.49490497467388117,-0.1296549018683218,-0.46106810345747523,-0.2602516709043875,-0.06631477691390256,-0.6561709656823997,-0.37271572358833666,-0.07328081384154671,-0.5908381421422401,-0.3553571619130362,-0.0671035828370468,-0.510406730102775,-0.3227696136546835,-0.06651143140921381,-0.48782209432856827,-0.049727738691610096,-0.07181402247249437,-0.6606936449283605,-0.17335735503754346,-0.06853729073518847,-0.6017923620038204,-0.17295731141535017,-0.03777333104771701,-0.5226428073744411,-0.14378353813987785,-0.023036159642429097,-0.4960035980501192,0.13231631503864702,-0.07794272427498108,-0.6461131350432227,0.001262076463249994,-0.062409861843137515,-0.5924744949416736,-0.012290995426697147,-0.018541699966800187,-0.5254464963128055,0.008581547343744184,0.012994562543021965,1,Bright_Up
0.0,0.0,0.0,-0.08814936130495828,-0.3072265367557163,-0.012961575918879174,-0.24889228288184156,-0.5753914698711083,-0.04541972075819549,-0.3930011702871926,-0.791883393928915,-0.0798159682347137,-0.44925286795072733,-1.0,-0.11156035020247183,-0.4206696839050557,-0.5047622630675399,-0.053646243038745295,-0.6494128018639211,-0.5289033720600737,-0.10628639500264517,-0.5805587707768668,-0.47711562896399434,-0.14009630651601915,-0.4709229259421132,-0.45885610697268103,-0.15272422162777277,-0.46519876471464044,-0.27736126653570975,-0.06616880045112451,-0.6844288299422754,-0.32950868750130075,-0.09459784815460266,-0.6174470982694371,-0.2964225926797549,-0.10239658590674405,-0.519454623755069,-0.27222278255124743,-0.10574306762747714,-0.49009658471454437,-0.05059504274243169,-0.07797846425237527,-0.672266221391868,-0.1094946952850714,-0.08862586640692043,-0.6101924383331225,-0.09876225986565978,-0.05913285227568923,-0.5225220249330407,-0.08505847967259708,-0.041062312087824245,-0.4986279943582872,0.15735613285454553,-0.09037011563006425,-0.6415182995454931,0.08045817837567552,-0.08214604478899971,-0.583489558402027,0.0797788461384525,-0.03877974259635219,-0.5168322839171161,0.08849569800720317,-0.004937590797315792,1,Bright_Up
0.0,0.0,0.0,-0.0968947936226013,-0.31114222407333947,-0.006053372097694688,-0.2581245986047066,-0.5668476461065104,-0.04624175105531808,-0.39941711828942084,-0.7842192498515543,-0.0884181378425068,-0.43115876300465694,-1.0,-0.12994099270209794,-0.41193528344804786,-0.5252704574991033,-0.0902878003002063,-0.6758435529412348,-0.5743097102080827,-0.147242790140931,-0.6167680758984992,-0.5173244479704986,-0.17504214121911352,-0.5089236728870262,-0.48615566470785304,-0.18217212942879346,-0.44906144042309715,-0.2920913462134023,-0.10895816987429854,-0.713092210323013,-0.3595530084035279,-0.1395669611091054,-0.6484155742337324,-0.3334127980166496,-0.135588588349452,-0.5433694108501226,-0.3049145236206936,-0.1320174864293889,-0.4686006682190726,-0.05307350767664627,-0.12357041238601385,-0.6998916215502715,-0.12407254116220127,-0.13293692768438767,-0.6393367800451517,-0.1260317218244247,-0.09271412559632007,-0.5422839746619608,-0.10746451410970696,-0.0691110801467422,-0.4760990695199443,0.16942989962399257,-0.13736398399135552,-0.6651185735116683,0.09331805702793092,-0.12872962368710306,-0.6148311930631185,0.0687422731836149,-0.0795428457340931,-0.5430332917566035,0.07231735808740804,-0.043126386779024334,1,Bright_Up
0.0,0.0,0.0,-0.08215371851404897,-0.3095141378688008,-0.01492451214708974,-0.23831110584343695,-0.5668308923948852,-0.052451326006901666,-0.3727203915557986,-0.7856509453529686,-0.09002839941283912,-0.3982730708415379,-1.0,-0.12486786853903074,-0.3641587449526852,-0.5192717859480601,-0.09069027444145965,-0.6341218682405041,-0.5604352475642245,-0.14600813742386712,-0.5698494492736446,-0.5012716943623615,-0.1669313616714502,-0.47451304692150836,-0.4926375873094546,-0.17118539952328068,-0.406716194775844,-0.29967567887899105,-0.10525309078250324,-0.669040532059035,-0.37224926394728974,-0.14477508077811252,-0.5977402575713089,-0.32724189668594456,-0.1387255339252934,-0.4990504718010328,-0.3010448850734167,-0.12972488205061497,-0.4364742738466263,-0.07711623572003869,-0.11764206837633144,-0.6624517491521589,-0.1530946538195277,-0.13868196337602165,-0.5914006416386298,-0.13408792765807287,-0.09732593609425826,-0.49760961326591907,-0.1166249592578326,-0.0681479278407706,-0.45331365138711927,0.12725832823775649,-0.13030907759146892,-0.6353073642982785,0.039795602270247844,-0.1335431639029088,-0.569881504268163,0.037145543143598296,-0.08830329691766757,-0.49266290806142704,0.04895282528411769,-0.05203634093671739,1,Bright_Up
0.0,0.0,0.0,-0.08768214469171218,-0.3050755285672657,-0.0230256425152921,-0.24843919423661656,-0.5704545316310953,-0.06886695730718559,-0.3841105522136597,-0.787542417256974,-0.11516335951926938,-0.4058399100701623,-1.0,-0.16172975963295344,-0.3620651902853215,-0.5191053905373507,-0.10969465574143103,-0.6415170186024934,-0.5849572661860161,-0.17530585648225738,-0.6321881249927427,-0.546852372739935,-0.20112116703159574,-0.5917523213719941,-0.535708736586415,-0.2104502507137869,-0.3967006741973137,-0.2903267365985797,-0.13010968859147812,-0.6858808938353494,-0.3762267620890219,-0.19610375570488184,-0.6003975071342826,-0.3398506293263943,-0.19592410269007027,-0.4889475986178762,-0.30723281620727655,-0.1831047533432836,-0.4151320333023504,-0.058036926306081045,-0.14769743708873084,-0.6754859357452858,-0.1287095919815142,-0.19577207929636903,-0.5905029579418762,-0.11994414220238526,-0.15103148048662338,-0.4836982816345511,-0.10317463828177831,-0.11068311882811899,-0.42165780767820776,0.1580548414975552,-0.16534528303577817,-0.6281693715472477,0.08327108172921409,-0.18814915495653553,-0.555435629445276,0.0698183764523608,-0.14087346497284167,-0.46871172632222685,0.07805687630942632,-0.09855609106620747,1,Bright_Up
0.0,0.0,0.0,-0.1019279569192832,-0.3096567129448378,0.004236682850422334,-0.2847960271868173,-0.5687574923105596,-0.027293716075309914,-0.4203333726673894,-0.7921857751143353,-0.0646305808348998,-0.4421105625174384,-1.0,-0.10105180873568534,-0.3927939274099186,-0.5283552593125216,-0.09299581725830922,-0.694764784182857,-0.577008545783187,-0.15772327188261567,-0.6241688842619295,-0.514483663316655,-0.18169303093211372,-0.5085697696090379,-0.4882303865508407,-0.18477223616545474,-0.4246437602769412,-0.300336195896833,-0.1206521704757431,-0.7231558852754247,-0.3675420148373941,-0.1649677916744466,-0.6357501905128462,-0.32625752263821967,-0.15456312970654543,-0.5239679497288707,-0.2983069997342194,-0.1426562835957094,-0.4446057018206521,-0.06817961253381534,-0.14451578271510443,-0.7018551153939894,-0.14018409441055713,-0.17337756564515341,-0.6120460914263154,-0.12375229249539295,-0.125100454164535,-0.5052946580308195,-0.10186978295320828,-0.08995031708351162,-0.45449830881939385,0.14762043665213512,-0.16641199139918175,-0.663795831986969,0.06135754326102852,-0.17559777437113805,-0.5856409006543055,0.05790901260858681,-0.12414558089555512,-0.49659034389360834,0.07309076351814091,-0.0829642027405135,1,Bright_Up
0.0,0.0,0.0,-0.09952562635055841,-0.3173427959748565,0.008231200071679252,-0.2685475760690641,-0.5789951928876752,-0.022733426277767293,-0.3999707025766722,-0.7897251101155053,-0.060640275047331105,-0.4209861835130557,-1.0,-0.09883414570810196,-0.37799068597665214,-0.5288421180202503,-0.0855652568615254,-0.6819873103797935,-0.5738378457109851,-0.1401029385180584,-0.6203798880693887,-0.502884990101696,-0.1601308735695068,-0.5112617182744207,-0.46853695783783905,-0.16313663910228351,-0.4123754095107108,-0.3123633458658111,-0.11398401808085414,-0.7143504005185699,-0.3793552120783214,-0.15271604040082093,-0.6340054136301397,-0.3336567909703896,-0.14595117432117752,-0.5198813871301479,-0.2986399769178555,-0.13737532825384235,-0.4357246776032595,-0.08946332346189917,-0.13700226559460363,-0.7028504669520061,-0.1597423939274836,-0.16031236679857763,-0.6194576029593177,-0.14118606198712136,-0.11362157017828836,-0.5101370752499037,-0.11858729714869916,-0.07988616225475298,-0.44874674295485917,0.12571068488703258,-0.15767952494295556,-0.6678586696746096,0.03969050357656495,-0.1656573224160389,-0.5970800975987788,0.03640441118016359,-0.11519158129129581,-0.5050725681053907,0.05562896898086661,-0.0742474940616924,1,Bright_Up
0.0,0.0,0.0,-0.09586788214137049,-0.2983795760559007,0.012634287983659417,-0.26639553740757793,-0.5636075620692729,-0.016596143110090625,-0.3854797823878293,-0.7894010431361581,-0.05194235149681974,-0.39804206837876643,-1.0,-0.09029317254469371,-0.3405343694363777,-0.5386931656944342,-0.09901465095153535,-0.6429124614507677,-0.6081440730615116,-0.1518433614437688,-0.643383516507781,-0.5170140016208874,-0.17059069846975944,-0.5838980950893328,-0.45725107207278676,-0.17638947345400988,-0.37388877485067584,-0.3370341686655157,-0.131206982554123,-0.6782279606614507,-0.405650643434493,-0.17279013099562043,-0.6209263483065053,-0.34397050890029635,-0.16406119864681398,-0.5167642988244614,-0.30244951355659927,-0.1562056468077229,-0.4005221950620454,-0.11916248155511412,-0.15621065585672325,-0.6729384049170734,-0.1788327266591265,-0.17894766633633527,-0.5953647964308856,-0.15402818861066292,-0.12865526395281848,-0.488169784816707,-0.13134639693312627,-0.09550834220765764,-0.42169704671922964,0.09695338054242753,-0.17888985782185154,-0.6354987963289327,0.02675390998868432,-0.1893518359368735,-0.568525834834685,0.01881957637211823,-0.14257007836176025,-0.48045489525158513,0.028888378215775383,-0.1062656753190935,1,Bright_Up
0.0,0.0,0.0,-0.0851602494774924,-0.2927251060589492,0.013433076495812693,-0.2567480816879168,-0.5569477802551083,-0.01496373172939403,-0.369559992053767,-0.7804885222118869,-0.05060471184255566,-0.37026023378288014,-1.0,-0.08694341247036688,-0.32250583334246846,-0.548174304844983,-0.09533618658532578,-0.6233472196339332,-0.6092327633987739,-0.15284306233613384,-0.5786197136628952,-0.5070335658827471,-0.16811994256806118,-0.4719188093912068,-0.4703218090674219,-0.16997169626050612,-0.3540961200084382,-0.3539913110134736,-0.12924593207058474,-0.6672440073719225,-0.4171737559346088,-0.17931075924135415,-0.5958313826472131,-0.33497569741429256,-0.16773466256361214,-0.4788073271112796,-0.3065352953648489,-0.1536106311444422,-0.3826456089710083,-0.14067158502482663,-0.15750768090491887,-0.6539431576971646,-0.1892727458913938,-0.19107658827382007,-0.5691216658641114,-0.14411183333658634,-0.14126887066882327,-0.45810327268760476,-0.1319817963887419,-0.10404211767822424,-0.40515173642035035,0.07173400332661611,-0.18283563012175238,-0.6134275295263248,0.017699084284880474,-0.2020467746600407,-0.5432771580292379,0.024372636617321773,-0.15895244750036713,-0.45278448356303524,0.0274190490883088,-0.12288887883964694,1,Bright_Up
0.0,0.0,0.0,-0.09379508620798438,-0.2909398542098688,0.008536682662955986,-0.26421175112202877,-0.5587603422240356,-0.025813550217002445,-0.3787464930028308,-0.7832591623587212,-0.06739139932687188,-0.37560859808445396,-1.0,-0.11004519488891681,-0.33916579736601904,-0.5508916816340609,-0.10512706841934304,-0.6400979645745966,-0.5936142155893648,-0.1694298019974476,-0.5857006002380762,-0.5036505369333597,-0.192289692465566,-0.4742658966345446,-0.47476697134252266,-0.19854003094074255,-0.36678221705315495,-0.35252393380976615,-0.13978213691094518,-0.6784207155746428,-0.402992882951472,-0.18935876032990462,-0.6055900588460454,-0.3369296266073299,-0.17914676708310875,-0.492502019020859,-0.31430555146610356,-0.16894926583173647,-0.3866327674466537,-0.13524705664615397,-0.16936087464959976,-0.664865409125133,-0.18415678538228897,-0.2032163612599161,-0.5870760581982762,-0.15017072293565634,-0.15263101609147509,-0.479598688057071,-0.1381249500502652,-0.1162081377590391,-0.400852405368913,0.08152532819604692,-0.19661433721779428,-0.6191803301099105,0.023293927374137186,-0.2134073066085968,-0.5582608448761036,0.016868814119685875,-0.1674415396593373,-0.4729482752093683,0.019504845650061622,-0.13040285832182014,1,Bright_Up
0.0,0.0,0.0,-0.09419591062987803,-0.2849382615512516,0.01401260522808514,-0.2578645202223893,-0.5647760206287905,-0.01982139029770059,-0.35611645391379554,-0.7896406094007786,-0.061903889900834494,-0.3447080998308938,-1.0,-0.10606774199657097,-0.31757534399786413,-0.5602973609435311,-0.11093351524635282,-0.6206189461813493,-0.5860256231184294,-0.17772922835803556,-0.5704615140390094,-0.4941147850145423,-0.1994149808908917,-0.4593900322698525,-0.4687308170648299,-0.20531201810507724,-0.33691560822821964,-0.3655288807706006,-0.1511297452374723,-0.6533351441422822,-0.395676788126591,-0.20715359598798733,-0.5767116396703228,-0.31830284594225033,-0.19511450828521837,-0.4589947124035087,-0.302903152817672,-0.18404840289201427,-0.354433123166105,-0.14753239483950376,-0.18582320289984852,-0.6384258641243871,-0.17815190281831625,-0.22521436971710096,-0.5536800053190365,-0.12992107518757076,-0.17115315389461658,-0.4391990829816086,-0.12404745693873985,-0.1326678774335695,-0.3707876142729542,0.07538548841073682,-0.2178287302910827,-0.5899430007509531,0.0409333878294053,-0.2413219630798505,-0.5283998925884483,0.04070042227583637,-0.19860100272574285,-0.44022887319406595,0.032024517047460545,-0.1640371385951708,1,Bright_Up
0.0,0.0,0.0,-0.09415756162525603,-0.2800181757334331,0.015884651396283988,-0.2546271079483503,-0.5612557547492937,-0.009642991626594669,-0.35398173201392424,-0.7902793194110356,-0.0435295074813522,-0.36204255202214847,-1.0,-0.08096605465385778,-0.32353983204130565,-0.5640010069277809,-0.08740374339147851,-0.6036392195426428,-0.605158198561055,-0.13438622324065524,-0.6260313403818278,-0.5163706730811696,-0.1531698948418569,-0.5830909247934866,-0.46580690147908466,-0.1609278881898525,-0.3529421723141968,-0.3770166771186948,-0.1269192949543266,-0.65922290888285,-0.42062518830825335,-0.15571046146936526,-0.7433901962920326,-0.393422190293648,-0.157352469568951,-0.7732810339362142,-0.37760773194915115,-0.16695502506529475,-0.3731145866149267,-0.16103459375959941,-0.16015631505657,-0.6464078881897971,-0.19482923937696098,-0.18504568242425862,-0.5874304792917352,-0.16859661158006203,-0.14478537785314016,-0.4853902237715432,-0.14834274015865492,-0.11921951921902887,-0.39158842366731733,0.05775849632118052,-0.19141959477541537,-0.5967484869094482,0.01119274815715532,-0.20784377009567434,-0.5592281594321948,-0.0011212621731778386,-0.1692008616740876,-0.4892675336452258,-0.005478482071091456,-0.13969305037784965,1,Bright_Up
0.0,0.0,0.0,-0.08365010387868897,-0.2919440033150461,0.020151892399635607,-0.23344567761176824,-0.5690827537751411,-0.006046036990024529,-0.3344265362446141,-0.7974349027669957,-0.038489958267602466,-0.3218439140601707,-1.0,-0.07323352739240857,-0.3154658995818865,-0.5710358243271274,-0.09708863811995629,-0.6060788759839181,-0.601070633256017,-0.14087446823518437,-0.5630834464572335,-0.5082320966957741,-0.1501712506181903,-0.47075048277484854,-0.4850229941159822,-0.15247346767338424,-0.3415586575575349,-0.38793150290751655,-0.13267512155819206,-0.6432365925144029,-0.42669476769871256,-0.17082957265488358,-0.5768619611219182,-0.3568801144957194,-0.1548087448241834,-0.47211978202721494,-0.33599381216597346,-0.14252230506838928,-0.3647011379169736,-0.18537349314476254,-0.15992927965886342,-0.6323566169331004,-0.2209620437618213,-0.18215134864735386,-0.5523241941191952,-0.1800852953419728,-0.12967995663039683,-0.4501493329981747,-0.17110712427784586,-0.09499398796693781,-0.3813540942661893,0.018797152348953017,-0.183958328718805,-0.5877865877657978,-0.01913735092096951,-0.19597227000903644,-0.5229849022708727,-0.014355434743062665,-0.15201430296010313,-0.4413622873817987,-0.018664380406263243,-0.11787441649665155,1,Bright_Up
0.0,0.0,0.0,-0.08467118370479905,-0.2984187074234822,0.027243714124542982,-0.23406878653279226,-0.5656793053431237,0.012449167869583366,-0.338009107447563,-0.7929704181975871,-0.011726146711327774,-0.3297849374368583,-1.0,-0.03719472412269195,-0.37129733624560946,-0.5623023443070457,-0.03951207103771106,-0.6239749183038813,-0.5938813981183084,-0.055487561555411416,-0.6070640098731429,-0.5004738563013716,-0.059291323962686084,-0.5395008023809927,-0.4642194987047144,-0.061503170240879944,-0.4111711093928431,-0.37760115362256674,-0.07217259456308907,-0.6727506053132107,-0.4219164771241461,-0.07603397960155256,-0.697547517322211,-0.36734069492026045,-0.06954101654400123,-0.6807671251432151,-0.3386431107172891,-0.07201655562315382,-0.43667516080542873,-0.17119781466410056,-0.09696023962426004,-0.6612294301683965,-0.2202613429205163,-0.09350523339710626,-0.5926133915788563,-0.18949290085656287,-0.05405147492295646,-0.49451643611147167,-0.16950133855586472,-0.03298761064598358,-0.4489777873097755,0.037878873393121536,-0.11914892838039076,-0.6301886677089154,-0.021827490908543617,-0.11009135772053823,-0.5766889978797576,-0.024990687489064856,-0.06434435324488903,-0.4986097079634197,-0.02343930782645995,-0.031516818889719266,1,Bright_Up
0.0,0.0,0.0,-0.07696962362338133,-0.31677356892169917,0.0074787910716228615,-0.18865660961120553,-0.5694629471155525,-0.024311445557393625,-0.30061505669112126,-0.786489752164394,-0.05860128286131381,-0.3249370138514517,-1.0,-0.09244230499125256,-0.40481952262072124,-0.5425237223510301,-0.04770732949569853,-0.602812719590498,-0.5523314800632756,-0.05817555159655386,-0.548835970053656,-0.48898107138876623,-0.060524063750596435,-0.4708850205616829,-0.46822494103195395,-0.06179802123835437,-0.4632161849169042,-0.3465056141023918,-0.06638417028293092,-0.6444550902901118,-0.381016092022201,-0.05437593341196128,-0.5775517701415759,-0.334353484914656,-0.037177404557680156,-0.4970486080384054,-0.3153337488561562,-0.03336805503107482,-0.4909750547586053,-0.1380175160568638,-0.07816393736692218,-0.6462154018652606,-0.19685234286468706,-0.05923173106749413,-0.5814416760462254,-0.16339350760736823,-0.019823964622452925,-0.5005410088020362,-0.14133675573620008,-0.0048039152364154,-0.49634161333512555,0.05899937767245672,-0.08848727682626735,-0.6264207460372659,0.0009397098068966902,-0.06690254736176082,-0.5667854079737331,0.009236613141395593,-0.019797300595854998,-0.504504340746573,0.019329225620760962,0.012939111446087294,1,Bright_Up
0.0,0.0,0.0,-0.059652436815211825,-0.33404669989880437,-0.01097216953549811,-0.17279187436752746,-0.6003240758092525,-0.035889179962705985,-0.2984308434216609,-0.8025748660095199,-0.05940362688498526,-0.329465662206564,-1.0,-0.07705027462432537,-0.4741688842247292,-0.49912197194008223,-0.008401880167595858,-0.5723818447584423,-0.5650597803680522,0.006203642898912145,-0.48914108666591705,-0.5399897555064153,0.010948187920806627,-0.4163357195507415,-0.50776632559999,0.010638645315581934,-0.5370478367877266,-0.28984895618605,-0.011575568841183803,-0.6209884686980748,-0.4137990829928913,0.024213895493611245,-0.5450065589745512,-0.41465837112552,0.036269245820935304,-0.4764071811401372,-0.37588171357895134,0.03332867403452051,-0.5508389240783079,-0.08650175530652274,-0.010693591732004987,-0.6299436552852842,-0.2358309908424222,0.026130523509177876,-0.5666839073997726,-0.2402243793960746,0.0517656469740655,-0.4967415014429744,-0.2029868945441825,0.05541820325631379,-0.5395417463113577,0.093854553177667,-0.011030174490647218,-0.6167240108441713,-0.05577102307509713,0.024047537645329697,-0.562364728958185,-0.07618729932661195,0.06582736614376179,-0.5099196681783541,-0.05474357532826106,0.09377008130936028,1,Bright_Up
0.0,0.0,0.0,-0.04835537540144869,-0.34544234743568725,-0.026793329105201397,-0.14964360169058516,-0.614944449368441,-0.058202346381649936,-0.27729066479727765,-0.8123172280148229,-0.08370885797297485,-0.32921617480126236,-1.0,-0.10131483590839305,-0.4921467835269134,-0.4909837718187098,-0.03191264930138179,-0.5230200742549833,-0.6104435538845772,-0.021777799920436953,-0.41901639640621346,-0.5777592088708267,-0.021728746741149104,-0.35269485028358455,-0.5181952830233685,-0.027859680137763465,-0.5522324577184231,-0.28239867649669337,-0.029497613401681003,-0.5772665860358751,-0.4478945897609273,-0.0015860041226374714,-0.4892671243556295,-0.4444221260466666,0.004435376495188332,-0.42976471359204654,-0.3831287475554031,-0.005218141874157271,-0.5576997677240649,-0.08672321200131668,-0.022927261048302203,-0.5880402625011832,-0.2614062147308288,0.0062116500425975045,-0.512844726136102,-0.2612638512510034,0.031227270381888345,-0.44928357524663154,-0.2052384236772311,0.0333421770120343,-0.5388942299604571,0.08575378449583869,-0.01879903987056705,-0.5763619376799474,-0.07756474588118852,0.0065036892743757955,-0.5119558959445992,-0.09504080458716725,0.045454163558810996,-0.46339438224167495,-0.05943210781058275,0.07170191621820851,1,Bright_Up
0.0,0.0,0.0,-0.04634739342603929,-0.3631090391627485,-0.014018894347308642,-0.17239532030345447,-0.6355268247745826,-0.03486740152590519,-0.324060876997784,-0.8075331895021873,-0.05641579465816736,-0.38274717488777316,-1.0,-0.0748576568660685,-0.5379423106832512,-0.5239167799901897,0.00921880647792588,-0.5328319182847671,-0.5789214259223072,0.003863477102773841,-0.4283990742697778,-0.5218576816067614,-0.025023226354989384,-0.3628500899276989,-0.4594493207899813,-0.050727186430547265,-0.5988411091215798,-0.3119038218939717,0.002374289487871764,-0.5741401702312066,-0.3935743900801706,0.023456161392245323,-0.47444630990693515,-0.3582347318984781,0.009353877690627154,-0.40929319354328425,-0.3022418782592975,-0.012820579095889939,-0.6036138572402765,-0.10636034088779177,-0.0028918918587606326,-0.5931317304535201,-0.2099921437886081,0.012185296861710448,-0.5080865805009099,-0.19202441673279974,0.021471643429303775,-0.437811639688357,-0.1441408747645463,0.01773674852440913,-0.5812320294149316,0.08790130152564701,-0.009777549639085144,-0.5920565859909527,-0.013374169680872983,0.0022180269736813995,-0.5140791018130434,-0.02333361248805284,0.03280609562472271,-0.4549679570261249,-0.0005777173385654904,0.05792573336165528,1,Bright_Up
0.0,0.0,0.0,-0.03374319826358495,-0.34939864829637596,-0.02573152278525738,-0.14306714938113646,-0.6198568669941694,-0.046509345607211226,-0.2831408237893452,-0.8092824665435517,-0.0616944178210531,-0.3425243824772951,-1.0,-0.0720011509382908,-0.48395335267949685,-0.49477376688163976,-0.013138453972314891,-0.45496404212916897,-0.5965399420612919,0.0006070609261554802,-0.3556859435645153,-0.555085552267445,-0.004574723790522404,-0.3026103850132673,-0.4876989382393727,-0.015944049413152726,-0.5410491481193868,-0.29059931614064244,-0.006684116077060822,-0.504936115502234,-0.4184513806031303,0.026413472364689522,-0.414310656346828,-0.3958528896637554,0.02324244495855305,-0.3611265843278115,-0.3255381581996643,0.005296969323911409,-0.5436169260055395,-0.10545962438374952,0.0033958895696931664,-0.5243365773455311,-0.24307166453922063,0.030376831279968944,-0.4435401932637334,-0.23452230001653895,0.04264882748998017,-0.3832648284900987,-0.17804365933356767,0.03666105901581174,-0.5246725949112422,0.058982433041577624,0.011681321099534745,-0.5242502654838117,-0.07241490361384771,0.030025729406777033,-0.4483292543079223,-0.07947825726871852,0.058559801793741546,-0.3931008883386438,-0.04245919955975962,0.07857983889911112,1,Bright_Up
0.0,0.0,0.0,-0.03232806137282449,-0.3549126389417943,-0.027814835964656347,-0.13880612627170788,-0.6208508838872742,-0.054837897094326966,-0.27965526941318253,-0.8048505986566371,-0.07812332146796652,-0.34488971824823295,-1.0,-0.09813773636371707,-0.4675651082185485,-0.48957741560594337,-0.02717382074283054,-0.4299878069145884,-0.5662252844900336,-0.029752474549256985,-0.32907803128990576,-0.5214988660247055,-0.04604804017629119,-0.27288025530239296,-0.4582206589299604,-0.06411624916383515,-0.5253038636954094,-0.28215680501838136,-0.026235671158236978,-0.4878851695011898,-0.3945950891568577,-0.0049567357856859185,-0.3968596316592375,-0.370565194469357,-0.009083568766926762,-0.3400698972357009,-0.3055118985480764,-0.028033324221962693,-0.5295466694210997,-0.09018609988263074,-0.02311697898593041,-0.5041830331289617,-0.20810930625250199,-0.007702242469206011,-0.42400923643915767,-0.1983275732299512,0.005411618760747558,-0.3624688913782486,-0.14696220195954496,0.0005997691302865577,-0.5112206009924872,0.08214091809135612,-0.02253969744231883,-0.5056686967502845,-0.032615127133429477,-0.011934392291743007,-0.4310694811869684,-0.042204696500707704,0.015185633409162784,-0.3784365638411968,-0.00896379222521056,0.03396329687312371,1,Bright_Up
0.0,0.0,0.0,-0.030268833136002506,-0.3547300586284605,-0.027652810065054455,-0.13879109773463855,-0.6312995055215735,-0.05209518821849133,-0.2833556891958104,-0.8106640264610905,-0.07098082287871112,-0.36146135592017825,-1.0,-0.08722135786708064,-0.48309280665784166,-0.49862410757699704,-0.03141518886262823,-0.43648836832788196,-0.5313507964225996,-0.026426334814847942,-0.3367088951971926,-0.4916132842100041,-0.039324007250162864,-0.2792460157532147,-0.443212064004003,-0.056622754643942286,-0.5415024206478016,-0.28769581161649554,-0.028467222738227924,-0.4929343649837045,-0.3492043508980442,0.00113285159757091,-0.40058180365266965,-0.3251277671547793,-0.0048003088759684,-0.33960284359102455,-0.27075861189698186,-0.02724942224836381,-0.5438461187617741,-0.0897540090520572,-0.02136054149824172,-0.5091687486647162,-0.15969980819923593,0.0009456010584021519,-0.4273612285064319,-0.1551492410520316,0.011901598648610824,-0.3629443377699207,-0.11720704373702891,0.0033997646421566525,-0.5236227539559741,0.09432751440772878,-0.016487895481875042,-0.5035482207818568,0.018169194892887902,-0.004148523474844481,-0.4236220338029176,0.00350474487511079,0.021191710607072395,-0.36762986693438576,0.02469431503175475,0.0386738282231364,1,Bright_Up
0.0,0.0,0.0,-0.03463134243933742,-0.3559768862783433,-0.02849964189742458,-0.1482913362516894,-0.6294186093381166,-0.05300754052490388,-0.2921771098131346,-0.8079933841816702,-0.07209114931712997,-0.3653816841881034,-1.0,-0.0891631051504564,-0.4909163298117839,-0.49655768700484465,-0.02975333383183338,-0.4206946662634107,-0.5486132114026768,-0.029454574771587094,-0.31644374138620934,-0.5099110478880714,-0.04767222899497721,-0.2622604455266748,-0.4572810705752244,-0.06839210348422263,-0.5485418051969303,-0.2837415677279186,-0.027310918348752378,-0.4795663467757629,-0.362048148870861,-0.0005259333135869908,-0.38448170973417406,-0.33887142958961053,-0.009064590070867188,-0.32889217876483545,-0.27891664373215014,-0.033369607693184686,-0.5477028156467948,-0.08444671401988109,-0.021447753543629922,-0.4999265917511017,-0.1679887714742485,-0.0036967375192431696,-0.4149880424636022,-0.16372308486554144,0.005329025134904143,-0.35533489777434196,-0.12161958350562027,-0.0037168849032367815,-0.5232255691341537,0.09959871047065899,-0.017638933182157028,-0.4996740673748917,0.014643477490228027,-0.009134147514890728,-0.4169685970188777,-6.353150268287129e-05,0.01617575395822597,-0.3623959705010954,0.02458482296466287,0.03394500160942895,1,Bright_Up
0.0,0.0,0.0,-0.03279007256462289,-0.34772372321324224,-0.021046146734080277,-0.14790115062205836,-0.6339980663599758,-0.040392003103538326,-0.28077435908332715,-0.8187523240865676,-0.056897118086061196,-0.34161456285923736,-1.0,-0.07263779534480773,-0.48761580591353865,-0.49572288388597896,-0.01991682326903985,-0.42362267989758084,-0.5229003537923781,-0.02079894692638184,-0.32448352156221116,-0.47576655015246005,-0.04434104949761841,-0.27141878180678475,-0.41813000010624396,-0.06826104231951104,-0.5425100666149613,-0.28523793334254116,-0.02128163273046267,-0.4760746576288474,-0.3317528659307502,0.005178938435392116,-0.38432317286954304,-0.3025875715818663,-0.008054368460073126,-0.32867298641139786,-0.24719223781647418,-0.03530275568925064,-0.543595879859333,-0.09151934171244011,-0.018936430176357936,-0.4966116145894202,-0.14775692444992192,0.0012609213205281209,-0.41398807942798255,-0.13926431371715733,0.0074538933979145594,-0.3535352676816506,-0.10204413373989354,-0.003267114047545769,-0.5232700827640427,0.08757848772351072,-0.018845537640792772,-0.49869970676667763,0.02217205146457295,-0.00518047356323601,-0.42040747213752216,0.012974246464732319,0.02030338102812981,-0.36835550290577224,0.03466129426388874,0.0377967225201137,1,Bright_Up
0.0,0.0,0.0,-0.03248493098613107,-0.36461827500929284,-0.035128452357659504,-0.15118940226852362,-0.650524465036692,-0.058874120068733625,-0.2875690937623169,-0.8231014668425629,-0.0771213970708759,-0.36000436189853596,-1.0,-0.09541687729179651,-0.5138144073845036,-0.4953631000203518,-0.045983926729543316,-0.4371967905845785,-0.5084230054826485,-0.05494749594132358,-0.3339927574543332,-0.471043553388685,-0.08315884036759656,-0.27745318948412423,-0.4270309879812315,-0.11173767684798175,-0.5648149809349152,-0.269543183636489,-0.04458795625757804,-0.48144819516636606,-0.30267651252195665,-0.02913023522411645,-0.3847706106714016,-0.28363049000715956,-0.04722210776459156,-0.3256818830394472,-0.23751238347479603,-0.07809078767216192,-0.5552283352965615,-0.061297289175371306,-0.04012450464325509,-0.49239933573555456,-0.10314460366433116,-0.034350245226908514,-0.4095580241833074,-0.10694668784448766,-0.03623975884158243,-0.35115946327343106,-0.0806365344323673,-0.051565657978565674,-0.5224250922418197,0.12816749241853817,-0.03848050112542317,-0.48155107542103814,0.07566884780281977,-0.042926230774895845,-0.4017507584265096,0.05421424995248446,-0.029121626098581797,-0.3504740621217329,0.06440107713103693,-0.018596999698275003,1,Bright_Up
0.0,0.0,0.0,-0.03440636596951246,-0.37018187566629884,-0.028070228597986437,-0.15303625587327496,-0.6452990199733941,-0.048188920649015185,-0.29096671249936806,-0.8123199753771423,-0.06665052165705532,-0.3550439572194604,-1.0,-0.08466188654708337,-0.502847855819985,-0.4925632880899494,-0.009879922453485786,-0.42697239117386737,-0.5141775543771068,-0.020076802804649185,-0.3230685957178683,-0.478259630942017,-0.055904052779023654,-0.26522973746324796,-0.43387480718006555,-0.08855667117109182,-0.5545150796849414,-0.2775029025981081,-0.010799657481260517,-0.47451955961505,-0.31617860844545026,0.0038404752854587143,-0.37696447309290854,-0.299399538544855,-0.01947126424666719,-0.3128292741647402,-0.2532894948152629,-0.05115603208979031,-0.5512890552011738,-0.07706680765598829,-0.010429797914780336,-0.4939534908403025,-0.126400222544159,-0.003391844668360161,-0.4095220300004497,-0.128703588105618,-0.0031349401663515936,-0.3456827466552043,-0.09791691628870748,-0.014384370726981052,-0.5250525567860468,0.10896396588885136,-0.013243723466106399,-0.4920572012223171,0.048422346807477236,-0.011862996097853072,-0.41211167538493465,0.030579153857390195,0.008611218071887961,-0.35759045115745025,0.04876727908205003,0.02511258508859106,1,Bright_Up
0.0,0.0,0.0,-0.04637443165354484,-0.36405007373288767,-0.04523184931836131,-0.15032191487917823,-0.638922939707072,-0.07888512354465071,-0.2790256594757802,-0.8214279943685093,-0.10457851362555762,-0.35328353715351196,-1.0,-0.12567042316462204,-0.476848465720401,-0.49542764536258377,-0.044256855249576975,-0.42342241781395185,-0.626357649208112,-0.056531648303335735,-0.31589196866271485,-0.5881156480684568,-0.0816965012590066,-0.25852398500136264,-0.5131361952537349,-0.10481904428152718,-0.5280027435743593,-0.28355761990884915,-0.03497907652552756,-0.47663949303657777,-0.43595068029226014,-0.027100660337173156,-0.3772222198284916,-0.4151293530141078,-0.04192825139311536,-0.3179158529478613,-0.33562036341857765,-0.06544930428016993,-0.5226896938765617,-0.0893013526133973,-0.024384638191454564,-0.49138176185516036,-0.23523537972167854,-0.016388540221101755,-0.4050538266237662,-0.23207466787885186,-0.005960923639388589,-0.34344539403738455,-0.17581442794804983,-0.010829711776566768,-0.497310688521906,0.08379696903434154,-0.017450469139622338,-0.4787587076439838,-0.04885059638003298,-0.014113595436612914,-0.3971004770824828,-0.0663350930844045,0.009803176538305517,-0.34370553271338106,-0.032177215298954814,0.027797787875706456,1,Bright_Up
0.0,0.0,0.0,-0.04433706526084809,-0.3511398312313258,-0.0441115168649686,-0.15916369005296266,-0.6231729278286943,-0.07472814723355174,-0.295801758973015,-0.8117377369604869,-0.09858984384684921,-0.36753909113681893,-1.0,-0.1171351586669552,-0.4919299575568049,-0.47341129787542197,-0.030927486862963014,-0.4503018758120576,-0.6067983762921623,-0.04346374360157922,-0.34759115745302976,-0.5731752803808453,-0.07186036644725259,-0.2949714000629275,-0.4996245116482874,-0.09652549576270723,-0.5435508659889038,-0.27514950534633903,-0.02132817257605837,-0.49059623134288144,-0.42686703927237535,-0.012377966363033854,-0.39551211906069295,-0.4079412172131115,-0.030142267136563514,-0.3416707431094536,-0.32953236257481183,-0.05530621102530331,-0.5403469265286135,-0.09491903934912899,-0.011365217920712519,-0.5029163761023809,-0.23707312021226065,-0.0016459990192423306,-0.4200575179286817,-0.22975103164011787,0.006661075348832919,-0.36147082086195936,-0.17131205907718447,0.0015248157069012135,-0.5156869228854434,0.06790464356994926,-0.00572737217686707,-0.504366415648914,-0.06136244575001597,0.001575496279333337,-0.42749802267334563,-0.06856230675229781,0.026405903241571785,-0.373467522557558,-0.026552822418586582,0.04539849252158306,1,Bright_Up
0.0,0.0,0.0,-0.06443462143761987,-0.3425410365760727,-0.045851969685113285,-0.1910458898418735,-0.6254053947754399,-0.07936952508155483,-0.33669330058674013,-0.8098412398402074,-0.10632103113987486,-0.41509038179898317,-1.0,-0.1280875451900097,-0.5249760600626125,-0.47561130828138837,-0.013673918355388375,-0.4808442262552148,-0.574409367739835,-0.02504781585333033,-0.3780117479131421,-0.5362095308537039,-0.05555659790457737,-0.32131574879153163,-0.4671136547503227,-0.08260288470830485,-0.5777173945700452,-0.2722086961651853,-0.007066549409133467,-0.5376460636624799,-0.37794401141032313,-0.0011642346857100745,-0.44439488633104685,-0.35082237030781327,-0.025210070639679023,-0.3865260624388528,-0.2780184669372121,-0.0525193463787307,-0.5765893632932614,-0.07740315728579833,-0.0012777795882685204,-0.5642188479004142,-0.18769429860763248,0.0016729514062566357,-0.4813433732669151,-0.17265406367122013,0.005978512747472508,-0.4215985486908009,-0.11813819666856584,0.0006067214330154563,-0.5516279157423456,0.0997460973668527,0.000608870673051328,-0.5633016738017604,-0.005968733048803604,0.001394320383170506,-0.48405064833119654,-0.010634357811520995,0.027040344929228393,-0.42867592071114585,0.024540006325715343,0.04912967215211918,1,Bright_Up
0.0,0.0,0.0,-0.08700658615701573,-0.3575466839082979,-0.020413016225204177,-0.2180631657388331,-0.6191908122561697,-0.05046498811691614,-0.3824297001709552,-0.8083825559987726,-0.0769725364103782,-0.4692357427782405,-1.0,-0.09342119130287371,-0.5395196817603998,-0.4467124008240915,4.1258082232073754e-05,-0.5741197453206505,-0.6282656818480691,0.0011014248698796969,-0.4717345921185289,-0.606070003945119,-0.009128232526970167,-0.40496948012098366,-0.5387429864550914,-0.01955216180557502,-0.5912169048349625,-0.23828025687108229,0.0013684077275328166,-0.6101819686143866,-0.44543297681146715,0.024727918613895238,-0.5210543330557138,-0.4486466050059177,0.023781310508730422,-0.4593844518476307,-0.38696275150133697,0.012038397939005921,-0.587607394906413,-0.046211315916363474,0.004403002362059663,-0.6109652391180467,-0.2453803752246526,0.03091302705672389,-0.5306565883487485,-0.25754367027572,0.05112751550629212,-0.46101208740630345,-0.20787571779248673,0.05225992647399694,-0.5593839039144347,0.11934341165125148,0.005397644517163113,-0.5860134572392934,-0.047405810283610225,0.02994505383764376,-0.5141969491079648,-0.06720400648752904,0.0651384755400448,-0.4576587362468768,-0.03218641783193793,0.09059948427136028,1,Bright_Up
0.0,0.0,0.0,-0.07334411814091943,-0.3539483644279587,-0.030028426595809975,-0.19968612840804176,-0.6179922977563289,-0.0644342449612378,-0.35553402458262306,-0.8058384137312301,-0.09209390305394621,-0.4238481004954237,-1.0,-0.11111175490829371,-0.531195064999568,-0.45203649735388207,-0.02959168909701226,-0.5405487210113012,-0.6687760801155065,-0.0256490308617955,-0.43212200780005683,-0.6722794217937522,-0.0279207926617317,-0.36345933662021807,-0.6251541236673634,-0.03490254087718477,-0.5823388541621949,-0.23771235646596672,-0.02359434085278582,-0.5885698247459711,-0.49060640361082747,-0.006616284681162017,-0.4931579688117276,-0.509098526661968,-0.0031881382034448075,-0.42483764372422556,-0.4482935134110006,-0.011151267140849406,-0.5783472617474975,-0.04770049390216401,-0.0142280177384607,-0.6008524417699185,-0.2928520852952572,0.004950035551410529,-0.5158329633640775,-0.31227913922237444,0.028358826813114826,-0.44178567721762835,-0.25953012727123537,0.03308015471654932,-0.5482813954461448,0.11513071914959057,-0.006783239958943266,-0.5867075706849585,-0.09958820655750354,0.009403152548900806,-0.5156593449886782,-0.12962853275355482,0.044067415892790715,-0.45747083401485567,-0.0951260241174671,0.07000772309678498,1,Bright_Up
0.0,0.0,0.0,-0.04658552069535775,-0.35451123006946783,-0.027983491476243058,-0.16469915118074444,-0.6100970041827012,-0.054977857092270564,-0.3073768114806135,-0.8085312997201953,-0.07771649443561521,-0.3744447666596128,-1.0,-0.09702787544547238,-0.4843076858767867,-0.48538928382018304,-0.01094711045822165,-0.46166466806177126,-0.5981568421520141,-0.003482485989386823,-0.3604694239576557,-0.5737817000943133,-0.013223491226417444,-0.3020775040690551,-0.523335083745464,-0.026841451655020224,-0.5401654270091204,-0.2851954322081057,-0.004816003160897167,-0.49931237541376344,-0.42585019084717335,0.022890679772192675,-0.40467516792199953,-0.41099676826894693,0.016234422301917024,-0.35040246416227105,-0.34726165003775145,-0.003320409072326313,-0.5398200471827509,-0.0969054281063937,0.0038707382489389735,-0.5173309088819047,-0.24439985683196305,0.02842410276516229,-0.4385477326937798,-0.23756279930088017,0.039569180498483084,-0.376647150877688,-0.18243918624123814,0.03313546274394834,-0.5200500565618248,0.07595403992507191,0.010598391194872792,-0.5222336303808844,-0.0595202825739941,0.029870007274302314,-0.45464969550666595,-0.07492417057896841,0.05929054493167612,-0.4014664273565903,-0.040492518947558176,0.08004160317990547,1,Bright_Up
0.0,0.0,0.0,-0.02636082751142329,-0.3454421283688341,-0.03631965874018308,-0.1405331547246966,-0.6057163866307662,-0.06845481476869625,-0.28344008972800083,-0.7964787519109154,-0.09670198085437179,-0.3419134823868085,-1.0,-0.1197773867330652,-0.45587429937237073,-0.509226264803854,0.005735744146770168,-0.44200126409633744,-0.6417317126817262,0.014004742666633015,-0.3420800591037031,-0.6245383143826458,0.0069616495213269776,-0.28008050297727954,-0.5875749160786004,-0.0037873047699039874,-0.5139278988444889,-0.32136496586294433,0.014729932642599792,-0.4926346279976982,-0.49424478684386525,0.04368635018594574,-0.4039185000449335,-0.48870778670434795,0.043790441239361,-0.3533452129922888,-0.43629123270246023,0.031934361645356374,-0.5212026590708346,-0.1378997034388286,0.022410633431282207,-0.5088864085811586,-0.32049484456232524,0.05044830439274018,-0.432069965200113,-0.3141281881070679,0.06512437489639766,-0.3754078150546625,-0.25937707755424666,0.06150590843988412,-0.5078199203907279,0.029277533691444313,0.02655358536185919,-0.5094685582102462,-0.13539385339362203,0.052517608157920136,-0.44365759771052593,-0.14911396578201438,0.0825747832576055,-0.39685872556647256,-0.11148177809598096,0.10197841068283589,1,Bright_Up
0.0,0.0,0.0,-0.009345209506403204,-0.348904592130616,-0.025156130967861977,-0.1202083345093176,-0.6225807140380125,-0.04525245067499403,-0.2627744409820741,-0.8170731318232141,-0.0633107525798922,-0.33274153714682736,-1.0,-0.07668549390425747,-0.4486576722481539,-0.5196130860420444,-0.0031499882862687347,-0.43838967300111104,-0.6637503893019219,-0.013320548209267943,-0.33241463397274973,-0.6063010832226272,-0.037879431973285575,-0.280836086772668,-0.5243566179854174,-0.05890544393740182,-0.5049532457288456,-0.32428770326223355,-0.003083943907398877,-0.4649912960802788,-0.49061466386524716,0.009517745305544919,-0.36727547065344557,-0.4524678612703428,-0.0035334745984100953,-0.32727793469839134,-0.3707614561523938,-0.024063407026916592,-0.5088115376204934,-0.1394607717418221,-0.003118018131399583,-0.4757523497392751,-0.3000239778078884,0.008469093931459455,-0.3902001692926498,-0.2748678950405205,0.020137214932755044,-0.34272239171393715,-0.20860030221364007,0.01758799485267849,-0.4939882457202558,0.029888816107393093,-0.005758375633965479,-0.4725056514736044,-0.11253617225343046,0.00639816358913882,-0.3918884327569742,-0.108559341147759,0.034638884083918554,-0.34572587598147647,-0.06343075064282368,0.05518802803690929,1,Bright_Up
0.0,0.0,0.0,-0.0065200160089256155,-0.3395511110511526,-0.0159552086394866,-0.10859443100505711,-0.6026925005851873,-0.032025772331058695,-0.23993980795442899,-0.7984967609380321,-0.04870307769090096,-0.28388033257099227,-1.0,-0.05966411202749027,-0.40383650920217373,-0.5264766186611909,0.027583016353726647,-0.44545616562563684,-0.6602498424313686,0.027211712352891645,-0.35509614704165043,-0.614814930524245,0.00824908585865228,-0.30115122730757277,-0.5420491093437547,-0.007235764021724551,-0.4621902737966502,-0.3455118560484225,0.02816198344430796,-0.48400918028099876,-0.4968991582060063,0.05321106906105513,-0.4000269339996303,-0.4794422342628403,0.04666982965803374,-0.34941610260291783,-0.415395171240358,0.03289725216775708,-0.4724557251671719,-0.1677271041477176,0.027208541232411225,-0.485057192147106,-0.31750215318156094,0.05382130358447836,-0.41318222838848295,-0.3091152181121444,0.06520654693600517,-0.36216502021351704,-0.25360656432220163,0.06202759018235209,-0.4600705822264477,-0.008560183643488517,0.024007503125535318,-0.46720193849060254,-0.14425570921504904,0.050511304668465346,-0.4032964091392883,-0.14431180199108054,0.07912155673567348,-0.36051655529765503,-0.1012237928988439,0.09863885473008456,1,Bright_Up
0.0,0.0,0.0,-0.04324376329056033,-0.33982658026905765,-0.03382589570162844,-0.1536953252903122,-0.6076392972710087,-0.06656358181550599,-0.2973306213819582,-0.8030088942460951,-0.09284590582771483,-0.3514312433094062,-1.0,-0.10687972481577827,-0.4392353107301071,-0.4962597120780423,-0.029394292573209774,-0.5568604091541939,-0.640443720295835,-0.044614586092192245,-0.4597751891434176,-0.6231012868726378,-0.05749159119885162,-0.38211470062851016,-0.562042792640905,-0.06322910264665756,-0.5058840399114419,-0.3026188805305936,-0.021147590873399038,-0.5957266741531501,-0.47221166662331904,-0.00812014091058211,-0.5119523264910804,-0.4765774265263185,-0.0059444023515982025,-0.45521563074620014,-0.42415424334692303,-0.012767431535131131,-0.526746608929139,-0.11781659527348029,-0.013229714200880056,-0.6024854541801208,-0.29900253618243205,0.001711543655964369,-0.5330683066039483,-0.30979379794182316,0.020830809009884554,-0.47257256453179136,-0.2583186622656149,0.024974702938928065,-0.5241770526471332,0.036219373450849184,-0.007445970260823173,-0.5962850531875594,-0.1429316832688144,0.00871071688626275,-0.5336432574810938,-0.16047597094311508,0.04101446652893239,-0.4795315876584884,-0.12184700552555873,0.06537367638231992,1,Bright_Up
0.0,0.0,0.0,-0.00972493779171255,-0.33889573981602134,-0.031263288700052135,-0.12020702883557387,-0.6111176529198105,-0.05741622115386445,-0.25090438708068985,-0.8007066016051442,-0.08144384868570616,-0.29513772520176446,-1.0,-0.09833769448636101,-0.4245214738824398,-0.5088709082604066,-0.0018911650684134032,-0.4673601127664044,-0.6577608208345249,-0.018513935934743334,-0.3605814043264791,-0.613220377144617,-0.04580358627758443,-0.2958002450805958,-0.540939717160947,-0.06497028488948452,-0.4837024854416001,-0.32027724904148125,0.0016994807470400346,-0.49439661735293117,-0.4774549143576598,0.012538253822045878,-0.4018163655349913,-0.4538373315286568,0.0013635282196383031,-0.3509686118267562,-0.38814952072984155,-0.014379304473826614,-0.4916729964057434,-0.13950184198642093,0.0028211146857139748,-0.4947904198590334,-0.293076624133408,0.017560923177342005,-0.4165334941324289,-0.2805331732243626,0.030098787040290106,-0.3636377948612439,-0.2259389041075801,0.029553318809973007,-0.47440715038381726,0.018468388614492362,0.0005552953332558524,-0.4782166396870974,-0.12779775545511363,0.01954631100972879,-0.40828326693038064,-0.12777187577234678,0.0492944216985338,-0.36110654622262306,-0.08580991114210922,0.07078822947222978,1,Bright_Up
0.0,0.0,0.0,-0.01994310987494487,-0.3381903640683464,-0.04943000466495326,-0.13116628313107315,-0.6128032569107542,-0.08143239501941839,-0.2746953648508301,-0.8081501017228869,-0.10551274181754826,-0.34221659861429243,-1.0,-0.12118946743873366,-0.4775719484912291,-0.5001460488127587,-0.013734751601484935,-0.46161661586450226,-0.6724967633626884,-0.019082085674361735,-0.35062407524648237,-0.6203982397672466,-0.04053506302779275,-0.2994427470870264,-0.5417597348091451,-0.060978711721711785,-0.5354298414403391,-0.29275362254406806,-0.00039832394764726834,-0.5148609668653701,-0.49126908193316166,0.01091876853474504,-0.4165100958186914,-0.4656529649020473,-0.001301718058683907,-0.3700710192917811,-0.3836724540824311,-0.019978779466575846,-0.5366142372917526,-0.10606478254065359,0.011229618087295494,-0.5341731992203617,-0.3104430903128512,0.024274662058658365,-0.44835507245088135,-0.2983888392920656,0.04005376738352694,-0.3945142998904523,-0.23316970827583264,0.040616757630711785,-0.5123163386162842,0.05340873927641594,0.01857090156848565,-0.5201080538917896,-0.13162421395951002,0.03480839968174395,-0.44621646879312554,-0.13969246610422684,0.06754645952441136,-0.3972556605585511,-0.09907489080795004,0.0908448644246269,1,Bright_Up
0.0,0.0,0.0,-0.001596162796038691,-0.3373909422365432,-0.04648476347093654,-0.11473479041236335,-0.6145777091001429,-0.07483355626855254,-0.258546523368066,-0.8094761847397564,-0.09632823126623424,-0.3314257523219868,-1.0,-0.1109032104015027,-0.4432043807703008,-0.526897737249114,-0.010717576344681729,-0.4299053352180202,-0.6932067640729689,-0.021199479433257822,-0.3147269255135584,-0.6362141973773271,-0.044105550333478905,-0.25917853190288953,-0.5549485596618657,-0.06210682158170551,-0.50036269533332,-0.3303346330277217,0.0016637509455868244,-0.4729223233994389,-0.5290999089145053,0.009583693695643753,-0.3711068750915405,-0.4987528827129091,-0.005197156325908886,-0.3235662701139912,-0.4185322148855018,-0.022878104840152586,-0.5042476953463199,-0.14608172041519732,0.011768202176842962,-0.4790278031755991,-0.3390700872982101,0.024929008557280034,-0.39385669071057955,-0.3179707087768804,0.035735810134766406,-0.3445002257637618,-0.2486101012166977,0.03416125278990424,-0.48946883550098325,0.018178532769545033,0.017614568034331427,-0.4731310790467829,-0.15239010591397056,0.03463060430299811,-0.3972221307419178,-0.15135271926167884,0.0627415340152858,-0.3532403383076471,-0.10621058342382661,0.08312359259946536,1,Bright_Up
0.0,0.0,0.0,-0.028108471183168546,-0.34932987651477554,-0.06003916078161699,-0.14807499182829637,-0.6315269909236619,-0.09879154278123123,-0.29362294040775544,-0.8072239830580278,-0.12866600231580863,-0.36287257331052625,-1.0,-0.15534742201822946,-0.492027963974883,-0.45910415358993395,-0.04205422216736716,-0.4336501451202614,-0.5801745383945279,-0.06903346708005745,-0.3231949839641947,-0.5414707665375468,-0.11150878393745559,-0.2652067577854497,-0.47761281603365974,-0.1459641114284678,-0.5276409380787378,-0.24511126324576785,-0.03005716370701026,-0.4720372292527943,-0.39489503328997716,-0.03598508679053503,-0.3752915924389903,-0.3736030655984741,-0.06405359229485887,-0.31825375783427196,-0.3003732164285287,-0.09425525521739286,-0.5105112300991923,-0.06104508919471993,-0.02012575408922706,-0.4783290579213419,-0.21023511080567414,-0.026032736498006654,-0.3993849274157866,-0.19756475568850188,-0.026610211993295087,-0.346894675990035,-0.14260536900085843,-0.03511396635199314,-0.47521133131228255,0.09472892822496586,-0.015019811071343014,-0.46314282517852406,-0.04518464985153005,-0.019578195553994808,-0.38830140439457034,-0.05197028367907722,-0.0008383778352222114,-0.3403232688741177,-0.019340610838404753,0.014694816535419502,1,Bright_Up
0.0,0.0,0.0,-0.03547086999641282,-0.3542787121812072,-0.046497887432573715,-0.1548459859983748,-0.630100910402776,-0.07439927952071237,-0.28993912561542945,-0.8171074848879857,-0.09608345091035451,-0.3626051230772742,-1.0,-0.11251777991194313,-0.47823717066746935,-0.48712943428938327,-0.015989129203701356,-0.41080337306790793,-0.6566580927490323,-0.023832729033644095,-0.30497857812492596,-0.6222147148408012,-0.048334230788045926,-0.2550896600964878,-0.5421950004284806,-0.07151212256892743,-0.5241675957589468,-0.2930548683358891,-0.005123520141186688,-0.460623174382116,-0.4813649711324677,0.0039042219466989825,-0.36239206703761456,-0.45757138077108417,-0.012720868967483681,-0.31050856121393927,-0.369322471028039,-0.036095495601308064,-0.5202021050238163,-0.11722517708735707,0.004705794494595143,-0.48463638794759534,-0.30145803969495627,0.013653170403043919,-0.3973952687994233,-0.2856783277975367,0.023720606569129013,-0.3404179042003584,-0.21412336536817678,0.020934347437540694,-0.49581154864933885,0.038645501879931564,0.009875236639410593,-0.49202961554312175,-0.1208379787947337,0.019273102113146458,-0.4170109583366169,-0.12660071941671522,0.04717904613442148,-0.3644817172295265,-0.07881415527532783,0.06788886160140717,1,Bright_Up
0.0,0.0,0.0,-0.024739077361328153,-0.3633232277955859,-0.04051212020656548,-0.15229951586542248,-0.64294179077224,-0.06274232965275783,-0.2892362397786838,-0.8266369930485716,-0.07869620866224204,-0.3654850218250005,-1.0,-0.088292703369548,-0.4733569346168346,-0.5022741214908933,-0.013417234674632184,-0.4306225044153168,-0.6850020416347583,-0.021045208556244404,-0.32666671101115957,-0.6416597342634806,-0.04607960146547416,-0.28425188301379195,-0.5537733122396594,-0.06872296233852568,-0.5277206365609043,-0.305595924540836,-0.0029282252565994743,-0.488187163513809,-0.5100857615340563,0.003908322008116871,-0.3881436272350429,-0.4847394507133491,-0.01179470566421459,-0.3389865767074257,-0.3907939974436115,-0.03245126031356302,-0.5315871902492468,-0.12879893727707506,0.007192663544564504,-0.5143831720373927,-0.3244720877523157,0.017487826244777207,-0.42691376705537476,-0.31101939907061094,0.030424726896769994,-0.3718768513378769,-0.23514353990500123,0.030008598309398865,-0.5143863905892976,0.024482880629703243,0.013689957627514312,-0.5234277320302346,-0.15023256183213707,0.025199687826231998,-0.4492176880455043,-0.15374636223170957,0.05498778970080245,-0.3983394632442445,-0.10002186469594018,0.07681562316370039,1,Bright_Up
0.0,0.0,0.0,-0.021813438310954364,-0.35760706011786075,-0.04914683472704043,-0.14062152791193253,-0.6326902514813709,-0.08364641231300626,-0.27662726661644627,-0.8149754487018434,-0.10956423227769542,-0.34724851062430934,-1.0,-0.13237270232079976,-0.4638208023129003,-0.5091939024236656,-0.051302454421316306,-0.37056407896290056,-0.653259421505968,-0.07030262753876015,-0.26407166251021147,-0.6047549448937932,-0.10278255386672144,-0.22425806581067098,-0.519285518053417,-0.13167125381235276,-0.5174688522014625,-0.3038119351136182,-0.04138598078629185,-0.42384935068150853,-0.4605143872122776,-0.03313055608394819,-0.3259111986493851,-0.4294307339176349,-0.04952299094237291,-0.2854058792903935,-0.34250379054625063,-0.07725867748111483,-0.513102279536216,-0.11518991367822057,-0.03071076752203757,-0.4517786803413082,-0.2614611325723139,-0.024547045741941977,-0.3668340491060117,-0.24832747416526332,-0.017146676925474006,-0.31902951342898267,-0.18154790048671404,-0.02504938951145371,-0.48762050180151006,0.05272546839368572,-0.02379023894175644,-0.4649357128052049,-0.07258381093611284,-0.019743521966790585,-0.39006540680144497,-0.08792423646348599,0.004253002973354752,-0.34171985242965314,-0.048737363333810776,0.02067535207180457,1,Bright_Up
0.0,0.0,0.0,-0.03379814908127278,-0.3712932023039649,-0.04687268820393566,-0.1527271849891133,-0.6440285046395763,-0.0759182048295237,-0.294297111685252,-0.8238404398533277,-0.09552032828686702,-0.3675271886944838,-1.0,-0.11076039455483296,-0.4837661687180129,-0.4942246846180377,-0.04541899003953742,-0.40222701383115705,-0.6401107216402899,-0.050291558955658386,-0.29836666407434353,-0.6060790480472374,-0.07027984139472282,-0.2515271188956445,-0.5283985410319155,-0.09123297093555202,-0.5349866682062625,-0.28355692300003166,-0.03266452452953518,-0.45827160408719597,-0.4465344122280673,-0.018403621261463048,-0.36014208372370776,-0.42333060672641076,-0.031316463757796995,-0.3083240932452173,-0.3366413100121911,-0.055665938306102634,-0.5282761776345992,-0.0941515250938676,-0.0177223723372592,-0.48628269693236253,-0.2430335264937221,-0.007494883324652107,-0.4014143097530306,-0.23760343530929395,0.0006960266470505489,-0.3440368632660126,-0.17506819928257997,-0.0062329910141629575,-0.5016878824260095,0.075461808724898,-0.005751950918284342,-0.4962099661109401,-0.052743794527727914,-0.0017761116168630096,-0.4206594008372845,-0.0682671425626213,0.022188735932589146,-0.3674232444353199,-0.031146224044364488,0.03946534221607886,1,Bright_Up
0.0,0.0,0.0,-0.015776527239885433,-0.3627130625831208,-0.0461577509511035,-0.12691998959109446,-0.6374821043958978,-0.07384207302451001,-0.26669885544420513,-0.8203113941067625,-0.09281003597287489,-0.3391754163350311,-1.0,-0.10820584456598586,-0.45903771448236463,-0.4989798763984848,-0.04256551834257921,-0.37899816826996024,-0.6230138952108015,-0.04758274736456591,-0.27894213987772076,-0.5792191456051617,-0.0695927345473295,-0.2374885463895592,-0.5009298509271809,-0.0922886834657103,-0.5136238630093095,-0.29505962658475166,-0.030160217238709694,-0.4344955198476977,-0.4326158986708302,-0.01350298013297454,-0.3391167179059452,-0.4010897564672107,-0.026665336345662895,-0.29011423095733957,-0.31725949960966604,-0.051955197585331334,-0.5142068210541305,-0.10818713822060268,-0.01594258061493738,-0.46410262604481084,-0.23418426983816187,-0.006178537058822319,-0.3810336475500505,-0.21908690673264625,0.0008356078210356912,-0.3251488227680399,-0.15520818234910688,-0.00665371479838078,-0.49618862835545224,0.06115337963092462,-0.0047925333151551805,-0.481262380706568,-0.049697226297913386,-0.0009746963132958493,-0.40438841746492293,-0.05659821200770666,0.021818688649060603,-0.3498739996897671,-0.018649571649803052,0.03838665136432703,1,Bright_Up
0.0,0.0,0.0,-0.02163401555235297,-0.35396604521759206,-0.04533587298965965,-0.13904541110528307,-0.6323961521421405,-0.07625606037179057,-0.28152345414330504,-0.8196766461780288,-0.09977759911602549,-0.35746233281899553,-1.0,-0.1204227570096679,-0.47081875618520913,-0.49753461595261983,-0.042977430465636006,-0.3940764368781902,-0.5949152700612962,-0.058074529363841255,-0.29280949810475854,-0.544051420200405,-0.08992370823754331,-0.24811420081581104,-0.4649458841942126,-0.11831766404692938,-0.5258385785604313,-0.29385557292648024,-0.03438576518878477,-0.44999709305779767,-0.401468875772992,-0.02401572132631581,-0.35751739497239043,-0.3666914499403334,-0.04260917579161244,-0.3099381776145929,-0.285554237175929,-0.07169759836913231,-0.5277086760130163,-0.10275679969852676,-0.024749555147039384,-0.47745814851970864,-0.21188850242825158,-0.019219321396528016,-0.39736648011312037,-0.19927067578555338,-0.015156742025866149,-0.34341554250755807,-0.14099645734985325,-0.02450714971920539,-0.5094525485183506,0.07437210048429233,-0.01851394033353776,-0.4880678510016007,-0.029144535712527606,-0.017462105005341864,-0.4118602393113645,-0.03989576596441733,0.0034786530708119587,-0.3598571651669391,-0.00451318690832056,0.019201431659050174,1,Bright_Up
0.0,0.0,0.0,-0.016532427602183642,-0.3570529417215097,-0.04511562452116288,-0.13145487695217709,-0.6420406345008849,-0.07387645429753383,-0.27910081489087823,-0.8188623925728802,-0.09497037342375401,-0.35605428534899014,-1.0,-0.11303365669846488,-0.4685833518681977,-0.5102502217292785,-0.042687581582331324,-0.4069058254318977,-0.5767037003505051,-0.05284713111727762,-0.30549661739608513,-0.5256888979731517,-0.07680548189882694,-0.25724084178039014,-0.4585352997463922,-0.09969154262773584,-0.5277561802729533,-0.3060924187563357,-0.03332136488174356,-0.45745713251618786,-0.38780858958976,-0.018131860757568376,-0.3643640180928547,-0.35470790149219616,-0.03200397598438529,-0.3140210294556984,-0.28920706896050896,-0.05745582558715964,-0.5334201097165024,-0.11067847781021585,-0.022761213142162607,-0.4784906167646629,-0.19365516077413467,-0.015194042237072491,-0.39423497515126676,-0.17815690439423645,-0.011250078415148825,-0.3375669507925324,-0.12964934439587333,-0.020824189504962804,-0.5188528724728534,0.07056429597800157,-0.015582497501719611,-0.4812027851275259,-0.008633818999787334,-0.01535305898301325,-0.4000311046475262,-0.013118867460064876,0.002581359553819466,-0.34837109816368084,0.017033558034550967,0.01678911909925695,1,Bright_Up
0.0,0.0,0.0,-0.018641716779948844,-0.34944512976867326,-0.042678569453704136,-0.11560548917437968,-0.6367531562227496,-0.07480136785943821,-0.24099208240104214,-0.8275853292629989,-0.10142010800839338,-0.31276364138045826,-1.0,-0.12434029401753123,-0.43915344289408775,-0.5207387281221715,-0.03225800912253733,-0.388394315294437,-0.6232413050736908,-0.04583084698799936,-0.2928450130559484,-0.5773431877279135,-0.07301241155358784,-0.24859265016865575,-0.508112827148616,-0.09731167440304682,-0.49383723281360686,-0.3248793029232518,-0.027688237819283618,-0.4456862649645489,-0.45576521067980014,-0.018832177870089405,-0.35941116026547804,-0.42407825125635856,-0.03440052300010047,-0.31258901668216305,-0.3487953117762897,-0.05882495648485601,-0.4989889139070948,-0.13581963621908139,-0.02293860099371218,-0.4686745106721041,-0.269419549118827,-0.016877017533509137,-0.39230534295018177,-0.2489122062967101,-0.006912537506322626,-0.3404770556882102,-0.1899375370787116,-0.011330967193975701,-0.48509882707549384,0.0381865533124457,-0.02187786673321495,-0.4682108310943868,-0.08787227935427039,-0.01729560961253686,-0.39598104640290294,-0.08694896009931691,0.00939811487675407,-0.350436016359173,-0.04430801251641967,0.02919700118223882,1,Bright_Up
0.0,0.0,0.0,-0.029400894921302382,-0.3538350748822601,-0.02869023863115733,-0.14747188790967558,-0.6370760008049421,-0.05520396385002767,-0.30678291899180576,-0.8049717992549585,-0.07933063077233324,-0.3762538233681871,-1.0,-0.10179315920058979,-0.4964466548545828,-0.5046102589102263,-0.0008479009782386269,-0.49457604032571956,-0.505419473531974,-0.00257614724694317,-0.395422254940204,-0.45126468624134336,-0.02637185603019029,-0.3296668377097432,-0.4095546713345333,-0.049592400647332224,-0.5558211755316399,-0.2938168995971444,-0.0003752327979456546,-0.5376367045054968,-0.3344004655333959,0.02215200321057926,-0.44655359594213473,-0.2990272334473098,0.005443956999254611,-0.38074957883668775,-0.25420383577984745,-0.019667693536348056,-0.5609074995909066,-0.09309557063943763,0.0012272083310914596,-0.5579705717609732,-0.16432653818070267,0.016674179787490324,-0.4824219058756074,-0.14367917502833746,0.01701208243478426,-0.41593994721733135,-0.10846616231033765,0.005506497628216035,-0.5420849282281319,0.08904180700103095,0.0007651995109351367,-0.5386451252082318,0.020762507471563198,0.010633970527376956,-0.46432448737279114,0.02224528431674557,0.03213765196123135,-0.4090445328665467,0.04200182778255113,0.0497956788607815,1,Bright_Up
0.0,0.0,0.0,-0.039447233796969516,-0.3439772880563046,-0.010460818292622546,-0.14743869784196106,-0.6157054641745242,-0.028649212722883025,-0.287736804478695,-0.8129177067438252,-0.04564679744405159,-0.33480088890759,-1.0,-0.057645282499736196,-0.43812515495448,-0.5234879021030082,-0.0028126387686272384,-0.5087514990105602,-0.6010981812211464,-0.0002874063457297901,-0.4248695082172799,-0.5631331476148458,-0.011656932002035816,-0.36427307630587696,-0.5207724602006766,-0.02377141940410768,-0.5023218936190312,-0.31251879564324725,-0.006700820683072564,-0.5552068005473374,-0.43612905248506767,0.017537946338586824,-0.47401158121017334,-0.42127301731488687,0.018454293569558,-0.41354860094410334,-0.37215909911270123,0.007833803589311732,-0.5173365444233095,-0.11301332990113028,-0.007970986954772896,-0.5626510097153623,-0.2487060140695574,0.018187064771352977,-0.4934130165475915,-0.24369322375035013,0.038470300032165346,-0.42894215541526975,-0.20127828937679526,0.040096268201163396,-0.5086109313192242,0.05741329046379706,-0.010716002506169517,-0.5502561982823309,-0.07991051520585586,0.015026805536891018,-0.48541396205353,-0.08646697185222221,0.050807915600877676,-0.43221357708575436,-0.060663776520678406,0.07545250068692408,1,Bright_Up
0.0,0.0,0.0,-0.03601709804893135,-0.33537893466484064,-0.012220817778045538,-0.15063187580328277,-0.6157624958630221,-0.02963974887966306,-0.295596587147017,-0.808541600323826,-0.04424047211829062,-0.34966769666207664,-1.0,-0.05466333317297339,-0.4406953918393249,-0.5313500030343051,-0.003852734367837927,-0.5325504826005018,-0.5800394438817251,-0.008676663320025618,-0.4498694206062062,-0.5420559909592304,-0.025910155429111705,-0.37346707632914555,-0.5066442941403292,-0.03774423721135203,-0.5101703444322169,-0.319600130714947,-0.0033604458888860985,-0.5823439517330679,-0.40131323893411847,0.02333448473409846,-0.5039484547670603,-0.3787546919638044,0.026363317267459656,-0.43081961483301834,-0.3392086240166401,0.01913027277703836,-0.5340768110891654,-0.10989106323095733,-0.00138674403857124,-0.5879588760933665,-0.1981084287575386,0.028846261617990095,-0.522653746991502,-0.18942760491970353,0.04804357919837885,-0.4497315734780457,-0.16076541234121772,0.04954658667966157,-0.530677972216609,0.07282624359068203,-0.0007596388264378565,-0.574379682709695,-0.008801987501165235,0.03085842759156307,-0.5143585197345577,-0.006265058130405052,0.0655317214257507,-0.45909767063378604,0.010839664186878163,0.09014108331033158,1,Bright_Up
0.0,0.0,0.0,-0.042413748910538326,-0.32653236749655223,-0.010705577452763711,-0.16753057198707166,-0.5948524612360275,-0.03273213360666276,-0.3158410601553156,-0.7997408709817652,-0.052642561308985425,-0.3499727714414786,-1.0,-0.06711689059550352,-0.42829096194942,-0.5321959076690013,-0.02381340023598862,-0.5822008679927976,-0.5757792711261893,-0.02949063252539733,-0.5009486353148656,-0.52908474149049,-0.0338905581524738,-0.4141836307611606,-0.5005550027526604,-0.03494289723254449,-0.49509524034578356,-0.3280960403842739,-0.025473949458260942,-0.6257318606493895,-0.40473879105200167,-0.004570389223111789,-0.5445841566832167,-0.36833256906026773,0.010747043757697932,-0.46714796709751233,-0.3378110367843136,0.014781346751838788,-0.5229098834770975,-0.12014074546215528,-0.024583602604958368,-0.6338740299160748,-0.21437263400006046,0.0007499006673651129,-0.5625320132485352,-0.19177740110540709,0.03075950204733571,-0.48422233831792655,-0.16323254721781186,0.040791218048999656,-0.5251443709692047,0.06468943476578118,-0.024455581211592768,-0.6130138459029641,-0.020226837948989138,0.0050048448481548645,-0.547400258107149,-0.012469572777743005,0.0464529360209553,-0.4846813279361604,0.004968413594778589,0.07538876800563407,1,Bright_Up
0.0,0.0,0.0,-0.04440903143060998,-0.32453148434888607,-0.013792123063548685,-0.16511379873691395,-0.5933360375230607,-0.03817999885714778,-0.3078078093930544,-0.7995684417258023,-0.05796817399045511,-0.34380590984406,-1.0,-0.07176505802062408,-0.4149072365088418,-0.5304524351538189,-0.045336501787660306,-0.5627278756703374,-0.579278614807318,-0.04856036778583889,-0.48107746405563845,-0.5301739219119818,-0.045987574660153824,-0.4005121771943898,-0.493195218356282,-0.04363103049109988,-0.48224050494725246,-0.3289313178744055,-0.04639162275721579,-0.6094068216951469,-0.41680699665805226,-0.024993083439338853,-0.531728232733182,-0.384045688840952,-0.006133017986087586,-0.46057327273752335,-0.34829126108219816,-0.002157987181894853,-0.5120557803533508,-0.12560060356501174,-0.04320931137286562,-0.6248407628517814,-0.22994445994086396,-0.019979371637514433,-0.5534062338400557,-0.21210039737230463,0.01470262210396151,-0.47831661444455403,-0.17845899615719296,0.026707055537501894,-0.5150208167004902,0.05673561787391986,-0.04048763428500345,-0.6090548265669115,-0.03847389102002782,-0.01649573568937322,-0.5432779804981608,-0.03643117904009429,0.026061254937568747,-0.4835923182711655,-0.017368753010276274,0.055588652054481595,1,Bright_Up
0.0,0.0,0.0,-0.04940240783441949,-0.3216203599358647,-0.015053955329600724,-0.17248034513706018,-0.5940050500866974,-0.03957640981054132,-0.30672031393842336,-0.8079847619830398,-0.059214202969315545,-0.3476890727074214,-1.0,-0.07262081703323123,-0.40723296387691865,-0.5298181784713567,-0.05099719363883409,-0.5662079550958808,-0.5877788073156693,-0.061120814571758095,-0.48670965040874364,-0.5397449785413053,-0.06440571066227524,-0.40702684225745767,-0.5051910327891765,-0.0648075795946102,-0.4769146996820847,-0.3241107286195909,-0.052616562029109866,-0.6140709790391651,-0.4220486776645286,-0.03749876595830591,-0.5363851747399775,-0.39099023779756803,-0.021484339839528917,-0.4635514690820781,-0.354858594789939,-0.018042503098446565,-0.5102974123068091,-0.11958007696491374,-0.05026405925139095,-0.6228877617482367,-0.22959358510136668,-0.03124503562253315,-0.5538325243648382,-0.21365115874382679,0.0034161645989218416,-0.4804834076377157,-0.1777648068845905,0.01674439299249866,-0.5182745116169759,0.061064867522445956,-0.04858474930825954,-0.6081129298186921,-0.04893708239235496,-0.027402744627286788,-0.5443997312499425,-0.04628810922262612,0.015729615578697842,-0.48695215902229433,-0.02130822373891775,0.04664836182896459,1,Bright_Up
0.0,0.0,0.0,-0.06548958712230639,-0.326593111025882,-0.006722463128586541,-0.197490076699749,-0.5878885079869312,-0.029559776689602066,-0.33261366596492464,-0.7984633807473456,-0.051489104647765134,-0.36402857703972136,-1.0,-0.06784010527006194,-0.41747425792772364,-0.5090927824540263,-0.042363713722543356,-0.5944227320529321,-0.5818285889565009,-0.05445616631408799,-0.5257414269633701,-0.5319781617485573,-0.057872527138255914,-0.4448058436101217,-0.48861312992494793,-0.05730406690663588,-0.47747911498337137,-0.3077630935615619,-0.04936578969437932,-0.6345201140827296,-0.4127905763655844,-0.032189672410252106,-0.5690303118560986,-0.3879492534481761,-0.014336280674839887,-0.5004251536974175,-0.35533233940795117,-0.011483529311723781,-0.5027723720866002,-0.108459472301769,-0.05284601633689981,-0.639805657544881,-0.23123349208749497,-0.032741381392599994,-0.5818473030327344,-0.22416258273181203,0.004544045573754676,-0.5120470252470096,-0.19037076887104862,0.018646408186219283,-0.507560594350457,0.07045290430632405,-0.056523399536864874,-0.6295426000132934,-0.06252200786120264,-0.033212866544916446,-0.5766830784096133,-0.07572446598738156,0.013937299780469287,-0.5204715861169088,-0.05585506442697176,0.04634068832830429,1,Bright_Up
0.0,0.0,0.0,-0.05809374154128829,-0.3263204726212881,-0.005738806740274277,-0.174766491752371,-0.5922842526567526,-0.03169646254230781,-0.3050269340253418,-0.7973346851691402,-0.05930640800074714,-0.3290045267519439,-1.0,-0.08177173046967752,-0.3871726305940103,-0.5120630524322208,-0.04409017823207339,-0.5830497296824135,-0.5954472000044192,-0.071769476495225,-0.5080825447034283,-0.5528280407913339,-0.08744954443474763,-0.4230352311583989,-0.5110000964585273,-0.09237220259592516,-0.4503559404642672,-0.31761817125680364,-0.05629048554490454,-0.6223646531763538,-0.4282346432288026,-0.04988718766185052,-0.5557067116863118,-0.40105564722184567,-0.03775161538764315,-0.48827731444162625,-0.3667219355614545,-0.03695188535997612,-0.48275028332036596,-0.12245580011073609,-0.06643791863264398,-0.6290995405259667,-0.25547423388770785,-0.053613439397147925,-0.5716315046297968,-0.23885489705495544,-0.016255002975534075,-0.5061008956195505,-0.2019046947257582,-1.1728517657262164e-05,-0.49813903030709933,0.05380941069788807,-0.07701621485848102,-0.6353015688745755,-0.08768951232353295,-0.05441049702963074,-0.5827435694669243,-0.09186421188921462,-0.004385061388050866,-0.5273094487288933,-0.06495525726594041,0.03016200990518497,1,Bright_Up
0.0,0.0,0.0,-0.06466606566343337,-0.3391297534464121,-0.012980542189331293,-0.18965591580001606,-0.6022483561598564,-0.04088968797135447,-0.33299693786007395,-0.8019582725162272,-0.0669100050432387,-0.3690052608575086,-1.0,-0.08558843482708546,-0.430867447270502,-0.47809194386463466,-0.03326624114668042,-0.5961050350545094,-0.5775262435525113,-0.049782257576436686,-0.5131466721470458,-0.5567410741936959,-0.06527311386268757,-0.4353622773513923,-0.5119052699841783,-0.07290436801154683,-0.49447070459421666,-0.27311613610512697,-0.03817597767264098,-0.6362422458873629,-0.4097027660374955,-0.023668632208278435,-0.5629231344003877,-0.4111234186184498,-0.018394832597879985,-0.4983446147286939,-0.3667187784182497,-0.023657981349244333,-0.521162820880682,-0.07945324026318952,-0.04033277577210504,-0.6459169534345058,-0.23803689494502878,-0.019140047333971497,-0.5844471919294852,-0.24527257116230655,0.01100656539123236,-0.5197647113926006,-0.20286332297883117,0.020728175019496756,-0.5282763704394831,0.08669985972943474,-0.0434323279305843,-0.6508134007525016,-0.07567781936941935,-0.016830647337538997,-0.5951087616685128,-0.09007825955066583,0.030054338377143802,-0.5396356817326753,-0.05794603533750184,0.06269747894624089,1,Bright_Up
0.0,0.0,0.0,-0.05875427423233637,-0.32792929398063186,-0.03107807396501602,-0.17238788391398618,-0.5929504336955771,-0.07135163442109482,-0.30398438980779785,-0.7966327649695367,-0.10515590251803841,-0.337747018034768,-1.0,-0.12908988487001932,-0.3921271954571799,-0.44618986630321766,-0.07289506916735798,-0.5616119429802889,-0.583842443113405,-0.10018897338072942,-0.47183931406308716,-0.5657303253839825,-0.11274752666606791,-0.3932762668764387,-0.5144222267750732,-0.11626696873974303,-0.4597094234155074,-0.24768251971816635,-0.0716742424122248,-0.6202424137511682,-0.43109000730769104,-0.07248893492496396,-0.5411615832381069,-0.43658425154233915,-0.06287280234789082,-0.46795254273684533,-0.3844279348815705,-0.0608230607465314,-0.49051523056477386,-0.06554593491882109,-0.06809508981952833,-0.6311956237119783,-0.2575723346374695,-0.05667835983597337,-0.5637422390020346,-0.2662854688700031,-0.023289256170295307,-0.4942797322777536,-0.21568074921910693,-0.008685067237722176,-0.4996900531040157,0.08672596815950269,-0.06673957886730442,-0.6167239851129077,-0.0929387107129436,-0.04959349448045475,-0.558927489517791,-0.10899415713398274,-0.00815907542682813,-0.5029245007050224,-0.06942437964057555,0.021510868345309957,1,Bright_Up
0.0,0.0,0.0,-0.07898431608087177,-0.32881180651833253,-0.02133797404143617,-0.21316130547288845,-0.5975999945808514,-0.05794633887827464,-0.3699582725560769,-0.7990830349038327,-0.09054827532069393,-0.4280608028468594,-1.0,-0.11476223064433,-0.4576574827151741,-0.4662940249371153,-0.05649519603064755,-0.6249922099739429,-0.5762275500480949,-0.08705112517189315,-0.531925784760451,-0.562714677312283,-0.10672607081105913,-0.4443433120932816,-0.5145495106960445,-0.11424929553186008,-0.5176083942611217,-0.2532133292990783,-0.061199570892346365,-0.6734822997060111,-0.40623405302636867,-0.06215262836467483,-0.5969851470169845,-0.41824311203638054,-0.057783221095338635,-0.5196866377344346,-0.37710206514719763,-0.05962058764880531,-0.5379022024322945,-0.04930409100556817,-0.0637171676015684,-0.6758199849167031,-0.2174492067721293,-0.05176751106833321,-0.6126223259888817,-0.23469316329249404,-0.017651333625651997,-0.5388189417306051,-0.19742138847618057,-0.0029455496442035494,-0.533234734935896,0.12783681137298644,-0.06789137967994735,-0.6493555729169018,-0.0346177468083473,-0.048155676776864303,-0.5927028906641618,-0.05585719640349174,-0.0019291216946767087,-0.5356523525878693,-0.02842207941762217,0.03224247964008498,1,Bright_Up
0.0,0.0,0.0,-0.07832216938867599,-0.33626950153040935,-0.027589473218281514,-0.20320993783317662,-0.6039628696951269,-0.07359790474365253,-0.35826988540154675,-0.8006846009539567,-0.11460740019071938,-0.42249817061411077,-1.0,-0.14589145606611628,-0.46142394968335243,-0.4587403120983079,-0.07394530495099831,-0.6442877944665345,-0.6037418669609679,-0.11195967843362307,-0.5433988928639647,-0.5847070260414119,-0.13398663511524164,-0.4532669187051362,-0.5205931639563457,-0.1410294103328532,-0.5206081589226509,-0.24317521410504966,-0.07687258190202799,-0.6927455275782807,-0.4211889947097759,-0.08128464167288645,-0.6075845000955064,-0.43228734600169605,-0.0749273815254467,-0.5262225049990911,-0.3818837276471191,-0.07499170848907215,-0.5395057382275673,-0.04029816452384753,-0.07729897241985723,-0.692967453079597,-0.22133631448642932,-0.06796502402376496,-0.6213930185282418,-0.23917940162240922,-0.030009415669907752,-0.5420115124430537,-0.19171410458827515,-0.012366332007281114,-0.5356012796934937,0.13385268206888087,-0.07930985507432614,-0.6677193901985518,-0.037197897567308943,-0.061477999744838294,-0.6041951763269623,-0.05892352751737801,-0.01144429927897929,-0.5400725479539022,-0.021343373655182213,0.02585744924367049,1,Bright_Up
0.0,0.0,0.0,-0.05015528541059467,-0.33273390473910475,-0.04898699243291764,-0.16496488332020343,-0.6007330009566731,-0.10058624411567887,-0.3206054507174121,-0.7979682061588969,-0.14400656273842208,-0.38446524195666115,-1.0,-0.177278706335903,-0.41569746671825836,-0.44908336604209176,-0.08098831884846455,-0.575593884343686,-0.613764077524861,-0.12640662646250678,-0.4731066732362556,-0.5948584151516249,-0.1508563508970164,-0.386891489505824,-0.5268645616144858,-0.1589230614537334,-0.48027081924072995,-0.23573596562286292,-0.07635900738174815,-0.644193893808348,-0.43820132449593713,-0.09194221527351325,-0.5604963565690786,-0.4536391625444352,-0.09031291749344045,-0.4836755458187072,-0.39708154363070003,-0.09112872989316838,-0.49931821956716804,-0.03483969924644588,-0.07267456002521898,-0.6456026901909913,-0.24044672276798681,-0.07533324128927098,-0.5744711156145581,-0.2567389321448687,-0.04375622257313382,-0.5014067085895519,-0.20422977601227807,-0.0274571644374913,-0.4957900812197908,0.12980923138593273,-0.07209642257095324,-0.6232735111019557,-0.05051438582230747,-0.06221215764114484,-0.5593726599319101,-0.07001994074379253,-0.018353172304527644,-0.49707314606293257,-0.028021198987095583,0.014575521173983861,1,Bright_Up
0.0,0.0,0.0,-0.07260289551405541,-0.32356559707484844,-0.03144378275015613,-0.20519644028447398,-0.596219037149103,-0.07024029020720186,-0.360413959948031,-0.7962613107812696,-0.10647549156409356,-0.4139953292231416,-1.0,-0.13331931260648322,-0.45273658587578214,-0.442365990862922,-0.03604093614370641,-0.6030662168200809,-0.5774001486469565,-0.07506549362033817,-0.5028636939572829,-0.5662706959871066,-0.10794279153112472,-0.4186155615213453,-0.510743131396328,-0.12372539506993317,-0.5067698694686733,-0.23462922693243915,-0.03947858727481326,-0.6566740071152956,-0.4029701821557025,-0.049997793346133926,-0.5746116971599701,-0.41681985114627024,-0.0582339289158343,-0.49924493319502505,-0.3664721849839004,-0.0666177601418041,-0.5236574962752105,-0.044299779786541135,-0.04449638771914589,-0.659096699784841,-0.21980956188204967,-0.04268231545306094,-0.5902566170296111,-0.23437443639943528,-0.015889211281871114,-0.5184580692667248,-0.18562466758336119,-0.0024534770657741642,-0.5216481202592936,0.11499278016907155,-0.05239539322620547,-0.6514109399105591,-0.053772979107865534,-0.03683815452722245,-0.5887917437758394,-0.0684862708338359,0.007942119869430582,-0.5278722233518166,-0.0294249752159344,0.04164861959832794,1,Bright_Up
0.0,0.0,0.0,-0.051443588483545584,-0.33363645607997783,-0.03559009266211742,-0.1903455554515282,-0.6099379165791269,-0.06532727054193657,-0.3515877435079843,-0.7915152359497007,-0.09180011951647829,-0.40350460664448046,-1.0,-0.11142131416876588,-0.48144373631188014,-0.4429147447116653,0.000979545195244978,-0.5419715999371058,-0.5370464525903332,-0.018785057531049684,-0.43380224779702187,-0.5137769288349918,-0.050004114722808565,-0.3578979975532171,-0.4653347035078768,-0.07004995886515561,-0.5258110511983278,-0.23598441799760697,0.006324118803627393,-0.5939307957330471,-0.37477304990908555,0.009005097992197664,-0.5042643994877076,-0.3724779030237166,-0.006110990979489401,-0.43383562116346275,-0.32172418010149983,-0.019866143220415765,-0.5305865783519291,-0.0520568520896879,0.009321795001003306,-0.5963722030767108,-0.20115382254955497,0.020942547484183352,-0.5188145153089679,-0.20352445147848494,0.034633279871109236,-0.45098169213271044,-0.16063833170796826,0.03877818828809623,-0.5147534917724572,0.0995883652829188,0.008408933161756765,-0.5798586581935646,-0.043963026789629975,0.032775119002299714,-0.511868151460432,-0.04854144949713728,0.06909920059637296,-0.4560734823293624,-0.014032716650263694,0.09660915073118792,1,Bright_Up
0.0,0.0,0.0,-0.024823516844432295,-0.3297693452515666,-0.03755601589883247,-0.1564496694844827,-0.5990788384973177,-0.06721154911989675,-0.3132327060991927,-0.7940024243236246,-0.08962887610846676,-0.3677908509394028,-1.0,-0.10260723700588292,-0.4657052808250305,-0.48078352365209237,-0.022999449559339354,-0.5494193572917101,-0.6076501985265761,-0.0379767136749365,-0.4551540866781697,-0.5826811588954933,-0.05755226198239107,-0.38526806972057814,-0.5192343555083204,-0.07002725520415241,-0.5168842643472341,-0.2845959490801511,-0.015369275621700961,-0.6104361790921551,-0.44054522839156357,-0.016418698529363923,-0.5360256029577111,-0.4519424010399787,-0.02471535919161255,-0.4709929859374745,-0.40212676007886744,-0.034219469644539216,-0.5318133632918658,-0.09876108734264076,-0.008986417122468634,-0.6402024916760061,-0.2802223443336188,-0.00848259415767157,-0.5852627738680002,-0.3184224153070961,0.004017407698847263,-0.5248144641049828,-0.28878397266796907,0.00943575825166977,-0.5263758353415326,0.06217240399117177,-0.004263892038176314,-0.646831133819405,-0.10636765166507037,0.0013272890357153707,-0.6349274603987913,-0.1657651646964888,0.02619430533196893,-0.6221230394029538,-0.17432973517116016,0.04675556258887119,1,Bright_Up
0.0,0.0,0.0,-0.006510934942235275,-0.33439363539440103,-0.060677645779189715,-0.13445427557176232,-0.6049909659200852,-0.09632845826070427,-0.28976543829760587,-0.7854049545187407,-0.1239170499106059,-0.3520081201973013,-1.0,-0.1418050856621803,-0.46621686612374336,-0.4858546424313197,-0.006181073131125304,-0.5097912937194392,-0.6147862017015742,-0.022595775950471186,-0.40727132492254975,-0.5771570794591311,-0.052617033449681085,-0.3397318631919755,-0.510768474586427,-0.0732977139498319,-0.5155971627064712,-0.29823298758070244,0.01528656394380496,-0.531924733195609,-0.4397302638410867,0.0227516662059629,-0.4411807174147461,-0.4293698489919922,0.006969280258546854,-0.38968702505191694,-0.36680909900004527,-0.010394103991023067,-0.5196241480359183,-0.12050996316762481,0.030631218217642215,-0.5499498682337602,-0.28089737551024363,0.03622900616331204,-0.47206981459468506,-0.2873308207756131,0.04084020156884999,-0.414392040548726,-0.24487661458414287,0.03973105665504486,-0.5087305411369943,0.029572673715974655,0.0412759085360054,-0.5615289434079824,-0.12939266789974369,0.05321112789824283,-0.5066594943663428,-0.15878761093244184,0.07694858890280189,-0.4636090231322454,-0.14078410092039265,0.09677952625082131,1,Bright_Up
0.0,0.0,0.0,-0.02081956985092684,-0.3279415319877583,-0.037025509122753104,-0.14589513044561483,-0.6022467070571431,-0.061538719954494996,-0.2889817187171748,-0.7974699473108029,-0.08149055040528269,-0.3529559684688251,-1.0,-0.09545950194198936,-0.4725252915535765,-0.5093908385616092,0.006568031060017495,-0.4875377539052397,-0.6498396943583182,0.002575403826321745,-0.38345975151305933,-0.5993984711581806,-0.017957273128778952,-0.3225917468722717,-0.5264310590729193,-0.03443011288225559,-0.5272905971266388,-0.31106409797593676,0.015684326581119037,-0.515505361292073,-0.46951215778677924,0.03574930658118238,-0.42153004529940785,-0.4459393636124668,0.025217677557574113,-0.37346009988883644,-0.3794895344749502,0.009377907684847397,-0.5265100242490655,-0.11818785477586241,0.02216042443987483,-0.5143280623022571,-0.28201335862752613,0.0419953609615855,-0.43106540702431134,-0.26543742801553544,0.04926945048677043,-0.3761482940671605,-0.2071227011157526,0.044533842629102,-0.5036892994796532,0.04952467820107194,0.02502336074094751,-0.4982782846821282,-0.09799916178676657,0.04501212034371467,-0.42273120275153525,-0.09410030899875746,0.07082424828102392,-0.3750643175582447,-0.05428137994812368,0.08977707820080248,1,Bright_Up
0.0,0.0,0.0,-0.026444053660252223,-0.333146158870522,-0.030787757957687824,-0.15316866803999396,-0.61609063960207,-0.052259420521120474,-0.29371129980404964,-0.8014960558709743,-0.07062787314132848,-0.34862141385720746,-1.0,-0.08546397825111092,-0.47409867859116717,-0.5105091694719389,0.0010472319778746554,-0.4358830327086369,-0.6091558056574385,-0.007661925796707066,-0.33165613224137064,-0.5544504848515299,-0.03323488276299356,-0.2794826910516003,-0.4862983469828669,-0.05593082998200576,-0.5331790182384565,-0.310937446616088,0.00428916040889008,-0.4707723458775059,-0.41704165201225946,0.017636863958606204,-0.37236617595337385,-0.3826617092900568,0.0026352347679691134,-0.3267527508415817,-0.31318012359945735,-0.01900093561934687,-0.5366629151384213,-0.11988202783499975,0.006147738968026894,-0.48818760990805404,-0.23813656232728733,0.01561748559855998,-0.4019906546751746,-0.21754569662864895,0.020586243449135268,-0.34949103150278854,-0.16087866150831534,0.014105650071252538,-0.518075566497513,0.050776867808873034,0.004960236220325542,-0.4889268954428981,-0.06197256694970608,0.01212763874758274,-0.40921650002512183,-0.0612456413605989,0.033808314242483005,-0.36226498517811384,-0.027616339245339898,0.05103443907291058,1,Bright_Up
0.0,0.0,0.0,-0.038841816363519424,-0.33871685397498685,-0.02994782435312961,-0.16252171218964578,-0.6139652316856248,-0.05630594641636638,-0.30252848478995303,-0.8052849006519591,-0.07989857628320911,-0.37075238963431,-1.0,-0.09958807802231466,-0.48419648818964417,-0.5163730351495521,-0.007674361860715308,-0.45608431298990015,-0.62583939766465,-0.015425369140449062,-0.34930812145962725,-0.5716815222240911,-0.03536354278643116,-0.2900466514076884,-0.5035817884818318,-0.05266409181240828,-0.5400919474837396,-0.31138358867876065,-0.005432844895128355,-0.4973246402740854,-0.4518795386110245,0.01054799147890909,-0.4021741710716636,-0.42357704887898046,0.001106463917343709,-0.3492696730546477,-0.3587668348725207,-0.01647175034410935,-0.5431477333802965,-0.11378698934380645,-0.003574129782363951,-0.5044282620732556,-0.2552450624233695,0.01112761988826307,-0.4208914430082032,-0.23667580162895444,0.019844610055818987,-0.36203018128778014,-0.18059225963609346,0.015275176585965073,-0.5262448406602738,0.06353746020995872,-0.004862305501034638,-0.5012151319125211,-0.062378732817671576,0.009799485551970799,-0.42381971005236085,-0.06563173164108951,0.03523202123138049,-0.3735107329889141,-0.03167012364154887,0.0544250097538722,1,Bright_Up
0.0,0.0,0.0,-0.07031939102152115,-0.35814917384200917,-0.017906240913841655,-0.21820550541508243,-0.6461394101163687,-0.037716094221376846,-0.3800324541488742,-0.829039947591115,-0.05235692129798584,-0.45828852899642125,-1.0,-0.05897322653253599,-0.5460752952210579,-0.4778549855370271,-0.023165139570420733,-0.5958339280157936,-0.6099374320178219,-0.017057551014076307,-0.48021147942516884,-0.5888861161665276,-0.02188581103654422,-0.4040282238511843,-0.5305220588039746,-0.029288208685413555,-0.5950618011742356,-0.2440122494244508,-0.022632023828075293,-0.6321451651651119,-0.4180317768757319,0.005410535487898779,-0.5334093344904893,-0.41788040987435876,0.00804178635083474,-0.46996517450864456,-0.35675096826124303,-0.004166140039398033,-0.5911476455450232,-0.0345291843556996,-0.017774104710467344,-0.6288048965784409,-0.2130374193411125,0.013927181017020637,-0.5485794993674943,-0.22399967022826056,0.036009985830934524,-0.4792398938702348,-0.1727753483213998,0.03495949981099574,-0.5613057409536608,0.1482013699710918,-0.01440087003089112,-0.6124226875864875,-0.007068151939669501,0.014650445668038808,-0.5428758666481096,-0.03499480964103637,0.05337008964476242,-0.48367009351510964,-0.008797680605432547,0.07867660435971818,1,Bright_Up
0.0,0.0,0.0,-0.07249472397741069,-0.3717542209301127,-0.018535612723167196,-0.22324880642453507,-0.6415688285101068,-0.04237088192860648,-0.3940171539639523,-0.8155583620644452,-0.061807388794942617,-0.4691050727349404,-1.0,-0.07507392042575682,-0.5476062162279655,-0.4640746445715341,-0.029727814352269417,-0.5905170076380762,-0.5614382690791688,-0.0258448654315404,-0.4756290107967433,-0.5350337311395357,-0.03210720292410646,-0.4003442355447737,-0.4813478204166949,-0.04109140933703405,-0.5941494970916331,-0.22119632271645362,-0.029769938361992807,-0.6347506701187323,-0.36041362941504157,0.0010379423688542458,-0.5367643203286304,-0.3582891031814786,0.007511018187961235,-0.4690198093416411,-0.30607720717906567,-0.004039111915041651,-0.5864192108620857,-0.0004109673148775994,-0.0255875644453757,-0.6364048471734906,-0.14653740990202666,0.004973395418058338,-0.5601180869986883,-0.1585146198148989,0.02592668043747621,-0.4865048551956442,-0.11851208320093792,0.023286319777804203,-0.5532138809252456,0.19425309043387304,-0.022374588953503395,-0.6067154837874067,0.06960495598795512,0.004965584041972154,-0.5424058214842239,0.03287693702519718,0.04130587418357997,-0.4853664040270315,0.04820328406356593,0.06437138321948292,1,Bright_Up
0.0,0.0,0.0,-0.0705225468839981,-0.36601077512772195,-0.02517179693076432,-0.21344147651255121,-0.6468932513387263,-0.052610124755697346,-0.3763881223213226,-0.8227320576923286,-0.07505321936083975,-0.45072997190280395,-1.0,-0.09282683227270426,-0.5458673389963172,-0.47521905688784094,-0.03854221058876669,-0.5474273266731766,-0.575670506217634,-0.03967763096353386,-0.43085956083026616,-0.5367550732257997,-0.05292998074259911,-0.364243297115057,-0.4691707027129416,-0.06863013611541222,-0.5951840687483194,-0.2346265010663,-0.03973300072851241,-0.5983891739250182,-0.36902341287855284,-0.01683222956607665,-0.4972709468896589,-0.35001964953075176,-0.01859887070468259,-0.43372371126837994,-0.2816917538376459,-0.03643877526838136,-0.5859749160948707,-0.016986556672839125,-0.03662923215535138,-0.6102627158590764,-0.15471071645128387,-0.015968774549894364,-0.5269868070546714,-0.15590950111964225,0.0016588137255204812,-0.45671181159964597,-0.10745691527405381,-0.001986991648224752,-0.5491310117494397,0.17726358784102278,-0.03477793065970095,-0.5817567442523762,0.06649270572405527,-0.017564320869444722,-0.5064267573266623,0.04094156632342583,0.017352788115779484,-0.44739129346165946,0.0642536389733474,0.040859855823381405,1,Bright_Up
0.0,0.0,0.0,-0.07010765292981053,-0.36067493048548377,-0.011464997170998657,-0.2100105578757758,-0.6304641470009937,-0.03468615422535132,-0.3761156112899565,-0.8083745546693099,-0.05395255081044805,-0.4405073900880078,-1.0,-0.0699552045977672,-0.5270019585624628,-0.49052702671686615,-0.038610886617840776,-0.5356746967160926,-0.5373633617908605,-0.03020903538740621,-0.42615012415279846,-0.49315055683868975,-0.032506832434983805,-0.35888276932571556,-0.4407213953397434,-0.040795972948876935,-0.5820569878771444,-0.2518223386629921,-0.04123338735740212,-0.5797221629534169,-0.3409991983835059,-0.005263441394525124,-0.48128474131929244,-0.3138781236903601,0.0038614263530982913,-0.41618081594868295,-0.2596712522303725,-0.008147026681674692,-0.5832030954467673,-0.031476198450661484,-0.03695060924939556,-0.5947810558385818,-0.1446448107870548,-0.004785179188495446,-0.510987267643851,-0.1354748876419299,0.017962181020463576,-0.43730899978153187,-0.09220141060700986,0.01585871640135467,-0.5568338018638646,0.1669262215300759,-0.03286925468540948,-0.5789779262189798,0.06126755714386509,-0.006636799211040379,-0.5007801522136262,0.04969916004532576,0.03087244596990988,-0.44044661004630337,0.07778272707721105,0.055647840737343336,1,Bright_Up
0.0,0.0,0.0,0.06546080639038901,-0.37712056435127983,-0.032156719370638305,0.23488137744621368,-0.6260640944403192,-0.06201564446827009,0.38820171505281215,-0.8044596817408023,-0.09119266253626224,0.43365676460847224,-1.0,-0.1137790153722595,0.5669496690324132,-0.45497167203786404,-0.04302982990514176,0.6059892757528876,-0.28134286487720855,-0.06993408840642898,0.527321272210065,-0.23587092793420875,-0.09784919172951394,0.4476148203711293,-0.25925441428743545,-0.12373675311012591,0.6139071919601922,-0.22942851568939104,-0.05860792487174254,0.5952010077989484,-0.08398223749312532,-0.04983397408259745,0.5068628325744091,-0.07319220518528488,-0.05955232286536969,0.42679771279242273,-0.10586325047423312,-0.08604009538873351,0.6035159036340145,-0.0025310916964968503,-0.07558594407824706,0.5745532781947534,0.09704601787845013,-0.07101815785341493,0.4924538583647262,0.09924087413149679,-0.05849144206965617,0.4138841545392541,0.06169996002478161,-0.06821126771116265,0.5580444707921294,0.21004910448957495,-0.09863427407947202,0.5220090546642208,0.2849401304311224,-0.09961481376004332,0.4409415298158166,0.274594715306375,-0.07993053953458207,0.37345247259076214,0.2317660325578746,-0.06948569834155621,1,Bright_Up
0.0,0.0,0.0,0.07469674817216503,-0.3783992470601693,-0.029627374705023756,0.25560172628717015,-0.6240006720488451,-0.05807040739437837,0.42241257364577817,-0.7960505384816905,-0.08711285732010063,0.4794976588085636,-1.0,-0.10813224938910718,0.5876257729710738,-0.4494403252798118,-0.031428008236175725,0.6346699581399363,-0.28433641049315417,-0.061621907541708223,0.5582833850221965,-0.22138264347042755,-0.09026039725619471,0.4761537561964078,-0.22833370187075724,-0.11529314750885138,0.6371648628759912,-0.22491115524481525,-0.049438907709209765,0.6229119120657791,-0.07424301306665182,-0.04547897894076991,0.5318674225343697,-0.05067023594736162,-0.05832078995409803,0.4502441283817564,-0.08001441126018861,-0.0846913861127465,0.6294998802466154,0.0005091433879534734,-0.06969980715032659,0.5997606975009078,0.11838834924683037,-0.07067380081335538,0.5181529789484274,0.12501410740831717,-0.0606524501126321,0.4394162775745573,0.08475118106456418,-0.06992267707210643,0.5855365998515977,0.21574478689770304,-0.09579282329379778,0.5364425635701523,0.30647291301001794,-0.10399392733574261,0.4542250985731218,0.2932757836186562,-0.0889954781931411,0.3880346707752206,0.24081614101995158,-0.07946435993143935,1,Bright_Up
0.0,0.0,0.0,0.06393019250221887,-0.38406083487543824,-0.04866930778193456,0.2447149973187523,-0.6314893685170893,-0.08546552950226234,0.4132580207535804,-0.7973681926530714,-0.11847681767129564,0.47181874352290115,-1.0,-0.1434108148717424,0.5830083805780543,-0.43568441043031186,-0.05778011738183454,0.6128296410641092,-0.28904805891098984,-0.09416712109915974,0.5335298031788542,-0.24253306097229585,-0.12922784922839278,0.4547429670201367,-0.2548693834576833,-0.15848088636134858,0.6257262358278752,-0.19840793814635377,-0.0666871574845692,0.6027517143970086,-0.0756127348416514,-0.06349178603360607,0.5151570570542645,-0.0621470852926073,-0.07442202754996272,0.43750419752167985,-0.08758974947124143,-0.10140130754971474,0.6091247146976803,0.034811274259092216,-0.07883621399793463,0.5789785014563463,0.12148996779403058,-0.0813024759331032,0.4998835026290693,0.1190977679000406,-0.06922140312663762,0.42017476155493766,0.08089179641529065,-0.07781079981232616,0.557633393364351,0.25120113697301083,-0.09843934252062399,0.514386262919326,0.31132695413361605,-0.1057378882795514,0.43670628093896363,0.29117239234454706,-0.08825809224294177,0.3702790150780145,0.2425423600972482,-0.07819384788208614,1,Bright_Up
0.0,0.0,0.0,0.09047768888224249,-0.3678431824601632,-0.03924705483007096,0.28181494358872106,-0.611077100260871,-0.07944309298141769,0.44743038939567653,-0.7922144750178622,-0.11848720018621389,0.49871589568482794,-1.0,-0.15071099605932176,0.6296343028762275,-0.4360528513035242,-0.05257187230733821,0.6618163559476928,-0.21340925801306015,-0.09503741668734378,0.5694844266653374,-0.16453281034511408,-0.13866086744119038,0.4841449724174601,-0.19759525115065715,-0.17633403394481267,0.6711932252463321,-0.20212804072578636,-0.0710456663955255,0.6452881212302477,-0.022471825515511024,-0.07445204938833493,0.5436764223285645,-0.009181371815961318,-0.0909573722162099,0.46055468321619064,-0.05030775925095127,-0.12122921140096722,0.6513251769602711,0.029029688616386686,-0.09240477242422131,0.6104955406842464,0.16751044730239437,-0.09761497181088365,0.5173135997706994,0.16470520121961352,-0.08584066210133112,0.4385870490836283,0.11149587508100293,-0.09519158514542164,0.5935843593705864,0.2483809796786468,-0.12080934940193926,0.5375212373095393,0.3499687930977186,-0.13003063853259078,0.4509075444893076,0.3323688271604938,-0.1134739018788638,0.38744563456457803,0.2724697485170231,-0.10432957527812108,1,Bright_Up
0.0,0.0,0.0,0.08969833074390678,-0.38067527316432176,-0.036038197942465086,0.29201237316801787,-0.6244949980945729,-0.06688989836089433,0.46363769610285993,-0.7956214687465348,-0.09444150580212879,0.5119901708001902,-1.0,-0.11521400672935167,0.6486504605525611,-0.43760153249868405,-0.04201668254801619,0.6717044714447216,-0.25901394466741695,-0.060982540672081795,0.5858486033028253,-0.22584294437554886,-0.08767980463172498,0.503451308372026,-0.25509271591547805,-0.11334977095855861,0.6727896089859686,-0.189864147509371,-0.05369587123755393,0.6510850738145886,-0.07491527540750012,-0.03099749692054439,0.5613293890780154,-0.06665018270432997,-0.03759133609803715,0.4812820784067316,-0.08923159669691984,-0.06297357257874518,0.633820502395485,0.04902236933167304,-0.0656773393659402,0.6123861682562219,0.10584768563894259,-0.051327939957833406,0.52879259649172,0.10050586221531708,-0.03792832266828114,0.44419239842926533,0.06729688083497216,-0.047205012348768415,0.562079069488823,0.26154389301058756,-0.08310728942973059,0.5324675854351447,0.2786132059479914,-0.076174569805361,0.4544717633548772,0.260951999806271,-0.050968533552539504,0.3842485543607515,0.2266576259780449,-0.03590499329449752,1,Bright_Up
0.0,0.0,0.0,0.07828142873449602,-0.3707994433501964,-0.039253900142309735,0.26258983021209525,-0.6230047917541998,-0.07678489217264861,0.42465895484870636,-0.7995776553191386,-0.11137948894155394,0.4707907001595632,-1.0,-0.13735972052681583,0.6021989124442318,-0.4654342815647397,-0.056376850805213596,0.672398475770433,-0.3162018608424064,-0.08621780063144269,0.5964322924888706,-0.26269912009500934,-0.11341508890658117,0.5134883144828524,-0.2726245843948619,-0.1376704073773,0.6318711156554114,-0.22035584785876833,-0.07124073025604408,0.6587967426757564,-0.10335617087108893,-0.06560078031081044,0.5736006644824881,-0.07731700623438065,-0.07297412092608821,0.48870501203403044,-0.0943091543634593,-0.09363483443116047,0.6025709837789527,0.01688188678053863,-0.08737505146872462,0.6056121569208426,0.10145914137010655,-0.08234392206707458,0.5230077061510775,0.1008777191930035,-0.06975379586154645,0.43680543243578007,0.06485018785716541,-0.07783267856678679,0.5387709502633886,0.23458636207981076,-0.109775492939135,0.4947815295240547,0.2940140716795912,-0.11156207894177252,0.4173921491005443,0.27141729548827076,-0.0959350828834943,0.3529057751202796,0.22651785432387206,-0.08706104038430182,1,Bright_Up
0.0,0.0,0.0,0.08871840135522378,-0.3661603042127947,-0.050153665322557384,0.2600460086956288,-0.6156048396247756,-0.09895334554455287,0.4143335120418378,-0.7991801208466439,-0.1416488825009754,0.4613424709749163,-1.0,-0.17585889716450845,0.62130041062285,-0.44100581734006095,-0.08498787225944074,0.6630952622073486,-0.2755270294376099,-0.11513414948147602,0.5807144647249178,-0.22445576671683032,-0.14044915829936197,0.5013198155845366,-0.2503225416009728,-0.16573731661183308,0.6439538487930832,-0.19315233260963302,-0.09816626198437688,0.6338089484887581,-0.056947901143043024,-0.09525618880336631,0.5407937341886289,-0.04467655672229894,-0.1037923236507682,0.45646487572600836,-0.08478030689220217,-0.1281721707732481,0.605558281870246,0.047296177744763745,-0.11134193691808106,0.5718011645417274,0.14057542836965378,-0.10978914496577158,0.48404105398810765,0.12665080659192796,-0.09762480602414729,0.4033562384438353,0.07369517372345635,-0.10762704252407004,0.5340242039805062,0.26537602847883107,-0.13140008805130202,0.47854387627287104,0.3268752618705924,-0.13726144433415863,0.39567356227706685,0.2933834009977254,-0.12114579538680215,0.3320813163552933,0.23446572054463716,-0.11243622655909659,1,Bright_Up
0.0,0.0,0.0,0.09275213192135587,-0.3459256186611583,-0.031492669240104396,0.28187412751119967,-0.5922102474458099,-0.06888915391612906,0.42723650342746594,-0.7926419829427638,-0.10392097826208453,0.47008245084741734,-1.0,-0.13129190063386903,0.6243742621662275,-0.4790804379004821,-0.0453686075408209,0.6918293194476602,-0.3319317551997243,-0.07340495017502766,0.599981766193637,-0.27396876982664126,-0.10482144732791907,0.5129428547378867,-0.29389678126683916,-0.132095138277026,0.6517944560368238,-0.24093386934195313,-0.061546935507772474,0.6573723219679827,-0.1200451321682817,-0.05107234823417654,0.5671201101862856,-0.09117066399734934,-0.06217819652937394,0.4856273536941062,-0.10907640174718104,-0.08527406222363311,0.6210429783873435,-0.004259995425226587,-0.07778738840800861,0.5956471567270271,0.06789178259240425,-0.06745627286047096,0.5144990238384867,0.07704109624814952,-0.05834764353090376,0.4341674483653346,0.04934786161986617,-0.06809133016288889,0.5612104449398506,0.21190784139946095,-0.09917849084679187,0.5123816172453568,0.25073279149549155,-0.09367174871035402,0.4371298589771301,0.24557043250728594,-0.07357864641706816,0.3742010759811105,0.2187147404935299,-0.0606062848861559,1,Bright_Up
0.0,0.0,0.0,0.07045191244651483,-0.3763853183070992,-0.02492505887218772,0.2557946037077167,-0.6335254643472658,-0.05534129431065026,0.4249711472472377,-0.8080072733210787,-0.08665855418733923,0.49575428708875174,-1.0,-0.109805488899573,0.5838768831524198,-0.482317179469639,-0.02424881558334905,0.701108651853748,-0.40501607589322164,-0.04819002161738095,0.6238474897553419,-0.3601088350108019,-0.07378960581776801,0.5380843096192761,-0.3665294827688933,-0.09352065457947185,0.6005368929060846,-0.24329303142577835,-0.04104787574492446,0.6876572006099351,-0.19154189552103768,-0.023350515054620973,0.6066989140772746,-0.17245604782385146,-0.023722614884042176,0.5155992435393004,-0.17889545262962775,-0.03775963771026585,0.5634798074864894,-0.0166540516326355,-0.05981777752419594,0.6122518828765808,0.006749668441598277,-0.041827603458793425,0.532664846865256,0.010206261323188345,-0.0213626317626267,0.4434196966654383,-0.0010367130590979404,-0.022798456179006683,0.49845949470720247,0.18921006348708963,-0.08306577962277857,0.5142661691267822,0.1866109986914201,-0.06631132261724193,0.44410421857035987,0.17109649287342524,-0.035116573156231214,0.3735986830345814,0.15407524444846557,-0.01596484132905203,1,Bright_Up
0.0,0.0,0.0,0.10949760855144638,-0.34986735219659854,-0.018392057338492012,0.2830380845338645,-0.6205592687948571,-0.054958922792122535,0.42771652499344615,-0.817920604166299,-0.09220639719989948,0.49357789200406876,-1.0,-0.11817762453968148,0.5478922494338309,-0.5033877598986513,-0.06036175009729513,0.7265255573553777,-0.4176346031908652,-0.09964364938655429,0.6439944315041869,-0.3620477910901484,-0.12306345660063188,0.5470435875989909,-0.3727058903545267,-0.13853595763267182,0.5661672124245987,-0.2703974785079565,-0.08662970237292707,0.7235491068065564,-0.21145540661943318,-0.08893569688923286,0.6383432864025993,-0.17683504019897817,-0.08322758242943852,0.5372216666831678,-0.1867968622541991,-0.09009921027389772,0.5469622297056179,-0.041207557760875806,-0.11277283323774426,0.657458086694799,-0.014135611124766419,-0.10513678691281804,0.5725910422807071,0.003625376603105633,-0.06920525759750283,0.47305009020395006,-0.003826188546272194,-0.05930849629811827,0.5015699060165669,0.1728394636577734,-0.14237031156275312,0.5459814151021773,0.16007402276901805,-0.13422493092619,0.4681309509101968,0.15528768194143178,-0.0946294244001247,0.3932891145290992,0.15034551276780844,-0.06862562296331848,1,Bright_Up
0.0,0.0,0.0,0.10476879529713568,-0.34319787836381205,-0.011720599981889242,0.293494557152019,-0.6126342944265168,-0.04482039469189662,0.4496937393287859,-0.8074777607245173,-0.07995350632167973,0.5114782709121952,-1.0,-0.10528830640933387,0.5674538123626174,-0.5204954996877956,-0.05804355518716787,0.7503103007146011,-0.4361470085065123,-0.10474847279778045,0.6668330628689977,-0.36750371007125704,-0.1360830744262352,0.5687486356921546,-0.38226002142280596,-0.15626425450810214,0.5863782428222601,-0.29297844689733127,-0.0894293381898804,0.7564410136743835,-0.21880557703664721,-0.1007770678441373,0.6609585013511936,-0.16470939608331542,-0.09895368759483067,0.5529755448347516,-0.17886879631243455,-0.10594216945228609,0.5703649703278908,-0.061151027397839786,-0.12045901304888078,0.6868668130953247,0.0070457510588721045,-0.11795778199901098,0.5938590917474816,0.03231907797326041,-0.0804113624821748,0.4906351371245721,0.009513138813352534,-0.06780825808956888,0.5253120351834899,0.15763403214097763,-0.15468680000195198,0.5894630591970001,0.18695967063704927,-0.14313560736422246,0.5033348337194289,0.18422492084899292,-0.09930926693705237,0.42329258459554725,0.16380747226118902,-0.07112073011597003,1,Bright_Up
0.0,0.0,0.0,0.11048588254168408,-0.3427917732377829,-0.0013200759714231058,0.2961871468847172,-0.6080146248100624,-0.03256156991427297,0.44593980652169246,-0.8080949427300531,-0.06675242498845464,0.5097937791420697,-1.0,-0.09160739161973101,0.5446881345090133,-0.511958479927162,-0.061856046345663995,0.7471895370070436,-0.4261660659853609,-0.09563809815174425,0.6683794684506918,-0.36605699302378575,-0.1110600201411762,0.5693910041885898,-0.3766413825309546,-0.1193137976891498,0.560399586761236,-0.2846373073672787,-0.09263201989388693,0.740912068227314,-0.219997527107298,-0.0848703173379173,0.6511989953107006,-0.18274901876230698,-0.06832754651273754,0.5447154180772544,-0.19695936383302456,-0.06978473941165242,0.5422430363034955,-0.053023520070794215,-0.12041627865451808,0.6796014964066417,-0.012869873729193725,-0.10300796345062194,0.5907457610838218,0.0055392796524870455,-0.05619856983048074,0.49015042749366194,-0.005089867168875069,-0.041343506761498276,0.5002199035163104,0.16155878076171226,-0.14931003725727238,0.6001349872421218,0.1612930980747202,-0.12414286153576506,0.515506161283697,0.1534276643119687,-0.06923492314144904,0.4309945422644953,0.1433584948462668,-0.03610791966407141,1,Bright_Up
0.0,0.0,0.0,0.11920274639132934,-0.33941077841301226,-0.003160220905397851,0.30936720102466037,-0.6080569469855569,-0.03809693347234533,0.45777800352514997,-0.8075328872611806,-0.07633401355168738,0.5150820073875245,-1.0,-0.10518352625154799,0.5549286644122184,-0.5057947139507338,-0.07119777792170036,0.7659278443907073,-0.4281601461167321,-0.11636745325392428,0.6863149615700008,-0.3620928038137808,-0.13907048974226333,0.5847707448162178,-0.3668189763241043,-0.15101029880187772,0.5650189086697115,-0.27672070988937564,-0.10562309653095225,0.7610772548235173,-0.21180014096410651,-0.11118516341454586,0.667865210665935,-0.17031103216934962,-0.09795228227996283,0.5581767036391989,-0.18008363591044904,-0.09855554922262312,0.5430004409055634,-0.04240254782673354,-0.13761006860937688,0.6996730386771577,0.003730417142743438,-0.12975421278654342,0.6062460923304425,0.020359573672596724,-0.08126813691936806,0.5022069365651047,0.009605876506645525,-0.06273856351906457,0.49636645640742605,0.1782075356101934,-0.1712303221981492,0.5966468136980247,0.18203849178878842,-0.15381821792660164,0.5081482699431221,0.1717914694722643,-0.09953020841100081,0.4248804789847233,0.1626549845892509,-0.06520499683393083,1,Bright_Up
0.0,0.0,0.0,0.11375616775065586,-0.3266601788776125,-0.005310496566995867,0.3019039375259884,-0.6026786978038603,-0.03840709772971817,0.4465952632429845,-0.8002364876695313,-0.0757188897266718,0.4868722922549764,-1.0,-0.10323153058812605,0.5479759838572736,-0.5200956854525275,-0.059199869275877406,0.7649406296007158,-0.4253584482483494,-0.11196038787123543,0.684295356701536,-0.3639226086867176,-0.14267815038502513,0.5850984460130607,-0.3796344233615764,-0.16044244391323537,0.5567033602092196,-0.3033655772674917,-0.09570574639706884,0.7565796854198159,-0.21056188572810125,-0.10982427572390936,0.6632184298502042,-0.16662022047159558,-0.102099090049216,0.55943141889037,-0.18304120458993253,-0.10490030410872038,0.5355782048031866,-0.07595997365462777,-0.1324197926386071,0.6952769986070335,0.006794774289315551,-0.13332786555347173,0.5984996935389882,0.022380355964477783,-0.09035794014627072,0.49658887820172076,-0.0006840067192861167,-0.07362375874525637,0.48982712998790723,0.1442096692380874,-0.17158719793607347,0.5816314419981384,0.18543229245627818,-0.16094202883313088,0.49008798356203104,0.1755559232109146,-0.11411621737197133,0.41181157145616054,0.15217786523222362,-0.08467084994482424,1,Bright_Up
0.0,0.0,0.0,0.11064719595395246,-0.33058589319661885,-0.005751422729379637,0.2950502447870227,-0.6071531354266971,-0.03951004907857082,0.44158919327922846,-0.804455101281258,-0.07669421853968705,0.4857074939998964,-1.0,-0.10312639186663776,0.54141172499216,-0.5272774533546607,-0.06541392638886932,0.7621629992140515,-0.4340041855805378,-0.11369898211092089,0.6784917407807745,-0.3637088004319542,-0.13903006319061795,0.5783386067879162,-0.3767108514360613,-0.15397262309282195,0.553758614043141,-0.3091737626328887,-0.10133648725993874,0.7526750824815819,-0.2289982033998778,-0.11249485189704743,0.6553955664472688,-0.1843345318178066,-0.10119316738215917,0.5492524680975969,-0.20023908239227414,-0.1022729120728074,0.5349455212915857,-0.08081832872149299,-0.13632539497991164,0.6949505725011415,-0.01641827456334997,-0.13423341124537994,0.5981781233466046,0.002517821081077649,-0.08674171650107541,0.4971265868755811,-0.012957397164563123,-0.06760567074399926,0.4918610184065994,0.1391315319810594,-0.17354415260358177,0.5863832622661332,0.15824132696463067,-0.1604492989381058,0.49645278501695717,0.14968929735544806,-0.10908374919096331,0.4181167386556204,0.13336094497356513,-0.07620109958370201,1,Bright_Up
0.0,0.0,0.0,0.1109491975690742,-0.3288612544204954,0.0014202763224744153,0.2990506077019443,-0.6066858130495562,-0.026778457340759808,0.43696868738307654,-0.8059527666169223,-0.05942306229564858,0.46467576936142074,-1.0,-0.0833132964208601,0.5164409285700657,-0.5311227069924817,-0.06467118045640778,0.7348849495937148,-0.4474307477848595,-0.11216734931121844,0.658241786125029,-0.38003957128939503,-0.1360107083350086,0.563661624759613,-0.38771366342452745,-0.14967701937541408,0.5266905573556513,-0.32036753029953446,-0.10264415551595256,0.7334803438795796,-0.24140374811983267,-0.11255432398799292,0.6435950195800975,-0.19856415897044624,-0.09817084725348385,0.5396493776835473,-0.20817039533327078,-0.09724699100595853,0.5091912079274759,-0.09624745450865452,-0.13917827518064893,0.6771177120957579,-0.028316741047236728,-0.13481551003697925,0.5862029795894523,-0.014473870812859745,-0.08831922041086086,0.48598649603687183,-0.032025639709291266,-0.07044520824246317,0.46814696097886915,0.12040997728358578,-0.17731884747535687,0.5654133004615077,0.14413190115084829,-0.1608049938851937,0.4797753299623583,0.1360752354106195,-0.11098469037942295,0.4026536052694056,0.11983031434568407,-0.08078052269731349,1,Bright_Up
0.0,0.0,0.0,0.10765612243706106,-0.32424321634513337,0.0031162570064497694,0.2932146736624104,-0.6057567876825075,-0.02248534046480093,0.4314023278958839,-0.8071056043414747,-0.05503959599716846,0.4765758447070556,-1.0,-0.07765038809115105,0.5268592295203522,-0.5400804642097788,-0.04054536561792177,0.7501888963579252,-0.44812257561190944,-0.09127726915048505,0.67433200568864,-0.38000449484723764,-0.12247400359966286,0.5770601483863458,-0.3851592710453299,-0.1388576034688451,0.5380547622221784,-0.3404011047013444,-0.0781536418208472,0.7497903612914711,-0.2483838084002895,-0.09030650071083743,0.6610363603336981,-0.20834764824034382,-0.0814684028629268,0.5550498964292144,-0.22138995498305772,-0.08191214819841518,0.5223301473351315,-0.12463796542914715,-0.11632520562894945,0.6825678264795639,-0.04865853378566426,-0.11214579819158833,0.5948489292315301,-0.0312595278879897,-0.06805897665273146,0.49879654090089465,-0.04852179537731544,-0.049568810465219805,0.4866454503969844,0.08585863061015135,-0.1567593092955929,0.5929195885523169,0.12502945212403685,-0.1356743449019522,0.5096037083295238,0.12385841553412762,-0.08318521625990759,0.43448729943858716,0.10637120430087606,-0.05025806253935417,1,Bright_Up
0.0,0.0,0.0,0.10580157832771865,-0.31346697406772384,0.011294111510545352,0.2918279398773808,-0.5969429846723507,-0.01544726855565501,0.42920681708640357,-0.8067228185480622,-0.052306217045874216,0.46682921958886037,-1.0,-0.08010281742264154,0.5241215730973732,-0.5326547399246161,-0.03566568521298781,0.7599203487302475,-0.46199966448752494,-0.0906770480372933,0.6782216419737256,-0.39117490691049267,-0.12432087823149016,0.5740517084528364,-0.39557427622813024,-0.1419928701872998,0.5366569678896316,-0.34400347473342724,-0.08136486001448048,0.7566177301618113,-0.24743913261409325,-0.0980846009197864,0.659156018875871,-0.20046393975777216,-0.09203850900659999,0.5517473256564159,-0.22304281433134948,-0.09380390266865785,0.5222590227261554,-0.1316295516549837,-0.12752960905672414,0.6881461212578576,-0.03915197448077924,-0.12630221370291306,0.5880691358425139,-0.016619321565393762,-0.0821794787288798,0.4895488877660089,-0.04283328628387498,-0.06410318663840901,0.48574563593044656,0.08064604903651663,-0.17542961518920291,0.6004649533906272,0.13495244288052158,-0.1578505606957938,0.507149912751552,0.1346001041000942,-0.10527342450256295,0.4283141106309307,0.1125351413840447,-0.07253794872103934,1,Bright_Up
0.0,0.0,0.0,0.09456659515192838,-0.3153881823503029,0.008341840137527676,0.26963483042586645,-0.5906961450067061,-0.01815213099607156,0.40134386894149415,-0.7980810894097958,-0.05120573893313547,0.4315538267791801,-1.0,-0.0759488893844346,0.5029329034262557,-0.5559472720606594,-0.056949753642678236,0.72975975998804,-0.46829035724428314,-0.09625179494112392,0.6663223472739318,-0.38626632447186005,-0.11256664281588483,0.577928649381112,-0.3887902937990738,-0.12228544263523654,0.518378449601796,-0.3578029128660452,-0.09860030927067763,0.7390188622315055,-0.26595413116025207,-0.10608570493391006,0.6510089542533727,-0.20893452785751473,-0.08846499189551997,0.5442989850130916,-0.22350860389157906,-0.0847836469701329,0.5052422700637434,-0.13772697742929368,-0.13808584585829214,0.6906944687277491,-0.056299388099705854,-0.13569852493994858,0.5977568853645449,-0.030611582580810776,-0.08879212821071966,0.4948032428591004,-0.05147053520663354,-0.06980617976526374,0.4686415961606195,0.07945386831581329,-0.17815491878441833,0.5936514637911076,0.12171500489921763,-0.16604526519136312,0.5052591303113922,0.12155478381751482,-0.11691603850757502,0.4208310016487958,0.1007131787297353,-0.08629405836797217,1,Bright_Up
0.0,0.0,0.0,0.10122129891145284,-0.32047003528859785,0.00644342748674275,0.28850941027682525,-0.5978605779596714,-0.016466862312273737,0.4304235578330179,-0.8028889856299384,-0.04545842300494263,0.46139265614322506,-1.0,-0.06524774103058253,0.49737838236577886,-0.5495499931683141,-0.05274451880783974,0.7360452656321069,-0.4688156247015022,-0.09358122607291938,0.6709691786267384,-0.3918421734265298,-0.11090324296635436,0.5764371950063388,-0.3927780522457124,-0.11975228412561258,0.5142236274215554,-0.3495002542878749,-0.09099427482247226,0.7394367267800844,-0.2693801160554754,-0.09680482925609299,0.6550158295277799,-0.21566346379000897,-0.08048072733594465,0.5512054698617476,-0.22759907402688634,-0.07813647065157743,0.5044221421585393,-0.12774592897972475,-0.12743811004584163,0.6918682093687513,-0.06489441866081937,-0.12423676721080766,0.6038845090350838,-0.03780690356919972,-0.07764836247018177,0.5031234047248494,-0.051641234851369955,-0.058455197483485155,0.47192588237510136,0.0898845249071603,-0.1643895230383218,0.6018531700982701,0.11280762785220497,-0.1497425127590488,0.5168811484575545,0.11247775638447102,-0.09821296210804983,0.43225314929246395,0.09836499446054972,-0.06588922749260968,1,Bright_Up
0.0,0.0,0.0,0.09360953358007315,-0.3177389871329786,0.013784649317444442,0.2738847585558022,-0.6032118009540548,-0.007826245043144595,0.41570530356996016,-0.8090888265223266,-0.036882440619650576,0.44281178124883513,-1.0,-0.0567613014004006,0.4761858112303643,-0.5625780271441274,-0.0533998943727925,0.7245263676255979,-0.47009835939061423,-0.09584172042477869,0.6559352514953584,-0.4009560777771763,-0.1106930078293409,0.5628213453982225,-0.409735015369884,-0.11779067997232287,0.4889650769936503,-0.3693546746606422,-0.09703185387894074,0.7340859278695304,-0.28015240451444334,-0.10970969020836031,0.6450211447121736,-0.23568978664604237,-0.0916149262242571,0.5375098783652235,-0.25347824287132775,-0.0855559692185364,0.47825654510182,-0.15441287342749258,-0.13838515151560682,0.6792097944681904,-0.08042071018585656,-0.13859071469996284,0.5844238480360433,-0.05840518464558795,-0.09129750852398735,0.48241608845021255,-0.07707962650741652,-0.07028668929071895,0.4476337533929223,0.059511449163436626,-0.179686282767542,0.5863264694109245,0.10140302287809717,-0.16593116844823463,0.4984805252677297,0.09722484198830161,-0.1163437535089434,0.414075970364998,0.07872216520653862,-0.08575502331179942,1,Bright_Up
0.0,0.0,0.0,0.0910742304945663,-0.3177160978167436,0.007319940639986636,0.2757209321396944,-0.5975149694988287,-0.01683191671682651,0.41400119633536947,-0.8049635672464601,-0.04693544411574517,0.44083441608982016,-1.0,-0.06670908442530808,0.4768009179573316,-0.5871325670577702,-0.059443777575861355,0.7232921097340844,-0.5039429158040021,-0.10306346065088855,0.655756584714849,-0.43175851094837964,-0.1185314016274715,0.5615618725988178,-0.4384442964692707,-0.12619343057737736,0.48772276597635567,-0.39581353124322216,-0.10097212337689676,0.7347354991184263,-0.3170717316973027,-0.11354166918320138,0.6454296575026165,-0.27091652684991796,-0.09370132002693508,0.5427281251803177,-0.28317117187988483,-0.08700657080372744,0.4753221969749116,-0.1794313807598919,-0.14082547442395923,0.6884156311754459,-0.11454002036812917,-0.14160625580090636,0.5925266981496321,-0.09404071733367125,-0.08958916071024148,0.49229984342626887,-0.10983761342968087,-0.06532934683612794,0.44330872261699106,0.03671439700931001,-0.18159530315393085,0.5984400977922528,0.06539805888649156,-0.16611158003135454,0.5113686648077208,0.05946183833034033,-0.11152652917689687,0.4266560422635897,0.04283689559135202,-0.07759021891414652,1,Bright_Up
0.0,0.0,0.0,0.07028439205696393,-0.3150635103956578,0.010114532135102366,0.2185293983595223,-0.5940115929062916,-0.01667578972035392,0.34611744632266883,-0.8077456620748237,-0.04933086791677518,0.37884754777423696,-1.0,-0.07192278007936657,0.4382350161800566,-0.5758864803920309,-0.05785803556834673,0.6736549717533113,-0.5146803064012981,-0.08868267557110603,0.6053715957782098,-0.4424105600715727,-0.09276395714878868,0.5088284210098418,-0.44505758178499927,-0.09309319609221137,0.46637999103581396,-0.38835233016923726,-0.09601190180030728,0.6862945796238455,-0.3384576778323634,-0.09273260053520264,0.6019201026006874,-0.2818849356801176,-0.06897095800385307,0.500346143578667,-0.285236386852316,-0.06355264846033849,0.4683389490011021,-0.17723607080052786,-0.13052265416018116,0.6498459423508164,-0.1475055577425385,-0.11712928873128428,0.5594806473712005,-0.107507057052803,-0.06427899235354397,0.46265556003901726,-0.10771893141412234,-0.0440474270067572,0.45117360622657215,0.033566424460015135,-0.1652228110246377,0.582615603068518,0.03767597758284789,-0.14322858275324213,0.4967234263533343,0.044010563450300064,-0.08881230893695374,0.41590629170066656,0.03666887046504839,-0.05658312691276875,1,Bright_Up
0.0,0.0,0.0,0.05746281778979927,-0.3408293454719221,0.0073470636903099525,0.1952766192644325,-0.6169931719511736,-0.015338097465335133,0.3249044886578718,-0.8177325452663265,-0.04411241646006239,0.36990881791245994,-1.0,-0.06446109423548702,0.45639922749718687,-0.5970456195781251,-0.03626010993457038,0.6363032408912872,-0.5822485182980258,-0.06448658291874326,0.5745205255583515,-0.5066413711461714,-0.08163974296886738,0.48749426301967963,-0.4948489003989807,-0.09296697865874932,0.5022553257798819,-0.40298699111340125,-0.06954518326601006,0.6552192022127836,-0.3750312905143836,-0.05891783254006087,0.5797475006035757,-0.32413211554635046,-0.04613485256951055,0.48227043787079604,-0.32401779283798804,-0.048281228993611106,0.507798309543278,-0.1935663181954874,-0.10099751199363909,0.6115453335860662,-0.16940957787127411,-0.0830129066951058,0.5358100597683566,-0.14282871438092587,-0.050362320341902,0.4444049780961767,-0.1461038654230876,-0.0441042637871808,0.485071807445725,0.01454158910046928,-0.13397261873343522,0.5330843803496126,0.03299627589608529,-0.11681988137160682,0.4564039523416978,0.035977189562429374,-0.08008954232973488,0.3783832434408504,0.026119496320457854,-0.05748047809538111,1,Bright_Up
0.0,0.0,0.0,0.04213148128163929,-0.33203530643131035,0.0026380871523094037,0.18266145489292726,-0.6092321657750317,-0.01311184976515147,0.30474406832760836,-0.8131077441366612,-0.032370624562680556,0.339303591172496,-1.0,-0.04418242451686345,0.47005878181759114,-0.5927273650607777,-0.018545491286522144,0.6021463839772311,-0.5380927984992003,-0.035395841311764493,0.5380429485903678,-0.46904021935453516,-0.05180130102967749,0.45772569032788546,-0.46246227183398003,-0.06436524007238748,0.5236972837214096,-0.39181561582934377,-0.04208501760830088,0.6184238728412842,-0.34228104967851475,-0.01840330906615493,0.5447803411376757,-0.29669321469926313,-0.009271165610393081,0.4528291036837029,-0.2966821991763376,-0.016623047697668508,0.5311576866505678,-0.1829026761746188,-0.06399762616721283,0.5747242665248714,-0.14718680347821672,-0.03549419627877581,0.5038571133579459,-0.12422541269936696,-0.010016179324252365,0.41854618248651343,-0.13210580577803385,-0.010294557575091878,0.5079126928323299,0.01286967814882457,-0.08799215397281984,0.5185133599622709,0.033585209177312204,-0.06178689006516204,0.4443829048045977,0.036400515451791404,-0.027555502028057274,0.3706609575140616,0.022374207395784752,-0.00794033816071815,1,Bright_Up
0.0,0.0,0.0,0.024824877596574924,-0.32839701257807347,-0.007923946421576098,0.14567682181113564,-0.613482780061927,-0.03306700053833739,0.2695232118879718,-0.8189526305576521,-0.05877058840318621,0.3121634343573252,-1.0,-0.07767450767054236,0.44510789288142855,-0.6009324274692316,-0.043599392794172014,0.553325729988664,-0.5438138215073899,-0.07908407938112819,0.476765915602085,-0.47211877317491857,-0.1125020012392512,0.38850098853016946,-0.46084890774346493,-0.13589528333797163,0.5121104194266278,-0.40058748514195897,-0.06646178570504784,0.5506907675790516,-0.34861193909261207,-0.05699904230767075,0.47510286070499597,-0.29922715990216603,-0.05946889413518143,0.39627871489992816,-0.2851921130277533,-0.07389098502471259,0.5233029426443362,-0.18352458925020176,-0.08819021869556641,0.5071125734664711,-0.14318667875072988,-0.07575143397258718,0.4371050454252327,-0.11634656296233306,-0.05840505025872654,0.3633778896170742,-0.11318579188019218,-0.061336408945376834,0.5056476093413216,0.023104999848571048,-0.11262151666265986,0.45639324648578783,0.05684218646832861,-0.10232480420986304,0.3831525376878052,0.06843562646749206,-0.07817408756618364,0.32133785851050933,0.06066727192210297,-0.062208623676168216,1,Bright_Up
0.0,0.0,0.0,0.021694423626504502,-0.3578406875677023,-0.02734432418557805,0.15906874356646433,-0.624460454452548,-0.057550142201220816,0.2996883382741831,-0.8149639880447809,-0.08255949046854323,0.35369554964378874,-1.0,-0.10243370213761034,0.5376411416716709,-0.5785464130909544,-0.045322697668927305,0.5273058663282277,-0.5031381129915037,-0.06354154311566093,0.43942497064802505,-0.44209530056792046,-0.09517597410458614,0.36873305626547814,-0.4361121982212941,-0.12353765328578355,0.5917212378373496,-0.356049411666532,-0.0557841713202813,0.5244952595834265,-0.31058007319112346,-0.03284445747761,0.4418732660152456,-0.27878582380153366,-0.04313340080123064,0.37479073349040537,-0.2605903985372338,-0.07044864510525742,0.5830925230234092,-0.1297700062163337,-0.06388618125057069,0.5052534621598511,-0.12375753869099962,-0.04534425942109893,0.43238472186792115,-0.10656538848916684,-0.03291306095210217,0.36392075838214766,-0.09457383256249739,-0.04277408997979258,0.5443207691564219,0.07471726772856646,-0.07646548967948609,0.47271599911059425,0.06488859453290088,-0.06698135559047474,0.40160367677388653,0.06521330158091349,-0.043827552562164286,0.34205785468356115,0.06330752260881092,-0.029141325570389173,1,Bright_Up
0.0,0.0,0.0,0.030474234004999087,-0.36630450340634874,-0.046492108212935535,0.1741096092404985,-0.6196380247036044,-0.08193430393030104,0.3148201560848295,-0.806851120328432,-0.10692818266908095,0.3564483338799036,-1.0,-0.12623540458940613,0.5173023705989303,-0.5353530811385716,-0.06626137988292055,0.4815960853563379,-0.49179820453980205,-0.08735302212199482,0.39431716462871585,-0.4271852632443307,-0.11628505587688526,0.32864311897179893,-0.39813989804878014,-0.14064518020884587,0.5644459861144739,-0.30884084535607864,-0.06324623105408156,0.49697345500087103,-0.3042286634622934,-0.04986694705873963,0.41808828960410993,-0.2744090789867277,-0.06117001218093282,0.35447697649466564,-0.23952558180407704,-0.08650847715229525,0.5499638460999424,-0.0926449477098431,-0.057595885058119564,0.49297743805242483,-0.11783362249936383,-0.05098587476503681,0.4248829795958645,-0.10703015596443655,-0.039543669606600204,0.35516640620972434,-0.08483978013571887,-0.04573160678350077,0.5101073997726117,0.09277665965540656,-0.05622465308734974,0.45625553022958937,0.0563274367198704,-0.05453351801129586,0.38686391490914396,0.057378045285653885,-0.02971016058016449,0.32963034116378,0.07066407619453731,-0.011670924993593056,1,Bright_Up
0.0,0.0,0.0,0.0183701963998455,-0.36574467669398186,-0.04198068614916872,0.16888282589734585,-0.6337618563575326,-0.0699193225321612,0.31090351543850175,-0.8108247110212461,-0.09223321535514784,0.35789739995521225,-1.0,-0.10885515479548116,0.5048633797927038,-0.5213696237777926,-0.028853892321663722,0.4522270388826906,-0.5386717272495455,-0.05774541776577145,0.36693891680748425,-0.4802139792924235,-0.09881183741507427,0.31203352970145,-0.43214158142880976,-0.13002368452949498,0.5483195321231954,-0.3204024285587609,-0.03181643179275733,0.47347988383236955,-0.34858505241019777,-0.031250131502338255,0.39536962678368265,-0.31298108643887695,-0.05204476608881045,0.33937931376532315,-0.2631286004926654,-0.07816118496159166,0.5337487807358519,-0.12390859889954366,-0.03645513696053359,0.46934257677919883,-0.16701025659780339,-0.043338142960791096,0.3975366731109609,-0.15124576607863108,-0.03918336417175398,0.33669385160221454,-0.12011135820640545,-0.044106066456881685,0.49508862616296634,0.05356375818416186,-0.045957541296830565,0.4424240298865627,0.009804411744813963,-0.053722096567884195,0.3733380559205764,0.014477969581394743,-0.03481393978466748,0.3245336236355138,0.03595906178156097,-0.01769330596519823,1,Bright_Up
0.0,0.0,0.0,0.022724833040184557,-0.36902656251439586,-0.02233561719774427,0.14870817059094638,-0.6390076922895623,-0.04545381538909954,0.2937145031615715,-0.816520863629361,-0.06665058499601735,0.36011832511595426,-1.0,-0.08179176028941432,0.48605923840741044,-0.5261855170006648,-0.027568997092416406,0.4438558852196666,-0.4948809131757536,-0.04048179062597367,0.3610985826226377,-0.4378768500887374,-0.06511291986012366,0.2989121177183205,-0.40583453553256693,-0.0886495989533844,0.5421282536782154,-0.32820199775408543,-0.03985887514623994,0.45089659815291633,-0.2929060853314695,-0.019264210634282828,0.37014202056462403,-0.25628216503422546,-0.029292378842614226,0.3113724226458982,-0.22762950594378872,-0.0552476893314124,0.5375925004194216,-0.12199609996783899,-0.05090997621111027,0.45249543564250577,-0.11615097979683922,-0.03987838990377565,0.3814617985614748,-0.09262201420527043,-0.03178232665006208,0.32271426982814533,-0.0751667884042929,-0.042124769834229865,0.5034553273620831,0.07510250922352678,-0.06563792006903099,0.4390182340752079,0.07247413352199987,-0.06273979276797025,0.3700734561051402,0.0752629929115062,-0.04346506440643156,0.316967068275846,0.07585393284668279,-0.030767857218990682,1,Bright_Up
0.0,0.0,0.0,0.023294609071171105,-0.3734764464998418,-0.028390424603950595,0.16165258098250182,-0.6390192537164432,-0.05272856337592908,0.30871192342215337,-0.8143612282954753,-0.07361170813062032,0.3643220576630721,-1.0,-0.08894940237701385,0.4872147253086119,-0.5054829570764605,-0.03438369162756004,0.4675699052507934,-0.48438856609842856,-0.05558865581073154,0.38497592285494897,-0.4382374629046057,-0.08415543119156443,0.3249791599523925,-0.41303347042598076,-0.1090135027143229,0.5463646266998734,-0.3058697650167515,-0.043089853010784704,0.4967278906189815,-0.28720418337313225,-0.030290428346228106,0.4118120524129252,-0.2611853277736495,-0.038492895887860805,0.347635992885399,-0.23929470287467183,-0.06114358186979333,0.5471385055809248,-0.10465621510107054,-0.05175093789429577,0.49901073469290697,-0.09713484001188324,-0.04964589309600124,0.42264065840414167,-0.08350790902682265,-0.03948661987478574,0.35619621982850397,-0.07485848109119772,-0.0459331072514755,0.517629852920275,0.08407620920766835,-0.06411350097194479,0.4749409317383378,0.0910588716688114,-0.06420187323902747,0.4028862548174289,0.09069965686109598,-0.04414587180940075,0.34685225148674714,0.08379041536431209,-0.030986547440073137,1,Bright_Up
0.0,0.0,0.0,0.009388831250416424,-0.38541082855506353,-0.041393451439359685,0.1482497842989815,-0.6657906863071705,-0.0625320742674422,0.3002164008920308,-0.832018597599042,-0.07742568369434656,0.3677104113744564,-1.0,-0.08590929153673729,0.4768324508394843,-0.4997865105818077,-0.034879270182196484,0.4481443553521008,-0.5139447838986538,-0.04557761377754193,0.364171626903586,-0.48771979527859727,-0.06889026421535481,0.30472336239394815,-0.4642960924101796,-0.09313985282970043,0.5389111199823968,-0.29934788585006916,-0.03646070788477487,0.4778949148309917,-0.3029529623406458,-0.024012990186317338,0.39828626170678433,-0.2847849176696787,-0.038061087664141145,0.3301667322681445,-0.26089873837999994,-0.06382514658341325,0.5391476212418892,-0.10313179402218431,-0.038317517822083,0.4828594256445975,-0.1120133569461327,-0.03913530953076541,0.4100698921690872,-0.10364376549869908,-0.039934015688588564,0.3445267931179477,-0.09357544104629412,-0.052926439697721636,0.50847300475858,0.08117301041355807,-0.04454965355051416,0.4519113545800003,0.07661005903013207,-0.05276675305629148,0.3797804860705573,0.07208271721134557,-0.0428599979050824,0.32318389820591625,0.0660613413943832,-0.03613959191685259,1,Bright_Up
0.0,0.0,0.0,0.008642588466661941,-0.3825099407707071,-0.042917412659426925,0.15011161757856176,-0.6414479363686298,-0.06727966024778703,0.29517141441847744,-0.8124407174316084,-0.08477412693625679,0.34974138557143286,-1.0,-0.09764827713789906,0.4771395978635878,-0.46140593354089754,-0.031050342416460264,0.4304709248493826,-0.47892465280692226,-0.035756402535562504,0.3445919293510524,-0.45029049273952987,-0.05854509002439096,0.286278322444114,-0.41877184566722436,-0.08122097142924595,0.52701110609041,-0.25083490296685745,-0.025784595800214676,0.4642223583948466,-0.2884389151980391,-0.003126918268628838,0.38640687945258023,-0.2780510653140057,-0.014491122120587788,0.32690207617829065,-0.24410762256949625,-0.04102640473507898,0.5142652179793674,-0.0541518129539017,-0.01958029345955078,0.468502228220003,-0.11677942948695925,-0.008071522092547486,0.4001732649261602,-0.1135146207503015,-0.0024518351755199244,0.33559641797380063,-0.08883915543786143,-0.013413774922291212,0.47437492633848677,0.11406324952628308,-0.01738781695838894,0.43754982345156435,0.05601667240012369,-0.009988707375227213,0.3752796962992891,0.04827476581618696,0.011240692781674527,0.3225726275339017,0.061514919962824585,0.02388397971441564,1,Bright_Up
0.0,0.0,0.0,0.007071680046964592,-0.3850691732443525,-0.048431265147499736,0.13646947948138763,-0.6345624988402242,-0.08063649161726599,0.2831872718756203,-0.8076659350941682,-0.10565465440873523,0.34844286396294116,-1.0,-0.12455615275468411,0.46540404338601665,-0.46962073504760843,-0.04961757518241391,0.4289774685792142,-0.43913221218863885,-0.05834766429255521,0.3476068132398315,-0.4069248032317398,-0.0762946777223369,0.28699369812990727,-0.391505436747657,-0.09598451431906839,0.526488378906195,-0.25803422364750467,-0.04550551989667608,0.468083139475056,-0.23544151046947162,-0.024619632905789533,0.38859241740006667,-0.22312522598055176,-0.032954753348151906,0.32719161070221403,-0.20928214237716639,-0.05945819879595469,0.5207210459518624,-0.05235180033750178,-0.040435008341373195,0.47303668940108334,-0.05797922918912414,-0.029045186125861273,0.40043770640494253,-0.05485927772820029,-0.020070524906907417,0.33446819852662085,-0.05120805055891352,-0.0316544232970543,0.4815128087041945,0.12973833771658286,-0.04050450702583602,0.4309923575696948,0.12873764100764692,-0.03405204180645706,0.3629474555503635,0.1169755747005248,-0.014324227824931372,0.30852655900573617,0.10403894372402454,-0.004605146076343767,1,Bright_Up
0.0,0.0,0.0,-0.005320531012484486,-0.39667943940981915,-0.0525860015641061,0.1360584826620186,-0.650156626855879,-0.07638274592871835,0.28092183532412457,-0.8137463315290578,-0.09315211233020407,0.33618247150151176,-1.0,-0.10448224562306417,0.4566558830415846,-0.45748837645110174,-0.0219167505911996,0.39954372625215934,-0.48778630049622523,-0.030764168890099922,0.3134972419877637,-0.4593461580353587,-0.058888840661330044,0.26261540024290414,-0.41633457426522363,-0.08459487457615297,0.504471143772756,-0.24825316176398357,-0.015987370390747015,0.4407320717330382,-0.2952750061881075,0.003564020306792217,0.36435684648646655,-0.2880666841038341,-0.010901728724214384,0.31168199183547635,-0.2500004048042383,-0.03736316951479382,0.4888886633979354,-0.05567472392620818,-0.011881625693709525,0.44665797399041013,-0.12479132341516172,-0.006885959359216221,0.3758794102207349,-0.12387484661967411,-0.005626047912976976,0.32256356155188776,-0.09542326169233863,-0.017196790520010184,0.4448755399683735,0.10889644211617838,-0.01294701900501575,0.403351908630394,0.05631269540575256,-0.01040520259226569,0.34074369771076185,0.04716714215872061,0.008570680028052655,0.29655980086654016,0.06375051450618686,0.020666172477536052,1,Bright_Up
0.0,0.0,0.0,0.003300240574867015,-0.3776498354612474,-0.06280312170241296,0.14944382524149452,-0.6374967220249163,-0.09747455189342936,0.30163179159328196,-0.8064890031061973,-0.12337150967440104,0.3623578531247734,-1.0,-0.14249027918225193,0.47489044195171337,-0.4597727112849899,-0.05196797539877491,0.41787981324523515,-0.4651147081531926,-0.08029132045429774,0.3321553059956127,-0.4274326770068898,-0.11465344048616212,0.2698000989147133,-0.3987859176254273,-0.1428820361962581,0.5221941770254982,-0.253364079072396,-0.047453210097488395,0.44693681698992505,-0.2637548567274805,-0.05054903437134835,0.3655621477185186,-0.24735239646600404,-0.06920051764028386,0.30157736483717473,-0.21891387858616929,-0.09613922746586223,0.509609334210185,-0.06133142473973577,-0.0462424231769478,0.44915583671026615,-0.08987470874693904,-0.05772589728842025,0.37685279541627753,-0.08826169761139684,-0.056085484539996,0.31527870909200034,-0.07738602703826589,-0.06553292335238266,0.46493292709030476,0.11191797522141256,-0.05180017077189829,0.40449642450632456,0.08932484792239304,-0.06669765996668132,0.34062737915377794,0.0794202539384642,-0.056615903395833715,0.29483619159853103,0.0730419974490416,-0.048742830436444465,1,Bright_Up
0.0,0.0,0.0,0.008101430510748108,-0.38541926320716313,-0.06804549386692245,0.16228975867640544,-0.6395859821782427,-0.10164431692796798,0.3223636782615089,-0.8049312899344192,-0.12445981705305025,0.3850511895816783,-1.0,-0.13994075108582807,0.513521437934986,-0.4556917363212005,-0.04861238118909492,0.4233386922940357,-0.45756752200820255,-0.0748058555765953,0.3316865662541492,-0.42553077023777286,-0.1091171628118199,0.2753058463182774,-0.39915612060261857,-0.1376174404361714,0.5570126319640337,-0.23693136883936208,-0.041085053487676604,0.4587470612392021,-0.26039057050066977,-0.03973827556653492,0.3744801688565777,-0.24597539959077028,-0.059062617248250314,0.31741844546502807,-0.2162215112807169,-0.08772569936274138,0.5346486847084014,-0.03604991992941594,-0.03703422615141781,0.4572543680162401,-0.0779843104694306,-0.04616855206559434,0.38166096698007473,-0.08000131807120454,-0.045525473979290264,0.3248716001384423,-0.07134082810737528,-0.056298149231203264,0.4785096111600282,0.13705721325674772,-0.040028281353271,0.4071916475531398,0.10800741706462853,-0.05209744873688173,0.3443665009065102,0.09815102406062769,-0.041154091810148556,0.305159934939288,0.09084290205206651,-0.032912556690948294,1,Bright_Up
0.0,0.0,0.0,0.023099514173551345,-0.3879921572206214,-0.04738565344023843,0.17991514779216952,-0.6443455735446716,-0.0742986915615309,0.3406492199558191,-0.8114843097875153,-0.0929368843398085,0.4019363138528301,-1.0,-0.10428098356091071,0.5157415169925752,-0.48882867041189576,-0.04554493750739648,0.4684730393675834,-0.47874551851718167,-0.06044050119411118,0.3785298806761571,-0.45093438902573874,-0.0811010436121562,0.31401605104662333,-0.4308000938009853,-0.10133217325796667,0.5669851859368441,-0.27466708255099637,-0.04425724188909657,0.500267305566698,-0.2811916084893978,-0.03193006401841072,0.4149699289750381,-0.2684689985700571,-0.042964488179792,0.34869835242156144,-0.2452357748603825,-0.06719835906972771,0.5546457707492115,-0.06809356761786586,-0.04298365997634193,0.49636339573187355,-0.09145891178598484,-0.04198482888485669,0.4216622161141103,-0.09387294779130688,-0.03888570885932248,0.35331757422298077,-0.08963351555514089,-0.05019921833510618,0.5083332368536171,0.11795769012576642,-0.046379582822988444,0.4462264058853989,0.09710422374576937,-0.052079515780936225,0.3792050116785859,0.08527058928221588,-0.040044518927310035,0.32752139522836293,0.07191938563532801,-0.03190562130795271,1,Bright_Up
0.0,0.0,0.0,0.027931538863923373,-0.40120650794770285,-0.05372219502952013,0.18686147350738921,-0.6457418089532639,-0.08417877873143975,0.34158776703217836,-0.806897619583114,-0.10533463703073634,0.4038413073787938,-1.0,-0.11976479589289996,0.534377252094182,-0.449620976210534,-0.04789430726039739,0.458849091856841,-0.47176624833185654,-0.06476089532608152,0.36158963705287495,-0.44754833164977864,-0.08925036273315999,0.2962147243224219,-0.4193640872863174,-0.11155583721874922,0.5724505518513779,-0.2250799640606833,-0.04452260925978033,0.4864233970373267,-0.2723839065191816,-0.03546659539153225,0.4016289855964757,-0.2671071859565581,-0.05086811255494517,0.3359607047542864,-0.23855858620921763,-0.07701069390831178,0.54209694564052,-0.02016543939857929,-0.041196376711679555,0.47627152792407257,-0.07933620238310475,-0.04354129708991996,0.4024381026595416,-0.08451207047818543,-0.04342120095500463,0.33934029621219725,-0.0724481396625187,-0.05590466238513857,0.4802585315099636,0.1569048446630781,-0.042693750125177204,0.4050219015261804,0.11310179230226886,-0.0515782114190799,0.34164841635206744,0.09914670542096946,-0.040905252079165046,0.29845162745787684,0.09279414862713142,-0.03309940893071182,1,Bright_Up
0.0,0.0,0.0,0.008293807392336226,-0.40520390872557427,-0.050772420009790833,0.1695093455472585,-0.6466370297521683,-0.07722029803734785,0.3390248024447281,-0.8040811596710119,-0.0961592107435266,0.41100804606265684,-1.0,-0.10821670638507616,0.5259500857822023,-0.46986199395963546,-0.024992397972497027,0.4805749558278658,-0.44867511803720356,-0.03710623629649214,0.3912650941535768,-0.4287011100797555,-0.06293246807438499,0.3305763308816633,-0.4180896906458028,-0.08882576677908431,0.5719229527975763,-0.2512333762459809,-0.02441999326607571,0.508026435820598,-0.23908871306482096,-0.005217960581781483,0.4249012605600018,-0.2333014994667847,-0.01993987958497208,0.3621717764214237,-0.22048552797012208,-0.048457918733576376,0.5500008344343558,-0.0458156172734023,-0.025957139242609537,0.4962698433778467,-0.044617557580083955,-0.024184722810035007,0.42067714230443504,-0.051613643260273706,-0.026289675289586076,0.359799397279838,-0.05828911810630882,-0.042420136104196156,0.4947981832366134,0.13783915349337705,-0.032678030528975895,0.4247254417154654,0.14939759715812814,-0.04132237380445746,0.35651924757996406,0.12870832617404326,-0.034180835051092984,0.3120824449349717,0.09824324537141613,-0.030232047078747316,1,Bright_Up
0.0,0.0,0.0,0.008100052104476549,-0.42381320844883796,-0.059553812845635615,0.17467132577718514,-0.66650185698628,-0.08676760793740831,0.35065617351725836,-0.8082008561631108,-0.10622256346157383,0.42885317159924774,-1.0,-0.12087235418045494,0.5259976880287027,-0.437800371037584,-0.023369096826422416,0.444005671307314,-0.46028346465755515,-0.03241640683091352,0.356071154621293,-0.44118032824621317,-0.0642963909849663,0.3055871200994996,-0.41084247879194347,-0.0953336525194659,0.5639006375065431,-0.20391241556401238,-0.018611981945762766,0.4781270298985701,-0.24292747071251253,0.004091473967417938,0.396779065749711,-0.24469729648981756,-0.01568229842650701,0.3411737822167158,-0.21445799714995947,-0.04913833509458279,0.5302751466442487,0.004998241204162508,-0.016014281256607334,0.4644731633172016,-0.04545606043639717,-0.009091866302838366,0.39170097737255805,-0.05838362945924282,-0.011001064024280593,0.3390358921434938,-0.04764094764447243,-0.027900865990403333,0.4642324228917289,0.17859103069272578,-0.020044986181259657,0.40442065600806815,0.1489334407873267,-0.018812107540210583,0.34238180040748434,0.1286611307558602,-0.002996170440120834,0.3028174063000618,0.12209016400321594,0.0053474423300437545,1,Bright_Up
0.0,0.0,0.0,0.020634640556795314,-0.43008539911544735,-0.04612134459067911,0.19608513386498752,-0.6759633493060241,-0.06558601077874168,0.3705528165562417,-0.8143924899521973,-0.0792383870768832,0.4404696086402454,-1.0,-0.08884412254144632,0.5481850525599552,-0.453966474648399,-0.00883036177285428,0.4625412147317799,-0.5244813488562515,-0.012526759376085723,0.3651218710536786,-0.5026719947411213,-0.04244622018244712,0.30977263422538215,-0.4551808604494265,-0.0712771323845449,0.579993195749073,-0.225637494882396,-0.006618635143726321,0.49286649252397347,-0.31220255909030625,0.014558004723994428,0.4057326390690862,-0.30959249456524873,-0.005849041207582486,0.3448915644587449,-0.2582024091661333,-0.036251007376616226,0.5442229026473149,-0.021872783572923694,-0.004894422912364491,0.4854936830026352,-0.11001781791132562,0.002616478575200452,0.40875326517549776,-0.1218438366749125,0.001532016395735451,0.3491436446566448,-0.09177089279845002,-0.011767830418520031,0.4781176443452638,0.146868257016163,-0.00846431523725594,0.4326304196146949,0.08080497748254248,-0.005145658975903508,0.3681291193108101,0.060557833249721776,0.013634548402384011,0.3223095242214034,0.07355533643561045,0.026566853493751263,1,Bright_Up
0.0,0.0,0.0,0.011155500415512139,-0.40468551734204067,-0.03561857736259679,0.16822662243953887,-0.6555310198056863,-0.054845493044236804,0.3329514074443767,-0.8169762016305026,-0.06835141056095734,0.3992410135200352,-1.0,-0.07649567655228927,0.5161230480934702,-0.47229699348128545,-0.02304104403334403,0.4709591150179977,-0.46838317517191375,-0.01654089623520524,0.3851084215953312,-0.4405754078022115,-0.025992153159426656,0.32145149101763987,-0.41936616153887807,-0.04105185470576744,0.5646817035762294,-0.2512059268745718,-0.021338626867984323,0.49885398691548744,-0.26130134164514557,0.018146475388611492,0.4150092872260033,-0.2537672708268103,0.017302488426040544,0.35263020361271913,-0.23114316453103628,-0.005203543967132816,0.541652443517422,-0.03897221365563578,-0.017965597828629554,0.4849010186521398,-0.07422788898645642,0.003918994980509123,0.40776572177872156,-0.08028683285582788,0.009542899460830562,0.3411976166317856,-0.07409511343599112,-0.005448384752709719,0.4866996094421308,0.14585088175678063,-0.01829024795387174,0.4291503541858434,0.11695242444859302,-0.008120545123033441,0.35818394122092295,0.09968383410589557,0.009952951933951753,0.30109210244434137,0.08972001779757378,0.01862025891208381,1,Bright_Up
0.0,0.0,0.0,0.03317857897738328,-0.4036140112391441,-0.042771670557477395,0.20481700223434549,-0.6508670234549896,-0.06593723419649757,0.37336505673673276,-0.8122211716530582,-0.08147237409560294,0.4455963384852275,-1.0,-0.09033285519843345,0.5588229296196766,-0.4744089108951273,-0.02504293167252447,0.504267280789787,-0.4258271912624208,-0.029574338405694487,0.420544222550695,-0.39353606465854674,-0.05031112083243408,0.3598025580412806,-0.3812405667699349,-0.07275516832781029,0.6072143952020471,-0.24664818187423512,-0.024267130596209566,0.5266829506219964,-0.2172274202870317,0.00768465613643743,0.44262136972839733,-0.2064697893122328,-5.458998260622479e-05,0.3833177667293409,-0.19481175045482235,-0.027107095525766383,0.5850703112273161,-0.029298164084401782,-0.023687382809982185,0.5200156617710037,-0.0325891033132275,-0.009045938745152816,0.4401576637474386,-0.03782240924006103,-0.004115570464263704,0.3747664109713009,-0.04368933552873232,-0.018402759046963396,0.529019260763449,0.1615324064066432,-0.028005692786012094,0.466891596696921,0.15590683645421152,-0.024333506962505955,0.39214934535092755,0.1408004729240656,-0.007202331563146387,0.3358166325225024,0.12132354440656691,0.0026239916932850036,1,Bright_Up
0.0,0.0,0.0,0.0366315830546063,-0.39750928737225893,-0.040098806969929096,0.1985269964447558,-0.6448582802345482,-0.0690816993421245,0.35404556483738253,-0.812542308132054,-0.09106748029352892,0.4238823393833584,-1.0,-0.10687948535643986,0.5368371121036193,-0.4783355141492912,-0.04108555482661955,0.483140039236539,-0.4620633301694866,-0.051213404216928736,0.4019932688102182,-0.42639541974204065,-0.07149198681964335,0.34108294299449926,-0.4009270585118064,-0.09138873994840345,0.5794884731324079,-0.2561713159485098,-0.04058418786561834,0.5094938087209651,-0.25938106265323935,-0.016986694290669655,0.43130202879402996,-0.24693090231335876,-0.023506793574130963,0.3708612892161222,-0.22007079636381455,-0.047516316462603556,0.5570767326597909,-0.04528331249308098,-0.03882272196483851,0.5007452129426134,-0.07646814889558762,-0.02761731961336841,0.42764833026930205,-0.07866408840380605,-0.020881002593544157,0.36123862784632776,-0.06938783195436801,-0.03234897163703556,0.504100145730531,0.13515281742668556,-0.041268483620105045,0.45283993052845917,0.1068771471660584,-0.03553692270637643,0.38724372387784767,0.09782252634673703,-0.016080172733145114,0.33386265759495626,0.09742417203098996,-0.004681992966799431,1,Bright_Up
0.0,0.0,0.0,0.031256102182599756,-0.3918244757707772,-0.050536710860969385,0.1953621484490789,-0.6354942515597207,-0.08278772749451276,0.3539954228385885,-0.8037458697933428,-0.10647878877363683,0.41896358206084755,-1.0,-0.1240489711026005,0.5435797611539109,-0.453536550046799,-0.048314548975465554,0.4925195320871897,-0.433703847088064,-0.06359280538359359,0.40673982595356206,-0.403279626188657,-0.09031152019504933,0.3460145334286776,-0.3828502275766831,-0.11581821113550382,0.5852960674105064,-0.23027870971312117,-0.04523506232763642,0.5088215022714577,-0.23226701484118847,-0.0257317372547164,0.4266768542640606,-0.22031790656213265,-0.03610493561542493,0.3689926457430834,-0.19514057047370287,-0.06355763101397385,0.5600361782176376,-0.020494488559704604,-0.042231789176423395,0.49533336825964674,-0.04791867521318092,-0.035731632291505826,0.4184693974054285,-0.05132716589069016,-0.03032934026919744,0.35437031372220834,-0.045545500254803334,-0.04328622294150493,0.5036381198485105,0.1566506391175164,-0.044512910477777834,0.44336119954196634,0.13690683950202334,-0.0449956668295475,0.3760699868890248,0.12990502083898903,-0.02886989805376241,0.326572370156327,0.12722522006412382,-0.019804799275230843,1,Bright_Up
0.0,0.0,0.0,0.03964733284709992,-0.3934960803782458,-0.030147002060702435,0.19991488092193288,-0.6546212669643915,-0.056122584075666816,0.34794845293421994,-0.8202387376721028,-0.07698188194602994,0.4093775975123278,-1.0,-0.09332730257237673,0.5460265775231207,-0.4582281342604967,-0.04200031782594587,0.5064230576267902,-0.5106029034661803,-0.0491136340948124,0.41681044202637607,-0.4890850986395514,-0.06993665642281806,0.35044917872736703,-0.4468015360278524,-0.09032011657093067,0.5847201882511507,-0.23064198732834612,-0.044949275935909375,0.5189513031473395,-0.297975265782571,-0.018619065206908172,0.43384938891661073,-0.29632211733085634,-0.022698061156920305,0.37045972771154456,-0.2555467139214183,-0.04506145487477552,0.5541559124504324,-0.02012121056086336,-0.04458002408495335,0.5024035581536184,-0.1046790763462122,-0.03099246568133016,0.4235131459742504,-0.11701626126701407,-0.021779540076059326,0.35366152621058966,-0.09292162258327255,-0.03161900922682997,0.49543481474179324,0.1538798908605846,-0.04700366787934008,0.4550885072419533,0.08108896411617704,-0.039298696808873386,0.38635366604300964,0.06234921654426706,-0.015353731789223618,0.32881054952619343,0.07397116633575468,-0.0004936115685474949,1,Bright_Up
0.0,0.0,0.0,0.028608099354970322,-0.37790901934391613,-0.03781081086697829,0.1853839186315851,-0.6332225156244687,-0.0661163005608006,0.33371960431670356,-0.808017799994595,-0.09069929162985513,0.3903543260751875,-1.0,-0.11060947627058171,0.5160313718584335,-0.46867979450412744,-0.02577934060642954,0.4992082062351416,-0.5122964503752575,-0.04864709521945096,0.412669484839318,-0.49777151355747945,-0.08469290088649743,0.34853854878347523,-0.46045019567091716,-0.11381499600810632,0.559054345864583,-0.25535446991881117,-0.028928858724841612,0.5173102724398232,-0.31351175463939274,-0.015446684314338934,0.43499684851697223,-0.3106536254259733,-0.02820645316253945,0.3735082762390385,-0.2679006851315385,-0.05286107658538129,0.5371548079949158,-0.05352857126666952,-0.033248281144744686,0.5016524581131727,-0.12499553212987075,-0.030284608715687927,0.4252747631157052,-0.13138218902098286,-0.023219058617896055,0.3576440681069046,-0.10631612992653514,-0.0308399254702445,0.4862110630566857,0.12334002278831711,-0.04179482292063806,0.4502689003983161,0.0617647084464104,-0.042682161679564,0.3829675201097745,0.050384716309861834,-0.021418881548574763,0.32715532234484285,0.0634398328275559,-0.005892679540310728,1,Bright_Up
0.0,0.0,0.0,-0.102623569418069,-0.3196434791063347,-0.035235996032743314,-0.13090770800436666,-0.6125227840825876,-0.060143313584702096,-0.1187802377544402,-0.8260756979221409,-0.08399724038518307,-0.08270501982107495,-1.0,-0.10452202965164946,0.024621208857885168,-0.6497900972161882,-0.09611455702639392,-0.21053119988578728,-0.7280154679459804,-0.16242040648960648,-0.2794957410226715,-0.6156249884618082,-0.18579076767500644,-0.24741895266449154,-0.5496509004712505,-0.19597937557217562,0.06772961616897574,-0.47687057164201696,-0.11435433818843445,-0.21799957908676598,-0.50451940200783,-0.17262438325814974,-0.24203864771162276,-0.4154083781425419,-0.16469972241944936,-0.17663611558622014,-0.37955641652687505,-0.1577415774406858,0.07800408359681435,-0.285622366984649,-0.13765170877299923,-0.18770908741826345,-0.3023579756288776,-0.20190937536294976,-0.18845639301973247,-0.24705588423163027,-0.1757279722203771,-0.10971558818932234,-0.23615644680309014,-0.1507803709950519,0.06845698377514864,-0.0967864136100202,-0.16269406162874783,-0.13614549321308178,-0.10915264750731983,-0.20834744019589518,-0.15642686509484702,-0.10229397712545799,-0.1962850299630268,-0.1114122869742123,-0.10602582831909162,-0.17890805170159538,1,Bright_Up
0.0,0.0,0.0,-0.11141504379787966,-0.3140104737032484,-0.0417805408400156,-0.13712372170726583,-0.6132299801986598,-0.06368042847082812,-0.113673614745224,-0.8277857676468724,-0.08600672314037694,-0.07206270797311592,-1.0,-0.10531279679440166,0.023909776492216817,-0.6284602313761124,-0.07424678735489271,-0.18397893823548056,-0.7023544079424133,-0.14244639275756346,-0.26710031560328207,-0.6010227584895294,-0.1731158626459774,-0.2583598822112367,-0.5387232423979883,-0.1882483812198334,0.06983844443256668,-0.4481514398545167,-0.08967300871721993,-0.1967417907720534,-0.47379448620307746,-0.15185457756012807,-0.23900379246007725,-0.39611804233981485,-0.15478121067348793,-0.19673532705772967,-0.3650850040584668,-0.15524451604297002,0.08369590212942096,-0.26085338431380833,-0.11339718648925219,-0.16480109783701744,-0.2652335451857137,-0.18064032531864868,-0.18053725896249928,-0.21995721518326494,-0.1611002527758856,-0.12301666519575732,-0.21766458543352257,-0.1400647937092211,0.07447491643784704,-0.0801319094930832,-0.14028606716038464,-0.10741077277433805,-0.08375283253634908,-0.1860005934882118,-0.13872821448592962,-0.07974458384245442,-0.1752115821754687,-0.11197415508688102,-0.08653720178348795,-0.15897338000788697,1,Bright_Up
0.0,0.0,0.0,-0.1054791284658101,-0.3319694349644691,-0.04164887652882279,-0.14539821334185987,-0.6239626224330656,-0.06917304910642627,-0.1406714650205224,-0.8290062448204533,-0.09736015064838141,-0.10791128048183651,-1.0,-0.12528746733321047,-0.0035949806521497975,-0.6187216715498509,-0.08333344865747784,-0.21853661083088086,-0.6788825882399003,-0.1557666936802189,-0.31002525334916836,-0.5959855657859534,-0.1899014402005423,-0.3067338349200963,-0.5418110631855763,-0.20759968225422035,0.039450038173667344,-0.4212368268220585,-0.10389300284124653,-0.23531684143898413,-0.44141470958648454,-0.16703414100382066,-0.27704007256259505,-0.3818134123343361,-0.1688823337906289,-0.2321971718859097,-0.36095949676013234,-0.16963119021196177,0.052070970394200215,-0.21755753783108314,-0.13214331932378778,-0.2081212682793138,-0.22731511872989357,-0.20180594730345458,-0.21889629160766605,-0.19859364294243934,-0.17543875903875772,-0.1544614902738716,-0.20605584448635209,-0.1501817719525505,0.04026571482639138,-0.026400255796198296,-0.1638204402462202,-0.1667243078167925,-0.03135930882823155,-0.2166210823468812,-0.18077065130149367,-0.034385534463969934,-0.20200015991446818,-0.13236696313794072,-0.047761065469470856,-0.18223957732557575,1,Bright_Up
0.0,0.0,0.0,-0.0951188013284139,-0.3333323735975643,-0.043295233685781365,-0.13271365812187738,-0.6233761270787876,-0.07683341007701433,-0.12833700126894518,-0.8333318501053266,-0.10816087874862138,-0.09101200472399396,-1.0,-0.1370653554186663,0.003445887654377861,-0.6272033788282987,-0.10770155520790833,-0.2578091954552498,-0.6606267877259916,-0.18459727274039625,-0.30125852768855144,-0.5549836984517194,-0.21679798372137885,-0.24650909201318363,-0.5165235089894087,-0.232909373446692,0.044503122107705385,-0.4287987737717825,-0.12782673986979518,-0.26967519400622325,-0.42856294051871796,-0.19951397138371377,-0.2599314329867117,-0.3586960960042884,-0.19948414868529976,-0.17738168028444473,-0.3431088528819295,-0.19758416632698816,0.05924021383610924,-0.22183035919943378,-0.15323457467710813,-0.23969269958665054,-0.21960839639669824,-0.2258778093513494,-0.21178375792043755,-0.17814388498247347,-0.19982643081306536,-0.12088247180470808,-0.18058492928666853,-0.1745088248006523,0.05323366390123167,-0.026310719864645848,-0.1816548373864527,-0.1845441010800692,-0.026301820496605677,-0.23240847317091629,-0.17088095367721887,-0.023822037766823994,-0.21930112729226597,-0.09746221433028592,-0.038435847073259595,-0.20071419185246966,1,Bright_Up
0.0,0.0,0.0,-0.10452612036013002,-0.32222101907881734,-0.03960944434676822,-0.1724857339898992,-0.6146973545329537,-0.0816316346878804,-0.19982427681736564,-0.8235209396012666,-0.12135273524170015,-0.1676739780406471,-1.0,-0.16179380542374158,-0.04363932540800579,-0.6176167878454014,-0.1384637998624156,-0.33727812517083466,-0.629984693212449,-0.21880986427812946,-0.3639964066895708,-0.5200565173694193,-0.24873734101307393,-0.2969274988120419,-0.49097835182903493,-0.2625642567006389,-0.011810984302132437,-0.4032967939849371,-0.16340707617726447,-0.3408170313242474,-0.4150475919143156,-0.23512329519573774,-0.323459176292982,-0.343708079797143,-0.22731734933403708,-0.23455023696084573,-0.3284499144249652,-0.222510028515965,-0.004543939731626598,-0.1887675933440705,-0.19102772620060313,-0.30863125149808873,-0.20274476142016712,-0.26383771427371405,-0.28078835212339626,-0.15988076264807424,-0.22649688291855874,-0.1875751672602953,-0.16222040933041215,-0.19584051701379723,-0.016110236203916686,0.009453202861191827,-0.22049376860229694,-0.25935411874534803,-0.015922580875766916,-0.27400878418242,-0.24199573806890579,-0.01897579088573315,-0.2524616849290464,-0.16544918482945967,-0.03171795561872642,-0.22868389538265715,1,Bright_Up
0.0,0.0,0.0,-0.10839357472098331,-0.2911507638583074,-0.020118402368578973,-0.21186248517182918,-0.5863807063524153,-0.05127244272501101,-0.2762177116500199,-0.8043757291831013,-0.08108085030751148,-0.26987155052799744,-1.0,-0.11358767371117155,-0.13263958041263302,-0.6290716825112648,-0.130216418459702,-0.43250463730210553,-0.6520266818279271,-0.1888565738540419,-0.4590160812139784,-0.5529658786706237,-0.20050941204765219,-0.40504038126898,-0.515374068839775,-0.2041625663010369,-0.11107673689387881,-0.4257173308597624,-0.15714066397637608,-0.4445308661453396,-0.4347391902023529,-0.2117510411607725,-0.4262235927296986,-0.36810385497695053,-0.1969106449124123,-0.34123465610869164,-0.3445658952457455,-0.19107446155038565,-0.11054937005529245,-0.21204342167135395,-0.18254881026263511,-0.4072890899408829,-0.22585559414218725,-0.24502902435452564,-0.37756969079419284,-0.1783640097484365,-0.21156841562031156,-0.2904712868188404,-0.1757765920674659,-0.18657556428499764,-0.1255310666425418,-0.009164446569812018,-0.20610029840743374,-0.3570950400492518,-0.032197946074746076,-0.2598359293340371,-0.32974094165737317,-0.02101565859985005,-0.2427485295408143,-0.25571963953743054,-0.024942984412436385,-0.2240148295901536,1,Bright_Up
0.0,0.0,0.0,-0.06390082546787552,-0.2770003537518128,-0.0017120435612724843,-0.212686301066752,-0.567784062000995,-0.03120532745185888,-0.32417957062140523,-0.793563690124687,-0.062438139747059834,-0.3506500718073899,-1.0,-0.09458157447985037,-0.21923423302801687,-0.6159399721226659,-0.1376010540841557,-0.5399470358839638,-0.6733348648484857,-0.22041962098059664,-0.5186616060896049,-0.5702504591022033,-0.2477345108313021,-0.42496585801727044,-0.5177083083757437,-0.2547845131567622,-0.22099960960457313,-0.4073617020676864,-0.17421884145817568,-0.563537349003646,-0.43684402645668935,-0.2439078957287775,-0.5146953576769077,-0.37850260099191446,-0.23597048372630264,-0.4027987264934739,-0.3630556264155358,-0.2295835546443802,-0.23176747653751673,-0.1760635456642853,-0.20813641728579285,-0.5120536349760477,-0.2054362210850174,-0.2809224735450154,-0.46451080070524864,-0.16252598525517345,-0.24699894313011103,-0.3619983172124921,-0.16202509523816236,-0.21618668457277013,-0.2557405744873065,0.05263122289605757,-0.23807652259390222,-0.4787665759502323,0.018194681884101886,-0.29743620010191096,-0.4657124293729573,0.01027937936992715,-0.28199688897366815,-0.40463118907118306,-0.012980013727261581,-0.2619768442120842,1,Bright_Up
0.0,0.0,0.0,-0.07526128496012342,-0.2798407688132049,0.004443287084123219,-0.21212862722358078,-0.5801951978803036,-0.0379664268404909,-0.2973447712850554,-0.8075906230523332,-0.08292948102279622,-0.3083752450951863,-1.0,-0.12687459821876973,-0.2171945449985768,-0.5990237460596948,-0.147438719246323,-0.532622923238251,-0.64920807668662,-0.22957250696029521,-0.4783887683179883,-0.5476302086364507,-0.2535938357968219,-0.37604241509098546,-0.5107291641315033,-0.25819851366264995,-0.22705443467532097,-0.4010857729982085,-0.1862382924923515,-0.565985232386743,-0.44705150358555873,-0.25896048457184856,-0.49076997717559345,-0.36786763748874385,-0.24169083039811431,-0.3738731970358958,-0.3486801101751141,-0.22665899249372712,-0.2505835725645766,-0.195308457516658,-0.2203573479089948,-0.5436787927719539,-0.24114086055525633,-0.27965007965290856,-0.4691521320239016,-0.18838283206760342,-0.22526989932210809,-0.3602491849559966,-0.17757245452842788,-0.1836365039191573,-0.28571114904009454,0.003735816752923947,-0.2514880409159649,-0.5112458083829167,-0.05274268523799497,-0.2899360421137965,-0.4482313465764977,-0.03731822217237136,-0.25075675650608215,-0.35517242109072517,-0.03106135077737368,-0.21718461849831316,1,Bright_Up
0.0,0.0,0.0,-0.0814256485222632,-0.2687576250784585,-0.0071484364419195316,-0.2126288960924275,-0.5598969102978298,-0.039802627967926996,-0.29593157060992475,-0.7935627355452967,-0.0739931656021895,-0.2926397104575998,-1.0,-0.10795672553904231,-0.16893668705455275,-0.6110113605177853,-0.1285723393901247,-0.47469818954484566,-0.6620372307617063,-0.21194827579731002,-0.44888011542568657,-0.5539106972548359,-0.23737601043235235,-0.3588535142611044,-0.49895796255186414,-0.24213922202709082,-0.1585926652519231,-0.42054919585141387,-0.16365863693732885,-0.4937276682000603,-0.446280048583128,-0.23090556245135085,-0.44556271380787926,-0.3744449486317654,-0.21800170501076874,-0.34403294305611787,-0.35598499031326336,-0.20809754324634255,-0.16447970132788448,-0.20889495121308374,-0.1982859353295751,-0.4468468517426616,-0.2228647742433341,-0.26671245538641847,-0.3988625896328822,-0.17707273068154955,-0.22733639738555442,-0.3037073165429898,-0.1819261525586299,-0.19404070261693562,-0.18501911534145407,0.0004839292555749683,-0.23009711732881974,-0.41455510299460097,-0.007804004575726369,-0.27892246465199266,-0.3820842922704461,0.0029693312211809394,-0.25376724590564387,-0.3063264036258012,-0.006130495151197324,-0.2281557112168014,1,Bright_Up
0.0,0.0,0.0,-0.12781903125350122,-0.2763239845953027,-0.019096275025073384,-0.23625287353218694,-0.5780257635867622,-0.04254487980117747,-0.29325538293739445,-0.8040444754614188,-0.06659960076314764,-0.2890837498801992,-1.0,-0.09082302573679145,-0.13391071700955573,-0.6450372766136664,-0.09372477860829884,-0.36671413703593214,-0.6943668645123668,-0.15237678491758336,-0.4289060802118753,-0.5889912839002556,-0.16843356982821533,-0.41994214464379,-0.5527419200257014,-0.17546062996349915,-0.08649443246811274,-0.47216693011596717,-0.12114507563332405,-0.35830742711048535,-0.48130850835501,-0.1683876068119076,-0.39085437215599617,-0.4217131718800831,-0.15992487735116648,-0.36327143287172337,-0.42168563456634806,-0.15871244249918628,-0.06852228565103474,-0.2752173625462836,-0.15077179148469275,-0.3250617902223638,-0.2597022460458982,-0.20414853770809865,-0.337042681486421,-0.22473795681231296,-0.17770433046551518,-0.29371730787661665,-0.2542050422981238,-0.16019523910237765,-0.07719734939856616,-0.07705993280355501,-0.18020534961609702,-0.29736924163047895,-0.05315646458687955,-0.21988368274470033,-0.30772219170019965,-0.03878954607977992,-0.2025997156706884,-0.2713750973592526,-0.05823223944504213,-0.18722292692643042,1,Bright_Up
0.0,0.0,0.0,-0.10702705911349755,-0.3251981784231669,-0.02821725814924995,-0.15753774842470253,-0.6189378952761078,-0.05481783402161569,-0.18470809734518984,-0.8210278824104793,-0.08227366730010557,-0.18808851862031944,-1.0,-0.1067710593327071,0.031250443586735885,-0.711907222947016,-0.08690067215084751,-0.24914153868786076,-0.6910780673942134,-0.14707439039487635,-0.28301956427200803,-0.5832470678110236,-0.1689828005413019,-0.2294087359810461,-0.5425844556884273,-0.1805801418598417,0.07521424432821934,-0.519462714841154,-0.11402667852817303,-0.2526853289252103,-0.45953211438924396,-0.17389403157675917,-0.22375508592355725,-0.38495173131096494,-0.17556311135526906,-0.13824808080182416,-0.37029936781631445,-0.17897369652843886,0.09001604009636963,-0.3065924408948903,-0.1440730018877409,-0.21639470767150193,-0.2615041558431503,-0.20709719236614355,-0.16830513089518706,-0.21278433103248925,-0.18634741464342428,-0.0759843754234237,-0.21704018282870907,-0.1698615861911581,0.08366529751604332,-0.09451320307691116,-0.17535533532818026,-0.15239898158937612,-0.0804737957991207,-0.2266921121850182,-0.12387599960254629,-0.0628936953259185,-0.21728294390853495,-0.04192026923617913,-0.0741000834910889,-0.20293521965366387,1,Bright_Up
0.0,0.0,0.0,-0.09625831387652925,-0.27963382249414936,-0.09150680209533744,-0.10975322702081221,-0.5866556675699698,-0.1269927170906216,-0.08896031355579777,-0.8074461347778934,-0.15292730621456258,-0.06515089329154763,-1.0,-0.16348852855486956,0.137127387478969,-0.6457254375402613,-0.07790502658835066,-0.1170960753882074,-0.6289114971365202,-0.17504063790799765,-0.18328798697504003,-0.5269835747426673,-0.22930042089781305,-0.14237026003712874,-0.5020358295121892,-0.2555697735094643,0.21188011165804588,-0.4588137283947933,-0.07617907329555272,-0.10210867361222477,-0.3831852441772286,-0.1534403067119682,-0.129520343345773,-0.3027455158748495,-0.1641329134435241,-0.04905669608517323,-0.3104186089494957,-0.16116767611581534,0.242572755762974,-0.23593769111383522,-0.09096837921087417,-0.053537151850049876,-0.1598139757385658,-0.17045247887954224,-0.05747426673443705,-0.11864754599642846,-0.14471686898687858,0.023277767056527565,-0.1369740887012821,-0.11126552639944526,0.24699885025916735,-0.024490566960851733,-0.11665100385446811,0.013035560423909173,0.026667463965274023,-0.17559848645206697,0.018334696895156138,0.03305273858481309,-0.16562801821127918,0.09705525007542626,0.013296222707245542,-0.14027516261383524,1,Bright_Up
0.0,0.0,0.0,-0.10530223761494042,-0.2969546656379567,-0.09909431127649788,-0.11470258730806279,-0.597591748926483,-0.13919269127161607,-0.08482191880587707,-0.8055499132025938,-0.16831680736620502,-0.0568780472262098,-1.0,-0.181679546841415,0.15476168123531683,-0.6070222543883755,-0.09919279759914981,-0.09258190847325895,-0.6006024895009562,-0.20220783750433552,-0.17586531409509082,-0.5063486427912635,-0.2557150529832347,-0.1464819312892274,-0.48932371990184015,-0.28062325569372626,0.24019525006813497,-0.40835690319599943,-0.09672133142851709,-0.07490835206689346,-0.3367403662275873,-0.17743606475479512,-0.12094739183893861,-0.2628678363691089,-0.18214552103490467,-0.03867704935475189,-0.28083014848586746,-0.17409978056569228,0.27262749489201105,-0.17611481040840585,-0.11129345769754866,-0.026554145820780282,-0.09980279265177883,-0.19667926804279806,-0.04712578540130785,-0.07844681859484359,-0.16313782078779804,0.03518011813095683,-0.11319707477663395,-0.12233546539466639,0.27350286565149834,0.03905655685983997,-0.13730144805168548,0.043541231755048676,0.09571156519250476,-0.20036915351346418,0.037876214552036054,0.08285439713781927,-0.18664881213878218,0.11673639476973795,0.049021331508055856,-0.15736142638220524,1,Bright_Up
0.0,0.0,0.0,-0.10728777942317184,-0.3025166067273112,-0.09297554234770405,-0.1041207249136168,-0.6050535223185953,-0.1252646263333186,-0.08007897891545025,-0.8068381637402158,-0.14919243466841486,-0.053215147027713135,-1.0,-0.16118984317275165,0.13132219166490375,-0.61274663281856,-0.07941890847139067,-0.05406558070657923,-0.6492599957689866,-0.1788112203675898,-0.15435752062618996,-0.5902500528876666,-0.24089469473470074,-0.16879430223538539,-0.5676031309498625,-0.2726124861457437,0.2260616317608067,-0.4300729144630139,-0.07691217410851077,-0.06063267752626754,-0.3809243353783231,-0.152473497357929,-0.12407023482123969,-0.3324318454269798,-0.17227834186818922,-0.07367153233199351,-0.34265735843734574,-0.17816426317134132,0.26429222198716595,-0.21316381073267046,-0.0911534564581335,-0.022578943657005853,-0.14539933714124534,-0.16980522643204224,-0.0568557929624145,-0.12138382342571045,-0.1504641362409415,0.008936182215640645,-0.15227529793385516,-0.12451958014475645,0.2682541428672167,-0.013776743530075453,-0.11687127431300974,0.03100204498977505,0.0518516324659756,-0.17565717622401741,0.013576475565898033,0.06470009167195544,-0.16637341626350688,0.08218771595797193,0.04369000775685777,-0.1448730989375073,1,Bright_Up
0.0,0.0,0.0,-0.09368873482227455,-0.29231372623015556,-0.08987349540538614,-0.08668106997826025,-0.5997299042130361,-0.11999511432233438,-0.05325119042965986,-0.8083319967814934,-0.14080400504271112,-0.02717724294738658,-1.0,-0.14977642636248753,0.1448783558121136,-0.6105140580544208,-0.08243457357816927,-0.04411591476078867,-0.6551645036989915,-0.1794351575053135,-0.13387370461171036,-0.6007472110992655,-0.23849943868527088,-0.14290304450785016,-0.5712399202651359,-0.26875789973230985,0.23160956333166657,-0.43624432077783276,-0.07791153894957119,-0.046128424886011224,-0.3984999171113229,-0.153531738313687,-0.10005054187630313,-0.3403861938462907,-0.16931682549505417,-0.04703548309273154,-0.3308724606076616,-0.173123049962983,0.2639620248558209,-0.22662330398310418,-0.08972205509668983,-0.005368490711750919,-0.17416649707059284,-0.16889972023721647,-0.037020643997848934,-0.1462665726812398,-0.15199273818025644,0.02590143121115857,-0.1588583735758984,-0.12740539575297946,0.26529255659679307,-0.029396772597946787,-0.11194701126003578,0.048269513544548955,0.012918503583082084,-0.17025705601992144,0.030058803788349492,0.019096203429030446,-0.1651362710439322,0.09194847693740489,0.006830566109448096,-0.147135849187738,1,Bright_Up
0.0,0.0,0.0,-0.06737214490543562,-0.3017246735109352,-0.07922298358556717,-0.06262762404273946,-0.5973077327911317,-0.11205247953317489,-0.039979153990906825,-0.806732593454045,-0.1363823971503631,-0.01816811844229994,-1.0,-0.1499216650498196,0.16697396559381603,-0.6064496833306378,-0.08019405910613978,-0.0499444191998932,-0.6649348048767338,-0.16264061874446664,-0.1435304205399938,-0.6261014112132018,-0.20967789253831193,-0.15184340847652128,-0.6083042593120304,-0.23486138619593935,0.22924987741417066,-0.43532448661568124,-0.08117890146461411,-0.058869181023970346,-0.4459651933261964,-0.14958177818819654,-0.09999332516950218,-0.39245205032822195,-0.16347036756546052,-0.046131293915892,-0.38045481268115106,-0.16865709594863687,0.24461456704738874,-0.23668538186448554,-0.09528183152265947,-0.03811276869401807,-0.228705365280099,-0.1660861469931195,-0.053939818701334706,-0.19911019374979141,-0.1490223439570985,0.01078164832371901,-0.19955073256264713,-0.12748354843026183,0.22535126295494745,-0.05456314518013057,-0.11819935661103678,0.005461551692711342,-0.04476218349109039,-0.1733542832777548,0.0006592678737840897,-0.042335112432385254,-0.16848002039725737,0.06497819127496965,-0.05111713557350914,-0.15251494901507967,1,Bright_Up
0.0,0.0,0.0,-0.054518079907760406,-0.2993544580510428,-0.05709191923129832,-0.06336613926245888,-0.5954830846071415,-0.09119862376306441,-0.0512950031792509,-0.8108417088667668,-0.11894060088147353,-0.02507313278800645,-1.0,-0.13426677524466543,0.09978615499467955,-0.6026534912031543,-0.07717899129398478,-0.15353139770087193,-0.6216703952012971,-0.1553418028111123,-0.16346107853112848,-0.5437330440995533,-0.19175939247062065,-0.10620300775416665,-0.5213863787818873,-0.20838052618723382,0.14475220750703904,-0.4339400748144477,-0.08939071437785064,-0.1636992406110673,-0.4456458286950997,-0.1515546720030316,-0.13203946127787605,-0.37744807953962345,-0.1594232710214833,-0.05479380698453499,-0.37263950951133196,-0.16281139895483998,0.1491503173365716,-0.24388423069015164,-0.11244196599345854,-0.14424082268344804,-0.26557576246300163,-0.18312742576021998,-0.10223414062181088,-0.20652984826996912,-0.17458862024197203,-0.020482439741362494,-0.19463952503819734,-0.15896846847437615,0.12418987953907248,-0.06166895270541855,-0.14015695109643297,-0.10047058923702737,-0.09346321472728188,-0.19274511363967342,-0.08113563493234169,-0.06980302668692505,-0.19398910981405412,-0.015505828960559007,-0.05676897451816005,-0.18440513651926083,1,Bright_Up
0.0,0.0,0.0,-0.07294393599360477,-0.32726257673627823,-0.043989805560678365,-0.09295510641101826,-0.6275720561919303,-0.06895242551353475,-0.0749289297880855,-0.8320853103218229,-0.09197679370188518,-0.035644927476764905,-1.0,-0.11230616744648039,0.044710633571207546,-0.6070875670937075,-0.07133012929520861,-0.17232517017508206,-0.6706913638770713,-0.13401101800956308,-0.2098735097461168,-0.6119614702663667,-0.167569955115865,-0.17175554646946745,-0.6051542256182951,-0.18740697998090522,0.06878664840652596,-0.424473930784927,-0.08790966384988597,-0.18944550028650142,-0.47448230618432735,-0.14472427317732933,-0.19578352947537175,-0.43988201065582516,-0.15427123285907382,-0.14042189807307887,-0.435234750135527,-0.16231393943093836,0.06605414418141453,-0.2403952029960276,-0.11202682404158848,-0.17713100814223987,-0.29324880053177754,-0.17971289639200555,-0.17429857840266894,-0.2716747854135782,-0.16699594156654451,-0.11034335275685805,-0.27204238579648116,-0.15063509967236227,0.04299234918126247,-0.07363569088355877,-0.13929975386974075,-0.14497019854282533,-0.13551541049353066,-0.18786841138734958,-0.1593857815164831,-0.14100334871156428,-0.1790357139729102,-0.12141287919198394,-0.14280635255942067,-0.16446487233457588,1,Bright_Up
0.0,0.0,0.0,-0.08904644052648396,-0.2954750346945056,-0.030226557438896413,-0.16170481195401107,-0.5947476586367211,-0.06301846955125827,-0.18678201238744183,-0.8171374940014172,-0.09564560855448542,-0.1562053348771455,-1.0,-0.12575971722109627,-0.06958874777890314,-0.5921423577171546,-0.09330922689959582,-0.32741708985906426,-0.6291372534685662,-0.1696353116261135,-0.31781676348899973,-0.5263910521779425,-0.20249750811551295,-0.2437852324620306,-0.5041575631664027,-0.21906824658673804,-0.053692356125393075,-0.41475598295989824,-0.11731465598544129,-0.3491831905267787,-0.45383384603775184,-0.18840324105094522,-0.3090307115645601,-0.3758130069318266,-0.1857962894157345,-0.21726931543643152,-0.35808455672979084,-0.18426806571546675,-0.05675608436100208,-0.2432096043352509,-0.14652605901120305,-0.32423474591359447,-0.2722124423870763,-0.2202241160009816,-0.27741384738190605,-0.21580513066003865,-0.18747774963879335,-0.18566612861197218,-0.21525166928619519,-0.15934429340575004,-0.07038227037071536,-0.08688801191345062,-0.17708639148891545,-0.28087351155559903,-0.12192067839696645,-0.2262853964611068,-0.242730896798437,-0.08995739974555397,-0.20514811528409937,-0.16222313666628543,-0.07854694576337934,-0.183685112538016,1,Bright_Up
0.0,0.0,0.0,-0.08966922031042285,-0.27349121023542794,-0.016124851520144964,-0.1761088422332485,-0.5688298223884851,-0.04833946598573383,-0.21839481165510927,-0.8017524033428601,-0.0824905321025725,-0.2006139844157941,-1.0,-0.11679512979647326,-0.11404520882785481,-0.6069576492014923,-0.11440190859811897,-0.3995126467167978,-0.6379842947125196,-0.19558450179938933,-0.37485766610246024,-0.525665759395803,-0.2247079280544123,-0.2932529822640738,-0.4943966985094355,-0.23647352424236115,-0.09576264986996345,-0.42784245270882154,-0.14631797542757308,-0.4134902516730697,-0.4514417534628065,-0.22016765330017005,-0.36323383624223377,-0.3710082814742689,-0.21203548142489415,-0.26790228718023745,-0.3541660885862971,-0.2065202005535105,-0.09492365555322922,-0.2420097521107291,-0.18047621893772753,-0.3833530511292117,-0.25957036226089547,-0.25605873476031277,-0.3273351714186975,-0.19735562915744892,-0.21764958250781735,-0.2306086618721732,-0.19447943757614894,-0.18593882617689136,-0.10493205558652664,-0.0652294117201906,-0.21359558896045555,-0.33954195854470054,-0.08425914481102448,-0.26755401005689955,-0.2937395787875195,-0.054693802389847314,-0.244523461557428,-0.2059670506802009,-0.04996808996359985,-0.22114898151444404,1,Bright_Up
0.0,0.0,0.0,-0.08255953425209385,-0.26095943548858697,-0.011610866161772836,-0.18036841387107463,-0.5621756560950729,-0.047456007866288015,-0.23089556408906908,-0.7969463883095196,-0.08383409585027793,-0.2160612853550613,-1.0,-0.12069694127889206,-0.1361740836760817,-0.6000478223296491,-0.1407639396479947,-0.43601905096067,-0.6415945108282489,-0.22986054595196537,-0.4014097191087893,-0.534038192887728,-0.2586418725018052,-0.31135039602866743,-0.4957369252061363,-0.2666404982595877,-0.12326881217390175,-0.4143841250657882,-0.17602056232591518,-0.4621656497924017,-0.44710733384014606,-0.2508782811488101,-0.40966115020499927,-0.3726521250397978,-0.2370966946950048,-0.30886415469484024,-0.353880301228696,-0.22719724504165173,-0.12474636621768256,-0.21269864784961956,-0.21130286676442517,-0.4243293503050623,-0.2529770049966537,-0.28446190200090526,-0.37239170126638205,-0.19611573523583037,-0.23830128459903527,-0.2748960059258104,-0.1910998486059401,-0.2010492654701034,-0.1390343268162414,-0.017090505058380927,-0.2447353859485866,-0.38354859879274605,-0.05322079491627844,-0.29761372490234317,-0.34687277051129606,-0.039039394943568353,-0.26999015681075306,-0.26409933529560825,-0.04271079836000598,-0.24278427063569472,1,Bright_Up
0.0,0.0,0.0,-0.052316820518690924,-0.2679373522616702,-0.00509951037294383,-0.15960981835707755,-0.5729382696501674,-0.044440952559147484,-0.24026404741106547,-0.7976556578263937,-0.08358466016336201,-0.23588759610513754,-1.0,-0.12357096352635312,-0.1832003432049328,-0.5945166913889048,-0.1404136931155289,-0.4866831564797316,-0.6349646979277719,-0.21862661229921895,-0.44944493984017647,-0.5491404631447864,-0.24368967272864236,-0.35338767768049956,-0.5153572974109317,-0.2501884040311682,-0.18720582720894044,-0.39906961293694304,-0.17316606722602312,-0.5247628029187397,-0.43903324904770796,-0.240408203494857,-0.4648239015275722,-0.38083257151752103,-0.22778413204981768,-0.35647229620468623,-0.3654180376230919,-0.21795720955924966,-0.1982666439147187,-0.1942199710394092,-0.20244304673910649,-0.49759312563087177,-0.251237404630378,-0.26747729903003686,-0.4358713345247794,-0.21288173926160656,-0.22387523461171197,-0.33305321334712,-0.20848496098023095,-0.18810871774058982,-0.2189081525614396,0.0016365889837421641,-0.2284554571599979,-0.45140087630660997,-0.05948127698339126,-0.2807893784154347,-0.4044460979428566,-0.05925607549224713,-0.25489322960164745,-0.32298146447299375,-0.06775462345080364,-0.22795199675988814,1,Bright_Up
0.0,0.0,0.0,-0.03681725536043303,-0.29512851777411825,0.02367240593207607,-0.1498938407005355,-0.5872843176512851,0.004902554376446407,-0.24657979072004202,-0.8129379151575393,-0.02087046932398737,-0.26325858190746826,-1.0,-0.04780424924204707,-0.27120514302857224,-0.6122876974955676,-0.07435216159270623,-0.5403718214978698,-0.6833942134490764,-0.12361141238745248,-0.5091248070269859,-0.5926717250596462,-0.13674990520866323,-0.4253759996291828,-0.56103509501547,-0.13864720493840443,-0.30704436802062157,-0.446702623917967,-0.11353729562123599,-0.5937988548443791,-0.524555695327317,-0.15022384757491475,-0.534405012212504,-0.448982377170021,-0.13157015704247016,-0.43929168764316057,-0.4188022346886616,-0.11748406049866673,-0.3311987309811334,-0.2631720578938356,-0.1471950564518665,-0.5825175140311821,-0.3330695552639948,-0.18006326956360225,-0.5076286626245875,-0.2783701553955834,-0.12907987168060794,-0.4121319027686397,-0.25538772929829284,-0.0930237733470965,-0.34457415893379756,-0.07665074813657918,-0.17653915421370145,-0.5496535820555376,-0.13931756759366676,-0.19849883943109947,-0.4850955948719071,-0.11555050259893931,-0.15490911647532585,-0.40196043843983814,-0.10316005783718292,-0.11803325300558415,1,Bright_Up
0.0,0.0,0.0,-0.03974487108752801,-0.31662526362971705,0.027504640003519716,-0.1638806396571159,-0.5953622124733495,0.011970255731119846,-0.2582741973939725,-0.8153008860616193,-0.010423969513113777,-0.27411791854100487,-1.0,-0.032516242820945125,-0.29745814059689374,-0.6023310067390566,-0.06425541961199809,-0.5493773700480865,-0.686367714677579,-0.09599797642479306,-0.5044016867190932,-0.602862291054363,-0.10130863144801087,-0.4187404600733065,-0.5698781981514168,-0.10017353509746647,-0.3417152229183634,-0.42740583758543926,-0.09797500764177147,-0.606653345800669,-0.5228205651750926,-0.11882714238763792,-0.5463751920123869,-0.4574794941887105,-0.09776715926402857,-0.4533132949619476,-0.4256144460268545,-0.08325521060566841,-0.37201222848343246,-0.24343120225884,-0.1240190634161471,-0.5948314392540656,-0.33005763374296826,-0.1352549025425409,-0.5265689434035264,-0.28956605136668356,-0.08447648253711817,-0.43742255298085253,-0.2641840007012237,-0.05227798015707177,-0.38558949431903994,-0.06652195834618527,-0.14630003896556895,-0.5621041721023858,-0.16125207281380594,-0.14599946658913343,-0.4987729862241734,-0.13860310812824114,-0.09450070465536074,-0.4206258933000167,-0.11394732491064125,-0.05567768708183511,1,Bright_Up
0.0,0.0,0.0,-0.034857452061280395,-0.32381912449889044,0.02430695422399428,-0.14441397825685423,-0.6007911091917991,0.0042348401096313935,-0.23042999815295123,-0.8134980241781283,-0.025328887757082575,-0.232893076688944,-1.0,-0.055032356355302646,-0.2966110557574591,-0.6089202048923379,-0.0560597569008324,-0.5546362224471054,-0.7044053413528202,-0.10053271958654535,-0.5151934068163904,-0.6184293842043512,-0.11701099595186558,-0.42748902827025187,-0.5733647765201081,-0.12023168153213805,-0.34384841713124714,-0.4353715039399371,-0.09074629598022167,-0.6039560662544192,-0.5318181463434938,-0.12087751448608931,-0.5432524187233512,-0.4625444527402659,-0.1086127124064685,-0.44677768036691234,-0.4262062399030169,-0.09723005495856958,-0.3767011709248511,-0.25235628790026976,-0.11980807163143643,-0.5925220540222739,-0.3335489090705703,-0.13915239533843726,-0.5260358431517416,-0.28917369282278477,-0.0931399475956089,-0.43518809980306816,-0.2624135984411949,-0.06126679220547838,-0.39489199967741684,-0.07537649877600501,-0.14569995554312148,-0.5666126426585015,-0.16509129883948107,-0.15049348605974883,-0.5005788286589126,-0.13867095736959445,-0.10046247157472424,-0.4197407888198919,-0.11237470635827022,-0.06018590285150319,1,Bright_Up
0.0,0.0,0.0,-0.03281301509117336,-0.3223654847442614,0.017697481937527702,-0.14862787959472873,-0.5995002073231662,-0.0020060173964251806,-0.23349471372115127,-0.8163140501233778,-0.029060620409513065,-0.2195397927190638,-1.0,-0.05701272133485271,-0.3153109543965576,-0.5928806465209958,-0.06160053407808792,-0.5669437398037517,-0.6689335407180851,-0.10157427737769616,-0.523303467008167,-0.5906202829360762,-0.11744249196495941,-0.43618709074789686,-0.5531281779764468,-0.1214476413260583,-0.36102340310353936,-0.4126665348737097,-0.09009137335684084,-0.6082291592709087,-0.49703294287250405,-0.11448736977626023,-0.548758951121617,-0.43963939757773696,-0.10147019514364189,-0.4559478522190969,-0.4078765911162221,-0.09172882716442118,-0.392093636696438,-0.22827006435596134,-0.1129125104749195,-0.5993777401695695,-0.31059992805054726,-0.12665746068436737,-0.5357716262080764,-0.2756450574605855,-0.08346933813750454,-0.4486412612427618,-0.24642159687138654,-0.055085282331545304,-0.40950772691197224,-0.051488464201188196,-0.13333990467478007,-0.5709492603274254,-0.1398968161443381,-0.1338327755819951,-0.5062488601184922,-0.12194587638049384,-0.086135539129858,-0.42969553979377484,-0.09738619726555128,-0.04887163316932357,1,Bright_Up
0.0,0.0,0.0,-0.03485959633375728,-0.3072262602285758,0.000758663092152521,-0.15898669226151266,-0.5884759588226753,-0.026415122554980772,-0.25115185930620204,-0.8092888541205868,-0.0575920010762163,-0.23858261415170107,-1.0,-0.08849373470430397,-0.3075130031393135,-0.5888651471551584,-0.08841618378071808,-0.573900555994504,-0.6608821932391756,-0.1391561320079822,-0.5301743475099897,-0.5721811412315713,-0.15710371292748326,-0.43741770804306046,-0.5328089935089225,-0.16181403546372952,-0.3535209031671797,-0.41043572149338836,-0.11271896513481716,-0.6136553751653008,-0.4895897986256673,-0.14749223718945265,-0.5560888684055973,-0.42418556541400854,-0.13448486190111308,-0.463364292009596,-0.39813366859662025,-0.12353547795522304,-0.3847310442733661,-0.2253715862278944,-0.1329352119751058,-0.6007597644433056,-0.29528133259336287,-0.1583042044830349,-0.5356657349259903,-0.2515871871797766,-0.1141908523384977,-0.4452205039949804,-0.22904059210847016,-0.08314094512589686,-0.4029426078850651,-0.043081818961474526,-0.15208129680043636,-0.5684795509293208,-0.1179665548282423,-0.16418016953585163,-0.5037306556063843,-0.09649889512742986,-0.12070545576392851,-0.42576551885217334,-0.07849873924355656,-0.08524045716766539,1,Bright_Up
0.0,0.0,0.0,-0.0593908082750232,-0.3158878080353419,0.010027095510973544,-0.1869683061078608,-0.591017389036534,-0.029551758439900766,-0.27930710987645324,-0.8038601887252651,-0.07191385639960052,-0.2724226077536372,-1.0,-0.11571343584867141,-0.312078511990928,-0.5569654869489837,-0.13937824373144087,-0.602396971357557,-0.6209300373459361,-0.19538023760003426,-0.546288846583908,-0.5782353543640474,-0.20910715573672864,-0.447531704978719,-0.5537223983756576,-0.20824799529174498,-0.3407024773754581,-0.35469875650808635,-0.17131564467812918,-0.6477191737647174,-0.4440080203486254,-0.20922115613373377,-0.5803082808304587,-0.4304045229022343,-0.1878938100814537,-0.4778057229981068,-0.40241434033266077,-0.17302484223675874,-0.35562474989203785,-0.1553050340463588,-0.19342639287972757,-0.6222532998413035,-0.25331699910568256,-0.21634174301503664,-0.5521254029443844,-0.25337375183588484,-0.15916057919339752,-0.45543274088762326,-0.22821724628362006,-0.12063280869668708,-0.3595335611889459,0.033664663691239806,-0.21213501288033995,-0.5765866215601246,-0.0703253436047856,-0.21721022476599824,-0.5171353650282814,-0.08572143542700754,-0.15962448326914103,-0.43493708629899347,-0.0625114165375872,-0.1161639766361987,1,Bright_Up
0.0,0.0,0.0,-0.07110347603045898,-0.30946945742109266,0.012709334581315724,-0.21296626927091603,-0.592722715589788,-0.01878374097783028,-0.31676667930780034,-0.8042788567281335,-0.054888840389621975,-0.33268026669803213,-1.0,-0.09281672062314363,-0.336363161661815,-0.5808264242241394,-0.11140814549076775,-0.633943184521345,-0.604185445958626,-0.164471608970638,-0.5801805660239028,-0.534781402448512,-0.17988469911071198,-0.4821799573506786,-0.5194601374420007,-0.18251182755500334,-0.3609719678025578,-0.37714215789953937,-0.14586972582851282,-0.6661121446131628,-0.42208297049411714,-0.187325699608094,-0.5877388739123395,-0.3747003444752883,-0.1712704928411668,-0.4795247918300652,-0.35552555557255106,-0.1577468807769892,-0.3732762390113121,-0.16860643896099375,-0.17240321709690026,-0.6454897788786171,-0.22316602907179442,-0.20127980688648606,-0.5647298129094633,-0.19365909130467576,-0.14613516326360393,-0.4601883405848432,-0.17917725735220819,-0.10748834464927966,-0.37518796873508314,0.033712795904061704,-0.195501548414509,-0.5893188398076509,-0.03900703982801026,-0.2097303234411846,-0.5257855392111616,-0.030934207909903703,-0.15802883387961394,-0.4417580423718846,-0.017234049623218617,-0.11645437419577591,1,Bright_Up
0.0,0.0,0.0,-0.0898179013549105,-0.2990094149908104,0.010680012905427942,-0.24833153244772135,-0.5917797361110592,-0.024466978610224274,-0.3525822456358123,-0.8057471129302163,-0.06451649876389688,-0.37183284932863375,-1.0,-0.10586728715654371,-0.33783590344546893,-0.579812971397165,-0.12567413850256104,-0.6487236857496447,-0.5730806146904195,-0.19299018611591134,-0.5852636993270581,-0.5038753313567211,-0.21685493048184562,-0.47827961032503,-0.4984515766517629,-0.22392648884522784,-0.34628546645251884,-0.37515189130377885,-0.16511572831779178,-0.6787299296506246,-0.3901591527095806,-0.2190417980465159,-0.5886529785116869,-0.3374940645552062,-0.20452724866227992,-0.46811203983277666,-0.33128354627937745,-0.19116817481599954,-0.3451862407710176,-0.16606399758148985,-0.1972845872488936,-0.6431525130232605,-0.19486419114776146,-0.2444383244826799,-0.551112124758376,-0.1648849204717163,-0.19007951476035456,-0.4347296027671858,-0.16220468992274975,-0.1488768120432161,-0.33864376488534775,0.04008434874617234,-0.22577919554158463,-0.5528026248953786,-0.008206269859370686,-0.26093418743092284,-0.4788118641596345,-0.0024772637078730305,-0.21542324644994135,-0.3860130208569794,0.003977348900533963,-0.17517614032979673,1,Bright_Up
0.0,0.0,0.0,-0.0858849036284632,-0.2892255416646688,0.0020925224127451925,-0.23661716661331772,-0.5847811634564419,-0.03515255021337756,-0.3328731068141085,-0.8034077670028731,-0.07642433067962583,-0.3357464339356365,-1.0,-0.11605407166289672,-0.2946725778171163,-0.582329271469282,-0.12435835735496656,-0.6041189711902691,-0.5623022902900153,-0.20220951604240087,-0.528749211105049,-0.47581400351714315,-0.22908305245597751,-0.4183153221218456,-0.4757956013679795,-0.23747263437729146,-0.3019792677758929,-0.3857531079545234,-0.16199549062410834,-0.6311307343105479,-0.3930654999876887,-0.22882245793696693,-0.5386845573570367,-0.3159983360310193,-0.21445996929251848,-0.4187927412593031,-0.31198796343933577,-0.19928707332556977,-0.3043821737603496,-0.18217946242397773,-0.19540882038932544,-0.5895584650534116,-0.18873477448943757,-0.25441327059920066,-0.4962997424995043,-0.13793343864891938,-0.20047691158104602,-0.37778290388505653,-0.141729983451025,-0.15661119348901195,-0.3078798780274451,0.023390427513027296,-0.22662208898683545,-0.515034426274122,0.0034855225627195784,-0.2664834119458492,-0.4435122704753068,0.018923888970244242,-0.22599685329029467,-0.34641449674657776,0.015471801298258665,-0.18896027642697985,1,Bright_Up
0.0,0.0,0.0,-0.07059274829872568,-0.27656935148857603,0.0038914197549529597,-0.2186215467717891,-0.5723184527707953,-0.032305954380375534,-0.31581041577002805,-0.7959583169599325,-0.07136113061339658,-0.30760240392712124,-1.0,-0.1101061035894883,-0.24821581909627144,-0.6027555653969224,-0.13014234630722335,-0.5624167035717924,-0.5929881820431093,-0.21049071769961736,-0.5007479785347314,-0.49985367897322663,-0.23465036914369933,-0.39608114345594153,-0.48830471366820316,-0.24051475930988675,-0.23978819576557864,-0.4153988976282999,-0.16984274295935667,-0.588067065449941,-0.40911774918236954,-0.23976353208450765,-0.5044499265016228,-0.3418337273345351,-0.22317922622314204,-0.3899486550940509,-0.33723384127261347,-0.20846121192162612,-0.2359965839368101,-0.2105858454808374,-0.20582463956574842,-0.5361748201005067,-0.20954886342608475,-0.2745532241969986,-0.44443283578986326,-0.16175282714054928,-0.22290078094772584,-0.3318974120670405,-0.1630949262209359,-0.18028124082717603,-0.23967981944557065,-0.005555261007603496,-0.23804185598884126,-0.4799932635150729,-0.03503907785006331,-0.2887785258314279,-0.40196725111910897,-0.015170605639103215,-0.2517066285389127,-0.30188080995835437,-0.0138641122082156,-0.21668165000626047,1,Bright_Up
0.0,0.0,0.0,-0.09694311998860908,-0.2533197858036731,0.004159796749166849,-0.24082567931020693,-0.5520025695815846,-0.027186195857825605,-0.31797731544441304,-0.7890227821120647,-0.0628789040014481,-0.3053634921245432,-1.0,-0.09732660888979178,-0.23055346617146352,-0.6302349684698992,-0.11110619868645402,-0.5260869332650013,-0.6582420832154208,-0.19583322744727535,-0.47874427747201875,-0.5339373004772626,-0.22281585589897254,-0.37453944045374205,-0.4946982002485525,-0.23042013498589484,-0.20866107937200118,-0.46218845924699137,-0.1540124306732108,-0.5455562005547219,-0.4611255266585174,-0.22602167192070088,-0.47408984009143307,-0.3683411654458522,-0.20967706155948976,-0.36585105545665475,-0.3533103358158867,-0.1962373035759694,-0.1957981431665508,-0.26208076504655836,-0.19646739231160942,-0.4978640735153012,-0.25231008899545104,-0.26862796708992315,-0.4212262008680234,-0.17937324930061174,-0.21626591271352175,-0.31414510341623425,-0.1744075481713764,-0.1746786115103167,-0.1909868003283807,-0.05705907719723041,-0.23556413777147614,-0.4468519696347185,-0.059174498991449415,-0.287738306777503,-0.38378590963519227,-0.021573226834603054,-0.25139430009475694,-0.2874388266120826,-0.015891517196812678,-0.2180283290677572,1,Bright_Up
0.0,0.0,0.0,-0.10097031787016639,-0.25649026926690527,-0.0075512132601801086,-0.23610539488133464,-0.5464447440331298,-0.04824309671887473,-0.31653169494464256,-0.783114130295988,-0.09008350167436431,-0.3104689220049383,-1.0,-0.1323611646048345,-0.18511552011269075,-0.6245040545281276,-0.1488326767227189,-0.5002990659732817,-0.656973344821051,-0.23058488073813324,-0.4927513128660198,-0.5143819146405227,-0.2493389718934419,-0.40871686584236466,-0.456637853284282,-0.2551820825559167,-0.15255187282505112,-0.44984280554797623,-0.19064278864731934,-0.5106073660285249,-0.43441772191031247,-0.2665764121306516,-0.46171727042150157,-0.3293422027116211,-0.2475924770138546,-0.35507693052126194,-0.3100509017007109,-0.23558228995312874,-0.1354845473619693,-0.2406009277093697,-0.23069714808832806,-0.4502565246786553,-0.20591680186240816,-0.3050671773766317,-0.38924733495254593,-0.13011587630362523,-0.25189736368465215,-0.2857471205659269,-0.13477539137318997,-0.21370823503520722,-0.13187075511133992,-0.03034800526356113,-0.2676812256814989,-0.40049812966156484,0.0014403554919937686,-0.3256065915836768,-0.34064004150632476,0.03284483650836108,-0.2923729357071312,-0.2404116760732436,0.01761438097375881,-0.26380437298459586,1,Bright_Up
0.0,0.0,0.0,-0.08446528528996362,-0.2883431218906438,-0.03211823941110606,-0.15377899091491307,-0.5700436834563655,-0.06685991348107623,-0.19915583555223718,-0.794715306141106,-0.09950874805875731,-0.21325771986934786,-1.0,-0.13237349840734083,-0.013115556404907395,-0.6051419793732735,-0.13360083546975174,-0.2545740393384039,-0.7065321306711664,-0.1961922862008191,-0.3290726038029979,-0.6049037879450091,-0.20242995553651547,-0.31433378909463966,-0.5351547755878582,-0.20061906825966966,0.016916350226056438,-0.4173504547302288,-0.15638542037673062,-0.2992057530618619,-0.45274354697843777,-0.2158589678535921,-0.30257775221930044,-0.36057398373535754,-0.19684977030824116,-0.22692104142001163,-0.3244888589779008,-0.18339608727015083,0.016625811785691832,-0.21363992819693095,-0.1800422311112243,-0.27883550189388484,-0.22330258551660864,-0.24465088898142226,-0.25607081323462705,-0.16079324007216375,-0.20941418030106038,-0.16728677421431268,-0.15510469778116295,-0.18161502088387046,-0.0083760228643734,-0.022640708893757355,-0.20331013360151443,-0.2452242117704636,-0.02452820689943638,-0.2578171017652639,-0.2263657623490734,-0.0028072024479366387,-0.24307227591676017,-0.14643538137052492,-0.008355735266382423,-0.2244969762426391,1,Bright_Up
0.0,0.0,0.0,-0.08358426804078435,-0.3154135972426695,-0.04169976158734471,-0.13509989809987333,-0.6002879928384909,-0.06745323660476024,-0.14816656862887095,-0.8110902005344033,-0.09130200841855914,-0.1338914401557516,-1.0,-0.11164489726378915,0.019386954634586895,-0.6012745224920818,-0.08859662225398926,-0.22053598251859174,-0.6709885059834203,-0.15454673113901685,-0.2657864601316339,-0.5637371042142547,-0.17830030009634168,-0.22202126680405976,-0.5253970063508868,-0.18936673970311277,0.05290747085380719,-0.4056734682626192,-0.10605617348695276,-0.2439113389471068,-0.4229663542695032,-0.16778492887572208,-0.24094590976816202,-0.3525480404666381,-0.16953300837837842,-0.1676493028414764,-0.3451774515250211,-0.1701414715086139,0.05113881918264044,-0.20517714316150165,-0.12986278622582353,-0.21689635855388723,-0.20384557341831708,-0.19988481202463687,-0.19843099034682019,-0.1674241040287694,-0.1868245511350829,-0.12312231145556458,-0.1818725701772296,-0.17060892257108976,0.031454013421288576,-0.02300695546623396,-0.15545155614038347,-0.1808809011316474,-0.012331737474250478,-0.20867181447893016,-0.19545014299190172,-0.005921046791360776,-0.20507134917706799,-0.16110522157554136,-0.018960385099314078,-0.19375878817598918,1,Bright_Up
0.0,0.0,0.0,-0.08322342971446439,-0.32126620549460194,-0.029744567400209546,-0.13079777778668586,-0.603945662403698,-0.06349485385113107,-0.14214156833243585,-0.818809575667361,-0.09806281292645301,-0.12151821549482908,-1.0,-0.1312495649527105,0.013854537048543326,-0.59666284954807,-0.09528700884841633,-0.24187637435199177,-0.638048298798877,-0.17241874236587998,-0.25250974434213497,-0.5167363056973057,-0.20407617634910336,-0.1779111319560528,-0.4859423583913584,-0.22024577411299343,0.04424316604376814,-0.39348145713268917,-0.12358167186410036,-0.2609354657530525,-0.4331015447081686,-0.18739697989042733,-0.23501313275867214,-0.34527908838121657,-0.18169575749939673,-0.14724880174990612,-0.32653088948662207,-0.17890610411781716,0.044901696947507716,-0.19042188291289353,-0.1570331404525994,-0.2435049967730427,-0.22907455139948396,-0.22130011672009878,-0.2051420640679082,-0.1689665140264633,-0.189406659982929,-0.10929141005786253,-0.16612260478035087,-0.16526627999033164,0.029403171014485006,-0.003289091280801408,-0.19236644405516654,-0.21416217810042898,-0.025745507313768484,-0.23672899248736412,-0.18231440318660366,-0.0021880507707951677,-0.21807405020959103,-0.09421045106583127,-0.003196892500230497,-0.1995258241230373,1,Bright_Up
0.0,0.0,0.0,-0.09023136975982636,-0.3122700669115924,-0.0349908858223668,-0.14469902390390113,-0.6027829927520321,-0.06356478654548266,-0.1562445041408705,-0.822274027607204,-0.09260164281425526,-0.1304829632306669,-1.0,-0.11864039958657199,-0.018813829446353587,-0.5974498163056691,-0.08839952336934097,-0.2530243640562146,-0.6423575909305324,-0.16517140279820236,-0.26953951923248654,-0.5202099483848872,-0.19656033575318596,-0.1998693075506407,-0.4875366259285835,-0.21197696258527032,0.013654839560310258,-0.4015962548838949,-0.1129352644449062,-0.26508778141162553,-0.4372374725929319,-0.1820680375726896,-0.24697111843950695,-0.3531879397343918,-0.17855758217674084,-0.1613427703647517,-0.33341177681847933,-0.17420163120531984,0.018494242283209696,-0.20515688872126264,-0.14413004977415347,-0.24685492402713444,-0.23599379315923782,-0.2158226850865389,-0.21744450035877388,-0.18013810956103515,-0.18634514233571497,-0.1249428220534053,-0.1767989384915528,-0.15893517199365587,0.0079953522235051,-0.023302547767354832,-0.17773149611093025,-0.21235863100709879,-0.04252211213286085,-0.223662275338395,-0.19121713121668998,-0.025166280927832345,-0.205648516911411,-0.11257641673661795,-0.027299803646151245,-0.1854281677608594,1,Bright_Up
0.0,0.0,0.0,-0.07805275184581041,-0.31708053480770176,-0.024060485185596798,-0.12992461202365624,-0.6014634377988126,-0.047339247493035204,-0.15367191251187923,-0.8233187007792846,-0.07359564842117285,-0.1387531953953086,-1.0,-0.09616606217271204,-0.046921037167521086,-0.6335664002216868,-0.05218858842718011,-0.2828652551069164,-0.6753554581094203,-0.12157065183617372,-0.2839013829825279,-0.5689493073166614,-0.15717704362344348,-0.21000271832115236,-0.5373732028252561,-0.17601407118323337,-0.014554254934749544,-0.4650363514384726,-0.07709436322785447,-0.29072356784439085,-0.47311373232920256,-0.1376798069893856,-0.24436730049213143,-0.3984818440183939,-0.1448484629877003,-0.15748166598887775,-0.3830649960163209,-0.14897683995455024,-0.0008043572870646802,-0.2812625986173106,-0.10783826889253481,-0.2624428659117251,-0.2883237846847324,-0.16846379250157417,-0.2105454054412152,-0.23507537136546686,-0.14996677493566954,-0.11864465406285439,-0.2249687275814231,-0.13176207216190713,0.0018164482466633146,-0.10014932201240187,-0.140451539439359,-0.21774397323186498,-0.11922193089132598,-0.17758500822625103,-0.18196707567856898,-0.09982394424686186,-0.1640722919159919,-0.09703194896982273,-0.09479944711184729,-0.14725959284196036,1,Bright_Up
0.0,0.0,0.0,-0.11473643852389899,-0.2740902097325298,-0.013450296024836373,-0.22763834793660936,-0.5627908396510282,-0.05122929946950359,-0.2789328556716587,-0.7968610804237732,-0.09034822702985047,-0.26411525536303176,-1.0,-0.13185032134594932,-0.17879254904940695,-0.5626683067885154,-0.1314931548296344,-0.47469804633690604,-0.5818531428488544,-0.2137324466806145,-0.45139894210408843,-0.48661133636807835,-0.245337319764929,-0.3704720481108182,-0.46820651073818687,-0.25906265109617066,-0.15614670084597468,-0.3742021562752954,-0.16426563511775547,-0.47694390484522214,-0.38022077131189613,-0.23146004010705115,-0.44135817503104996,-0.32402797992452753,-0.2232586325595031,-0.3500595020446318,-0.3176688274449365,-0.22086810517243413,-0.14747284630633778,-0.17583617312984218,-0.19740645817488978,-0.43364618181322223,-0.17235697589761276,-0.2653796964348452,-0.40847174026323785,-0.1360811868974701,-0.2312712615626853,-0.3303965496824212,-0.14778567313731106,-0.2047982639304272,-0.15104275249509164,0.013232899683904183,-0.22907441078714535,-0.38464093866234383,0.01564675377757341,-0.2795108637508711,-0.36956030402871165,0.019330533262584677,-0.26084227314507163,-0.3093911480614803,0.003019374264072174,-0.24186900111280782,1,Bright_Up
0.0,0.0,0.0,-0.08962602778637555,-0.2594671403526114,-0.0110259670847763,-0.2300167214595614,-0.5594449855183317,-0.057667680817926066,-0.3006517503129341,-0.789891607994168,-0.10344586315036017,-0.30064214293965713,-1.0,-0.1510420563965388,-0.23424373419847536,-0.5307691755646763,-0.1660833542114517,-0.537644350783487,-0.5061953667458484,-0.2475262728712625,-0.46473029093672813,-0.4415838136827053,-0.27386016983716144,-0.358249573629404,-0.43957483090444277,-0.28322188952456756,-0.22188691589196127,-0.31584598477775366,-0.2024085576620498,-0.5525561516242595,-0.2997495832367773,-0.2706509020324416,-0.4650173546201858,-0.2627709192450503,-0.25629650246896357,-0.3488886352645234,-0.2552878172256267,-0.24772047492566615,-0.21245976767750896,-0.09228055659796199,-0.23456741662094852,-0.5017361565274925,-0.09040561403963655,-0.29713819865418817,-0.4191566161581202,-0.0687823105802182,-0.2464512020139908,-0.30949180699412143,-0.07571813957730798,-0.20881696501652877,-0.21163654311430297,0.121288804817299,-0.2643277167089891,-0.43817678446540986,0.1065293329311355,-0.3104621784958355,-0.3803326419882957,0.09662887689343386,-0.2748172609930766,-0.29373860860695633,0.08390755715981969,-0.24416004605252306,1,Bright_Up
0.0,0.0,0.0,-0.08589877180529466,-0.2695677569419726,-0.008196036328986928,-0.23934571485979259,-0.5723118347163336,-0.055614899923040674,-0.31602005029413605,-0.8068072635602352,-0.10089477192813237,-0.34407618262847645,-1.0,-0.14677661513832022,-0.26473477236724546,-0.5518190850582678,-0.18414556537222415,-0.5824389449442767,-0.531516651253005,-0.2636830874690481,-0.5124103237468739,-0.4563148991475926,-0.28479681468622203,-0.4045788610069116,-0.4425798617222685,-0.29047722384915753,-0.2576331074841651,-0.34367997962582286,-0.22076321494145287,-0.5975097689703959,-0.3207571848848151,-0.2903653123605623,-0.5033620160469713,-0.27225155649531857,-0.2709540757896526,-0.3853795670902598,-0.26390857088019815,-0.2577759717553948,-0.2494095018130757,-0.12968929610586083,-0.25115378747843703,-0.5384937457597051,-0.10301877852286755,-0.30963020757496057,-0.4471968089683289,-0.08371175429923511,-0.25453598854009957,-0.3387028163747298,-0.0922289077554056,-0.21586183200265777,-0.24659144307629774,0.07615079382472348,-0.27865307292891695,-0.4702101479180945,0.07786017621171797,-0.320735944986605,-0.39920837832669226,0.07962676869749445,-0.2786765452174293,-0.3107930542326361,0.07240537784155986,-0.2447801384037988,1,Bright_Up
0.0,0.0,0.0,-0.08725410747230081,-0.26788097135355715,-0.009615596858169552,-0.24315654280100457,-0.5628219021295766,-0.06045090853953306,-0.326608253592023,-0.7939765490874112,-0.1099421349097014,-0.34703490398799,-1.0,-0.16167887595799804,-0.28514615444627983,-0.52656976400721,-0.1784905747399053,-0.5876361848095341,-0.4902824508688454,-0.25536940537806574,-0.5205888838832136,-0.43336251055814184,-0.2762409013489481,-0.41603543296611517,-0.43226306582733665,-0.2814331903089987,-0.2765642397258513,-0.32023334564458894,-0.2132129097025634,-0.6053333892525895,-0.29534521797912316,-0.2772776060271801,-0.5176259524875726,-0.2607575796522454,-0.2599161989724248,-0.4002436546300468,-0.25809014093907373,-0.2485055703452831,-0.26427226274113486,-0.1064206580163185,-0.2417894534686261,-0.5568214051697352,-0.08576232602459635,-0.2967029240566757,-0.4698675254782111,-0.07783148732143606,-0.2453395088692763,-0.35888290913616927,-0.09035852811498442,-0.20911520354202012,-0.25522382809699107,0.10115477773674025,-0.2673557148559738,-0.48322647794819623,0.10202310457396968,-0.30737400360948397,-0.4182087303487783,0.08776955674519263,-0.26827767795557816,-0.32830702648002263,0.07399199903674572,-0.23626097252874967,1,Bright_Up
0.0,0.0,0.0,-0.07842103412734157,-0.2744951481889598,-0.007329340435148996,-0.22052553720611875,-0.5586505271927498,-0.05608576119507692,-0.30998686691031047,-0.7884911677635386,-0.10407510660890942,-0.32126002894531186,-1.0,-0.15488119532691338,-0.2864714712442746,-0.5180670103551587,-0.1539982804263083,-0.5659895478229601,-0.5047501197153889,-0.21487500205821153,-0.5206749366710043,-0.4384518263494906,-0.23181471568030965,-0.4334000817090907,-0.42888171585530194,-0.23842640413013333,-0.2945898657585505,-0.3205893557442915,-0.1838998273137972,-0.5950321006356931,-0.304555059288045,-0.23395373817968215,-0.5162242166875242,-0.26068315208393783,-0.2177005105370873,-0.4036916398605071,-0.2525896797324072,-0.20857600886908256,-0.29763993794381477,-0.11258676027905702,-0.20711853520201773,-0.5622524472673739,-0.09764169584636555,-0.24453391945281303,-0.47601564488766335,-0.08559761566108708,-0.19514358898493503,-0.3688704830805217,-0.09476140589480356,-0.16424268006030854,-0.2992673329191507,0.09044542135366507,-0.22806330435158453,-0.49537749510902557,0.09586042876800849,-0.2529334114857316,-0.4252941482761874,0.0812081997475741,-0.2150356610001945,-0.3393713206432054,0.06277603520433503,-0.18650800396386688,1,Bright_Up
0.0,0.0,0.0,-0.0794458572838646,-0.2927515531556639,-0.004420575983729338,-0.24112628461940427,-0.5695574522440922,-0.047645808049861835,-0.34075573361203043,-0.7996980781513093,-0.09413834346761717,-0.367933693317076,-1.0,-0.14278502232728157,-0.3402389827556175,-0.526289961098531,-0.1465868570831313,-0.6384345352145387,-0.5071513673576032,-0.22012070716732104,-0.5704325611101434,-0.44419276548801023,-0.24570097773574698,-0.4625104801718632,-0.4408077570690356,-0.2532514625525617,-0.3434859199907101,-0.31399012947802357,-0.1789888486060948,-0.6487513209080881,-0.3009183069151716,-0.23650821224773677,-0.5607135806770017,-0.26242930964408057,-0.2219625465681223,-0.4492571561284329,-0.26561946234686173,-0.21135460950721538,-0.33844022528014867,-0.0966679440283342,-0.2064092312339761,-0.6227136968007897,-0.08892202287638623,-0.25497587177279046,-0.5324784300063868,-0.0759853684027173,-0.20523263598343902,-0.4199643499970969,-0.0828712767810486,-0.1693844388052471,-0.32777437147999766,0.11388538582128549,-0.23123085058019918,-0.5485196539511119,0.09683771700632875,-0.2638468872753162,-0.47712825872379955,0.08654496893688672,-0.2223120065925083,-0.3803142309702143,0.08000023224757592,-0.18754802819153285,1,Bright_Up
0.0,0.0,0.0,-0.08539585506808778,-0.28854918049426787,0.0029709759283999527,-0.24223038190243493,-0.563645311208238,-0.03857151284526638,-0.3459928676948766,-0.7926883022122373,-0.0843601567330937,-0.369157692172175,-1.0,-0.1328481163888782,-0.34261758818136484,-0.5329999199639908,-0.13864368307065758,-0.6389003939031696,-0.5145365693393016,-0.21087119371042998,-0.5784746070010274,-0.44012198141157854,-0.23273600180718068,-0.4760789169051219,-0.4335664955731687,-0.23819096335139497,-0.34657155370894566,-0.33201736711397384,-0.17591968141486888,-0.6549943986460613,-0.30562531807313426,-0.23041456377710254,-0.5733266348871597,-0.2578008858096156,-0.21179553086410213,-0.4656806525898183,-0.2634335074602661,-0.19925235108712494,-0.3407653262540744,-0.1176772010077537,-0.20809918853305687,-0.6168860578905355,-0.09209811248022726,-0.2543936904792386,-0.5264435007610421,-0.073713164476799,-0.2011049484422965,-0.41933315303841656,-0.08838682173273993,-0.16443377031924125,-0.32917013858830013,0.09782663733724165,-0.23707029880051014,-0.5493223656777592,0.10644299207736846,-0.2671763220118862,-0.46968245305001366,0.09822868411233883,-0.22200970360794423,-0.37323882861817015,0.07894560608142999,-0.1857044627193905,1,Bright_Up
0.0,0.0,0.0,-0.08917162295373682,-0.28968505412293727,0.0007046050165581647,-0.2559342455977155,-0.5583548077004554,-0.040861701079421164,-0.35889740226848404,-0.7862275790189235,-0.08685832728138158,-0.37635166116037844,-1.0,-0.13506463555521908,-0.35054840841751256,-0.528928491063619,-0.1330057207820157,-0.6407600042933043,-0.5064667895028712,-0.207641351888323,-0.5799672635552137,-0.4336098403286261,-0.2327808372002325,-0.4749531361363463,-0.4321636746918189,-0.2405426057732455,-0.35707192414409306,-0.3258789740132697,-0.16932124310107788,-0.6571131624610802,-0.2992374206656693,-0.22341536120366337,-0.5797595420098878,-0.24432290543714968,-0.20578954079182626,-0.4735853515472372,-0.2518910310426609,-0.19450266992330778,-0.35516794728274326,-0.10688750507240714,-0.20197058312324112,-0.6178694430661724,-0.083283511546258,-0.24760159292534425,-0.5331237601436374,-0.058375756388879214,-0.19488736669457352,-0.4283665483811136,-0.07307373279265318,-0.1590359813978224,-0.3479087559868527,0.1107378269289976,-0.23202847917820293,-0.5594733264351734,0.1228734727464625,-0.2591797447143623,-0.48349855336360614,0.11630923653564243,-0.21372450382327568,-0.38843411143195816,0.09385789162984562,-0.17787641382582717,1,Bright_Up
0.0,0.0,0.0,-0.07722949749775854,-0.2918094674619815,-0.0015010644900123255,-0.23933576862871278,-0.5600934020599767,-0.041203005782703896,-0.33938570363375886,-0.7888130166561399,-0.08514507635743314,-0.35378507104580537,-1.0,-0.130599286577028,-0.34136499450995345,-0.5233366117054475,-0.13094962900685084,-0.6341469911764356,-0.5315376827026498,-0.20282593682145714,-0.5745955837079627,-0.44936854533979287,-0.22627860885829829,-0.46422052905869127,-0.4312900639621382,-0.23228924008396315,-0.35463258748615223,-0.3214760479048912,-0.16278859831282905,-0.6537646483998483,-0.31096118926161387,-0.21625385574682407,-0.573258531303313,-0.2543042362035563,-0.20030874055632447,-0.46479068073071944,-0.2534880313714274,-0.18879675907597238,-0.3560412593528825,-0.10581991665971502,-0.1906739513266765,-0.6262401090952511,-0.09348501237159028,-0.23280331126366072,-0.53776752439443,-0.07133835861278359,-0.1810105084704783,-0.42943321549419883,-0.07981165366650754,-0.14521203734153362,-0.3478511707854283,0.107611454720961,-0.21633587346685762,-0.5645089229905016,0.10542174516416747,-0.24086362606683104,-0.49293596098480147,0.09603223506699166,-0.19679922626713187,-0.39816331714242786,0.07889356927331131,-0.16181230120025003,1,Bright_Up
0.0,0.0,0.0,-0.06989814188057487,-0.28312144657473487,-0.01557607385672271,-0.21747701896931318,-0.5555051668333884,-0.06153681587140654,-0.3131025950833647,-0.7883497321286245,-0.10859970269084114,-0.3124821823373539,-1.0,-0.15760688058099886,-0.32947081830720076,-0.5154780909168617,-0.1345585499544871,-0.5948216154526784,-0.5195066731045126,-0.20154338848083644,-0.5368112332710341,-0.46023213208981256,-0.22769108275400288,-0.4426766807513798,-0.4556738137537339,-0.23851994771402432,-0.3459165498074422,-0.31484647354669093,-0.1601137275304533,-0.6209683567552332,-0.3364411341389882,-0.2187163376303246,-0.5358132131396743,-0.2870100287161811,-0.21237008759855894,-0.42782154383549303,-0.27588418346012655,-0.20422574085124978,-0.3520030864696655,-0.10511000168646921,-0.1813616656485847,-0.6068155303021552,-0.13179710620366542,-0.22708964278653093,-0.5159639326613639,-0.10890548148695758,-0.17964034082306493,-0.40701779109498054,-0.10376521576409761,-0.14331256687000424,-0.34888092372307716,0.10162293782935242,-0.20183888156515759,-0.5442914172578935,0.06479830521396211,-0.2298565063234496,-0.4707085711909476,0.06201378284283262,-0.18797120990916036,-0.3812426505751322,0.06194401384290886,-0.15219978308690726,1,Bright_Up
0.0,0.0,0.0,-0.07555818168759593,-0.2868941888244589,-0.010531182045754388,-0.23136000143644486,-0.5548239977016882,-0.05296972433948752,-0.33060286740857786,-0.7899473429549939,-0.09700374410288992,-0.3499309655933651,-1.0,-0.14142465009324307,-0.3458264661188016,-0.5002074339802376,-0.12881017453265156,-0.6129846583907281,-0.5090266857436626,-0.19484731667359703,-0.549972570518103,-0.4487923940243893,-0.2186459065477947,-0.44818438565520785,-0.4414738491430472,-0.22664689563931892,-0.3623896441774841,-0.291246049776595,-0.15524251738841738,-0.6378805161373241,-0.3069470065244838,-0.20568095792904986,-0.5548392363027421,-0.26241461658262205,-0.19274063914224096,-0.4506368553953626,-0.25976688011733484,-0.1826502931385818,-0.3654563831074083,-0.0786070831852787,-0.1781521298034592,-0.6123331786635015,-0.09789088311118839,-0.2177422663649504,-0.5246981103189664,-0.08068945573859727,-0.16796488874154844,-0.4209676535294963,-0.08401170702572748,-0.13274520363483572,-0.3562261616302893,0.12396495641523841,-0.20016487966926502,-0.5454515492813996,0.0983858423237142,-0.2229305965733861,-0.47441533386002976,0.09259871778394357,-0.17918308318231776,-0.38897249775082976,0.08969605960490205,-0.14408549884315802,1,Bright_Up
0.0,0.0,0.0,-0.08790414815043014,-0.29279537087668767,-0.010715954498517779,-0.2529308683312667,-0.5722101936214293,-0.05072059802345886,-0.35761371119292057,-0.7971278332730032,-0.09189452586477054,-0.367287441948229,-1.0,-0.13177433408934908,-0.35551920233208306,-0.5051428285364408,-0.12528517739962855,-0.6281640862670497,-0.49970661231814295,-0.1909737677957669,-0.5579154263676342,-0.4537345195277301,-0.21645103723011355,-0.4524086190032424,-0.4536283800956555,-0.22465779949126372,-0.3656718842661409,-0.29273568248858217,-0.15021601528500375,-0.6429814879352439,-0.31213416794386983,-0.20304028388563838,-0.5628658320561302,-0.2743314419174221,-0.19587163025350368,-0.4560272275321355,-0.26496277177470906,-0.18782451337112446,-0.37113818535747567,-0.08576812216480156,-0.1710494589295382,-0.6062855242180821,-0.10953156167928467,-0.20665869686285665,-0.5306357872320762,-0.0929249524418327,-0.16285733295912055,-0.4314168386719141,-0.08790631426128881,-0.1312953377832901,-0.3732651858811932,0.10713439899569474,-0.1917403002758772,-0.557131053557813,0.0641871596799162,-0.20651293565299228,-0.49201812216480156,0.06473157554239416,-0.16272115378131846,-0.41043564821589484,0.07020365292935206,-0.12850007701723778,1,Bright_Up
0.0,0.0,0.0,-0.09289645111273033,-0.2656676370716731,-0.014371086001888127,-0.25378011957169166,-0.551033439765575,-0.056402627878885975,-0.35969839929233904,-0.7851201120538053,-0.09690272039202824,-0.3655182454789889,-1.0,-0.13494079497054015,-0.29003370017293834,-0.49076722210501267,-0.1343126380367953,-0.5831992538733629,-0.4820627858105623,-0.19666086480644757,-0.5219615077923365,-0.3995100566897169,-0.2144609241901112,-0.4251634398846568,-0.3921321476372694,-0.2202949394357378,-0.29085514048404315,-0.2966345437669734,-0.15788345041564913,-0.5944987764898211,-0.2799051119605619,-0.21556000222671606,-0.518225931585436,-0.22568016538451427,-0.2035086628813204,-0.40940890674068614,-0.23011091016979504,-0.19269239083628678,-0.29380443923779503,-0.10207362001510317,-0.17773444246884323,-0.552965150125182,-0.08618629933725315,-0.2232872509027165,-0.4844292573851551,-0.06437094770530334,-0.18028622118145124,-0.3868526635808731,-0.08009627208547652,-0.14812084239658524,-0.302296774970516,0.08504401198997286,-0.19668220967229957,-0.48609977399157306,0.08168590288445529,-0.22528456863946872,-0.4292835607010912,0.07192613148572174,-0.19371693035450846,-0.34861120192040884,0.053660992751957605,-0.1673357434047145,1,Bright_Up
0.0,0.0,0.0,-0.09436994053457273,-0.2694701413493041,-0.014251038717376317,-0.25052174769011126,-0.5619750802775006,-0.06764008846765032,-0.3565588659574061,-0.7850574199827536,-0.11799009789817638,-0.36570730243756083,-1.0,-0.16647403755886156,-0.27723267999498613,-0.5119163371884002,-0.17655494828565416,-0.5891539980119176,-0.4895864094670679,-0.2563533982329306,-0.5135155136284675,-0.4155455671452275,-0.27415401779134585,-0.40537523461236763,-0.41865162125968697,-0.2767751197913964,-0.26891800116282283,-0.30108896019420983,-0.20845148963137017,-0.6021016735819923,-0.2787779171308162,-0.2826470976264734,-0.5077988916122139,-0.2363658080992993,-0.26270782006378396,-0.38624743670275763,-0.2491979331686119,-0.2452630582784001,-0.2625989585583263,-0.08756414587170755,-0.23526795471611625,-0.5525316890461666,-0.07355833931150786,-0.2978233103696989,-0.4668876407703713,-0.05636598278238524,-0.2450186347408457,-0.35664927625728743,-0.0766601443779311,-0.20432722787395916,-0.26231049540831347,0.11744652041915443,-0.2595633179660526,-0.4768293509130614,0.11900521287376574,-0.3043581692057005,-0.4086904363134976,0.1034588903422207,-0.26955955755854055,-0.3176944759778889,0.08187089361965308,-0.23826795967333894,1,Bright_Up
0.0,0.0,0.0,-0.09152465028732902,-0.26624037231935993,-0.014898335175856672,-0.24932406651233757,-0.5621217244661151,-0.07375391424554306,-0.3578655986153795,-0.7811972548779365,-0.12918652765644936,-0.37085654580983946,-1.0,-0.18374978116250007,-0.2639264005510697,-0.5133413954933266,-0.19599477455149672,-0.5877995995290052,-0.48641886217420727,-0.283262943233623,-0.5166389379173483,-0.4111978964419247,-0.3035801110035707,-0.4038792431860357,-0.40950546993597386,-0.3061015660128107,-0.2511486648474549,-0.29187013008312834,-0.23005517454493637,-0.598310636600309,-0.2610945949922313,-0.30792568196898945,-0.4999056949175108,-0.22108898010138642,-0.2855224363305392,-0.3752652481188427,-0.23344680493898148,-0.26757396018972507,-0.24170368523037694,-0.06997292407017842,-0.258377978550997,-0.5459593769400678,-0.05438894889146908,-0.3236015804841788,-0.4582071711417765,-0.040658997163129464,-0.2654054256714118,-0.3459846053585547,-0.058436349375488104,-0.22222320980104823,-0.24140485147793672,0.14445271456335781,-0.2840149418501602,-0.47964843258199596,0.1395073656852024,-0.3312105354150322,-0.41237273034679667,0.11577335714998946,-0.292999943000634,-0.3178616720508196,0.09157819434950959,-0.2598251153666882,1,Bright_Up
0.0,0.0,0.0,-0.09761802814451855,-0.2674036454788803,-0.01254944295563661,-0.25888330270858856,-0.5588257395308743,-0.06799291565223518,-0.36562991508249776,-0.778761266881418,-0.12110059618935919,-0.3733579371020674,-1.0,-0.17406195407069397,-0.26444089046171526,-0.5181654832660345,-0.1849468236981307,-0.5756107462607565,-0.4815986872948898,-0.2658005806170545,-0.5025883344297748,-0.4173755727961526,-0.2842040200405532,-0.3967345893259531,-0.4231699351965277,-0.2873572935800175,-0.24689239183037673,-0.30010737564841283,-0.2197090695789135,-0.5826140299139483,-0.26540523909985936,-0.29674648942526044,-0.48224001104003145,-0.23183640715031079,-0.2784376594322928,-0.36142255720399863,-0.24180929857991923,-0.26314351183047496,-0.2353752665487047,-0.08143110188587935,-0.24842815654562705,-0.5324523047956082,-0.0636916712036659,-0.3120801585437971,-0.44332200973942504,-0.0557890219741996,-0.25772197497869875,-0.3331279868578256,-0.07404477262072198,-0.21651119402880234,-0.2335656655021702,0.13013437079382364,-0.27444217587324377,-0.470138747107663,0.1303763440860215,-0.3187457961150658,-0.40561623792023954,0.10138633682682274,-0.2820092466636646,-0.3136885992771048,0.07354310338308909,-0.2504638100342014,1,Bright_Up
0.0,0.0,0.0,-0.08772821179670563,-0.26559178774162895,-0.020626149960132463,-0.24643243238044307,-0.5621844084046189,-0.07875856891741302,-0.35968857782043906,-0.7798849010400937,-0.1316888398861602,-0.3713336071265752,-1.0,-0.183648185797632,-0.2595646495093843,-0.5142116004978292,-0.19867649225979372,-0.5784541470058112,-0.48187915138201465,-0.28523025247654565,-0.5038421623638808,-0.41545006607586316,-0.30469633281209946,-0.39504806129377884,-0.41662514883900764,-0.30751862336507846,-0.2424517703907036,-0.2937767020546035,-0.22958631457631537,-0.5821990470456299,-0.25475226841227494,-0.30928782984878456,-0.47741313957492154,-0.22281656301636796,-0.28696008515168514,-0.3573687090873067,-0.2369211629351918,-0.26975454232933205,-0.23095606099369634,-0.0716110391896233,-0.2555051910654268,-0.5252164297104781,-0.05335529770686939,-0.32582281567180893,-0.42925121716164255,-0.045103749685009534,-0.26787460828016085,-0.3198204025337737,-0.06526506327701656,-0.22381890822706932,-0.2307543228233918,0.14239300423000942,-0.27880883514447163,-0.4646935359146842,0.13427081870591337,-0.33008525587171006,-0.38957131480387874,0.10911606461007546,-0.29204862392292413,-0.295861169513924,0.08526719847958189,-0.2586900813333274,1,Bright_Up
0.0,0.0,0.0,-0.09518786384247939,-0.2651224100471623,-0.01510763107031252,-0.26067917893669046,-0.5603178913979878,-0.07024251275438038,-0.3654859213305374,-0.7818927568377783,-0.12244748423130643,-0.37163765074150057,-1.0,-0.17391776979797335,-0.268336430804636,-0.5286600471623125,-0.18461556372497395,-0.5859641731076406,-0.49456933162751615,-0.27075779904731284,-0.5099369450101062,-0.42916332316403855,-0.29348251790920976,-0.401888858187544,-0.433758667872851,-0.29862726357905844,-0.25318350341037266,-0.31043073461168685,-0.21834793699991586,-0.5887188959628152,-0.2751500791085339,-0.29502952858129167,-0.48844516245637676,-0.24236995351900498,-0.27450049144380934,-0.37157141153849066,-0.25494925130775115,-0.2594275538013951,-0.24370349061674376,-0.08968314950377375,-0.24746238805198364,-0.5362485758571353,-0.07766877748926924,-0.31431193800391294,-0.44166147792909755,-0.06618384596167967,-0.2566576905569611,-0.3318882147210005,-0.08130578287167763,-0.2135371965970301,-0.24472381091167855,0.1221048736913026,-0.27413472684468904,-0.47601336517861875,0.11103417375110713,-0.320869737386185,-0.4031675113742174,0.08844755179905675,-0.2811391381390409,-0.31020031681264526,0.06666029508618666,-0.24721180278131136,1,Bright_Up
0.0,0.0,0.0,-0.09141707586431679,-0.28034017316275517,-0.013792940771852336,-0.25886002634238003,-0.5615313428062266,-0.0643052007627835,-0.36896356659575813,-0.7811988013723962,-0.11238941518900546,-0.37120940830148946,-1.0,-0.15795626713839558,-0.2998414713785509,-0.5106016455886141,-0.16535575668140062,-0.6198108646232262,-0.49548729998119073,-0.2425759088134591,-0.5474782771641998,-0.4274190878228838,-0.26226676743462407,-0.43918956204912624,-0.4228938248041522,-0.2651464829331627,-0.29777268578387367,-0.3030378742746629,-0.19333201648611759,-0.629487427254947,-0.29169125453177935,-0.25805783957982326,-0.5341452944990263,-0.24765124736499883,-0.23774182494850737,-0.4182821471317497,-0.2522530624954063,-0.22112998736203107,-0.29487685559618243,-0.09527943516752349,-0.2163842114065797,-0.5788891818950969,-0.09413984192223761,-0.2690081084162805,-0.4890687811330511,-0.08232122909816211,-0.21495175056380672,-0.38095876588603084,-0.09533814077463693,-0.1747281949154702,-0.29596290932778085,0.1030508834371992,-0.237709668952211,-0.5057252056281301,0.08524288975298325,-0.273564955051639,-0.4373332907521996,0.07133153944652823,-0.23546749634692424,-0.35043678145804535,0.06039679824315252,-0.20291680757751823,1,Bright_Up
0.0,0.0,0.0,-0.09240946151020259,-0.2830139233762312,-0.00790692894282776,-0.261277040373752,-0.5641595196925663,-0.05727066659079609,-0.3748778651207789,-0.7828249509056253,-0.1050582596705569,-0.3859065485452486,-1.0,-0.15030408586733446,-0.311702156305718,-0.507817113116132,-0.16684657005231013,-0.6316277405816698,-0.4951030645276073,-0.24452089715644407,-0.5514253957843271,-0.42041277742408883,-0.26294723071064596,-0.4391932991227446,-0.4171906285041651,-0.2650579341979334,-0.3109578067268429,-0.29811032337853927,-0.19862785978220934,-0.6407273901411187,-0.28169376073488656,-0.2629575688992415,-0.5415954613909528,-0.23292972724492564,-0.23821446687526457,-0.4275937313071125,-0.24408631570039063,-0.21938081169568782,-0.30859420830632583,-0.0857990313838555,-0.2250866953992405,-0.592337815459006,-0.07933213378289226,-0.27802911517489703,-0.5003065393130057,-0.06210847115981974,-0.21829253702876986,-0.3929882077331574,-0.07853344860814322,-0.1747549537462459,-0.3065703275715162,0.11804143738327463,-0.24911293119745445,-0.5286807798167784,0.10176335838220331,-0.28390697644890805,-0.454394884183437,0.09120398063537065,-0.2387912115768227,-0.359940144292262,0.08163995406959187,-0.2014085470120941,1,Bright_Up
0.0,0.0,0.0,-0.09191725294562086,-0.2912678867647204,-0.0035376614585566632,-0.25680894161191575,-0.5674551045781582,-0.050435468021558925,-0.35980354867408954,-0.7887815262215715,-0.09698807639620653,-0.3746984968340702,-1.0,-0.1435799958182397,-0.3105673723275083,-0.5126475389884689,-0.1585430064273054,-0.6143764541680014,-0.5009295419403039,-0.22804486492494613,-0.5401190911124628,-0.4362424275395794,-0.2464942147380294,-0.433966878854234,-0.4351205989214124,-0.2507093673503377,-0.3086353602068817,-0.305415965328367,-0.1914434915056247,-0.6278036921856102,-0.3010194007878126,-0.24738084391973703,-0.5369193938936317,-0.2560013375648909,-0.22638671476030653,-0.4248667945763901,-0.25802621008116844,-0.21156769931968628,-0.3048548165233349,-0.09712282850889185,-0.21785125275873352,-0.5806769241447816,-0.09735920042509426,-0.26032088729210767,-0.494610579613016,-0.08354973401124549,-0.2047228358596423,-0.38994284395748496,-0.09478255894172917,-0.16659952510983211,-0.30089183499176686,0.10188379975359166,-0.2418294161442547,-0.5159342342042357,0.08425603580846934,-0.2690384793657694,-0.4443957344248963,0.07453055083567321,-0.22365315151932863,-0.35330449345826653,0.067232567922924,-0.18821445298122327,1,Bright_Up
0.0,0.0,0.0,-0.09251225811147656,-0.2902617085689153,-0.005805466201825753,-0.2593412720557399,-0.5713901042138693,-0.04966316929247191,-0.36532205061381545,-0.7951524649074169,-0.09362979660925082,-0.3887960397254868,-1.0,-0.13764429184242552,-0.33152455868301034,-0.5140997123896068,-0.15095386954682788,-0.6268850421900731,-0.5056426680520301,-0.21855310536094655,-0.5557580238209247,-0.4336387365123904,-0.23572802010186528,-0.45102381069617603,-0.4342203322541105,-0.2389618975899711,-0.33448153891422616,-0.305915316329805,-0.1817208492285606,-0.6434418479187792,-0.3033601010097406,-0.23694778039402853,-0.5544643598367346,-0.2513104933906223,-0.21607809732683766,-0.4443048931826275,-0.2529798753601077,-0.20051960841961683,-0.3331515995310126,-0.09521780819995285,-0.2067461171253558,-0.6024709850328893,-0.0947770323678844,-0.24870665912501277,-0.515222227851847,-0.07680441565565345,-0.19405347394278777,-0.4091931613855632,-0.08644582203741195,-0.15608585728883534,-0.32880663927814574,0.1064125152743217,-0.22972719195234592,-0.5433517184191728,0.08632878927466091,-0.25519736869798354,-0.4741609738077347,0.07806346934110317,-0.20998066362696818,-0.38233414233419943,0.07019444327490972,-0.17426244878573907,1,Bright_Up
0.0,0.0,0.0,-0.09121247649166034,-0.29206483688432106,-0.003435991573389589,-0.253544010434394,-0.5683267564930929,-0.043771486817005247,-0.3584325354235012,-0.7927369103406334,-0.08597665031455758,-0.3812798308941269,-1.0,-0.1279747334761467,-0.34350247162218156,-0.5134166829338408,-0.12854892222644113,-0.6304713147853551,-0.5185001056674519,-0.1935780922542657,-0.5604669244272551,-0.443824407497337,-0.21526273444482433,-0.4529210587048515,-0.43647939294938376,-0.22146663538828879,-0.356523405637068,-0.31025410709580065,-0.1579356068704106,-0.6509235999418413,-0.3179741165738509,-0.20784431007342707,-0.5641419221798947,-0.26069287013908965,-0.19162926305200398,-0.45580396564847203,-0.2576907760023169,-0.1786777214812899,-0.35983669101247917,-0.10455598679050117,-0.18241438822939127,-0.6166974260547237,-0.11464788070939269,-0.218799377213174,-0.5312954734720142,-0.08538783987028638,-0.167072787653308,-0.4264759703201356,-0.08754625471145196,-0.1308332100100266,-0.3537409479995171,0.09284243547940647,-0.20535354974926637,-0.5529369028929163,0.06842293640716907,-0.22582439490150222,-0.48408631572106353,0.07141506862929035,-0.18030748775342523,-0.3952719329933158,0.07082612972262946,-0.14398043204711006,1,Bright_Up
0.0,0.0,0.0,-0.08783956292379815,-0.29353027972924867,-0.003934179812712657,-0.2437790598019109,-0.567703060516307,-0.043253672519518956,-0.34781719609095846,-0.7904127076213844,-0.08571880075722589,-0.36964619410239596,-1.0,-0.1285341823898129,-0.35271464548090486,-0.5067530814327719,-0.11476359705243452,-0.6289818296452832,-0.5152330597611567,-0.1738145679000368,-0.5632714070128292,-0.441999542115212,-0.19608715678302566,-0.45624970782875107,-0.4319876874540767,-0.20401806292743196,-0.3664787581013843,-0.30438526569903546,-0.1424585546861051,-0.6485832541224614,-0.3162962634443724,-0.18855652524962704,-0.5625336371514772,-0.260838025054209,-0.17671371577884357,-0.4514545033927824,-0.256934976764145,-0.16612544470145985,-0.3689665588280067,-0.09985580225130683,-0.1653577984570141,-0.6152784886445771,-0.11388002219902166,-0.1972856732123394,-0.5340835292129296,-0.08812028705300795,-0.14990613466910824,-0.4283131020975199,-0.09268043597344268,-0.11642001325292572,-0.36085432671158413,0.09836635817378286,-0.18706783032915156,-0.5522893640076186,0.06802897379868172,-0.20322188878257977,-0.4892480980400853,0.06575465286459675,-0.15935496784202208,-0.40154326351988745,0.062059450706065535,-0.12418561789458293,1,Bright_Up
0.0,0.0,0.0,-0.08296654116914957,-0.29353911336635513,-0.009049498999866538,-0.23519194020527337,-0.5653263296776811,-0.04650655677001954,-0.3433341425592393,-0.7887501081019396,-0.08521747791885667,-0.36525995568237396,-1.0,-0.12286831139374498,-0.3595658721402421,-0.505165426343329,-0.10441823620482567,-0.6255077217543032,-0.5111898312942667,-0.15512590038814558,-0.5616451459429789,-0.4381791511799967,-0.17353332295916352,-0.4588547936628797,-0.4269015280075151,-0.1806098158916195,-0.37801908168980664,-0.30285839396373065,-0.12604677643911683,-0.6469001128548513,-0.31116919960728323,-0.1647144084193752,-0.5625023377416689,-0.2563987414194458,-0.15370873756434902,-0.45454882240953803,-0.25171587260481243,-0.14443877289313495,-0.3832844502119989,-0.0984491213307581,-0.14350576083598662,-0.6123927825308219,-0.11072449860354927,-0.16936702060298198,-0.5336556180726907,-0.08826073687523332,-0.12769260613430866,-0.4333877635036893,-0.09446739633589815,-0.09958205173991419,-0.3759009983973515,0.09932013111842088,-0.160307705813231,-0.5373880236630679,0.07597535347249637,-0.17577821012456268,-0.47423838461038154,0.06859440319033541,-0.13966565533802322,-0.39434205764626756,0.05694321783321068,-0.11011889371477164,1,Bright_Up
0.0,0.0,0.0,-0.07463837905851477,-0.2969817859659293,-0.005831917627456275,-0.22997924775899428,-0.5644956790680156,-0.0380246201747601,-0.3518167976924164,-0.789192340913552,-0.07179663702805868,-0.3814964087482536,-1.0,-0.1051616788580755,-0.37853729736664044,-0.4990185728457674,-0.08943207819523841,-0.6430226316619492,-0.5265187886632866,-0.13284781875557303,-0.5930379679683397,-0.44784305460641394,-0.14946835995357005,-0.4958279700469397,-0.42431581023683984,-0.1555237745378187,-0.39967222262143776,-0.29493790966143896,-0.10844729712824625,-0.6637929579346336,-0.3165864564981811,-0.1362289799840401,-0.5943913487799196,-0.2674225022196651,-0.12585775757432055,-0.4930835910684824,-0.25876761685855537,-0.11904898612338541,-0.40543864971056337,-0.08855463028650438,-0.12317884726229424,-0.6361333506308865,-0.1123734091596331,-0.14128670574483906,-0.5637503249319632,-0.0961817902099386,-0.1025433315838146,-0.46610989765667993,-0.0992630374278217,-0.07822076499265593,-0.39645123657410064,0.10655308797493719,-0.13674202886586423,-0.5617368318759823,0.07252915465603993,-0.1484808139506793,-0.5017983989474857,0.06322802242187285,-0.11366485143589158,-0.4248785031764963,0.05156374863697371,-0.08571101190960019,1,Bright_Up
0.0,0.0,0.0,-0.07953081587304742,-0.29661552173647704,-0.006204984865875107,-0.2285907776385339,-0.5584583098566229,-0.038411788324887494,-0.3471563257966588,-0.7880633760006283,-0.07143386601257462,-0.37267828935323494,-1.0,-0.10349033832282958,-0.38072624760088125,-0.49515847548274505,-0.08554915682574164,-0.6336348760074879,-0.5225078377914246,-0.12134838299315506,-0.5804743785708846,-0.4515331888539912,-0.13378609431311625,-0.48870019211873234,-0.43129993088267227,-0.13839221602205992,-0.40924022032390056,-0.29388276168430555,-0.10210245522667608,-0.6565105353068436,-0.32599984766749124,-0.12272379593488977,-0.589159342169565,-0.2832258726831384,-0.11153113380839419,-0.4935981317032809,-0.27216970219940706,-0.10497991933510276,-0.42089838806659297,-0.0915814054045871,-0.11365905810765282,-0.6291441420344527,-0.13138040218620803,-0.12149905232185598,-0.5643798813225679,-0.1155936449905076,-0.08325117421435559,-0.47606238915089766,-0.10933476582661439,-0.06151464171501909,-0.4175158494406038,0.09497009410080533,-0.12460251672737836,-0.5642528587182213,0.042698991435790666,-0.1253985073073631,-0.510392081169573,0.031044608351700753,-0.08894687843760882,-0.44474670462679244,0.021299348991412136,-0.061496550012031526,1,Bright_Up
0.0,0.0,0.0,-0.08059699723897665,-0.30437782175402006,-0.0041676641774568285,-0.22407612366540663,-0.5657346336607851,-0.036036811444873196,-0.34169690362488003,-0.7927305691500077,-0.06878877704465516,-0.3678116816172724,-1.0,-0.1005690668336087,-0.3809835405088341,-0.4931877377383308,-0.08754304300348865,-0.62588015025655,-0.5228714642903696,-0.12182161455902314,-0.5641910675561981,-0.4626937160056405,-0.1324728842742704,-0.4739270521039472,-0.4473929066584508,-0.13636803056110872,-0.41318240528978895,-0.2900567609522568,-0.10457359497116217,-0.6464312884380665,-0.32695659386886916,-0.12139166367679916,-0.5741680787780398,-0.2878048086835962,-0.10778729136524197,-0.48317659884582115,-0.27638791785659267,-0.10110862175190373,-0.42634976122480417,-0.08651411913875032,-0.11617761030491419,-0.6241338326085153,-0.13206650155825997,-0.12145085385561394,-0.5574715898991575,-0.11626539003898613,-0.08128884370026193,-0.4725235516477266,-0.10813305051606252,-0.0594430795900106,-0.4233385867826375,0.10114114398796052,-0.12691060720024416,-0.5652846935027077,0.0485752882484684,-0.1259628385337118,-0.5129890151560037,0.03503086895211461,-0.08802071930016239,-0.45290405147590324,0.024127078173695624,-0.05985446688574819,1,Bright_Up
0.0,0.0,0.0,-0.07776127412163128,-0.3096885933289737,-0.0058019618596188765,-0.20966821584994322,-0.5730046532967098,-0.036287518771361646,-0.33015682517439987,-0.7960645365057388,-0.06677163475393806,-0.3569244756989583,-1.0,-0.09495081780619707,-0.39514146783459236,-0.4901542773908877,-0.0767959147237382,-0.6235223633852859,-0.5330264818629661,-0.10344216240612922,-0.5608092948123152,-0.4801733833726955,-0.11092399418345485,-0.4717691698559856,-0.4572447684833433,-0.11241066267874684,-0.4322411706969457,-0.2827438670612538,-0.0886318836800497,-0.6397714274220525,-0.33399478326958687,-0.09174780016734586,-0.5729009700015253,-0.3066803410485997,-0.07706720787233169,-0.49011021797676774,-0.294039359902916,-0.07316641572477288,-0.44463288091817904,-0.07836924614581894,-0.0952401597501128,-0.6186166828577032,-0.1419577561210858,-0.08907436351628278,-0.5601576225540141,-0.13657987361173934,-0.05278602958112339,-0.48191384995710196,-0.12433159593973343,-0.036800910468652394,-0.4402130512126037,0.10566189811308375,-0.10125858742047845,-0.5698338122000997,0.02984474563949486,-0.0903877575901479,-0.5224580890809517,0.008529567338947875,-0.05234040691983421,-0.4675325219536806,0.000924289883168322,-0.025611704977221116,1,Bright_Up
0.0,0.0,0.0,-0.06930908317849924,-0.32434982903717796,-0.007113991000575783,-0.1954103372265112,-0.5930873206621882,-0.03576646374037465,-0.3195227566450404,-0.8021239407110842,-0.06400156509638952,-0.34466215543500167,-1.0,-0.09009060536704418,-0.41359463461957463,-0.5003958430229901,-0.06772833036147688,-0.6027334091030428,-0.5457121735437378,-0.09257358994888629,-0.5304057222644145,-0.5124591952217947,-0.10458637957443224,-0.44418481107513946,-0.488658592366819,-0.10897366730180752,-0.45719869155363335,-0.28420350660163235,-0.07893433581237479,-0.6218173234951352,-0.35854215295316694,-0.07508516222486823,-0.5509221026142473,-0.3449182750094151,-0.06313312584578817,-0.47312800639890107,-0.3235295249354651,-0.06267649575772632,-0.468082571026888,-0.07717616265059951,-0.08526425443849649,-0.6078509908340456,-0.16784874467740238,-0.07416777617883982,-0.546593441318797,-0.16615595060764068,-0.04003928300244245,-0.4698660290211134,-0.14602567352233434,-0.026637076625497927,-0.4591818747183286,0.10475266544723287,-0.09161367512728259,-0.5749500867439723,0.009816714579865297,-0.07614037036230416,-0.5181298990383852,-0.0019205360763058371,-0.03397222512615229,-0.4573922842835891,0.00866838503261256,-0.004297676149115517,1,Bright_Up
0.0,0.0,0.0,-0.06866109655259901,-0.32276360668748155,-0.005238198217163438,-0.19956658132238328,-0.5882900030125727,-0.030167339634221767,-0.32512110614218437,-0.8032025488133545,-0.055251315697527364,-0.35204397448415364,-1.0,-0.07793612978045697,-0.4285854214890328,-0.5022923982587759,-0.04816041056752923,-0.6008777074631773,-0.5509493904497381,-0.06631685787939932,-0.5281252695129786,-0.5160572995641683,-0.08100854040726561,-0.4477052246516847,-0.4912022602179612,-0.08895464904001867,-0.4762380634866863,-0.29170400528836726,-0.057680881877491916,-0.6257202043771416,-0.36997953313961446,-0.04615430825616204,-0.555206889211621,-0.3533852980237188,-0.03641690139566662,-0.48066279467847295,-0.3279296553506852,-0.03836418492582854,-0.49170945228751267,-0.09019466093744288,-0.06283390656864347,-0.6163527992678086,-0.18758557223712316,-0.04344433659250277,-0.5554613214085462,-0.1814737047310771,-0.011901872082807949,-0.4811303287717901,-0.15610072265911032,-0.0016794182680376338,-0.4887248312206701,0.08570685922923528,-0.06857413732789544,-0.5913871476143936,-0.015313473606302848,-0.046067045030406144,-0.5321977375363461,-0.01881794862667534,-0.003885759133666436,-0.47187891129776904,-0.003145164199550336,0.025110931321614297,1,Bright_Up
0.0,0.0,0.0,-0.06998358807691195,-0.32854639984583484,-0.0077798751183409945,-0.19753590690462894,-0.5924674813949987,-0.03557680176569942,-0.32571170228467505,-0.799046127457927,-0.06335292121625549,-0.35269428662072766,-1.0,-0.08879082737702762,-0.42372734043977284,-0.5117577919858624,-0.061234655492412214,-0.6061936499047991,-0.5513008667868671,-0.08593472309291257,-0.5304206542115192,-0.5126060927609543,-0.10065971366598632,-0.44352878902367443,-0.48903828680509825,-0.10761393355780591,-0.46953300797157554,-0.2954486947200877,-0.07226024791159441,-0.6282976466763527,-0.3631075463954327,-0.0677029833800305,-0.5549783487163444,-0.34390383113224615,-0.055798830396095754,-0.47605928494619176,-0.3228527325337077,-0.05516350889255373,-0.4795423441835743,-0.087300447049605,-0.0791630043252141,-0.6170254210734585,-0.17551465623469198,-0.0683163848283202,-0.5559623530980876,-0.16569103905076615,-0.03487316109659115,-0.4783487163444023,-0.14245029472322593,-0.02137806299097427,-0.46855881053520915,0.0949908084404456,-0.08635978521991153,-0.5821855121015255,0.00918199778264965,-0.07190015679771665,-0.5270828603525303,0.005076320100658487,-0.031137274210389473,-0.4665330633808169,0.020086340347097217,-0.0016854064962220298,1,Bright_Up
0.0,0.0,0.0,-0.04466172480324943,-0.3461821622255705,-0.002870972816288091,-0.15093041961539633,-0.6076891946774495,-0.021297306839715723,-0.2780099232284773,-0.8138664199972988,-0.03711472366976646,-0.31178910536695387,-1.0,-0.04871404198455921,-0.4123337002828046,-0.5217510518511838,-0.03801396452455642,-0.5355980168895911,-0.606674226353529,-0.03410026954688645,-0.45567699778558907,-0.5786398944682427,-0.0322065633400349,-0.3781810117202334,-0.5353452943348167,-0.03072496686754759,-0.46991222239200997,-0.31888524764771314,-0.04012955636671554,-0.5485744264925204,-0.4348938961086004,-0.006399281968583836,-0.46852218836862136,-0.4253744000088279,0.0096874982766506,-0.40242714405761354,-0.3867317180359943,0.008278710780875635,-0.48023714419435,-0.12908833007124929,-0.035616698581985254,-0.5488582146105062,-0.2631908099667922,0.0010418435462544084,-0.4832585400912488,-0.2613367116033837,0.02850155750704505,-0.41341031995611,-0.2211227598310513,0.031734971749778164,-0.46867235858152,0.031843761567124526,-0.030959169279002937,-0.51895802982438,-0.09313983605538834,-0.0018741069391735035,-0.45306916969545913,-0.09545332093269615,0.034828847713740195,-0.3926780746451509,-0.06438847738678881,0.05936716051901333,1,Bright_Up
0.0,0.0,0.0,-0.023032910178948422,-0.34251635754036547,-0.01206607136967959,-0.1298383454707708,-0.6066179242272244,-0.03167660354221867,-0.2599189981104376,-0.8113221998889626,-0.04739139614197468,-0.2981818532162905,-1.0,-0.059480820523952906,-0.4215843661295043,-0.5213125533659861,-0.027944296361279528,-0.48704740525392276,-0.6246165778086616,-0.01961274816660041,-0.4016960297512739,-0.5917220548900405,-0.0204086484093893,-0.3356705778640599,-0.5372106494723315,-0.02373081653467608,-0.4826991236236242,-0.32253637317230904,-0.026191462695155203,-0.50098127177543,-0.447886496192574,0.008844776874014944,-0.41399817667468336,-0.43009642910046475,0.018504643228725182,-0.36201148670863287,-0.3750613897014636,0.011419614201843778,-0.4897531284962624,-0.13293173609714445,-0.019469023178613404,-0.5083859717155758,-0.27363657055871554,0.015054651711583635,-0.43493799610044426,-0.26319134920051884,0.03500742149659022,-0.37797858977709425,-0.21289815993477457,0.03304000801723028,-0.4773403054852707,0.027412022144851996,-0.013267758216567232,-0.49836201798998253,-0.11228480485963165,0.013957815102727861,-0.42542105687835624,-0.11336483005379652,0.046459908908540105,-0.3724573102218219,-0.07725046396042155,0.06743493558400626,1,Bright_Up
0.0,0.0,0.0,-0.013753770602320298,-0.33891423863520975,-0.0026304750563344898,-0.12059830045378764,-0.6132589485806506,-0.008146449879658,-0.2518581641330989,-0.8118383083115397,-0.014471092454586313,-0.2891689640429167,-1.0,-0.01990776763340795,-0.4247947236030793,-0.5524951190230621,0.016130450151714004,-0.4636232301310863,-0.6053461234065372,0.028963204116178573,-0.38431672838214637,-0.5561960809092766,0.021376274891143222,-0.3173725407952802,-0.5096290654216866,0.012583698532220482,-0.48420520534277967,-0.35857607501350397,0.014089138937588045,-0.47959443083051473,-0.41177177803276405,0.05099858532902113,-0.39403737742853345,-0.37989157974007953,0.04976317447750486,-0.3338836546218014,-0.3388208110449114,0.036665725013840696,-0.4937097416210818,-0.16487437308242944,0.01512847478051758,-0.48817218999926487,-0.24238190199396606,0.04604763373828118,-0.4127865737668603,-0.2204748531035539,0.054177785624498175,-0.3487088921675963,-0.1823096824666654,0.04750911477211155,-0.48516369866061715,0.009912175606498725,0.01591008185677244,-0.48407883223379716,-0.07459529257710419,0.038808094186325484,-0.4067554540199802,-0.06331956587640858,0.06364769376550794,-0.34822675662924074,-0.04074918109487793,0.0820018512072245,1,Bright_Up
0.0,0.0,0.0,-0.0012372332022086113,-0.33088905141650427,-0.010234174861993722,-0.11071512922599366,-0.6079985253430612,-0.020571640521453657,-0.23637282026651,-0.8068291204058383,-0.031801277776686405,-0.2817790555050551,-1.0,-0.043795211842105206,-0.4077229202970749,-0.5707887429889291,0.012281476544264341,-0.41306520246265727,-0.5875451030672071,0.0044689867198996055,-0.3360451407771422,-0.5282913826843917,-0.023313001240428302,-0.27272792678715324,-0.4806987154805238,-0.04400948940037698,-0.47391774966954187,-0.38724704572428875,0.009589271896477618,-0.4412099629648742,-0.37834502010534965,0.03360101885140035,-0.3602591367203471,-0.3383786911079973,0.021573497436746865,-0.3067082997582595,-0.30791898715083577,0.0013401551328965204,-0.4924067820326052,-0.19527469703044184,0.007339585275032275,-0.4611022018632677,-0.20978012130690726,0.024665268269873458,-0.3875910248369541,-0.1874625381565002,0.02590623060012913,-0.32894475692969677,-0.16396775999015573,0.016430998848388518,-0.49141577982161216,-0.016509012674507686,0.003787689659233995,-0.4677351809878415,-0.04544096807357804,0.0151109698939188,-0.3883035441384868,-0.030538100927664406,0.034973640334452716,-0.333352601787054,-0.015372504693894564,0.051772257403209836,1,Bright_Up
0.0,0.0,0.0,0.003395884634870696,-0.334033989012209,-0.017730271254353044,-0.09451631639240048,-0.6131238306092984,-0.03141095444989186,-0.2126045327419506,-0.8116866499007123,-0.04548499729579846,-0.264467806227371,-1.0,-0.06074053891269352,-0.39249592080917695,-0.5757765174602225,0.014933531298840867,-0.3714819374493578,-0.5791288841326833,0.0028611087533188524,-0.2916398285293377,-0.5206333248193077,-0.03281193612610981,-0.23682475143454737,-0.4763530562838083,-0.06045664061441893,-0.45685997625798436,-0.40127196080811867,0.013618085560856584,-0.41578050330996136,-0.39540667906763755,0.03130407002772569,-0.3375196294445501,-0.3555019438435312,0.012465400440760607,-0.28202878762665645,-0.32145977048725527,-0.012958727962140064,-0.4777237484691444,-0.21422483505826834,0.01107443573871153,-0.442229410378589,-0.23202096181125717,0.02167831515488839,-0.3709335122185334,-0.2036999169449797,0.020153123385321936,-0.3099458077737422,-0.1779281345357808,0.009598365873713644,-0.4801089531531607,-0.0399964691107772,0.006240844385792475,-0.4537458457036026,-0.05874282046343168,0.01052661900212353,-0.3784415970399873,-0.038819753297660145,0.025546113148463064,-0.32369476402261255,-0.02644186012585098,0.038974350436705524,1,Bright_Up
0.0,0.0,0.0,0.00531121442188702,-0.3379444128566173,-0.015069506096902488,-0.09300967578501944,-0.6252692707423635,-0.021728104899599962,-0.21213567157578664,-0.8210488892852852,-0.028603034833463725,-0.26876087767087464,-1.0,-0.036723794864456955,-0.38189831692624426,-0.5870304097870237,0.01900535051139483,-0.33966848885073575,-0.5892958144270897,0.01015840433426516,-0.2567032466092635,-0.5324843020886367,-0.02357462049903163,-0.2079616189318855,-0.4861829889021434,-0.05082856100304948,-0.45106351878484724,-0.4166860529213785,0.01840539663891303,-0.38832340484569655,-0.407566461407727,0.03723571527028061,-0.30938678736932856,-0.3665610022879497,0.015807263982736,-0.26020615083125537,-0.3273650921063878,-0.012040466702856112,-0.47521730566982917,-0.23576807350177698,0.017152987679985878,-0.42618519385635345,-0.23839172126405814,0.026626132529993247,-0.3533216148688238,-0.21133272139660314,0.022033980541136935,-0.29754519227076837,-0.18268962296521746,0.009255861529662504,-0.47967948884701955,-0.06358146500626183,0.014059872610796147,-0.4456684417786796,-0.06820939137070112,0.014141809344094548,-0.3677965198885631,-0.04876169523816602,0.026259926643013253,-0.31421464609865557,-0.03262341240200031,0.03804945021496475,1,Bright_Up
0.0,0.0,0.0,0.021079850894838298,-0.33491309401203845,-0.022115323756093052,-0.0835572916575597,-0.6241344434372321,-0.029083423308492805,-0.2013716515847107,-0.8204977882268071,-0.03306714262699339,-0.24938645119373803,-1.0,-0.03771181247091657,-0.37130187750306054,-0.5934316493515804,0.006670052250345558,-0.30607473892483517,-0.6037142902105213,-0.002729315189812046,-0.2240951263554589,-0.5442830490172104,-0.037978573500244764,-0.18326905798120524,-0.4913166451388575,-0.06720776151882621,-0.44034994201105127,-0.42353264729105555,0.010943435297889001,-0.36408966592720243,-0.4292825831572516,0.03528394292662684,-0.2898033621350524,-0.38948615271863635,0.018800632250365542,-0.2490774598967015,-0.34066078176047104,-0.008699509271770052,-0.46214332050490725,-0.24241204051907542,0.014215720967337257,-0.40877375417431755,-0.2622883990379055,0.027022914160461313,-0.34198891977691676,-0.23962162679296758,0.02628186663375305,-0.29340409741943557,-0.2018997094682477,0.013933245555813056,-0.4624996471704066,-0.07091237861100794,0.015086696820928837,-0.43092295975194767,-0.09470370931937236,0.015999843421749798,-0.35965238104397096,-0.07787854618720476,0.029819404829898328,-0.30977813825374706,-0.05090138281723627,0.041077877111480574,1,Bright_Up
0.0,0.0,0.0,0.01277131303127837,-0.33500173717774334,-0.019870214473590542,-0.09977895559447648,-0.6224842762489595,-0.028504162578716796,-0.22460893123323317,-0.8154195156891094,-0.03498729654415868,-0.27344018250045593,-1.0,-0.04206167510193436,-0.3922593193727413,-0.5875713338162789,0.008347431689411749,-0.3342452242895147,-0.6089615446923361,-0.0024098590542996423,-0.24545761133475363,-0.5470841395162597,-0.03560267966062498,-0.20140207055285045,-0.48933418714855265,-0.06269877596497037,-0.4638016224526912,-0.4155940485615047,0.01084222178796984,-0.38233040611242036,-0.4303052949788941,0.031444049163000025,-0.29854622166388006,-0.3842787451972894,0.013875089041226921,-0.25965712900047583,-0.331434154850292,-0.012903212548494488,-0.486315012985531,-0.23119364997855274,0.01255886188594208,-0.4239223130037688,-0.25999488525966474,0.021476136166821817,-0.347547369933274,-0.23345223576303878,0.018941306564981934,-0.3003088712216384,-0.19180378144368132,0.006483569479064487,-0.4875860565250128,-0.058614975185358395,0.01248182755719571,-0.44546076983974153,-0.0913210396168224,0.012144398650621741,-0.36476402401686436,-0.07405242303181837,0.0257575501734669,-0.3138035837824014,-0.043573359334961495,0.03753159988056651,1,Bright_Up
0.0,0.0,0.0,-0.004891881674425289,-0.3486960309897547,-0.0135845690042944,-0.11414276094240514,-0.6297714471246425,-0.024995163663340786,-0.2468845527020533,-0.8184022671151794,-0.035587519774599986,-0.3006669835104726,-1.0,-0.04589503471878731,-0.43165512670097705,-0.556439189897843,-0.0025153195158687967,-0.4231759003564097,-0.6238024902443722,-0.0005810285387397372,-0.3304053020526248,-0.5714593299096943,-0.01585335225341051,-0.2681933113550462,-0.5161660349604293,-0.03139036993565932,-0.4940632734790903,-0.3585056842994031,-0.003260883412259023,-0.44614769271575383,-0.4173200139171748,0.023600800481441156,-0.3524107119976984,-0.3758693941300062,0.01537172886571475,-0.30569069263834814,-0.32118556999258435,-0.0044268307484627515,-0.500876295918025,-0.16207723080979305,-0.0017286360347485883,-0.46190622497689054,-0.2343186753005283,0.016756596160512373,-0.38203596009881513,-0.2133176901611016,0.018069033895817113,-0.33048112265210416,-0.1688157535656156,0.006413072829760991,-0.48996882901556593,0.01603988744735818,-0.0006192427524404932,-0.4621381778909774,-0.058583697620052146,0.011035226477894232,-0.3821284242445217,-0.05489041545725765,0.030286036645436623,-0.33190137193015734,-0.02907469015925232,0.04454392742005104,1,Bright_Up
0.0,0.0,0.0,-0.06675199764277884,-0.3458533823489085,0.0012152601844494626,-0.20880522115885594,-0.6177209908286676,-0.019672863958359346,-0.33904948712695926,-0.81905155184623,-0.043567822440833695,-0.38903478137902814,-1.0,-0.06606005134695726,-0.432915173912272,-0.544162678371044,-0.049313801077441495,-0.6243670748251038,-0.5863985542663606,-0.07775898042842065,-0.5542238833175522,-0.5420337054667207,-0.09585505688379234,-0.4611889234263371,-0.5211394454400621,-0.10369299201396912,-0.4748112314276082,-0.3256839248162588,-0.06637491767520352,-0.648601717265731,-0.39364114856461685,-0.06769947675816707,-0.5753294544570783,-0.36857335963699656,-0.05947268028437422,-0.4878590205380422,-0.3511358913269424,-0.05929478979837479,-0.48541899552482853,-0.10993447204751865,-0.07907405437117954,-0.6320102999381122,-0.1988725234794606,-0.07540958933241497,-0.5638847800616943,-0.18399525329642646,-0.041511777578624134,-0.4767151821926566,-0.16086797787094106,-0.025964242357416886,-0.47605006299006836,0.0810509851238052,-0.09095275164354558,-0.5839614865333524,-0.0033143045794290513,-0.08325931997795698,-0.5164134428279772,-0.0034003345490443413,-0.040571727932610574,-0.44381893487369994,0.01302628161803016,-0.007848360736066508,1,Bright_Up
0.0,0.0,0.0,-0.0714075156394884,-0.3162528066782978,0.013122034170746007,-0.2245866296104241,-0.5912337123253729,-0.006441242974207592,-0.3370816165445224,-0.8071084635878991,-0.03178123341425899,-0.3514025089596579,-1.0,-0.05776949988649107,-0.3603662539561711,-0.5604145326545366,-0.07509247639596672,-0.6196767626195153,-0.6281370297616463,-0.11254751845463173,-0.5817700656743563,-0.5274197462430743,-0.12399415197333143,-0.4899192034270213,-0.48260280936044775,-0.1260583377364797,-0.394002712803051,-0.36363949861677697,-0.10145558329624439,-0.6522148172178698,-0.42243580082610216,-0.11911647078133292,-0.5979679521402279,-0.351712105692033,-0.1008991649115117,-0.5057178327206963,-0.3304595161401564,-0.09089575155644869,-0.4120870447050529,-0.16010161516513102,-0.12190661713731296,-0.6376372047399975,-0.23645041726589303,-0.13261118918113673,-0.5715030512648253,-0.19675715303836497,-0.08700320965743547,-0.47499240057525727,-0.17215698495697065,-0.05969003896030639,-0.41581702117876657,0.03667086444414359,-0.13984763761872054,-0.586598190953747,-0.040751308505991415,-0.14175681746836688,-0.5284568442079611,-0.03786301621806645,-0.09554833172080063,-0.4490251023687215,-0.02545002643833482,-0.06069971274063065,1,Bright_Up
0.0,0.0,0.0,-0.07334655841722305,-0.3081667161986557,0.015678041872518277,-0.2234236048482613,-0.5885897818888616,-0.01616377937398227,-0.3214067838361494,-0.8054777328236804,-0.05485508745869456,-0.32197882051533644,-1.0,-0.09346213303309053,-0.3077313312991397,-0.5737964561467229,-0.11257251196693438,-0.6047801922731638,-0.6142990675570952,-0.17593804815692352,-0.5389322718332684,-0.5277702359580664,-0.19382111366218704,-0.4326914210166841,-0.5087168166711061,-0.19740658536897546,-0.3260146715720888,-0.38102317763164484,-0.15028947877519316,-0.6261012091370722,-0.41623361495073213,-0.19881134383053328,-0.5423303289634731,-0.34795601559371475,-0.17785395041699495,-0.43253524755420286,-0.33828070998305465,-0.16205625335909235,-0.3395873784100976,-0.17883787935959633,-0.1823429902764183,-0.6018619575572929,-0.2189734317602881,-0.2166839421177111,-0.5159269960984889,-0.1758533736678699,-0.16026589349998754,-0.40940513579513743,-0.16708967927159465,-0.1210400258318243,-0.3470438906508349,0.018680709263834774,-0.21168679266869778,-0.5523061657437106,-0.015573679326049862,-0.22788303066061527,-0.4888717417733445,-0.01413035911933579,-0.18076131656439343,-0.40236243185712595,-0.017616006957938735,-0.14400821679087064,1,Bright_Up
0.0,0.0,0.0,-0.07712454928592626,-0.2774827006035843,0.011661691470078542,-0.22520483529751906,-0.5611000798580641,-0.024416768122632597,-0.31529186402986464,-0.7872667781537885,-0.06512613571554242,-0.29806341010491083,-1.0,-0.10691953752260178,-0.25289227567462236,-0.5889946162673552,-0.12430506474503132,-0.5594573217872413,-0.5918554963872823,-0.18988765606915953,-0.5091408826162878,-0.49625915279127497,-0.20669753974640048,-0.41285956825699266,-0.4781447456068512,-0.21192282991647143,-0.24814333185164997,-0.4027314769411432,-0.1649555736332211,-0.5706135060746895,-0.38369952989455425,-0.22284961331771172,-0.49650496788483117,-0.32293913338079816,-0.20404227503665973,-0.3911605911279856,-0.3252171897348636,-0.19266829602901397,-0.25069420474996273,-0.19954708887425604,-0.2003373926139673,-0.5322452088345689,-0.19772805718194011,-0.25085271275310117,-0.451865456356358,-0.1595760262780156,-0.19943316242914746,-0.3501667849041512,-0.16514316500306314,-0.16375525088946616,-0.2615189844397772,0.001988427585802841,-0.2321264902687894,-0.48681093762537525,-0.007322487750639055,-0.26693457618434874,-0.42052670659994423,-0.0008227800540793206,-0.22971503464860302,-0.33365259576917833,-0.013427108182840578,-0.19969656985938627,1,Bright_Up
0.0,0.0,0.0,-0.10417072879581532,-0.2504656397604179,-0.01358768924563179,-0.22669697306319625,-0.5522903158064275,-0.05009217366628219,-0.2759207859569315,-0.7936052571136782,-0.08684232485516867,-0.24769989624254024,-1.0,-0.12353836152476913,-0.17638509217375634,-0.5989040084248882,-0.1467458394157816,-0.48376455990083617,-0.6143894273556659,-0.2300414321707299,-0.44023148245250837,-0.49266719335165077,-0.2502309261258933,-0.34200007198545995,-0.45614777838110915,-0.2532768756361203,-0.146329350051568,-0.4089276471034527,-0.1804045282550057,-0.48625893377104634,-0.3989923589246822,-0.25251105909702065,-0.4187790385590893,-0.3192480057049772,-0.2320095418351404,-0.31247438107393505,-0.3099952846934313,-0.21813143134470966,-0.13724752977233173,-0.20009886348423608,-0.21352617448997194,-0.43510653200724725,-0.19780257909920296,-0.28535157686409385,-0.3690808466629431,-0.1353256733553588,-0.23434016820445014,-0.2659417368330696,-0.13417856692485625,-0.1945608541326651,-0.14520477144486987,0.00425775869904148,-0.2445455960634964,-0.39015549636175645,-0.007898980059250766,-0.2956205098816233,-0.3380183438631489,0.016278035811989514,-0.2630853962546463,-0.24521096012290353,0.01703129373666942,-0.23277971181145513,1,Bright_Up
0.0,0.0,0.0,-0.13356422165971948,-0.2825641219725591,-0.016363901373567913,-0.22146751868268488,-0.5815808305795683,-0.04897922355603895,-0.2505180392945513,-0.8113406884152883,-0.08413640213235293,-0.20694386623417776,-1.0,-0.11724457513138055,-0.1386836397043818,-0.6148337957778653,-0.09824991952578353,-0.41484329450481333,-0.6147964440130439,-0.18144057097271915,-0.3698638540540393,-0.49722050923565675,-0.21094869708415062,-0.27643101166141887,-0.48015891568074087,-0.22133063248439702,-0.0953041410739053,-0.42866864210503663,-0.13128591673256412,-0.4131585072849546,-0.41315776519691183,-0.207565053891955,-0.3474062909771741,-0.33803421372185105,-0.20031789936671449,-0.2428297598083632,-0.3396707652189271,-0.192873720466108,-0.077523216842826,-0.23605424861483082,-0.16785306259021632,-0.3682443705819479,-0.22521704220032074,-0.24446227432698187,-0.3075801572583508,-0.16717957318558854,-0.2046414434456311,-0.20656663814574955,-0.18233350574512194,-0.16890208133956544,-0.07647340962493139,-0.05183064462467289,-0.2041953093903945,-0.3152543370717255,-0.04564830914002632,-0.25067815837523044,-0.27285291048167204,-0.026348083322634896,-0.223253475364322,-0.18611394959787486,-0.03795310349877197,-0.19574638966032656,1,Bright_Up
0.0,0.0,0.0,-0.12945660870541129,-0.2954087155481701,-0.010985019886028315,-0.210238298234372,-0.5952305960125842,-0.03690873549840246,-0.23653378297655123,-0.816588920385636,-0.06767022621093491,-0.20927597305036946,-1.0,-0.09581846411274471,-0.08559014767268001,-0.6549755357162251,-0.06575488118579181,-0.346882138810147,-0.6651463603155467,-0.13536086807934367,-0.33588113055220675,-0.540093413197499,-0.16514693117601698,-0.26053987053750827,-0.5163172156875523,-0.17994183236854897,-0.044056527610338174,-0.49292952331302337,-0.09799062528739236,-0.3458695817449198,-0.47125672926192624,-0.16137864914708341,-0.3030331005470297,-0.3875672473653152,-0.15862834051516453,-0.2133386461467169,-0.3820811113645332,-0.1571617732261656,-0.02902475028872018,-0.32003817622973074,-0.1340847633399883,-0.31238709140211207,-0.30259391099091665,-0.19825737750664593,-0.26328339107736975,-0.2377470412969419,-0.16648657528540117,-0.17030327385154534,-0.2452598753163251,-0.14108434689054059,-0.032274888765798156,-0.14829130146731398,-0.17029856979881264,-0.26159021464852167,-0.13858659252259983,-0.21237178661228312,-0.22742054311977092,-0.1022709788247731,-0.19140474200727767,-0.1468773418917598,-0.10192252343249378,-0.17012619468613033,1,Bright_Up
0.0,0.0,0.0,-0.1067869174954502,-0.3213317715931176,-0.036077784672740254,-0.14774957353087922,-0.6196346858383741,-0.060960862045405365,-0.1464190849089328,-0.8326428255776934,-0.08367451906563354,-0.11560449325014611,-1.0,-0.10205771404398935,0.02221298271790315,-0.6410885772800061,-0.08070218372547987,-0.24188592010415824,-0.6492611036403119,-0.1446108014309572,-0.24083055752225005,-0.5402370645619604,-0.17338347913434377,-0.1679285717679818,-0.5252372308730381,-0.1890179974737039,0.06487581314237653,-0.46661637736458716,-0.09850015674982306,-0.24053191034407387,-0.4472532537574424,-0.15292277666011012,-0.2023516386392903,-0.3739739794439508,-0.15239695151957725,-0.11761044243498425,-0.3663082266962542,-0.1543429841688177,0.07877371714762246,-0.28130330864009806,-0.12159700859991501,-0.2045923240310004,-0.2597855062271619,-0.17610464019949496,-0.15702521751113097,-0.21539351576866606,-0.15557298823155974,-0.06659642003525795,-0.22499275358875548,-0.14009918282027242,0.07325337730281446,-0.10213092008039952,-0.14739615560227662,-0.15059349296028968,-0.08944542383190227,-0.18161338281647105,-0.11665510408697594,-0.07021107251638165,-0.1682729476041393,-0.03528004409619433,-0.07945179117030729,-0.15446462884282422,1,Bright_Up
0.0,0.0,0.0,-0.09517611413613322,-0.32160280996990687,-0.031118649499044432,-0.1374558230528845,-0.6167081990034572,-0.052744604182961306,-0.13728204270517919,-0.8300299905225563,-0.07474307497421706,-0.1020923387125932,-1.0,-0.09344106770623306,-0.005038930296819166,-0.6262689172737899,-0.058802781003182154,-0.2504345091848162,-0.6349168805097992,-0.12092038405434519,-0.25228684440780674,-0.5296971953251454,-0.15066359764018952,-0.18085798973226397,-0.509234734329503,-0.16663019192559192,0.034749304936924734,-0.44900409865032154,-0.07869327576632887,-0.2609994212764528,-0.43344550913093266,-0.13484461459811906,-0.2217971407184616,-0.36469660400543874,-0.14054281679960115,-0.13540801409650197,-0.3589221979551768,-0.14586813477681657,0.04860018180456779,-0.26806050168636913,-0.10508388447806599,-0.22959019794864546,-0.2570092378833694,-0.16591280857244295,-0.1795272288146011,-0.20774939054415642,-0.152561506467788,-0.08694382416134654,-0.20865351487664743,-0.13905883176663772,0.041634272377018916,-0.09695147282926769,-0.1333468233580015,-0.1775363358378697,-0.09644249468337104,-0.17316048417281907,-0.14421039691664678,-0.07226789885097368,-0.16369617609035342,-0.06340253523367392,-0.06924062186772587,-0.15049585295221157,1,Bright_Up
0.0,0.0,0.0,-0.07915512691093868,-0.32063098116778,-0.035157013585077175,-0.1088933313241601,-0.6124963804177411,-0.05907608999995003,-0.10280676461543621,-0.8256119514945273,-0.08189205000764031,-0.07127069657059638,-1.0,-0.10207172300052586,0.017854873764559222,-0.6114344788297542,-0.07567741769578891,-0.21689316315825027,-0.6275798233029769,-0.13634907104066082,-0.22832230413749546,-0.5200067833215318,-0.16125655026673863,-0.16451845738954546,-0.4963060184973053,-0.1748145872273382,0.05310452692237017,-0.41934862163000947,-0.09556080750956407,-0.24618733398930634,-0.41576753802746114,-0.15521009124560595,-0.21245684253388236,-0.34416924859597997,-0.15791047379943202,-0.1258979280164878,-0.3371724130438171,-0.16060334262010245,0.05984273653172927,-0.22775875938906648,-0.12097265899025073,-0.22278936227802454,-0.2328634922674386,-0.18581398400299307,-0.18194039841149348,-0.18465608890497068,-0.16560663271999584,-0.09239653899441509,-0.1814505443426579,-0.14582109857830095,0.04549289380936883,-0.052537675540882504,-0.14849085049107005,-0.17694856343326765,-0.06764875243096577,-0.19485322641556924,-0.15153826931770462,-0.051754003505975796,-0.1828549459828538,-0.07602492634474861,-0.04992283735569499,-0.16594103074980937,1,Bright_Up
0.0,0.0,0.0,-0.07468563648535377,-0.3301357348109612,-0.04927940568614365,-0.11330825606823532,-0.6134951318671993,-0.08359194758729668,-0.10781554227903851,-0.8230399257651999,-0.11536376664386205,-0.06629336898523158,-1.0,-0.14460767865101512,0.00137585331234618,-0.5605573640615346,-0.08170264177070537,-0.23582218178042422,-0.5477681047632781,-0.15754823500349133,-0.23014782033758255,-0.5069353171429426,-0.20181997199033366,-0.1624105105660817,-0.5255796128594866,-0.22658812806238676,0.028073438176695262,-0.35046835671124854,-0.09834546211679886,-0.27054095741201456,-0.32723642426958555,-0.16359431149928194,-0.22116027377973266,-0.30358696971104404,-0.1769367967212605,-0.13405840008540115,-0.32114308169256706,-0.19001453109597552,0.03540597277911427,-0.15229028024561098,-0.123265097620234,-0.24906543862801794,-0.1340934165005616,-0.19229409364368236,-0.1905763531716726,-0.11524412885359904,-0.1775197805186302,-0.097727896678231,-0.12413951415210304,-0.1627928246633871,0.028386640556741546,0.021133136057983292,-0.1532717641134397,-0.19304622628823326,0.03354013282407145,-0.19968246605395704,-0.15222559714538403,0.03713442193856224,-0.18979797341384821,-0.06927876154721004,0.033700381557340474,-0.17705766718557087,1,Bright_Up
0.0,0.0,0.0,-0.150657555410076,-0.2773791456688407,-0.041354790898366,-0.24387712733937292,-0.5683064087048929,-0.08877436900548952,-0.25973714066240666,-0.8030626216109952,-0.13025164268512276,-0.2218115111586394,-1.0,-0.1774954939517927,-0.13093568212065151,-0.464532331344137,-0.17143276829949325,-0.37952208525113346,-0.4438435563592583,-0.2529194083903312,-0.3627713155370423,-0.41805400378236235,-0.2876824635985503,-0.29911408051192634,-0.43667368576317467,-0.30370901484362184,-0.08918075793790853,-0.2615009340969574,-0.19013462674776688,-0.39228983297359865,-0.24544552904943362,-0.2523673250021238,-0.3641752146555287,-0.23792845502135182,-0.24482902966082762,-0.28417738886736493,-0.2471202468448786,-0.2485523075677225,-0.07274558417097159,-0.07427567377819112,-0.20824879849038808,-0.35710663168133144,-0.06299874575753324,-0.2726857596366479,-0.32631184231887833,-0.05573237655241838,-0.23229139400605223,-0.24295548181539983,-0.06112600228052792,-0.20432777924957113,-0.07904792508834531,0.09012251731587323,-0.22818213662869766,-0.31661624634299007,0.0874698830954072,-0.2740437440943856,-0.29000705421593564,0.07515589434096719,-0.24493158936425363,-0.2119801466683077,0.06829371782082674,-0.22098317277951898,1,Bright_Up
0.0,0.0,0.0,-0.16559221939469404,-0.26982162394143994,-0.04807811411189012,-0.29351039972920207,-0.5608873468450226,-0.09385144852317659,-0.3314470160846727,-0.8009765650972878,-0.13314552270247143,-0.3024738117833375,-1.0,-0.17687576442590694,-0.13627737446883104,-0.4703936846050158,-0.16449780484008272,-0.36345533345019554,-0.40496261416732654,-0.25787081087863517,-0.3586641440548366,-0.37831899756402737,-0.30870581151331783,-0.3297020618120493,-0.4180491667522985,-0.3377924124550661,-0.08891457171007695,-0.274294383964893,-0.1816914042162803,-0.3871387899925651,-0.19841897519901835,-0.25477062772734493,-0.3633148570150571,-0.1866494194164546,-0.2551760388506124,-0.29674957838935667,-0.22894225596450613,-0.26473475304393074,-0.0748765995514909,-0.09123859837883908,-0.2010025619379508,-0.36007833797759875,-0.04521672902675943,-0.27921836311906506,-0.3343435869847737,-0.028472228098913786,-0.23904083330409018,-0.2592077951123388,-0.06372093304399862,-0.20894771628673614,-0.08221836711255644,0.07334707471726397,-0.22354848576393893,-0.31025441708928475,0.10721398477970466,-0.28525235188820375,-0.2839055350375067,0.10263677411945332,-0.26252255142035197,-0.2062150546733802,0.07616772547858097,-0.24127074559698716,1,Bright_Up
0.0,0.0,0.0,-0.18527204204557854,-0.27703092653444206,-0.045974117622457115,-0.3071061412783734,-0.570375804105411,-0.08195068506048336,-0.3312190658985543,-0.80226211439122,-0.11203714697887011,-0.31060756552834345,-1.0,-0.1496299572317403,-0.14263814487085605,-0.443593520406619,-0.13856971637973892,-0.32306170885069807,-0.37896902056012105,-0.21023585356811508,-0.3684120967263998,-0.35270096244655086,-0.2557236397884362,-0.3921429830476228,-0.3834537737473557,-0.28604452779602,-0.09114920019951454,-0.24116663610190706,-0.15526406831738784,-0.32050266269502836,-0.18788043269525476,-0.20405256242771552,-0.3831589785486258,-0.19084618939688566,-0.21689675617047757,-0.4100695324965287,-0.2118674525498004,-0.24324048431995984,-0.07123182933519995,-0.057769430475515596,-0.17252937929071308,-0.2959603901063781,0.007944209181992923,-0.2265257364461607,-0.3355753707895348,-0.0006302868873620357,-0.2048340781074372,-0.3349295683653975,-0.04517869955892635,-0.19786731594815266,-0.07877187150185054,0.10611813224477006,-0.19383896753634589,-0.27022621906971384,0.15145224152451087,-0.23782144464520621,-0.2983205321676502,0.13256093091185828,-0.21946572209556092,-0.2859388794679341,0.09665899622616363,-0.20898826769661374,1,Bright_Up
0.0,0.0,0.0,-0.19511537930591555,-0.2618445973861777,-0.049587168717970684,-0.3217753479022515,-0.5609400133912192,-0.09831729520249019,-0.34105949102047634,-0.8039087005276022,-0.14015279778045983,-0.3079953354657903,-1.0,-0.18623728106813459,-0.17745752372684373,-0.4750336933607654,-0.16176519395975453,-0.3995588427447127,-0.35172891172105714,-0.2541348012072536,-0.38589989756037185,-0.3279758613553577,-0.3056116678883401,-0.34886636020903294,-0.3788209083144412,-0.33416259253947816,-0.10651974220549591,-0.2924202303378293,-0.17806167351107732,-0.3826325581830266,-0.18093082507578392,-0.25513868126504113,-0.39747264729049275,-0.1878491295338394,-0.26637523560245996,-0.3667077852394905,-0.23073006751960023,-0.28147170061094823,-0.07575192729468581,-0.11384529524537895,-0.1970087446063447,-0.3452195783463837,-0.03444978501950241,-0.2768420470576859,-0.3577913789781481,-0.039523782455927955,-0.2522922320666564,-0.31265347181261544,-0.08887886557031903,-0.23082369552612364,-0.08025553064490212,0.05996323197395971,-0.2188203204073633,-0.3008791894006113,0.10501304548855926,-0.2800170788070806,-0.29874525604616503,0.08142314062724156,-0.26651220523500363,-0.2394043392767019,0.03302379980397932,-0.2508312123998719,1,Bright_Up
0.0,0.0,0.0,-0.15485133075973334,-0.2999772499449022,-0.04553047771199063,-0.21709405962884232,-0.5985923403408243,-0.066165118344063,-0.21084111219331858,-0.8228472167914365,-0.08642858945741752,-0.19505423281363676,-1.0,-0.10807724418267506,-0.07673949054095365,-0.5665000699090235,-0.04999338016283511,-0.17660844074440077,-0.5245387781798534,-0.11904863598838958,-0.22604359953267594,-0.497288003848551,-0.1745949394599058,-0.25565327020193046,-0.5295172485704197,-0.21363037563296736,-0.0024444460243093816,-0.4117034814693692,-0.06874882699406051,-0.15779556705697229,-0.3769975614784692,-0.12585208736133172,-0.24044651722724225,-0.37138043068698057,-0.15925522603950612,-0.30112209907175036,-0.3895089068835505,-0.19109333569951129,0.02937411280709612,-0.25361619235171584,-0.09720429524232996,-0.14283385113406655,-0.20012014872848521,-0.16252927889072785,-0.22040419264557073,-0.2095839346694251,-0.17423250856912265,-0.26691786519170474,-0.2541441832137771,-0.18366953061060834,0.027433959670787746,-0.09312735054280209,-0.13056986522600206,-0.11937664849032056,-0.034279830417297624,-0.18312930566943855,-0.17662100067065267,-0.034307083087466855,-0.19022165015740827,-0.20730300466613108,-0.05756569670858838,-0.1941788415446166,1,Bright_Up
0.0,0.0,0.0,-0.13337585939734453,-0.2689038432732738,-0.1005937762928505,-0.19956448989340686,-0.5618789142784949,-0.1436197735112665,-0.2092400916444584,-0.7882664423904232,-0.17403154121619885,-0.19917216455689699,-1.0,-0.1976371954964248,-0.0018035372252586377,-0.5134584848521976,-0.10404690290050501,-0.26610539639679875,-0.4078278521742372,-0.18083783578507506,-0.25599083291933655,-0.3614465132645618,-0.22936077634383434,-0.18839784107767474,-0.38732733831763044,-0.25899830093168524,0.07317302271916765,-0.30773746452703127,-0.1008451549975946,-0.25297000687293913,-0.18252666211632512,-0.1663276937535544,-0.20228178418180603,-0.17457950509831913,-0.19247944461405508,-0.11360387445641928,-0.2055194562671206,-0.2172152903050437,0.11397933691748481,-0.10558636762991891,-0.10990737788818392,-0.20030830078995984,0.004289757423584496,-0.19110691523938714,-0.1455108061389825,0.015421099593855011,-0.18393164646425506,-0.053679538705502926,-0.005211682442018386,-0.1719158761187018,0.1289338091299033,0.0879520156339934,-0.12877393839778,-0.10325481161730916,0.1586464591452709,-0.1943075186404974,-0.07741087410427501,0.1650301114306714,-0.18977091111641411,-8.958402579809158e-06,0.15817851435169028,-0.1779571823908088,1,Bright_Up
0.0,0.0,0.0,-0.1264939559657406,-0.2953705406217625,-0.08430873764789477,-0.19531206750654426,-0.5781444004207297,-0.12984249821062066,-0.21076419369380056,-0.8035827263596605,-0.16182250082535252,-0.19345333420326302,-1.0,-0.18551972859172897,-0.03459527509549456,-0.5249220028944933,-0.1269885974656445,-0.29946044587851034,-0.41572457235047094,-0.20209656945687404,-0.2862819995729436,-0.3705374089539491,-0.23722439845835291,-0.20595610216137986,-0.41408282719242057,-0.25562623813723023,0.039966349537750995,-0.31756313910175804,-0.12524555616177807,-0.2827580428954424,-0.1904088274138572,-0.18660500913416966,-0.22645653910333974,-0.1847216620402224,-0.19209679558916662,-0.13204148773794555,-0.23222081188165794,-0.20234554667163596,0.08237937633949402,-0.11902121046762676,-0.13229714571115447,-0.2260415925249314,-0.01021425972937278,-0.20587562004229717,-0.16821400468180345,-0.013895396885651695,-0.191201163427075,-0.07370602900820107,-0.0538113300434174,-0.17683518276917087,0.09706833693167889,0.05972240345757511,-0.14637814407410496,-0.14443254881491852,0.1275989149604182,-0.20197485344146837,-0.10144319359099069,0.11600611323321233,-0.19633841337171581,-0.00928254525611521,0.0874726664135962,-0.18593393375278458,1,Bright_Up
0.0,0.0,0.0,-0.18049511221850645,-0.32814600208609523,-0.0022916228823884627,-0.290810325608022,-0.6405510486545608,-0.0037625887404852155,-0.344135302271304,-0.8609894563607214,-0.01875909881383778,-0.3431672701186063,-1.0,-0.032081428094160536,-0.20393628858367244,-0.6350603272721873,0.021259532156739265,-0.32137899393270936,-0.6641627379564358,-0.02911870181248443,-0.27717236297646974,-0.663580792152923,-0.0727781704201823,-0.2081845185518587,-0.7305882798726632,-0.102369029621045,-0.12682168494432214,-0.48239389922122183,-0.013654092743794857,-0.38135013474618407,-0.3992729389824832,-0.0630423633819408,-0.316221617660839,-0.36419975923368514,-0.08440426121652891,-0.2228094592179652,-0.3942489519599003,-0.09865938114908157,-0.07499957755803968,-0.3138882018873171,-0.05539834011639788,-0.33869911430562577,-0.23414677733109873,-0.10821997078332876,-0.27996304016885387,-0.2107199383900404,-0.10055787372255191,-0.18806629624907384,-0.23848333607280545,-0.08904582625390095,-0.0482725708179142,-0.13650226249672928,-0.09931106187922514,-0.26164774894760745,-0.06700390336371331,-0.13175995696307602,-0.22024792478587313,-0.04377727630930125,-0.11684847583547858,-0.1351786110210755,-0.05142680412159979,-0.09770459831241197,1,Bright_Up
0.0,0.0,0.0,-0.22654572263186393,-0.2348843774139834,-0.06565423543198598,-0.4702225298722187,-0.4180845994857738,-0.12821823107394456,-0.6769317446378003,-0.49768238017735206,-0.18269947497352831,-0.8140826089833364,-0.5086501112512328,-0.2513407074641347,-0.39866114828186044,-0.5963124806930269,-0.22538912573118386,-0.6435696865741707,-0.6303029330155211,-0.37310491749424674,-0.8327876156607595,-0.515949272726632,-0.48654689223397213,-1.0,-0.380867998444871,-0.558973637320066,-0.28267483748863115,-0.4136729194179307,-0.2608280904428331,-0.5347783921642172,-0.3602449210670252,-0.37098785527851685,-0.757254625745215,-0.2160568240680091,-0.4369612507099927,-0.9322986427075531,-0.05989282452060957,-0.49853904298281837,-0.16423406961825343,-0.18530504919681035,-0.2991537535162331,-0.3899466315131303,-0.104018630225803,-0.40186641015965247,-0.621998732248841,0.01112081652884408,-0.43808007634487645,-0.7958564348159393,0.12656565114761237,-0.4697186505907348,-0.06700718718592522,0.06620848046437748,-0.3401019104025924,-0.2838396181242216,0.19811058877605633,-0.45027337198499484,-0.479229905772183,0.3082287543033261,-0.47970644877947155,-0.6362979317019618,0.39772149331533374,-0.4956152967663978,1,Bright_Up
0.0,0.0,0.0,-0.10270160534515714,-0.28315295406189755,-0.02386479768205885,-0.2940177227849016,-0.5653184689610353,-0.07711016065115121,-0.4169229033590559,-0.7842173670600167,-0.12410547817409794,-0.4326846182185904,-1.0,-0.17235175823722823,-0.3177180254507229,-0.4937756958934165,-0.19961507544522858,-0.6508712145472323,-0.47646451535569256,-0.2825304572560175,-0.5855906449173471,-0.4552705630312884,-0.30984252578388405,-0.47213517780662173,-0.45297045556171217,-0.31699936643688076,-0.32567071533371683,-0.26265264763552243,-0.22228148288830465,-0.6863198691797351,-0.260674537584091,-0.28387167859575,-0.5995584581024364,-0.2588591890013203,-0.2711438749706937,-0.4703768251172088,-0.24449886801455098,-0.2629625221173441,-0.327763698551658,-0.039237853264366344,-0.2379871199584337,-0.6299258113247902,-0.043275747894824364,-0.28540357176429276,-0.5408238962040147,-0.0644541291761978,-0.2364889762911769,-0.42176109084264024,-0.06792676556531406,-0.20291543880873839,-0.330131672265387,0.17067978473179907,-0.2527144805432468,-0.5559517520948929,0.15056757920813313,-0.2909283173833945,-0.4851202525211869,0.11177452894656899,-0.25533225198031306,-0.3885039870683957,0.10160810681382967,-0.22553555545054035,1,Bright_Up
0.0,0.0,0.0,-0.11007119719117103,-0.2996337944967282,-0.022235227717184523,-0.3001459848702178,-0.5727907734165615,-0.06928794682185513,-0.43129552929674353,-0.8007922120377171,-0.11485862306628972,-0.5001049247301524,-1.0,-0.1584617189674931,-0.42107294937351447,-0.48037573970418507,-0.13532790081721296,-0.716514151798792,-0.46163302909204934,-0.20917910390357694,-0.6395238115454807,-0.41039246094586307,-0.23681736952811258,-0.5210536323061424,-0.4135068452772651,-0.24122022802953272,-0.4305058645646139,-0.23911557550001486,-0.1525330547442181,-0.7324633172832865,-0.2532039949029628,-0.2054327262327725,-0.6400707241201333,-0.2208544269441855,-0.19777697365862926,-0.524484155455995,-0.21548689017049358,-0.18760825863480285,-0.4276104272134721,-0.0071533799409389,-0.16634784728134053,-0.6893519897185895,-0.03293393199057982,-0.2060641509771777,-0.5953965942524295,-0.027426293409574594,-0.1594028005473805,-0.48316822345449817,-0.02806979132108726,-0.1234932119281354,-0.41512862983464954,0.2033511018006418,-0.17945098631995102,-0.6288418068645033,0.15870744862478856,-0.20110162442000068,-0.5464304060950957,0.1501099890162609,-0.15336972332945065,-0.45046673309877905,0.15308093578303264,-0.11250367316633211,1,Bright_Up
0.0,0.0,0.0,-0.10939755235585291,-0.3052313976782899,-0.021371454251367723,-0.29030852004888197,-0.570505331716976,-0.0654776128804168,-0.43268886895952197,-0.7987754443301257,-0.10592988628779446,-0.5003692434849004,-1.0,-0.14261609298039374,-0.4302082435441995,-0.4654271334051035,-0.12217989507566712,-0.7183784831306468,-0.4833201591659499,-0.18033802688397596,-0.6407230325404991,-0.4267928941414386,-0.20064297982071488,-0.5287828047466128,-0.42241699204720445,-0.20320365129366016,-0.45300704191341484,-0.22648472255081226,-0.13326503229180356,-0.7410933764198909,-0.2673105808432323,-0.1694240239361414,-0.6527239042974684,-0.2288514877027859,-0.15484695864851356,-0.5435085283629737,-0.21807556898036834,-0.14251413455329764,-0.45972968809318143,0.0012434457753104488,-0.14063636675548657,-0.7034863248474578,-0.03791928850937506,-0.16209765090363146,-0.6139178812270866,-0.025331692522880565,-0.11346006155007042,-0.5085664182831767,-0.021331147216277036,-0.08120462384370825,-0.45286582462034863,0.19911118691606497,-0.14800985997919616,-0.6458898431754451,0.14000013449266005,-0.1559843099653495,-0.5640510595270627,0.13736346702515073,-0.10737605491285765,-0.4759018191354934,0.14094463976446667,-0.06903062621903203,1,Bright_Up
0.0,0.0,0.0,-0.1083713727524996,-0.31016263204538386,-0.019619108234376813,-0.2958813838040821,-0.5820031132437786,-0.0676946203015979,-0.4416600750913905,-0.789714112196754,-0.11547973215171443,-0.5140762342737589,-1.0,-0.1622625261148416,-0.4525970909662126,-0.48879968187274536,-0.12106958060526594,-0.7399031394039319,-0.4993314627483746,-0.18971901398747693,-0.6859108711825812,-0.472341976903615,-0.2207226416215044,-0.5881243108222018,-0.4720111097161778,-0.23014168831583198,-0.4690957678066845,-0.24756874461567765,-0.14051123604203228,-0.7633022524324923,-0.3048217553524725,-0.1914994737135189,-0.6752639052346899,-0.28858267010438704,-0.19280332621354518,-0.5558067809838567,-0.2619252883337467,-0.18786495950385546,-0.464599220885079,-0.01552973073595376,-0.155363268834372,-0.7206528535284975,-0.06580824669457495,-0.18299212846195778,-0.6395195808438412,-0.06539481732111371,-0.1365316594376202,-0.5311174405351267,-0.05165671694404881,-0.10344315300611866,-0.44802401168115785,0.20038213614040642,-0.1706167293340866,-0.6536725020918847,0.14027129872483168,-0.17909092988784076,-0.5921454294254105,0.11933977462687767,-0.12925663984842736,-0.5137915957260618,0.12500409718713415,-0.08905174454470055,1,Bright_Up
0.0,0.0,0.0,-0.08836640399124535,-0.3457934671799721,-0.023972787234364943,-0.24781709062506996,-0.6266743311425671,-0.06425259808567359,-0.41679545025274795,-0.821136862923287,-0.10247067267147184,-0.5162196370557439,-1.0,-0.1334582639617178,-0.4919352728073077,-0.48939707209032396,-0.0747802473119788,-0.7503399981269753,-0.5512374733590617,-0.13171068896111082,-0.6631603160934129,-0.5267885099710186,-0.16629851198298076,-0.5426102081107015,-0.5053370167383451,-0.17583745781062907,-0.5363970635765754,-0.24652788836016057,-0.08029436775818752,-0.7814478165545742,-0.3359395914851162,-0.09959319316043849,-0.6899923407794999,-0.3237135331709835,-0.09749469208471058,-0.5840515100709763,-0.29868405825800504,-0.09544646548277784,-0.5493884132926734,-0.013411991961760026,-0.08472787278019556,-0.7560543000579251,-0.11656929986400075,-0.0880465201599633,-0.6756490393180676,-0.11995115000247529,-0.04631372577582107,-0.578412728243352,-0.09958121816606919,-0.02212110603704179,-0.5389388905198148,0.19210611536255484,-0.09036920676162487,-0.7024148459594852,0.06937096956776329,-0.08029844726272518,-0.6341766779416026,0.05372869079673236,-0.02671113494752477,-0.5564899832594477,0.07015581105910718,0.015488738071491476,1,Bright_Up
0.0,0.0,0.0,-0.053395356848318386,-0.3760897640492169,-0.03204827021884746,-0.1820138928378552,-0.671459661761037,-0.06627097987362363,-0.3559236850435215,-0.8518173992131577,-0.09265674245946776,-0.4785567568082827,-1.0,-0.10981161024478847,-0.4915956318388107,-0.49778801276802614,-0.06608295315227879,-0.7039828918178989,-0.6242382786370911,-0.09769000362121877,-0.6107673273428839,-0.619346563950081,-0.1199475396459265,-0.5175101823069289,-0.5717261389211471,-0.1258906015595461,-0.5538916939789047,-0.24838715085065938,-0.06016265885558686,-0.7648877308419619,-0.4139451669089734,-0.05360574953046402,-0.6842612153291258,-0.4305800208856035,-0.046171349644785906,-0.5941139018113676,-0.3801748487240027,-0.046687162255496205,-0.569827567221633,-0.028664619741661453,-0.05251965767752575,-0.757978126324045,-0.18665135800797228,-0.040635387924211876,-0.6848029130716464,-0.21064186251987402,-0.007457240920822653,-0.5961689347520467,-0.17259910061082337,0.007458871119231425,-0.5575304039362493,0.15039836806981063,-0.045846290938950464,-0.7215551984411727,-0.004938718799376916,-0.03230403483770163,-0.6549250613107837,-0.03321678723933672,0.014165391627076345,-0.5757635620833932,-0.010156503972176194,0.05077146323743066,1,Bright_Up
0.0,0.0,0.0,-0.07023711603674107,-0.38066286460421805,-0.019846180481475677,-0.21749590959726753,-0.647957835947622,-0.04790978489213094,-0.4023477515747245,-0.8273225710156195,-0.06898025816699035,-0.5079681934946874,-1.0,-0.08088424188790846,-0.5124100349168375,-0.4764999344983324,-0.057200604894775554,-0.6989409899004713,-0.6012743219043406,-0.07375037492563037,-0.5947393417128425,-0.5841251569662328,-0.08416226862486081,-0.49495545119604206,-0.5286687146547939,-0.08595498368892514,-0.5725871992867528,-0.233098805660694,-0.05243006628698819,-0.7298806335652634,-0.3915649805688613,-0.02997734196218459,-0.6385087218461714,-0.4057203971579333,-0.015438198445576467,-0.5544664007125109,-0.3638232602404264,-0.015265730455106269,-0.5792415244370308,-0.017056511525378903,-0.0434745348629083,-0.7204144920982286,-0.18020321777325624,-0.016661821033327993,-0.6430321719033741,-0.2032045808829011,0.018055315163583826,-0.5597106759127819,-0.16880531401069931,0.028586366865722128,-0.5560901364306162,0.15823914336704342,-0.03456255217268271,-0.6649063540912771,-0.0021635492270343022,-0.01212724230799351,-0.5954169081433452,-0.030184763790555427,0.03187705866457586,-0.5272160195909812,-0.010232679717707754,0.06422206160448092,1,Bright_Up
0.0,0.0,0.0,-0.04759496547734427,-0.3590506457502198,-0.0135784614442403,-0.19604379381071518,-0.6433748306423944,-0.03277074188353076,-0.3738387577854411,-0.8424529743077313,-0.04995801737122432,-0.4853807760021838,-1.0,-0.05967051757470388,-0.46197217401321805,-0.5153479938793347,-0.02996472446849757,-0.676405355081229,-0.616664224911909,-0.06106394171000965,-0.5935148245818338,-0.5829075914781506,-0.08352134522000082,-0.4974275487537033,-0.5350379285905691,-0.08874579061297307,-0.5197830657420556,-0.29530362907366087,-0.030597394278453916,-0.7182177444196512,-0.41596982742428684,-0.025840795357959957,-0.6372277130399722,-0.40015790014099567,-0.020311592851498698,-0.5495961087194436,-0.3603698194103225,-0.02053442253847826,-0.5413180905227358,-0.09029546484749676,-0.030608641904786554,-0.7043465426004814,-0.20814237558946463,-0.01930984730989245,-0.6310546126625646,-0.20424151584135355,0.012296575759258672,-0.5454601518145368,-0.17184130848002643,0.027339393093072217,-0.5417430497642142,0.08497087424837779,-0.031090651239646296,-0.6864505150224266,-0.05247268365126233,-0.011514677312108812,-0.6133536124196413,-0.055435659136044556,0.03499338936125703,-0.5353210782288137,-0.03375788561568533,0.0697821484223585,1,Bright_Up
0.0,0.0,0.0,-0.07612747914800218,-0.39534329465131196,-0.013158137355080634,-0.24798329663301646,-0.6769423800646531,-0.031593839089597536,-0.4595698500172461,-0.8533658763243736,-0.04785011448722392,-0.6083607663041173,-1.0,-0.05661750319368506,-0.5087003583957651,-0.49077400198846033,-0.05288562729830555,-0.7796385866393332,-0.6131746568517246,-0.07175374490984117,-0.718586511723396,-0.6275607807165138,-0.07640720840763221,-0.622542526890942,-0.6184738398114679,-0.07324525435690432,-0.5563753648607008,-0.22732327643314207,-0.05511981264885519,-0.813640582606114,-0.3852651261666441,-0.04094255593592498,-0.7583825537940821,-0.4324296935901993,-0.022773059245240156,-0.6679395114723051,-0.4125405864719392,-0.02022280809328058,-0.5591420570618303,0.013409158552499969,-0.05383052596677276,-0.784474245910764,-0.13768380027871474,-0.03593185254998765,-0.7223072745445176,-0.18316391886571437,0.011160829556881392,-0.6283553391360744,-0.15885951403951323,0.03144566694521816,-0.5348040608428325,0.20875680694857665,-0.05226076171079209,-0.7273925234942705,0.0687970490618243,-0.027312836579813808,-0.6767019857955324,0.021391524384911573,0.03190956888856468,-0.5956262505287361,0.033568498104432076,0.07274809942651864,1,Bright_Up
0.0,0.0,0.0,-0.03033674424732092,-0.3242650977827921,-0.048751884467076095,-0.14851412971487532,-0.6463846012034126,-0.10574249947487004,-0.2799273662889451,-0.8587377944719817,-0.1587975741148042,-0.39173484277356024,-1.0,-0.20535175288273821,-0.4274857787097756,-0.563685634679424,-0.133045107404251,-0.6847880090916649,-0.7149628898930939,-0.2297414714612478,-0.6202994835230643,-0.6678734798190824,-0.2822034526296609,-0.5121668695649729,-0.6039848129513249,-0.2967111668487019,-0.4897295032880772,-0.29824605091348416,-0.13736525231420793,-0.7471048332906919,-0.45381931460671,-0.202883887596503,-0.6692732170620941,-0.43119096552951236,-0.21763424636703163,-0.5552100951379514,-0.3701142241820775,-0.2198429996048026,-0.5262128411934839,-0.05135489343722048,-0.1432637038875166,-0.7528270876669292,-0.20448614782269567,-0.1773121742578706,-0.6845803579712526,-0.1917226327270215,-0.13930374781958535,-0.5828419525952976,-0.13342568519849157,-0.11036936406746216,-0.5402945593398221,0.16712822516932402,-0.1524776449893046,-0.7317127441959101,0.014247999701175176,-0.1585808106446929,-0.6748713627416053,0.014467298563351464,-0.10931225619370921,-0.5953076469834558,0.0626628424586696,-0.06803556504201666,1,Bright_Up
0.0,0.0,0.0,-0.03455691635257426,-0.27445302549576905,-0.025022328830061204,-0.15107574623278164,-0.5670186230059319,-0.06963784009309618,-0.21684340103469546,-0.8034802410760488,-0.11305479377756483,-0.19130604105293064,-1.0,-0.1536946594902332,-0.25746367817060484,-0.50453124881844,-0.12457112989100755,-0.5120681161909638,-0.6102329307117015,-0.1898307814131809,-0.44674958922222835,-0.5396191244734969,-0.21379644717024893,-0.33837960727376437,-0.4935428759089235,-0.2188942877647073,-0.30849734736405443,-0.304524064933676,-0.13857590730941105,-0.564990390878951,-0.42481767516525637,-0.18876133458311056,-0.4837609095122196,-0.3692171078004025,-0.18144737694318416,-0.37923241541650865,-0.3216830167562762,-0.1707969639508315,-0.34625217272003483,-0.11242779655670462,-0.15026842245768535,-0.5689118197050178,-0.21422020281240986,-0.17894522110257782,-0.49131992269491825,-0.17934676341685005,-0.13513133077781223,-0.3951474208773414,-0.14107151152176284,-0.10348966051920316,-0.3728022984110111,0.06155022831790148,-0.1632176279362347,-0.5334004729480827,-0.028296673915368435,-0.17026862095976436,-0.47449477845007415,-0.007503918728117509,-0.12686355883266467,-0.40448458057455955,0.02354909834144086,-0.0940568282213215,1,Bright_Up
0.0,0.0,0.0,-0.047494399421848216,-0.2781764806186053,-0.017912134565285773,-0.17117831032788838,-0.5693426677193419,-0.05837713230487586,-0.24124740951545043,-0.8063891759038566,-0.09981730557535158,-0.22474661760358863,-1.0,-0.13886030761887438,-0.30099840227839697,-0.5235849686950266,-0.1062587973069151,-0.5435444617217655,-0.613289366144445,-0.17064429855799151,-0.47132092395240727,-0.5451109130960252,-0.19879543893245386,-0.362730644663829,-0.5006681672812915,-0.20695215783554768,-0.3465575219867126,-0.3274131930431492,-0.12598580152812872,-0.5944625502929513,-0.42758483185436735,-0.17192220189182553,-0.5104560161514741,-0.3713216722997623,-0.16543339556465556,-0.4069708021588752,-0.3316213105807229,-0.15647385696890798,-0.37514652908478724,-0.1298978666220509,-0.14410933790769906,-0.5894379323376394,-0.2242350687330319,-0.1715277994498612,-0.5110637811105367,-0.1849845172277579,-0.1274402096014069,-0.41451601436613106,-0.1502972809867922,-0.09581497520832462,-0.390624490522448,0.054302756751295846,-0.16349307118814918,-0.5515167664552229,-0.027879146178430597,-0.16911646725259044,-0.4901036407633357,-0.008475835596638637,-0.12304849639911632,-0.4177248209178053,0.018165062976102597,-0.08802768599505685,1,Bright_Up
0.0,0.0,0.0,-0.0521887056346107,-0.27068787143040485,-0.007462550942246318,-0.17545475260672444,-0.5586656399537979,-0.04662701935150926,-0.24144593649571375,-0.796839714930029,-0.08979789730887448,-0.2044876781359923,-1.0,-0.13218424517071875,-0.26280758824623296,-0.5524624084274269,-0.09698479735628138,-0.5212147165670075,-0.6276756739767575,-0.16087185010103586,-0.47063129745600457,-0.5532604681496381,-0.18709295415786126,-0.3640825980026244,-0.5199664222985273,-0.19513084562488203,-0.3021309530357438,-0.36762292398396024,-0.12282128514704149,-0.5673641504343886,-0.461373857061663,-0.17263396570576187,-0.5043491242820213,-0.3965987517057315,-0.16705681294817348,-0.40064824345666983,-0.35946212817672035,-0.15888508212504834,-0.3368372529144764,-0.17374208029837535,-0.14642860938139393,-0.5706996576750716,-0.2631509608408569,-0.1805415209505098,-0.5025756873345015,-0.21669063203082234,-0.13885941757728656,-0.4032509081956307,-0.18491465449278552,-0.10767497037835308,-0.3675194669474412,0.012379223731734595,-0.16988156655018083,-0.5434351926789086,-0.062225085843148654,-0.18415704972073302,-0.48520197694610545,-0.04264053787182328,-0.14378950550267178,-0.4060429385989036,-0.022638756839295865,-0.11147736023589667,1,Bright_Up
0.0,0.0,0.0,-0.061325415464669984,-0.2764986532497748,0.0007246588108395637,-0.1840099576153257,-0.5659991235082458,-0.036219657057795875,-0.24840152625594553,-0.8027352605524616,-0.07952930749595029,-0.21694399154972052,-1.0,-0.12337106114323004,-0.27822080013714456,-0.565041358964663,-0.09096837910198162,-0.5402602140427359,-0.6326467307040498,-0.15067871837275826,-0.48938318656756785,-0.5568043225625545,-0.1751019592284588,-0.38458101002477646,-0.5233264665230586,-0.18258016649184197,-0.3121402993086064,-0.3826521532454629,-0.12094327338855679,-0.5781989270423838,-0.46003717642127423,-0.16399902802469904,-0.513363101996828,-0.3991758782361139,-0.15582849941968244,-0.41034944947484975,-0.36859405130220696,-0.14804963510107638,-0.34050842270944665,-0.18827664839379096,-0.14769842754683593,-0.5797067855461963,-0.27280139465151876,-0.17780641909237524,-0.5089085168918045,-0.2273777452105893,-0.13453491427310788,-0.40807433402698307,-0.19711944147039462,-0.10391339008948781,-0.36568051326771756,0.0017320773246565701,-0.17350023522614763,-0.5449092266567432,-0.07540468491898462,-0.1862503450489442,-0.48488914104069414,-0.05379030418236046,-0.14357048523013285,-0.40349614111046855,-0.030799512572325598,-0.10986817354192978,1,Bright_Up
0.0,0.0,0.0,-0.042491470847807314,-0.29569464433766074,0.004490333906366208,-0.16806094716042744,-0.5893774427580971,-0.020333295694023742,-0.25328956515564943,-0.8133445966467615,-0.052824384950518166,-0.23623288061400716,-1.0,-0.08235057171553095,-0.2765375624213532,-0.581454517082737,-0.07887418458259766,-0.5414740739960816,-0.6605741644103593,-0.14586325245971957,-0.4818821828258228,-0.5746954491300225,-0.17098161241653453,-0.36721668460643603,-0.5319585719565634,-0.17665486199314787,-0.31587951710298506,-0.3888040720711673,-0.11140520256529288,-0.587728441837216,-0.4757470246845287,-0.1687663917438728,-0.5116065853127149,-0.40695847071633,-0.16307016063428795,-0.3954635196342609,-0.37782342137454,-0.15080450140243407,-0.34398380588224653,-0.18790079321047898,-0.14219260219235086,-0.5747437744680771,-0.2616692867639059,-0.18950899695474813,-0.4917500008774154,-0.21610632222309514,-0.14847260136083107,-0.3838630087355473,-0.1952651427716768,-0.11263653690346927,-0.362819078843464,0.013008425077232799,-0.17137687116092346,-0.5207824601160727,-0.04542662769322643,-0.19780664648049837,-0.45130925219644064,-0.03670052949991914,-0.16062699757622817,-0.3634089719364773,-0.03080348838747526,-0.12603289768154502,1,Bright_Up
0.0,0.0,0.0,-0.056988887887381885,-0.2927110791382356,0.0030379979935247423,-0.17163462801816615,-0.5948937459152878,-0.0376863073232801,-0.2252396152593123,-0.822223716633923,-0.08256193516456567,-0.20727662963947727,-1.0,-0.1292664783393912,-0.22925305253211894,-0.6022981477551849,-0.14177303542392458,-0.5375920676124597,-0.6631750176809939,-0.21660536090057678,-0.48948620147828087,-0.5698767289299488,-0.24030167192331667,-0.38038620433210485,-0.5298926764376704,-0.24653469908748304,-0.2501905139454513,-0.4028152832731158,-0.1809216291668165,-0.5793548153759518,-0.4630767444140633,-0.24323530059447165,-0.5109317000794832,-0.39082046310500007,-0.22767586702485487,-0.39379719935317087,-0.3650399775536851,-0.2152371324104277,-0.2749283647786125,-0.1885521533515055,-0.2149166776408542,-0.561553169708438,-0.24996249058026154,-0.2670814020589355,-0.4859932338940485,-0.20186397092377154,-0.21555064687776143,-0.37492155515890857,-0.18199570457100667,-0.17701851267795815,-0.30386416249730513,0.024609852587274036,-0.2460338847586869,-0.5307717107488293,-0.04608784522440805,-0.2810151095634472,-0.4624322322752804,-0.03164636542905831,-0.23716059355646127,-0.3643225657516817,-0.018331439731616217,-0.20032348248534765,1,Bright_Up
0.0,0.0,0.0,-0.08050950263952264,-0.2798020681607943,0.005378973872581298,-0.22246043883079433,-0.582350655398608,-0.035546887443113816,-0.2741589507894058,-0.814411636647243,-0.08155876532942473,-0.23705471739110678,-1.0,-0.12922491039810685,-0.2605720668581763,-0.6020160560748127,-0.14726093701117066,-0.5667142824488888,-0.6307967533141714,-0.2227080785357955,-0.509824851582791,-0.5294872229148404,-0.24247645970109608,-0.40317734138698247,-0.5124311891360007,-0.24756253920375487,-0.2598439226812229,-0.3987129142869103,-0.189100947569812,-0.5865520803470197,-0.42551407281827325,-0.25819839441101844,-0.5087937729903125,-0.35181563741945043,-0.23957529467041294,-0.39027233528560795,-0.34504367625784566,-0.22373354595671377,-0.2669766511922259,-0.1808587309416386,-0.22521859586791268,-0.556069993272102,-0.210888619552654,-0.28500115367537254,-0.47251434738701165,-0.16285038151835687,-0.23110101421538343,-0.3591383884274647,-0.15754186897866213,-0.18921258578680614,-0.28067782401658536,0.03546177807630588,-0.2580025369840718,-0.5101200749404665,-0.012404062736065086,-0.29633986836320275,-0.4383174581929852,0.0019032543142680181,-0.25268211361394843,-0.33890842815869027,0.006509509799790644,-0.21560664177294164,1,Bright_Up
0.0,0.0,0.0,-0.07952798691814994,-0.2825063512472232,0.012397983254741764,-0.22486515401668827,-0.5820081722105385,-0.023323876259953618,-0.2959906677391589,-0.8106775922586653,-0.06777922915509083,-0.26754350611393857,-1.0,-0.11174879689402425,-0.29371425221567915,-0.5863924633933106,-0.11480757171912892,-0.5999075003621634,-0.639774224223406,-0.19245481898120165,-0.5462016244086308,-0.5418759557873151,-0.21816773485613492,-0.4326319669954979,-0.510188206606199,-0.2233125516070809,-0.3087675677442884,-0.39016104857724737,-0.1569968534715602,-0.6361255334512173,-0.44733918394012384,-0.2250437667400442,-0.5608831939826195,-0.36489359723256415,-0.21125929145988193,-0.44377786333164415,-0.34678232597413505,-0.19452043636978072,-0.32466358259383415,-0.1824534218383697,-0.19477007547463676,-0.6185971057364995,-0.24111882285896596,-0.25074343617080225,-0.5367743837444147,-0.1844031856852724,-0.19459646250416957,-0.4236675063597024,-0.16519302323877252,-0.14811174819614972,-0.3416393235632822,0.021522653392414354,-0.2295825234400675,-0.5674689314516242,-0.04982833172027343,-0.25853371931213726,-0.5021938366268127,-0.02950687715924086,-0.207886944060328,-0.4068394491508466,-0.012075683981554185,-0.16477936841890417,1,Bright_Up
0.0,0.0,0.0,-0.07152079663376201,-0.2884784417232509,0.011639723232628954,-0.2158767840856938,-0.5807524976709686,-0.02800501494139359,-0.28959318463934103,-0.8080099640823728,-0.07466372460896722,-0.25647123523651677,-1.0,-0.12057593839431327,-0.2726704295190421,-0.5780223435810717,-0.12570748176862132,-0.5820117287419702,-0.623041324452352,-0.20725456803617026,-0.5098474557904048,-0.5298408642183765,-0.23293655002723385,-0.3907133318604502,-0.5002241526511756,-0.2377860562333641,-0.285184895835521,-0.38462018796340863,-0.16722798893604585,-0.612845949025363,-0.428984491884722,-0.23808637318325276,-0.5179732344093501,-0.35405198269390326,-0.22108080338889358,-0.39531987185356743,-0.3407226703875167,-0.20250858017261525,-0.2976696804767661,-0.1812181079500127,-0.20401021742502176,-0.5885573781784244,-0.22791634359843269,-0.25975012838559636,-0.4892819750746732,-0.17676249647530107,-0.1997410089708966,-0.37081036853720023,-0.16626386393248035,-0.15171896360665627,-0.3091049658842745,0.01932725083003685,-0.23804785350920235,-0.5249083858292962,-0.024712794790137955,-0.2708729336567259,-0.4454950637413976,-0.01173322222306227,-0.2232161689089235,-0.34587244104057235,-0.008156860373199463,-0.18201646359755574,1,Bright_Up
0.0,0.0,0.0,-0.07042312078941919,-0.29322862964270346,0.018239923730250424,-0.20853714538312731,-0.5841062007860287,-0.01625809087092261,-0.2807995369232866,-0.809900893429053,-0.058430813561292635,-0.2494884804839345,-1.0,-0.10131528823986954,-0.25285077578224663,-0.5981562229420392,-0.11563708028559354,-0.555834755860077,-0.6415487426866389,-0.18836964999655684,-0.49231889204926466,-0.5611111587969018,-0.21236508212996072,-0.38077947312685145,-0.5295704952753515,-0.21796567765991853,-0.2630092797740838,-0.41144006557749935,-0.1596705920561753,-0.5836612029479833,-0.4623581183806907,-0.2182235665139968,-0.5052823040534233,-0.39722776271502863,-0.20216667854294015,-0.39116651127059626,-0.37829993122516836,-0.18887842012875258,-0.2737418014714166,-0.21285944505899507,-0.198096936598769,-0.5512884819860369,-0.2736999571900814,-0.24549081574604695,-0.46886517236088654,-0.2268737922828416,-0.191398833968695,-0.36069073106251215,-0.21145658870397532,-0.15114275769622648,-0.28437373595400134,-0.02212167673254101,-0.2332304748439057,-0.49064163377241216,-0.08415877437027039,-0.2623526361385892,-0.4279221524698319,-0.06819196225002065,-0.21875340966768225,-0.34129456550078485,-0.05672072804757802,-0.18235465190637276,1,Bright_Up
0.0,0.0,0.0,-0.04729145472030766,-0.2724901200644379,0.015058832785403856,-0.1639455823775817,-0.5812823285828199,-0.021021820652122065,-0.2165140211211862,-0.8173375942115092,-0.06228880156363341,-0.1672112015268353,-1.0,-0.10355202897082508,-0.17937770649813956,-0.623695097225244,-0.13041508715439035,-0.4818231180819582,-0.6842130647556138,-0.2073002879079499,-0.4303867677101472,-0.5762260911919443,-0.2252248879603673,-0.3275471922114864,-0.5393062831699641,-0.2273788238887235,-0.18481263168941134,-0.4411879825851312,-0.17434876829396237,-0.5134336118415596,-0.49793179220560335,-0.2418799961248922,-0.43672322956828263,-0.41908708414898727,-0.21863564735793306,-0.3258684047968535,-0.4024995514841832,-0.2012101950592133,-0.2007214943354506,-0.24455175846025382,-0.21358442844166917,-0.48189519861499375,-0.3046361827845717,-0.2731148992945011,-0.39957790487860656,-0.24236999732613024,-0.21614424799653478,-0.2949575162108324,-0.2294410817167993,-0.17345377386297856,-0.22163968902550035,-0.057291303669190635,-0.24879260536863754,-0.4456421355235922,-0.12471018723183458,-0.28735299083518806,-0.3757115633870112,-0.09425801703803599,-0.24728070293811907,-0.282259417308391,-0.08030248383686797,-0.21370177462194417,1,Bright_Up
0.0,0.0,0.0,-0.05181305934845788,-0.26322665244073773,0.003714636715476213,-0.15579102544785206,-0.5761107559153665,-0.03322064287985176,-0.19158959823967703,-0.8107145135696087,-0.07338219939398336,-0.13598902105790414,-1.0,-0.11436334392969275,-0.16023119849378906,-0.6199708694241621,-0.13747157874711083,-0.46258594266461966,-0.6845017463413707,-0.21900924488030515,-0.41344811811864807,-0.5710388321706894,-0.2406277191765764,-0.3079870174824178,-0.5320969806551801,-0.2449209497791558,-0.15926063177784747,-0.4318055391532043,-0.17750165274094534,-0.4928651808172579,-0.48664187988592106,-0.24966310142375736,-0.4165498593017621,-0.41169051002941565,-0.23058094532676585,-0.30281817280974316,-0.39453116197876154,-0.21640396893393474,-0.16990700206194523,-0.22873583345889617,-0.21443129208378345,-0.4635646539963594,-0.2938897734846603,-0.2817532100593577,-0.38245541162209523,-0.23148301236759908,-0.23044810324950873,-0.27313946432861896,-0.2132176254915615,-0.19003730240301167,-0.1882313016589225,-0.03363210498952738,-0.24812180075576312,-0.4257597908462663,-0.09948702494831563,-0.2986757873415809,-0.3616051951789304,-0.07778189533354238,-0.26792460263934126,-0.26564777523032296,-0.06583917370157856,-0.238795316365598,1,Bright_Up
0.0,0.0,0.0,-0.06167236967972474,-0.25524034513038457,-0.004140354277260397,-0.18588927089379678,-0.5621276636047643,-0.04338177584713144,-0.22815380681195482,-0.8031926048901138,-0.08360220778779304,-0.1759991773589705,-1.0,-0.1234862177704337,-0.18505526442902895,-0.6046841829672716,-0.14670119328739187,-0.4884777487778775,-0.642141410369336,-0.22906567400200714,-0.42827530872716596,-0.5301702244538165,-0.2472651015358565,-0.31916009433311276,-0.5007857033648454,-0.24895303780282518,-0.1772772476163029,-0.420039697841785,-0.18267827569897488,-0.5051549014116141,-0.4417149359408889,-0.25653060351601303,-0.42438562380679845,-0.36934877408897243,-0.23421533243008627,-0.31384242365201204,-0.36012437033459027,-0.21735656961183716,-0.18016379757077353,-0.21759694107427718,-0.21653467274775018,-0.4616794054253717,-0.24422426168644118,-0.28567026036104937,-0.37823492084109633,-0.18960008551137017,-0.23399629410827397,-0.27350757628033656,-0.1835109182595189,-0.1931730374510379,-0.1901120713099882,-0.02429551214139684,-0.2475611440642329,-0.41917051264878236,-0.06126781430502393,-0.2970232139535417,-0.35155077305255295,-0.03894691124000958,-0.26475432466776455,-0.25771124488048025,-0.03247348403359298,-0.234869724426655,1,Bright_Up
0.0,0.0,0.0,-0.09292298341660386,-0.3423082960107878,-0.03825975597240813,-0.14003840323192934,-0.6280590822038782,-0.07216555926466535,-0.13585180905901048,-0.8271578749944211,-0.10549777680809215,-0.08525988878207394,-1.0,-0.14073205570441796,-0.034245472776481455,-0.5749735595403046,-0.08289328371019299,-0.22380639315020337,-0.5420640257800123,-0.1564068823056517,-0.2487830367839575,-0.5121769036002654,-0.20625322925964554,-0.22874821410930127,-0.5615223987928407,-0.24030173064096838,0.018695373308199224,-0.3878927016307583,-0.10508484835103651,-0.18762345776522074,-0.3757145443339687,-0.16855731723804987,-0.22371412108602215,-0.36792432487188476,-0.1941041420510109,-0.22419328389757198,-0.40212892714167725,-0.219789296604211,0.05146649897221959,-0.20775080324336306,-0.13358024985487058,-0.1281844518562983,-0.20588781020839947,-0.20597705558657048,-0.17163331081694375,-0.21826179490226935,-0.2043469523521839,-0.17424726806990412,-0.26759901569778494,-0.20055673000659793,0.06729592202609394,-0.04443576886449697,-0.1645564582051915,-0.06600862643504372,-0.07238317178199923,-0.21649254488175734,-0.10882562234749157,-0.0925774646545339,-0.21252462672507236,-0.11647592927747463,-0.11982380047570261,-0.20618994892758646,1,Bright_Up
0.0,0.0,0.0,-0.09283770989045909,-0.30990218026909216,-0.03307178267717015,-0.1284648774941687,-0.6127015879589655,-0.05877054794888656,-0.10513739172563069,-0.8334191583934695,-0.08263770843523724,-0.058995286784633796,-1.0,-0.10021302676285976,-0.02205144033725732,-0.6115656757062986,-0.03962365181413991,-0.259503464910053,-0.5799323036930822,-0.10981604841708245,-0.23572119748750067,-0.5210036973800566,-0.15819502596581975,-0.1595528240872785,-0.5422466369990662,-0.18588951284526484,0.015785038829653535,-0.458064104417451,-0.057909961251901114,-0.26553075441399976,-0.4205318549022519,-0.11937618196035507,-0.21707983814357398,-0.3870256993309813,-0.13775640325617022,-0.14220287793957342,-0.408148562006978,-0.15055985149610532,0.03521380077385813,-0.30275382533623496,-0.08422956631987742,-0.23191650354695828,-0.2960448842924512,-0.15173366221994006,-0.18716140450952737,-0.26804872362898047,-0.13841153563383696,-0.10982039250313541,-0.2799931235763654,-0.12088954865997127,0.03686778903444854,-0.15109352066378326,-0.11388408626606421,-0.17418710384050864,-0.18103331288639185,-0.16084726777108932,-0.14241438006045523,-0.16393159521307146,-0.15072873411633528,-0.06582482571261498,-0.1619280554177232,-0.13401119428712585,1,Bright_Up
0.0,0.0,0.0,-0.09586273247486167,-0.2878700850681276,0.022908190212084494,-0.2738666066376941,-0.558419995383122,-0.01216383223318328,-0.37777503760174697,-0.7812001301902239,-0.05555979354926593,-0.3544173629023817,-1.0,-0.0995212854532406,-0.33589766016050104,-0.5697339273142817,-0.12193758124026775,-0.6559095321324672,-0.532435288433,-0.1967809102817207,-0.5778031403373188,-0.4545488435580931,-0.21683755306584152,-0.4637639599622047,-0.4564394694318229,-0.2213794784760196,-0.31893536514199766,-0.38389340460340016,-0.17068596103153325,-0.657621218138882,-0.3318009695443772,-0.23350792374952659,-0.5594532010593011,-0.28429903031224146,-0.21197258957789059,-0.44160868087766564,-0.30322020070514927,-0.19516303149340744,-0.2982308180907059,-0.17887477220295336,-0.21336009045610105,-0.5894497168936154,-0.13006691605454798,-0.26507548645375534,-0.489550513950284,-0.10752221334851264,-0.20555935892468838,-0.3762207842670563,-0.13562036071868444,-0.16221907996202342,-0.2748527832461814,0.021588062646159315,-0.2520730604420927,-0.5042769209151742,0.05074063612549305,-0.28571289520947807,-0.4272321242943848,0.047761459392264005,-0.24131858443623702,-0.3299596668392022,0.025451902024687393,-0.20432364507935952,1,Bright_Up
0.0,0.0,0.0,-0.08147116015365567,-0.3056598101442476,0.0360742904496837,-0.2377237895885678,-0.5828262807066941,0.012761069542023874,-0.32689134827755506,-0.8091269200491127,-0.021591357312372758,-0.3085854436661695,-1.0,-0.0594112897632961,-0.34183048698564167,-0.5884281173423027,-0.09604810414622679,-0.6454992107270324,-0.5830629128297907,-0.1503064084633062,-0.5829937476292538,-0.4940840607706147,-0.16471806040332201,-0.47714975110058444,-0.48242781835257753,-0.16870375614124797,-0.34421178493325966,-0.4063106982499298,-0.1447282282324088,-0.6539291960743575,-0.39248228730952,-0.18583975793518634,-0.5689001126521396,-0.33285725527976917,-0.16341665180227533,-0.4605906762586637,-0.33711772271126494,-0.149063051658281,-0.33541963534690294,-0.21349064513432345,-0.18523509001937072,-0.608225702932196,-0.2076554440228877,-0.21894645383458855,-0.5154193467047274,-0.16852672949081615,-0.16444339082372933,-0.4087668797808062,-0.17285772364254445,-0.12819037607874334,-0.31556459362585493,-0.022637987978870303,-0.22078899843865452,-0.5283788357754005,-0.03258388935528502,-0.2443320055781915,-0.4486403455863752,-0.019456661058113202,-0.19913845261902374,-0.3541732076342043,-0.025913532062563464,-0.16293686928053933,1,Bright_Up
0.0,0.0,0.0,-0.05814627319934687,-0.2898041737666052,0.022297259871126213,-0.18638908759432968,-0.5805967236692231,-0.005873347786470862,-0.2575492045283637,-0.8139701993948454,-0.042881037392228184,-0.21822385547013767,-1.0,-0.08193481969638713,-0.27771320974004654,-0.6247884842725018,-0.09893999519446994,-0.5832268230243394,-0.643346344571586,-0.1666244383912778,-0.5392762941204692,-0.5355235913820716,-0.187024419416181,-0.4415216626066069,-0.5138116603047983,-0.19286236130818143,-0.28333188684157895,-0.4631866950071237,-0.14354569052665003,-0.6091111191371937,-0.47222223719625694,-0.20044540902677643,-0.5388275222997817,-0.3844486683201595,-0.1811063926429663,-0.4318155232463803,-0.3763246854689032,-0.1648358367373178,-0.2883769985170315,-0.2777186003925473,-0.18339047949069062,-0.576071540427468,-0.27891370805196375,-0.23094942694961787,-0.49498615410905183,-0.21238227488769923,-0.17680615122259405,-0.3924675334476511,-0.21071117261246652,-0.13679623983413985,-0.2928253649606509,-0.0861722755507495,-0.21982312018806854,-0.5185034147088265,-0.09568084749682355,-0.25092024465230506,-0.44375474040504287,-0.06562391681576313,-0.20959661440362887,-0.3490296555966024,-0.06992808330498748,-0.1748144904272464,1,Bright_Up
0.0,0.0,0.0,-0.0407477406542147,-0.2952475584018347,0.02207695832586161,-0.15150270654513048,-0.5891613666463876,-0.004730488913371557,-0.20721226500144635,-0.8228574319407349,-0.04042564006772311,-0.15008905071804843,-1.0,-0.0791381615845299,-0.2680326731170605,-0.6225007102005554,-0.09159786824251416,-0.5578313393669032,-0.6664527201005566,-0.15075840956451197,-0.5227703918361312,-0.5624858446327647,-0.16978216917816286,-0.4284980458134488,-0.5267467366446623,-0.17554971113188242,-0.2938481714443598,-0.45867385125870885,-0.13293291070537294,-0.5943552351834004,-0.49377630822833823,-0.1778156076255023,-0.5341738129921949,-0.41051952954239734,-0.15908087369451954,-0.43296056992459553,-0.3959683957509901,-0.145060006769889,-0.31211595661744773,-0.2744975087850836,-0.1691544199885698,-0.5781515068574891,-0.3142785983819102,-0.2083545071583914,-0.5063269465008191,-0.2513419871865551,-0.1598874053344407,-0.406709481923288,-0.24128528788741602,-0.12470322665706116,-0.32408883538783434,-0.08697887818147149,-0.20173358951441525,-0.5282042368165374,-0.12977640681325553,-0.22741860875793168,-0.46021281370434125,-0.0971484312675037,-0.18805700771293155,-0.37156421834483705,-0.09041093047298708,-0.15486750350426362,1,Bright_Up
0.0,0.0,0.0,-0.06485405638181665,-0.29376496722964457,0.023318929982034112,-0.19181003697168306,-0.5767417128812705,-0.00753431226947049,-0.26241754894546676,-0.8079047979161414,-0.047635995680725324,-0.22486004327367448,-1.0,-0.09009119902498211,-0.3101748277455676,-0.6158166855726409,-0.09888938628340577,-0.6127376375934795,-0.6249944857574994,-0.16359843942232266,-0.5641865704562642,-0.5181927989244601,-0.18357215814869018,-0.4617400848668179,-0.4948418200151248,-0.18925941000777766,-0.32147718679102594,-0.44644882782959416,-0.14321614158495605,-0.6372841567935468,-0.440373708091757,-0.19298369000525686,-0.5640665700361314,-0.35868230610873036,-0.17208162557789783,-0.4561331505755819,-0.35788878035459204,-0.15684638077178908,-0.32584131585581044,-0.25713753045962523,-0.18241193526826,-0.6067533715654146,-0.253345307117049,-0.22496490153685086,-0.5237826653222418,-0.1934422527518696,-0.17268747014978253,-0.417366187715318,-0.19480952230904966,-0.13556996328323773,-0.3247216620452063,-0.0640072262835056,-0.21784125515209327,-0.5406985232333418,-0.07149005335686077,-0.24649867495925235,-0.46249317284261826,-0.04525853919838669,-0.20564900240022368,-0.36575392824132424,-0.05155002730862953,-0.17116360267015898,1,Bright_Up
0.0,0.0,0.0,-0.06789081663071171,-0.2970067180376208,0.0318076674231726,-0.20195927211759668,-0.5784165324555515,0.009015899478183943,-0.28008300324880847,-0.809022921224086,-0.024373078348862022,-0.2609059035909396,-1.0,-0.05977306937378267,-0.31001531847755415,-0.611357311937568,-0.09236631672835675,-0.6244829320282279,-0.6177674163826502,-0.15266743016781142,-0.576135405858952,-0.5085714372182008,-0.16457391166937532,-0.4750778407655103,-0.4856136444912747,-0.16456283074070333,-0.3141710292634874,-0.44747658724294137,-0.14077354278005824,-0.6408248271312078,-0.4405323284438959,-0.1914221349126052,-0.5686955789269802,-0.3600676999031057,-0.16837328311748845,-0.46103321290060945,-0.35707058453837515,-0.15041833265664792,-0.3117622907201904,-0.2618665239564949,-0.18319036047100834,-0.5881054568986867,-0.2514318514375007,-0.22645829751544505,-0.4997228349220937,-0.19115714780741996,-0.17189722334566668,-0.3960956292656059,-0.19352149958664827,-0.1326783963466104,-0.3016549705862029,-0.07112071030927991,-0.22122335471636526,-0.5210279772800296,-0.0767061288537673,-0.25004343158112635,-0.4454632944158929,-0.047615648957188464,-0.20786095267618818,-0.35484443700181534,-0.05208458906683386,-0.1728337746101094,1,Bright_Up
0.0,0.0,0.0,-0.07684831038437075,-0.2885130050032006,0.02694546091832079,-0.21490939092472958,-0.5754769961949736,0.0006762827244123134,-0.30609982133778557,-0.7989552326142515,-0.033951842537411236,-0.29123232851353187,-1.0,-0.07013810103070589,-0.31187385581328547,-0.6179767169165227,-0.10000130303603916,-0.6237309929165865,-0.6029047998656424,-0.1695038223049857,-0.5772015564612368,-0.49055760190877007,-0.18722163353200474,-0.47595988826835456,-0.4656892807484308,-0.1891492881275095,-0.3090828445010516,-0.44877171944079464,-0.14698739300600375,-0.6387048775316496,-0.41014238008061965,-0.20318139957645676,-0.5596785752011375,-0.3259173188863414,-0.18022619913305632,-0.4526965632665117,-0.3262527063411787,-0.1615008323156933,-0.3019122911142843,-0.25466192361930684,-0.18913983635680812,-0.5790816513931119,-0.21449522288193576,-0.23873490793441854,-0.4874648938754552,-0.16217250010322537,-0.18594089485380116,-0.3853601856080785,-0.17866398762004856,-0.14663454273193088,-0.29131212235663895,-0.05608189938730994,-0.22650165685207205,-0.5185292702815051,-0.03272180851858804,-0.2597377873522427,-0.4441044129035004,-0.015954208973235625,-0.22038520546412782,-0.35378234215447935,-0.03542137355348328,-0.1861519052389065,1,Bright_Up
0.0,0.0,0.0,-0.06457227903441916,-0.28529788964733777,0.01998040426282116,-0.1914710125853255,-0.5755814701417655,-0.00802211002839583,-0.2707497560714943,-0.8034675946175419,-0.04371384193130041,-0.25956615360865753,-1.0,-0.08152692345710537,-0.29431458563820206,-0.61661316402485,-0.09459375108524948,-0.5943671811760421,-0.5911476217712871,-0.16388788513658034,-0.5502007833420085,-0.4861707875575681,-0.18713733629744253,-0.45456349167080634,-0.46871777719283314,-0.19446788576990384,-0.29453451712051554,-0.4492297202887163,-0.13773173267087382,-0.6092809601184315,-0.4017121505093306,-0.19580904415322686,-0.5319140619588301,-0.3278861739541751,-0.18054883910979472,-0.42426786813413,-0.3348653494857215,-0.16855737809184593,-0.292551670291784,-0.25914162894763404,-0.17714263790786547,-0.5651657724270738,-0.22105414718042396,-0.22835585752169646,-0.47768351043301516,-0.16829632019253035,-0.17992466910993327,-0.3760754129961941,-0.18257504388733967,-0.14428987795330642,-0.28818619117265787,-0.06675625555395026,-0.21290308873524325,-0.5016580211411302,-0.04871173093250949,-0.24787367877504365,-0.4286286468053777,-0.02506427243993817,-0.21237334516694029,-0.34240041482689487,-0.04021851640011004,-0.1812522827816065,1,Bright_Up
0.0,0.0,0.0,-0.05552516998975012,-0.2892414766841745,0.022595923940417848,-0.16668218182464678,-0.578401344460459,-0.007661797372662071,-0.2363381626217374,-0.8061877330823253,-0.04545110320818666,-0.21011540561355702,-1.0,-0.08557100996661417,-0.2771843469916932,-0.6241362851476973,-0.09980293680354921,-0.5831893551365338,-0.5850045051574113,-0.15999196791197595,-0.5398087264985482,-0.4739437943030809,-0.17606623745051894,-0.4482692121073544,-0.4563784954478033,-0.18107336372308083,-0.28616058608282924,-0.4519190192708139,-0.14532097650819656,-0.6133320559049416,-0.3915684293779228,-0.19642880199995505,-0.538469155166313,-0.3161790832788657,-0.1760144756734646,-0.4320128658110036,-0.32372414164343305,-0.16226178511049155,-0.2890864074129038,-0.2594637319395536,-0.18569530150622734,-0.5700711861786857,-0.2174268723688535,-0.23310618791230683,-0.48410132542249584,-0.165699417971689,-0.18340086891283947,-0.3822948918749875,-0.18073200103807519,-0.14833288227250163,-0.2862400961231941,-0.06494834440094988,-0.22211835405964783,-0.4993729324611592,-0.055299233073806305,-0.25928837195928395,-0.4245964556794491,-0.030192085886646833,-0.22546373283486232,-0.3382223777304723,-0.04312283832077758,-0.19520378870918512,1,Bright_Up
0.0,0.0,0.0,-0.09939941361883689,-0.2627607009443271,0.01597937697478982,-0.2535260294623901,-0.5565229465461484,-0.013984726855116132,-0.34657302313914845,-0.7854100892881138,-0.05069153919298788,-0.3542154304501007,-1.0,-0.08656600953671577,-0.2705466961350289,-0.6540165573973993,-0.1007963346698417,-0.5815053179985231,-0.58620750112298,-0.1873364186597931,-0.524789641196668,-0.48241739537728934,-0.217353132186616,-0.4256899448811945,-0.48105958129159987,-0.2274323262772453,-0.24472698466732276,-0.4835271940343203,-0.15095223213888137,-0.5956388700836828,-0.40467134116454634,-0.22783621517964264,-0.5129079361097922,-0.3322933236754914,-0.2144214983177929,-0.4024115597201444,-0.34899661250340736,-0.2018164468910643,-0.22634312896162415,-0.2828594208110284,-0.19997656721310042,-0.5341591982626123,-0.20915455917113193,-0.27667693821244393,-0.4420233861400583,-0.15320903554247936,-0.22712037137049423,-0.33464012807731736,-0.1799557974566261,-0.1855304043496356,-0.21489577081224412,-0.07666364219231306,-0.2451632378555218,-0.4590711834994235,-0.026442437513037445,-0.302353669681353,-0.3871597626320861,0.0002779615640073048,-0.27186764006539305,-0.2942456069403368,-0.021073376989850307,-0.24049760757255642,1,Bright_Up
0.0,0.0,0.0,-0.05641261856774772,-0.2801178974323567,0.01467415650612841,-0.17374891340599008,-0.5779194338268823,-0.01713952843180612,-0.25413674238200923,-0.803632487129823,-0.054212125003573045,-0.23542646573389348,-1.0,-0.09206474656486743,-0.2669899632015774,-0.6332895564744657,-0.10308028013223577,-0.5626952850054052,-0.5973669963796872,-0.17437015627210736,-0.5122846421296682,-0.49625123541743876,-0.19434267212241246,-0.4158677979524336,-0.4870617546477435,-0.19914465218153685,-0.2735799134238001,-0.4608010067295027,-0.14701967319369716,-0.5979369169201748,-0.416837102022364,-0.2079541452621013,-0.5218747262929767,-0.33937475130019223,-0.1891157981243784,-0.416203748545007,-0.3434752027231272,-0.17390886463600846,-0.27792141000683857,-0.26414450803731904,-0.18796746373911552,-0.5609150152348836,-0.22690693436667214,-0.24655471891542616,-0.47684100070825314,-0.1684407964541964,-0.19707163025838192,-0.37629540425932656,-0.18070945836323016,-0.158731894061328,-0.27968850524431804,-0.06406287472702489,-0.22495935676581078,-0.5030273369120896,-0.05030256291022507,-0.26764885412565875,-0.4281571975523669,-0.02021485711608984,-0.23326565587601747,-0.3392037263434791,-0.029900578630370666,-0.20060697960430296,1,Bright_Up
0.0,0.0,0.0,-0.05118382137764855,-0.3167610378127977,0.0135082769641236,-0.17483795849495976,-0.5834221422478473,-0.004364994437496505,-0.2786981887464432,-0.7997210582353198,-0.02869589805626779,-0.27921074423904313,-1.0,-0.054845742863779294,-0.40283673812473925,-0.5779743099615833,-0.04232112142760279,-0.6306970430927669,-0.5337201989950625,-0.06900842335093116,-0.5693405642344356,-0.45024812119023455,-0.0789314886594171,-0.4750572515519249,-0.4407984708013972,-0.08313297116017983,-0.4461715865435504,-0.3962835990959298,-0.06763562359749575,-0.6569255387374149,-0.35130299426550526,-0.07810361378472297,-0.5777593753696912,-0.2794211958382885,-0.06186508588743331,-0.48134713929031736,-0.2776553948458037,-0.05291381041376155,-0.46542803240207464,-0.19813881088620047,-0.0890048042683258,-0.6460811795251764,-0.16800737203235228,-0.09885912257325646,-0.5658923957237231,-0.1117719651073739,-0.06291721546459993,-0.4755909767320229,-0.11460172968799616,-0.04182093307964784,-0.4647590702771361,0.0020400107093713226,-0.1080456539822237,-0.5978867670774001,0.019327426575429463,-0.11306030153805875,-0.5199143250294196,0.047548612451512075,-0.07717293361511642,-0.4412524983344437,0.03534764985336878,-0.046857112231241484,1,Bright_Up
0.0,0.0,0.0,-0.05901357296843263,-0.324145023690118,0.002677896006535013,-0.18977199312595783,-0.5887766025333437,-0.01660041279021451,-0.3009503254484996,-0.7962235557635401,-0.041326316479917,-0.3089509962315448,-1.0,-0.06709391105488492,-0.44369948721703195,-0.5494571406240261,-0.025184809129376467,-0.6400497052215216,-0.4837958405515063,-0.052158194275464705,-0.5693424446381383,-0.4218980488919713,-0.07132972079044009,-0.47228419435295654,-0.4248720515968693,-0.0816456844622946,-0.4852086402396615,-0.35184697835982665,-0.045916466215165465,-0.6708829701244312,-0.3237233108980479,-0.0532714627140836,-0.5889415775669571,-0.27368294519267206,-0.04538219104422956,-0.49293674357586725,-0.2751694518673591,-0.04162607960965416,-0.4914467741568465,-0.1459801495707681,-0.06485962164959642,-0.6482556672757799,-0.13580660671831762,-0.07339223334288829,-0.5662165758603188,-0.096643957659541,-0.04360613942732583,-0.47758417189458613,-0.10194789262326628,-0.0252975357567179,-0.4729933149247249,0.05014944215188784,-0.08299646392604412,-0.5936936994872171,0.041747093026131846,-0.08476778905151913,-0.5161707686995615,0.06196853057949521,-0.04813568340739427,-0.43913682687960237,0.054069763415413565,-0.01665463024585923,1,Bright_Up
0.0,0.0,0.0,-0.06463182196321338,-0.32250508884389106,0.007843222400830295,-0.20180776617275917,-0.5913780410404202,-0.010442533132365983,-0.31509454300949225,-0.8082978971268032,-0.03583857261966768,-0.3282378026055461,-1.0,-0.06304524309581719,-0.449086425028556,-0.543220490143522,-0.02366307214317014,-0.6567772379432708,-0.4842718348986171,-0.0461612836912808,-0.5850128169741886,-0.42397864208230995,-0.06536358022090921,-0.4918083027309847,-0.4265060246787781,-0.07684582050618416,-0.48913952979130787,-0.3460367924259248,-0.044939635627313394,-0.678052738356324,-0.3154979284502023,-0.04701222394914779,-0.5997403734928636,-0.26836007987466776,-0.04006096636663745,-0.5068689120581068,-0.2707327790187365,-0.038693637910586165,-0.49734693709845745,-0.1396105167345743,-0.06323533455724227,-0.6686030295720924,-0.13180021085288104,-0.06473386449042386,-0.5888424408855434,-0.09858073098565746,-0.03502024957318675,-0.4970566639323144,-0.10220950810178751,-0.018931471120494994,-0.48197478563048735,0.05619166439878168,-0.08054977166536746,-0.6070102540627367,0.04434895426735391,-0.07853230065280474,-0.5296054460176504,0.060127874876555354,-0.04165415683248117,-0.45024099198498024,0.05430476797240447,-0.011145747105562724,1,Bright_Up
0.0,0.0,0.0,-0.07933210360090201,-0.3131596997984247,0.014534229148061397,-0.21350911836588096,-0.5764878181831777,-0.004685440773704878,-0.32063779600550213,-0.8003059652784363,-0.031374123224522606,-0.33659219153535624,-1.0,-0.060020060104614435,-0.4569940033036844,-0.5466404767921337,-0.025061222926972618,-0.6776282266678331,-0.48148855466954316,-0.03964445413538354,-0.6170262591513327,-0.4054057743142279,-0.04885093058046059,-0.5274488646418771,-0.4022464199106982,-0.05394162552329773,-0.4943757011011925,-0.3588474920117045,-0.04967230797850708,-0.6938736559717293,-0.31147616674336176,-0.04908181326975509,-0.6148162065931494,-0.24878402599648505,-0.03806930579065,-0.518967105468527,-0.24940644896185096,-0.033755823544244334,-0.5022924844326011,-0.15410190858572184,-0.06929596789675888,-0.6806254472478139,-0.12938825104250506,-0.06648869967246014,-0.6025714234506991,-0.08192387092960722,-0.033286328322859854,-0.5092006197167785,-0.08267115830373838,-0.015323542337963937,-0.48895810502354914,0.04593823318523291,-0.0870005200115667,-0.6353770543132878,0.04917402549679002,-0.08098949900645332,-0.5643479591256595,0.07164226014550026,-0.04074539665395801,-0.48217697061140474,0.06524663866079836,-0.007631234160615171,1,Bright_Up
0.0,0.0,0.0,-0.06559331956544673,-0.31594496140018075,0.004410681161773661,-0.1833522301220197,-0.5990891050905383,-0.02311764089278642,-0.2808867456688655,-0.8092353738380376,-0.0560609715539586,-0.2985538967142397,-1.0,-0.09133038399490416,-0.3860210015709837,-0.5674610604187199,-0.06513117396541376,-0.6228577171602165,-0.5238755301951042,-0.10862060409893312,-0.5637448239747502,-0.4446023928751662,-0.12946484209107725,-0.47210173473470524,-0.44268998400504844,-0.13919517854103433,-0.42147505196220897,-0.3743714402204129,-0.0916722769755629,-0.6530613748055278,-0.3373551972187982,-0.12010026215338439,-0.5800535208376298,-0.2758131242236556,-0.11182983330715926,-0.48420367855374463,-0.27929390319585407,-0.1063912201112767,-0.4346155271728852,-0.16900951998988792,-0.11491153295133574,-0.6356612814778841,-0.139037993474668,-0.13906441173374262,-0.5603890204113829,-0.10023146586175534,-0.10411388631431469,-0.46783427595520655,-0.1121661422134618,-0.0812307419449083,-0.43190931062043875,0.03340431112889384,-0.13621133125623203,-0.58067447755052,0.054222458128486126,-0.15107572759174395,-0.5077387339183259,0.06553273262770538,-0.1157015984992745,-0.42648190897798627,0.04645996462673219,-0.08433282285674408,1,Bright_Up
0.0,0.0,0.0,-0.05224646494268901,-0.31623945887844734,0.0032041928059964083,-0.16559457570967878,-0.5811978698673518,-0.028296148310474806,-0.26692906797316396,-0.795107494723181,-0.0655122337060328,-0.2774703909421138,-1.0,-0.10621434413441302,-0.386979161930986,-0.5728401296752605,-0.05105391059217839,-0.5994815199402703,-0.5322557830357533,-0.0855553701697129,-0.5491600192576993,-0.45046718796271795,-0.10742717232643251,-0.45843982020776264,-0.42917138604217336,-0.11842934296101927,-0.43362901628398914,-0.38809167042356,-0.07279972685931763,-0.6220287500461819,-0.3411605238342802,-0.0812872223029934,-0.5586963324855817,-0.28069949690814483,-0.07575846742282055,-0.47114343337431097,-0.27806082841023966,-0.0771844731778019,-0.4570677724382639,-0.18263186177824342,-0.09095837654379037,-0.619257031701658,-0.1706576057726139,-0.0955148158628744,-0.5546706538651843,-0.1242064054293545,-0.06510537999307311,-0.47106631970888324,-0.12135066771802133,-0.0509015391685692,-0.4613824546614808,0.019864710404233286,-0.1080615041589651,-0.5780413888608504,0.018724348916086864,-0.10791318264147866,-0.5115270542936601,0.03984083279075621,-0.07241125957628641,-0.440133726605354,0.03611221442479018,-0.043997247701012134,1,Bright_Up
0.0,0.0,0.0,-0.04855018529726295,-0.3156751268260293,0.002134193906856121,-0.16115580230747187,-0.5904394225292454,-0.019458503780870526,-0.2832219868267767,-0.8007650924045072,-0.044266678218421514,-0.30843551168157773,-1.0,-0.071021136292045,-0.397260763710962,-0.5696504475977998,-0.04405524244838473,-0.6189170392839917,-0.5429610700464265,-0.05752234045525468,-0.598208243555958,-0.45356739027337173,-0.0598230634622548,-0.534460223305445,-0.4152317809536558,-0.06160767261871983,-0.4446403094986671,-0.38759575658797113,-0.06076206693078631,-0.6420088812640871,-0.3469077611733422,-0.0625891664371115,-0.5730985004406385,-0.28544074091600286,-0.050551862194983734,-0.48161865729568853,-0.2812249114586726,-0.04753878586935713,-0.46463663259378335,-0.18550505782679186,-0.07230655614934453,-0.6372613005529588,-0.17142799624071764,-0.0757959134303046,-0.5607797120930255,-0.12428609559559323,-0.04443633229317375,-0.4709168740662391,-0.11815591534510783,-0.030108499184739422,-0.46482209761985777,0.015334937920123696,-0.0824936970711786,-0.5677102959931571,0.01449982465861072,-0.08698743482085496,-0.4920331606375878,0.03459530154495953,-0.05766380020153436,-0.41860462963745,0.028776582211624734,-0.03392654745111579,1,Bright_Up
0.0,0.0,0.0,-0.06215812697447998,-0.3185428018169331,0.016465058957653197,-0.19766286245764145,-0.587894763201326,0.005706800329042162,-0.31183127724550347,-0.8077566732038558,-0.010222777581700749,-0.33534075901050486,-1.0,-0.02680204420813407,-0.4245946964129592,-0.5747388208286778,-0.020713147356760192,-0.6239687699884997,-0.5216480814600934,-0.023930766819037372,-0.5615067623659169,-0.4568632489219125,-0.026002817965547653,-0.4766111715772246,-0.45447656587549906,-0.028114703831571893,-0.47193388453679447,-0.38548199988722676,-0.04009696849071949,-0.6505816168201616,-0.3528459420842944,-0.028089567718608145,-0.5752203835153562,-0.29817591058834353,-0.012828680184567499,-0.48493537662229713,-0.29395473637624137,-0.007559917878451934,-0.48926173579941684,-0.1808817161796774,-0.05392832077244522,-0.6453301903147411,-0.1748314209554834,-0.0392164748965539,-0.5690839323486728,-0.13640073393655724,-0.0074735466920344065,-0.4812536693617444,-0.1321994059442697,0.00543255220307984,-0.48343663679888416,0.015323616546283779,-0.06622175153943273,-0.5810271539481778,-0.0002554325232612289,-0.05392179413875985,-0.5085959231428286,0.01790339163724659,-0.019811778749767528,-0.4391368388684246,0.01584055220122012,0.0061727815442448805,1,Bright_Up
0.0,0.0,0.0,-0.05445721540167714,-0.32641958674630817,0.008705558794737906,-0.19459914975582232,-0.5926775881860809,-0.005761663536757609,-0.32585109539467283,-0.7987534535089597,-0.02563690590559723,-0.3577210245734187,-1.0,-0.04558446751850752,-0.44438768313325683,-0.5740801992334182,-0.009403749361927366,-0.6314586697667179,-0.5135399439656011,-0.0236198275285762,-0.5617196772185147,-0.4518325485923303,-0.03833805342211084,-0.4738399128353795,-0.45264144794443256,-0.04756109218774891,-0.4954490291262136,-0.3795900052532249,-0.02655761679035218,-0.6624204720119852,-0.33593205829134,-0.02320842371366482,-0.580230242037473,-0.28389521761970543,-0.014254197565677099,-0.4876681761581415,-0.2828518687861159,-0.010586977088618613,-0.5115687686051715,-0.16946538708484932,-0.041039394362486735,-0.6590190088915695,-0.15286787166566143,-0.03647164995376639,-0.5785850827869331,-0.11553398058252427,-0.007483103610473002,-0.4886827052162578,-0.11806793198046579,0.007519387909277665,-0.5013596367492266,0.028742922738681245,-0.054600265345958535,-0.5965591376928614,0.035401385294861566,-0.04803202039124328,-0.5216943595929724,0.05991205712395665,-0.013907508092981708,-0.4495117662509485,0.05576200945580481,0.015168830453346384,1,Bright_Up
0.0,0.0,0.0,-0.059233967308200776,-0.33272329046365867,-0.008297593363566046,-0.20438953076532812,-0.6114382154187893,-0.027026667596784584,-0.3493589751683847,-0.7980165062599894,-0.04843370689025443,-0.3801188737600165,-1.0,-0.07001390106394517,-0.4624491550270706,-0.5637134514073959,-0.024922132943032946,-0.651272743710527,-0.5116864835898299,-0.047701979797608304,-0.5927966370281964,-0.4392207647245552,-0.06739481833036387,-0.5007697298192776,-0.4338336661337315,-0.08057272447080269,-0.5067365248668441,-0.35824761208243483,-0.040166742656174745,-0.6829547776155094,-0.3158364586771506,-0.04996746868463404,-0.6021783505407176,-0.2556455060834667,-0.04804168810839228,-0.5029968450673779,-0.2578610046741894,-0.04808187290415755,-0.5160647007410165,-0.14133380944792845,-0.05436782614307103,-0.6820553705448541,-0.12231431088852024,-0.0679189095100127,-0.59811315179865,-0.07356526073966288,-0.04229682882651888,-0.5015858000000505,-0.07719799153044662,-0.026636907828627814,-0.49823704597494184,0.07214449303518256,-0.06847019566338641,-0.6217142852813669,0.0868037045015305,-0.08310448498027898,-0.5421502836863492,0.11319548738317367,-0.053724612928921237,-0.4604015928962625,0.10382362277582048,-0.025408033966965535,1,Bright_Up
0.0,0.0,0.0,-0.06591528223575266,-0.33193844943063244,-0.006997617804684183,-0.22367212481273133,-0.6042167187798733,-0.023639560999529324,-0.37037227644850607,-0.801324764580149,-0.044068417937397096,-0.4282203382115071,-1.0,-0.06396753516353469,-0.5061418052446354,-0.5576549765161807,-0.004544704343354846,-0.6764569021590142,-0.47294581069502595,-0.02227565935490329,-0.6122089559183979,-0.3995412992525439,-0.04534231666235165,-0.5245061468631423,-0.396550058519877,-0.061569415923848,-0.5469448780186799,-0.34700921447813116,-0.01794375959839049,-0.7054055270683515,-0.27780705738589634,-0.020426501814159396,-0.6269013902137771,-0.21873662818280862,-0.022197315284706753,-0.5298766227000474,-0.2204639002663489,-0.026353842315250384,-0.5507647288511592,-0.12198561938510126,-0.03161069722085484,-0.6977970579220335,-0.08049163777764065,-0.03535323729584323,-0.6202249651763739,-0.03514505544973309,-0.012735324185089433,-0.5244288874749254,-0.0394207493174367,-0.0007072486061837932,-0.5279031574432529,0.0901352785333715,-0.046226824435328925,-0.6371431273791086,0.12154886991390447,-0.048465797712431924,-0.5662637713911141,0.14405423887237204,-0.0188021322653087,-0.48846394679900823,0.130292204869137,0.008237439023642169,1,Bright_Up
0.0,0.0,0.0,-0.07131919396175504,-0.3285526489819284,-0.010930351168543167,-0.2302547316380327,-0.6072272056746656,-0.030348135880149514,-0.37902449405636573,-0.802768836839593,-0.05272358007414375,-0.42065189118707164,-1.0,-0.07522165021518668,-0.502440233000546,-0.5403462163396089,-0.017159633565033347,-0.6837312776234713,-0.459583884536001,-0.04708154817155974,-0.607263974173183,-0.39727440187527135,-0.07620614137944363,-0.509016727198269,-0.3982441547831659,-0.09315488446846004,-0.5390156644197606,-0.3189691931952033,-0.030114296999450167,-0.7111892257645575,-0.24808888258324296,-0.0445819033513577,-0.6222192686160987,-0.2021363147258746,-0.051366681998500426,-0.521019108445763,-0.21248372376801494,-0.05489484598626366,-0.5431216533195717,-0.08662814159535787,-0.043017346085655536,-0.7020939594943669,-0.050017630689925145,-0.05854727824192919,-0.6141650185804345,-0.015255938632206659,-0.039017618796179876,-0.516246869155855,-0.028119196456296288,-0.024774374991541954,-0.5214231721573858,0.13731020373905747,-0.05632721773891015,-0.6267124311045387,0.15859019962306442,-0.06936793959808134,-0.5457696348329424,0.1733235838346452,-0.04260266514527585,-0.46878536369501844,0.15376430171164507,-0.014353802483932953,1,Bright_Up
0.0,0.0,0.0,-0.04096373178707648,-0.35219816155334527,-0.02279599925416397,-0.16337299943746253,-0.6365416926814492,-0.04210707436528058,-0.3062779182404322,-0.8253764982969333,-0.05979596486828799,-0.36508867692421815,-1.0,-0.0767506203295378,-0.48599739130972325,-0.5305143817960399,-0.023592891930049657,-0.48874368690771297,-0.5509731898347623,-0.034258946347823366,-0.38621968633899373,-0.5060418997694215,-0.059556558036239424,-0.31300364103927253,-0.4610267854383156,-0.08136873619989456,-0.5471999851638467,-0.31446388942120457,-0.02627044668472768,-0.526872847985065,-0.3515107531202285,-0.019374627775432213,-0.4323916497184222,-0.3193027007980614,-0.03910034632433279,-0.3586236995184432,-0.27037034747507216,-0.06207454300845255,-0.5582227524773286,-0.10350912114337288,-0.026157442719147557,-0.546557456094259,-0.16050220378692812,-0.020911738249138223,-0.467972825112662,-0.14664177489846508,-0.021043582970249452,-0.39595343920577125,-0.11435261827195906,-0.02957424744446236,-0.5420146259743953,0.08981015905592611,-0.027812776857136144,-0.5273991605209962,0.0374491707208516,-0.02900022160791968,-0.4489751308981436,0.03309006163185322,-0.013037519465331883,-0.3885880309333795,0.04372832530738655,0.00292674839368757,1,Bright_Up
0.0,0.0,0.0,-0.006748776868222451,-0.3556179160530934,-0.05025713120444252,-0.12130843013256917,-0.6412794541622333,-0.07593602831746436,-0.2519820143826678,-0.8184404489408073,-0.09553288624968605,-0.31739767004615915,-1.0,-0.1157072546535789,-0.43734394573889784,-0.5052101598147509,-0.046108466369750335,-0.3905607502580338,-0.4950297297489077,-0.06979221944135133,-0.2968128548937035,-0.4564083814201736,-0.10687211860059256,-0.23309846066091255,-0.4151062952274924,-0.13506268247551487,-0.4983535758047909,-0.3001672006605864,-0.0359524166213605,-0.440555254085623,-0.29760995550403385,-0.03573857630066787,-0.3595561134305415,-0.27349377177228096,-0.06255574285759781,-0.295191141688835,-0.23486346026317143,-0.0927398752148906,-0.510222444973853,-0.10015482649212366,-0.02631202011827063,-0.4628892587860642,-0.11868346316873574,-0.03234719711556288,-0.3920622074595322,-0.11570619342070193,-0.04406136389209075,-0.32881875366229946,-0.09775393903767561,-0.060411301952779696,-0.4993003117319441,0.08640630370516714,-0.020740938627773407,-0.4572230349254058,0.06312419370279314,-0.03417592127343785,-0.3804821518803445,0.0501315657941633,-0.029638713851252257,-0.3229550908561493,0.05075326194409142,-0.022553687394931517,1,Bright_Up
0.0,0.0,0.0,-0.013112722596238606,-0.3544724320704885,-0.03882431280513418,-0.14480310677035899,-0.6401422684680902,-0.056011801755943245,-0.2802257704806584,-0.8218076708025084,-0.0701607898695132,-0.3547716289208016,-1.0,-0.08503200263358733,-0.45638699929943555,-0.5130679771830092,-0.016950827687312313,-0.4286267986254014,-0.49951218965032496,-0.03843549177605795,-0.3377728830115931,-0.4571062178079917,-0.07889299594762283,-0.2768152433845674,-0.42241425766871765,-0.10927271594862747,-0.5165678731834521,-0.30892233293562343,-0.012189116939403093,-0.4847481540383406,-0.3074680460446152,-0.005370677881162367,-0.4072727512137955,-0.2791077447604584,-0.03120444401892484,-0.3459790942601754,-0.24240382601325194,-0.060497239867184485,-0.5242227526646686,-0.10991619318216456,-0.008791065903906449,-0.5057725240729104,-0.12731496552408583,-0.007315061161349854,-0.433549891379595,-0.11635880115455359,-0.011686434950236605,-0.3707119690200803,-0.09608120402469751,-0.02356313980229754,-0.5046019499246399,0.07199256567761016,-0.009263515973146013,-0.48338177298640156,0.04982298129300345,-0.011313708591786585,-0.40865717673755464,0.04173174259122029,0.0038198305392050627,-0.3525433804952427,0.0447234672501371,0.017346887794161745,1,Bright_Up
0.0,0.0,0.0,-0.02486887479223751,-0.35403498109476844,-0.03652201727453031,-0.1677051369050858,-0.6463856769900285,-0.05514783138523499,-0.3128233215511427,-0.8241833997386222,-0.07014807617025536,-0.3880824921027155,-1.0,-0.08720866973446897,-0.5029143212647154,-0.4931683484434881,-0.03425174448713024,-0.4511276921860772,-0.45598386767261867,-0.05523999872014659,-0.35365282130937337,-0.4179285553692808,-0.09729214431378523,-0.2940224203829503,-0.39196196573343367,-0.1304718475098627,-0.5590440076627015,-0.2727940731098105,-0.03131494382477983,-0.4892191928908527,-0.26276603608163285,-0.02232011894263596,-0.4018788710040048,-0.2372147147686663,-0.04814227178165455,-0.33940100752616087,-0.2043730988256479,-0.0806492171956858,-0.5599816337446321,-0.06336537760671986,-0.027709576080682648,-0.4996359344153238,-0.08167773535550356,-0.02329629545708206,-0.42275470218228894,-0.07453963733575342,-0.029637436571700225,-0.3612785644548795,-0.05636920998409763,-0.04591607954706953,-0.5361794826649857,0.12764521815189683,-0.028221160331259352,-0.48402166581628203,0.08990122876305477,-0.02862750386608594,-0.403174338778875,0.07711748346369714,-0.01579211971497601,-0.3483235017231839,0.07946048996528993,-0.005675164147178706,1,Bright_Up
0.0,0.0,0.0,-0.02733906986218032,-0.35934123893375564,-0.03158356843755957,-0.1799298828728328,-0.653629755129625,-0.047568857903398716,-0.3285927608585099,-0.8302072893215041,-0.06126509312086568,-0.3982745898930437,-1.0,-0.07852981276027102,-0.5314802699468928,-0.49530884314833723,-0.03613662065040377,-0.5056008719451904,-0.444002746411522,-0.06099816191874409,-0.40216475501496635,-0.39589791874344926,-0.10527231206220228,-0.326093337523994,-0.3692631226806919,-0.13858314925908194,-0.5841278727046353,-0.2608923679166256,-0.03765297265780667,-0.5496734252311046,-0.22556968479666978,-0.029732229848589194,-0.46336393594764014,-0.19684999008540044,-0.054920385932039094,-0.3879018953746707,-0.17442168208263245,-0.08489765823010838,-0.577956337992071,-0.03522529072708412,-0.03784474343900967,-0.5405896961006622,-0.020614273516148657,-0.03307383349797118,-0.4606148940216988,-0.015300048156626393,-0.0388788252121987,-0.3871040061726813,-0.011928274954102824,-0.05383796627064628,-0.5430872309400254,0.1752229435973944,-0.04187682391318382,-0.4936839279620035,0.17701485571222572,-0.04139973017907585,-0.41032197493427364,0.16148036437165045,-0.026851317847067607,-0.34846445110213925,0.14738490633738505,-0.0144082719944053,1,Bright_Up
0.0,0.0,0.0,-0.015707855170699152,-0.34704858612161577,-0.02700464014091606,-0.1585764384135251,-0.6295010533753811,-0.04136203208815569,-0.30494334018136376,-0.8110718258070425,-0.05355488892724442,-0.35041016212821086,-1.0,-0.06609901128889895,-0.5107509715915782,-0.5271820572879182,-0.018575925765940596,-0.46772425118750083,-0.4811397390769553,-0.034837418434840506,-0.3613621910207927,-0.4290721136860287,-0.07265285856255409,-0.29487634289004333,-0.3977697229819029,-0.10363365081860937,-0.5763831931013726,-0.31232776331113177,-0.01774851494299926,-0.5109767603145732,-0.28093141937425575,-0.006005825801598333,-0.4144063804451656,-0.2493118383690347,-0.02734801148190872,-0.3484223577288965,-0.21969013752764294,-0.05441934781289104,-0.5879028670129938,-0.10172020779628636,-0.015734988515381194,-0.5328223917509585,-0.0960887714109996,-0.010143863366534674,-0.4464439093966318,-0.08501642218761858,-0.013028257463052646,-0.3777154839638319,-0.07163554520354352,-0.024235156376636608,-0.5731797542560291,0.09833553604375761,-0.017165907577222833,-0.5301894767145157,0.08260321115923634,-0.017926073712840006,-0.44217021499326103,0.07821672053493149,-0.002900516785588336,-0.38042174271469886,0.08184478088483532,0.011793521318303265,1,Bright_Up
0.0,0.0,0.0,-0.027431714745711915,-0.3319022295945748,-0.007885309775126203,-0.17725814529353723,-0.6245804512955107,-0.015168503979971262,-0.32318641951584753,-0.8138088650106088,-0.023308027711293814,-0.3585501063868978,-1.0,-0.0312673825926204,-0.5143614844581537,-0.5797747405543668,0.017402192341441625,-0.6077100133120527,-0.47706309435029315,0.008759969165489049,-0.5217643846336896,-0.40740680816406183,-0.019538613704838913,-0.4286110062896213,-0.4002185984409864,-0.04013503171598639,-0.5741589361509349,-0.3659958201946925,0.012267116615140714,-0.6381802513658047,-0.27595551564041726,0.019170432691199134,-0.5495050047144778,-0.21680748700904962,0.003285885012012258,-0.45258676481277,-0.21260652380189038,-0.009393858783947056,-0.5915099073732044,-0.1431760048508841,0.00832366429901033,-0.644746729984378,-0.08531114060494667,0.01033624630298453,-0.5623071519674855,-0.04087332840146841,0.012858091951065933,-0.46866191468537455,-0.0425258848233639,0.013428741701763645,-0.5839698542245605,0.0657916091254768,0.0035628160060047834,-0.6183001643844346,0.10327121042103722,0.0024877608577837398,-0.5311039793777685,0.12969991626450064,0.02112530399578527,-0.4530207506723234,0.11218690042246103,0.04419652924913245,1,Bright_Up
0.0,0.0,0.0,-0.029687098020479162,-0.3148955738441142,-0.005623169987496833,-0.12177038167829447,-0.5919068048437888,-0.032619636643533685,-0.19966084693695527,-0.8125014006255081,-0.06231009266366863,-0.18229051348499828,-1.0,-0.09267542958021287,-0.36552728956330066,-0.565410779931031,-0.05055120073660514,-0.5437320103659734,-0.5660382601586808,-0.07516116084791116,-0.47868729791775166,-0.5008341005026117,-0.09263633111915294,-0.3949279876798739,-0.4847582811703044,-0.10349796483787865,-0.4246062337471416,-0.3718411973039864,-0.06535596292496036,-0.5873384126363761,-0.39734804445787053,-0.0700346824036498,-0.5154952880716905,-0.3430745903674614,-0.06280542387462479,-0.4286485510136943,-0.32304900710217976,-0.062030261693395955,-0.45552173636328597,-0.1695805653238291,-0.07664878620949665,-0.5984284533598428,-0.20512171771815918,-0.07650464783845325,-0.527903037273222,-0.16387475315376043,-0.0466449787491153,-0.4419895650038142,-0.14607874159736745,-0.03160183710240101,-0.4643800764270917,0.022012006385955917,-0.08824632257645784,-0.5670522009765385,-0.011600988908838776,-0.08272988898134573,-0.5015281384544086,0.010649235863542772,-0.04612357489432498,-0.4325078905638627,0.020330583475935686,-0.017223236234282117,1,Bright_Up
0.0,0.0,0.0,-0.027872854985505156,-0.3105892289666718,-0.007485385244982218,-0.12005692133814988,-0.5908615696120166,-0.038145446255474176,-0.19777480252040724,-0.8108780383752315,-0.07077615516900818,-0.18434592966780064,-1.0,-0.10460205798019594,-0.3626590901444455,-0.5735570206287741,-0.06174324301747834,-0.554053577968515,-0.5609774139601145,-0.09166329452399408,-0.4911413845247774,-0.49439005140796144,-0.11109165325167394,-0.4031751023293818,-0.48040009873554834,-0.12207231553882922,-0.4241521016817555,-0.380544656368913,-0.0772994160792806,-0.591101271792253,-0.39166679221955725,-0.08588091130885606,-0.5183000040441247,-0.334846953669624,-0.07876144644963746,-0.430206394225579,-0.31905764871418923,-0.07778551108721084,-0.45635772084007686,-0.177338379162404,-0.08917049380225943,-0.6071331109480119,-0.20631606182458445,-0.09443920521386172,-0.5332649645923857,-0.1618769088523397,-0.06448106303716428,-0.44400444921683885,-0.1462135721504129,-0.048731112540875414,-0.4658541638794869,0.01838003693180756,-0.10089771906487548,-0.5710967881380499,-0.002483794897855266,-0.10315034324300909,-0.501460812601719,0.02141573590438466,-0.06858575755225504,-0.42947573304291153,0.027981264714468372,-0.039555130274532085,1,Bright_Up
0.0,0.0,0.0,-0.010045302366039972,-0.29789896369854313,-0.01395104725189205,-0.10173612242764939,-0.5885149342716726,-0.04283978539668655,-0.1852636381924457,-0.807219270869039,-0.07438064813647385,-0.16135542970940628,-1.0,-0.10697051534243834,-0.3438605797489096,-0.5668401515398421,-0.04776392065082821,-0.5248750560519848,-0.562100204652961,-0.07892407592185009,-0.4681133604330866,-0.486649232017568,-0.10124220619621543,-0.3791509093626763,-0.46563077728790436,-0.11448005541834312,-0.40687087758021756,-0.3820332457105481,-0.05953259677880768,-0.5660740234592306,-0.3866482205531811,-0.07055656117975666,-0.5003944711108913,-0.3251597270844314,-0.0666473637093167,-0.41306935611300977,-0.31138942615129933,-0.06683710459461777,-0.44050431614330876,-0.1882629672544024,-0.07014365894003735,-0.5856546253704489,-0.20873837799323217,-0.07829018276170943,-0.5190935256164595,-0.15783474694846814,-0.05403245011647158,-0.43197328834939125,-0.1437284150690212,-0.04093655008736388,-0.45264627179846234,-0.00021937538702560916,-0.08152927805176932,-0.5527287623384607,-0.01490763644373617,-0.08293189819407112,-0.4888822082290495,0.011614308399986964,-0.05355371840290481,-0.4181728682545159,0.014058905438194469,-0.02884325535169886,1,Bright_Up
0.0,0.0,0.0,-0.034560976832216754,-0.3241923973774843,-0.009785740808631819,-0.1470271153997618,-0.6031638213118784,-0.030983257639404613,-0.23375963932055172,-0.8139706005198252,-0.05672432888684188,-0.2328862232002425,-1.0,-0.08275027435173697,-0.398482172477905,-0.5647022461317416,-0.02621950601942595,-0.5699348667142418,-0.5606851763897209,-0.05555245854838269,-0.5124802201500285,-0.5039313868926721,-0.08131528800371186,-0.42663400057758355,-0.48800273039497644,-0.09604585392819162,-0.45545923859212817,-0.3653294732294797,-0.03878742466904992,-0.6162618410595078,-0.37656395067150056,-0.048685147480258865,-0.552996871024638,-0.3313224515319091,-0.049909547789815004,-0.46560430275879683,-0.31880487938766594,-0.05143812296040502,-0.48364388393911983,-0.15779224653748206,-0.05130437030220799,-0.6257022294247793,-0.18128963428459594,-0.0567472935014958,-0.5639260883989241,-0.15173263132269021,-0.035974326500132985,-0.47992169208113855,-0.14130581617090746,-0.02368814205407619,-0.48556506526455473,0.03786871669049398,-0.06494060036423856,-0.5711025640413664,0.019363846610992705,-0.06256781642344802,-0.5110319651922375,0.031373765773162414,-0.032395549742142885,-0.44543386787656897,0.03337502118204145,-0.005907067551764661,1,Bright_Up
0.0,0.0,0.0,-0.028993054919726886,-0.33475775232835375,-0.021532625012732915,-0.15694416467982925,-0.6414558665724216,-0.04066816227066531,-0.2840919939302269,-0.8434013191868067,-0.059632243240852374,-0.2931420842077249,-1.0,-0.07701452617504807,-0.48350509863381275,-0.5634072766471218,-0.011334962537652312,-0.6050090887893538,-0.534451822091679,-0.0317819155042356,-0.5322476838541839,-0.47384394139714653,-0.061989945547292896,-0.4395375155193062,-0.45268543510824144,-0.08182870041367121,-0.5390950398038922,-0.34868429244782034,-0.01609119307366504,-0.6428581282099175,-0.3360759625021822,-0.011506148916126837,-0.5709418158778525,-0.2966446558040679,-0.017886999595374976,-0.48181173937087757,-0.29060808822901063,-0.026959128966264723,-0.5529455856806094,-0.1302117706231284,-0.021761517611809264,-0.6451764714499701,-0.1439415192256278,-0.019903095954243596,-0.5785802444267837,-0.11505076659573871,-0.008982041344902835,-0.4931858495668023,-0.10819724565123709,-0.005662964657403368,-0.5398996021441974,0.07701921891347155,-0.029904125233696094,-0.5926231869726946,0.046878864566661904,-0.02639122650807987,-0.5190125387448559,0.059347047699968625,-0.0009559827278385867,-0.44622940372902836,0.057629638853384214,0.02279904949446426,1,Bright_Up
0.0,0.0,0.0,-0.034811256791311265,-0.3328782626682014,-0.025090863743186753,-0.1419370508876587,-0.600430365707194,-0.05284929946349333,-0.2556537916613464,-0.8066174263716082,-0.07984203780783396,-0.2713280509013226,-1.0,-0.10463032393553676,-0.43670075024229865,-0.4925941666458567,-0.02533059486651004,-0.5125161316464857,-0.5391708651745375,-0.04130672063339638,-0.42483536179413595,-0.51492521842214,-0.0689510561697586,-0.3496702524193347,-0.4846945482455789,-0.08970738773793605,-0.4926540051008749,-0.2845497580311923,-0.024833631270553422,-0.5501233049108525,-0.35704569537703174,-0.012323549359600582,-0.47502339353772954,-0.34668563278695014,-0.017112782831347643,-0.4023335701742524,-0.31099317229093176,-0.030776255011884503,-0.5079184062616467,-0.08469615021996522,-0.023939010294159457,-0.5595515131354832,-0.17368040893694392,-0.008577148943040123,-0.49636563840328385,-0.16662064916713823,0.005294536655881559,-0.42523285168874014,-0.13444122426651953,0.004279829257386661,-0.5029466905329439,0.09051013931994302,-0.025941406497409485,-0.5420773885555892,-0.003498429358348006,-0.00965006503056164,-0.47937670003642135,-0.006637121233181035,0.019304664940164636,-0.4204659766554638,0.014932992709603035,0.040423307015974776,1,Bright_Up
0.0,0.0,0.0,-0.06599076938064737,-0.33484205655276555,-0.014051422576666047,-0.16882888039163155,-0.5918439319028714,-0.045824777687603964,-0.28173969166321633,-0.8020158795879101,-0.07687026634417135,-0.30846306534499135,-1.0,-0.10436516697497092,-0.4896531211183906,-0.4753128424949463,-0.03076220195816584,-0.5515981879734041,-0.5402518327285126,-0.031680554587918144,-0.4537377919579142,-0.5150003653279427,-0.04950391928871456,-0.38498745707396675,-0.48231642270878494,-0.06755718181946299,-0.5423622104776054,-0.25969921332716334,-0.034602805190709254,-0.5737158113933608,-0.36033098711610123,-0.004049098367905482,-0.48751613531746996,-0.34998782240190945,-7.4320277784131944e-06,-0.42148335322341024,-0.3078579604958718,-0.013638993016460002,-0.5429958109062568,-0.06096714484035169,-0.03408975917765487,-0.5710289461506612,-0.17314863976229328,0.002066625537024009,-0.5010039820745756,-0.1665006454126988,0.02583666910238118,-0.4333095667210599,-0.1280255242455978,0.02487983145716332,-0.5224746705959716,0.10785503787233006,-0.036153618502041726,-0.5467480333179083,0.0018159234272632067,-0.0018656124562448236,-0.4784473562434545,0.00026108770306144816,0.0376368035126201,-0.42140943520300056,0.028122214374436787,0.06271790251040378,1,Bright_Up
0.0,0.0,0.0,-0.05504502044877264,-0.322452259724044,-0.02402781767241781,-0.16577444518057674,-0.5908277252484216,-0.05548079038712992,-0.2709270156302011,-0.8053190749779122,-0.08427466946957556,-0.27492561048207353,-1.0,-0.10866955827779172,-0.4565121732696812,-0.44507261236465895,-0.04033299387877569,-0.5006679287831151,-0.5519373042426542,-0.05059769058524107,-0.40321109956524204,-0.518020149971478,-0.07154826946644482,-0.3376459993563574,-0.4619415261326705,-0.08974796198670137,-0.5029741995098556,-0.24424830790607607,-0.04032934303161225,-0.525473374238552,-0.3693978811360705,-0.02525025618625267,-0.44290503786119145,-0.35524234891780115,-0.02875950443315543,-0.38030717357584876,-0.30074428652130536,-0.04279877605296157,-0.5085047258004441,-0.06500490558758165,-0.037093250090409785,-0.5304601077433698,-0.200855842023045,-0.012399464806320782,-0.4615343002090687,-0.19426334004446566,0.006483608303019493,-0.3981360263497502,-0.1474434084878866,0.006984151139031524,-0.49614021647200085,0.08844330121412718,-0.03726879289333039,-0.5197416520987673,-0.04454715510450444,-0.011210089839124453,-0.4564344228142281,-0.04765970553583243,0.022776524946618082,-0.40395591554930843,-0.015071732996073228,0.04623445170626455,1,Bright_Up
0.0,0.0,0.0,-0.05788029878182766,-0.3307120398124454,-0.037833018666512244,-0.19294185222313104,-0.5993304739508336,-0.07092100435562855,-0.3278325892226048,-0.795037382449767,-0.10237509280221205,-0.34859233611417956,-1.0,-0.1295842996658213,-0.5140732287296018,-0.4297875601484683,-0.01024892241507441,-0.5508267887798585,-0.5146531365990874,-0.02476136795842074,-0.4542278898421817,-0.48606609052440586,-0.05868789264551974,-0.3904868200389573,-0.434958803166385,-0.08669126808381426,-0.5545693739202293,-0.22605556500746757,-0.005671487900238986,-0.5752166485702509,-0.32457132823393037,0.0055844781003758295,-0.4917734677610162,-0.3168269881793782,-0.010911371866118107,-0.428943336311099,-0.2691662867990078,-0.03304044330391017,-0.5507209507884961,-0.04133869496486452,-0.002396706526683826,-0.5776431720793055,-0.15082291983395277,0.015609829926443894,-0.5067390961447938,-0.14901096350145557,0.024783071023962162,-0.4423951776069379,-0.10859783944172102,0.020466880939301692,-0.5295974361785132,0.11574026079671516,-0.004014251621294434,-0.5610509743543448,0.010520804760589132,0.020666786165627588,-0.49715210860031955,0.0013846362174010306,0.05200831905501591,-0.44339812743018164,0.025149388433736614,0.07376569131903873,1,Bright_Up
0.0,0.0,0.0,-0.054245422350186714,-0.34380256640662654,-0.03256559441365848,-0.18557800634502114,-0.6239103239774846,-0.05769915049511561,-0.3311363619874986,-0.8127464758807318,-0.08002474791896655,-0.37678116880222956,-1.0,-0.09593760810411431,-0.5257196447948957,-0.42845708819289197,0.0003857274746373734,-0.5676210627340387,-0.5731177663701442,-0.0033346139083945824,-0.4661470398020005,-0.5545395092091939,-0.02888670505341011,-0.3972233795684515,-0.5003951387312653,-0.05259588519819412,-0.5710971175860314,-0.21447638029084284,0.005560799260079747,-0.5828298877235967,-0.38274096207600966,0.02384496956202274,-0.49063236188800136,-0.3829505799341038,0.011754285109837895,-0.42921296915275003,-0.32491908076998416,-0.009234547055050776,-0.564461377974423,-0.03224617065225615,0.009946101328417242,-0.5840465263548466,-0.20153500385033543,0.032153386888247204,-0.5057757622679564,-0.20417038485735103,0.04642850836749633,-0.44165109431404437,-0.15281789623475542,0.043753568953275895,-0.5397000417681072,0.11787286327111647,0.01004991836208358,-0.571382524348319,-0.03309630191604714,0.034458375641044266,-0.5020125516789639,-0.04411354706581638,0.06810549123194898,-0.4492969639871856,-0.009895310260340715,0.09088877752434024,1,Bright_Up
0.0,0.0,0.0,-0.05991435697268782,-0.3451190653450183,-0.022420000078518406,-0.20299232110950396,-0.623075225474347,-0.0414597345312911,-0.36501145984004085,-0.8086496532800136,-0.05867497844507907,-0.42237600240364165,-1.0,-0.06910999287623494,-0.5358819955543266,-0.4281265953373607,0.006592631191988326,-0.5875844864077256,-0.5318437313877308,0.009933121697570678,-0.4821681831234578,-0.5137111269463116,-0.009167037196368636,-0.4074492948608866,-0.46869868331489833,-0.028576735160784635,-0.5839835440951247,-0.2093944099378882,0.009884561539392978,-0.6085782619331235,-0.3418308091551093,0.03783092945476565,-0.5141992337062877,-0.3393463371054199,0.03164985301417601,-0.44851168318727136,-0.2882697502765251,0.013077269900423141,-0.5817323236620437,-0.021024419297200714,0.01414356597243667,-0.6135745926571939,-0.16236014209138092,0.044464313118776966,-0.5343202932230069,-0.1622474049178933,0.0632212594835349,-0.4654753706500468,-0.11489646260529227,0.06176854694471502,-0.5621084111503446,0.13353345954224452,0.014971884656363113,-0.6065875467965626,0.0006849315068493151,0.04634212074635077,-0.5375723219603505,-0.005678337445758529,0.0845863165434345,-0.4816350080830426,0.02708989194248277,0.1098427171698703,1,Bright_Up
0.0,0.0,0.0,-0.05697766117292876,-0.33038917595021355,-0.01801563233221801,-0.206471332955833,-0.6152916517019942,-0.045144779646997146,-0.36617549841215513,-0.8210223355570972,-0.07226944352092439,-0.44194590427587244,-1.0,-0.09562484077643525,-0.4333443740370608,-0.5303246484641749,-0.046827594251191325,-0.667330562212072,-0.52404793345821,-0.08590722755222459,-0.6104541339828228,-0.44538053504403835,-0.10936883083680442,-0.507887926547665,-0.4224691900329014,-0.11710248955071277,-0.4851860642429983,-0.3020616640788456,-0.051757139596737646,-0.7068862790257876,-0.3107022977561984,-0.06853236570862417,-0.6403943561339533,-0.25766958766173426,-0.06911876826449032,-0.53950864281366,-0.24556795905120615,-0.06825625728282778,-0.5102357678471091,-0.06888036636788188,-0.0560732752968418,-0.697113484991092,-0.08570710734289001,-0.0630277647871455,-0.6283421177550321,-0.05507317384217035,-0.038291770051531074,-0.5299065686691805,-0.0540741967990225,-0.022973785692088997,-0.5136968309047418,0.14896529849139753,-0.060864396002752875,-0.6391528560225018,0.11446380329580674,-0.05710798361789002,-0.5751046255416575,0.1243562920021342,-0.023868406710963835,-0.49809742015404845,0.11262417044848237,0.004515137526606315,1,Bright_Up
0.0,0.0,0.0,-0.07786359216414275,-0.3067965665861554,-0.02577827781455023,-0.23025214665887653,-0.5939624032036376,-0.06978950072726703,-0.3593556961237009,-0.8008956934000818,-0.1124305319969464,-0.4073987603140276,-1.0,-0.15313567639397874,-0.40191456983744334,-0.4908057183596991,-0.11126074374153296,-0.6697218445878149,-0.5173935637315236,-0.17564153320862097,-0.5928475669993496,-0.4593045055223056,-0.20460400166024867,-0.48134127127892007,-0.4401104848739654,-0.2130732230850529,-0.4357108322775218,-0.25583439775846667,-0.1254009280147776,-0.698857139460925,-0.3045954482485243,-0.17221010264449846,-0.6088404954092548,-0.2674676621916451,-0.17192368980844872,-0.49464514266828363,-0.24750720376572638,-0.16662589216714416,-0.45211366019001764,-0.03141955594672766,-0.1375177301216287,-0.691475330703947,-0.07382635662199914,-0.17160806073125684,-0.6017179989617172,-0.057398075533140684,-0.13455803122107673,-0.4895176842725986,-0.04783930957548495,-0.10529715011738566,-0.4537522245688529,0.17399093660195186,-0.14997919181614874,-0.6556253716228351,0.12525365963702478,-0.1691439639223616,-0.5805837227324773,0.12831941074733885,-0.12847401144873924,-0.48852617322992536,0.13592409630241578,-0.09238045448750223,1,Bright_Up
0.0,0.0,0.0,-0.07147848758893696,-0.3166491803858303,-0.016992257661370205,-0.21479317930585046,-0.5986299898510823,-0.0621575249875201,-0.334733887555134,-0.802966891064265,-0.10782627378051138,-0.3611490642719256,-1.0,-0.15025716725758845,-0.3666088284602546,-0.5036659583763125,-0.1220113634292849,-0.6278094006995762,-0.5730075215560709,-0.18875707940208505,-0.5594140252204223,-0.4977732111963268,-0.20963101465632897,-0.4570133468045105,-0.4607155991464088,-0.21014155758459038,-0.41067291690717556,-0.2735954302281324,-0.14198364977233438,-0.6696450932299567,-0.3517356685040431,-0.19161839319542587,-0.597391441534707,-0.29686294246830575,-0.186218175886981,-0.49690898625195296,-0.2650346078363359,-0.17735155004990957,-0.4360595413889152,-0.040356746914276334,-0.15872994999762483,-0.6828615876721587,-0.11364296862674617,-0.19495728736249007,-0.6123333055659943,-0.0872081047773305,-0.16056482089155188,-0.5096829889513669,-0.06616697956261353,-0.1332189751577803,-0.4487620275657356,0.17230392754278068,-0.17445901474097023,-0.684104689474991,0.14028943567035224,-0.19010469376356706,-0.7216788543856637,0.11106596314408061,-0.16110921363458017,-0.7162391791081756,0.08190516801963249,-0.13670099444420614,1,Bright_Up
0.0,0.0,0.0,-0.022370037162767222,-0.35310480063172633,-0.016724215608204373,-0.1350421897132809,-0.616569943747049,-0.034516827721058296,-0.26436902668555334,-0.8099567621582898,-0.050931386269461476,-0.28893453674758623,-1.0,-0.061188424820744464,-0.42713281415360066,-0.4927170338168971,-0.018685193223920805,-0.528564934100197,-0.6041175674465556,-0.03514527150346887,-0.43039155228837983,-0.5784473249320243,-0.055094202749551104,-0.3509939157671079,-0.528991181474788,-0.06795451756713605,-0.487729138173855,-0.29356296504339047,-0.017444046665547174,-0.5524522134844266,-0.44201509304938214,-0.009444204838811962,-0.4670222416923102,-0.4307807844478093,-0.012859527231478015,-0.40147796284537357,-0.3790141792442078,-0.02225780146226114,-0.5054135070173724,-0.11210929231996614,-0.014940898702757768,-0.5467748935589964,-0.2691555646461193,0.0024777509709836376,-0.4786772008661815,-0.2659012785131637,0.020323650216601468,-0.41676740910793075,-0.21929034582132564,0.023275716975768013,-0.5022243473110927,0.04256647983523014,-0.014822867985662387,-0.5304703908806722,-0.10859373727999479,0.006344897140904209,-0.4654363114427132,-0.11616722838209674,0.03735702906847345,-0.41168233262508347,-0.09050512667089988,0.05995554137482409,1,Bright_Up
0.0,0.0,0.0,-0.018058720068083577,-0.35249949615831755,-0.02356425120276421,-0.12559884011735034,-0.6388107167062803,-0.03829153885209746,-0.25325920617756564,-0.8281817886013986,-0.0482722665924476,-0.3061309272023809,-1.0,-0.05407476579222846,-0.4277902172232383,-0.5292950832366639,-0.02532001374224232,-0.43644443906340685,-0.6418128312018119,-0.0248430687084061,-0.3455274371118559,-0.6019350547440698,-0.03581299957552583,-0.2859461087405118,-0.5436674982892084,-0.04847854057537475,-0.49041780141398533,-0.3300015462075162,-0.021923187134533326,-0.46935684073230205,-0.45501658578714954,0.0002015345136529845,-0.3807034058688791,-0.42525700970528985,-0.002434347290859194,-0.32812377429002465,-0.36048428329245846,-0.017840374794939745,-0.5006086457971533,-0.14273311474549752,-0.015891270301012454,-0.4839848971090964,-0.27569157473290085,0.004856009127314521,-0.4099441322181469,-0.25799720976385904,0.020509646796473532,-0.35630258650501356,-0.20092399141489087,0.01753646457402598,-0.4921002164438287,0.02395713599992332,-0.011991213880518168,-0.4823520464800573,-0.10517792863180309,0.003079516176699708,-0.4101170400896548,-0.1032410073403238,0.031364031836575296,-0.36370432980984674,-0.06464080691348982,0.05086124867881092,1,Bright_Up
0.0,0.0,0.0,-0.02343852859316777,-0.3605973992571931,-0.03528826750762651,-0.15554841972367744,-0.6511769784965661,-0.055834679162285586,-0.2974204095338116,-0.814986675811418,-0.07064237816779387,-0.3503565024183581,-1.0,-0.08409115410046156,-0.46345518510466965,-0.5019098343840612,-0.02832120331601335,-0.4169796141445626,-0.6004486133352113,-0.04039150493206239,-0.3215860019983731,-0.5898341697310769,-0.0678113628528868,-0.257535999804041,-0.5584761435276899,-0.09247035312076883,-0.5102081094349136,-0.30548572816614056,-0.021004104483933847,-0.43894832296894154,-0.39655255119172644,-0.006705121047345707,-0.34777841736604626,-0.3805522980780713,-0.02234930102081853,-0.2977075863673802,-0.3252747763057041,-0.04791013426931286,-0.5077056778087706,-0.12305125449455347,-0.012489079337143235,-0.4513840622088045,-0.21265706059520492,-0.00318147755561668,-0.37373481445646395,-0.20873022677146388,0.00189011081952155,-0.3228298821082326,-0.16630179516777455,-0.006989909790575171,-0.49047098531634614,0.045400220657952614,-0.006817917451218142,-0.4517493164400381,-0.051402229237280786,-0.003067281537445952,-0.37624579377156697,-0.0664854556607134,0.018040861590671402,-0.3297245500853748,-0.037373047682326035,0.0339293787879837,1,Bright_Up
0.0,0.0,0.0,-0.016798753129476842,-0.3383255707642497,-0.03647864290695244,-0.15283093184411412,-0.6389896433418192,-0.0549278965054115,-0.2886349324199613,-0.8210479429213622,-0.0737925330786835,-0.3595492616165842,-1.0,-0.09675404028575445,-0.44863492721338655,-0.5066267981882161,-0.03224143474522998,-0.5185941102705675,-0.6522091366535834,-0.05925013454115828,-0.5115428460751668,-0.7803369538986441,-0.09103417860882605,-0.4826666618071969,-0.885820075875414,-0.11726802618687066,-0.518701495874961,-0.3321427632385624,-0.02878562362856808,-0.4349001131649024,-0.37792000983001317,-0.04892418294850611,-0.32808540969365296,-0.359549912438429,-0.06711520264185449,-0.2571798015097505,-0.3226477931802722,-0.08503202295671168,-0.5220193856397982,-0.14640523760594404,-0.027417602212233962,-0.4391864258348157,-0.18932719859984792,-0.049342071587421564,-0.3549899942649579,-0.18897367217374755,-0.04631449310937105,-0.28855696396295316,-0.17313813537458833,-0.04911667164438149,-0.49966105198322336,0.02744567785307931,-0.03047668046757324,-0.4260899378517204,-0.014279551932589436,-0.05756753635231738,-0.34616237692633506,-0.029354147830797775,-0.05506299898512083,-0.2920258443957861,-0.021571620210569502,-0.045894155753264505,1,Bright_Up
0.0,0.0,0.0,0.006635780598571365,-0.34952005144270126,-0.04720942019303493,-0.11179427573034041,-0.6283886187253971,-0.07797770673015003,-0.2521498797484553,-0.818962462903932,-0.10127444394192178,-0.3205338237875958,-1.0,-0.12135325259495641,-0.3974128467147109,-0.5180210741625225,-0.0569602426258178,-0.37830810730202913,-0.6357144972385507,-0.10177375688466851,-0.27021352316931035,-0.6255531359529909,-0.1408918233175656,-0.18589505963926653,-0.5897891420364287,-0.16270514746898315,-0.4606218496104781,-0.31635965682303246,-0.047717586583045486,-0.4065510915709696,-0.4409580251248522,-0.06051874590788118,-0.30668969284561476,-0.4420717003801091,-0.07275537919381546,-0.2419214917114217,-0.4075078422621251,-0.08747763329156928,-0.46285911532091406,-0.12329537882938241,-0.040924327821710425,-0.4362554441057706,-0.236753821714658,-0.06241439166766576,-0.35416340566758114,-0.2492509396965473,-0.059616636230963346,-0.29572348173170687,-0.2304205208150453,-0.060213217284946455,-0.4376760939506175,0.042736362501824394,-0.036051845720629326,-0.41980877148822127,-0.058615489075829336,-0.053773443663502965,-0.3482880548017066,-0.07593588911051931,-0.03753348643899746,-0.2997391377001813,-0.060546705615334664,-0.02000667672992793,1,Bright_Up
0.0,0.0,0.0,-0.03841423775550319,-0.33325900802792935,-0.029249858095395372,-0.18351289530776382,-0.6170141772865583,-0.045862650528973106,-0.3174805420332165,-0.8209792730613505,-0.06248683646779329,-0.38320853318213444,-1.0,-0.07565764142810491,-0.45598150149327504,-0.540792780252191,0.003033274277990143,-0.4335939231630302,-0.6451632940232102,-0.03376620292685345,-0.32050252931668766,-0.5901296525318517,-0.07913474677865091,-0.2508601163244119,-0.513686606818869,-0.1061894316884638,-0.5189788340111535,-0.36075008036423645,0.0054518068063771005,-0.44084475487647,-0.40224563292377435,-0.001619938949506942,-0.3328876469484286,-0.36143865122930074,-0.02953966871982615,-0.2831003102285158,-0.30400164789819983,-0.05424999164867852,-0.5353172615478298,-0.17242276339892806,0.003934558298241931,-0.46729394569952454,-0.21090070855906326,-0.004116725225125282,-0.3737365693509516,-0.19130245276162308,-0.008109381244144464,-0.3174681987235691,-0.14399306863437603,-0.013751820814353076,-0.5307950976090345,0.0027802973171484674,-0.0006280710281005439,-0.48344602907765216,-0.037740797399039024,-0.005946944135297974,-0.39277154551243715,-0.02517318459777932,0.008701275355557756,-0.3349169932334773,0.011415836015016898,0.026359928941368845,1,Bright_Up
0.0,0.0,0.0,-0.02714800046640052,-0.3450858861755342,-0.02861025000917095,-0.1655129599326522,-0.6284403318000813,-0.04590911709744888,-0.30542412702592725,-0.820304656839999,-0.0613510783579148,-0.36424902509335283,-1.0,-0.07230787992643774,-0.4584313924567383,-0.5227421812473676,-0.0018541736113310385,-0.4521798011029156,-0.6833195977850735,-0.023530722556317985,-0.34185122405019147,-0.6301515246458569,-0.056106154627884555,-0.2791534037323147,-0.5430792534524611,-0.07757820252277628,-0.5136792311900326,-0.3371335457518025,0.0023342034468860056,-0.46851280896060105,-0.47040167819580203,0.011437876174181566,-0.3653374251782779,-0.4329307323836636,-0.0008095166495430958,-0.32059034037984147,-0.3587460806095569,-0.018433182895087635,-0.5199456289096407,-0.15167376711225897,0.003964360203747896,-0.48958147427512927,-0.2807384780695249,0.011885926759138776,-0.39926938516830474,-0.2612197219734665,0.021845804234478905,-0.34532701841832586,-0.20309072309795706,0.020609456166432023,-0.5055675901344128,0.016192347382723668,0.002946338640176501,-0.49172072973173775,-0.09362250165712317,0.013480686789592296,-0.4086801526219033,-0.08640704233060659,0.04064329119099604,-0.3547775779799728,-0.04439239301805822,0.06226632353074291,1,Bright_Up
0.0,0.0,0.0,-0.05079598626666501,-0.34126229561941884,-0.0034237109511215534,-0.1788651571453927,-0.6148815855965036,-0.02158495818165728,-0.31361078860409036,-0.8206682282663869,-0.04013749176674393,-0.3588432932419737,-1.0,-0.056153636532577454,-0.40967715131652577,-0.4959861536148358,-0.03593801788105122,-0.566682220486274,-0.5720816380517838,-0.05531255649503349,-0.4896072976147544,-0.5430506363028976,-0.0718937004115776,-0.4014473813623224,-0.5052825519493807,-0.0791760260133154,-0.46386577326883444,-0.274973913672627,-0.04331462114447056,-0.5927915818319328,-0.37463640238174106,-0.029213676578481475,-0.5170406177965843,-0.36406253709458797,-0.0215580822694837,-0.441119795876608,-0.33111575998543913,-0.025381145447996706,-0.4791230245895431,-0.06588111869928993,-0.047294826271182845,-0.5887571037902332,-0.1800716851145707,-0.02821476569324775,-0.5240771431769133,-0.18319554401438903,-0.000760455674067552,-0.4476964896790845,-0.15400005426408295,0.006323537599769536,-0.4709465295292704,0.11229556289376788,-0.050884500459171714,-0.551278710504509,0.0018656104765856134,-0.031085535726727558,-0.49039624650816277,-0.009103082539061662,0.008044780024878037,-0.4304682085956568,0.007657453454417605,0.03568898625121522,1,Bright_Up
0.0,0.0,0.0,-0.0613210537538974,-0.29985786710643064,0.015260611357988584,-0.19809631390319868,-0.5883632158205245,-0.005136996273750551,-0.3016754885663844,-0.8110395460968617,-0.03169828283801375,-0.3172799183703266,-1.0,-0.05902118498504651,-0.32057430580884155,-0.5871957446306343,-0.07629785551995634,-0.5869226760283914,-0.6219407740273613,-0.12026248366775809,-0.5409744240379409,-0.514842444905322,-0.1336547490476267,-0.4442946912444875,-0.4791269928176097,-0.13712195700761762,-0.3547386184594924,-0.40771365285378647,-0.10646612135320116,-0.6215169002020707,-0.4332039893813363,-0.13484008461875036,-0.5608599931993569,-0.35196951072418614,-0.11853734018324354,-0.4652704765088275,-0.33874393382902834,-0.10807042512020311,-0.3809669263151135,-0.20977239800613265,-0.13143242173744574,-0.6224967911008726,-0.24650931877479745,-0.15605926457315478,-0.5518614908228366,-0.18957629907241752,-0.11380272169850258,-0.45568782687615283,-0.1713147333821289,-0.08609284515021047,-0.3996593640712525,-0.00430487848721641,-0.1531724731896081,-0.5661853798247036,-0.034488152802054355,-0.17439029809253154,-0.4983691355087158,-0.019458402046450204,-0.1404391744907045,-0.418134993590435,-0.018125991931989178,-0.11073949918162242,1,Bright_Up
0.0,0.0,0.0,-0.06420160669087707,-0.3014263206349462,0.024366649492651632,-0.18676962801321642,-0.5860363370883627,-0.0014326226432997556,-0.25914640856543925,-0.8099104322175609,-0.036296185145145064,-0.24201338282778667,-1.0,-0.07354539132819402,-0.2997329339420829,-0.6089157118048566,-0.08774261961196579,-0.5600136351313992,-0.6475868769912526,-0.13594410920980993,-0.5107355187120706,-0.5430840627323408,-0.1504460477873007,-0.415591021212292,-0.5128892252937055,-0.1554407534375596,-0.33232653455620065,-0.4267761234891979,-0.12807708462094405,-0.5930648715533045,-0.4613817112089906,-0.1578114511912522,-0.5280548196700191,-0.374918336836059,-0.1355483582442118,-0.43019403221434,-0.35808109682285333,-0.12321176006187144,-0.3581039115112181,-0.22539704267957172,-0.16206721257108456,-0.5833797679343581,-0.2716448316678611,-0.1831874573861111,-0.5140251283661731,-0.2110444564333395,-0.1327189342748318,-0.4176864832365722,-0.18909726304262053,-0.10176372185666271,-0.37743681002343205,-0.020629309627530082,-0.19265563693502447,-0.548210389003857,-0.0679501941932592,-0.2025924905747725,-0.4860162064809819,-0.050113939237774685,-0.15785201436512428,-0.40471566188095026,-0.03925629484092794,-0.12338142753107834,1,Bright_Up
0.0,0.0,0.0,-0.05084447869090866,-0.29932287917145467,0.01758636726634102,-0.17500223045578192,-0.5916334197026542,-0.0019095166866448558,-0.26052822015522903,-0.8116485251797694,-0.029420580435968017,-0.2544871009995925,-1.0,-0.05824836322761987,-0.3074902322112109,-0.6163549074447925,-0.07042398512959716,-0.5555512092553332,-0.6612228363306283,-0.1174692373934763,-0.5132617676301789,-0.5578006875430184,-0.13433044490463325,-0.41686803283981094,-0.5212852462249034,-0.14011547190185572,-0.34683574012685064,-0.4366208956599483,-0.10438562993065256,-0.5980667775687684,-0.47999301257816307,-0.13851980852411777,-0.5342170671529284,-0.3948919481484002,-0.12423117723091692,-0.434933519021568,-0.374534383982943,-0.11345717993800704,-0.3759184722195058,-0.24113330195066418,-0.13374536889096814,-0.5913001239677946,-0.28233712113397713,-0.16126643866042875,-0.5205473873392096,-0.22623171394652425,-0.11938067269244176,-0.4228684277577476,-0.2058227086387093,-0.09025124671128905,-0.3965678041142733,-0.04171876645212316,-0.16031670322061636,-0.5557355400154484,-0.08439482041280981,-0.17618364990214025,-0.49422291858287154,-0.06698360126041515,-0.1385735521264606,-0.41470562940247097,-0.05977621495538687,-0.10650643000920748,1,Bright_Up
0.0,0.0,0.0,-0.06242545117454581,-0.3023647797182449,0.01447439821928478,-0.19705877675367814,-0.5867461926019532,-0.0068791456979421335,-0.29145345983373305,-0.8064710469546071,-0.03591180197098067,-0.2930694425088893,-1.0,-0.06613347041850787,-0.3366117520082527,-0.6180191637485084,-0.06486957721299395,-0.5838991518988672,-0.6288496171104936,-0.11152370631154518,-0.5388055529423689,-0.5260971093722413,-0.12897194735685819,-0.4485806173188597,-0.5099391695062048,-0.13594462114373232,-0.3677278421011063,-0.43767414942569943,-0.09790121832898431,-0.6168627724763782,-0.44898387171119225,-0.1326826593677202,-0.5531027541250687,-0.3619019482632162,-0.11891071994321488,-0.45730368910380215,-0.35378187118124693,-0.10846928509615908,-0.3881018928966038,-0.2410622949865182,-0.127277069280662,-0.6035863763630389,-0.25461606327212366,-0.1560570097736836,-0.531544547884707,-0.1964115750183904,-0.11368250551916108,-0.4354966835291336,-0.1880912185156303,-0.08418163155421887,-0.3987433881509519,-0.044660423950830995,-0.15429457445679332,-0.5608360196742859,-0.06626445455395778,-0.17051346746418425,-0.4952950509418659,-0.04310131739651848,-0.13163413224360598,-0.41497518610756273,-0.042996999582459186,-0.09839634888394161,1,Bright_Up
0.0,0.0,0.0,-0.067362536336931,-0.30103155024103134,0.019196827305602848,-0.2065355900547137,-0.587303050334655,-0.0013666779084512862,-0.30224614855601717,-0.8069029010650381,-0.030851841881947346,-0.30190968448702565,-1.0,-0.06236129176187404,-0.33521857091508456,-0.6042287247879735,-0.06845598909871076,-0.5808592616224699,-0.6213894487086409,-0.11496661290547157,-0.5298493015993664,-0.5308531476953136,-0.13100519845436623,-0.43998777742769785,-0.5214849738685735,-0.1371744051518499,-0.3628139065828905,-0.42338377741396466,-0.10527724332134802,-0.6141198176544335,-0.45009252761897267,-0.13729257363055428,-0.5486094183001065,-0.36943068113902333,-0.12074183113833799,-0.45441796601924184,-0.35980685800397577,-0.10945986110952198,-0.37849540346241073,-0.22666955768708155,-0.1376860999192526,-0.6090166032077121,-0.2669385493539177,-0.1654105724906964,-0.5385846905679402,-0.20809061394656772,-0.12084919625493705,-0.4412961314290981,-0.19330758705347534,-0.08980963485460211,-0.38425068210563124,-0.027910935795313643,-0.16709764664510596,-0.5639639587295392,-0.06327082690138512,-0.18279328940900247,-0.5112679809541265,-0.04772243668652086,-0.14396349704747632,-0.43466007753463215,-0.04654269964084969,-0.11113985406860198,1,Bright_Up
