x0,x1,x2,x3,x4,x5,x6,x7,x8,x9,x10,x11,x12,x13,x14,x15,x16,x17,x18,x19,x20,y0,y1,y2,y3,y4,y5,y6,y7,y8,y9,y10,y11,y12,y13,y14,y15,y16,y17,y18,y19,y20,z0,z1,z2,z3,z4,z5,z6,z7,z8,z9,z10,z11,z12,z13,z14,z15,z16,z17,z18,z19,z20,label,class_name
0.0,0.0,0.0,-0.0552235806509739,0.24167997030026295,-0.20954869154274688,-0.23598307913103533,0.5096201960945228,-0.3369498114874145,-0.3184251322203403,0.7517770540831911,-0.4373561602503662,-0.36269129745908857,1.0,-0.5154059813816089,-0.667846665882673,0.17283225709596786,-0.28044468485934937,-0.39795297035977995,0.18302469791703466,-0.4544969551392563,-0.19621642678899337,0.19655152597568767,-0.5454649045830114,-0.1861104257051142,0.19882123531199244,-0.606303719892589,-0.6797044211978115,-0.18003893956413736,-0.26649235463194726,-0.3556244218701965,-0.1302236848569812,-0.4253143532102357,-0.1536216575752335,-0.020473029674522615,-0.4624478734948404,-0.17177003913977634,-0.007792832717652354,-0.4848831877012351,-0.5794367860052084,-0.46821795359491253,-0.27190548088528077,-0.2680648630121495,-0.41470673388785506,-0.4287730360066712,-0.10742252215026807,-0.2482018655540244,-0.40450967510532543,-0.1446442246331658,-0.20006740249546395,-0.380138144951831,-0.42973272764929765,-0.6898937870875159,-0.3004043205770141,-0.15609116911828666,-0.6499899244749026,-0.4135037126767501,-0.04429896450661394,-0.4703000579522064,-0.41129697110156666,-0.08276239260545973,-0.3727418472807323,-0.40087370543289513,2,Bright_Down
0.0,0.0,0.0,0.041839695643889535,0.2663554603828443,-0.2942598739204167,0.007542380146452748,0.5337524419646225,-0.4807749582869054,0.017251289178594136,0.7641074140302738,-0.6154903120760439,0.009112507735980343,1.0,-0.7260645300793779,-0.27258980477308853,0.12278917571633739,-0.4977328936381924,0.17972786918915415,0.0810777390671627,-0.6580175898318932,0.1819288105023336,0.18807742675014913,-0.6913409366949247,0.05131232216332998,0.24043230006182725,-0.7187438313980463,-0.2495746763308234,-0.21480449288168638,-0.430449085321472,0.22980691780670454,-0.1935173772156408,-0.5810534081403346,0.21497467687609073,-0.04585837650285523,-0.5550305850671654,0.09329378731484009,-0.026250926575815032,-0.5437133191466467,-0.1657118328767729,-0.4652339666411502,-0.37948870293154713,0.26656544889284983,-0.4168008074803408,-0.5267100054358691,0.23463847109462116,-0.2726103431761156,-0.4763100972831228,0.1153708135964228,-0.2512410738979617,-0.43902032434758825,-0.06483810255448659,-0.6494381777407938,-0.3591103661605052,0.25105441071292794,-0.5998372679925347,-0.5022046310689472,0.2440337908227266,-0.4724204689723195,-0.5336770073712652,0.15053716405852172,-0.42022520752723386,-0.5471461405446333,2,Bright_Down
0.0,0.0,0.0,0.019107490590556133,0.31516371733687654,-0.259216065422372,-0.01861869491045309,0.5731869910230794,-0.41693777961154666,0.01216425465645209,0.7769202823531803,-0.5257387693973936,0.035256293815997895,1.0,-0.6120016482362752,-0.28726959088766973,0.12430412033926079,-0.42705370980319063,0.16758603782069278,0.14175481205882315,-0.55867712626651,0.14815234470765623,0.2464326045010359,-0.5860681666213695,0.01602507999456329,0.2601486711185012,-0.6155264900572678,-0.25346063022632204,-0.22204912472800578,-0.36729999397792235,0.2291417748821517,-0.14367188700791753,-0.4952286397166479,0.19486942372157953,-0.008765930636234646,-0.4688127772298109,0.070988172618042,-0.026173052470590326,-0.45846108695961413,-0.16593038218283854,-0.4723853305404571,-0.3214773043568279,0.2669916836140394,-0.3778661807502404,-0.447484651535138,0.2190696368710471,-0.2425336713916069,-0.3926575401423117,0.09060884786234456,-0.25642585942551266,-0.35277896420432064,-0.06476441140641812,-0.6524633498509351,-0.3039548112448076,0.243031549423874,-0.5746983769900196,-0.4381426901789586,0.22378026550954536,-0.46925988991935125,-0.46533963495190617,0.11807108623661623,-0.4512965534061361,-0.47409321231893864,2,Bright_Down
0.0,0.0,0.0,0.012023976266363747,0.2997701280224744,-0.2278014806813591,-0.024765315524416912,0.5545319945899501,-0.37370965420800784,0.024746516703879975,0.7636104713942108,-0.4793788583812457,0.0474041084696958,1.0,-0.5656118053445093,-0.28801647879543174,0.11955623754891453,-0.3794565163088838,0.16771029363256376,0.11946926167256365,-0.502998918427185,0.14634530876686755,0.22247100720571325,-0.5382922940737391,0.015570937725272533,0.2448297603877269,-0.5744691202914265,-0.25804439128416495,-0.21969216555394358,-0.3353939608523632,0.23059986785682418,-0.1436070725674577,-0.44960516108937876,0.1914938094230717,-0.012453090676486837,-0.4335944249576446,0.07118837621302522,-0.017140263263695818,-0.43404681857386596,-0.17604894912086688,-0.4652394142588302,-0.303693917088709,0.268280975693877,-0.3677909969691288,-0.41519670858823327,0.21387192539023844,-0.2358562060671564,-0.37196246049593756,0.07669893713975194,-0.24560590102496183,-0.3436672904393005,-0.07758248170498785,-0.6441646455845832,-0.2987959157291783,0.2421623957417413,-0.5608745286509064,-0.4175181749363393,0.21893281852972168,-0.4494102434021153,-0.4442123434419484,0.10691866778022524,-0.4216034040402926,-0.4561934270661203,2,Bright_Down
0.0,0.0,0.0,0.023478036351642396,0.2953027196582852,-0.24821263371184074,-0.004915858397697596,0.5495214595952291,-0.4097812182372482,0.02258555935265961,0.7719114052501238,-0.5288054545819012,0.04368072862711057,1.0,-0.6273355031054932,-0.26541423600293296,0.0968163777022606,-0.4113774833734572,0.19154768211462786,0.10005651622223581,-0.5528690336200867,0.1744841626997972,0.20377111582427737,-0.5943952468051682,0.037514007128059274,0.23850588653048985,-0.6321655116239459,-0.24138324632823813,-0.24733169337885552,-0.3620937097305846,0.23779266718004335,-0.1803791231439324,-0.49233463007229683,0.2113408271858726,-0.04335903382000762,-0.4724118704166239,0.08693330601296043,-0.044150997341108444,-0.46813730221923044,-0.16378813335037842,-0.4992413687119243,-0.3278219405364023,0.27221969610693086,-0.4146245882968592,-0.45282059206670383,0.22907254159762555,-0.2746694860395758,-0.40559224152969636,0.09558986780216751,-0.2729314943156592,-0.37459733444943266,-0.0694672159077953,-0.6791998016086161,-0.32184839741498983,0.24975583816322341,-0.604699806098132,-0.4493089185825404,0.2343279236712535,-0.48589432868204413,-0.4769274190312659,0.126161210053079,-0.45504024382657654,-0.49044606192360973,2,Bright_Down
0.0,0.0,0.0,0.01833859831794264,0.28928259963204594,-0.2593680553580286,-0.016979463425723547,0.5354726658962685,-0.4306418714017307,0.013274848571725005,0.761095454535569,-0.5597908052855239,0.04066530574074579,1.0,-0.6685027268968049,-0.2783284124820881,0.08351643403123324,-0.415399705776867,0.1723969989012039,0.09852742902825054,-0.5665559682940785,0.16475135340999703,0.20493269762050328,-0.6147078378017772,0.03641263611657908,0.22977746340960428,-0.6550733381377869,-0.25980047684858787,-0.24406686575229536,-0.36505289866285,0.21638978003225642,-0.17630598291844793,-0.5039354016816928,0.19218888904666998,-0.03366596573480725,-0.48424703938934494,0.067813206456863,-0.04089852325849008,-0.47619575788914864,-0.18913057967793978,-0.48505520909811856,-0.3325885212634313,0.24546226897489323,-0.4001277643088158,-0.46297428836804283,0.2045224241265889,-0.2578050790246621,-0.4123584431630679,0.0743138729114207,-0.2616517608306382,-0.37600158479620716,-0.1026750676145302,-0.6609075500429399,-0.33058493587991383,0.21853568822898864,-0.5801079145940308,-0.4538090510062127,0.21025601859190093,-0.4575410430208922,-0.47581369309663996,0.11150816510776812,-0.4269816804633442,-0.4842337985703178,2,Bright_Down
0.0,0.0,0.0,0.015506130453484902,0.30256094379565246,-0.2310285882078284,-0.0015473567604389722,0.5582793591681012,-0.37920895569325186,0.03482733424981596,0.7832350792861875,-0.48690896336167855,0.06314831296477408,1.0,-0.5733098537940299,-0.2269066324930751,0.12140884285181455,-0.3866888409875088,0.21639703509044705,0.14725765503489383,-0.5180461003092147,0.18769822789743795,0.24881583707837168,-0.5491108097746508,0.057254685849913355,0.2687718921463752,-0.5761577980901809,-0.20252700137546967,-0.20224686144470425,-0.33869927999064314,0.2700459446886451,-0.08578993308334511,-0.45675011010093797,0.2153664582022896,0.030567815302525645,-0.42376391289609816,0.09072258329284727,0.017331265716701474,-0.40407364276240776,-0.13251215296485364,-0.43247055454656297,-0.30509407793878596,0.29013274829576363,-0.2972692943891601,-0.4206245808148188,0.2212655538872274,-0.17979440413652584,-0.35395724300546083,0.08765123548048037,-0.19527704459581613,-0.3019922801339445,-0.05251467844994375,-0.600563523717872,-0.29974873711699157,0.2589760674244862,-0.48581098707814174,-0.42837037532907246,0.22980572034801483,-0.3803148131507676,-0.4460713288115511,0.12723249712682572,-0.3556574656732263,-0.44239915293338883,2,Bright_Down
0.0,0.0,0.0,0.021363013281786594,0.29440074016327644,-0.22903957956987178,0.030501788583015273,0.556311867439095,-0.3839501347213096,0.08536897554717696,0.7842103331121151,-0.49353586257268195,0.10027488052767787,1.0,-0.5842542856056512,-0.17726412970921882,0.155294939899167,-0.4326527961985256,0.24648176109013242,0.20138077835964285,-0.5681588497526521,0.19780699339340035,0.2711477119371856,-0.6019609193504117,0.07057392117483291,0.2697683584546411,-0.6293413214458988,-0.15724774603763414,-0.15717457014597502,-0.3819595633021224,0.31529970236973964,-0.005855037351100343,-0.49695888829678514,0.23263509525424156,0.06732471838149418,-0.4570873554574736,0.10513830002018978,0.029274341489426446,-0.4326916180618398,-0.0930732135663756,-0.3811913324967614,-0.34082435768028185,0.336612241191603,-0.19811297971264819,-0.4503334983876198,0.2492701731201524,-0.11394005566197858,-0.36086951058649985,0.11830416440859873,-0.15795619976100705,-0.2916823389723701,-0.019504152429970913,-0.5450025696088688,-0.3287993006127466,0.29460203424148723,-0.3860386919338432,-0.46420902402236636,0.2437860868237992,-0.3070342076765616,-0.47247590736695383,0.13055037930711366,-0.31274506678568015,-0.4562852583281904,2,Bright_Down
0.0,0.0,0.0,0.01371003905003784,0.29194006704219627,-0.1954217054877432,0.02523938753012342,0.5553258395102992,-0.32823106961170984,0.08624982173673519,0.7843521646805107,-0.4230615694706786,0.10089460958794892,1.0,-0.5050701878780234,-0.14581543145091616,0.1911145984481766,-0.3831742646111898,0.26144069943076254,0.2701952829463563,-0.5052144363475916,0.20283721413971934,0.3234740927759828,-0.5481897757087874,0.07940030073407613,0.3066711933934435,-0.5837262577612009,-0.117982145244989,-0.10865056785112248,-0.3420674284387276,0.3371764104967494,0.08003742738879502,-0.43481147304180506,0.24501439033495478,0.13544439935136154,-0.4039253370277822,0.11967522217247555,0.08630562588919588,-0.3908342619602001,-0.051874229841276376,-0.3222191427897233,-0.30731881444657927,0.35750456465098246,-0.10895146571302791,-0.39893060215541637,0.2633689259315111,-0.04071024062352776,-0.31776460305226045,0.13458791675143555,-0.09733402388534715,-0.2568435198339964,0.02074370205683343,-0.4729778628319894,-0.2983928700665897,0.31655484583020727,-0.29460100089485525,-0.41568679334535624,0.25994767512530487,-0.22637077285007484,-0.41615089203049577,0.15379062866945936,-0.241989735077683,-0.39725302638139115,2,Bright_Down
0.0,0.0,0.0,0.00395858465328572,0.28488151271645634,-0.19380662335314236,-0.0067486451445894135,0.5473375900479844,-0.32684631681733295,0.043246301188375254,0.7833210566793603,-0.4234973958903765,0.048478119076029696,1.0,-0.5072508683171086,-0.19678615862406462,0.16195463721820957,-0.37040623016088026,0.21580176245728924,0.27177942646090364,-0.49833314565217546,0.15906932055688744,0.3155710874012929,-0.5542686654660648,0.03795267586215923,0.2918520586845874,-0.5980052450715007,-0.16127936065416024,-0.14779624971853378,-0.33371478961854545,0.30531686977075745,0.06753929074631149,-0.42454715281747546,0.20702607570999174,0.10745356504093713,-0.40169821528734434,0.08202380337769169,0.056812670379475856,-0.3952100703176336,-0.08289177372078599,-0.36315627077669166,-0.30457815712533276,0.33152104228186274,-0.1251201912297911,-0.39690892654068527,0.2346011614466043,-0.06345490977689454,-0.317547963343258,0.10616360744083998,-0.12109070980874355,-0.2565186319567378,0.0012538426654082188,-0.5094026080800016,-0.30192016458730847,0.3037976186927024,-0.32377269211630366,-0.4186756885362366,0.24602463038545785,-0.2623957241856385,-0.4165653280825264,0.1398699910827621,-0.2811168337527756,-0.39406938980076833,2,Bright_Down
0.0,0.0,0.0,-0.030457465740585204,0.23583501922032898,-0.17832538942276435,-0.12357709920319015,0.5131847318283292,-0.30062074282606505,-0.12522135635390724,0.7711371277354582,-0.3924595890707365,-0.1432256556700579,1.0,-0.46583392536684887,-0.3468683888276208,0.13845964704708066,-0.32357963274555634,0.02111120037588585,0.26506038762011186,-0.4536249995385732,0.06495497403612302,0.2905590328242807,-0.5006746972961609,-0.012343614200889565,0.26785250862419446,-0.5294704383926083,-0.3089900989134854,-0.16658803251509996,-0.29655538153500427,0.15528394719095925,0.06033162675313989,-0.39203020521678666,0.14194267740765357,0.12085752611603284,-0.3704906860780132,0.010424259244381796,0.0825661025944401,-0.3566123669499516,-0.21242297870061325,-0.3957888125269316,-0.2790655212019168,0.1946071092089599,-0.16049473784152907,-0.37568878692935576,0.16356122630324543,-0.1000530719660729,-0.2940304462316785,0.04263456056168642,-0.14320447557350588,-0.22782452274295142,-0.10995148053743886,-0.5545320537633623,-0.28514983867939164,0.18753490455566835,-0.37233002972517,-0.3877822873176575,0.18285629426214142,-0.3128572924046226,-0.3656817999319874,0.09615447350418611,-0.3319622263933217,-0.3270140036601713,2,Bright_Down
0.0,0.0,0.0,-0.03689015077540923,0.2144095422656872,-0.19158042497622615,-0.16024281300544313,0.492865584048152,-0.3144093980409579,-0.1932704393067636,0.7548868057746331,-0.40546458805002145,-0.24315000926384944,1.0,-0.4751813458529368,-0.4250915118101562,0.10478991091682065,-0.31924149702894494,-0.05418525695915394,0.2353005242838043,-0.467221570989516,0.037603467183439244,0.27076604523763026,-0.5344577453201403,-0.005405080595490258,0.2506995458210024,-0.576910837693238,-0.37436142032338343,-0.19771533442496533,-0.2920100672914875,0.11655099373563478,0.04466076784793266,-0.4119192690481136,0.14520307860251075,0.14111872249012272,-0.4150773966989516,0.021909003960921578,0.11925128066459356,-0.41751072202030703,-0.25785975032673847,-0.4282574949549577,-0.2767235577096626,0.17456247089398652,-0.17740446968217485,-0.3871018545133842,0.17807922844652757,-0.08867306623401985,-0.3176032353277016,0.06924752504994967,-0.11592555871027185,-0.2607941181975921,-0.13191220875208437,-0.5884646296212839,-0.28640800470792505,0.16490152778403713,-0.39303383558419835,-0.3953980385585317,0.178847627202668,-0.31318345927161106,-0.3770146178445643,0.10432771994131226,-0.3246798964451856,-0.34142190674146516,2,Bright_Down
0.0,0.0,0.0,-0.07380952630719485,0.2756628331911909,-0.13382106893356274,-0.24418334873647068,0.5475199899853381,-0.22136744881164544,-0.3571478774616609,0.7837046346134546,-0.2974490908595179,-0.4118896834646534,1.0,-0.365567192885284,-0.5645716651508301,0.3342945870123403,-0.17048985680980755,-0.6992195190094996,0.6010465041871706,-0.30335300762732775,-0.7755069660295257,0.7471002413799253,-0.38031329288433985,-0.8788403378269932,0.8499669732957503,-0.43441786182902736,-0.6049923561275289,0.1075023594249542,-0.16914897742528964,-0.4874727560286411,0.32895209362030375,-0.3496013208876282,-0.2966809473506429,0.29955028433736963,-0.3906524521352963,-0.26159003037617573,0.21183772191619923,-0.3882730520568994,-0.5439585608399448,-0.10945458906842315,-0.18282534833073885,-0.3931384180820594,0.07954015777987815,-0.33578537544095993,-0.24457139939863073,0.08930847431312673,-0.29912697943731353,-0.24577287907890288,0.025584418808681845,-0.24725107924544742,-0.4511776494008162,-0.3096917029715642,-0.21163453676548288,-0.3329299844360126,-0.17105857143506537,-0.30342071324522435,-0.22578315599619136,-0.11262298469791843,-0.27863831534214906,-0.2262247941906569,-0.13845698328593503,-0.24219477212402282,2,Bright_Down
0.0,0.0,0.0,-0.07158063426410369,0.25939094826520775,-0.09535001465080863,-0.21934736217650305,0.5314263114963459,-0.17107984475569538,-0.30237177532977944,0.7761624467532896,-0.2425364667102307,-0.350824510377444,0.9848228130741787,-0.311732781255131,-0.5030444759370185,0.3649706267663077,-0.1580270264907348,-0.675728975273752,0.6511830862905684,-0.3041084290729428,-0.8013211363692541,0.8386490784302416,-0.40345385500542963,-0.9111592334121563,1.0,-0.4750216771016816,-0.5573795203058441,0.1559665153375244,-0.16955262198876148,-0.46842290865047914,0.36801390799957157,-0.33602001687542943,-0.2866926480402739,0.3208128929133469,-0.3600117075048323,-0.2510050342344421,0.232729115342468,-0.35137778945327053,-0.5126936038032776,-0.04820654368084107,-0.19508948683892915,-0.37881287643467443,0.12265141840173356,-0.33353567161428366,-0.23589170216447364,0.11857459483064044,-0.2797774425772149,-0.23990961448145737,0.05196318664568382,-0.2223463852231953,-0.4316158162298445,-0.23726750652967396,-0.23215568578594198,-0.3159117237515346,-0.10696866580428281,-0.3114094285044286,-0.21173479224513672,-0.06305432194382421,-0.2709757098448038,-0.21972216958201848,-0.10530975784590793,-0.22860655050428028,2,Bright_Down
0.0,0.0,0.0,-0.09595648229269894,0.15056396446552353,0.0003596922207113797,-0.11506901343521075,0.37641610932438946,-0.03963700904105482,-0.054453014924846166,0.5825815981350222,-0.08484145163593065,-0.0008768936922001244,0.7065493529023,-0.13174731364852077,-0.2882373774784286,0.44579137432820537,-0.059264482391073646,-0.2687215440338421,0.7038716177270508,-0.10994207925972398,-0.26510963897045114,0.8642743021601336,-0.1417190587980707,-0.27297886907518315,1.0,-0.17081921179203863,-0.2505453570033406,0.40921989042301116,-0.09020989431466013,-0.08695266429068348,0.6329071573307982,-0.1477002675328431,-0.056442592020131105,0.5437429504036171,-0.14939061301182366,-0.08956841786012627,0.46946691989776346,-0.1528080710689359,-0.17239927291357746,0.3677998223886257,-0.1203173944329444,-0.011385079904674238,0.5605157570546913,-0.16277408048611605,0.005464765663773997,0.47610459821089285,-0.1337323394766778,-0.0314689374477091,0.4201917379882406,-0.11839121867920102,-0.07886649856562881,0.33307954407758616,-0.15208019283949142,0.04216378240185797,0.47097135301042714,-0.18637688690938345,0.05965090272152469,0.4036058496876614,-0.1736415815312038,0.03514266186139394,0.3527606834383916,-0.16373834877184176,2,Bright_Down
0.0,0.0,0.0,-0.09972779221806774,0.16365077854606536,0.0029270458797605262,-0.12447414861392818,0.39703323321953365,-0.03368274571370416,-0.06569426817311383,0.6090547211550902,-0.07543397333511576,0.005379267889772889,0.7120180129994687,-0.1191543578581781,-0.29243972857006917,0.452440688187035,-0.054545159361542375,-0.26790714756930895,0.7158750584056566,-0.10104317473866917,-0.2603014480325981,0.8688985468351886,-0.13041977487991196,-0.2715454056533468,1.0,-0.1590158175024088,-0.2602863788386015,0.414553192717817,-0.08662112911596596,-0.09934955879003794,0.6490115410646563,-0.14208664725833997,-0.06504345273926539,0.5577141442729311,-0.14326144295882828,-0.09546925804233862,0.47967964296902815,-0.1456191035623552,-0.1857978827481719,0.37301414085145557,-0.11740618934997352,-0.016858451953395227,0.5668537607896765,-0.156858517035912,0.0029264307915690567,0.4817720890994997,-0.12964795482065627,-0.0332556061411209,0.42345196943339297,-0.11500160040283638,-0.09339351833536662,0.3385735815043586,-0.14986487403053067,0.039179904391143085,0.4755376528036319,-0.17959537469397616,0.06025131539696066,0.41060833834971544,-0.16771313145700367,0.038453642748770674,0.36196765315647156,-0.1594758288734689,2,Bright_Down
0.0,0.0,0.0,-0.11196013581038183,0.1445282185029354,0.007913536223229505,-0.14344199088582313,0.3724966947615937,-0.03206816937059896,-0.08171825154913953,0.5928968033637556,-0.07874170329634601,-0.02020799483851334,0.7113124368015208,-0.12807436065858516,-0.3020629810139855,0.43964346959462197,-0.05894733533744454,-0.280590261264556,0.7028238072748342,-0.10998621430714677,-0.2695113438309014,0.8634204215186642,-0.1404036003074931,-0.27135571286785926,1.0,-0.16866794638803037,-0.258639454418335,0.402904750767789,-0.09548624465752331,-0.0918167556875713,0.6409241456197334,-0.15285967466069705,-0.0645669241596276,0.5413787558075995,-0.15153958777896753,-0.10481317145916508,0.4647731693881982,-0.15264014942573229,-0.1741904929711412,0.36426817208196577,-0.13029776607246063,-0.009955060842891756,0.5711070183117143,-0.17133833319602634,0.004454158090854195,0.4767515428909187,-0.14087072659238867,-0.03918412145204441,0.4177155285298346,-0.125685564575624,-0.07583879308225652,0.33341825029941813,-0.16616155117916004,0.055150479501616605,0.472471178472162,-0.20141833733796008,0.07178447716944424,0.4008236899932886,-0.19046614302633477,0.04368263778555962,0.34942903525766167,-0.18220258351494562,2,Bright_Down
0.0,0.0,0.0,-0.11996711112614471,0.1305188714224568,0.008023177150151127,-0.16860823340692566,0.3491074599719768,-0.025783321837845995,-0.11434568964507857,0.5665731692879324,-0.06537601344675982,-0.05842569235112516,0.701203670335875,-0.10831817966957413,-0.3047065695785723,0.42151606259814295,-0.05977879433244366,-0.2832770224120502,0.6958065384850562,-0.10937654636230384,-0.27187272734369006,0.8631800730892775,-0.13732176257932877,-0.2709224886781873,1.0,-0.16238928364551114,-0.2538387482452979,0.39604403310223524,-0.09361398763914151,-0.09954250899955637,0.6323909873036978,-0.1514122154388264,-0.0738126244879002,0.5314064026623335,-0.15221570311655708,-0.1098933973764358,0.4437238583540732,-0.1536570632172012,-0.16727823753104473,0.36621526860764797,-0.12538314527806382,-0.01045151948418589,0.5684997963960143,-0.1691117115677487,0.0064838437310137656,0.4691086568771962,-0.14377683830309868,-0.036181338946645346,0.40132849974435664,-0.13063522555137452,-0.06725293339352552,0.34270037429307787,-0.15758670145259862,0.06225520361049061,0.48059361294947367,-0.19452197685138273,0.08404069998139593,0.40204007290713967,-0.18561381460827828,0.05708001961883773,0.34531652288625886,-0.17814559764578955,2,Bright_Down
0.0,0.0,0.0,-0.10595616632392608,0.14009467474536166,0.006646272867340985,-0.1347600660860274,0.36900800607251516,-0.03166288464634844,-0.07782453769323291,0.5864824439829736,-0.07385037707240812,-0.038538959562986426,0.7099394071673024,-0.11824302631849891,-0.29449779191390735,0.4237163211028417,-0.07171144719599255,-0.2753739282997259,0.7008198917317922,-0.1253163087191442,-0.26363083268735127,0.8633268794081971,-0.15597052619698834,-0.2689690440858678,1.0,-0.18460698046755092,-0.2388371746611886,0.399548622633508,-0.10900575862803422,-0.10398939825216057,0.6704620323038626,-0.1727188254748291,-0.07090531333284686,0.5763824594551008,-0.1726483264194673,-0.10353152285427077,0.4848790416346951,-0.17234410784770055,-0.14399513119276475,0.36973274618728663,-0.14374808613641515,-0.0027570780396539746,0.6053380017846005,-0.191926714792393,0.017526278052073598,0.5146996343940278,-0.15970262009196995,-0.024933640819480365,0.44499331266103426,-0.1404754397436938,-0.03384039813019146,0.34539591548943344,-0.17903449276566488,0.08951372322657129,0.5113881275463997,-0.22215644771413195,0.11277903378727411,0.4503362403726621,-0.21224449341939827,0.08835527881860548,0.39916306403665835,-0.20339526530299284,2,Bright_Down
0.0,0.0,0.0,-0.1260621115948177,0.12249044052743731,-0.0017907298639595498,-0.18548192837956734,0.34992658137107086,-0.04254242113823331,-0.1526912706642913,0.5729601242964687,-0.08453278361943087,-0.11458250403528344,0.7121668298986291,-0.13077701093884286,-0.3210604372782348,0.4107627399079095,-0.09633993340412608,-0.29771494094467144,0.6877541567965301,-0.16724812603232503,-0.27714682833634224,0.8573272513564961,-0.2079824063039995,-0.26049784919954594,1.0,-0.23859423910825062,-0.24394727915212636,0.38039750870409667,-0.13155876729659785,-0.09356954148106565,0.6739858739030196,-0.2058434387767516,-0.06500414101361907,0.5726100739716267,-0.2058127412701519,-0.10069122680584595,0.47258258071945963,-0.20400586185506556,-0.13460640416388267,0.3498890565210732,-0.16483967423748966,0.012544264510556435,0.5916547185319571,-0.2225189100490272,0.024175197327249993,0.4928375549243602,-0.18526082019192605,-0.020348411762426428,0.41502245736281485,-0.15964055859809245,-0.015768268864256273,0.3251659010394111,-0.19855149551187307,0.0903611327546788,0.4989664321488398,-0.24309323707216995,0.09865460132639108,0.41711165849417203,-0.22282566377970217,0.06364139646107295,0.3494659314883411,-0.20437935669825902,2,Bright_Down
0.0,0.0,0.0,-0.11865379016438661,0.11884237746262565,0.006830687191189315,-0.16553839438237455,0.35076092671689973,-0.02942836708635537,-0.10513938321928001,0.5725593016959173,-0.0684472628359201,-0.04989089168057701,0.7184609759094629,-0.11289363193431973,-0.30677727474283645,0.40352208456162325,-0.0884771229995223,-0.2759931078929339,0.692837218678759,-0.14312987783047992,-0.258823467250637,0.8652024868053244,-0.1739178381030482,-0.2527932800059394,1.0,-0.20072588834205415,-0.22509032071627408,0.38451656282849517,-0.12684236883972952,-0.1183139401373517,0.6770048272658216,-0.1905988723580613,-0.0893791345766818,0.5972429675024254,-0.19270166476422523,-0.11373920788186523,0.5014249043888139,-0.19368404269019035,-0.11903665489486326,0.356718971191258,-0.16032542890437756,-0.007371839553936848,0.6031310368765391,-0.21053271574416793,0.007267994608462557,0.5124569903770351,-0.17841355200961376,-0.027849480240129072,0.43101965710981566,-0.15793953539686112,-0.00484155889620613,0.33107556945032085,-0.19264994551055947,0.07821854639565913,0.5076285052410876,-0.23454101683679557,0.08278569180581415,0.4283161660635802,-0.2161085051452637,0.04743519242204212,0.3558246040581223,-0.20030295558467076,2,Bright_Down
0.0,0.0,0.0,-0.11121549692678366,0.12194684843419941,-0.0019092040189825192,-0.15995054115476443,0.35703247462756965,-0.04157343011704006,-0.09985956657940992,0.5883423167454702,-0.08106041411836694,-0.042662994778750594,0.7421282634144231,-0.12440561972459302,-0.29983737179574493,0.3921513796421752,-0.09742236490096677,-0.272914511622615,0.6881790475366327,-0.15217085840665553,-0.26080012595740043,0.8612992949216679,-0.17973003247759287,-0.2580076162027797,1.0,-0.20410446542223704,-0.2139320743469165,0.37053476875626146,-0.13202030345693835,-0.1031186742529559,0.6652091824974767,-0.19636054581810009,-0.07393246696222319,0.5742777414096706,-0.19477763174182644,-0.0973286668199736,0.4812559576701941,-0.19310946739466156,-0.10548524981684629,0.34313743164954785,-0.1622684667117246,-0.00015210504569427875,0.5990182480650342,-0.21582314760762464,0.010910699247861248,0.5004820888629994,-0.17827117949653426,-0.02217314976030435,0.42099932347308033,-0.15294126578910533,0.009879616668576325,0.3192646849475832,-0.1918286601134905,0.08125961673801849,0.5074918745992052,-0.2351626231002834,0.0862773471918524,0.42559512601482374,-0.21273312158550944,0.05894023780735836,0.35682247885552903,-0.19384643904329596,2,Bright_Down
0.0,0.0,0.0,-0.11686275810732634,0.11525545935563845,-0.002364512885271247,-0.1732377073735956,0.3515193038672051,-0.042126054089692555,-0.1179658845914678,0.587141609986497,-0.08111967374124025,-0.061694789260798966,0.7492382408605659,-0.12542915169919025,-0.3028060534522802,0.38750347392768614,-0.10804916341830123,-0.2761325850524127,0.6862981521920526,-0.16121973809141352,-0.2632458281555873,0.8604151652472506,-0.18787482556330476,-0.25803437808993385,1.0,-0.21182669799763357,-0.20771721399292994,0.35789779053121556,-0.1432068348830784,-0.11337044949323816,0.6613052354502091,-0.20398677523138176,-0.08822317357722985,0.5721821749681549,-0.20106598484470864,-0.10900668855904018,0.4751542999354467,-0.19992450552189858,-0.09467078336265368,0.3251789263168513,-0.1729244794568626,-0.012590292500479834,0.5974041932211273,-0.2273989321672709,-0.0050195166188299915,0.49813987039922497,-0.18900493105222899,-0.03290179337602809,0.41000200057613884,-0.16255149217693865,0.02435638825258983,0.2994582196090989,-0.20120157380789228,0.07151609482121586,0.5083170144769272,-0.2468433305371568,0.07453828496802294,0.4280905262395363,-0.22214251145186353,0.05460834913878752,0.35221683131081066,-0.20104565750170733,2,Bright_Down
0.0,0.0,0.0,-0.11973455653176522,0.10445336807176687,-0.0009889645575711,-0.1819901135221956,0.33631795668954056,-0.043970317733681735,-0.12982162755224552,0.5724842010577045,-0.08597671575296074,-0.07279314064372747,0.7350566446331552,-0.1342598299900437,-0.3000220255187729,0.3786329174974763,-0.12302609607543763,-0.2711054309859657,0.6904221877471662,-0.1752979101595066,-0.25920041543622346,0.8633009299016456,-0.19933006330639833,-0.2563986187293639,1.0,-0.22148489208453695,-0.19778155412471513,0.3489072362564017,-0.15911004447338087,-0.10725215039969636,0.6489833835786912,-0.21459306272989834,-0.08662064486471432,0.5581659011400175,-0.20557926475288915,-0.10985369643354442,0.46049769451393313,-0.20316815553337694,-0.08047775165696641,0.3157484514484605,-0.1886656017035914,-0.011684554836177068,0.5914945187972217,-0.23733507882188623,-0.00407804364067096,0.4951648334332988,-0.19312837258236162,-0.02966792848111954,0.40715942399329164,-0.16599476605951966,0.039753218277686644,0.2908035066818162,-0.2166687024033726,0.07219067590939188,0.5031585553040909,-0.2586116443207437,0.07555773717424583,0.4251493059563785,-0.2302608281605212,0.06075343716270213,0.3489448474844151,-0.2085340754447542,2,Bright_Down
0.0,0.0,0.0,-0.11780823508240307,0.10834739357159419,0.009217259396138213,-0.17558978729855956,0.34312841069623023,-0.031121766925105876,-0.12175773637505716,0.5733512812658893,-0.07182552709551562,-0.06596698413609013,0.7382399211055872,-0.11992573877594545,-0.2972301928207587,0.3752448974225799,-0.12384979163492885,-0.2691806065349461,0.6919297476396385,-0.17129154536921545,-0.2511106307694356,0.8661570491905162,-0.18938981234880992,-0.2409603509817922,1.0,-0.206801902139011,-0.19159923386641015,0.3463739268717361,-0.1637228687458171,-0.10615109386434081,0.6537898445980855,-0.2136876285129447,-0.08017030047420651,0.5706396955954148,-0.20032275312233985,-0.09930602010400649,0.47320222737394363,-0.19532709156379957,-0.07188898233924802,0.315372971082862,-0.19517595467359306,-0.005719025389016999,0.5875409385990163,-0.2364512140154134,0.0035230671568883556,0.4955286222742175,-0.18939392712406294,-0.021851949361970803,0.4098688359898391,-0.1623357626416419,0.04906191661109159,0.29419659610766163,-0.22391820617616898,0.079233292731941,0.5065535564463504,-0.2593092003161144,0.08216082727129619,0.430376056310614,-0.22717671548017096,0.0647134972482227,0.35475673141376507,-0.20398847151258515,2,Bright_Down
0.0,0.0,0.0,-0.12340392746269184,0.10579840861312663,0.00901713137222967,-0.18665403318652846,0.3359012444174962,-0.03362029062873406,-0.13801893771135745,0.5727814025568502,-0.07667830981868431,-0.08556355701928954,0.7441416485660631,-0.12736924679270695,-0.31382573618876924,0.37322923312709083,-0.12466310833582202,-0.2839742595362282,0.6933503572823053,-0.17256503572277346,-0.2709847124672476,0.8665774460351379,-0.19157587574083845,-0.2686138043130652,1.0,-0.2095266766474414,-0.20676510215091048,0.3489349848405799,-0.1638269168104853,-0.12573002369327366,0.6513625470877439,-0.21321347113026884,-0.09979450433991796,0.5717855056657873,-0.20010625839686452,-0.11621023912590907,0.4745415008241751,-0.1961905588349698,-0.08568190998315497,0.3212680207336248,-0.19466140348955682,-0.027239051474535658,0.5967909714145977,-0.2355133310792616,-0.013275738556515843,0.5074942787476222,-0.18861914790749976,-0.03348797799872011,0.4192717663781223,-0.16247089219444344,0.03607593531660002,0.30267375290719073,-0.22268928571584892,0.062360327866576484,0.5212789625407371,-0.2574088699491722,0.06893805844368327,0.44677350369928615,-0.22590519416866298,0.054526626289657265,0.36975026081295564,-0.20371803414562745,2,Bright_Down
0.0,0.0,0.0,-0.1257159313500349,0.10878224555337344,0.0039371407925907695,-0.18821565876285748,0.3455559298899741,-0.035356601200475415,-0.14572493729488445,0.5826320937332191,-0.07260760162057839,-0.092802698750608,0.7526706665801545,-0.11707319622060795,-0.29651432627621627,0.36351132275133696,-0.12833420027140438,-0.2768854997645182,0.6742007190396826,-0.1783488394609257,-0.25946957789548475,0.854544127217459,-0.19970813324776984,-0.24977198292292496,1.0,-0.21972889818408778,-0.19155434006090788,0.3408603180100982,-0.16288229333873916,-0.11765848923027353,0.6433256668958524,-0.21417843614127352,-0.09179246550925088,0.559744969785263,-0.20155951180751516,-0.10694784288430716,0.46129520409616837,-0.1973219302586577,-0.07279838969250757,0.3159670195348217,-0.18945833536487142,-0.017957540009591044,0.5910652867929114,-0.23076473683904972,-0.0076442502826016105,0.4972129009522535,-0.18303062907408274,-0.025742965288195266,0.4069570554921737,-0.15550737596200945,0.04674932158503287,0.29676406645450604,-0.21402058719731146,0.07410224545406784,0.5102815857414328,-0.24793236114500922,0.07589645619223793,0.43527123078361046,-0.215691387236148,0.06203325946025122,0.35881356372323286,-0.19278295955186547,2,Bright_Down
0.0,0.0,0.0,-0.12489415511725223,0.11004425585797874,0.006581777202003695,-0.19151619239886145,0.3467093898688771,-0.02965422495807387,-0.1522471576156006,0.5832914777869623,-0.06425868395842749,-0.10431765969077232,0.7507072612379183,-0.10593086082577603,-0.2963829842342944,0.3618834935002569,-0.12360820734621575,-0.28392404149897116,0.6803385467298944,-0.17248041029734118,-0.2681700353872386,0.8596281631482422,-0.19345987877394377,-0.2587004814847451,1.0,-0.21215808190130545,-0.1902185633850994,0.3411192652124989,-0.1581778510642759,-0.12533048524007862,0.6529476730491557,-0.2073224391133886,-0.10026720147989761,0.577930000394266,-0.19627546593044623,-0.1117819344856948,0.4792456790840638,-0.1928991147661204,-0.0705481968617098,0.3173103291147767,-0.1842817808148556,-0.022451659971695348,0.601581094813954,-0.22421428828139592,-0.009887895213684427,0.5149053196770751,-0.17735400880153768,-0.022557023011274317,0.4212975627391929,-0.14954981512263024,0.05161666329320093,0.29989181690987515,-0.20803024136819823,0.07344723587369392,0.5208106542997419,-0.24097686822594033,0.07711898226066478,0.45214309977927186,-0.20867143091826762,0.06685345725685907,0.37332633888662375,-0.18500562760184758,2,Bright_Down
0.0,0.0,0.0,-0.13194421178472115,0.10707340943144864,-0.000934917705158482,-0.21084295999823496,0.3464248349296287,-0.04042709277772448,-0.19774614695069584,0.5807852667424434,-0.07693397396709734,-0.16988785755940722,0.7464434386280876,-0.12086541280110576,-0.287871532609723,0.35645190154040257,-0.1396963885991377,-0.26659059034192945,0.6818830211425722,-0.18922288804225246,-0.2526649185182522,0.8599759813450937,-0.2077797197534141,-0.2451526197848018,1.0,-0.2244131421829373,-0.17060572062365698,0.33532560421843627,-0.1717134166351564,-0.10673851562097811,0.6493870176691554,-0.2224045283709305,-0.09190799041106003,0.5780882752301425,-0.20780990309653957,-0.10770996643435196,0.48275909735835654,-0.20230574150639458,-0.044271627071840514,0.3110938784026314,-0.19559385464194037,-0.005742087367652935,0.5981651523582979,-0.2390295069548867,-0.00021654378147545577,0.5123900495544782,-0.1888156427324682,-0.0145172857775951,0.4181038228012703,-0.15775403752474007,0.0797863053354481,0.29555597683989354,-0.21758273505066608,0.08900344372708074,0.5230827499589384,-0.25194991853515786,0.08918525878888561,0.45822557215906135,-0.21832208225424146,0.080493954070383,0.381569958758624,-0.19386298546788738,2,Bright_Down
0.0,0.0,0.0,-0.13225789782161415,0.1111504417558179,-0.0011782350596458654,-0.19601637835022526,0.35251876289332723,-0.0346822884684478,-0.16550551361848126,0.5841631525196468,-0.0646698494249032,-0.11725710229397535,0.7480236237711818,-0.10101784721102458,-0.2711574315200289,0.36600900782064866,-0.12266259890441054,-0.2601129241284213,0.6829168258855175,-0.166114021063051,-0.2503192309627516,0.8590424295006126,-0.18121791221311198,-0.2431008715447243,1.0,-0.19425285355484753,-0.16054468485546555,0.3540660981477125,-0.15035900413939038,-0.11724173569172149,0.6503617950911185,-0.19644913878074338,-0.1006589960577186,0.5830575730831523,-0.18262014866568427,-0.10640678523881468,0.49153986953346723,-0.1741656276889123,-0.038542158205289646,0.33519434672222215,-0.17016665643533754,-0.012706548212374602,0.6024411139562745,-0.20909365963512647,-0.0057767545464064585,0.5169399111456822,-0.1609378388885816,-0.011283165683249451,0.42898814323849105,-0.12858162201006884,0.08213000145506764,0.31909245934989755,-0.18785609740378703,0.08297407667798537,0.538680593613205,-0.2127042842127149,0.08263179581185295,0.4736936008300685,-0.17443282638451896,0.08072633713237444,0.4028794700834012,-0.14627794735231572,2,Bright_Down
0.0,0.0,0.0,-0.12809877281225387,0.10872095995342829,-0.007404405198381551,-0.19529270726791398,0.34765657086923923,-0.04400271110743022,-0.16716233183880697,0.5783972172432402,-0.0755007994053845,-0.12046127141792161,0.7447392028776051,-0.1126576216927962,-0.25611783095715734,0.35364872646040035,-0.13187024748449705,-0.24710643175972624,0.6794809455643239,-0.17706365030672,-0.24041943672887692,0.8570536622685122,-0.19162627912649915,-0.23281632998796997,1.0,-0.20327734995345317,-0.14190802384102494,0.34120278507671287,-0.15650920309826424,-0.1104763012070635,0.6491683305361263,-0.20556405488226095,-0.09918770619088925,0.580392242022902,-0.1913920077003498,-0.10347786596147286,0.4870119719021309,-0.1812819690879677,-0.021011221694043236,0.32650507294161824,-0.17337745390623513,-0.008708321604306912,0.6039875137966396,-0.21578601099926914,-0.006584755237530151,0.5172425118455861,-0.1665237291068942,-0.009436274327979052,0.42922531236077754,-0.13184062424622828,0.09663467873977451,0.319350108302694,-0.18834194378699087,0.08293427667302002,0.5425701276635119,-0.21653375750878506,0.07958180957150601,0.470305005042526,-0.1771742021412836,0.08131651403308604,0.3974520036099549,-0.14710051193352236,2,Bright_Down
0.0,0.0,0.0,-0.1323293577753763,0.10416274847692174,-0.015453033573159315,-0.20227262739223398,0.34637272759780413,-0.05473826368053841,-0.18254433161574454,0.5784376775127618,-0.08650649687699784,-0.13912755915226796,0.7492398598159286,-0.12407108900265797,-0.2618666897413353,0.3471845947106417,-0.14762469522943375,-0.2654778844859886,0.6642145736732042,-0.19597357575769805,-0.2614708900225442,0.8472891404294672,-0.2125152402292686,-0.2529048287292727,1.0,-0.22577743106533135,-0.14354659477124004,0.34186368166347253,-0.16968798756246561,-0.12306600656372417,0.6550043142169348,-0.2193562118602555,-0.10885352107524317,0.5885297514459655,-0.20270321165744226,-0.10819567464607999,0.4956637411153199,-0.1907509984682492,-0.019032370684725325,0.33003588948070806,-0.18410545294841538,-0.021210770447354678,0.611152571510773,-0.22731229801793829,-0.017737696156293392,0.5234632802952611,-0.1742038746902126,-0.016875671665298655,0.43357306967794734,-0.13645741088773466,0.10055987917462929,0.3231552525761785,-0.19732178561016303,0.07345619684512139,0.5542855692241425,-0.2259574687563832,0.07040335266928695,0.48225711750256384,-0.1835423596071042,0.07611460612878122,0.4069032657298315,-0.15094277639785633,2,Bright_Down
0.0,0.0,0.0,-0.13283739134459313,0.1143747951266457,-0.008426924478505363,-0.20330153794442243,0.3591458400657397,-0.04139455738115583,-0.18775525974152749,0.5825749691418576,-0.06767320859124144,-0.1505018603626905,0.7460557484886302,-0.09959195242285544,-0.26295151151994084,0.36015175884926603,-0.1433777570493446,-0.2600376509611999,0.6757471042631815,-0.189831429151222,-0.2509858836883197,0.8510401934728049,-0.20431142729993826,-0.24145259150372708,1.0,-0.21591963176357998,-0.14615270879265582,0.3532320397146784,-0.16470941644535372,-0.11385081083088373,0.6506967503007313,-0.21314559022956475,-0.10044770758235858,0.5785309517305066,-0.19529679492243257,-0.10395122113052001,0.4852296636274758,-0.18258681381344533,-0.022091303512647095,0.34200863195181963,-0.17785699543448455,-0.013499217095376747,0.6125656294426203,-0.2165398152345377,-0.010274215262523914,0.5220779922909595,-0.1642958640925919,-0.012375203883545514,0.4276253176432939,-0.1278380661946181,0.09742940513037693,0.3338375897159276,-0.18949996266553334,0.08419381848708886,0.5503847489169102,-0.21359069700399363,0.07663126973900586,0.48132039673720795,-0.17366791983807695,0.07489343855069057,0.40970506838076975,-0.14326075482384487,2,Bright_Down
0.0,0.0,0.0,-0.13643460846308111,0.11469264817709857,-0.011240595455547092,-0.20674734082250898,0.3594396218587426,-0.04243353662599604,-0.18529892722656616,0.585646258531633,-0.06634489098983319,-0.1441783203457598,0.7510421114998783,-0.095469011888739,-0.260287794724266,0.35775193589338694,-0.1356018815372701,-0.2644390871942954,0.679057601690342,-0.17633349063655349,-0.2608416877246991,0.8543348559857449,-0.18805505758933827,-0.2539087567799671,1.0,-0.19751860101329063,-0.1392686758706419,0.3586658455106101,-0.15372875277637604,-0.12661974623013147,0.6627631320297481,-0.19370937620480497,-0.11796025720887451,0.5985883198574375,-0.17559006151044143,-0.11556609483162773,0.5046939803423319,-0.16328781645926926,-0.01626113094603237,0.35248192896419106,-0.16415311864566642,-0.023897494934521243,0.6182115425823228,-0.19525175863361469,-0.022689831124885578,0.5346820157555169,-0.14502463345310493,-0.019134208799677626,0.4476878218102424,-0.11151202325724067,0.10148124877141304,0.34914155576702355,-0.17354019744524585,0.07228912329279152,0.5665480168099055,-0.1917010644897605,0.06576331200347275,0.49440822605806495,-0.15046244063443004,0.0719753797051336,0.4221388154906885,-0.1205422152674863,2,Bright_Down
0.0,0.0,0.0,-0.13745740919095983,0.11989375925642558,-0.021837263180733885,-0.2039610404447377,0.3636993021373472,-0.05660072147826474,-0.18060427884871702,0.5910119112324799,-0.08263321321975022,-0.14776602941145925,0.7644183520083198,-0.1131480695447926,-0.2546786709105726,0.3602453701427783,-0.13840660034276833,-0.25689183509697305,0.681134443977464,-0.18032030985769873,-0.2528385679379228,0.8567039197045976,-0.19278864154429132,-0.24436354219822234,1.0,-0.20230438551683932,-0.13147001212379705,0.3595749262428623,-0.1520212315016884,-0.1200625646088985,0.6556765473420081,-0.19569307334256683,-0.10918022775567121,0.5909634437399733,-0.18021790496995985,-0.10338088455943395,0.49576899562200066,-0.16881014587832374,-0.0070354027337050555,0.35233492145150447,-0.15936184095963488,-0.017013751612409617,0.6173314214061527,-0.19340926778583806,-0.013521461059485538,0.5359373301474035,-0.14399347416872987,-0.007608426973682844,0.4502947862133525,-0.11032815293657543,0.11258347660093321,0.3491143950529923,-0.16663989273261037,0.08013310558227807,0.5675301035057922,-0.18700520607148746,0.07492243470217072,0.49591730614907076,-0.14674343314445942,0.08324084120179995,0.42465181299579646,-0.11711219113726824,2,Bright_Down
0.0,0.0,0.0,-0.14195023061960402,0.12196973286938627,-0.026588884036059173,-0.2144536662198694,0.38578462566060556,-0.06273965860102418,-0.20065569756788837,0.6217701690608682,-0.08674177697437746,-0.16725435740171588,0.7985485858189253,-0.1153314345059579,-0.24488143512187638,0.34959587976188866,-0.16684668971351554,-0.24276069944082643,0.6792248010849502,-0.2101587529296887,-0.24096829206099912,0.8567515468663264,-0.21914148664076882,-0.2342518063697947,1.0,-0.22591651927615064,-0.11558538341073306,0.34376706517373196,-0.17882282766443103,-0.11163021207074741,0.6636740557458581,-0.22043193462837585,-0.11503013060922389,0.5963917171006016,-0.1972427963716976,-0.11646825934099658,0.49514037445222203,-0.18195929376876496,0.0096738379885999,0.3336991062926206,-0.18348583349874595,-0.01106627154442925,0.62018663376614,-0.21407887719800175,-0.016490740239284762,0.538026284316513,-0.16033951684020287,-0.013617726569093363,0.4483676949773668,-0.12592507301819067,0.12448014685639755,0.3297221451233657,-0.1883933049984955,0.08612694458359847,0.5583596503698488,-0.20642761488286976,0.07287492045654557,0.48871702895607394,-0.1657157341089176,0.08054085035901741,0.41630512474218895,-0.13803214386715063,2,Bright_Down
0.0,0.0,0.0,-0.1409224441751156,0.11247203418659354,-0.02811606711601511,-0.20886963835671946,0.3583063593638766,-0.06577522275077245,-0.1940168159060421,0.5830008039866127,-0.09225449550288196,-0.16089708831825034,0.7523746348781727,-0.1228248498430283,-0.24759815627256068,0.34259150475540917,-0.15992688030689314,-0.2526955597669583,0.6710000828823408,-0.205610363809819,-0.2520438031776029,0.8523382726929477,-0.21908373248581964,-0.24390096202119052,1.0,-0.22855972004844535,-0.11612346175817165,0.34705856990846384,-0.16912345391743488,-0.1205903176123858,0.6494335117582694,-0.21516136756519832,-0.12177592577760799,0.5811856249091294,-0.19770713494265316,-0.11640796864870809,0.4770766840254474,-0.1842108829267565,0.009372541610702481,0.34294682442031893,-0.17129004574813836,-0.02163340722047512,0.6192367122445124,-0.20293672809640437,-0.0267622055409496,0.541017410035684,-0.15097651189907407,-0.018516110289884476,0.45299768961986586,-0.11627318568004089,0.12394844774212598,0.3404125642931155,-0.1740475579718883,0.07038747912941729,0.5645798549028812,-0.19184994177405568,0.05994890875770534,0.4959130913075959,-0.150985878022187,0.07264748800926943,0.4223804785017998,-0.12191177493050824,2,Bright_Down
0.0,0.0,0.0,-0.14399441362380727,0.11359339824622991,-0.031174965685439843,-0.21113468134978974,0.3705032982479029,-0.06876968944127404,-0.1950093202337854,0.5982739537178237,-0.09433095692136934,-0.15615872810124645,0.7690173469239995,-0.124178137492657,-0.2413626337846138,0.3484739742716841,-0.16409295776798594,-0.2444316541260469,0.6714929342941443,-0.20946462063012647,-0.24275711902358196,0.853067874555094,-0.22256637109641936,-0.23406095217797113,1.0,-0.2322260177246654,-0.11059087568864923,0.3497773589526473,-0.17237968173146756,-0.11936914550628924,0.6538748174298423,-0.21682399574215697,-0.12599685168843217,0.5860808188478057,-0.19885151106300736,-0.12109302674434021,0.482093398035349,-0.18610261709829282,0.014731578813440538,0.3418438078121259,-0.17359913580575023,-0.018322880903312643,0.6178581837051187,-0.20490897766052385,-0.02785202738808936,0.5407149903578213,-0.15351917749269076,-0.019539804406539615,0.4525323213673407,-0.1200142497679089,0.12877780869135877,0.33808337922336495,-0.1755418938667086,0.07316710386967896,0.5644163188654494,-0.1933319314021067,0.057588627276266235,0.49755631188388505,-0.15291029397923464,0.07103692538990827,0.42404751062804696,-0.12502772400437587,2,Bright_Down
0.0,0.0,0.0,-0.15050138829012108,0.10471065610536302,-0.034023716947944,-0.2225788980744986,0.36479721321473957,-0.07075175423055849,-0.21027679073822905,0.5971169839476187,-0.0935815950744432,-0.1736653740778761,0.7676833216968949,-0.12059360016795617,-0.2434425378053054,0.34362264372664775,-0.17168415958428537,-0.24538092901369624,0.6683938355504884,-0.2173908866170554,-0.2446100706100113,0.8513724835879832,-0.22975798769045186,-0.23606568714422121,1.0,-0.23879967251928655,-0.11214443558728826,0.34728843809384313,-0.17699941382347947,-0.12328842797316389,0.656782464573757,-0.21992704801490115,-0.1311153677313668,0.5879770266203383,-0.19904935178512123,-0.1245543562706815,0.4822019421302371,-0.1844870472670954,0.013170377277838088,0.341389487734791,-0.17523209020759128,-0.021555500610262904,0.6183151683539854,-0.20541223689278068,-0.03211614828875479,0.5403610580439229,-0.15366450100821152,-0.023179869631594623,0.4520484325106018,-0.12035427070231539,0.12568576387302652,0.3387257108968932,-0.1743177325200147,0.06924048659663626,0.5606056495599543,-0.1917419402289642,0.05383203355230079,0.49176535148908224,-0.15223017585299614,0.06875061760742363,0.41833750413085363,-0.12550952684194816,2,Bright_Down
0.0,0.0,0.0,-0.15265114604509958,0.10531269168865673,-0.03291039311135462,-0.22354404362998342,0.36391812567303417,-0.07328329656920674,-0.2081161026706471,0.5977786285087228,-0.10069125940365972,-0.17659999728143277,0.7758498165650356,-0.1328031211813452,-0.25290859723872683,0.33436284083946766,-0.17516467365008834,-0.25276964824688736,0.6689078544513626,-0.2233178531187494,-0.2528898980990383,0.8516830268556325,-0.2371342338959475,-0.24634735680108927,1.0,-0.24706238029410124,-0.12109404638810654,0.3356195668660738,-0.18375072525698094,-0.12751935846416199,0.6583431282064081,-0.23039590900947107,-0.13307731813774118,0.5940507392525076,-0.21159796953959312,-0.12644717856232815,0.49188683884786544,-0.19887239588414937,0.005822049061795838,0.33064847249964274,-0.18498173996651535,-0.024424816261174626,0.6250195352069919,-0.21804302359197358,-0.03333380560647675,0.5477228295566945,-0.16517091844354664,-0.024814477564376644,0.4578587198007995,-0.13099961612829827,0.11952432553102141,0.330876745843379,-0.1868969454092883,0.06561456196941641,0.5702164562066508,-0.2061268350059716,0.05102017112158087,0.503646655878222,-0.16499345641592555,0.06529840266914397,0.4282182100421141,-0.13704823942931063,2,Bright_Down
0.0,0.0,0.0,-0.1429706455004849,0.10821451278460945,-0.04169048356324663,-0.21145781270640318,0.3623495691298658,-0.09127940992381905,-0.19057663541609116,0.594950497108539,-0.1266833674964217,-0.15721712892298292,0.7777817516854882,-0.16622190794462482,-0.24478614304370552,0.3231214426722394,-0.18985407140849386,-0.2485009131226522,0.6614356889262113,-0.24549025237165573,-0.2461510467995254,0.8495698036495842,-0.2632587308816511,-0.23736738342567024,1.0,-0.2754682203717356,-0.11008562844410477,0.3178739420548168,-0.19887596286076772,-0.11131373589010347,0.6614830358918043,-0.25645001870491113,-0.11438516996886865,0.5973313210630151,-0.24213222346808141,-0.1092456204329982,0.4916113013710479,-0.23032478255736763,0.020406979219526063,0.31301614338496786,-0.20089128645123672,-0.00865735623794997,0.632302736789368,-0.2443373355490931,-0.01725221448131709,0.549057374725119,-0.1893149169429885,-0.008755109511528275,0.45143026259974683,-0.15073640906367036,0.1385302285427103,0.315048493672679,-0.2040434288959667,0.0843041130563956,0.570352291653229,-0.2311585444110902,0.06861099773131552,0.5037984831561895,-0.18897600372119902,0.08276424405233791,0.425699444885965,-0.15827490187354196,2,Bright_Down
0.0,0.0,0.0,-0.13986113655218196,0.10908981447105688,-0.04209086502458171,-0.20840972063177382,0.3659869732114496,-0.09504977986999526,-0.18259080765547028,0.6007310036498181,-0.13244786412012877,-0.14134324117883712,0.7845734997847081,-0.17492697780457012,-0.25147791158011057,0.31354642603388994,-0.2021082097721812,-0.25157268541816613,0.6542442383329121,-0.26038331713065194,-0.24495594810934615,0.8442823360974726,-0.2792896907591504,-0.23225244527854536,1.0,-0.29271401308043266,-0.1164191865899853,0.3054475108574271,-0.21298727959991912,-0.11680970753628524,0.6520087769069994,-0.2701041356690006,-0.11619594805954228,0.5841377452044182,-0.2534448321629618,-0.11299839301948936,0.4790012595252651,-0.2417368940776702,0.016237966414173244,0.30051861210965025,-0.2163513114049645,-0.0081167127364686,0.6205243805698398,-0.261025274387651,-0.011215685407106735,0.5310082200557701,-0.20373361039122867,-0.0035817772614125387,0.4329323120707666,-0.1647370690503898,0.13914527913861569,0.3046854383806359,-0.22049583579520216,0.09390886199105479,0.5610064102709645,-0.24926125201604482,0.08173035055993101,0.48762670416214615,-0.20486003847147177,0.09462984627375855,0.40738710066541634,-0.17332801718207444,2,Bright_Down
0.0,0.0,0.0,-0.142967458825289,0.11003136302283886,-0.04378472105388787,-0.22011223810215733,0.3682231474593924,-0.10013911509463438,-0.20596236819251462,0.6036223431896607,-0.14117623547342953,-0.15635025915962025,0.7838665772021516,-0.18752007128851184,-0.25225379028015155,0.3035535699147702,-0.20617537305274247,-0.2578330791371621,0.6469008758344875,-0.2679458690974344,-0.25542461877553013,0.8407911174489155,-0.2899436937991904,-0.24307613558546096,1.0,-0.30534965666691105,-0.11455341520795871,0.296279044073517,-0.2185058952668335,-0.12094575961558664,0.6615678308562368,-0.28323207376029474,-0.12728771044644155,0.5872542743817127,-0.2690348772298998,-0.125286218620265,0.473642690147233,-0.25685002624429404,0.018922714618236334,0.29465293297228223,-0.22304917739901953,-0.0171079581742128,0.631894021279606,-0.2725574506873532,-0.022378568008482577,0.5401987945797668,-0.21295334585872294,-0.012490554877356286,0.43662941606773487,-0.1705046911101127,0.14012176439812807,0.30413728326905337,-0.22877415584952135,0.08240304782703044,0.5706254224869656,-0.2588541075363325,0.06923974604575707,0.49793004343103564,-0.21254591819811472,0.08462051212509125,0.41678125206147193,-0.17932731350663433,2,Bright_Down
0.0,0.0,0.0,-0.14816243088648376,0.10893784813545312,-0.03801954595660777,-0.2325019168408288,0.3793194625957741,-0.09704723562113494,-0.21685451404686337,0.6319949585122536,-0.14257125179389413,-0.1781989792558247,0.8260071193492469,-0.19378068734846682,-0.2773330324391701,0.2724637431596425,-0.20924473276173408,-0.28535279840634853,0.6344462943192027,-0.27641956239098775,-0.2908219123455425,0.8354605886045701,-0.2993939155440625,-0.285269418096065,1.0,-0.31539372099000523,-0.13278510779321925,0.26889360823459113,-0.2297357272350696,-0.14282578892576556,0.6815917422074151,-0.30781515694999956,-0.14611462859207514,0.5903337296919098,-0.2970504681186713,-0.14120938910630204,0.46093443649109067,-0.2839173895182279,0.006674503207423022,0.2747874406292917,-0.24122748255373647,-0.029409232375486913,0.6516763369700441,-0.3014463249027169,-0.03563586851770956,0.5517493400569282,-0.2398763099123872,-0.027037274019722463,0.4390862273249361,-0.1928973394235792,0.1350090358879731,0.29452644515297566,-0.2530701300115131,0.07367375459724591,0.5824177359587256,-0.29184884712689274,0.061130757848473806,0.5065349318184702,-0.24487824110308826,0.07616564767468628,0.4193108194411465,-0.20910612432473424,2,Bright_Down
0.0,0.0,0.0,-0.14922478098045802,0.10622010623715124,-0.029117888674875064,-0.24510732837638788,0.3692888279312793,-0.09227361230149862,-0.23041223971880673,0.623631241831887,-0.14330408011404192,-0.17498099617474236,0.8143081442481033,-0.20197989978920963,-0.2934876258522353,0.2586692320151218,-0.22499774447806034,-0.306784871400315,0.6326530345867892,-0.29420028788300456,-0.31093908975045703,0.8367476492015744,-0.3161477721780959,-0.30429507373169407,1.0,-0.33203850577815275,-0.14889217324947043,0.25103142371426324,-0.2518100007351185,-0.14931200221369947,0.6623952447843564,-0.32744365128578123,-0.14624359608230783,0.5712697096665427,-0.30995615872233195,-0.14950671440340044,0.4483689264682391,-0.2962822725407436,-0.005543615741635965,0.2564538817921184,-0.26810171399239663,-0.03664842737083685,0.6410646626052744,-0.3274257233298289,-0.041847457817765436,0.5434505126800363,-0.2620250006911624,-0.03873574818677152,0.43128477452409053,-0.2154243119735706,0.12876264895031433,0.2807320195558297,-0.28365790118528683,0.06890569561179304,0.574302183106775,-0.3254761828862989,0.0520136453626885,0.5106342914654907,-0.27909329771923325,0.05978493439769343,0.43036710887294466,-0.2445029958527641,2,Bright_Down
0.0,0.0,0.0,-0.14546891078882151,0.11350254178823185,-0.009160848679512787,-0.24075679383958407,0.36677460755483443,-0.06381429517284709,-0.22737916388849277,0.6252635635909551,-0.11287828502881886,-0.1840413469357866,0.8161448838562724,-0.16959007052424596,-0.3191249619406235,0.2626318974188998,-0.18356851831834375,-0.3294003383912157,0.6317861120853455,-0.2507976030047923,-0.33011874525462204,0.8384803999028764,-0.27950923048154236,-0.32511625935104427,1.0,-0.30217007229713844,-0.1798460666838817,0.24795146128735118,-0.22126682212273976,-0.16891518251157198,0.6558288465021987,-0.2932461409466183,-0.15647764806542744,0.5727697590793293,-0.28399299117189125,-0.16479914284502992,0.45464578764602276,-0.279004476431832,-0.0359160265625542,0.2486121720630687,-0.24878093781553604,-0.0481708760015879,0.6273516455140039,-0.31098100102300685,-0.047669224513707156,0.5322785136994485,-0.2538968310257433,-0.05369320481147601,0.4172719809760929,-0.21320395766807762,0.10272925234041078,0.27077876228980624,-0.2738337199077804,0.055777201373606256,0.5722854511047818,-0.32156861852530966,0.050969887806739306,0.5158070322165396,-0.2797453913214309,0.05566882368584345,0.43385854630525356,-0.24717113217850878,2,Bright_Down
0.0,0.0,0.0,-0.14749837637993515,0.11279250655871367,-0.007524825452020527,-0.2408651103299168,0.36606599819268565,-0.06330947721536292,-0.22760763712735776,0.6276735619861115,-0.11353439442805142,-0.18927661903480208,0.8218796743050125,-0.17161236164172944,-0.3317722438786884,0.2739092741200808,-0.18593535265809571,-0.3393920102416247,0.6365135171880849,-0.2530902764924069,-0.33409123081696157,0.8407638807454042,-0.2792575867608186,-0.3297688425918936,1.0,-0.30082633351911253,-0.19812860735873844,0.25692887407023796,-0.2251892128211854,-0.18113677962703148,0.6639090005368362,-0.2951815695183386,-0.15798959377126254,0.5796617837544301,-0.2811948437168239,-0.164609324451073,0.4650410751375002,-0.27421896289891823,-0.05734577255424242,0.25513991209842246,-0.2547171507977826,-0.06039370937142187,0.6288461480973837,-0.3176195201384171,-0.05438047831054362,0.5284361781185094,-0.2601125869978862,-0.06145580266467053,0.41506494650539405,-0.22050859325768274,0.0770816061735516,0.2708634185032408,-0.2814019231506027,0.04244256180323068,0.5676182179498838,-0.3320831813777295,0.04280612858253569,0.5022116916007712,-0.2918672958177143,0.04622353521998306,0.4159323908068916,-0.2607537102224662,2,Bright_Down
0.0,0.0,0.0,-0.1458577653412091,0.12088297609259331,-0.0009392871520247029,-0.23598267389827476,0.3695558031814116,-0.056482427719145474,-0.22213119449099156,0.6273194861137196,-0.11047264384813871,-0.1949453441863745,0.8168246175294916,-0.17280278933454135,-0.3566437603875256,0.2890215535664855,-0.16419581941469316,-0.3527992967080848,0.6475050503275591,-0.2331850206098391,-0.3449354135426596,0.8489024603882939,-0.26485044318858575,-0.33988801459161855,1.0,-0.2903793479036219,-0.22781954023591802,0.2585439097617505,-0.2070791610888544,-0.17795089781614837,0.657349357155316,-0.2747668242018644,-0.15201803535735142,0.5762179377320114,-0.26371130973556745,-0.16589537779690627,0.46480630832826914,-0.2612756967052545,-0.08462110315417175,0.24450051144146318,-0.24176319888934955,-0.06219739776818766,0.6184633753219663,-0.3056859651810251,-0.05208343079512774,0.5224284596198575,-0.25335985927206006,-0.06586386293140584,0.4089418543505081,-0.2187285364167539,0.05563716356473825,0.24887501514698912,-0.2732484360042918,0.04030266745990108,0.5504557712862074,-0.32687056508409956,0.04513418615921572,0.4880607495243674,-0.29096004904586276,0.04226430238996478,0.3977283281671926,-0.2628982596754625,2,Bright_Down
0.0,0.0,0.0,-0.14257921985674143,0.11185172759020941,-0.001135346100836724,-0.23140492054272854,0.3470523809793156,-0.05611045655042669,-0.21784385167340906,0.597027671987237,-0.11100248253446231,-0.1942068726126425,0.7838492352566951,-0.17359946718898742,-0.3669587487842729,0.29667692337920176,-0.15333071633868553,-0.3551405569525894,0.6481345752926155,-0.22650497300735967,-0.34447654297980324,0.8492035517836469,-0.2641511505114002,-0.34027646087450186,1.0,-0.2940734608259754,-0.24482785721536804,0.2639626644152706,-0.19591578039302626,-0.18095168915730728,0.6433212338658468,-0.2650111648426156,-0.15050902012175282,0.5557286756188635,-0.2569627688580947,-0.16667614340860842,0.44658771796382424,-0.25715911975674294,-0.1061790044419623,0.2447384731807707,-0.2318820999529323,-0.07091376531994721,0.6072364302234438,-0.2967412691175391,-0.05665087176598739,0.5073020281319317,-0.24710222506974183,-0.07525317041672758,0.3939712589767322,-0.21489288170674084,0.030856916776244598,0.24124549991203004,-0.2652197027817844,0.026344995282964103,0.5350625063074912,-0.3203112101523577,0.03559791741897609,0.4707829565112808,-0.28776263912100136,0.02757434206354617,0.3805074631575532,-0.26187513231486487,2,Bright_Down
0.0,0.0,0.0,-0.14658165359052291,0.11804116863804769,0.003538657866201116,-0.23724030055804085,0.3617915509110649,-0.04907532745514443,-0.21775603924723946,0.6185857179394563,-0.10260463393006813,-0.18166917023096918,0.8026730010323778,-0.16470160894907257,-0.3777842248939743,0.31284727606131946,-0.14466666160537575,-0.36478820112573757,0.6526881734761987,-0.2116024170057365,-0.35348921038574144,0.8520570472039978,-0.2459110778276431,-0.3460453088121761,1.0,-0.2748721371470853,-0.25669360978725553,0.2821233364922228,-0.19031217948479387,-0.19015700110168676,0.6589086532986256,-0.25402057873939665,-0.15890132254246025,0.573904833160135,-0.245473250266873,-0.1728327211781695,0.4645748242876986,-0.24660688876699732,-0.11728987720316991,0.2602577641963796,-0.2289614069489757,-0.07397902929829261,0.619832612919932,-0.2897185844627179,-0.06069792056807288,0.519636948373557,-0.24290548631189005,-0.07992079229035481,0.4077720528768183,-0.21434548970032846,0.02084763386145878,0.25046824279405183,-0.26461237365356977,0.025397886046875668,0.5418450669120323,-0.31694282844331556,0.032200531576084435,0.4782172134151949,-0.28649168186121765,0.020929975284244517,0.3887305988576164,-0.26362440616421456,2,Bright_Down
0.0,0.0,0.0,-0.14488395248144836,0.12052296755331143,-0.0009579253070227546,-0.2328400386703354,0.3704888023984311,-0.05275230447166944,-0.21218804083961781,0.6220810774519963,-0.1053162428638103,-0.1714433552164193,0.8022072254868926,-0.16613897407025532,-0.3781854629166118,0.3226891799513357,-0.1373443710320975,-0.3602622810877947,0.6513838266255125,-0.20348163738453914,-0.3502893345253756,0.8487136390725974,-0.239599161344484,-0.3484712415833377,1.0,-0.27192351481829413,-0.2659038609680132,0.28545012982758855,-0.1823840394967132,-0.18962562590787285,0.6571462252235564,-0.25023855197224804,-0.15955224198676224,0.56920049662797,-0.24654431885665268,-0.1773021763017371,0.4605315338045765,-0.25046137062956714,-0.12963489260069927,0.2574665207562444,-0.2213415745564214,-0.07166426256245666,0.6143552070304065,-0.28576820799731967,-0.058135010259978574,0.5162396630846284,-0.24191687776192514,-0.08083572514255849,0.40568256316306295,-0.21431651827147102,0.008001427112423702,0.24313000955432096,-0.25808837819567726,0.027265656470969752,0.5370719873598614,-0.3136202048444385,0.03447707492027261,0.4772018939343698,-0.2866454924241342,0.021438727831210872,0.38632675479612455,-0.2658196323303317,2,Bright_Down
0.0,0.0,0.0,-0.14169859749373098,0.1252974061764585,0.0032372148524313,-0.22337635769272102,0.3753455305096891,-0.046715773339603126,-0.19627003098498458,0.6229923396488589,-0.0980863604080046,-0.15811891738442568,0.7973518197349676,-0.157507869391036,-0.37068135280942754,0.3331604541086615,-0.13127356331161188,-0.3484750249671941,0.6576412721331087,-0.200657635363404,-0.32953891216280246,0.8522293104009764,-0.23904045803664525,-0.31750619503265826,1.0,-0.27085226694579484,-0.26105296518405047,0.2907166095973083,-0.17659297212047048,-0.1781478922166202,0.6534915098689671,-0.24476816239011398,-0.14503893839575008,0.567506112423656,-0.24180378423635468,-0.16190380486417225,0.46059890204925763,-0.24548643848636206,-0.12821768948054393,0.2596146139510597,-0.21622497141142824,-0.05960390048133879,0.6093200724712255,-0.2797984180289953,-0.04331766418016018,0.5102626265014599,-0.23732088740225843,-0.0690348379051664,0.4023713776916262,-0.21038814974469505,0.005195922669309078,0.24024900776491578,-0.25313254416398334,0.03657089517427948,0.5334926451002343,-0.3061902686545896,0.04581223575904327,0.46676234135354155,-0.2778540224054514,0.02851838992043872,0.37291719299309706,-0.2559459864917567,2,Bright_Down
0.0,0.0,0.0,-0.13271439735542562,0.13890142376010678,0.008592789574291933,-0.20560689660796402,0.38361194665559734,-0.043517764706287,-0.17430075805560827,0.6244075965336834,-0.09807251212849163,-0.13680102597269417,0.7899593552641179,-0.1604909237081676,-0.3623109326264123,0.33755207424114153,-0.13217582232798145,-0.3438946910127583,0.6643836402358132,-0.19953759280779804,-0.3261491622331952,0.8561567057680077,-0.23456808556090245,-0.31531311587101846,1.0,-0.2637833161835692,-0.26060744182374423,0.2937636335517781,-0.17892748011230966,-0.17335018462644491,0.6535359029462509,-0.24198377791746795,-0.13648060796286385,0.5643701379363449,-0.23230091164269753,-0.1536921067260431,0.458959035495604,-0.23241441106273372,-0.13374983825746295,0.26348911109188283,-0.2195893554712915,-0.05758041535844347,0.6034740528887451,-0.2758357241573879,-0.03933722833658526,0.5039346104781453,-0.22930025832192208,-0.06532457225819427,0.4000437615948561,-0.20235842595379988,-0.005038789703237355,0.2485858488251953,-0.2573315119234674,0.03613463589508735,0.5310095714777167,-0.30315132341231493,0.04817831175647596,0.46280513410684454,-0.2722354056445662,0.03087487323101655,0.37213715709409445,-0.250649136595481,2,Bright_Down
0.0,0.0,0.0,-0.13171084185617116,0.13959388043129364,0.0014700554255028472,-0.21084229986406314,0.3712021795331279,-0.05187172538441702,-0.18513388113907256,0.6125398831114117,-0.10846594433564839,-0.15385700998759824,0.7748916599541846,-0.1707566299899103,-0.3778912582523774,0.3472536243409785,-0.11327593036500119,-0.3647813043002468,0.6691254944203132,-0.18487096269406345,-0.3522271378268823,0.8580297713678864,-0.22366573090871314,-0.34508772855819436,1.0,-0.2540592272368349,-0.2846799691005163,0.30088416637149257,-0.15663209234897438,-0.1993737256917962,0.6497890737179431,-0.22666461574871694,-0.16152409435268028,0.5536575753517446,-0.22248902183293218,-0.18011049657080402,0.44948437382809614,-0.22302037070656805,-0.16478782836070133,0.26788750603023026,-0.19669759703953602,-0.08803108576374404,0.604040785813498,-0.26245024094343156,-0.06560350984513734,0.4964838757206948,-0.21949207149398808,-0.0919580164286349,0.393072193201354,-0.19118142938481258,-0.037945610988022814,0.2505663030005815,-0.23461411952079878,0.007904832770547338,0.5276117370474239,-0.2870649566610468,0.025367591584160788,0.44857171527310596,-0.2581456566267121,0.007633221722679228,0.35453416344844374,-0.23526031386560262,2,Bright_Down
0.0,0.0,0.0,-0.1374203791132525,0.1451687570966749,-0.004342147768974733,-0.2163289908542395,0.37288579695306695,-0.06290605667388521,-0.1892112359461876,0.612916342958689,-0.12270729410283389,-0.15289860056671917,0.7914235098251244,-0.1878379000531597,-0.39561122455768055,0.3423813706575679,-0.1257734258808279,-0.3769017961141512,0.658807093348548,-0.20803373656719407,-0.3680042430645683,0.8474037304689922,-0.2593312088824099,-0.3640732348659708,1.0,-0.29791752869198507,-0.30416193555007054,0.2871400992153206,-0.165469120884205,-0.20458565003004986,0.6430627642049074,-0.23925642811117118,-0.16291639933743696,0.5492407051177245,-0.23887132602617234,-0.1811429438050468,0.4435991234232274,-0.24392400703296147,-0.18568157395933288,0.2503360173375926,-0.20266304418542877,-0.09907761549468405,0.5982412367693173,-0.2694852328027851,-0.07343353058377938,0.49148159403016717,-0.22978116907901386,-0.10235251601438335,0.3849984185761209,-0.20540091951284833,-0.06335350377004688,0.22650161976142769,-0.23812175295424093,-0.010013711311493709,0.5091749364893404,-0.2901288399038011,0.010016107408280234,0.4323554392524629,-0.2614809129221727,-0.009596085736289534,0.3366523737144236,-0.2395550769099092,2,Bright_Down
0.0,0.0,0.0,-0.13567214620429935,0.13738488516527386,-0.010473898835337133,-0.21243722750647503,0.36094391102701284,-0.07094240731603162,-0.18853418420095147,0.5963244993509389,-0.13265635803973355,-0.1622745895630523,0.7665869952210429,-0.19807398823214384,-0.40033246318295324,0.3554404157406404,-0.11456943465665997,-0.3834003272844107,0.6637342685169627,-0.1929914431511062,-0.3756283197942264,0.8505895507352073,-0.2420209272313153,-0.3699574941768555,1.0,-0.2796645480581259,-0.31521444211220845,0.30042099919372117,-0.15256731149999672,-0.20847070784929017,0.6454607606174804,-0.22689277116327436,-0.16732144310548297,0.5453306684584286,-0.22984677085856658,-0.18859178054658582,0.44047760597395175,-0.23556565758209105,-0.20179541036206547,0.2610106821975714,-0.1890755739862091,-0.10426184264496416,0.5969672269795,-0.25532699526176733,-0.07850311926551573,0.48792418781279523,-0.2149054529967921,-0.10872832377628236,0.3861360487269283,-0.18903830782089892,-0.08169513253492994,0.23314311376202043,-0.22529536486038657,-0.020840429359411765,0.5131619546954004,-0.27714754226468935,0.0006207528381246658,0.43202472989728324,-0.2482398104206776,-0.01860753871079783,0.3363056570178908,-0.22491511000740458,2,Bright_Down
0.0,0.0,0.0,-0.1394636539298957,0.14009191655621422,-0.00878584920930293,-0.21986725810811714,0.3722310161085697,-0.06271707473407737,-0.20037629901223525,0.6125600540778763,-0.11782661452110703,-0.17346746217874753,0.7800642933180425,-0.1762639013527539,-0.40844363951786283,0.35955233651869084,-0.10116538567443992,-0.3894934031373337,0.6638852048057344,-0.17502426054873046,-0.38169012559963,0.8483756897708861,-0.22300271739349853,-0.3772813928927471,1.0,-0.2609812719719007,-0.32677103941541413,0.3115057813998462,-0.13850163936349053,-0.22488004772764222,0.6544066536777849,-0.21072416770878408,-0.18125315466831007,0.5531532776200242,-0.2154932712976437,-0.19790521441866055,0.4499960223461824,-0.22194246509850088,-0.2137002307669754,0.27463168694662926,-0.17451133411963268,-0.11724554111312444,0.6034624889730014,-0.2397338748305079,-0.09089599288246927,0.49407732425907486,-0.20274353340068443,-0.11923075993435242,0.3948537952124461,-0.1783528789640101,-0.09172129912590751,0.24662049178653894,-0.21016293494226262,-0.031336765967425136,0.5226629059418161,-0.2605667622614336,-0.009284765298632825,0.44302792950525516,-0.23364519203153292,-0.027001035731311535,0.3494937940718701,-0.21175462700887324,2,Bright_Down
0.0,0.0,0.0,-0.1233266255471632,0.15155669205489827,-0.010264234384289951,-0.20251256918064356,0.37785656317812516,-0.06321452532483701,-0.18969858601556797,0.6089129092858143,-0.11748843386667128,-0.16421512215139045,0.7889320824332723,-0.1748503699604029,-0.40279601361828404,0.36007515817494723,-0.09797235699952415,-0.39209438481576814,0.663345432687401,-0.17656692622662248,-0.38625016452728406,0.8492487349875452,-0.22878917073774593,-0.3828011095649652,1.0,-0.26870743147143555,-0.3311292660077129,0.308905237211391,-0.13341570436078806,-0.22983592318634624,0.6566303967588653,-0.20756787854925504,-0.1759009584462149,0.5649412945534606,-0.21321515879887196,-0.18637087652394496,0.4626225684275133,-0.21926569806124072,-0.22381433016807473,0.2701609798294829,-0.16861256873470104,-0.12151052587495081,0.5952050942574171,-0.23332004098325937,-0.08517867839015947,0.49386072158323463,-0.196095188670692,-0.10936774364291209,0.3958924135853434,-0.17117910638382258,-0.10476984832520023,0.24454036883673755,-0.20425804710261855,-0.03447020806806608,0.5067039853259259,-0.25608685144853194,-0.008765450607677564,0.432681840481384,-0.23261894359507282,-0.028811314127808314,0.34290991224976897,-0.21252205022212622,2,Bright_Down
0.0,0.0,0.0,-0.12864548714242732,0.15874393803343864,-0.01628763493958435,-0.20858174064645343,0.3810442833599855,-0.07719373630551096,-0.2054375711158268,0.6114985156752888,-0.13929786424267926,-0.2035392530740514,0.794418357810676,-0.20254023072345412,-0.441900403879732,0.336484230584322,-0.10236002812194739,-0.43266741500935085,0.6521419709972379,-0.1927061506192767,-0.43537258243802973,0.8430686566187062,-0.2541747566846689,-0.4403942997028415,1.0,-0.29972207795901606,-0.3786825599396766,0.28602592420621187,-0.1393189372976858,-0.27661000250307893,0.6510216954669978,-0.22415535039180146,-0.21198601607849327,0.5626303855141563,-0.2345138807626333,-0.21827391477986832,0.45909385166235306,-0.24174915869705482,-0.2723781440732019,0.24959711658223194,-0.17762688896040948,-0.1644670017976591,0.5888143306608749,-0.2496116191880583,-0.11954141362640067,0.49131960773182404,-0.21250058402271654,-0.14436545407580406,0.3941395953290881,-0.18687740048427887,-0.14980301785229955,0.22810116930593302,-0.21747055900183523,-0.06491036713206712,0.49137758844912555,-0.2748851202865177,-0.034266897498421954,0.41643571320080386,-0.25256614039779,-0.058688742592367046,0.32566370765623265,-0.23217456065112976,2,Bright_Down
0.0,0.0,0.0,-0.14538809251340917,0.19364508150102192,-0.02167974622254413,-0.24357243021645947,0.4243839994080083,-0.08845277865482513,-0.2550539451283304,0.658772066863368,-0.15569140130520176,-0.22343068657274082,0.8106205870490674,-0.22306850664101582,-0.49155833735709,0.33353268572364825,-0.10673624615360607,-0.4851215650901413,0.6571956463894478,-0.1948230049305291,-0.48726980949703114,0.846532828376357,-0.2505198084446002,-0.49921309763400834,1.0,-0.2932938232396157,-0.416248549163571,0.26370981429028345,-0.14809507821952397,-0.31048454951370136,0.6603406022021742,-0.23988439127603017,-0.23339939282185065,0.5751723480139259,-0.248850206902844,-0.2413299432812375,0.4693178588567638,-0.25325244371854744,-0.29585633496114616,0.2171612459711414,-0.1913826787801116,-0.17451221814954151,0.5861030407469285,-0.27318540187361384,-0.12567222198444664,0.49225120569591835,-0.23999476421297272,-0.15942037281601185,0.3903830693411579,-0.21408405859156512,-0.16378100417119856,0.19202925430618412,-0.2359452734657049,-0.07370068990004038,0.4961692080242319,-0.29304517611840464,-0.03930042323083631,0.4286139573942646,-0.26941729293107075,-0.06577582583616835,0.3358456839632539,-0.24901027893658603,2,Bright_Down
0.0,0.0,0.0,-0.1424354963893799,0.19616533935049665,-0.02016833799049267,-0.23328218734533446,0.4338323032347072,-0.09482965016562245,-0.22777091561406385,0.6717885317276046,-0.17031514689584243,-0.17175987868789902,0.7981979522777444,-0.25316850123790907,-0.40252434403453824,0.3231210778576875,-0.1525455616817398,-0.4004238702218809,0.6428401971658735,-0.24078521930151195,-0.3938075275318257,0.8413238857956508,-0.29093159700670534,-0.3894130127049451,1.0,-0.33050732526771903,-0.29949468023544784,0.25623297250978677,-0.19943212238734317,-0.21157367063566826,0.6599858015760894,-0.2884625477205556,-0.16509851514330004,0.5842828975661696,-0.2881229249263995,-0.17847375407781446,0.47811046349831215,-0.29135708528259313,-0.1626954053034267,0.21439238064360944,-0.24451616343827226,-0.07698491217075504,0.6070286168582201,-0.33038975416754196,-0.054697117144638076,0.5093715665511981,-0.2875010041449753,-0.07905392382216718,0.392544022118199,-0.2560969542606699,-0.022511850560127597,0.1954972366109589,-0.289173218015159,0.02299719185228905,0.5258873659122015,-0.3556485135890547,0.03783115141996599,0.4542406835858684,-0.32484687045521066,0.02200044062007725,0.3480358509829191,-0.29985956581182266,2,Bright_Down
0.0,0.0,0.0,-0.200256065101527,0.1431027622839062,-0.05692486437323927,-0.3108774706060408,0.42494183594116647,-0.15809828562238312,-0.27882202514210236,0.7177999925363036,-0.24486160134692145,-0.2094639294250956,0.9231820715979586,-0.3410790150554701,-0.3442300160469474,0.217353631446438,-0.29268288049633145,-0.32473355922952035,0.589375314992493,-0.40744892282604517,-0.26704710157902417,0.8271030001421118,-0.46908171574503277,-0.17860983752889825,1.0,-0.5058877286195322,-0.15247012542402655,0.1699298506770666,-0.3209346443600534,-0.13065841488426935,0.6955638313792647,-0.41803568622422843,-0.16900315548500644,0.6521358611390581,-0.41381780245358407,-0.195906765614675,0.517771513633874,-0.4174720452069191,0.02700482237721748,0.17331179101951455,-0.3415485117196125,-0.001657845306220765,0.6820347506691883,-0.4258623897469801,-0.05639821610115344,0.621809128402343,-0.3647308754572055,-0.08122669244029325,0.4840263702197003,-0.31995274891287057,0.17817030873693523,0.21528353942056835,-0.3626586866226692,0.1048236588623291,0.6269086613181868,-0.42900143011916975,0.04094044837214141,0.5902265721918502,-0.3814391421795609,0.022845507891351195,0.48577623951077353,-0.3443224482276806,2,Bright_Down
0.0,0.0,0.0,-0.16453373296997834,0.1181924031091065,-0.04117844368724258,-0.2857194734690092,0.35680260163684385,-0.11052822533027457,-0.2904674231707078,0.5897137222658334,-0.164649992344118,-0.2641171265380986,0.7609804497364827,-0.22515755463035592,-0.26615921332327797,0.19781936402428846,-0.2600098409796578,-0.2286800986263286,0.6033972705450402,-0.35268025993182917,-0.18403899125776477,0.834458280458309,-0.39755753254800763,-0.12383268451134215,1.0,-0.42271667989353756,-0.09812674198901815,0.1628892671830721,-0.280225431125724,-0.07602627734164596,0.6390930683255684,-0.3546399255352218,-0.11672732580028214,0.6150233086694067,-0.3427414894853067,-0.14948231949363364,0.49986035322046285,-0.339004627350279,0.047987733769627006,0.1665836130451187,-0.29167079549120356,0.014080475633870911,0.6217447152415494,-0.3497528798886168,-0.025391273139185752,0.5769539440636817,-0.29169352252004277,-0.039172584364709974,0.45544655694285635,-0.2515850293151184,0.16784641163676103,0.20105084558624167,-0.3042515320370779,0.10944390469451058,0.5456760848371833,-0.3496033792895739,0.05364378536332828,0.5197480131496875,-0.3087696204874915,0.037108953825083404,0.43667888662693066,-0.27845002990695955,2,Bright_Down
0.0,0.0,0.0,-0.1877368983693533,0.13743199150668348,-0.05038418299397252,-0.29381736644469536,0.39216288689714746,-0.1340778241011747,-0.25293889037994355,0.6764413194053208,-0.20198794745885487,-0.1901919841621879,0.8825677446451252,-0.27718809902017655,-0.2499801573184027,0.1485392217905733,-0.27417127610275516,-0.21439352438681789,0.5664764869089125,-0.36880177076837195,-0.18811337946062942,0.8084627360927673,-0.414674374048178,-0.13924523413391074,1.0,-0.4446330385524429,-0.06868894050028646,0.11191341626961479,-0.2949401513590069,-0.06070636486182249,0.6083167545115338,-0.37967659837493795,-0.11154030897488273,0.5694874705630845,-0.37146957875869,-0.13922118502008382,0.45533541052507737,-0.3723705121973608,0.08125313184558998,0.12440143766986579,-0.3063261956496024,0.03945456090794921,0.6047355127338111,-0.37594842343234114,-0.016743719710173577,0.5443551085227075,-0.31690343709946117,-0.03448919747112322,0.41866302065952965,-0.27605247045268405,0.20032375470682465,0.17894011316492178,-0.318719642612115,0.12960724899115914,0.5373006729642761,-0.3712438804206525,0.061483203142994255,0.4933176120181553,-0.3297211606042908,0.04384620591707684,0.3977689256469309,-0.30099477528774543,2,Bright_Down
0.0,0.0,0.0,-0.20514763683252743,0.1395705819626016,-0.06297169440067461,-0.32257473265127756,0.413177758804438,-0.14224863699249032,-0.27769663733870686,0.6827820497669164,-0.19595080831828052,-0.1710310662259237,0.852638892641876,-0.25505702765983473,-0.22947051995419304,0.15444651687700317,-0.3178897905807547,-0.20446138752222606,0.5791279881852978,-0.40828175804315703,-0.18420169276299234,0.8104785526592976,-0.443166524097514,-0.14167539429029818,1.0,-0.4647236479388457,-0.04306708126680882,0.12302486776542669,-0.32931303365270254,-0.059819181593918934,0.6340473285448989,-0.4109261629843813,-0.11630039152974044,0.6051643787061176,-0.3976947931566141,-0.13594701104439097,0.4886815809812316,-0.3945917719625394,0.10811529922925228,0.1455045138039569,-0.32835939043719253,0.04403791597968635,0.6451678469805097,-0.3874379931810525,-0.016294542012559227,0.5881508794574963,-0.32787293718283544,-0.027542894659364364,0.4612322256998515,-0.28855942100279325,0.22557836495018677,0.20384919389289247,-0.32944188172143396,0.1490365289784949,0.5795404959605932,-0.365369135768081,0.07217008227189428,0.5412267314736159,-0.3202530263784951,0.06060893253452527,0.44644295356448727,-0.29290170671287236,2,Bright_Down
0.0,0.0,0.0,-0.1878091718559041,0.13611208289905985,-0.07225799613879903,-0.2985818105103882,0.4179437641193992,-0.14018822985618884,-0.2769024154423241,0.6505076701073471,-0.17699425063915086,-0.18276454529582623,0.7897364367794808,-0.21580180785743744,-0.22288926555316302,0.20941739126409295,-0.3167525774473598,-0.19132860570436955,0.5935798728129811,-0.3999299746369711,-0.16434997195960066,0.8193275727066393,-0.4282739245240159,-0.12098655251226106,1.0,-0.44497127139962767,-0.0475665033622026,0.1844235333680752,-0.31427250663212486,-0.06076037097977388,0.6498202173924544,-0.38833801403108686,-0.1198533632607281,0.6285029832604107,-0.3696337780790624,-0.14162683254590955,0.5119027031209493,-0.3584105503777932,0.0970654134900774,0.19939311383344002,-0.30033298924443197,0.03979174051520266,0.6520589853607953,-0.34656372965646715,-0.023161270653341306,0.6021496371942671,-0.2879658463428855,-0.038794619946776146,0.4853128488516663,-0.24960784897630225,0.20439748191923307,0.23693715842296562,-0.2902276575344438,0.13849477284631215,0.583956278800929,-0.3139681500865434,0.0636412905461529,0.5486457115383598,-0.2707944910657353,0.051140166284858714,0.4556550425764365,-0.2453319980758351,2,Bright_Down
0.0,0.0,0.0,-0.184795185836813,0.08011249349682706,-0.0998296384902196,-0.308569538650158,0.37906985075448,-0.17196291071411843,-0.29308522998881925,0.6339284986030873,-0.20622433658706293,-0.2063731654575123,0.7993932877499493,-0.24092333223967283,-0.2263088190301912,0.22367756288986052,-0.33819840482012065,-0.24313462451603038,0.6088043805596831,-0.41655650098855435,-0.24475743904609787,0.8231767086212282,-0.4336910922390459,-0.22870889566887484,1.0,-0.4435836717368866,-0.05520208255067357,0.23118353989153834,-0.32073613601761447,-0.11975082192269376,0.6679373942559691,-0.3978718635741311,-0.16300161993578152,0.5950519590123782,-0.3740134353100661,-0.1622493069812691,0.46054651122064216,-0.35585920731605963,0.0826782980902542,0.26205559918992016,-0.29374095136428696,-0.018488442704187636,0.6728906009979342,-0.3450294752171976,-0.06034352746174183,0.576543924825,-0.28374651614516544,-0.054600584034108696,0.4548948081290102,-0.24179897158173805,0.18071104129612775,0.30613035901033103,-0.2722010751792621,0.07275605148929658,0.6213657198942476,-0.30068645201624356,0.023646840245608428,0.5499920274658201,-0.2616494022025386,0.03659081324166758,0.4503350303556038,-0.23872428820809424,2,Bright_Down
0.0,0.0,0.0,-0.16883912475051618,0.10312072734402537,-0.08691892952041629,-0.27435744118468053,0.3813518187716603,-0.15565254515930066,-0.24963453941189545,0.6105722019458802,-0.19110155803779202,-0.16587263397290494,0.7488325242337002,-0.228810621176001,-0.1969794777808793,0.26634821542829645,-0.3153666892735779,-0.2009942683267241,0.6339804633682542,-0.38884630662320846,-0.19613383333620205,0.8353274327806212,-0.4054398337762529,-0.17526991399122477,1.0,-0.4142857611002223,-0.028021214450192664,0.25822404189606957,-0.30014864396948643,-0.08857025471858375,0.6524872049505372,-0.3715404175702629,-0.13782268257875158,0.5873054550053545,-0.3450829344027033,-0.14374533679473814,0.470985939103123,-0.32418960459164126,0.10646483952587035,0.26891841327167865,-0.2753260796312855,0.012704572990715124,0.6400814512755386,-0.3184727113845609,-0.031052513023298627,0.5505007636992529,-0.2572217113912961,-0.02804755664882332,0.444228925679827,-0.2162301633455954,0.2017635802640057,0.2953283757115948,-0.25519813287844795,0.10178595616568345,0.5792501304013667,-0.2768873226238491,0.055267728786111074,0.5124262586818873,-0.23781478878123324,0.0645734097955561,0.43168891659476194,-0.21439967988393113,2,Bright_Down
0.0,0.0,0.0,-0.16987517464036303,0.1169055937855178,-0.10835307085496813,-0.2630784010130553,0.4100840751257979,-0.18996847190409427,-0.21521445983424142,0.6383018762924592,-0.23441466550287215,-0.11963824057849458,0.7457770222568991,-0.27888764864906523,-0.15801683701405023,0.2747352993158669,-0.35668852312917293,-0.10260904964843003,0.6457493328216649,-0.4421064773445374,-0.060302273447970255,0.84366215033428,-0.46196779220639933,-0.012416042160836235,1.0,-0.46949345237577556,0.011003481850467562,0.2494325623691915,-0.327220020972492,-0.02019062109052397,0.6652308874934645,-0.4043708676991557,-0.06266065727354474,0.778834457766382,-0.38677007856907764,-0.07786748123959811,0.8266976459009959,-0.3753016672295272,0.14225878469359346,0.24857789485439627,-0.2871923706955562,0.07893213512956464,0.6401480394531905,-0.33506549901361016,0.017756782236109027,0.5775944650648864,-0.2744371009487229,-0.009049633369135565,0.4723647462960203,-0.23218403562582846,0.22930527229588793,0.2705014589101809,-0.2542079804734737,0.1445296647831274,0.5566332538444977,-0.2766354628817964,0.09143040971704139,0.505701335290445,-0.2373547194946352,0.08229116408810527,0.426221435809797,-0.21201016976875459,2,Bright_Down
0.0,0.0,0.0,-0.17546981093968733,0.12077749674573364,-0.108878043439191,-0.2741621551685798,0.40785494510826154,-0.18763552497877425,-0.22296151811982823,0.6372021222379649,-0.22888633770303754,-0.11776221993622966,0.7458763858188111,-0.26682173601542053,-0.1382147810019771,0.2699620000265694,-0.3540029589418594,-0.08148047603837617,0.6316897098182097,-0.43762404046534703,-0.04122426260856138,0.8350165413574367,-0.4583630116262224,0.008248518324489392,1.0,-0.4671027937304433,0.02926650636480783,0.2464295870330698,-0.3210678965972204,-0.0029964087069747096,0.6631852707120264,-0.40004544182242563,-0.043360593890854955,0.80943963468273,-0.38703111034336474,-0.05028249207587827,0.884601298703049,-0.3783558648510603,0.15616612478631392,0.25436142928572103,-0.27667931842233967,0.0846629473400885,0.6519437322377512,-0.3231385168244809,0.01630804757303255,0.5978799183896806,-0.2645447603566205,-0.011311619997955314,0.49184002698523727,-0.2221229700855918,0.2360926393029122,0.2851672647662637,-0.23995871786218806,0.13900154237111595,0.5810671298208243,-0.26303687166071255,0.07231874155147017,0.5487927398621973,-0.22920699918020587,0.05203745664909045,0.4783620407662683,-0.2059544887117783,2,Bright_Down
0.0,0.0,0.0,-0.1626424013320364,0.08978886099527517,-0.11817973413855831,-0.25620141750343545,0.3632765239266572,-0.20620379359049604,-0.21497810853451307,0.5861604985926249,-0.25868164105292846,-0.13253339262793895,0.6985357980391008,-0.30825333104392416,-0.18822735550387315,0.25555245906490365,-0.3574586605501755,-0.13803421337272098,0.6057674416358961,-0.445102505779989,-0.08896370862153832,0.7470984604410232,-0.46568691000874585,-0.03971134041886313,0.8492265664169385,-0.4721648627412936,-0.0257941776116069,0.23887607070186745,-0.3286416797417076,-0.04971383025095145,0.6356724940637422,-0.41189713647739107,-0.06624804177650745,0.853176500125662,-0.41604619822914063,-0.06309579072066977,1.0,-0.42271943836464865,0.10803961916505729,0.2512791434626472,-0.2894537636975142,0.046145912207430556,0.6131977999496913,-0.35198585818911093,-0.0010428983767004389,0.530888347728479,-0.3052115806894057,-0.019117316301179774,0.42367113762282593,-0.2674996774887516,0.1997128444866679,0.2794335224159689,-0.2572873423989777,0.11032030096864966,0.5420820943763776,-0.29418786466384483,0.0663911330520985,0.47367378400671883,-0.2599540268179362,0.057206370356286666,0.38927399941907576,-0.23401723343855593,2,Bright_Down
0.0,0.0,0.0,-0.17792648810755862,0.0956598821565083,-0.06985260190429766,-0.29025552995073756,0.3473052845584549,-0.12928987393325717,-0.2562952618820921,0.5694584259016499,-0.16050682646928408,-0.17679401307225617,0.7024562410593955,-0.19558194364582393,-0.20076394964283578,0.30688715634731173,-0.2795244661956958,-0.19394805135069249,0.6585049791405061,-0.34200964836554315,-0.1820336603697213,0.8501665171774598,-0.35447728740200474,-0.15338427925503778,1.0,-0.360202843616846,-0.033607896709857546,0.3129067601319185,-0.26427101069518294,-0.09418721568302768,0.667453872230425,-0.3166198127116774,-0.1493822002051452,0.6590367743448923,-0.28979293041257936,-0.1599013831201387,0.5990819062863662,-0.27208617764012955,0.09362097816537646,0.32004419360922143,-0.23854683438071286,0.007487229022064607,0.6406365572405672,-0.26791808737624656,-0.041812968303688476,0.5581288182993188,-0.20869635118559954,-0.04538392968027708,0.4599250990078516,-0.1718412177262353,0.18207060490232604,0.3324756608572861,-0.21613570686411956,0.08770749791865028,0.5674838804638305,-0.2297986340007803,0.047946496662940936,0.49926925995943094,-0.19031867245400397,0.05737530070328922,0.4315490485586941,-0.1660404477418282,2,Bright_Down
0.0,0.0,0.0,-0.1729337074956027,0.11257551131555457,-0.07675176588448943,-0.2719838949418777,0.38020896896180456,-0.13255066750412495,-0.2443456705983778,0.6096934049697919,-0.15991226214680546,-0.1684454267397206,0.7441628250913024,-0.18835174200790464,-0.1909612473116395,0.31799696141008044,-0.260684253763567,-0.18037869096695786,0.668438997875889,-0.314985221131588,-0.16917853270916128,0.8525549059090884,-0.32267144861610864,-0.14625413808725427,1.0,-0.3272789686341181,-0.03498968400805397,0.32053180136261744,-0.2423023722125458,-0.07746859931003566,0.6519202657110478,-0.29349597159261653,-0.1285802935282747,0.6021888736982538,-0.2662531942056387,-0.14029763412782836,0.5025937771902331,-0.24780301944469724,0.08759431125283185,0.3240265892061603,-0.21611028307674385,0.013522737957570792,0.6330804622949291,-0.2432865450681013,-0.03273203942452259,0.5579639651766763,-0.18944509780227553,-0.03571330830122912,0.46703433063567673,-0.15783604441045365,0.17450048266760354,0.3364814174588835,-0.1948200589507479,0.08473616050581582,0.5652281503210589,-0.20886735987307795,0.04576460345151692,0.5032857958958564,-0.17715724043197104,0.05608037990490884,0.43789491271434605,-0.15980205561793867,2,Bright_Down
0.0,0.0,0.0,-0.1521794442285038,0.12356511917763523,-0.04938290530816596,-0.23291552281504582,0.37965881873125834,-0.0926108910705964,-0.21738275194005005,0.5967083351956104,-0.11607780956953692,-0.15959644960245,0.7290216893452115,-0.14179080890862222,-0.2278594013272319,0.3506483921580495,-0.19977240135275942,-0.1996864665126827,0.6642050130622645,-0.2512738113309045,-0.1774449554295804,0.8474365801625439,-0.2707232871751939,-0.14746969753464106,1.0,-0.28426393122753296,-0.08704574694770317,0.34206198745956906,-0.1989785558932972,-0.10151688886383721,0.675306758526343,-0.24329693471389033,-0.13568470752139655,0.652141441546056,-0.225431812541469,-0.14693294240599997,0.5771532555753605,-0.21379942732293644,0.037081672150177096,0.3341335271336182,-0.1914013976056425,-0.008909576015516417,0.6379779553690207,-0.2217339156605859,-0.03647949999023287,0.5647898559990125,-0.17388009924251152,-0.03797053305200748,0.46927253360756305,-0.14193570833185856,0.13654072012759397,0.3285228285695326,-0.18676589155440987,0.07003941550860991,0.5640553121966665,-0.2027973275131106,0.03986622915998416,0.49868342982753144,-0.16565086734154674,0.048872253362678274,0.4235655280340809,-0.14092950213562866,2,Bright_Down
0.0,0.0,0.0,-0.1482342967639013,0.11352860847080012,-0.02821473997396771,-0.19844695679904398,0.3490874552382735,-0.06187642358151004,-0.16347830143951936,0.5653836993024614,-0.08361232001755078,-0.13323085923826233,0.7186029715543594,-0.10798628708649256,-0.22703057562085874,0.35254234412607255,-0.14515140170845553,-0.19897395128296516,0.6717074873112426,-0.1848947682515427,-0.17601920613900857,0.853056945756813,-0.19416987448215237,-0.15031046416735733,1.0,-0.2005118011214982,-0.096132886377683,0.35376651944133813,-0.1491883902000677,-0.08124052062707572,0.6302530620619508,-0.18704472946257497,-0.09266447801368674,0.5714242542849118,-0.16902439431476005,-0.09897078348413071,0.4773003355613519,-0.15556396641803663,0.02470644511868046,0.34621271093199424,-0.14658108631630656,0.008329852951838456,0.5855627104217003,-0.1700853418365274,-0.002627682505970108,0.5129110334963579,-0.12239749368516334,-0.00013294151593886598,0.4324868506525997,-0.09142165656781256,0.1297586071016218,0.3404914541667887,-0.1448921458707921,0.1013495485754117,0.527470581553523,-0.15433238521323658,0.08510364467847571,0.4624372620091718,-0.11645277621504437,0.08823168034762549,0.3996153046302483,-0.08992371185955424,2,Bright_Down
0.0,0.0,0.0,-0.14795752911956475,0.11648654725245262,-0.015562318898394673,-0.2049790814850521,0.3414229747271502,-0.03836338754435547,-0.18086013439262766,0.540702137476104,-0.05144413188722625,-0.1394513285536249,0.6762461681840445,-0.06763045855495503,-0.22440032516085373,0.35903936253948576,-0.13043148987109213,-0.20202071762458393,0.6813090789683313,-0.1606840805608565,-0.1866691154153951,0.8558674128860052,-0.16473610958642246,-0.16759742360410468,1.0,-0.16802818891483032,-0.09893672821822877,0.3676923827820513,-0.13516262568047704,-0.09133591565814748,0.631601409311025,-0.1594999522415116,-0.10108903100460574,0.5713361419393695,-0.13555629909431474,-0.10332842574969797,0.4778121394876388,-0.12016298450724049,0.01753390041337106,0.3628837752548591,-0.1324151177668833,-0.002606443936656519,0.587365535343877,-0.14125709763022262,-0.013671464135544558,0.5203590609381908,-0.09502136469416192,-0.009760877318609617,0.44216074360219443,-0.06850969923937153,0.11923204889358349,0.3574667080463103,-0.1302467565783754,0.08351724164242805,0.5232130986305907,-0.12949414128710607,0.06855058062840663,0.4620406014291764,-0.09354615419671292,0.07287057858661328,0.40042198816733393,-0.07040577472047238,2,Bright_Down
0.0,0.0,0.0,-0.14739733273224304,0.12054807609317357,-0.020872883465345618,-0.20596932275196236,0.346415801213671,-0.04607182938200082,-0.17873629037728533,0.5453973174234448,-0.06014725071708112,-0.13460181683761932,0.6815750166747125,-0.07654417789814276,-0.22287960606766857,0.35842792894922787,-0.135617308357346,-0.20489757490159477,0.6818078159861334,-0.16658299856903236,-0.1910387573901244,0.856165922034402,-0.16999677809752667,-0.1718256876883741,1.0,-0.1723530792912698,-0.09637904690061502,0.3669541377438157,-0.1379044312693117,-0.09398427575263199,0.6368601285252797,-0.16308957369788363,-0.10448083246077583,0.5776884559255739,-0.13893606775872977,-0.10649723874150065,0.48394476585588986,-0.12278922002505217,0.019240124043497047,0.363022284067421,-0.13303537560308995,-0.00756492184198628,0.592211886437223,-0.14387353461716113,-0.019604103919289902,0.5236474742726407,-0.09841834729685804,-0.01536462258137484,0.44448620637685354,-0.07148466131567889,0.11870376182043782,0.35974145023413223,-0.12895247951630914,0.07605542946326034,0.5294935875931164,-0.1297644644445333,0.05966010244753371,0.4672699212995797,-0.09451585747918846,0.06443816314480724,0.40435142032654725,-0.07139311371231084,2,Bright_Down
0.0,0.0,0.0,-0.15754174301231078,0.10569768296071691,-0.025646839094264615,-0.22799408895735893,0.3382309884706987,-0.052506405884415144,-0.21462304327134474,0.5535406102044271,-0.06769104461957766,-0.18814179581989632,0.7071221835510759,-0.08586640113732195,-0.24781729533600425,0.347117648060865,-0.1398541224420952,-0.23192205238384728,0.6711257225110433,-0.1725652143773335,-0.22049322923709008,0.8514094621398358,-0.17727918637547246,-0.2046731785375493,1.0,-0.1812928390261258,-0.12023414202046506,0.3587322559592189,-0.14269001821205854,-0.12007324390822978,0.638668886856554,-0.17194249942331125,-0.1299919670719152,0.5754541612058016,-0.149740506282974,-0.12939814790169699,0.47730165481512554,-0.13448979568291589,-0.0014277212142763604,0.35796289947714105,-0.13887445223132266,-0.028290785608655333,0.5985468331951038,-0.15579161944771344,-0.0380571280126142,0.5255778757509909,-0.11054623685090043,-0.032551058866617195,0.4437808155152093,-0.08258774443826451,0.10224802211104711,0.3583429863328432,-0.13598110592056067,0.05918309007419679,0.5405716101735517,-0.14267324967430697,0.0428903263104213,0.4750763633885861,-0.10830868509467557,0.04860493750924931,0.41024533701566873,-0.08520941714781534,2,Bright_Down
0.0,0.0,0.0,-0.15353264809235992,0.09178328800470548,-0.015679376604384943,-0.22347921021256675,0.318137429647035,-0.043831933237726356,-0.20489882437714083,0.5422151902969228,-0.06450082073163031,-0.189015589208091,0.7017199600039203,-0.08810362793580542,-0.28488088098437275,0.33915413356019297,-0.11479057877529143,-0.27397695042881903,0.6623127217421413,-0.1552007121082399,-0.262586123627562,0.847307054406293,-0.1709346868780663,-0.24998809328097613,1.0,-0.1828441447753174,-0.16254842885758344,0.3525187860473458,-0.12576031609404525,-0.14002970709996015,0.6358235192010441,-0.16467208068030087,-0.1358788214827913,0.5688977868197409,-0.15241017733976753,-0.14052578759174242,0.4772778471917265,-0.14292203111817292,-0.043713206434167914,0.35612596429663695,-0.13082824048198413,-0.04883316121618836,0.5942897343614266,-0.15637219549649722,-0.048503446781951697,0.5187091620858053,-0.11276355006389495,-0.04712541625955309,0.44104520918891693,-0.08312666038492765,0.06669533900823525,0.35830197459978663,-0.13633235915713826,0.03552991197424947,0.5413563320850193,-0.14796411661379485,0.03191538632809512,0.4769578418176305,-0.1123975824583053,0.03718255145441065,0.4152739522841679,-0.0858659273797518,2,Bright_Down
0.0,0.0,0.0,-0.14805034719844412,0.07836269209723253,-0.009646011505766553,-0.22456796669608087,0.305205922233027,-0.04031376237270284,-0.20321599610767294,0.5400972951326998,-0.06573980766926776,-0.1816384949059952,0.7092352112115716,-0.09531200795584427,-0.3037363861491072,0.33678503436765667,-0.12083031911113103,-0.2879260249153282,0.6648590303227149,-0.16596216288585347,-0.2751555659037888,0.8492371547663071,-0.18458339015588301,-0.2672820821862773,1.0,-0.20030519899227417,-0.1810713421549848,0.3421757247404735,-0.14046919783657652,-0.14486839590862163,0.6270278026157117,-0.18501134721245413,-0.13769354837657743,0.5519026292121494,-0.1716383047079556,-0.14809091401205135,0.4580445882761909,-0.1633569027658357,-0.05850399765729913,0.336298363044285,-0.15384499588428233,-0.04448261985960752,0.5739498445482312,-0.18592281242445488,-0.04097782977982394,0.4887187082796084,-0.1381799773259434,-0.04671014229038142,0.4112076583882974,-0.10713272579278524,0.05629669341337126,0.32946109401261225,-0.16727122526417748,0.042730942239248976,0.51117407011015,-0.18516668484639148,0.04513194975715349,0.4444057907495925,-0.14860894203085895,0.044936420324364935,0.38642485715198793,-0.12233543268190414,2,Bright_Down
0.0,0.0,0.0,-0.14538716012553793,0.08978894808992081,-0.008027172493805019,-0.22262724708370252,0.3164966580538932,-0.038683311308412426,-0.20545131242592976,0.5456761881096334,-0.06541133104403477,-0.18400483399783726,0.7153500245446432,-0.09661927652770833,-0.301990629806259,0.3457274868943133,-0.11272440509328607,-0.2930182738311194,0.6661098517682871,-0.15682314756858373,-0.28406154445206205,0.8500658846750805,-0.17512349266658778,-0.27747775211415354,1.0,-0.19010941432034276,-0.18223364899270897,0.34884793881034853,-0.1347375957976389,-0.14912486258682286,0.6322335689384257,-0.1800486723324156,-0.138050985612324,0.5635446883822983,-0.1685291331632958,-0.1461934668660125,0.4734498048436684,-0.1604461642637444,-0.05935596008941743,0.3420597198548392,-0.15059042528425717,-0.04844411298413228,0.586139081188172,-0.18679795288457238,-0.039649029213729245,0.5025758586382254,-0.14041900024436613,-0.04348420577024869,0.42270153745851985,-0.10811596019897214,0.058053060619344767,0.3356008121987357,-0.16591433612171783,0.03987702381230665,0.5340377042865226,-0.187375128255648,0.044940425203522004,0.4681536696403097,-0.14963734702094839,0.045868926801885826,0.40515568796889795,-0.12075612324072749,2,Bright_Down
0.0,0.0,0.0,-0.14369228761193684,0.08680595138812115,0.0023701708497832477,-0.22474440796635814,0.30948120276337504,-0.028991465064427676,-0.20943781650169446,0.5456290334917571,-0.05906027034227933,-0.18507235732468355,0.7169303195968172,-0.09516897464962733,-0.31323337119929234,0.3386583840011422,-0.11243108176744307,-0.31982430637322556,0.6665667866141677,-0.15959717453315234,-0.31221534743234797,0.8534605886433126,-0.1788570288954046,-0.3084087627617394,1.0,-0.19456981235343063,-0.2025656776202358,0.339685466508211,-0.1413808296186876,-0.15842575427886718,0.6349514008161414,-0.18738380726484286,-0.13896770807942013,0.565619631540211,-0.17352897459604041,-0.14684332570846845,0.4717432696910057,-0.16537690590833481,-0.07893939249919732,0.3337840162868492,-0.16355137839142286,-0.0486278273396477,0.5829042180492335,-0.1981913786363916,-0.03448470983547605,0.49589093634136244,-0.1493505114189578,-0.041333500133233655,0.4133360858293937,-0.11789343029430373,0.04494819261867061,0.33089453336292524,-0.1845199695066233,0.052035317093223815,0.5282102245234257,-0.20550034655307722,0.06186596394659707,0.46123691737708133,-0.1681787837979214,0.0597404773024654,0.3986943548547096,-0.14104431656124733,2,Bright_Down
0.0,0.0,0.0,-0.141152178767557,0.09461132770614994,0.006984414755081486,-0.21901088007874597,0.3261311037153201,-0.022924609727467942,-0.20389263774379593,0.5630574545841006,-0.05269414305565613,-0.16934422838360075,0.7344320743127281,-0.08943048475806994,-0.32042764991184725,0.35128465142818827,-0.11199190068021972,-0.3188024385445404,0.669597457962182,-0.15862909664499406,-0.31200161439391594,0.8514567817512758,-0.18093442838333318,-0.3079190702811715,1.0,-0.2005199144000376,-0.21576083690383033,0.3508387953028222,-0.14361115296026644,-0.15321483901291705,0.6424381902846634,-0.18744950734123939,-0.13083549313344875,0.5655682419870203,-0.17299679130692971,-0.1422440454990862,0.47081306115529115,-0.16775016923009292,-0.09595345079862523,0.3453687074537301,-0.1679953173501021,-0.05516849603897825,0.5973087952205843,-0.20035910760794332,-0.039036955830005333,0.5144983580880059,-0.15165013247606215,-0.04658336174759407,0.4326716131729989,-0.12335344299574896,0.025877747616839544,0.342411937405545,-0.19112032407147175,0.02585307623646316,0.5423781565924143,-0.21359297837672253,0.03833223999053631,0.4787539561191033,-0.17747548503957672,0.04061529157459708,0.41511495281756655,-0.15216103564468977,2,Bright_Down
0.0,0.0,0.0,-0.13454350591474046,0.10304055985353455,0.0034512120039272946,-0.20842221061218322,0.32602021008426335,-0.032498155425477716,-0.19413618741452993,0.5581067263053713,-0.06820707540373955,-0.17159967668637335,0.7287687487355027,-0.11006765236744481,-0.31777096530294,0.3620558352293543,-0.11491966362029009,-0.31655244973203844,0.6808777935137441,-0.16691207172768746,-0.31320293000488647,0.8581948620772105,-0.19136552306585494,-0.3118883499223779,1.0,-0.2108992100193249,-0.21390608991837126,0.35232125662820274,-0.14717628268883465,-0.14101300959551497,0.6400973519997574,-0.19713321521600488,-0.11666892018517958,0.5596756971450074,-0.1843523942906936,-0.1295585904042862,0.4636728258973022,-0.17949792084103564,-0.09244637164463936,0.3405271940861046,-0.17331403199053388,-0.047374841487342105,0.5987984355279123,-0.21504405815288963,-0.02961210318397311,0.5110738893923404,-0.1675156128669107,-0.04007890960192755,0.4249162014227987,-0.1379514176638231,0.031394205507963784,0.33532765579227997,-0.19792970869977383,0.040956166248025894,0.5446975869290623,-0.2286022808276935,0.05264509220950365,0.4755497798097003,-0.19414395294174405,0.049158062285594696,0.4070321707994705,-0.16807941710110627,2,Bright_Down
0.0,0.0,0.0,-0.14116904102881084,0.09701039814641657,0.005174504695738974,-0.22417810672985863,0.3242162629500111,-0.029908818046433843,-0.2140519082877267,0.5665865924040144,-0.06558437756973223,-0.19071828601486354,0.7416244978013904,-0.10665857798878386,-0.3380821199379056,0.35793880883920653,-0.1080342318650676,-0.3316685348030156,0.6832537690250634,-0.1592182882981359,-0.3304935002003778,0.8599089049065111,-0.18210100599812906,-0.33457153580873705,1.0,-0.20087049500576634,-0.2387505673112677,0.3530006224766995,-0.14095423055393438,-0.15819196224235438,0.6391290261651466,-0.19422241394333464,-0.13365220957417645,0.5581423709962375,-0.1830455952273815,-0.14890672115929104,0.4628212408816573,-0.17813065281410995,-0.12121588662237189,0.34802080888070913,-0.16812590868044963,-0.06271603864278519,0.5944888035516754,-0.2110982065666773,-0.04359580280331998,0.5069186892381824,-0.1675182165036214,-0.05762717166566327,0.4236697060986452,-0.14054267867259843,-0.0008197075288024001,0.3487550185587044,-0.19395255356219746,0.02399972032481456,0.5333698049383983,-0.22533341177740987,0.03965766710389802,0.4616491974574734,-0.1967233974490419,0.03241851671573342,0.3969500074997568,-0.17503230604467304,2,Bright_Down
0.0,0.0,0.0,-0.14298214177582572,0.09306981322452777,-0.0034728032728504744,-0.2322014998671512,0.32713451532351395,-0.0418108163559849,-0.22038042915019154,0.57999398971062,-0.0782092615959428,-0.19264824759486668,0.755321482538882,-0.11922097026335243,-0.3539796187442628,0.3592079693506552,-0.1146094132370843,-0.33032839737743985,0.6876181213167957,-0.1656039836876888,-0.3293132608788085,0.8614228154667702,-0.1871999152765938,-0.3379722606171186,1.0,-0.20582418834186203,-0.2516324936607979,0.35093032679429964,-0.144074899191023,-0.15691514226595424,0.6450746905887622,-0.20045151376747136,-0.13492041376189698,0.5517351094266548,-0.18889271221591747,-0.1546579335663265,0.45377678556724,-0.18281878503034163,-0.1322058269248315,0.3423400840651498,-0.16844852315067402,-0.062067290318205307,0.6064129624871653,-0.21791807973246377,-0.04941161721683024,0.5093199249233575,-0.17570234065191281,-0.07136965026791124,0.4232821127012544,-0.1480300709986955,-0.009627108446523047,0.34027061080583404,-0.19158304937010745,0.02307718174662967,0.5476255944146765,-0.23119474196916687,0.036357804712685564,0.46822164379222836,-0.20515759602627814,0.024182178270893976,0.396900211099047,-0.1834921403304331,2,Bright_Down
0.0,0.0,0.0,-0.14189464561961357,0.09123659577219877,9.000464311515586e-05,-0.2295988163313359,0.3229611104322375,-0.038255945386977526,-0.21312018592351048,0.5774403158932193,-0.0753229030845754,-0.1794299898847492,0.7535460938989939,-0.11772442368002414,-0.3476822521628571,0.35304124364895495,-0.11615328300753715,-0.3312929889625913,0.6795157886100626,-0.16565059091350026,-0.32925175505714444,0.8560875173063631,-0.1875925521252774,-0.33438981094677545,1.0,-0.20782154876798722,-0.24556972929121315,0.3501917950601407,-0.14750816341590556,-0.15127212047841493,0.6433416806856301,-0.2006805968843468,-0.13034753355505918,0.5454093710081483,-0.18770486622519478,-0.15038726100245306,0.4465497524311139,-0.1822999964695216,-0.12832808290645495,0.34593630240572176,-0.1730215857809057,-0.05839861535441576,0.5982780180314476,-0.21567072025639744,-0.04917207177949287,0.5014874985516616,-0.17110002015183162,-0.06995876013673928,0.4179049558647013,-0.14472228035649617,-0.008929397609787148,0.34626993998061106,-0.1976963993028841,0.022306303249124807,0.5347520832644203,-0.2326085057233408,0.03558478083902527,0.4540384761823669,-0.20524547694952033,0.027223857966214602,0.38579730412647495,-0.18435372006283057,2,Bright_Down
0.0,0.0,0.0,-0.14217329246332153,0.08735965021979358,-0.0006909296066655044,-0.23594419995311003,0.31683180501732516,-0.037891558787697295,-0.21889891633473663,0.5705053698451811,-0.07353794704874857,-0.17895437626781277,0.7435149022309527,-0.11495543569856884,-0.34801325548837536,0.3487102650476122,-0.11732812889775943,-0.3326153360003759,0.6748081825217799,-0.1657149750457343,-0.33228000814483083,0.8535586272429673,-0.1882094295496691,-0.3386371281465811,1.0,-0.2090999354018394,-0.24315533380753684,0.3485954020490863,-0.148152885628122,-0.15626713155517788,0.6436922437392829,-0.19916984892889675,-0.13876394982525658,0.5502994269529755,-0.18722754670147446,-0.15923672542994688,0.45052686563490524,-0.18260957867267022,-0.1250674074252713,0.34467464558425115,-0.17267001351613706,-0.06052720624596146,0.5935322932845174,-0.21207972274617456,-0.051720545783222695,0.5014955808823218,-0.16875309514121478,-0.0705314750721188,0.4190730506294716,-0.14382305404164272,-0.004220220710992016,0.3454401502865484,-0.1966459396487869,0.021323246605139547,0.5250336695272194,-0.22861976145152438,0.03454256059458259,0.44688207871198304,-0.2013931751674095,0.027714552023117796,0.38061371150939677,-0.18118895708484092,2,Bright_Down
0.0,0.0,0.0,-0.13898905049450522,0.08880552669074855,0.0006716211917017418,-0.2329046324046623,0.31555214248295976,-0.03580278535512403,-0.21478209975503218,0.5662591247433408,-0.07098936674913402,-0.175469807632934,0.7395885570275398,-0.11199582996522904,-0.3467767415736904,0.3471987611474904,-0.11662060619475895,-0.32967922906449054,0.6726737103565519,-0.16664217345907115,-0.3289329233833038,0.8535258840122597,-0.19000086050320703,-0.33436639431027093,1.0,-0.2106822753903516,-0.24205091814125868,0.3430299189993486,-0.14745422479127404,-0.15308704085321068,0.6379450059006891,-0.19980686268094738,-0.1343109001040874,0.5481630149456355,-0.18796117176315927,-0.15447812629277688,0.44859934637946625,-0.18273107908174213,-0.12402812087764653,0.3366299934060996,-0.17203593239388082,-0.05874937719783728,0.5919314433305676,-0.21357470727628047,-0.04939046521751727,0.5019124549366032,-0.17036052152475054,-0.06890756490602604,0.41747223206948375,-0.14439431865270466,-0.003031229572804034,0.33587585412645987,-0.19560833368152544,0.022161498709134884,0.5255186930175655,-0.22835252652930085,0.035009719257509155,0.44865107299782236,-0.2003206783509047,0.02674116957614388,0.380237273479999,-0.17888370978439974,2,Bright_Down
0.0,0.0,0.0,-0.13968873682843722,0.3748132325076126,-0.013795542496079859,-0.33973658040740645,0.6512438941770529,-0.030967156122830485,-0.5023456571585113,0.8241427096726706,-0.0757391974892545,-0.6007354848775673,0.9680077814497019,-0.11085028737686874,-0.6757358671596854,0.2824087764717408,0.07133781350258747,-0.9380067991790394,0.3907871823786345,-0.044810897610574,-0.7598565936667645,0.4880635972306706,-0.12616284058859575,-0.5836968469111734,0.46115871135419356,-0.1600987855264937,-0.6917533583160097,0.10789530497949024,0.026964673807241695,-0.9785346646945229,0.24107358295794093,-0.09596641658511453,-0.758747327588821,0.3431416125877856,-0.14291018282076567,-0.5822273285322155,0.28687227656387726,-0.13718991406736564,-0.696386358411645,-0.10104221768206413,-0.037033104696296164,-1.0,0.03747453288364862,-0.14311886674135776,-0.7793418371882489,0.15904387484264879,-0.11810536213958818,-0.5954021957766509,0.11624745652804383,-0.06496672228122176,-0.6713770734917286,-0.3501372457597138,-0.10647697184794709,-0.9110835119260358,-0.2285979680215177,-0.16638766653360362,-0.7610151028649906,-0.08740291006106925,-0.12815186578733712,-0.5948055764982803,-0.09426895607435919,-0.07613115004895077,2,Bright_Down
0.0,0.0,0.0,-0.07213802260205096,0.3230210377102328,-0.02813524196706754,-0.18650522717862064,0.5921418069525146,-0.06353569192437779,-0.2897390651157719,0.7975921268405948,-0.12406185316229512,-0.34604464108179683,1.0,-0.17933597536759507,-0.4708312813981714,0.330214510667806,0.06261971869011948,-0.631460388683438,0.5025136354209502,-0.045915469867280415,-0.5047582327439677,0.547179304805555,-0.12854162702062927,-0.3847722298518972,0.5026878865863662,-0.16492120138097785,-0.50770909961679,0.1876474809838171,0.027077789882054473,-0.6948653633582226,0.340130791713199,-0.0845812194065304,-0.5023602302538508,0.37268618327231573,-0.13192363412679847,-0.37630091501460644,0.2948629045994468,-0.12991885486988528,-0.5304718607530073,0.01720881703770168,-0.027175566034146753,-0.7399707585876605,0.15727361423999053,-0.12254777890635472,-0.5416209064338947,0.20719995837927174,-0.10137670773562207,-0.402956710879188,0.1399429282890531,-0.05269762689092085,-0.5278171139588368,-0.18055414008653406,-0.08797419516031814,-0.709032090009101,-0.07579996963967425,-0.13913469032760994,-0.5766801340130435,0.01596696568499238,-0.10216437912714414,-0.44820232662721726,-0.0015393967987673424,-0.05238666294701476,2,Bright_Down
0.0,0.0,0.0,-0.06870653268112988,0.3325467151032509,-0.03326841520489381,-0.17335201732489275,0.5966540269994288,-0.06344542951395447,-0.2716352266549277,0.8070131524641926,-0.1174190290465412,-0.32867849222503115,1.0,-0.1703707102621485,-0.440629796167732,0.37161453632870417,0.07215450245574649,-0.5902897622312564,0.49691652647041484,-0.023246083465716355,-0.49716231452406645,0.5365262027427704,-0.10030872609603557,-0.4089620220380912,0.49770181839753425,-0.13802436261113354,-0.49490934779534085,0.22647949396960185,0.03963510052735022,-0.6942300757041674,0.3351406019799774,-0.07370076762716311,-0.5138352087860095,0.3731395435902129,-0.1308516672042051,-0.37990857190810745,0.3001822701990214,-0.13347110048459482,-0.5257319655050302,0.048586456445235564,-0.009977842350077324,-0.733940852434206,0.15298145068847785,-0.11809097858891242,-0.5367180946669238,0.21072192961165487,-0.11047309753513819,-0.38821074616478396,0.14967931802948517,-0.0653285046643301,-0.5276590234238366,-0.15743240285946095,-0.06436234193853155,-0.701912354041866,-0.05954039261702604,-0.12529231761835527,-0.5580177365289518,0.027078645304507706,-0.09275051737187993,-0.4203733518726373,-0.0017362511516228342,-0.043973172207502166,2,Bright_Down
0.0,0.0,0.0,-0.07746961104733316,0.27527212858786976,-0.13090307456772723,-0.281284668757175,0.546541178549291,-0.20803717919013218,-0.4236570260334068,0.7649093240801691,-0.278180720388367,-0.4775089821279301,1.0,-0.33853896361234,-0.557642766980339,0.31922734734463665,-0.13556317010501526,-0.6259222075460917,0.29398894824959537,-0.278312421454315,-0.5106824784767425,0.2834088825959178,-0.352321698625282,-0.5202052865758539,0.3108284395560286,-0.3970893300274638,-0.5744048605039402,0.03741424186423027,-0.14787745983871792,-0.6622718938017915,-0.015344734622112046,-0.30345733823969506,-0.4386967788214315,0.01187796693501419,-0.33457619232999025,-0.4163808662309921,0.06204555810187219,-0.3336110246932106,-0.5349807729887499,-0.2241939131349127,-0.17806041052836,-0.6105628768160511,-0.2923749259991732,-0.3509200161357621,-0.3712454753265759,-0.21895938392901299,-0.3081695044317482,-0.33227540358958624,-0.13201228953876779,-0.24821949610140367,-0.45361707398930357,-0.45251401154340876,-0.21720017402339806,-0.5107692869081074,-0.5257789832370422,-0.3229099889937233,-0.3387933339959198,-0.43933314992171396,-0.2756700937976193,-0.29196479457178426,-0.3489578907087611,-0.2247866211530782,2,Bright_Down
0.0,0.0,0.0,-0.10608581813722473,0.2363672013436439,-0.22810070708347913,-0.33280078411256886,0.49294786012907016,-0.36288163739808277,-0.48784010070465345,0.7322586866800845,-0.468063473633592,-0.581712596844377,1.0,-0.5441628259033476,-0.843225761136231,0.17919575839760263,-0.2616673805604917,-0.7267812009743752,0.04913367137968533,-0.429910598451217,-0.47881704062939495,0.056056544326772144,-0.49750227100734573,-0.44377495109020065,0.14741554236854984,-0.5388723768529333,-0.8691843897720349,-0.16949490493847696,-0.2394875930341321,-0.705820740866491,-0.28676162561507607,-0.42441063402821994,-0.4128122053600702,-0.19528960481156657,-0.46328422950877374,-0.4034180462574251,-0.0813218217896445,-0.47061369268954995,-0.7870447544969447,-0.47552805538389875,-0.2382961924190046,-0.6382578387805805,-0.5993110873727722,-0.4304287243050365,-0.38091965294233254,-0.4676671392726413,-0.39796539550100263,-0.38078878448138,-0.3443192677955368,-0.35140173360012905,-0.6466576721292047,-0.7222952955304989,-0.25613078097611347,-0.5219702292554614,-0.8343423779760277,-0.3827103255492935,-0.3278831500221584,-0.6861210336503538,-0.3599847427556591,-0.31897951885706993,-0.5492764369734517,-0.32562745332518633,2,Bright_Down
0.0,0.0,0.0,-0.0952603204958735,0.23294027986827728,-0.22962144568559884,-0.306914294101258,0.4825328669397989,-0.3716427501373847,-0.44639732126143084,0.729592201192046,-0.48122416622777786,-0.5176269974143778,1.0,-0.5589890443507315,-0.8106092049252003,0.16300146243727448,-0.2848279934171673,-0.6248982759685977,0.06910504213551215,-0.4397528031935157,-0.39630511214507413,0.08176257800565084,-0.49492926151359395,-0.3981141518771084,0.15856247032690193,-0.5326354285337155,-0.824786600610838,-0.1718013520022436,-0.2632950860518995,-0.5855169785820813,-0.25894201035397324,-0.42466348013407024,-0.33754990880152036,-0.1546526843544937,-0.4506105730719935,-0.3732708637337836,-0.06003296972614731,-0.4614463501172638,-0.7311988838895549,-0.46337360644106346,-0.26141774220733177,-0.5301533802008457,-0.5487849275476832,-0.4293321049859488,-0.3213425114460351,-0.41266111903669783,-0.3968442113802703,-0.35895932899234234,-0.30926126819749034,-0.3634002037554756,-0.5855468383034074,-0.7015747098266735,-0.2805364623921129,-0.43419204532430067,-0.7933677424511754,-0.396581359698789,-0.2786036032414795,-0.6410319427814238,-0.37927463650690424,-0.2979366243493165,-0.5078362244817098,-0.35566423903037225,2,Bright_Down
0.0,0.0,0.0,-0.08610812103665247,0.2238029112463637,-0.2527468292712733,-0.28136526757952546,0.4816175464847474,-0.4152730340774725,-0.4049769116614744,0.725056149122633,-0.5440126697989809,-0.4645048951192866,1.0,-0.6441128962024831,-0.8279360990483323,0.09182480319258804,-0.3279235336785496,-0.6055863263427916,0.03911352023689923,-0.5080572788934196,-0.3664012283663686,0.07714960977332294,-0.5766307360505536,-0.37392692997001614,0.16093095232776983,-0.6187671734618186,-0.8237674235452113,-0.27569012159431633,-0.2996375582724802,-0.5489360089487233,-0.3171530079591334,-0.4819934572494857,-0.28451950681632404,-0.1904586521851414,-0.5140051079571442,-0.3263789318503122,-0.09976310579124649,-0.5270222426942076,-0.7109817870793145,-0.5838335451134263,-0.2922523706482011,-0.49883209322975475,-0.6391145492296484,-0.491520455634971,-0.2673097285743004,-0.4770178234092839,-0.46607826482407705,-0.29788135412434097,-0.36774117770478904,-0.42811470672777385,-0.5496623272452935,-0.8309977289377105,-0.30521761654358665,-0.4084072221236453,-0.9139553753451831,-0.44159764891419273,-0.24263498439821116,-0.7467811977425405,-0.42713493622327375,-0.25855425514854014,-0.6145022975400297,-0.3995855690412658,2,Bright_Down
0.0,0.0,0.0,-0.0875500862418883,0.22439479869906132,-0.19972178137068639,-0.28330894840107435,0.4849861409745589,-0.3431548826893131,-0.36561601860002885,0.7209310647678114,-0.46329486216916255,-0.382405836842821,1.0,-0.5627763117281378,-0.8015296560651001,0.048904825149300196,-0.26153282396201233,-0.5448948585111593,0.04581504463413911,-0.41020593793831034,-0.3418685708384838,0.09241812643970787,-0.48384926408396767,-0.36806269125812957,0.14857069534375597,-0.539375786915319,-0.7939994662920487,-0.30458620763693134,-0.2529875698475023,-0.4969393587120666,-0.29673625318614444,-0.39389861034284873,-0.28646467558838234,-0.17886450054853317,-0.4274044402331523,-0.3404213225528417,-0.12741203787486083,-0.45342446016029403,-0.6855775139229272,-0.5942450793047074,-0.26099906808432344,-0.43843750351459976,-0.6125549939012108,-0.407956274573067,-0.25741900061652473,-0.46236643242817693,-0.3880386542357268,-0.30484028124977636,-0.3826049548955435,-0.3699381139331082,-0.5327463568297748,-0.8312558853570782,-0.28900164179378796,-0.3541157369208323,-0.8805971598966529,-0.38743522940521996,-0.2141661631203716,-0.7222489757817236,-0.3741593080177429,-0.23953058238579725,-0.6163621361814117,-0.35798291523936354,2,Bright_Down
0.0,0.0,0.0,-0.014684209626377728,0.2470624113539649,-0.1556653898246666,-0.1340028280154911,0.5347438347379259,-0.26127019738606927,-0.17280373732657953,0.7620148993517815,-0.3524168000988084,-0.16743297531860626,1.0,-0.4299351807926353,-0.5549308352601976,0.21529907465064832,-0.19447256239140126,-0.3666870770340944,0.1858085827867662,-0.309339805180189,-0.2252378197398771,0.20501900242002458,-0.3763085907373542,-0.2323124037244267,0.23142564576735947,-0.42733026165600035,-0.579637119683754,-0.0785762351031914,-0.19077207403602453,-0.3106098630773856,-0.09137156586910396,-0.29356435515106694,-0.1585316309831542,-0.018510233645679053,-0.3238443148324747,-0.17306649645762165,0.004432924022136699,-0.34931195682467375,-0.5208790699798559,-0.329167713699036,-0.20134558588107196,-0.27790868838823246,-0.3512230312057852,-0.3104576678013174,-0.1489653805105016,-0.253417113238147,-0.2975327972166827,-0.1649244264481134,-0.20774204412318859,-0.28491397392306406,-0.42457113878811764,-0.5387488552987197,-0.22985622318884277,-0.2766407781825942,-0.588483704496839,-0.3062867453674233,-0.16823813509412253,-0.5062827353182253,-0.29324591662425825,-0.15967530416966708,-0.453949730758467,-0.27746960083193667,2,Bright_Down
0.0,0.0,0.0,0.04655508114302985,0.28841912514596946,-0.2037906979610999,0.023155761218420515,0.59173090058645,-0.3237942151939836,0.039716949415147626,0.7957279963699303,-0.4125081126899308,0.02619702974932946,1.0,-0.48229981473323164,-0.3315581547654813,0.35080954131183695,-0.2986842821987521,-0.028898682592565873,0.29866888736474906,-0.4537094991659518,0.0888410524227962,0.29342031781999683,-0.5416348954462156,0.0821154560707108,0.3092319400315059,-0.5964318364131718,-0.37544212838156243,0.04680527139814956,-0.26940348171854755,0.012758698230963988,0.02159614148349357,-0.3824451411089314,0.08820924667010838,0.08998670273961344,-0.3963847574396632,0.024289555129573433,0.1277274505733577,-0.4099521780866492,-0.3386804383172505,-0.21686672174201546,-0.2580978211690494,0.011800941800521802,-0.20788197772080896,-0.3765179932959258,0.06495702655814774,-0.1509107427676428,-0.32650553904607754,-0.0011808176217537312,-0.14508181221342414,-0.2843859593576679,-0.27220016506528155,-0.41977383202849233,-0.2705913076817851,-0.023074976895080656,-0.42996431221895043,-0.37478248679730924,0.04065380641865612,-0.37923517341399976,-0.3560538119998277,0.015441461207548792,-0.3659817214415862,-0.3268576642465061,2,Bright_Down
0.0,0.0,0.0,0.03879706473891226,0.262507913368969,-0.16954737457679733,0.02492075576266452,0.5837650833050209,-0.2857790692685205,0.06199475119778374,0.8105493407306904,-0.37747244547468745,0.06721996991630069,1.0,-0.4530552987241618,-0.28878840517333504,0.3276024205512495,-0.27684371034610944,0.016021301794335686,0.3175980428644811,-0.41395362915991846,0.10178932419276267,0.33482155030544314,-0.4856633995819378,0.08121382788910744,0.35756562292492855,-0.5287658345043813,-0.3094490231641537,0.051691342129486666,-0.26064875662503884,0.09345034678796446,0.0535363823356654,-0.35721131903839715,0.11921605505567548,0.10952084228462186,-0.35986718016402275,0.028017932302095764,0.13171088695324057,-0.3654590716047607,-0.265500438137169,-0.18959879311450303,-0.2579524995472258,0.09686847999198162,-0.15833444495132587,-0.35409334572312484,0.10637999942515224,-0.10721389716563207,-0.2947537877589408,0.013697221790267533,-0.10796248897287235,-0.2480831512034875,-0.2011145413636126,-0.3775974090579793,-0.27722300392454413,0.060848003620066905,-0.35023447155645926,-0.36462358474187445,0.08696672736960721,-0.31073635049794346,-0.3382130382385333,0.025815823200413302,-0.3172253130525079,-0.30367728584020215,2,Bright_Down
0.0,0.0,0.0,0.029206193633176756,0.27942889972332285,-0.17336985207355132,0.02712123026204047,0.5922389317532756,-0.2877274338724448,0.05983317694251779,0.8051906900593914,-0.37305990125544636,0.046373728570513695,1.0,-0.44392389786218334,-0.2646054635618681,0.3195546063824159,-0.2899154202734049,0.041287546557592196,0.32179438273890903,-0.4304856573841565,0.04322475077244069,0.33688456501542097,-0.5221217187858822,-0.04056322968845279,0.34223805002464197,-0.5835970456983749,-0.28913051347234947,0.02525901938782045,-0.26957577376305475,0.14610410523570463,0.050149012139082946,-0.3672198412607739,0.09343427733985256,0.09956758171536129,-0.3815715758066233,-0.02731279740938846,0.11679971487680395,-0.3978143630343664,-0.2446524086505932,-0.2277603443011094,-0.26118276132325596,0.1611075996655,-0.1591449645405869,-0.35791915880281144,0.11680955311208442,-0.1193565422872412,-0.29499844662595337,0.0012967907862142193,-0.1328291701819795,-0.24275855425253481,-0.17443339653935433,-0.4306598393026362,-0.276335685553066,0.12267017130595148,-0.35801542375414064,-0.3714629746830226,0.1023079943086737,-0.32518634638570154,-0.34936052060020134,0.010778622071616784,-0.34445629363976654,-0.31498038975167214,2,Bright_Down
0.0,0.0,0.0,0.08677718170755457,0.2839149360120648,-0.12459852350801662,0.18383796054554652,0.5332847755978533,-0.2744853791803103,0.24843785626097306,0.7668570913325181,-0.40935319608143245,0.26484549290720777,1.0,-0.5278085261058925,0.05481924438398748,0.22442394968029128,-0.3879196582808614,0.4421721345854873,0.34612759450373737,-0.5400093038426511,0.38022332862907177,0.39483832010929554,-0.5789945321656317,0.2566161762298429,0.37367246883565275,-0.5854850181383958,0.07606085163764104,-0.041487670067555854,-0.38011552204130694,0.5132489818211516,0.12111570451028933,-0.4878330193076247,0.43942607269543843,0.15921504979385134,-0.4448494457908806,0.29865668018079444,0.10552955832046405,-0.42042239196311565,0.13083353380952434,-0.2717640463597034,-0.3729005271243484,0.5377817244795656,-0.10319220918110741,-0.42757837574320606,0.46073087152266196,-0.05612446448836813,-0.3658235328112205,0.3256261786059939,-0.10769137531101525,-0.3371036555137356,0.20219086294191144,-0.45121111639555267,-0.37695624361516883,0.5174695137611661,-0.33223154575088404,-0.38496919382279565,0.4610697409551979,-0.2703891677078495,-0.33673171212895103,0.3380202264771215,-0.30468981252057886,-0.3189180398744494,2,Bright_Down
0.0,0.0,0.0,0.05239954902921785,0.3065105010036005,-0.15056767863315904,0.12529887205349302,0.5673666181174568,-0.26870209658816935,0.18272871959973747,0.7794198686919942,-0.35584767581026205,0.17659558623603921,1.0,-0.43419018933159226,-0.02879528108607065,0.254149745159944,-0.3558440173011327,0.28317155074027445,0.4204803774022767,-0.4562938623881662,0.27392491786755246,0.43894593372946256,-0.4860168028423582,0.19969692823780222,0.4248993368789843,-0.5025343437700349,-0.014758728899710956,0.007597576118637875,-0.3418387680982114,0.3613128029635223,0.20660834988682433,-0.42432918670092934,0.3167338908699199,0.22409576374949994,-0.4080693866590189,0.20435522781471405,0.20421009973658735,-0.41010802051542516,0.02574655234222517,-0.19447301016069732,-0.3276836282609003,0.37698594266575,0.0054147666953574605,-0.40937644857744576,0.3255583014819343,0.02725255922455193,-0.3423849250616748,0.22273765588712569,0.002545110067004837,-0.299005332875038,0.08113421576284895,-0.35559877455097755,-0.3297048571389633,0.339421669804181,-0.21871355562059572,-0.40954971903349086,0.31961532400103215,-0.1790852774665279,-0.3824399499049001,0.25167564047722546,-0.1843369049618909,-0.35763034391550935,2,Bright_Down
0.0,0.0,0.0,0.11446628214068609,0.31607574768752417,-0.06914136541329526,0.29704055956188163,0.6061749830406016,-0.11694016870833186,0.4339110371968232,0.8168317200726763,-0.17462086593105672,0.5064261041229128,1.0,-0.22442347996564507,0.5907400668074924,0.297027344446229,-0.022481516073237798,0.7704232835428437,0.3884376548116914,-0.12762697224632327,0.6155749964590267,0.44441891781079074,-0.20235673583806973,0.47576635811065865,0.41789923033811044,-0.23547174021261186,0.6004682555979569,0.10833379077964439,-0.03857927148160859,0.8008665049678669,0.20126146750131982,-0.13026157709403433,0.621937227522952,0.273300790263916,-0.17235778796458515,0.47981357199154506,0.2517913258691649,-0.18221141446339953,0.5697459919231924,-0.08902955645327983,-0.0712478315524416,0.7784353709686274,-0.02519682051094381,-0.16131621998772447,0.6040014353648694,0.07422151109087052,-0.1464779323414179,0.45749442762623316,0.07714984517983739,-0.11266684716355939,0.5053077326046722,-0.30203248478736877,-0.11104940383776883,0.6716833278778626,-0.26486886877932314,-0.1743562035908156,0.5771955898109425,-0.1393672873704834,-0.14810467283991918,0.47068514614223667,-0.09272538379745497,-0.11015450331370479,2,Bright_Down
0.0,0.0,0.0,0.10096605272321013,0.3497274582982337,-0.0482336297834607,0.26327483121050466,0.6691209063572441,-0.08917252418067179,0.40654228348034,0.862001737597174,-0.1440256324273925,0.4776930398406209,1.0,-0.19208967199375523,0.5769307379280191,0.4032636345357058,-0.020214265274920408,0.7997098597510852,0.525275701140831,-0.13200500421396003,0.6390349356625032,0.573842409820178,-0.20980930346546534,0.49095589347616386,0.5301187911363682,-0.24240118089658294,0.6114782138285724,0.20350975012326528,-0.048597227580077326,0.8717599716612463,0.3142278123440322,-0.14813527279080155,0.6818409023433418,0.38464086326060903,-0.19243724565772746,0.5187516009396455,0.3509889704453809,-0.20020001101759985,0.6069987894161244,-0.0168270781469805,-0.090932549835317,0.8760138026933133,0.056599794702478924,-0.18727763409708528,0.6882772927436267,0.17289544576761542,-0.1741402974306538,0.520476560357358,0.1741365866061664,-0.13935444892603988,0.5678951194494314,-0.26578257702335195,-0.13803242408964222,0.7535298007723744,-0.18814525648420638,-0.20921514029807392,0.6340354770111669,-0.04927819549439468,-0.18313542086003531,0.5001354314775197,-0.014834462369100196,-0.1438388246982162,2,Bright_Down
0.0,0.0,0.0,0.1369764960796054,0.3285698803320787,-0.05656825919398452,0.3350459678851237,0.6186894560178691,-0.09883655656250469,0.49345108480519473,0.8097845762199879,-0.1554354638980737,0.5799872330645949,1.0,-0.20519616312414068,0.6156562519936327,0.3050256068906094,0.00396772175940137,0.8517675018850638,0.3838301113667231,-0.09576387620936556,0.7390956459446725,0.45481419535640194,-0.169248455965049,0.615837840704618,0.45071740031068,-0.20037536716221246,0.6381680639069282,0.09961860605972098,-0.015451846154224085,0.9008529481167425,0.16257742981067888,-0.1047652718483157,0.7319812116213701,0.250642382074946,-0.15038039207733656,0.5809378355548006,0.2483338034783558,-0.15944100821455842,0.6229901300290465,-0.1196206506140965,-0.05032724915626018,0.8910068046766492,-0.08963295637182296,-0.13435082876263735,0.7241546420992193,0.027591107571999444,-0.12291875053076183,0.5625145559204837,0.048708817794079554,-0.08981157360686307,0.5764965023516219,-0.35868247686233157,-0.09153314747945658,0.7760632643539631,-0.33855168687265424,-0.14884046696490527,0.6867581284487443,-0.19501244026788275,-0.12305865310313405,0.5645289415895411,-0.1323975782022833,-0.08444281689576705,2,Bright_Down
0.0,0.0,0.0,0.11986737468085241,0.34968785615596687,-0.05309925094036334,0.2967718341514972,0.6448846452606982,-0.09663499651408086,0.4569522838551118,0.8392359718322414,-0.1553837066922623,0.5657030160640268,1.0,-0.20632791296983952,0.5988736716775225,0.3298298728503301,-0.010439871798060527,0.8615886386644509,0.4179297270452505,-0.12159508814365956,0.7300942639390293,0.4845161690829561,-0.204364739994238,0.5773053438516735,0.45611680960658096,-0.2381616779681841,0.6254345500735392,0.11279519161588956,-0.033096980321718435,0.9175795401728013,0.17534612788824583,-0.1214283887464585,0.7602672403364341,0.26828373413812645,-0.17238235698052978,0.6000432162435773,0.25692972067821646,-0.1897007268884943,0.6143706346022832,-0.11106097071801042,-0.07091454795852212,0.9074042238903851,-0.09602004660668921,-0.1446057481504086,0.7628868769061308,0.02502960670830707,-0.1381534679762384,0.6017440102127226,0.042486024360272254,-0.11559036569461174,0.5737513450359419,-0.34784619155858626,-0.11568410534818142,0.7895026709707816,-0.33832986329977904,-0.1649573755643104,0.722833855430125,-0.19399158914802717,-0.14258940049204455,0.6087091475178118,-0.1302340999242323,-0.11131891903682709,2,Bright_Down
0.0,0.0,0.0,0.12628477905073648,0.35095112805320183,-0.05762152098100891,0.3124614141581553,0.649577161325074,-0.10337321979391159,0.46389173175329923,0.8423667364146761,-0.16438286754919967,0.5738316517847895,1.0,-0.21650638367756364,0.629911537425677,0.318949222067994,-0.020653439111693195,0.9198338478112246,0.41410346184922,-0.1401816851132677,0.785671549027326,0.47948289792620524,-0.22370967409170106,0.6278816631792662,0.4660987383206613,-0.2554368437036673,0.6518369968302637,0.09623567921440263,-0.043232601591752864,0.9638289585448218,0.1646878949222068,-0.1480206707976614,0.8017854109262674,0.25288694607304896,-0.20237715477288362,0.6309706022498912,0.2557339078911931,-0.21650358685144336,0.6364362220058423,-0.13443120843605627,-0.08138025458850026,0.957424433901676,-0.11942530402535789,-0.16725186732131014,0.8135179929147072,0.0016909403550933312,-0.16387583922874555,0.6413714806604653,0.03390084733472829,-0.13859856499476514,0.590325467691479,-0.3757343222358035,-0.12665480968597484,0.8163231059271997,-0.3700631875530879,-0.18379140356610493,0.757173341067766,-0.22828854958669126,-0.1654881706422822,0.6406977563239347,-0.15426795665955376,-0.13384851838099648,2,Bright_Down
0.0,0.0,0.0,0.142436734523917,0.3612129787555972,-0.05257661441484823,0.3042422016109449,0.6493434638902047,-0.10855955133531066,0.4436060032990687,0.8478515856102555,-0.18329602420539737,0.5611698542134863,1.0,-0.24957577333682537,0.6154836895643143,0.33200084270137736,-0.023377139881828067,0.9095027773277049,0.44659338792751946,-0.1547668952469375,0.7690305594687848,0.5277437989918092,-0.24836464778215347,0.6034154142615252,0.5025942751551927,-0.2851472590680028,0.6413369762439843,0.1192987273312711,-0.055845158251398797,0.9799207019653,0.19210045791997057,-0.16535501907374175,0.8115078211675537,0.29043966831207824,-0.22269070312751468,0.6322564978501632,0.2813171373054912,-0.239401308590314,0.6365545222431523,-0.11391846658033512,-0.10469032444785953,0.9703714606232939,-0.09547221167471232,-0.19403220827298168,0.8220135533097261,0.03165572268033459,-0.1905093614389044,0.6442315977560396,0.053436502409985764,-0.16512546901196154,0.6058581763266053,-0.36612365199731356,-0.160482958479225,0.8578399057032001,-0.34960604535168144,-0.21926679073382638,0.7913122600269714,-0.1972906573524252,-0.19519487798310312,0.6590328806080973,-0.12767997796772915,-0.15957341612296763,2,Bright_Down
0.0,0.0,0.0,0.16229239926337713,0.3565854004005066,-0.03840217566075678,0.3733653632163091,0.6337890327422263,-0.07805303568980392,0.5402067007630389,0.8317996130271202,-0.13966222339560785,0.6539932032818091,0.984265750798628,-0.19389986959009084,0.667074710731783,0.3007237826084124,0.00654544494410953,0.9413732094308406,0.40013214323166274,-0.1192650944216702,0.7854420945542825,0.4983384375617977,-0.21510373057658796,0.6145856034068072,0.4817062112152365,-0.25694144301080796,0.6882066999224331,0.08800974598363803,-0.031160875510477477,1.0,0.171306635553044,-0.13472918079980034,0.8097688060854816,0.28919823649309345,-0.18820232228867712,0.6212759849640841,0.2739841121300888,-0.20409184714255357,0.6714740211828458,-0.14415254641562536,-0.08613184190557943,0.990995430677026,-0.10694144949440713,-0.17279732787135038,0.8138175839182024,0.04218075840716129,-0.15872227690437002,0.6229471092932544,0.05953926816438803,-0.12774706962674123,0.6216382860636175,-0.3968361278922881,-0.1480906625188308,0.8535143521881915,-0.36660247940883556,-0.20957584116752753,0.7623199711335968,-0.19800049301530134,-0.1819536002721815,0.6175777397497054,-0.13023505649816652,-0.14458411483010797,2,Bright_Down
0.0,0.0,0.0,0.16131696189619235,0.3493048118617006,-0.047946136336921595,0.3788226667829481,0.6248426790420998,-0.08791287987472429,0.545540516578994,0.8340430773198667,-0.14843719084509444,0.6604289380458185,1.0,-0.1998410001098884,0.688045095161355,0.3006592083960723,0.00488616022266797,0.945994427583174,0.3909685680475916,-0.11818873636205161,0.7666297293934862,0.45661372140478473,-0.19768513466792448,0.6120321548538347,0.4298783549921324,-0.2284365253955254,0.6978912688469991,0.08996506183101136,-0.028709499861068112,0.9644674729490617,0.17822062091817986,-0.14400073983230913,0.7326682419773028,0.2671474160923892,-0.18819962379898372,0.5689688879593721,0.22705221960497096,-0.19269297126657614,0.6678191481666864,-0.14971747325905374,-0.08024291485835879,0.9756015602105796,-0.09010021835838965,-0.1947621035203381,0.7476433372171891,0.04707952370343765,-0.16442577921163065,0.5659632051853815,0.03819184539085242,-0.1120089934735789,0.6024500943822416,-0.4249507215994597,-0.13698614964384637,0.8436548970268457,-0.3726881310662858,-0.21955866349739042,0.713251994178763,-0.207833953386291,-0.17842071838499352,0.5664732454140812,-0.1614872508542347,-0.12275599109738661,2,Bright_Down
0.0,0.0,0.0,0.15416630637287657,0.339741060128448,-0.061835020751653855,0.37290643104762955,0.6126765767111335,-0.11157019253318218,0.5386641092358365,0.8178038848841688,-0.17480237911688956,0.6632323462593643,1.0,-0.22383158797068364,0.6707163688674721,0.2887627642263641,-0.019177202245392603,0.8969515214879217,0.4029447139005275,-0.1446415267731457,0.6969920054083373,0.4680731226073217,-0.21431821058979678,0.5555871740651359,0.4353750854878902,-0.2388234617080177,0.6761813050758189,0.08497260457035948,-0.047784797353127,0.923907916768204,0.20301978602479345,-0.16422384227652198,0.6812017042551352,0.2816556744306703,-0.19411729930853966,0.5386020076880144,0.23364017262658104,-0.18708326726728536,0.640525190431645,-0.14676796817885246,-0.09497404518743378,0.8966473025131474,-0.05628876433641745,-0.20832096487205223,0.6764477914645746,0.05656861434938802,-0.16481999748322582,0.5365778116672301,0.030032780184103575,-0.10441609668062227,0.5711774139028858,-0.4115890135287043,-0.14775860440401095,0.7704805402048565,-0.3162969397300548,-0.21430519088238154,0.6368384023394204,-0.1770684138950248,-0.1567998454326956,0.5191280628247558,-0.1688926272099111,-0.09307370834549401,2,Bright_Down
0.0,0.0,0.0,0.13190470520191883,0.35502713231041405,-0.05930692415332249,0.34807437144898445,0.6499953220154459,-0.11188637413928854,0.4962278433640663,0.8317371483006158,-0.18167448801844344,0.5593610723641683,1.0,-0.24028538176865608,0.7146990780117715,0.4304247609975164,-0.017895496142720478,0.9370390058857551,0.5948635729595482,-0.15560692410016358,0.7421358826931582,0.6634266662130439,-0.2488391296848266,0.5792471847038411,0.6492081447963801,-0.28850740210513076,0.733089511108087,0.20337282686353894,-0.05339578898189562,0.9925913482802028,0.3874289796890416,-0.17862531921124444,0.763455159391692,0.46128329874459906,-0.22447209289035172,0.5928681999115436,0.41968113156193654,-0.22662359367285095,0.7122422855781989,-0.05137830435818052,-0.10816958915859586,0.9933870309257307,0.08599879222944239,-0.2266514223650566,0.7740907699112034,0.19775626849930256,-0.20224511442183882,0.6040307216003811,0.17411841254720511,-0.15269594189351574,0.6491452046405607,-0.339247865137958,-0.1692552895698332,0.8636129350525635,-0.19365962984384036,-0.24277489351465,0.7151906916612799,-0.05568162487667132,-0.19774763096489328,0.5713813663117069,-0.04324286394719831,-0.14230468961831416,2,Bright_Down
0.0,0.0,0.0,0.12923042493650694,0.3384886082030793,-0.0421473433453847,0.34549738123150897,0.6404097228067942,-0.0796632358619278,0.4912565366555729,0.8254440408901554,-0.13446828723126347,0.5599637417079175,1.0,-0.1781423855474908,0.692731095283753,0.4590895185613301,-0.007132061635290889,0.9162312318169593,0.6253302974370767,-0.13471989842575452,0.7279119042583988,0.708988812489606,-0.2181835713537861,0.5813364239797479,0.7091403335516496,-0.2525229559483235,0.7190928856960421,0.22971660633883642,-0.04617205739557553,0.9716173128211867,0.40836650850714795,-0.15739857727706882,0.7363367216837317,0.4649089128466455,-0.19231129868157462,0.5855531442673505,0.4131930086785844,-0.1901212752553508,0.7069802345086139,-0.02376868605780385,-0.10230518933387485,0.9640925879920584,0.12124189783209906,-0.2096129046405818,0.7372511861963902,0.2057015445703926,-0.1757929750013785,0.5896286091475195,0.1644430574404438,-0.12323118089345363,0.6548319409683797,-0.3070379274875221,-0.16326706705555652,0.8584191713152972,-0.1632682559268757,-0.2266956981715769,0.7044791104194341,-0.04163215695775273,-0.1724009974051431,0.5748756315943999,-0.04263367422150408,-0.11234469798884825,2,Bright_Down
0.0,0.0,0.0,0.10814292140618748,0.3725859846666131,-0.05185974794711718,0.20421097945911917,0.6614005402327824,-0.106715955627024,0.28404954083579964,0.860652933470741,-0.183644382673506,0.35763342861819836,1.0,-0.2513601086318216,0.5789014228766995,0.35558493727652485,0.01030604206337355,0.8016782227443977,0.5237657397818449,-0.11428883529330675,0.6355698976133056,0.5899166927216699,-0.20853942537074796,0.4753983259432507,0.5358046240862689,-0.2480880403246506,0.6221596013773874,0.17908561035826295,-0.024135816372324734,0.8749576562363895,0.3489643714838896,-0.13149664386204335,0.6719112617789305,0.41521042693875526,-0.19053359466079928,0.5018250425120866,0.3469583817086724,-0.21003172743232643,0.6446218896533092,-0.03367807293689611,-0.0779630015577515,0.9357382627295348,0.10854857992167087,-0.17862743569989104,0.7265329284042177,0.20692076992639655,-0.16899454508419484,0.5393968480669993,0.1599056212740118,-0.13565278946231066,0.6381119962564957,-0.2918498407032873,-0.13859978390722968,0.8628686958289131,-0.17736619055093392,-0.2102495216599404,0.7341735317918029,-0.04187035507323525,-0.17903684203296108,0.5803027121469898,-0.021993087814548413,-0.1348824091195797,2,Bright_Down
0.0,0.0,0.0,0.09411512509505686,0.3835138202956967,-0.037319563571038536,0.2175828710324796,0.688734314220328,-0.07305473802525231,0.3301073980505352,0.8669016134072538,-0.13076319588438173,0.39129451243037544,1.0,-0.18055006677111865,0.6239221859256382,0.3664449381018312,0.03967934998097439,0.8448189147177309,0.5294773515425254,-0.06414151544220022,0.6896373823720202,0.6090604559421213,-0.14794839839741475,0.5379541214555134,0.5587014416454796,-0.18407106858217265,0.6701691106879905,0.17735498491384416,0.005181665032644865,0.9426690313342295,0.33786327816421446,-0.0864257629047799,0.7518064716009655,0.4261292487232986,-0.14436598124609404,0.5849382538327866,0.36411976114294453,-0.16446288001170717,0.6921525612935154,-0.0423695435348144,-0.04589889263163754,0.9953974818704598,0.07767816707565521,-0.1335179449275542,0.7941912152927886,0.19696318745504218,-0.12677189730367402,0.611986039102851,0.1579497491750562,-0.09734905955953828,0.6867703645221183,-0.3085466459288838,-0.10187116215255095,0.916501066916903,-0.2083892348911557,-0.1566270034834767,0.7952203553349645,-0.06745829680452464,-0.12135534650094927,0.6516946610342634,-0.05300294748926936,-0.0779473863575492,2,Bright_Down
0.0,0.0,0.0,0.10448147820646432,0.3838319942926598,-0.018224909731563474,0.23421432862243152,0.6736367611156041,-0.0459153654696076,0.356106490985837,0.8610867155330574,-0.10108803442293744,0.42458365973169,0.997686905703487,-0.14876325911159408,0.6354474295029665,0.34084830979293074,0.07441768210507349,0.8810314462775218,0.4692273819581318,-0.026603537333293403,0.7231596979457451,0.5599799717439439,-0.11223617168598449,0.5649879266946227,0.5309755288655681,-0.1481346893789842,0.6764648168000361,0.15185614402169254,0.035074333465077163,0.9541243351106777,0.28583074386306123,-0.05083289034957059,0.755722541833374,0.37019130860108024,-0.1068262302917978,0.5851353455286228,0.3136181672675663,-0.125319889718342,0.6950457462563399,-0.06628836011303313,-0.02176684581376307,1.0,0.055157442985065454,-0.10647076744686333,0.7986451971720779,0.16620156060919575,-0.10164422251258438,0.610271786909334,0.12488838234190273,-0.07127998756100568,0.6862642290936701,-0.32272710365179347,-0.0822018617153119,0.9274341001996367,-0.21598175539913184,-0.13461163516793867,0.8132979869063495,-0.0705608468531115,-0.10194841473706835,0.6647405358583072,-0.0457357878341263,-0.05857344895460434,2,Bright_Down
0.0,0.0,0.0,0.09766107909248974,0.37948989651504184,-0.017314527097541464,0.25220364672336326,0.6550271999363221,-0.040404105720323415,0.38754105279217027,0.8359264685519651,-0.08792613609856048,0.43309856235422683,1.0,-0.12989743396791953,0.6226834865998546,0.30244289505824296,0.052047367179444345,0.8694442440689546,0.4048959885379692,-0.03890075513984253,0.7237784488283838,0.516082827765244,-0.1159015126110154,0.5615568014765324,0.5000999113649385,-0.14942539007988329,0.6488341463050622,0.12792344384939833,0.013334748857285746,0.9304117343203415,0.23285690951346896,-0.06758143178437945,0.7471564645140535,0.35101059723780315,-0.12064535914881713,0.5734512287439607,0.3207333079616506,-0.13787789310831697,0.6563233529756589,-0.06717733396679626,-0.038913937169643475,0.9537847751662633,0.010735704176129226,-0.11278699086723458,0.7678530415755649,0.15177738587095763,-0.10720126282223881,0.5865000261179086,0.13622686595874697,-0.08061446902146953,0.6380495228714111,-0.29637856540546187,-0.09552410908974092,0.8759745503781293,-0.21809448713133328,-0.14880603548657229,0.7663875366998074,-0.0704051758232738,-0.12066829005078046,0.6203502867580545,-0.04250668908661113,-0.08226813684644473,2,Bright_Down
0.0,0.0,0.0,0.1286593903505142,0.3951660570395859,-0.02033012002351329,0.2927180405786045,0.6536073301442562,-0.04479474606119912,0.4276769574406501,0.8287245470016388,-0.09599547186890424,0.4797764425308675,1.0,-0.140993936161085,0.6335952902369627,0.2817208077408286,0.06076113579689549,0.8875873428899222,0.41204251187922114,-0.0390762364471273,0.74840710682204,0.5099417455008933,-0.11998825469855132,0.5974472119800859,0.4895440588770791,-0.15457690292699197,0.6602219275026182,0.10615871084772122,0.02428033123880756,0.9422601166098209,0.240646071675677,-0.07208284174989568,0.7609397849200371,0.3480642257217958,-0.12994153966920982,0.5925562622011186,0.3184114379959478,-0.14599307339208276,0.6695677690085393,-0.0907252804865702,-0.02799231317864115,0.9804206573890205,0.0018727811135611954,-0.1153754468375757,0.7999346333016442,0.13299686567521574,-0.11248461930609698,0.6200123759828635,0.11791883522928966,-0.0824859953780205,0.6525728475304957,-0.3279030522803358,-0.08434715825410481,0.8832666713437184,-0.23384474232876004,-0.1389452142354728,0.7903644613527798,-0.08381514667388108,-0.11165716449460805,0.663458965382956,-0.04547648584260657,-0.07225655081011496,2,Bright_Down
0.0,0.0,0.0,0.1268942292639454,0.40804105624681325,-0.014216481586046631,0.291400393735564,0.6448049557156813,-0.041561008800000195,0.43105385921198663,0.8144444629077835,-0.09924827452209214,0.4886123226462668,1.0,-0.15116753998268492,0.6399223985859803,0.24283697755917186,0.061457194145232784,0.9187627415259834,0.3691384607580678,-0.04400977253308036,0.7685100318609209,0.499027030619893,-0.1237803104135114,0.5980027234396851,0.4872451366836131,-0.15582772168089037,0.6617849112345823,0.07114614481107777,0.015265749546983865,0.9601194063006436,0.20251275355144757,-0.08784889283866709,0.7567180802636332,0.33063204965510967,-0.14495830084036726,0.5741348006440401,0.29012897419728934,-0.15950948154417616,0.6696902327867504,-0.12969572514423997,-0.0470267394519028,0.9981369276206985,-0.02702624699691361,-0.14795366633576829,0.7933498308126503,0.1279789261391613,-0.13791213038225392,0.6001504713544695,0.10178921416433519,-0.10028819020828263,0.6493118810712196,-0.3806815945678136,-0.1122706087609065,0.9068444132316839,-0.27547496210885536,-0.17964121558551052,0.788066060466658,-0.10861661683022755,-0.1429475748915144,0.6330735687292451,-0.08049014917697722,-0.09443863543469808,2,Bright_Down
0.0,0.0,0.0,0.12731331723739958,0.414711135942785,-0.011893883657519413,0.29225411946840607,0.6470884255616941,-0.03593473459978461,0.4310632009299355,0.8212246160324761,-0.09086334393164026,0.4884714731099327,1.0,-0.14141169403654633,0.629798474657641,0.24149535796707222,0.05792915661768043,0.9072047723409711,0.3596353471597608,-0.04795235007507697,0.7554162147238915,0.497184813324882,-0.12831382179696474,0.5805277934431858,0.4923123496466656,-0.16078483175201,0.6537966906212719,0.07404449868971177,0.010416352831320967,0.9513098732259563,0.20623792422737988,-0.09396459645927994,0.7490838466515026,0.3347483892781336,-0.15250322156745136,0.5605862507759292,0.2931293194844816,-0.16821364339332784,0.6610750260681612,-0.12481352582637273,-0.0524894946929791,0.9902166311155338,-0.021207055243533633,-0.15399328126539705,0.7882592584017672,0.13158491362232336,-0.14787994526591075,0.5897332289005155,0.10299970600967766,-0.11341109524422188,0.6406783007621469,-0.37580962007975743,-0.11802043376162824,0.8995295718006929,-0.2836609090285607,-0.1874230087324367,0.7882771686591464,-0.1189542506501205,-0.15391795443596254,0.6315089042373485,-0.08628375701284864,-0.10785716128895122,2,Bright_Down
0.0,0.0,0.0,0.12076081109138641,0.3985832183040315,-0.019334836658145848,0.2965346423250369,0.6296360771519325,-0.04388498409538783,0.4400786855621844,0.8069647677030839,-0.09552773481326833,0.47877948214098437,1.0,-0.14241041729163426,0.6292382335745162,0.2553383007875774,0.04779286971047215,0.8968801760532134,0.37976398577274,-0.05499344975664674,0.7482076870851992,0.49337826092679293,-0.1340531811453586,0.5802591035909098,0.4744855738182411,-0.16636679970890125,0.6529944204242787,0.08300834282652364,0.008697641224808317,0.9445547442528163,0.21830360687449923,-0.09064914875443758,0.7470014185649863,0.33221934301037237,-0.14365738039068712,0.562624273043826,0.2882552924447509,-0.15599189794909094,0.6580608755870528,-0.11354421732024965,-0.04586243279713125,0.9759126306631675,-0.012628242987741577,-0.13910854381778048,0.7862350792736233,0.12984136783462275,-0.13493285808958025,0.5947835786135937,0.1036579954882755,-0.10330508316247224,0.6344278206876113,-0.3529407518776561,-0.10391229749528601,0.8915621495781457,-0.2704487140566161,-0.16817677303597325,0.7977050327424839,-0.1066793987933918,-0.14175690242642341,0.6555950521336432,-0.06399167458178658,-0.1022137333730491,2,Bright_Down
0.0,0.0,0.0,0.14198145347899419,0.41086940700757,-0.012373802861748943,0.31235234559568004,0.6513374919509597,-0.03482499035986037,0.46319593609115195,0.8219401198216422,-0.08681438608175022,0.5075264112792537,0.9777635818644322,-0.13169674321314676,0.6492316544656055,0.2615285877652885,0.0707153474880997,0.9229207301995737,0.3969503659892776,-0.03086652367384338,0.7710110275576159,0.5160940374752251,-0.11233421284171838,0.599203118409948,0.49132874174507873,-0.14580699548805132,0.6729459466245953,0.0886869115901499,0.028943937120680423,0.971164751991672,0.2326129025530939,-0.0654568255272187,0.776874857160124,0.3495647666320943,-0.12063448641333026,0.5927489903854134,0.2989863635531794,-0.13505641955341569,0.68041149800886,-0.10848127324007441,-0.029196364434779326,1.0,-0.005847657043000708,-0.11465085219236458,0.812965626075954,0.13751612468021956,-0.10719103302285955,0.6237479566183859,0.10753773207090901,-0.07444160002002809,0.6601785620807105,-0.3520191653342038,-0.09137598549894226,0.911652712159509,-0.251968902721629,-0.14549123158358687,0.8147901461446108,-0.08803405089844953,-0.11327940318635987,0.6727995424016847,-0.05235951259310394,-0.07073292356953037,2,Bright_Down
0.0,0.0,0.0,0.09479148408043173,0.33396329530259355,-0.054249163143629736,0.24779940899741346,0.6060111320065333,-0.0956965953971775,0.3750838103102781,0.8001852005541553,-0.15013740758322244,0.4198408404757912,1.0,-0.19489931269359376,0.5388098126678144,0.30966648403738584,-0.0016474197016573778,0.7468150360259501,0.4229942087807378,-0.09107639600181701,0.5904410962026999,0.4825710713152993,-0.1535917203317908,0.4560957946250515,0.4454352264677695,-0.179545743812108,0.5617589438127415,0.1485909020313863,-0.018829192616706954,0.7822844891264409,0.2572462557840737,-0.09901973661621588,0.6050274477690014,0.32657696825522,-0.13858702747096568,0.47026563434633467,0.27968451853537973,-0.14856358598115155,0.5586930447170836,-0.02981666935846845,-0.05065930432892017,0.8119913054228499,0.051078574554931526,-0.12788484471817194,0.6433675438955963,0.15327291529709056,-0.11569040152684061,0.49622763207420145,0.1296458977801761,-0.08600839041342989,0.5344723385512964,-0.23506764572490796,-0.08865045986604826,0.7344705134063781,-0.1720843051656078,-0.14237272885521757,0.6387557814908954,-0.045139966231375346,-0.11697606330889145,0.5193150265558586,-0.01871600021901739,-0.08199521850612934,2,Bright_Down
0.0,0.0,0.0,0.1420052871649924,0.3124027254117311,-0.039118599871331275,0.37255915642862825,0.5804552339828145,-0.07451164476599575,0.4977834787525512,0.7877305968654421,-0.12327156118620218,0.5291329820613802,1.0,-0.1591565854807492,0.6770388122408073,0.2760003180352248,-0.02038150352354952,0.8880563782271447,0.3861183084211428,-0.11391017770908758,0.709587431193318,0.45150252875540053,-0.16305567344990662,0.5982356893532931,0.4168564811449814,-0.1830962647429075,0.6683455650636259,0.08999577886724179,-0.05358401202638505,0.8703073168917312,0.20936920852566446,-0.13846951593306558,0.6605084878209913,0.29065450762039013,-0.15735693095163072,0.568174023961156,0.23675402056923528,-0.15586594888820318,0.6228421292936035,-0.10400775569161913,-0.09943819935936964,0.8295152044382976,0.017050373435459495,-0.18308756313536229,0.638642713017912,0.12302503367180881,-0.1443523251566331,0.5414293772413038,0.07951699594573336,-0.1002225063855253,0.5475756127040741,-0.31521010287347556,-0.15005294447222267,0.7139674109441654,-0.19281431486101486,-0.20031740722644184,0.5972546257575091,-0.06904810897006067,-0.1523995846109297,0.5128348711291922,-0.07959957590753501,-0.10450308946489113,2,Bright_Down
0.0,0.0,0.0,0.14753025971055303,0.3107293242475219,-0.04279787645880822,0.39944827373714,0.571179017656647,-0.07632071167253433,0.5446850046267442,0.7775103729159138,-0.12177508206190758,0.5619471308660267,1.0,-0.15405370792726614,0.689917549175274,0.2722521610729894,-0.014874481748970216,0.8754010933383257,0.41181271582681406,-0.1074465657279769,0.6933434832568126,0.4589636427999455,-0.1532802918796477,0.5993276401327439,0.41398023578142745,-0.1747496804327176,0.6745997271845249,0.08532332451745721,-0.048405210832084496,0.8705598410663984,0.2410428209106732,-0.13787648244323303,0.6570942908020059,0.3076250686141302,-0.15331059052317272,0.5752533322437683,0.23898816471142212,-0.1474028992601335,0.6221018379376945,-0.10750021517793122,-0.09571100626033212,0.8232451444304416,0.030976914505872765,-0.18696917046269515,0.6300051475249849,0.1356572103361766,-0.1477137141531926,0.5428741609316585,0.08293543556869434,-0.10139391193938845,0.5382713626473216,-0.319670678967588,-0.14766802024036696,0.6961361076606357,-0.18982444494978232,-0.19874501299732708,0.5758139670404344,-0.05436549972688311,-0.14950762409863286,0.49517833980430026,-0.05685587030514407,-0.10101860646208026,2,Bright_Down
0.0,0.0,0.0,0.14150943882371128,0.31599326657161997,-0.0459085550443292,0.3780339935070512,0.5744566020234639,-0.08434454667907507,0.5335593555147122,0.7792637889276328,-0.1358307588250118,0.5597542813954687,1.0,-0.17880183041921968,0.6664140199598055,0.2915361492347596,-0.014511539084643879,0.8728228009000807,0.42430664582510264,-0.11313500414854274,0.7237555181476201,0.4876348832815157,-0.17870262185471103,0.5982231135235412,0.45306388168404416,-0.2105646531342342,0.6553361561056049,0.10119174811481182,-0.046132721739624384,0.876489942800213,0.23710119037394575,-0.13824090105150924,0.6972996719171376,0.32416544995448066,-0.17237912528154511,0.5755038047305769,0.28688046446914134,-0.1780686790201438,0.6059701633543466,-0.09938196746654757,-0.0917840671370169,0.8153500695673085,0.016731538897572874,-0.17799702898664846,0.6492810519264133,0.13319820670938043,-0.15784408826486615,0.5376976656303142,0.11276740470996445,-0.12456145604403718,0.5207034886716938,-0.3169933181029596,-0.14321703559983703,0.6803846814504354,-0.20693817956954155,-0.19482262331476566,0.5774451620660632,-0.07077314186577804,-0.15924522538976094,0.490309961007953,-0.051356133088273186,-0.12119359313457775,2,Bright_Down
0.0,0.0,0.0,0.14119178481303202,0.3153588849990891,-0.03766160872138811,0.3663805548302829,0.5791360873817248,-0.06621947591450407,0.4957005947381817,0.7931329870878085,-0.10950130374625162,0.5133176499061822,1.0,-0.14409470215572323,0.631462754710454,0.3018636620429714,0.005272085244860514,0.8259879473936551,0.42045944067119984,-0.08529291268797544,0.689514837543678,0.4708997231833455,-0.14151049019203496,0.5842378597580666,0.4487938515002621,-0.16717689677447062,0.626370354245081,0.12236032728686137,-0.02456318908453815,0.8252487173635532,0.2562056848367742,-0.11324833145290884,0.6493233151441531,0.3211661814099432,-0.1420153607906074,0.5444309145472446,0.2947804703844325,-0.14259110646588155,0.5899922130929214,-0.07249123808534161,-0.06899004195655205,0.7733516781639735,0.06079279132338617,-0.1578102986104444,0.6048151234362884,0.1526168019619849,-0.13952493987013448,0.5011645832524938,0.1339729470746813,-0.10470542355610378,0.5221343162549712,-0.2830488108853595,-0.11820383213985347,0.659515350532489,-0.1487194023548817,-0.17217840409015142,0.5517625440562025,-0.03247745315524291,-0.14150194037851954,0.4706307328965913,-0.019230174791072155,-0.10509128527207766,2,Bright_Down
0.0,0.0,0.0,0.11482106833219852,0.2997124824040687,-0.042216425448366963,0.3157310711779358,0.5702430209005002,-0.08141361771226653,0.4278973578326308,0.7922022999508406,-0.1329119763486044,0.4247808165018576,1.0,-0.17640606574590637,0.6033429183083469,0.3488310477219699,-0.01360905106558966,0.7689417212627223,0.5041342327002755,-0.10991885818972996,0.637488125615086,0.555751918815135,-0.16956262545526765,0.5472614764090278,0.5207616952997219,-0.19872708026549749,0.6071417718465733,0.18287011757421628,-0.04492012318168498,0.7769309941942527,0.3610379628952576,-0.13614250346525208,0.6036034346371495,0.4209630494148512,-0.16609365111406849,0.5188561750441817,0.37429770590523725,-0.16953336484998976,0.5786976937499189,-0.0015425225641011032,-0.09002671131676475,0.72861407845435,0.1659384554705422,-0.182820172436048,0.5615990542909065,0.2541762540157658,-0.16576864868458754,0.4762802731527952,0.2215686628295112,-0.13298651274507797,0.5189365774105437,-0.20414065855868946,-0.13969098989070533,0.6330523840409533,-0.0434527308473808,-0.1965878906327179,0.5188074271527654,0.06606257266680404,-0.16498949356784742,0.44409495266231547,0.060868073328224304,-0.1282710544246834,2,Bright_Down
0.0,0.0,0.0,0.04864809280284792,0.31450409522080786,-0.03892110575303247,0.13886822317156694,0.5822139048036217,-0.0830258610198077,0.2017098999154339,0.787126635822906,-0.13496253700096056,0.24265472230815183,1.0,-0.18997051318666852,0.4203361452912133,0.47649320815163837,-0.07934003091274082,0.29038699005744645,0.6169419681091763,-0.18397585729855825,0.192984280135658,0.6779721633497835,-0.2659566868985694,0.12842315889763525,0.7182477289725971,-0.31952020223508826,0.4350373531065189,0.29054919108275007,-0.11107200905792806,0.23689076258059275,0.44153192761005167,-0.20647446751131432,0.12752366757254946,0.49146285724349725,-0.2614873349385362,0.06817769278557678,0.5069236544487538,-0.3011031777177357,0.4009362209092745,0.09459387675505912,-0.15024825261569252,0.20255754940668796,0.22092432995495015,-0.24295851315144448,0.10312292366353883,0.25587197538407697,-0.25973325228759764,0.061367948338831406,0.2700942498742303,-0.26571555135504116,0.33872914502447643,-0.09497225112581999,-0.1946397225177441,0.19977740678909292,-0.007034581769911454,-0.2567897723853273,0.12312165673433943,0.03712613870943093,-0.2607507370468086,0.0871286526832907,0.0601717512853224,-0.25824801925642404,2,Bright_Down
0.0,0.0,0.0,-0.03350177967004608,0.260319197152918,-0.03790589722071001,-0.09674181045800874,0.58069540128579,-0.09684469048032095,-0.1103506360805763,0.814680260376248,-0.14705281947281484,-0.0651598899259631,1.0,-0.19212231730085916,-0.12105657227186542,0.47926969041128553,-0.17488535226548152,-0.32774527422571126,0.5718764102717888,-0.2619177424066044,-0.381175847589345,0.5830254658971139,-0.3058549542723067,-0.40211388084122235,0.5914387618694447,-0.3284028459136966,-0.15463210359461899,0.3050699933660084,-0.19819386115822418,-0.4541341519401073,0.42768668737564314,-0.2840087395118825,-0.45006769304586525,0.4177588615963076,-0.2872123954971156,-0.4007001652768442,0.3891761343065138,-0.28245992432913564,-0.19967498073314263,0.12761766558099358,-0.21592672986833583,-0.4786669992195734,0.2429791474211424,-0.27564185831933413,-0.42282834296737154,0.2236832770016991,-0.22473202196998487,-0.335925002980542,0.19024610621749594,-0.18260675411739163,-0.24340105563605255,-0.04285909679703277,-0.23461686150711217,-0.4558154458147217,0.07323819492037625,-0.2502899867461955,-0.39612829423032897,0.06552023684398514,-0.1939505963907662,-0.3102216377352952,0.03333452798820364,-0.15238995534383895,2,Bright_Down
0.0,0.0,0.0,0.053262148024617595,0.321901224438836,-0.042467657581804055,0.08673603865251284,0.5971621497091252,-0.08204954483969325,0.1307995366613258,0.8074996754845685,-0.11944044974973558,0.19271014479829013,1.0,-0.16144973875624274,0.032284083286018485,0.421009475850602,-0.11809546798453019,-0.013145352195854724,0.4680193758007604,-0.19039690231796558,0.03618099340366648,0.4663197571930951,-0.25219797101416663,0.0786969739307588,0.47769984452985886,-0.30168225468227106,0.02774359218269575,0.20898967198673796,-0.14551782704822142,-0.021897112258558043,0.28359824692304875,-0.2048342470583879,0.04505859609174423,0.3098000192232042,-0.24404973843420452,0.09678090600744949,0.3207948993110364,-0.29078782574520523,0.032527345998848586,0.02042316812277484,-0.1720646756813426,0.01027078954852224,0.09185595082030565,-0.23247474056461118,0.0692221142155595,0.11904266461354919,-0.230172631808838,0.10119728853732225,0.13821781079412643,-0.2390522162705437,0.041383892342129434,-0.13357179024511567,-0.20203341258305751,0.04145845657488082,-0.10194218769972563,-0.24909988597725113,0.08307149149274126,-0.06761650599436977,-0.23860501666531303,0.10704872289552982,-0.05963268321249469,-0.2362857996293924,2,Bright_Down
0.0,0.0,0.0,-0.015510541304292195,0.2900868967584621,-0.153141199134328,0.055902874502363434,0.561188990396391,-0.2505305126974607,0.1498151296139912,0.7979883235908065,-0.3213487935527558,0.2639865761507332,1.0,-0.38597943663263723,0.27874783854823554,0.31039141926497843,-0.31018400410466174,-0.037373575635274894,0.2760895361972341,-0.41851797719116,-0.03991445586251522,0.3231607462080916,-0.4675736649623697,0.03513041825234058,0.3584084403548985,-0.49974648605448313,0.3017731033146525,0.01809265819267903,-0.28206433004975995,-0.08284035782308449,0.05145618787539802,-0.3509265930212123,-0.0549711014356061,0.11671715233071217,-0.33590160609045555,0.03194846879649635,0.1399219866711998,-0.34255843883704384,0.26537049019715364,-0.20984444858760778,-0.25899887050592224,-0.08305531488650779,-0.16865224114673014,-0.31139386873289204,-0.05903481353937041,-0.11091243424251397,-0.24690457454514092,0.04317975601642155,-0.0873493381296542,-0.21341115669127517,0.1974191991752668,-0.40507854340999405,-0.25718317790914585,-0.04401998954460542,-0.35385661486493897,-0.3073190432027194,-0.04092607012425834,-0.3063483254917874,-0.2823104156743235,0.02314663508113898,-0.299546323612741,-0.26225203362835636,2,Bright_Down
0.0,0.0,0.0,-0.028013629090954676,0.28891407377802836,-0.15050977016695896,0.044928064624014295,0.5666076227933726,-0.24291657832501248,0.14331200162610677,0.8073899210332345,-0.3098803596918525,0.261763791574779,1.0,-0.3705744480564885,0.2755764463448191,0.29255550231044164,-0.3050057330315514,-0.041247237028791316,0.28640686069013727,-0.40362806048044564,-0.03263107986115412,0.32399296965511043,-0.4441591374612895,0.045807380071267535,0.34577886052239276,-0.4707820467925546,0.30016116306033414,-0.0018429508584742384,-0.27713005662500856,-0.10519191596896249,0.05737055728929672,-0.3334165054218224,-0.056547504897646754,0.10742109703407138,-0.3122735729346536,0.039748580253279264,0.12174205940990651,-0.3154767615127459,0.25590079315984515,-0.22850650539714926,-0.2532011141779358,-0.09788159895126858,-0.16583468481570565,-0.2959922833257236,-0.05866550300141762,-0.1291768416487493,-0.22139161297454812,0.04874320720608859,-0.11957749877736053,-0.18019694533922165,0.1770561050116354,-0.426829000754701,-0.2511794311126529,-0.05698029763305653,-0.35900858824949816,-0.29972842257872634,-0.040100187041081134,-0.3207064311657332,-0.2685982007664799,0.02714834209788369,-0.3249010882050996,-0.24119102249601815,2,Bright_Down
0.0,0.0,0.0,-0.00909996172774762,0.2968823974616396,-0.14574775181627647,0.06803626584955952,0.5604628956294037,-0.24007301215504667,0.15561331803233783,0.7937596959090194,-0.31203081277232386,0.2613944440310554,1.0,-0.3794269966937682,0.29716106452002117,0.2961288105867394,-0.2896297054858028,-0.01818687946552844,0.2751674151644091,-0.4107430596855674,-0.026710534000197437,0.32475770047500874,-0.4795723778910345,0.044698492618732176,0.3618966079993454,-0.5229765139030895,0.31772550761131635,0.0026337001560239074,-0.26648753651929297,-0.06562164543411436,0.05180124160997225,-0.33779965963321357,-0.04641525957095353,0.11983276419045293,-0.32913600454713954,0.03214187354978253,0.14737989227443013,-0.33980565482887487,0.27874828686461317,-0.22438790335944997,-0.25019785351493007,-0.0689437125152044,-0.17214583417946336,-0.30275514627631606,-0.05002696252017001,-0.11437444729798195,-0.23997073541553426,0.04621455999805526,-0.08919939843489907,-0.2064350818923674,0.2096278875762221,-0.41623327515911446,-0.25532262224350566,-0.02720828079915783,-0.3555486317002752,-0.3013097832516994,-0.03152821311270808,-0.3112429410521342,-0.27202899031940747,0.020416512386898972,-0.31064291751366135,-0.24844410388660965,2,Bright_Down
0.0,0.0,0.0,-0.02673947630625329,0.2776615954131308,-0.1498986935827761,0.03707722153283144,0.5419546033891752,-0.25075745318568127,0.11695417546664771,0.7843707733660443,-0.32918865827449284,0.21682079309363247,1.0,-0.3997934300350006,0.26862056332440715,0.2877286346912406,-0.2852447185708626,-0.05492051213192729,0.2804054778111022,-0.40909143139946214,-0.07428044647207004,0.33911040732039516,-0.469177112277424,-0.0032119361473422845,0.38576561381423097,-0.5039251766651647,0.2843301387058731,0.013002228217772435,-0.2621949593078502,-0.10395539939699602,0.06604721704360049,-0.34264013322635334,-0.08349940802851705,0.13561059078768384,-0.32632251229724507,0.00680130715588592,0.16493457532033418,-0.3249915653571932,0.24510855783203947,-0.19783067012092442,-0.24862587758068871,-0.10447638608421832,-0.14118523464466537,-0.3101954427524266,-0.0811464814052199,-0.07970218893520362,-0.23843963131278448,0.021362180250174296,-0.05452006294992098,-0.193355403933021,0.1789216726290539,-0.37459892152015917,-0.2566620468872658,-0.06282880811853181,-0.31299807125607704,-0.306645555688014,-0.05842012728933158,-0.26352778180927944,-0.2732260828684303,0.006200633382876453,-0.25494013184041353,-0.24325909978841512,2,Bright_Down
0.0,0.0,0.0,-0.03436127162740632,0.29321603162810594,-0.09318162132765938,-0.06380100994084353,0.5619565818913151,-0.15572077868568718,-0.037908766975834764,0.7807322716271196,-0.20599117413163445,0.04835770635443814,1.0,-0.25663065231835164,-0.012388707082460343,0.2919515267391172,-0.21461704727799502,-0.2827252288223388,0.3487077247485399,-0.30598621718644886,-0.22786234731676938,0.36334386705093086,-0.37132703422864866,-0.13655276469227084,0.3768362202371821,-0.4221195218079705,0.0012303833284922773,0.03703192889181487,-0.22334827791078365,-0.3366241045599308,0.10374932867980241,-0.27781942454718633,-0.23832935105092973,0.1418011768210806,-0.2857895508342358,-0.12788904241998136,0.16235812670912458,-0.320593721750566,-0.00451838277566565,-0.18136297569828053,-0.23443934419807974,-0.3007107320336364,-0.11775809304634138,-0.290408739165465,-0.203946860974139,-0.06991436061786978,-0.2516846747772201,-0.10319535510938828,-0.030708687607364636,-0.24325799340865306,-0.01996398024849098,-0.34777812727686147,-0.2587508843679019,-0.22472029639306432,-0.3355904219919479,-0.3208338271431776,-0.14556515770039033,-0.29334190864539983,-0.3104572168707528,-0.047702228309941905,-0.28623344136582585,-0.3091820669150965,2,Bright_Down
0.0,0.0,0.0,-0.031380408928319524,0.283748318712123,-0.10618253654087391,-0.07632928241306537,0.5589200091065395,-0.17619501263969942,-0.0610733146267506,0.7856599936589433,-0.23329570415008605,0.01720549353393792,1.0,-0.2918034572790623,-0.033620170705714915,0.28103339669734306,-0.23536733713978253,-0.3777727806650847,0.37621684737747024,-0.3352097011248154,-0.3000177381981622,0.3802089196599294,-0.39846404593583373,-0.171775314294334,0.3781722393008636,-0.4506292933138627,-0.03019180998059972,0.02477090488554672,-0.24450631522402919,-0.4131209591476726,0.14733682603576412,-0.3109239080248348,-0.30684876021168517,0.1560173694671138,-0.3082866430035839,-0.18534880700142045,0.1518663517554531,-0.3367140958681632,-0.0427367665359813,-0.18447949562062044,-0.25977986407879805,-0.3833800066762667,-0.08096272324639754,-0.32369233794288993,-0.28293180291325465,-0.05937491707043182,-0.2808582906587198,-0.1657744958231432,-0.036734551356273806,-0.27334069911495185,-0.06894516382692546,-0.33886090040211236,-0.29076353795294624,-0.3009769976074383,-0.3294472246703419,-0.35895353640259975,-0.22545585074214108,-0.2988646156467668,-0.3573229141270543,-0.12744881412463388,-0.2859693645953945,-0.3679304962989081,2,Bright_Down
0.0,0.0,0.0,-0.01888004222005352,0.3130108783796468,-0.05931765438705441,-0.031085201855376752,0.5992053597892594,-0.11212514797723698,0.006766630822278376,0.8177856205922177,-0.15803120181415092,0.0869297364498826,1.0,-0.19985901178900872,0.06902613872915206,0.4349400556147674,-0.17383956195586095,-0.2223699653815656,0.45267866515039706,-0.2679725761445805,-0.18977554467914426,0.4325456116976623,-0.3191128652810868,-0.09588959963660294,0.4546899874645996,-0.3553026204666469,0.07212759932407725,0.18634569413887406,-0.19906989762485236,-0.25811423263704264,0.2610776742694315,-0.2673366346053941,-0.21132950599523173,0.26165936338356927,-0.27340249529772576,-0.11367606632207757,0.2675920635394884,-0.3002019208268447,0.04446537350125817,-0.024107708729223454,-0.226580801651701,-0.23665228396264604,0.06263575500206367,-0.2846076949902766,-0.20269353788342898,0.0667149821170258,-0.25600797470341924,-0.13102970342580517,0.07513281681102692,-0.25279291947864796,0.011082764049180228,-0.18467280912744252,-0.26026783942368364,-0.17494326548106087,-0.13762923082984033,-0.29386081542186876,-0.16621766436485233,-0.11824496990948653,-0.2727927297686755,-0.11803186017039789,-0.10764064515668458,-0.27155473999635654,2,Bright_Down
0.0,0.0,0.0,-0.016624455439548894,0.29428438612052105,-0.07719365150769374,-0.01194975498490251,0.5695657052480845,-0.14308817015573522,0.04092173646658189,0.7842923177941398,-0.2012187552769604,0.12382820802357654,1.0,-0.2523992188108535,0.07162788102014621,0.3339017897322823,-0.22345007577000653,-0.20482567534994947,0.3742007473346371,-0.3444948511362231,-0.18150204288090735,0.36855952257974123,-0.40519352709292183,-0.10144497757639875,0.39330236655968404,-0.443430383134233,0.06501597614798509,0.065507846776214,-0.2511035686451551,-0.24489131351127355,0.13692259375226343,-0.33616214117544213,-0.20833793441645798,0.15999361191555855,-0.3355462268303929,-0.12380564787406212,0.1879589951471931,-0.3576072330368088,0.026745354093420392,-0.16251827075266595,-0.2832256223193129,-0.24888267891089097,-0.09291531157347543,-0.36062138774956465,-0.20946801980068702,-0.07730205546709602,-0.31632000730588966,-0.12917466661442212,-0.0585527901561756,-0.30191824607063833,-0.002999015665055397,-0.3363758366550185,-0.32352378215322275,-0.18571663502308852,-0.3214135595997592,-0.3757795447872033,-0.14218059280948667,-0.30999515550473583,-0.34621446884855267,-0.05560275376309231,-0.30258355270110293,-0.33800917920591733,2,Bright_Down
0.0,0.0,0.0,-0.028460599325178124,0.26998832552808955,-0.15001453109588878,0.06247472089463322,0.5553650476462715,-0.23592979500039854,0.15840041034299437,0.7950005476582933,-0.2936845529487904,0.23979098153723677,1.0,-0.34348499160972584,0.2178793067981759,0.3460679470294213,-0.2918592813236345,0.06290136006262005,0.34435150579315615,-0.4174027987859195,0.1061201482150347,0.3498315616810171,-0.4908725279755723,0.18117818663660334,0.36648838830843045,-0.5325780427610104,0.2826213330270009,0.09498986164281459,-0.2511557641552149,-0.025552667363038677,0.11297522714461652,-0.32729260593005516,0.082358724196612,0.13789461451534912,-0.32046567797250003,0.20989818898752674,0.12367807309768888,-0.3211521208918126,0.2742245292142306,-0.11927075958869526,-0.21735427759688658,-0.007748429823600599,-0.07106146863253732,-0.28010845449318683,0.06735609276530037,-0.06748793148126875,-0.21628419002498975,0.1774319367601604,-0.08381789961022759,-0.16631905315048898,0.2387969149473313,-0.3079653559378181,-0.20361653646026856,0.048571413305692174,-0.26255379740917556,-0.2771981682682622,0.09782112144389442,-0.24238541252027004,-0.2649712627513396,0.18229594385567469,-0.24025528890978598,-0.23631811478475476,2,Bright_Down
0.0,0.0,0.0,0.10067805162844108,0.27405789535309655,-0.14827068837327034,0.28518853909193154,0.546238348903935,-0.2310591312164332,0.4470506895859047,0.7848281433118385,-0.29652417202011044,0.5378172530214701,1.0,-0.33333459282918015,0.6614324684908817,0.29231387518382335,-0.12635249190439707,0.6795136214566005,0.26123860134211174,-0.2473732001599848,0.4748574261403492,0.26603116698409424,-0.29216571947687636,0.47745270543902224,0.2622369406211698,-0.3145710511323015,0.6637562424738511,0.046628285321740515,-0.10577583482232457,0.655067132441958,0.030875471710274018,-0.22204801144902006,0.4169082285177797,0.10611010493908721,-0.21830504480630816,0.4523169796362957,0.1158446849947525,-0.1988205269202577,0.6115894904078863,-0.1785899394255796,-0.10616749164658786,0.6199784944157453,-0.20498530487549427,-0.22199804413170743,0.40166123118932756,-0.10276691040378293,-0.15322112858248252,0.42580304880865294,-0.062193113056854446,-0.08906727248191115,0.5392216417934497,-0.39316923777635265,-0.12072363248721772,0.5315839099128712,-0.42925070978095886,-0.17558176323891417,0.3918309126123484,-0.3138083145616008,-0.11845997202354788,0.39069950618795796,-0.24772483379363017,-0.0634709309287611,2,Bright_Down
0.0,0.0,0.0,0.1059613074540905,0.2808014628094411,-0.14786963027862343,0.2953088395434672,0.5473652574120587,-0.2337735337444286,0.4513789143668341,0.7841640810321288,-0.3045068892464488,0.5320944375264766,1.0,-0.34854016332982785,0.6560402496622402,0.27634158905489464,-0.1283823288470562,0.695234695002639,0.25971426415996757,-0.24227252380509245,0.4837953556690951,0.2663084588340575,-0.27931181447369025,0.44258804934134305,0.26422245197642974,-0.29513369132384554,0.6618704613628533,0.0329805552095447,-0.11016236902600175,0.6674362952777323,0.007357637825645887,-0.22388310207448006,0.42726871296062496,0.08480993747377646,-0.21648474143268037,0.4366216675611966,0.10563397293683773,-0.19196095208792838,0.6117855136358342,-0.18636515093218473,-0.1126145185361606,0.6238356884639111,-0.23577734559034993,-0.22556768385621898,0.4202869261473679,-0.13416680038505496,-0.16188082632021725,0.4347061094750758,-0.09226258395749118,-0.09947355760455752,0.5392800071148529,-0.3969365915724891,-0.12871200821577763,0.5508602669608337,-0.44884154890563926,-0.18367679428232608,0.4181953861150514,-0.3339895768484413,-0.12663364321221685,0.4055553208829705,-0.2687178190222718,-0.0701381119592942,2,Bright_Down
0.0,0.0,0.0,-0.0761336643135433,0.2729031607161806,-0.09655705543273838,-0.24380268521760054,0.5411519122295294,-0.15968757174056,-0.3660313456417643,0.7799444625011175,-0.22835568223319525,-0.425700526967061,1.0,-0.2772405300711431,-0.5247109284462785,0.44541886654039065,-0.03740777443530261,-0.712874598215815,0.5569731436463581,-0.18263390571836338,-0.5354656268251049,0.5425255190922164,-0.2608847700713436,-0.4294806613031385,0.5068432818175058,-0.29455628481547586,-0.5388956752272007,0.2547515392501477,-0.05236555367478896,-0.7042621918053155,0.3496227385409521,-0.19869864111940394,-0.4753216571179823,0.34282833506983756,-0.23129966263506715,-0.40831174191564684,0.3047900152817941,-0.221295659414945,-0.5142413537547343,0.05064016012044961,-0.09311241141331739,-0.6769371073543947,0.11020813820289778,-0.23558346326488763,-0.4520639195086431,0.14210418356868745,-0.19608259212324822,-0.3700500230187768,0.12813124295546055,-0.13349799498526338,-0.46537345145461123,-0.16055743038595513,-0.14350896963620097,-0.5789780080862331,-0.11196170110013878,-0.22363542303591974,-0.42801305762046843,-0.03113049348748255,-0.18689471629262963,-0.3515357827094312,-0.006674296423358335,-0.13916817037915183,2,Bright_Down
0.0,0.0,0.0,-0.07946821301208216,0.27064424641355084,-0.09749170330646409,-0.24648341329645843,0.5380010294624159,-0.16502295400986636,-0.3654750837393778,0.7806230031338297,-0.2372387975383743,-0.42663615086380985,1.0,-0.28936369354101077,-0.5404577880063381,0.43356240712435556,-0.047196200690763176,-0.7219052104643325,0.5445455904480837,-0.19277770826606067,-0.5359681172431981,0.5306849025344567,-0.2685533114720037,-0.4307680154861046,0.4955513123734672,-0.30038576837494413,-0.5505043898672698,0.23883135205703493,-0.061441593246569254,-0.7101069511221947,0.3369027238709146,-0.21081971130943017,-0.4771479729061121,0.3359781612968848,-0.2410916105316849,-0.4180144031305171,0.2988619853590399,-0.22853349092293157,-0.5203335814971968,0.03351263278642435,-0.100262013370436,-0.6715141081793422,0.09526243434735099,-0.244281473512106,-0.44463878992298994,0.1274286755396927,-0.1992082782671691,-0.3743947555175406,0.10835463536262856,-0.13234313625104513,-0.4682512346966207,-0.17528859135650784,-0.1483127436453373,-0.5745166856576435,-0.12025577724200054,-0.22374499363652486,-0.42070230231794675,-0.043758947807869354,-0.17922106266996413,-0.35432342362505825,-0.03170958712356564,-0.12627674282652396,2,Bright_Down
0.0,0.0,0.0,-0.07708485904499336,0.2730567887172146,-0.0937359712708069,-0.2440246906170675,0.5366908247877519,-0.16112777264171804,-0.3636277150750634,0.7785648871468197,-0.2342550393943247,-0.41838115687838173,1.0,-0.28790105662446447,-0.5313477745732955,0.42775240511749496,-0.051830202175920256,-0.7180408234150104,0.547794068352308,-0.2012750459834836,-0.5335654436923808,0.5374614754480405,-0.27930051225267244,-0.423958105208181,0.5019063015642655,-0.31168106193239803,-0.5411938423713991,0.23765187149352354,-0.06952611299731552,-0.7078033646850452,0.3430689433317435,-0.22134449925142763,-0.47382565162120766,0.3409899317396337,-0.2499858582058626,-0.40982078381620846,0.299954007841014,-0.2352430407828154,-0.5097067717867368,0.03422553013891079,-0.1115308438474128,-0.6678308365401212,0.0971405050879757,-0.25570750306083834,-0.4419161171976409,0.12695921595819373,-0.2079451327982063,-0.3685876746547449,0.10648844864680682,-0.13866295206753754,-0.45485798298098573,-0.17433944001087978,-0.16291630043930655,-0.5689983478152235,-0.12720162719875402,-0.23861229631214345,-0.4194687086248813,-0.04541731020572606,-0.19297949762435657,-0.34979111983138905,-0.02478043053853817,-0.1388504669522049,2,Bright_Down
0.0,0.0,0.0,-0.08062429067785094,0.2778923491133433,-0.08860567073298203,-0.2420059912137088,0.5421736873566337,-0.15630601084610782,-0.3575591811511747,0.7836662340647729,-0.23140313096362697,-0.4172937551155723,1.0,-0.2883854499295163,-0.5315795483857385,0.431472861656211,-0.04546723481317422,-0.7187747804224641,0.5559889489815426,-0.1953021423091663,-0.5470147811199576,0.5488500608073955,-0.2736662112521426,-0.4379567864519549,0.5176122416908433,-0.30557377295320154,-0.5410069806762412,0.2445037833704373,-0.06544693387238737,-0.7035480514520517,0.3552724445636232,-0.21909942859174514,-0.4747444632734602,0.35349107176463507,-0.24895487360214694,-0.4130766840905355,0.3177138035445852,-0.23395972096909845,-0.5113775432196086,0.04142281862639294,-0.10957690566643201,-0.6627716901861606,0.1130141435939159,-0.2535518180703964,-0.44098173906811894,0.13908636436420813,-0.20716014263367086,-0.3711781664130101,0.11548142041142333,-0.13845249064123186,-0.45855262024691695,-0.16843627280755794,-0.16265369315824763,-0.5657616192736158,-0.10457011329803194,-0.2365524881319566,-0.4164701599322751,-0.03322450592263394,-0.19063699020987043,-0.35225461573745154,-0.029914601706775023,-0.136251638253178,2,Bright_Down
0.0,0.0,0.0,-0.07586981715419819,0.27593880562445794,-0.08852260019673408,-0.24095551561449235,0.5429044715260737,-0.14960130092371696,-0.3517823725813843,0.7821562544573942,-0.21694313795047412,-0.40138617909191815,1.0,-0.2648756819013692,-0.5210084334820528,0.4435768877239002,-0.037228278346333424,-0.694674678353381,0.5631938709900847,-0.17980407684518057,-0.5131725914626979,0.5417697039620825,-0.2560428067868408,-0.41113818008963654,0.5068433420907786,-0.2894147405608612,-0.5370568974607204,0.2566033741729475,-0.054657829511183295,-0.6832504659937129,0.36226705980817536,-0.19859853284568577,-0.4573227139161784,0.3541775713043386,-0.22904719352161462,-0.4007125294510873,0.3200463057696774,-0.21898318151947624,-0.5125714724874213,0.05447495757535889,-0.09642004847725655,-0.6569612624046678,0.12778290306729864,-0.2341938135240752,-0.4368806627025706,0.15390290357754347,-0.19154264585942662,-0.36955343986696526,0.13569064321733382,-0.12899021794283733,-0.46382011214210783,-0.15333551979554785,-0.14723243146489376,-0.5578900660714302,-0.09084824297098257,-0.22099729115864356,-0.40897891687469157,-0.019695449217306617,-0.1805607071547969,-0.34686841999008394,-0.008933500870736966,-0.13198877586874702,2,Bright_Down
0.0,0.0,0.0,-0.06893671898000175,0.2738603196134367,-0.0913541686604527,-0.2247039209823549,0.541448137252874,-0.15515385974704354,-0.33445306478165654,0.7856994059092317,-0.2245794295741778,-0.3861516863147254,1.0,-0.2739123598543363,-0.5085897965490374,0.4457502754405639,-0.04051773864492189,-0.6831223729196741,0.5730146810395136,-0.1848884077560256,-0.5117878949905442,0.5584778129569999,-0.25852676082517423,-0.4172843576713514,0.5253502477763646,-0.28945539826515765,-0.5238084492398509,0.26333298439668124,-0.05753151174395366,-0.6724792826698209,0.37815487313018536,-0.20425641609456688,-0.44661948290931264,0.3638426199584661,-0.23040264949056255,-0.4006421688063588,0.3224247796005365,-0.2154751995843889,-0.4980857585997736,0.06267320160243411,-0.09947004080672027,-0.6364688112271517,0.133812818261046,-0.2396615372936386,-0.4182335907315739,0.15402210085355755,-0.19279712488311107,-0.3605629288447125,0.13253188643720842,-0.12575334806382954,-0.44765668143692533,-0.14243949344427428,-0.15093615325960075,-0.5433873474734165,-0.08565559033081911,-0.22320776377358445,-0.3965351635165209,-0.017170817445746098,-0.17981504904852041,-0.33857845715256407,-0.008041945110802013,-0.1287463809271849,2,Bright_Down
0.0,0.0,0.0,-0.07170800418016118,0.2747510169566216,-0.08601679283682721,-0.2283604851125878,0.5436888453546432,-0.1492326425336345,-0.3368804537941388,0.7843292144296087,-0.21875961781461126,-0.3889862115762228,1.0,-0.2709456108929762,-0.5131529348681726,0.44017268474540233,-0.042290455248125865,-0.687948262209688,0.5699530783353287,-0.18491793122165714,-0.5211930557923015,0.5692115425118144,-0.26011751817235973,-0.41437723513554614,0.5354299729477333,-0.29117111408215085,-0.5250563971968952,0.257314198883987,-0.06305974278828447,-0.6835001040390506,0.37248220477822985,-0.20917519860561026,-0.46078700020173746,0.3725982381734441,-0.23828899989028385,-0.3914290421443225,0.328068362057587,-0.22409200223853346,-0.4972832016931999,0.056960138513016186,-0.10732507623687622,-0.648042179512962,0.13411685112418711,-0.247544935215087,-0.4286318003574632,0.16226773638607545,-0.205836860759691,-0.353558616361998,0.13602315933572678,-0.14124405237848683,-0.44542515090417806,-0.1530569251594112,-0.159918388274876,-0.5451308086312361,-0.08215713901804679,-0.2344407438838384,-0.395620405096043,-0.009647257421778115,-0.19315449256247905,-0.3291081185015883,-0.006010804632416666,-0.1426912862976902,2,Bright_Down
0.0,0.0,0.0,-0.0800314015993776,0.2747972824685464,-0.08853766573636088,-0.24500075804689989,0.5443494778651906,-0.1512294713400612,-0.35165416929529164,0.7864840611170378,-0.21978117019198024,-0.4088029036450373,1.0,-0.26918168899266365,-0.528534411008228,0.42660628324323724,-0.045354978620672254,-0.695823252269793,0.5713570725242301,-0.19256671301597542,-0.5231554254339512,0.5784722575639584,-0.26794544839743306,-0.4244979419640147,0.5453726544689932,-0.2993852435231221,-0.5374909938586998,0.2415176899126203,-0.06674762493626026,-0.6883377391808676,0.3738562480615391,-0.21862114771837027,-0.4594252862894015,0.3796452511215733,-0.24607862267428243,-0.4018000653168631,0.3251042834611024,-0.22992248805838283,-0.5038273099812212,0.038088202517697275,-0.11267563811400673,-0.6433234099072729,0.12946662198404293,-0.25790082018662963,-0.42027208389066584,0.16532528107216105,-0.21309071280216457,-0.3595862952375557,0.1288932589945919,-0.14583164128532072,-0.44444487121257953,-0.1718839604637732,-0.16759210838731223,-0.5320554615065278,-0.09244630003229568,-0.2445867746391603,-0.3848328311872764,-0.00979816961280714,-0.20372974047071638,-0.32948527175154496,-0.010574887618613535,-0.15354948961427276,2,Bright_Down
0.0,0.0,0.0,-0.10096529507135163,0.2811832392235203,-0.08676128725190631,-0.2835327563338685,0.5486322198485057,-0.1498520093831271,-0.39549122505048123,0.7986553309353563,-0.21851938174499652,-0.46802702192295687,1.0,-0.26543652508700055,-0.5780817973998487,0.37503857350448155,-0.0528667495517808,-0.7323250809878515,0.5278618458847079,-0.2057226078766364,-0.5412649556245122,0.5420876002635985,-0.28195346859514026,-0.4452304659591299,0.5098662330293088,-0.3149399503701774,-0.5724382900965251,0.1825485321818583,-0.07314446186343095,-0.6860836480476414,0.3195707544823403,-0.2219332607010093,-0.45350995779695435,0.34007942290075394,-0.2433364932597324,-0.42895057617040044,0.2850134066314292,-0.22875215936307547,-0.5188366363111712,-0.024985395994166323,-0.11842644766265856,-0.6281166401145958,0.06978634790681786,-0.2584105896052312,-0.4095405647997457,0.1262189997785738,-0.20485374106384896,-0.38501838101774183,0.08292786215403253,-0.1375799259692718,-0.4400188058215287,-0.2294241993769251,-0.1730784178057756,-0.5104193583745995,-0.14633775114597974,-0.24161314903704187,-0.372027088835056,-0.05129901916547406,-0.19457647460358266,-0.3440516684663967,-0.06583490231934064,-0.14361607413026758,2,Bright_Down
0.0,0.0,0.0,-0.10039726032057598,0.2819169898336959,-0.0907477049462999,-0.28751994175695533,0.5481223389270669,-0.15607436703008,-0.3944734953651499,0.7984284957212674,-0.22568878121788905,-0.46479358738283927,1.0,-0.27326256750195493,-0.5896776845799805,0.36845913938526764,-0.05578717939149462,-0.7358737405978669,0.530113219026749,-0.20980443172055246,-0.5463562375598938,0.545105820671957,-0.28656339153261023,-0.44690452681861087,0.5118063651421435,-0.3189344723333116,-0.5812965771785639,0.1736998501233681,-0.074275082535436,-0.682133579509844,0.3270159515399256,-0.2246563148249006,-0.4468630437938926,0.34330583052691893,-0.24470197139308458,-0.41729684100182163,0.27993348668883267,-0.22763680979201104,-0.5232477784358727,-0.03299864872888001,-0.11826954499060992,-0.6121564357785162,0.07655878775627428,-0.25927255459502757,-0.3932002518392728,0.12852088544089596,-0.2049897807283235,-0.3710900191513297,0.0775373701145096,-0.13639828525321063,-0.4400738749019031,-0.23556574560085144,-0.17190885184657964,-0.5012929424754458,-0.14326667406337532,-0.2387858665305827,-0.36217621703567354,-0.046899193286861374,-0.1892951227871392,-0.335171206917876,-0.06159877991620209,-0.13611730086322893,2,Bright_Down
0.0,0.0,0.0,-0.1048318403962771,0.281928058161745,-0.08486408323679974,-0.2943504763265727,0.5487915961428321,-0.15096287715845969,-0.40819521222085087,0.7949185990365844,-0.22386675769383643,-0.482627263643764,1.0,-0.2762497751949818,-0.5889382228061105,0.36505675722252817,-0.056818687260775706,-0.7554678300094166,0.5242007691956834,-0.21554900364007812,-0.5732932220949741,0.5592700168043889,-0.293324379132453,-0.46408806137927205,0.5341310643476206,-0.324061480432653,-0.5775885758016349,0.16811747478948452,-0.08030937679457806,-0.6985480459701934,0.31367058050075236,-0.233063840888706,-0.45728564293133794,0.342830880081283,-0.25089663924075695,-0.4189231485120173,0.2870316133269432,-0.2303549785563988,-0.5204401720837735,-0.041980864252038425,-0.12911798600501892,-0.6248475775189226,0.06686928998479538,-0.273099317382671,-0.3983179433530991,0.11976278377206967,-0.2156285149804006,-0.3678006427414769,0.06843569990089028,-0.14302758360517512,-0.4382341528365804,-0.2500115152417987,-0.18695667229680324,-0.511404807821287,-0.15396428769635173,-0.25574261810708643,-0.3699637106984797,-0.05622471280986954,-0.20287341867141193,-0.3376790170724413,-0.06923626197950264,-0.14593005647245685,2,Bright_Down
0.0,0.0,0.0,-0.12526771816601012,0.27691817665876894,-0.09359657040852425,-0.33434597609377786,0.5405933890251513,-0.16276378639167866,-0.4670840058435652,0.7971587419419511,-0.2372749114051956,-0.5631642891353837,1.0,-0.2894140770268259,-0.6362705784597102,0.3164107731368453,-0.061008627449956686,-0.7902141486179488,0.4847403884731648,-0.22789545508009698,-0.5928933445693881,0.5201201789821539,-0.30848891537111145,-0.4846629972796465,0.48498445933004436,-0.34147623428808704,-0.6148632555329991,0.10460638980330386,-0.08385950374914515,-0.7169103173887057,0.2695347976485328,-0.2489507923749485,-0.46131158872458605,0.3065812669963194,-0.26830559954601413,-0.43045523691011006,0.23470781820679068,-0.24716923414272826,-0.542104932092467,-0.11237849170335779,-0.13376355692737885,-0.6184819122527575,0.01369388284457516,-0.2891629090323368,-0.3863535649069456,0.08577724199460547,-0.22925349677899035,-0.3714602952550599,0.027206361673902016,-0.15340747674774646,-0.44612901500682384,-0.32003850005736606,-0.19344004465822429,-0.5034510346978763,-0.21119185029504067,-0.2664189977874318,-0.3563674811864011,-0.10461275072331906,-0.2119029536624364,-0.33465836794341325,-0.13423755774596324,-0.15351335956216614,2,Bright_Down
0.0,0.0,0.0,-0.13719811431720136,0.27838492898429557,-0.10474495320663743,-0.3652858857355095,0.5444484465665452,-0.17449227166281395,-0.5086623980618016,0.8073483354344474,-0.24703808619959516,-0.6173802889629769,1.0,-0.2937344167660956,-0.6805284070138654,0.28704818115752107,-0.05771876785860167,-0.8188634656522751,0.4447558290664367,-0.2221555783771547,-0.6105410527435767,0.4905357133270178,-0.2995359381093639,-0.5095101646580407,0.4605955694556089,-0.3319765541823743,-0.6559197486667321,0.06739866456018387,-0.07347455367039554,-0.7373409705536546,0.2285317873428496,-0.2316219088167585,-0.47975999957050397,0.29090058972733346,-0.24534449000981062,-0.4674637234475061,0.22353120898739967,-0.22335899086953478,-0.5731160864321716,-0.15321721810540515,-0.11887005728621525,-0.6311475889898692,-0.028327337471137134,-0.27157110992973893,-0.40384413589059176,0.06626477063691821,-0.2098111059666619,-0.4055228308864261,0.004253718923155839,-0.13521812361455618,-0.4639818772197746,-0.36000296254648195,-0.17543678162980622,-0.509358864920082,-0.2539021910642375,-0.2471610629926557,-0.36765616695291603,-0.12720940322990776,-0.19436064211094914,-0.3534867024612563,-0.14910247531251938,-0.13857944861957103,2,Bright_Down
0.0,0.0,0.0,-0.15021088418245276,0.284853243277407,-0.11319551579109595,-0.3868709304363241,0.5464399194359602,-0.19225111791166274,-0.5445283165712009,0.8069939841481426,-0.27419350963815603,-0.669659459496579,1.0,-0.3307503507017051,-0.6986242105672775,0.2656657457095122,-0.07479819456576767,-0.8652274199541734,0.41798076646729126,-0.2545946365834904,-0.6543399311100649,0.4899413217273911,-0.3418182731357992,-0.5313424279441953,0.47966136957341704,-0.37721983690629596,-0.6671338851954802,0.03424505802589617,-0.08886632536610004,-0.7672262352487258,0.1991541233624779,-0.263536899106384,-0.5010373166955722,0.27757613029623485,-0.28387064942653173,-0.47133117095340304,0.2113882799618188,-0.2629271083475443,-0.5788278028851571,-0.19171448853050999,-0.13320765596988016,-0.6463056545141525,-0.07192189591530958,-0.29842484359665167,-0.4086623383460769,0.03643185438449109,-0.23470337044162437,-0.3938781910173486,-0.02093441671060352,-0.15486497222544793,-0.46508794110757495,-0.40110888735099304,-0.1890769504419245,-0.5251431985368455,-0.2980574442256292,-0.2654573243133959,-0.3786459004944072,-0.1596147698026771,-0.20704909485797635,-0.35405804853222933,-0.17361148731909906,-0.14491796414081246,2,Bright_Down
0.0,0.0,0.0,-0.1539691227595022,0.2817500685588964,-0.10733008101361866,-0.3962833841552241,0.5401420361620962,-0.18318671640098366,-0.557110032655304,0.801914312895126,-0.2627973446597337,-0.6775250030739808,1.0,-0.3184876512561252,-0.7018573388475787,0.24628306322785226,-0.06411863804612533,-0.8654680008351663,0.4060872748773145,-0.24029630856773804,-0.6719557175602522,0.4770054279516162,-0.3290345517710312,-0.5530112237740984,0.46861500205834006,-0.36634811656557537,-0.6702050902101672,0.021387606892412432,-0.08131756459440796,-0.7595271065955861,0.18695806536422174,-0.24907881646538307,-0.5065955609074215,0.266970545034102,-0.2709901170480991,-0.48525477165514075,0.20535727208210003,-0.2535599694076641,-0.5814066259294466,-0.19907024194022369,-0.12883170364758162,-0.6392452895727676,-0.0704850899030837,-0.2911294737812749,-0.41349390105846884,0.0420822623693275,-0.23279470990893755,-0.4078543890845427,-0.014053975956624715,-0.15862257352814502,-0.46595961122732316,-0.4002018444388258,-0.18734241123202672,-0.5206937115728801,-0.2892232714379799,-0.2651895121188812,-0.37523331734569654,-0.15300269088162272,-0.20994037053667403,-0.35242305829186343,-0.17205696699973055,-0.15065139834370933,2,Bright_Down
0.0,0.0,0.0,-0.1539931756386474,0.28659077791993104,-0.10929533497277552,-0.3902576791646009,0.5395660759018067,-0.18701651829573618,-0.545557107688382,0.7994162172262633,-0.2692937326091133,-0.6611797013174041,1.0,-0.32590834254909246,-0.7072800554950274,0.25067133512054646,-0.06470764317260784,-0.86606060651725,0.4224095581243605,-0.24399514482394657,-0.6652222789830666,0.49641678332778283,-0.3331202347999312,-0.5512286713592314,0.48248450755446654,-0.37060254726687303,-0.6790407819132825,0.0290577850512028,-0.08099196998396946,-0.7594339788498042,0.20786248203619734,-0.2504743418488746,-0.5022076452336713,0.28647926546444186,-0.26947544265764134,-0.48922875072395194,0.21024216788250405,-0.250068099964294,-0.588985934863666,-0.19042032661094058,-0.12824131528781327,-0.6445864470172679,-0.05589335792635054,-0.28786862477606656,-0.4107257401388079,0.057074410453237856,-0.22266812086032173,-0.4035819106704862,-0.011005827279261847,-0.1443564112739174,-0.4705978825693474,-0.39104781021182844,-0.18803686354231686,-0.517131477705797,-0.2801966436760131,-0.26126984320033525,-0.3756942529393829,-0.138281598083995,-0.2042070800221499,-0.3570021031650952,-0.16239152023122258,-0.1440459062229557,2,Bright_Down
0.0,0.0,0.0,-0.11958371914538742,0.27877486459367806,-0.09069841440495958,-0.30145535357170755,0.5323026807754694,-0.15906868889275003,-0.3971123464557553,0.7859972438638817,-0.23267008802239833,-0.44751669091771007,1.0,-0.28745141288364584,-0.5864300695927728,0.3472718079773958,-0.052550569099534095,-0.7149954038285538,0.49177400579115366,-0.20378459972590485,-0.5322852227100782,0.5182872115866046,-0.281300270577807,-0.4343752441051611,0.5072653529696282,-0.3138311931761311,-0.5809730812299162,0.14719667114980833,-0.06777231646610803,-0.6612478398441846,0.2883748980773522,-0.21252889423988686,-0.4337655547445762,0.3210480031890066,-0.23485031781530313,-0.4137042232179288,0.2751013966676134,-0.22118124014504167,-0.5254862015256111,-0.0586164617470286,-0.10795389349568088,-0.5952045380226593,0.047025313523353186,-0.24577576538526352,-0.3824057169344801,0.10796224312862857,-0.19512012550128358,-0.36226448118546534,0.06294270464377824,-0.1298003122085783,-0.44234037452921976,-0.24833840624425757,-0.15747608806850552,-0.48691775393483533,-0.164656527111816,-0.2191381568850658,-0.3540424038502644,-0.06728215300024687,-0.16846186948144046,-0.3268008833781088,-0.07963373426451968,-0.11543444370004095,2,Bright_Down
0.0,0.0,0.0,-0.07047151527440589,0.2589088255722039,-0.09108574396837527,-0.21263600188634715,0.5317685850839748,-0.15786177358200643,-0.29660937090490397,0.7916751679896478,-0.22821167173440426,-0.3335012563728371,1.0,-0.27998236234191826,-0.5078278779730265,0.429262191738523,-0.052281833179260384,-0.6346831471035274,0.583858311938045,-0.19464035043740177,-0.45890127429397654,0.5655816945236616,-0.268589502780128,-0.36064946882331733,0.5226273315886164,-0.2994278766092066,-0.5264182204981656,0.24809356517510342,-0.06495926784072123,-0.6143912428730868,0.37908478928568273,-0.20908871694237152,-0.38303217265208883,0.36272775307193994,-0.23358065158826705,-0.3402521832449126,0.31561387685148296,-0.21759200311562352,-0.49720287192569373,0.048488566439258904,-0.1005517721033021,-0.5754421073577215,0.13790737463300579,-0.2424591616180052,-0.3532414335060522,0.1575949662632447,-0.19839477130063699,-0.30800002187556924,0.12477982449903895,-0.13169166463325796,-0.4416917219059847,-0.1474651053119351,-0.1441590037773595,-0.49394635689738803,-0.07377115041515203,-0.21627016132731255,-0.34876367275662884,-0.00364238744914456,-0.17247036811454444,-0.30578722391033375,-0.0051117315733035604,-0.11945934324833249,2,Bright_Down
0.0,0.0,0.0,-0.06297474130547716,0.2682012213503404,-0.0798693065008799,-0.19794869634808981,0.5499916996409785,-0.13911851967020475,-0.2641991887947631,0.8036826752098422,-0.20404816844939125,-0.2920165412527843,1.0,-0.2505038919185944,-0.4884235801224158,0.4502136413303369,-0.03993861436966154,-0.601818150283575,0.6251964624778348,-0.17712342720585705,-0.4374043497184898,0.5995217176209602,-0.2461864663678594,-0.35579344412041386,0.5500020234706072,-0.275789841351651,-0.5098869251588425,0.2768451574218837,-0.058245593675958,-0.5878074746178324,0.425713438570323,-0.19234583656469767,-0.36805402418749394,0.3949688674593716,-0.21095684942736348,-0.3494527544390403,0.34180341611392884,-0.19560099166578448,-0.48787879163290776,0.07856042041937873,-0.09954570631926309,-0.5643259241272854,0.19010392792810651,-0.22920717349237554,-0.3535620515844601,0.19331835552130797,-0.17950358612676082,-0.3333242483632601,0.14642855373057778,-0.1156419117130924,-0.4401785692163222,-0.11763776737686356,-0.14926897348510756,-0.4917700494965688,-0.026098434824837646,-0.21234257836406686,-0.34867970607644094,0.029171219475532938,-0.16580182525308404,-0.3190717886076127,0.00783712878605804,-0.11528758497544735,2,Bright_Down
0.0,0.0,0.0,-0.05966123710645389,0.270388013916503,-0.07820808684604015,-0.19237022717966157,0.5548191559214067,-0.13439995675104072,-0.2540721701595782,0.8042021140258703,-0.19629832175595766,-0.2840598446392156,1.0,-0.24054608462805918,-0.4847798715164066,0.46717714948599415,-0.03176313339096294,-0.5889240852104989,0.6410330562899469,-0.16657938089292615,-0.43281488538899937,0.6186381882812588,-0.2393514945818104,-0.34623908241759926,0.5724685454149984,-0.2718073111143464,-0.5107223857795968,0.29284139495889283,-0.05166487259643151,-0.5784243144631352,0.4503445937735188,-0.18496468921985162,-0.36568338219631175,0.41484464432142754,-0.2099077079409589,-0.3373430589552003,0.3554658628017429,-0.19861299474162347,-0.48962940724152404,0.09341723265006857,-0.09456155433045965,-0.5491674912613388,0.21204071608516148,-0.22393576100911486,-0.340885905711301,0.2107630283405275,-0.18057626275072006,-0.31436775799090955,0.16288149629979096,-0.12051858197046458,-0.4403543867925973,-0.10303930789190713,-0.14581835915119837,-0.4796264356371947,-0.002242795391256131,-0.21051222774093215,-0.3349876285269931,0.050720588520620995,-0.16731279786007205,-0.30161906483305406,0.0302813629350056,-0.11879523016416826,2,Bright_Down
0.0,0.0,0.0,-0.05315743696653789,0.26725559704451163,-0.0818944908019525,-0.18928255280286294,0.5493602012614215,-0.13880131554886108,-0.25611691021266714,0.8001397965021597,-0.20060230762421294,-0.28602962075624294,1.0,-0.24312200284913363,-0.472119075879248,0.4725599553366847,-0.03931321146674628,-0.5914160556160744,0.6437039323153968,-0.17691221619941494,-0.43284390325821814,0.6154120154239701,-0.2464104532915176,-0.3482549224592962,0.5703056859116599,-0.2758518385862105,-0.4959313443844949,0.29942068622272533,-0.05667716045769448,-0.5726710036925307,0.4446171230790688,-0.18754070729989156,-0.35638674429886036,0.4083756524751666,-0.20572378277414446,-0.3379806114694125,0.3598525834092699,-0.19143159303963178,-0.47571625376277454,0.10059248831674521,-0.09782567050470399,-0.5564231165999604,0.21044822304332675,-0.225933981229877,-0.34463477045601393,0.21370251727226852,-0.17703312258739945,-0.3216441825259252,0.1755901807392299,-0.1148028905975845,-0.4287013441689854,-0.09572705769838356,-0.14786714717743338,-0.47819593386543835,-0.004716403806140718,-0.21335908153325736,-0.3332938910392394,0.05094521221377398,-0.16958470456902097,-0.3016591380679538,0.03715525096887759,-0.12111773657542606,2,Bright_Down
0.0,0.0,0.0,-0.0527374078456823,0.2720113538271478,-0.07924252249159879,-0.1851329331893545,0.557038970661758,-0.13268695575351439,-0.2489692265832079,0.8041047603373453,-0.19097625098441154,-0.2809657011280113,1.0,-0.2298690236708792,-0.46154097654667664,0.4815972181478703,-0.035140907177812514,-0.5808513384584417,0.6454456368129251,-0.16979802063013397,-0.4231356593193942,0.6206391773028562,-0.23626781210655975,-0.34169816579447954,0.5761610950092725,-0.26426580546945305,-0.48612187993654743,0.3099393826702495,-0.054635649809654276,-0.5670121817354502,0.450817081809275,-0.18845884058931323,-0.3548590494890587,0.4150619737755156,-0.2077968679771818,-0.33860396507400375,0.36339718607457233,-0.19218258508969038,-0.46727214795117517,0.11549305775570558,-0.0976340591325336,-0.5383407794934686,0.21836640603852547,-0.22590476704477952,-0.33005589960636494,0.221098052123823,-0.17902435912618514,-0.31563454934057683,0.18409651836226398,-0.11761627916237842,-0.42212732617912246,-0.07871657865565143,-0.14935464038132823,-0.45977885069879776,0.010681270748480255,-0.212802253142088,-0.3158864821880368,0.05948473514606639,-0.17016931318304113,-0.2926376536707629,0.041308261602174566,-0.12309496611485447,2,Bright_Down
0.0,0.0,0.0,-0.05628664613461273,0.26974713534909134,-0.08127240382023425,-0.1994594285499593,0.551312071737089,-0.13802792255805585,-0.27208749223029177,0.7976680243915681,-0.19985973023137943,-0.3039926855848095,1.0,-0.24252573723407733,-0.476045352181701,0.4629501295691097,-0.046327905625201206,-0.6102497598641491,0.6280219804039237,-0.1886185287614776,-0.4462901823711281,0.6060917402556866,-0.25930944238833303,-0.3552030879416399,0.5629720529968933,-0.2885376603171141,-0.4947389966377884,0.285693951838234,-0.06686495593430708,-0.5878824962072676,0.4276397861082675,-0.2060339130005148,-0.37211096392274945,0.3976772520490251,-0.22630980654018434,-0.34701070346334423,0.34851117836772855,-0.2109439505655445,-0.47202110264107117,0.08611190072609484,-0.11113110737977731,-0.5619866341407224,0.18633953692022906,-0.24493065675218306,-0.35251117176179925,0.19648841185822108,-0.19765123389158035,-0.3280397131953231,0.16399921306867504,-0.1347892238063907,-0.4246097289236278,-0.11491117192694751,-0.16398642483286954,-0.481861150385425,-0.029940135830292026,-0.2325850006770918,-0.3372196841003333,0.030654401933225203,-0.18930915802372122,-0.3020835720241372,0.02395949904761079,-0.14039567082178026,2,Bright_Down
0.0,0.0,0.0,-0.06407923071456549,0.2752024109168855,-0.07889820359260598,-0.2056637871623799,0.5486740618198225,-0.13515548954894901,-0.2779386148300806,0.796503484657426,-0.19755361785739037,-0.3142207406942211,1.0,-0.24168657794868392,-0.4812361898654891,0.46323312498657204,-0.03574206907301273,-0.6076753566877823,0.6219167351148028,-0.172243215200556,-0.4501659695148253,0.6075496503773875,-0.2393071444513505,-0.3652711372526984,0.5643214503512752,-0.2675715162875179,-0.5002809541201921,0.2900809974201801,-0.05653792248974537,-0.5923182185525574,0.42510537845346325,-0.19159425301615424,-0.37403566629922275,0.39663047178807465,-0.21008666353639863,-0.35481571888722335,0.34353313853847667,-0.1938232546911366,-0.4767968048905849,0.09247398282213455,-0.10091330880166063,-0.5590266013971683,0.1855056389144594,-0.22924346082882724,-0.35251540702814993,0.19755774433505596,-0.18120241084956826,-0.33897796328094915,0.16031996129443826,-0.11931131692991123,-0.4281416454987018,-0.10437610832268737,-0.15389243086341764,-0.4790499123257878,-0.01998916260798141,-0.2144280373565979,-0.3385187272447821,0.03455539423647413,-0.16880070089255425,-0.315482555228143,0.01417589132694631,-0.12027842660200472,2,Bright_Down
0.0,0.0,0.0,-0.06907276271991183,0.2743093719067701,-0.08358860141288665,-0.22048129544943398,0.5529897674844123,-0.1409996889888025,-0.3056340885632081,0.8028143123918098,-0.20298585810845207,-0.35029201572382584,1.0,-0.2444604983355081,-0.5058266550275455,0.44433933374925827,-0.04208927623202073,-0.6443947762878742,0.6004449168425453,-0.18323687589623125,-0.4757838088303996,0.5895077219300442,-0.2510898312927301,-0.3886265709954625,0.5473723455666935,-0.2787653573297576,-0.5174448105317951,0.26397425162102717,-0.059762975185389276,-0.6194236093727962,0.3983860884547796,-0.19907979837451695,-0.3929935709526841,0.38310963603180515,-0.21623994440143857,-0.3745808455135381,0.3312709683130432,-0.19772115969426113,-0.48442441623327037,0.06370163443248483,-0.1016502843078258,-0.5804439892706617,0.1559389166383948,-0.2352543738621381,-0.3640660346471394,0.18207854882014127,-0.18437214552528297,-0.3475207358906363,0.14470131973572248,-0.11863523996014814,-0.4274897151761349,-0.13546488505097198,-0.15242526214563457,-0.48234288562953964,-0.05293565912453309,-0.21762141500948098,-0.3368174458058715,0.01887269944172032,-0.17250125050736048,-0.31056652617552793,0.006780381049918191,-0.12279164350982597,2,Bright_Down
0.0,0.0,0.0,-0.09688664172929608,0.2771323004315832,-0.07306393233045118,-0.269064532663979,0.5555468763192485,-0.12628426718192456,-0.36282599565638723,0.807349715301076,-0.18648741306009534,-0.42480532999527726,1.0,-0.2277364414123278,-0.5618716428105691,0.37793919704717127,-0.03286075308806135,-0.7017006763812378,0.5521712344325277,-0.16809238451938907,-0.5238444949583261,0.5638152107066188,-0.23357025001555723,-0.4282335920217845,0.5202507464052437,-0.2602250744271622,-0.5608733853760679,0.1948673030108416,-0.05396646441593548,-0.6663110721816495,0.3596291315116742,-0.18996919401759665,-0.43074323496199746,0.3624276949709636,-0.20526524494691953,-0.3912426142513423,0.2902657643892387,-0.1854117914915031,-0.512818669146241,-0.0034456931287139823,-0.09785782316490528,-0.6089809396344589,0.12355219716319706,-0.2310615058665518,-0.3889523853101565,0.15970517469505105,-0.17880397386005217,-0.35411807066024115,0.09865154082772679,-0.1103396226429527,-0.4378466270000147,-0.19771783294358478,-0.14907603251135335,-0.5098390401127793,-0.09051426654007329,-0.213826312906974,-0.3645052644652274,-0.001012093371877858,-0.1649443002247577,-0.3215371617480999,-0.019624915363827957,-0.11130334470620691,2,Bright_Down
0.0,0.0,0.0,-0.12136517320894837,0.28069890087415966,-0.09246592023026055,-0.33026967797376583,0.53983158495147,-0.16548597539528892,-0.463681752597243,0.7864765586741442,-0.24475714900013273,-0.5538216106377669,1.0,-0.3027778635022895,-0.6314857196197152,0.32166118010616,-0.07425668661395267,-0.820287155538127,0.4804852627451128,-0.24335852755123044,-0.6293265884132098,0.5230218596203532,-0.3281280421712177,-0.5142440273261671,0.5002686600909246,-0.36301351393411574,-0.6079698115650254,0.11999595661286117,-0.09561089823320257,-0.7490542367379717,0.25672963624526,-0.2585063803109594,-0.49992917036450524,0.3033016460619661,-0.2787457141183666,-0.4535854805814222,0.245003461739801,-0.2601437879275375,-0.5395107407747918,-0.08822042182565966,-0.1425820136967661,-0.6731256883608615,0.0053084700986361305,-0.2950691013604013,-0.4384814126149926,0.08480594087085741,-0.2335342430947236,-0.39172470631500145,0.03504624565406243,-0.15699204798112412,-0.4487892353964302,-0.29122425506924415,-0.19931819347457683,-0.5463952875307945,-0.20888269298964857,-0.27494026295704205,-0.4012857689659248,-0.09129201229339792,-0.22042986636268103,-0.35601062163090164,-0.1015301781154251,-0.1610947871882825,2,Bright_Down
0.0,0.0,0.0,-0.11684258139206799,0.2858845374754588,-0.07785569828906246,-0.31056335735483487,0.5555732061627608,-0.14485500370046925,-0.4311681348867612,0.7979695593215487,-0.22044421489765528,-0.5158801204623156,1.0,-0.27900845819495906,-0.6212292318991933,0.34098348618938756,-0.05906365455232013,-0.7958641471758938,0.5129971708488216,-0.2169238952518291,-0.6209767486858059,0.551660466762611,-0.299765966713237,-0.5012940486231642,0.5236227081116265,-0.3342965672861788,-0.6074609886305204,0.14491012544271148,-0.08778461941570789,-0.7538383336246454,0.2953207368030476,-0.24504831152149179,-0.5069435769863687,0.33643798021741494,-0.2686181736381808,-0.4367322322586961,0.28068698523498486,-0.2504470306569486,-0.5464531015028696,-0.06432676569119097,-0.13954351942011797,-0.6795402704375753,0.042632373589263035,-0.2857925736182315,-0.44724901817856044,0.10616024406479733,-0.23078494370713287,-0.3886837647175086,0.0547087368889404,-0.15837305827055395,-0.45862773353196423,-0.27237247173330936,-0.19935035071307447,-0.5554185068001914,-0.17806208339403937,-0.27151685294432415,-0.40789165318434784,-0.07291200307736284,-0.21809582950875608,-0.35657833640923386,-0.08685584166728046,-0.1598477963264355,2,Bright_Down
0.0,0.0,0.0,-0.11294918598100175,0.30094207040867077,-0.07262388124046368,-0.2448503934407961,0.5645377044849981,-0.13738746851663167,-0.30493983337839037,0.8096035462295516,-0.20847956595952447,-0.3528376646559534,1.0,-0.26328247409888894,-0.5669126918449515,0.38188614258797987,-0.04585515823599168,-0.5891334809553193,0.632764238883466,-0.17166221875963011,-0.4191668506782288,0.6090395421929913,-0.24453803313977254,-0.35927634959582805,0.5516254583951578,-0.2838921473975387,-0.5904593960430979,0.19365500618072481,-0.0688894052813163,-0.5644841519612193,0.4519668944282675,-0.18999846360300704,-0.35770485646066313,0.43135701476151067,-0.21468204970287683,-0.344378429579979,0.35162783162838884,-0.21341728406481758,-0.5439161650201931,0.0007611887628438351,-0.1113178626178057,-0.5257660900053862,0.2257402939920053,-0.2309673180123712,-0.329393628591063,0.24557753146597713,-0.18885579049627965,-0.31767480926427705,0.17104676094937585,-0.13787454884128997,-0.4574390543387863,-0.16434320254410603,-0.16238003926477795,-0.429616299778567,0.005988183362190474,-0.2262401727643064,-0.3060608249358711,0.08500395194924995,-0.1907644762203531,-0.2875487802613033,0.049939637328688675,-0.15127608081493263,2,Bright_Down
0.0,0.0,0.0,-0.08925596935339926,0.3053368363313003,-0.07091378225270377,-0.19829695016061114,0.5719818156628874,-0.1350638106355253,-0.23377940375736606,0.8145674453970494,-0.2058212332618797,-0.2647870573528322,1.0,-0.2607385696785601,-0.5287651187104715,0.4394017195217429,-0.04842979440788118,-0.5211285388414735,0.6864975900276116,-0.17118905610313404,-0.35716463365519996,0.6391702671267523,-0.24142511177091872,-0.31222674360535735,0.5803182500636322,-0.27988310499367686,-0.5629530780309108,0.25992401982105634,-0.0723853104768473,-0.5096517702664823,0.5151491170415333,-0.1938462550498988,-0.30949196461077977,0.4730270566117979,-0.22008418001695498,-0.30890517821874686,0.3959083429184508,-0.2196027090961071,-0.5282172970290969,0.06479801177277955,-0.11455683192495719,-0.4912801609010977,0.2858088711470244,-0.2336611666332313,-0.2969555975474987,0.2834587050586867,-0.19312460243066476,-0.2957661166903475,0.2071679159538239,-0.14310514021213697,-0.45444834024428354,-0.10793325536363842,-0.16513327806948463,-0.411591991352452,0.0519893951549245,-0.22856323331342993,-0.28973595015094544,0.11808804292843864,-0.1951579033638847,-0.2819331409866066,0.07828483586090464,-0.15712944069993084,2,Bright_Down
0.0,0.0,0.0,-0.07467234126799575,0.2873607437318185,-0.07321249023950595,-0.17240206587303114,0.5592114062195481,-0.13937800222784152,-0.2067115877168968,0.8103729643541199,-0.21286040305983134,-0.2234810464484828,1.0,-0.2706461961544473,-0.48826750348977827,0.4444121671839051,-0.04497354743641608,-0.5204907767976976,0.6806337797786359,-0.16840034945612056,-0.3610461776060853,0.6502527668013515,-0.2346834301487961,-0.30130053680392777,0.598806110938549,-0.26789622500978705,-0.5297021780378947,0.273632672669706,-0.06452654125136487,-0.5081090226937911,0.5012912951282328,-0.18442573130015155,-0.3017675999398096,0.4523846062762331,-0.2012980509776808,-0.3020803031906985,0.376428289526164,-0.19257501204781904,-0.5100574427904921,0.08458792234482823,-0.10399521859329561,-0.5047679776733862,0.28398414614435397,-0.2215945334943325,-0.3059958657443448,0.27391729238022844,-0.17401779198370293,-0.2984541405246583,0.1999709405068123,-0.1179210570338664,-0.45235403306030225,-0.08819934613152718,-0.15225918524996707,-0.4384153354454413,0.0638598794658431,-0.2126536106074521,-0.307093115559088,0.12513826413246906,-0.17368800955844224,-0.2858523986878812,0.09241914703914338,-0.13121393280732147,2,Bright_Down
0.0,0.0,0.0,-0.021122181315271465,0.261837265412627,-0.08309560142727843,-0.09666273070804926,0.5495083718262098,-0.14765689729623074,-0.1159075157429342,0.8069713314045401,-0.2171406069354271,-0.10930480848564263,1.0,-0.2697999226600352,-0.39230157529025933,0.5203089473803614,-0.03782665220743008,-0.46152589811992256,0.708201784155015,-0.1648018878567066,-0.32685178537773857,0.6670493284006668,-0.2293095054245238,-0.2658833509932591,0.6134781260646657,-0.2582896253142882,-0.44352819291179785,0.36862424545925154,-0.05244384287088971,-0.4759071896833166,0.5323131464782566,-0.1769029104562719,-0.27812963953618214,0.45466735191565427,-0.19071027080037087,-0.27806540971993543,0.39462936597019876,-0.17389962638773143,-0.45324771583943607,0.18513743658410517,-0.09031865674928341,-0.4819998886290342,0.30905256405131826,-0.21276880547469967,-0.2847290076287147,0.26387680760528165,-0.16391823682967283,-0.2765492324978907,0.21132247914912583,-0.1026700184950459,-0.43442287987836015,-0.0008957800519672247,-0.1376963161362108,-0.447470862595629,0.09696207700762124,-0.19738537164069134,-0.303650286524889,0.11835011476414645,-0.15450757436590154,-0.2795248211410771,0.09239635846405099,-0.10815575672593873,2,Bright_Down
0.0,0.0,0.0,-0.009733552163327133,0.25899074368634384,-0.08230852948636298,-0.08162922337535952,0.5496012564063198,-0.14647876900685258,-0.11436593575782417,0.801804280596734,-0.21707935797017613,-0.11119525130920534,1.0,-0.2717655363118795,-0.36834460826664067,0.5392019885310351,-0.036817193798707196,-0.48127730442848277,0.7092744704628787,-0.17375404956609442,-0.3537313761914579,0.686444445099232,-0.24674147879696823,-0.26543788334917184,0.6337876734688818,-0.2780127936129327,-0.4164741675988075,0.3895903074555994,-0.055972351840653585,-0.49819778198399745,0.53539363134001,-0.18923646128992522,-0.2985021701295839,0.45772141321529003,-0.20877532412109262,-0.2685719900114194,0.3965592902039913,-0.19199226727687568,-0.43315567028336305,0.20636994021259214,-0.09960786019415635,-0.5103961689239395,0.3158147412340065,-0.22856422406347246,-0.3105746685214314,0.268834842048482,-0.18417342252326316,-0.2733100326060484,0.2251234728901196,-0.12280929614660482,-0.4246170940797938,0.008548127070010594,-0.1526768749074693,-0.47564015952385474,0.08787538842306965,-0.2193739028302402,-0.32989830664154046,0.10716255036176955,-0.17923465932592164,-0.2853221776503832,0.09677263014300187,-0.13286980037748625,2,Bright_Down
0.0,0.0,0.0,-0.030958881166435456,0.2657122542191463,-0.08182174140088537,-0.13543948374265768,0.5491723518585006,-0.14103666035505172,-0.20391395893086556,0.7932560275431955,-0.20690190489106305,-0.22007573811352815,1.0,-0.25495818027846673,-0.4147353615832441,0.503141394868633,-0.04108737999952117,-0.5892209204131984,0.6459053537312017,-0.17357029736793853,-0.4304436493283945,0.5899266901040624,-0.24366547120404633,-0.3385786405743076,0.5427913196527281,-0.274326788016674,-0.45534196837349034,0.3407179097280953,-0.058044167970944485,-0.6009015821660605,0.45157197931465426,-0.19007000174741964,-0.3907333080529719,0.3905869425357211,-0.2158320008040818,-0.33305962035958003,0.35969268074696636,-0.2060847718458586,-0.4669669418821723,0.15397831037454127,-0.09731250350921707,-0.6175691787213328,0.2438709045630632,-0.22467320567073001,-0.4097423325956217,0.2110259781456214,-0.18179587132197933,-0.33461363758868223,0.1862236950536966,-0.1219686509292385,-0.4580291888355788,-0.04757677859058097,-0.1450640499349827,-0.5736571068864398,0.00972947176338086,-0.21534634415194767,-0.4254312870635473,0.03418690803002416,-0.17502263101533252,-0.3482213227344945,0.03828882003860561,-0.1276256965586097,2,Bright_Down
0.0,0.0,0.0,-0.05956542940681339,0.2701995590514557,-0.07939201628594048,-0.19646122072410072,0.556191432081706,-0.13891308226713406,-0.2933551498020715,0.7922027252954392,-0.2054783430451173,-0.32578871408659454,1.0,-0.2557000495207922,-0.4918683309374124,0.4409094197616377,-0.047086494615223295,-0.6993681282112426,0.5532361107437875,-0.18293269304600254,-0.5396425287373908,0.5629455467672334,-0.2557906205791015,-0.4249767821160328,0.5439909231133406,-0.2867663050230865,-0.5132858316592487,0.2633145193247765,-0.06863101339138235,-0.7011988930604701,0.3631266123834106,-0.2085711739264658,-0.48962774229493017,0.35184170441234874,-0.23793080020650942,-0.41228841890417706,0.3167961964854823,-0.22662391201933602,-0.5049527478630694,0.07095142724687807,-0.11170173865053852,-0.6851906292642166,0.12675784353561434,-0.24203365548712724,-0.4741882046373693,0.13756648161574178,-0.2015718070222616,-0.3830558516608355,0.12404229643833617,-0.1410668975517911,-0.47548805642322844,-0.13674453901599012,-0.1630103524690974,-0.6160151051214423,-0.10125379852013175,-0.23287933945243802,-0.47029848505083016,-0.045543663501224116,-0.1915421210259734,-0.3865311574276355,-0.0277261642656821,-0.1426576695876886,2,Bright_Down
0.0,0.0,0.0,-0.06936797309239283,0.2760768028078115,-0.08340732713532399,-0.21265623579530932,0.5539580650873973,-0.1456700418140604,-0.31725464490293237,0.7905507883063991,-0.21493326776547445,-0.3623939433479973,1.0,-0.2695867065661569,-0.5021020881053307,0.4255057240884182,-0.04750345137293574,-0.7257032527649233,0.5428292275605324,-0.18088187260445981,-0.5813235201810901,0.5611444637171733,-0.2590059124566865,-0.4583615068286397,0.5395879060872009,-0.29467366744197987,-0.5284569799383461,0.2550023870750795,-0.06634092203741544,-0.7362906974865193,0.3532220346981672,-0.2045106592898684,-0.531997743848541,0.35004622999883367,-0.24081242097656036,-0.4355359464486116,0.30897644660982027,-0.23491066227989565,-0.5198815377578335,0.0682178019408135,-0.10640886078846566,-0.7177526383418013,0.11669361905095875,-0.23170605658259658,-0.51791977207198,0.14008959308916755,-0.20105984353457926,-0.4137819590768599,0.1268223364270955,-0.1486935557402773,-0.4870732436860133,-0.13410217340904992,-0.15532784363615224,-0.6334389259997931,-0.10881830494694515,-0.2256446694539824,-0.4998551705541235,-0.04611666360885079,-0.1927389933818845,-0.4129480492655361,-0.02304046859003835,-0.15060120962747214,2,Bright_Down
0.0,0.0,0.0,-0.07385566387320111,0.2878394365490016,-0.07301400369852239,-0.22285404194770927,0.5678420321677407,-0.12355569341494095,-0.34272209127074144,0.7936270163116034,-0.1841691627485349,-0.3977967276375566,1.0,-0.23075584005170943,-0.5210769621129323,0.41719583965800594,-0.01444842788751481,-0.7517505856953165,0.48176252823127635,-0.13285845373667216,-0.6103762212632728,0.4848532870216373,-0.20480340711864234,-0.4841510354232472,0.4521477063965191,-0.23524733357252503,-0.5482435416612498,0.25489951055327476,-0.03116379474336876,-0.7808395593813909,0.3164545641198521,-0.15685007939196502,-0.5811975888988211,0.31640043269278184,-0.19207045986304966,-0.4572402072550009,0.27490818951334167,-0.18232478567013466,-0.5460787328718302,0.08196596377251442,-0.06922801190318804,-0.7590364740469506,0.12850262834415663,-0.18483962754360653,-0.5730898666865111,0.16210300257948018,-0.16560603384894276,-0.44746763545857277,0.1423535492732716,-0.11718975914013172,-0.520174323368369,-0.10941306291080485,-0.11498467399128487,-0.6888899896982179,-0.07724139971542336,-0.17901773932735698,-0.5634290320180106,-0.011334874267152378,-0.15288781022943984,-0.45306233698931536,0.006988221539421576,-0.11348891507091881,2,Bright_Down
0.0,0.0,0.0,-0.07491050622656165,0.2884697942854279,-0.06863008378152992,-0.2303831708831333,0.5727228435327559,-0.11269889055905806,-0.3554934894637055,0.7976459058930306,-0.16910480168613115,-0.41756722821260234,1.0,-0.21169640438890158,-0.5157378190190625,0.4112825909623678,-0.0021054607700484403,-0.7518822229089582,0.49108804049144317,-0.11723161306850301,-0.6229354625863408,0.5057558319204203,-0.1908056009912285,-0.4943370444921448,0.47864215575730745,-0.22189437925992975,-0.5445317341663256,0.2599003861498328,-0.020275709876015527,-0.7957029625236993,0.3429149718670219,-0.14695785594477637,-0.6146569892562926,0.34936999390289736,-0.19063994911629983,-0.47929128838181784,0.3041366196438067,-0.18559839694431143,-0.5460999423698519,0.09135141305225412,-0.05949568442966029,-0.7804463970021187,0.15310208888406318,-0.1722740839819826,-0.616281324212736,0.18356922717136198,-0.16629228341570376,-0.48134860114647804,0.15308772310801894,-0.12608942251038147,-0.5273861247762308,-0.10182050018514033,-0.10686738774854432,-0.7215617491724367,-0.07911054687391247,-0.1716076483927213,-0.6271779323861943,-0.005695306344606013,-0.15908277973099358,-0.5156627606232965,0.018120588996817812,-0.12947163010698157,2,Bright_Down
0.0,0.0,0.0,-0.08096955667843726,0.29713255957446855,-0.07394624550104587,-0.253631397467619,0.58214175982605,-0.1214484529189337,-0.3880769145162508,0.7995155153712695,-0.18019475256833975,-0.4529529721321523,1.0,-0.2252427851325723,-0.5501247925382851,0.38742088460550894,-0.019246610941142352,-0.8109205460353329,0.43008049732528414,-0.13894312884268187,-0.6892650881716591,0.46230191464819104,-0.2166222819147215,-0.547906360507137,0.448906880695947,-0.24945398029791407,-0.575124373771378,0.2187421481204938,-0.03685713973360445,-0.8457057346743359,0.261931701756274,-0.1679360684326299,-0.6720535388327715,0.28328743724519756,-0.2192294357614225,-0.521334739778244,0.24588799579994003,-0.21950270985090278,-0.5722756114972053,0.04296858238567721,-0.07501599416976866,-0.8106200664382303,0.07517967394923351,-0.18488750902520917,-0.6676665826073368,0.1243937345127951,-0.19255445704969637,-0.528481083094139,0.10538447047096706,-0.16401271011937252,-0.5487282909514453,-0.14828662380482205,-0.12172366308829223,-0.7507242372877856,-0.14111917004758798,-0.18382937683575581,-0.6834029251270011,-0.05980978115585632,-0.18076994038816582,-0.5797209429116301,-0.028173260734831517,-0.15986807938803113,2,Bright_Down
0.0,0.0,0.0,-0.0830979239678707,0.28436912929703595,-0.07669105798945727,-0.2653745749074821,0.5667876813975434,-0.1281816494988193,-0.40368945116062854,0.7905321120470614,-0.19118305361652269,-0.4750713255502538,1.0,-0.23999536428954787,-0.5706109050029993,0.37356558316300614,-0.027994801126854287,-0.8469407865513486,0.43492060761680623,-0.1560387856881674,-0.733702842040377,0.4954152468072239,-0.2342892416042522,-0.5978434673599535,0.5010757700175402,-0.2665207283485189,-0.5919117072495875,0.202388353133662,-0.04994566138625368,-0.8867164297923842,0.2565838142474052,-0.18835841655845081,-0.7124439944573694,0.2988537671249759,-0.23397049104769738,-0.5660435105522796,0.2763230639155176,-0.22779843560167262,-0.5817452531706975,0.017301369054093303,-0.09334697421060911,-0.8554610445179887,0.04762263374386321,-0.21463405859328977,-0.6928219031873063,0.10168782562718813,-0.2096605954424379,-0.5466237456473347,0.09296104582907187,-0.16904652758223795,-0.5473833348314644,-0.1895267314663438,-0.14552242971501378,-0.7581046183588783,-0.1939346981954565,-0.21764787185161377,-0.6777404602699301,-0.11065993532059289,-0.20807588913399833,-0.5688909735695059,-0.0723880521089508,-0.1795014461949105,2,Bright_Down
0.0,0.0,0.0,-0.09698001304395129,0.28958599708751026,-0.08944476176577043,-0.27562609899556145,0.5598034913029658,-0.1492452349823262,-0.423968367157557,0.7886199185363935,-0.2199937863493327,-0.5022394443579287,1.0,-0.2730719387393759,-0.5850219910623916,0.3587220418535133,-0.018865703525575168,-0.8564715432995766,0.4196372555883324,-0.15267459323970398,-0.7075911103319303,0.44728826026929963,-0.23850861923800937,-0.5628172142146101,0.4314816326775997,-0.27534745468427796,-0.6113546374194619,0.1904619548511727,-0.03566596485791996,-0.9010862783877087,0.24527893712159984,-0.17580426206180957,-0.7135038446299783,0.28088353279692685,-0.22532823589788514,-0.568906330815627,0.2534220009142014,-0.22207609628067448,-0.6008631387749584,0.0055340796014593865,-0.07685679000128998,-0.8740375334559121,0.03610940395969058,-0.19625469436814344,-0.7072997256038258,0.09399382865569535,-0.18715467900862898,-0.5639874075253476,0.08072898737940502,-0.1439503356986575,-0.5630788301867985,-0.1996267560414575,-0.12939538975076698,-0.7724355089477899,-0.19449916055986982,-0.1964444338246222,-0.6829908698158972,-0.10476303973324091,-0.18217476370704241,-0.5715013518118118,-0.07365275046820338,-0.15057971400873468,2,Bright_Down
0.0,0.0,0.0,-0.07476744997883235,0.2855144820836747,-0.0828183145705265,-0.24674625216590385,0.5626352069213392,-0.13837568240038128,-0.38509040553948404,0.7896450292882412,-0.20463377455014942,-0.45673879707231774,1.0,-0.2552445814461415,-0.5538516545330726,0.381504150769135,-0.022892124507740034,-0.8176476089789904,0.47447804974821517,-0.15020824647230407,-0.6833270967853842,0.5006162894797237,-0.23222927893608566,-0.5506841331847718,0.4788208836408331,-0.2691342802291561,-0.5787818082467647,0.21644281774122257,-0.04218861291721809,-0.8572628937251263,0.30084932979554146,-0.17794451989999885,-0.6782851245126145,0.330182896029729,-0.22686196892439095,-0.5379711633528413,0.29532115955687127,-0.22595257040740804,-0.5698175659367857,0.03342990176761463,-0.08403324292257079,-0.8367688388419353,0.08339567702195116,-0.19935356265918364,-0.6738307213485099,0.13362372722777469,-0.18989390484388255,-0.5322047752868485,0.11560816627796107,-0.14966652536114036,-0.5358541364263822,-0.17250291627257872,-0.1365614941361263,-0.7411443851936071,-0.1610328978558042,-0.20366941945061004,-0.652673700934907,-0.07421073674681262,-0.1909932979854928,-0.541590540250663,-0.042135791483307365,-0.16259684825917312,2,Bright_Down
0.0,0.0,0.0,-0.06722772586176956,0.27542717083984547,-0.08293921862768275,-0.24495497823869064,0.5565561710406356,-0.13796028420940434,-0.38583690142832333,0.7850812928714075,-0.20379789026865372,-0.4583199360184944,1.0,-0.25559239699647995,-0.5586890574802466,0.3910801695319962,-0.030059267069151067,-0.8262365721596335,0.4821130584136494,-0.15702443004409436,-0.7170181002811062,0.513146666341061,-0.23846038986164667,-0.5817220094479899,0.49012651813623337,-0.27311699633197317,-0.5865897287705132,0.21563241091972735,-0.048707833815082355,-0.8678581288801337,0.2948068955131545,-0.18017197992958972,-0.7043457667198489,0.31774352248306853,-0.22739104926052442,-0.5594148018961101,0.27932909639011894,-0.22531024700217805,-0.5789015355018668,0.021977701441347572,-0.08925633875106015,-0.8427991298189633,0.06889441966223843,-0.20430245179997697,-0.6873290570461058,0.11432081379699574,-0.1980687575192398,-0.5426970728054181,0.09776063034535903,-0.1596359843123771,-0.5462064909481635,-0.19501546965898237,-0.13973973167700657,-0.7594546037922202,-0.1933445362019189,-0.20805588337802464,-0.6800507537770253,-0.10736218063514805,-0.19618122000675825,-0.5662560813634193,-0.06589588013914213,-0.16755991308682466,2,Bright_Down
0.0,0.0,0.0,-0.07168789837140992,0.28028484325103564,-0.08400403496202392,-0.2604976066943629,0.5579063277602775,-0.1367812513258471,-0.40578650525516285,0.784218460899166,-0.19995591225370066,-0.48545865372906327,1.0,-0.2498488182679991,-0.5597891501508392,0.39472007202729054,-0.02818929044818024,-0.8316106062351659,0.4867198862478226,-0.1595262299464378,-0.7367234147447846,0.523556409834758,-0.24538908531121384,-0.6012842744245022,0.5108334703703084,-0.28222327024318605,-0.5887924925401009,0.21539816380300417,-0.04751168855913785,-0.8765643139961853,0.29647325908062794,-0.1852842782838921,-0.7263087687580643,0.3239116720381879,-0.24063351250158166,-0.5764202692620649,0.28983648452729466,-0.24345134555805106,-0.5804719684713205,0.02003127725353613,-0.08920304957590953,-0.8432493124354408,0.057899845172835626,-0.21118672830806642,-0.6952491332206183,0.10869428216093688,-0.21513351627625282,-0.5480392552672254,0.10003502238380003,-0.18233939882227182,-0.5463823387403036,-0.19864170099155687,-0.1403121177146323,-0.7593693903052658,-0.20296283786999572,-0.2148386406057153,-0.6826696312605793,-0.11784765459986352,-0.20955046989998638,-0.5669855607339668,-0.07330493467685369,-0.1852409105944865,2,Bright_Down
0.0,0.0,0.0,-0.06355741582686401,0.27736734125474166,-0.0855994335460991,-0.2473892696168617,0.5591946524609585,-0.13807681869679284,-0.3884907088862824,0.7860987521624346,-0.20031061857989388,-0.4691222770976106,1.0,-0.25053986607225426,-0.5441202568638912,0.3978645933446048,-0.03536305149048186,-0.8131752974450909,0.4826652963074835,-0.16468022720374204,-0.728480117369695,0.523934159994665,-0.2483800008591098,-0.600063549099525,0.5111454921328569,-0.2848580077710551,-0.573294157797906,0.22007516053993198,-0.05333983645523565,-0.8567960270044445,0.30094288034332206,-0.19057509267186748,-0.7040247763032469,0.32946842355082556,-0.2451869135889359,-0.5576256173481197,0.29157644917445014,-0.24872940322297937,-0.5660261022042122,0.02769524676272257,-0.09307011073628743,-0.8297111654198752,0.06662879872587978,-0.21607518878007353,-0.6814554312904783,0.11841841197861298,-0.221746965526595,-0.5331046088788292,0.10498797666728124,-0.1907553445930509,-0.5344570278635342,-0.18611326646294343,-0.14188016365464254,-0.747302733003558,-0.18616041832567737,-0.21862374303805934,-0.6711858968072462,-0.09948874357153785,-0.21612908783115212,-0.5541157456623816,-0.058867806104636336,-0.19417191286322086,2,Bright_Down
0.0,0.0,0.0,-0.06471800772531,0.2767739216177925,-0.08877496368299831,-0.2519904748865893,0.5553922571534494,-0.1438521302540344,-0.39414910063669967,0.7807430265309482,-0.20896288354098305,-0.47388008386776215,1.0,-0.26239193206029865,-0.5564969057226057,0.388835834854962,-0.03234198847721309,-0.8269768994463682,0.46382102877993325,-0.16510303977007187,-0.7429711523818168,0.5116349598736138,-0.2523046877439086,-0.6137277312785834,0.5085632184792123,-0.29041915908626964,-0.5820411155089213,0.211416214536566,-0.05019929271782681,-0.8653670906716343,0.29149431369804224,-0.19303208521280044,-0.7125233243753375,0.32612814600251355,-0.25272785305969714,-0.5637837251623284,0.29235098935347065,-0.2576392588907525,-0.5729946421237064,0.0197503041975415,-0.09064345189428599,-0.8340104388597553,0.059032167255576695,-0.21985136726045368,-0.6837896937411452,0.11365535456896246,-0.2293365042685651,-0.5340778161154704,0.10112964583868532,-0.1984521854787714,-0.5412790295213907,-0.1949991231726996,-0.1401951739369552,-0.7514783000626085,-0.1904227384393397,-0.2215312991448171,-0.6699761256847329,-0.1035818395221445,-0.22033394916304588,-0.5498983957136989,-0.06583988518177246,-0.1976488116934464,2,Bright_Down
0.0,0.0,0.0,-0.07016360213649646,0.27842276871518173,-0.0932467950531667,-0.26171510581535273,0.552922957334899,-0.15189287322940234,-0.4077245176614119,0.7798046936982492,-0.22052741311151347,-0.4963643626660147,1.0,-0.2761650781846368,-0.5690306490061809,0.3789829322308804,-0.03856684389363394,-0.8528850327321581,0.44582786150929116,-0.1761200108835164,-0.7565492099890039,0.5023536561045799,-0.2639967139405141,-0.6228107301466171,0.5039022054615132,-0.30198961801118074,-0.5927647822599914,0.20244490976815518,-0.05593495074593204,-0.8854342822356036,0.288820083338427,-0.2008296376202224,-0.7274002090560926,0.3282945474392481,-0.2590250524323343,-0.5813578427831503,0.2905269219917007,-0.2633683224129043,-0.581963293553404,0.010824410169782443,-0.09676135188018174,-0.8549031247896937,0.05584957284271215,-0.2285061660727813,-0.7010237018734167,0.11435656905982178,-0.23469334042593298,-0.5507024309407956,0.09958449638535471,-0.20176067735631534,-0.5484039561365002,-0.20515755303115898,-0.14737640921316686,-0.7677526346562645,-0.2002717312449951,-0.2315115982280286,-0.6831847837294347,-0.10782047910025616,-0.22970570335249602,-0.5588428689707291,-0.06786860028116995,-0.20642147134345215,2,Bright_Down
0.0,0.0,0.0,-0.07415485564263945,0.2789026163811608,-0.09278360094388761,-0.26049870660584257,0.5537730724243611,-0.15290893714378026,-0.4076833648841132,0.7800632518138161,-0.22261450376342048,-0.49374019457180446,1.0,-0.2792403836566022,-0.567302189886039,0.3806462787343524,-0.04296876463153597,-0.8529999689715073,0.43780014470701,-0.18028434578208175,-0.7471304433199746,0.4802965212428625,-0.26699495430022113,-0.6139077576943329,0.4764140232114737,-0.30484819091933807,-0.5897755405016767,0.20278161946193507,-0.06026228178373166,-0.8867382061239747,0.27870895845068716,-0.20625046652737689,-0.7158243923162337,0.3080133629374998,-0.2625152735633423,-0.5666163212649993,0.2701460207038775,-0.26560384354656374,-0.5787917628459889,0.010964404144109905,-0.1007737947824317,-0.8587124534013016,0.055146662113762804,-0.2321918493823903,-0.7024501085765686,0.11142100153490697,-0.23727575598384876,-0.551067727480917,0.09767398995695684,-0.2038983022437036,-0.5440543619191169,-0.20320401604404625,-0.1509027656383411,-0.7682937277523006,-0.1975640086157325,-0.23385177725735382,-0.6838400368513521,-0.10523182066086985,-0.23254275307566083,-0.5603001705640872,-0.06358263003369756,-0.21049295682171068,2,Bright_Down
0.0,0.0,0.0,-0.0766787388121821,0.27734731390857964,-0.09850239599565032,-0.26727652084826736,0.5470218657321295,-0.16360810730739123,-0.42018640766995097,0.7727163264445579,-0.23820349326465926,-0.5080207147397304,1.0,-0.29970147004803377,-0.5768272589982775,0.3700069652999998,-0.04768924407246227,-0.8656368642406808,0.4214354764905508,-0.19051147118809406,-0.7548720399427159,0.4675786368314444,-0.2813220579755759,-0.6177819736161932,0.46400165855349773,-0.321143193444414,-0.5986192776390444,0.19075598492621623,-0.06473811400719773,-0.9010401098206045,0.2599823212565026,-0.2161780746048392,-0.7290584195015907,0.2998366434125597,-0.27662087090729565,-0.5774247755408649,0.26696800178661506,-0.281707238284704,-0.5871529258164315,-0.0018767266838144233,-0.10574821134960781,-0.8701454123504452,0.03534421231983533,-0.24167921310342663,-0.7124408691320081,0.10090431770513668,-0.24977512497207918,-0.558302996796899,0.09260772398671283,-0.21743108678474385,-0.5523774942723683,-0.21791159691215445,-0.1567576332453251,-0.7791400197089879,-0.21609921335838342,-0.24090073150759206,-0.6936980433129216,-0.12297237149724277,-0.23958099456479653,-0.5683652003616958,-0.081366495032929,-0.21728065348373826,2,Bright_Down
0.0,0.0,0.0,-0.08026927191788588,0.27533806350851964,-0.09222811759476607,-0.26019462865232,0.5474984147987576,-0.1532406645967411,-0.40177250149810656,0.7822013588950048,-0.22418972500826664,-0.48299732665939116,1.0,-0.28046034487210963,-0.5690447095959537,0.3769647436002117,-0.03532334919122897,-0.8528309586808762,0.427379042185405,-0.17065916651196902,-0.726686343847063,0.46550855604302666,-0.2568650501319917,-0.5896734773164195,0.4523708653931245,-0.29542947369029837,-0.5911183161235768,0.20497674649362194,-0.0521796577556082,-0.8857503433630652,0.26984674288385785,-0.19540113680863377,-0.7041194858364582,0.30835745156562827,-0.2501198186055156,-0.5573799302402584,0.2751877473936523,-0.2528976534095828,-0.5807167986851189,0.019705952751438112,-0.09301224203566866,-0.857129159724364,0.056373208862569704,-0.21686142559287425,-0.6999002143618221,0.12708197150665893,-0.21963218395283757,-0.5529587857008549,0.1211199507044017,-0.18693481298401948,-0.5454244723344474,-0.18700728313848228,-0.14451381487257467,-0.7643276608246343,-0.1847120268288992,-0.21928491329067057,-0.6764162180900973,-0.0865450669174994,-0.21608321114924528,-0.5540740643968856,-0.04331133725663837,-0.19461642914431604,2,Bright_Down
0.0,0.0,0.0,-0.08099272269699553,0.27456397099133467,-0.09107441844017944,-0.26402196379800386,0.5465940866129689,-0.15136020632921957,-0.41092728957598595,0.7802501617584298,-0.22160536078348153,-0.4933931785191718,1.0,-0.2760323101895608,-0.5688453067825111,0.37431752946077196,-0.03428569678698432,-0.8581765243409812,0.4121172754703838,-0.16835404187393876,-0.7271846774999975,0.44466840523430406,-0.25175171593029033,-0.5888542570097741,0.43153362858976263,-0.28829989119229893,-0.5903941925483427,0.201558898017604,-0.05130212097245591,-0.889624311186378,0.26300981987765826,-0.19189544115250048,-0.7070326053307189,0.2936057876565259,-0.2415902544274612,-0.5614307732441778,0.2582692786709109,-0.2406704288728421,-0.5820814941993588,0.016985008251506256,-0.09226661361263391,-0.8608222379134424,0.0553973821567157,-0.21371792391286557,-0.700463920898655,0.1183404013211522,-0.2092811044343306,-0.5554515438356508,0.10940714131359393,-0.17157234140459776,-0.5500306628156234,-0.18811867149845923,-0.14414673673206696,-0.7688564926027872,-0.18330539103907395,-0.2161739145048366,-0.6779593701786188,-0.08934933167473175,-0.20808927256537876,-0.5560262310627558,-0.049354211331722964,-0.1829997683289457,2,Bright_Down
0.0,0.0,0.0,-0.08054085605299689,0.26974188021424206,-0.08872611125477757,-0.26337082007568,0.5427627464157166,-0.15036905063608977,-0.4058625122139016,0.7749122244997418,-0.22217234038074796,-0.489844537204528,1.0,-0.28169414555727446,-0.5707007668363164,0.3834169538990949,-0.04344440569230382,-0.8537554586204654,0.4519500894013442,-0.17884137154636967,-0.7622590639795681,0.5119300011962999,-0.26275346517571097,-0.6425190705471747,0.517969790615388,-0.30049807439910353,-0.5924893236248371,0.20545825916674895,-0.06371584936945697,-0.8871121559332866,0.28400803849356127,-0.20924328819557356,-0.7065400676190499,0.3138041777364559,-0.2580147122020223,-0.5597909927443202,0.27374490869983065,-0.2557320875359225,-0.5819146741046016,0.013564114854432773,-0.10666981811471493,-0.8626275083158906,0.05890966489951482,-0.2346238962531758,-0.696870752231822,0.11766670119076007,-0.22627585003585227,-0.549013213093142,0.10499724208695736,-0.1847711455259619,-0.5475021818424144,-0.19893746080913235,-0.15986346736758947,-0.7655139633900091,-0.19461151161735743,-0.23697591033258283,-0.6757068406680974,-0.10195053098858538,-0.226689516920101,-0.5579604129081571,-0.06425311138355706,-0.19921857536778537,2,Bright_Down
0.0,0.0,0.0,-0.08131517617398927,0.27154074880469786,-0.08915312348278448,-0.26448807266177693,0.5477086072524248,-0.15096488752587583,-0.4034866120361188,0.7792531505355765,-0.22327688685977087,-0.4865141087490897,1.0,-0.2836727222125455,-0.578017542420695,0.37722335310935967,-0.04096285876406055,-0.8480955943453986,0.46790360036354084,-0.18102849682052538,-0.754781001427486,0.5570773236830965,-0.26963841283662127,-0.6341358903809972,0.5693460821181474,-0.309920757658608,-0.6039928186595549,0.2035470917145326,-0.06386209092069131,-0.9002651163985262,0.2972926644777994,-0.21683339849133862,-0.7199326935743241,0.3543421509390506,-0.26919363865365614,-0.567787363392562,0.31167406921360674,-0.2662726565962369,-0.5931048195675785,0.01279700285911466,-0.10998689177270914,-0.8747328330918288,0.06598009804335812,-0.24501773640870017,-0.7047331562024396,0.14528461488114916,-0.2396318346359828,-0.5527751473260112,0.13038474188847382,-0.19728064985565247,-0.5557872010087679,-0.20304883858305228,-0.16635141480759597,-0.7724839003924551,-0.19229770583181513,-0.2473312290935588,-0.679577421030524,-0.08467892332916603,-0.2371041983226583,-0.5574967046860152,-0.046482029664868016,-0.20797691593972584,2,Bright_Down
0.0,0.0,0.0,-0.07639223111524682,0.2679886586528999,-0.08026913269542649,-0.2609482725814875,0.5540674409286184,-0.13644225694520132,-0.39502478121535145,0.7872038940507692,-0.20403380099150206,-0.4689162473613512,1.0,-0.25957054680802,-0.5944085698596434,0.39920150469493954,-0.03394200640378216,-0.8624007584775554,0.4870631087144849,-0.1720371003895311,-0.7508228692829849,0.5622449062174393,-0.25763296192742835,-0.6233301758800762,0.5606343812048821,-0.2967062737905387,-0.6164710233781834,0.22657769203311004,-0.05947614284433419,-0.9029192466262574,0.3313908768140361,-0.208005119250909,-0.6984096043976821,0.37243395220220743,-0.25287344983402654,-0.5526432291913298,0.31772801808995144,-0.2460068284427485,-0.6046557999994145,0.03786946464895014,-0.10806340456954346,-0.8823476436966965,0.0907502346565766,-0.23888867552018714,-0.6939108792316316,0.16239819279566858,-0.22243856503228226,-0.5470562416410859,0.1461365049523687,-0.1744830863285612,-0.5646239304421256,-0.1721863552904619,-0.16648747881039005,-0.7783959425721185,-0.16090398443509282,-0.24288302464887987,-0.6674938264355809,-0.05807730898885788,-0.22428073323666484,-0.5476067439895458,-0.022300855301912743,-0.19036420520004688,2,Bright_Down
0.0,0.0,0.0,-0.06804407245516622,0.2708088628887767,-0.08456569606532828,-0.23682478907459076,0.5514378567426793,-0.1502793920373602,-0.35631919906588194,0.7847479157074946,-0.22639516847098734,-0.42668417906887735,1.0,-0.2910656564561435,-0.5602818856537439,0.4090371171863299,-0.04984241692406234,-0.8173639558845555,0.5199888574249627,-0.19738074726084961,-0.7083573126355552,0.6050622791592938,-0.2902762029346183,-0.574107137904447,0.6134292644097694,-0.33200008046059226,-0.5807897360728212,0.24809043860281677,-0.07403283812310604,-0.8478854762393427,0.373522326059342,-0.22941136022035083,-0.6472506545482785,0.41363238932309726,-0.27715956073261805,-0.5023352951291623,0.35791986082528554,-0.2715873414880666,-0.5706896539769355,0.07068298021932914,-0.12135840343371139,-0.8390849567609845,0.14449785954392408,-0.2533012023105787,-0.6571545108361022,0.2065685722527,-0.237510723457203,-0.5129184879380065,0.18240592948629053,-0.19050682026239724,-0.5357219376293149,-0.13071793684163815,-0.17902217181167973,-0.7390589377735374,-0.0970984928748537,-0.25734792624097463,-0.6300113852571321,-0.0047660163248778266,-0.23978387463566728,-0.5122894212794755,0.017316234184061193,-0.2060174346571897,2,Bright_Down
0.0,0.0,0.0,-0.05509162148964288,0.25709599188503296,-0.07849101474687578,-0.21103116262494795,0.5410020940062357,-0.1403061512417157,-0.31996579783854784,0.7822040403538301,-0.211039499547137,-0.3747125010437846,1.0,-0.2705810854452897,-0.5298955106802186,0.42849811779039876,-0.05995434464950297,-0.7822741326127658,0.5680981162884218,-0.20025108054061966,-0.6638858039751966,0.6289017204609854,-0.28193556202508785,-0.5430986035369054,0.6196488270543246,-0.31832265296210516,-0.5546700844987215,0.26659340356744565,-0.08627595475451799,-0.8119692902926334,0.41984521054409296,-0.23216690671110227,-0.6078077054637452,0.44984764768054525,-0.2670432591385563,-0.4843664759453917,0.39157898727056634,-0.2562038131463405,-0.5462699206401855,0.0834440296325753,-0.13370201211501875,-0.7987463498830335,0.18155906640687233,-0.26546960299222516,-0.6018550488509071,0.22919247817082092,-0.2356478724608418,-0.4781026955301344,0.19701986310910308,-0.18068642230922258,-0.513332817177753,-0.12338436896135968,-0.19000060174075648,-0.7065410560936547,-0.0723591713306926,-0.2674841519637375,-0.5801829515242295,0.009146771580950569,-0.23823987793805118,-0.4732720514806185,0.020711904901970075,-0.19730675864835753,2,Bright_Down
0.0,0.0,0.0,-0.04780523005430689,0.2563784520488914,-0.0731289813217938,-0.19859230337298736,0.5459662302355147,-0.1302061913638186,-0.29897784846412523,0.7858469014091813,-0.19672885253545855,-0.34542518273277467,1.0,-0.25194397016758596,-0.5048093409491891,0.4478129577710689,-0.047645381880121324,-0.7419687646404008,0.5880012528918565,-0.18386059418572318,-0.6247402852135685,0.6385043862842329,-0.26302389711919666,-0.5015862390830349,0.622676519744048,-0.2967695124896253,-0.5330375096574099,0.28777212251221634,-0.07298754688762454,-0.7744148893067183,0.43075947893007616,-0.21017702504671784,-0.5729772835537194,0.4428861805706239,-0.2401874655140515,-0.46040591621115773,0.38658144593093674,-0.2259678182235017,-0.5283987330122157,0.10557742590827951,-0.11908665315571514,-0.7600157559558426,0.20115076793290912,-0.24429391069815454,-0.5567116919460198,0.23109361323886676,-0.20886751693198916,-0.43811878752839534,0.20047208836357905,-0.15012905461882953,-0.4986248420692607,-0.09881782032951199,-0.1737103746166042,-0.6788960169523209,-0.04725981782265498,-0.24678985588288363,-0.5486510751633151,0.023051135124672936,-0.21226250235933994,-0.4456230802571684,0.03570240920514172,-0.1667426282638808,2,Bright_Down
0.0,0.0,0.0,-0.033517866821523676,0.25847312811358397,-0.07787723279572899,-0.15399892677552413,0.5473021208665787,-0.1387979768470009,-0.23316388889299652,0.7891361812954318,-0.2085953737600844,-0.2740040032368965,1.0,-0.26650426310844894,-0.4574497114132613,0.4805986710213821,-0.04702905861256215,-0.6717425771322464,0.6444502473296169,-0.18275387156592404,-0.5508592102240419,0.690690408315028,-0.26044630324572215,-0.4381034876142084,0.6598471651103404,-0.2931549459386057,-0.4914353851103978,0.33367356178743285,-0.06920869223401105,-0.7057058956105223,0.49666615838263733,-0.2072877456809901,-0.5021674558986767,0.4994522971379144,-0.23617547263974,-0.40061039315871155,0.431114654698419,-0.22116118139194738,-0.49843787471630835,0.16462409264559402,-0.11320965620496597,-0.7113695076728417,0.2903601947670173,-0.23837802710188083,-0.511462877680332,0.30560801976514496,-0.20219443090915729,-0.4008073278493749,0.25423268233834195,-0.14274976194602104,-0.48411922655813916,-0.02717185517958678,-0.16642210115523953,-0.6494836509847561,0.05343184359140679,-0.23834866956738487,-0.5164410456779751,0.10833234677519879,-0.20394083452419623,-0.4162054634241219,0.09475924951529623,-0.15817939706796613,2,Bright_Down
0.0,0.0,0.0,-0.02423476092640566,0.2570132505457212,-0.06540031851479981,-0.13594770215201443,0.5527237778267842,-0.12215361798734294,-0.2097816695682254,0.7882954211895031,-0.19000912794874641,-0.24014018156525668,1.0,-0.24689327422871668,-0.44509967383011195,0.5021723091251977,-0.04790739778558651,-0.6603246776833379,0.6844929498236352,-0.18077762854272778,-0.5335319012749514,0.7258307684577555,-0.2526853622773618,-0.42351714611923696,0.6845680955389416,-0.28134769625508604,-0.4786766000615624,0.3588754095642289,-0.07657688823248665,-0.6966346053872695,0.5436636320708704,-0.213606399748746,-0.4914197783344193,0.5310527173966882,-0.23677874573282778,-0.3951309860322679,0.44468762184962524,-0.21746071898077465,-0.48892336984445284,0.1929912430252594,-0.12568744118982306,-0.7122558110083476,0.34991968243884797,-0.2437847896081084,-0.5208736858536049,0.35571429170656366,-0.20330344917276125,-0.4192982764589447,0.2898263143338132,-0.14337091476392197,-0.4824588749008581,0.0010846150571486735,-0.18340846486366852,-0.6539778098808048,0.10105358398207498,-0.24749031229162793,-0.5285187360490685,0.15110402175048998,-0.210899502933898,-0.4356272083536332,0.1246167635454391,-0.1657718569591068,2,Bright_Down
0.0,0.0,0.0,-0.01881524218944217,0.25833059069631326,-0.06119899250484063,-0.11981499431403052,0.5562855012020964,-0.10911975921074972,-0.18280513724950004,0.7963924649485573,-0.16809862625222038,-0.20906566856945197,1.0,-0.2148673838584119,-0.4176855946834425,0.5416825161899834,-0.02620167379736015,-0.6122213951684695,0.7283830705968309,-0.15312382812264166,-0.4840929159084923,0.7422292502734663,-0.22552916336556045,-0.3778041921455088,0.6893207581846277,-0.25549173562268723,-0.45943770735644757,0.4073266411184687,-0.05228905170788778,-0.6596356466145148,0.5818278618100898,-0.17942875992260168,-0.4642551199451605,0.5488795688376015,-0.2059156377810448,-0.37659207596650196,0.4717336276304717,-0.19169067179846971,-0.47466606776982356,0.24517459870992853,-0.09874126266448648,-0.6747215644206169,0.38680633022890293,-0.21123514250683553,-0.4820333655107994,0.3708432800939796,-0.17472378717716214,-0.3878878288840028,0.3099923940341642,-0.11870910069442397,-0.46876327501009646,0.058321762504303515,-0.15341391501985352,-0.6214003678954945,0.15165109757535242,-0.21337442194944264,-0.48967760489887024,0.18726418662472943,-0.17757207514881374,-0.4033436641835195,0.16563701182490284,-0.13387271651967125,2,Bright_Down
0.0,0.0,0.0,-0.041725584773453776,0.27157096618499027,-0.058520813887758545,-0.1653566543664678,0.5609399551888283,-0.10551813361184448,-0.25632383396119346,0.7958896235769061,-0.16584936340171308,-0.30801126909987525,1.0,-0.2126292639875274,-0.4633459342265755,0.5288907538793429,-0.023837252490111826,-0.6760280277995803,0.7187732749009637,-0.15381590228612155,-0.5383092340928822,0.7307798470005351,-0.22345084004238638,-0.4357712964861935,0.6765494241317257,-0.25064170695197296,-0.49598534461888144,0.3827583003212033,-0.05329817669016842,-0.7066990465675352,0.5679582774992714,-0.18674124941464448,-0.49689224655704944,0.5427506441798676,-0.20935880308473495,-0.4086249554741025,0.45869635111233786,-0.19055897166633645,-0.5017604113499019,0.212626677142139,-0.10378109353930774,-0.7231384512543582,0.3632614506730157,-0.22036125355111963,-0.5196679177608601,0.3627547035538991,-0.17613468911154456,-0.418543629211456,0.2972203889288958,-0.11279060049305786,-0.4867177898501,0.01822005508104099,-0.16265938884122802,-0.6572654699544641,0.1172906588907616,-0.22198994245426365,-0.5261220526168892,0.17175942060049437,-0.18220853473428258,-0.43596867535647704,0.15154061532862811,-0.13459182194829528,2,Bright_Down
0.0,0.0,0.0,-0.08833329185112722,0.28119113810219987,-0.06636047903086191,-0.2761026781994414,0.5683479224448674,-0.10050989586318687,-0.41764393333556976,0.7941525239397419,-0.14667679122305943,-0.4946798529582043,1.0,-0.1813376227861847,-0.5219327966618006,0.42063822718758215,0.021024093348914537,-0.6999663453058195,0.5482137581688383,-0.0986405656240654,-0.56951317565045,0.5700042528279141,-0.17394286945561446,-0.4677260139964571,0.536387866562925,-0.2076445692882067,-0.5555165021626658,0.26157900033654696,-0.0012363274237014701,-0.7640403380186583,0.38498372995733104,-0.1304033533257095,-0.5558171219068252,0.39992468274228404,-0.16780850335963474,-0.4409989925234636,0.33967639550650314,-0.15723508580660153,-0.5506213132689313,0.07785953980722678,-0.0467851612320737,-0.7743912666609674,0.16564981154453404,-0.1690637368810087,-0.5714833279406465,0.20255223782073412,-0.14108601336676607,-0.4491717807012513,0.16418328930808762,-0.08312654292500221,-0.5147122956505366,-0.12770506367879353,-0.10024677242620934,-0.6948233453198873,-0.07471753322995246,-0.16787950556612738,-0.5708691027182388,0.0060231081138113025,-0.13787343744080205,-0.4707023442496464,0.02114651046271417,-0.0942216691084625,2,Bright_Down
0.0,0.0,0.0,-0.09370761023088003,0.28083080014403783,-0.06795584598587184,-0.28485313037519755,0.5668466993665133,-0.10413611481566949,-0.43256312142527514,0.7921225387713434,-0.15233782991883832,-0.5136058048637234,1.0,-0.1889622353695508,-0.5278052849990911,0.4161701892419136,0.01839449506330991,-0.7024688325944985,0.5383867764896726,-0.10726261293347633,-0.552813282244193,0.5504265634395671,-0.18676777274072087,-0.4389711871932204,0.5108701352277336,-0.22203107602684571,-0.5601604780517138,0.2538493843432295,-0.004658877954394812,-0.77409312114559,0.3700528517389419,-0.1396862182117455,-0.557915349816107,0.38563633598568015,-0.18029120597989357,-0.4367129487197416,0.3276025570207946,-0.17037019734811296,-0.5537478237005132,0.06913203233159462,-0.051321774192898226,-0.7815666122446125,0.15009528957893412,-0.17706438040112027,-0.5745740920723266,0.19032503775748508,-0.14838748308749541,-0.45079552923408245,0.15645320868701842,-0.08913029359692429,-0.5156086122026599,-0.13436628169181503,-0.10609589053009005,-0.6953477883902726,-0.084967560901425,-0.1759944484257745,-0.5662788075626844,-0.0021870061810401486,-0.14443231551243493,-0.4645741707337538,0.015758396670349187,-0.0990153105287965,2,Bright_Down
0.0,0.0,0.0,-0.09421414691767172,0.2823736295309839,-0.06692243166900604,-0.2930227403276985,0.5694391165717492,-0.10078888614373238,-0.44805454488166907,0.7914192373208687,-0.1471709473683526,-0.5305311158904669,1.0,-0.18203550121553694,-0.5340540852585468,0.40790692786010185,0.02316844614781057,-0.7113209846158456,0.5226494386582706,-0.10138270142547409,-0.5574300853960371,0.5330328229518954,-0.18102818899945503,-0.4394953311677137,0.49752506389224105,-0.2161831884144601,-0.5652791527422821,0.2439674465203379,0.0002633895949283527,-0.7797598810708646,0.3553520204137886,-0.13391325226153208,-0.5623367715463762,0.37278376715131273,-0.17569822157188367,-0.43634517211740176,0.32032878256499225,-0.16631732962099502,-0.5576184735885262,0.0569876485650218,-0.04638499954108539,-0.7855278648170398,0.13692813992990197,-0.1725317300364626,-0.5785222918315981,0.1782540094185283,-0.14687299656917902,-0.4509588077649426,0.1488777902659931,-0.08932169135849383,-0.5193188235498901,-0.14848470893803922,-0.10080707772284628,-0.7007747712295315,-0.09738920405658168,-0.17252794299311944,-0.5683872274127515,-0.01155084024438906,-0.14289438391711615,-0.45982891708077184,0.01215379262888782,-0.0984003979071979,2,Bright_Down
0.0,0.0,0.0,-0.09127008012695363,0.2962460782903147,-0.06383083828387945,-0.3005068434267547,0.5730671489783137,-0.09592745599737586,-0.45741864067685334,0.7898426796132407,-0.13934548960777882,-0.521565851046524,1.0,-0.1687452221673728,-0.5452197376926955,0.3558273120829495,0.022818314200561816,-0.7189622453000459,0.46544565681211125,-0.1051731711778187,-0.5456569687446926,0.4705548157733451,-0.17763175030444409,-0.4345309153009163,0.4328292048861577,-0.20695743160954969,-0.5674469174875191,0.18093310118766184,-0.0006892249063497054,-0.7506239045448982,0.283262173271041,-0.13012626925295037,-0.5311621104610326,0.3041443193639429,-0.1622723034173882,-0.4577034897706059,0.25105721976096396,-0.14912657647824945,-0.5501067009350793,-0.012209688315123205,-0.04842019533830263,-0.728629213523373,0.06856975547059062,-0.17484644417669787,-0.5132712154956117,0.11180494751325398,-0.1355324583547091,-0.4397848483105853,0.07252665173875422,-0.07202401172878352,-0.5049884393335202,-0.21811989305068905,-0.10340777248866155,-0.6389207687658606,-0.14457792099543681,-0.1674803512210182,-0.4920773688625705,-0.06500377150940707,-0.12284934547547996,-0.421628347787989,-0.07275097319710998,-0.06968136288282513,2,Bright_Down
0.0,0.0,0.0,-0.08061001060011184,0.29329164662462964,-0.0712811413608462,-0.2722495014844854,0.573003067510466,-0.11117547153002302,-0.43026927867347736,0.790406849619011,-0.15839166126448712,-0.4954426510789052,1.0,-0.19021574408934536,-0.521777423433228,0.37567547991916256,0.003277063457761115,-0.6701730900052515,0.4902581771237941,-0.12321264249421589,-0.48941447245735237,0.4584141433000094,-0.19346019164850656,-0.3871421287860605,0.40337090766912576,-0.22326182218451956,-0.5497098051416933,0.20015912731026012,-0.015257626848590639,-0.714590650292773,0.3210042259520409,-0.14745182255267764,-0.489838127344891,0.3062770294385524,-0.1761850982625372,-0.4240400879340619,0.23668696197167544,-0.16149785836975966,-0.5353024800853253,0.007609401118261001,-0.05645959068782158,-0.6960920731636041,0.09478813814383007,-0.1830213811027554,-0.48647598118220686,0.1159028224395508,-0.13804218858809708,-0.42478383277015347,0.06751254168133745,-0.07179284829566596,-0.4940709618659256,-0.19127690435220732,-0.10521014333458856,-0.6159317179314936,-0.11708770147777772,-0.16674075147162465,-0.47272544137181155,-0.051605382186852344,-0.11886150851821914,-0.41287801612401226,-0.07090451192455229,-0.06471828689263633,2,Bright_Down
0.0,0.0,0.0,-0.0665966254062247,0.2836583339702619,-0.06754063432381265,-0.2433887857969522,0.5729055595720342,-0.10086112206074485,-0.38480426245132715,0.7957599769118612,-0.1419637349610336,-0.4393023773515716,1.0,-0.16827149550763107,-0.4777601247628224,0.41976642054075863,0.019769004626959248,-0.6143249204465767,0.5242836850640875,-0.09552247940565901,-0.4478921423061325,0.49114857225672776,-0.1621989297129092,-0.3493638858573873,0.4407132263543921,-0.19120559678888077,-0.5123417963390599,0.26038141371413726,0.003370162918772147,-0.6687912933325482,0.3734076263530556,-0.1232030168104904,-0.45542209987624793,0.3476760251313221,-0.15296786382442307,-0.38538731313455316,0.28356373441456656,-0.1385586730286048,-0.5083638119319067,0.08068371045769897,-0.03554311771877143,-0.6659000552561644,0.16608789697878673,-0.15730113168985194,-0.4706423957201741,0.17195474006422745,-0.11788977951345657,-0.4064811345932407,0.12585395415701353,-0.05485298446287191,-0.4777129293994954,-0.1091360408436192,-0.08182422750312203,-0.5983898027943831,-0.04362939861830353,-0.14104330790982078,-0.46228234271101026,0.0074677265158169205,-0.09694320863249455,-0.39929261250560183,-0.007961189540338044,-0.04562868594050443,2,Bright_Down
0.0,0.0,0.0,-0.0710683843414204,0.28755060583286907,-0.05850610898509958,-0.23736597749461713,0.5676427424747468,-0.09189362819608396,-0.3680983112086478,0.7923916048209638,-0.13563549681408504,-0.4139252796265503,1.0,-0.166645174585222,-0.4750525607460202,0.41398096823361236,0.018441625473974894,-0.6165905976497084,0.5411706823048447,-0.09868039319100752,-0.4540210767112147,0.504373721909483,-0.16658809904653246,-0.3604897892244342,0.44486595424700126,-0.19598398280253562,-0.5090640340784688,0.25284286640567344,-0.003307764710350698,-0.6641771992455937,0.37821514527223804,-0.1250274115680365,-0.45683847641043285,0.3508988796339895,-0.15594504991459843,-0.39038897065474587,0.28179122034766596,-0.1453009176551077,-0.5065327913961841,0.06846338331429846,-0.046420733516026096,-0.674767544975683,0.1713452845804059,-0.16506930324344568,-0.4761595699444678,0.18124242867420115,-0.1284610315937864,-0.40772302705937946,0.13288812740031633,-0.06960233472409902,-0.4773811264864737,-0.12822307059582372,-0.09581546796802061,-0.6008528070862115,-0.043342537980264044,-0.15628013259580092,-0.4595652104078308,0.017501756251706586,-0.11523736501362905,-0.38914923870398344,0.0038922849193984022,-0.06667514287547396,2,Bright_Down
0.0,0.0,0.0,-0.05018563796801116,0.28237218515025453,-0.058440487660972595,-0.2065284973256505,0.5736126408232345,-0.08783022832699221,-0.3272575724787473,0.7974309449368233,-0.12622708065719684,-0.35841612619828944,1.0,-0.15159008756835549,-0.4377194306994651,0.45154679465646885,0.012448608547226563,-0.5701780557995917,0.5845894243688794,-0.10080008784491487,-0.40430600953463736,0.5316579755691068,-0.16239841212715242,-0.3143491124260355,0.4629612283920312,-0.18771755056188277,-0.4779152185990026,0.2976146449704142,-0.00662969422923795,-0.6176309034327279,0.43419259192268933,-0.12869124754322692,-0.40720241402030954,0.3865281864486706,-0.15406919269887537,-0.346318166843234,0.31055055909408025,-0.1387172193971519,-0.4820218227565179,0.12078983747189995,-0.04643494292274716,-0.6294577538371101,0.24048908216195963,-0.16473739551501707,-0.42467127787395675,0.22447387099170565,-0.12292768422283469,-0.3586266746983282,0.1650542783132219,-0.059914100059554026,-0.46343965595204256,-0.06766822885713547,-0.09248474054486125,-0.5706647599545231,0.03136920315366528,-0.15250162328448685,-0.4269037379525077,0.07172497157696184,-0.11018767054021021,-0.3652051545825689,0.045593843666830315,-0.06036314318424719,2,Bright_Down
0.0,0.0,0.0,-0.04542231286402596,0.27332476894353236,-0.05367852269940019,-0.1888902590660859,0.5675716072372983,-0.08405185167275368,-0.2949317145483247,0.7960635859674096,-0.12485788836055572,-0.32521955971982136,1.0,-0.1539372548464998,-0.4290477655170388,0.46887700612214395,0.015607417298539851,-0.5409440127492194,0.6189068493861662,-0.09998032922774244,-0.38744180965851543,0.557393716438901,-0.16652004551254876,-0.3054503838384895,0.48584894178622245,-0.1955449457785129,-0.4724672503621526,0.31890499864111055,-0.00769249797455267,-0.5957112805526324,0.4712898144044695,-0.12856018314360718,-0.3931461277887157,0.41590315051123816,-0.15644910062069564,-0.3363660741533193,0.33989928728210245,-0.1445790353960142,-0.47981631757658616,0.14107545588175832,-0.05150892017104104,-0.6172665259966312,0.2823292471430632,-0.1696482698574504,-0.41948444277787983,0.25081991023484146,-0.12992975963077638,-0.36102564267624976,0.18411241988738217,-0.0698673241428204,-0.46243842500791094,-0.049416200577311754,-0.10130227291842178,-0.5576534242505137,0.06460347485430915,-0.16459532094666415,-0.41477087675627156,0.0935580794979492,-0.12450214800318893,-0.35685643710252984,0.059003864637311304,-0.07659715871638761,2,Bright_Down
0.0,0.0,0.0,-0.0324029354650877,0.2733004439645164,-0.055722686883958525,-0.17014383587100612,0.5708317031188617,-0.0857427512606118,-0.27845814948044284,0.7969998325491652,-0.12489773450154078,-0.310031024363497,1.0,-0.15212599206969907,-0.4105662675688497,0.47949786330336935,0.016837162739496904,-0.5210264696208617,0.6208107817556121,-0.0965810652405185,-0.37328387872083546,0.5610078542034755,-0.1620860071882315,-0.29187759543798386,0.48538122240707976,-0.19027569581360398,-0.4578507465549688,0.33469805097619043,-0.004398498658329913,-0.5858311416190457,0.48165773928584416,-0.12378417645904503,-0.3847322804845444,0.4275077760730741,-0.1503603773792653,-0.3272323014658542,0.34676630057944385,-0.13599270110529016,-0.46844790660479646,0.16295993528964398,-0.04638384654792986,-0.601180168705717,0.2911401523522846,-0.16212971825041728,-0.4063935845948429,0.260639122669526,-0.12222350420588815,-0.3519908465538898,0.1912040754096251,-0.06106298599550995,-0.45482704007270325,-0.02373605592138523,-0.09467997747949602,-0.5498687768935432,0.0819791729527337,-0.1542625638115914,-0.409301194495943,0.10990979235696842,-0.11267343640628404,-0.3531973717812173,0.07470894926799207,-0.06343646545001189,2,Bright_Down
0.0,0.0,0.0,-0.03272837522263371,0.2730184977461232,-0.05397833810030654,-0.16898548351529488,0.570646673108876,-0.08697546241283377,-0.27453851251898154,0.7954498958868068,-0.12970745789213195,-0.3023661075251339,1.0,-0.16045904698037608,-0.4147069621477377,0.4819643041049463,0.009433002501229268,-0.5234970319821626,0.632802438716841,-0.10724711313632734,-0.3734762252797152,0.5727323234164347,-0.17305086190849286,-0.28261995925511807,0.49326745307834613,-0.19988256885291156,-0.45844725227026123,0.33561151286937874,-0.013601520153275688,-0.5821544030627784,0.49099116596617104,-0.13265721134914216,-0.3824395415394012,0.43462263175602794,-0.15600707002491954,-0.3237592621698293,0.3511995078901127,-0.14014217106142998,-0.4676693325938936,0.16291140049924133,-0.05736196085497052,-0.5986035505457452,0.30362845384786546,-0.17053066376972162,-0.40710300383444914,0.27400962984786703,-0.12774140379311197,-0.35200478404754404,0.20251276041495478,-0.06625053259685905,-0.45373730806090895,-0.022205701693838887,-0.1075160863290476,-0.5428091179770905,0.09775006738024991,-0.16518339602142515,-0.4060798997294232,0.1243201965252309,-0.12268133626744422,-0.3535822687453051,0.08330788521234092,-0.07362115006687957,2,Bright_Down
0.0,0.0,0.0,-0.045608670293568125,0.26771399350189307,-0.06637924597027356,-0.19837226046468714,0.5613514217080268,-0.10177335434235278,-0.3167188679058763,0.7921223634392516,-0.14374522689155814,-0.35970230465313224,1.0,-0.17316951360734506,-0.43208333196033916,0.4699065073334366,-0.00018951324097281897,-0.553933134084416,0.5965961139870762,-0.12113821675391823,-0.40659156663030976,0.5498050897443925,-0.19066917842513775,-0.31812632425289894,0.4840603612182962,-0.2213182188669563,-0.4739472292427992,0.3091896766763435,-0.020506059764251933,-0.6094878086353646,0.43349985006903413,-0.1447631047175921,-0.4097905744497863,0.4070879040310011,-0.17504047134081724,-0.34367616723728306,0.34889460924036075,-0.16489187749968473,-0.4766346594260445,0.12218745572093728,-0.06256820882693626,-0.6147027495032507,0.22753445117028534,-0.1849021909171881,-0.42431101778411917,0.22432483697066954,-0.15052650098760623,-0.36868786514780555,0.17695138859140683,-0.09434196964132502,-0.4543530231684532,-0.07645356835698727,-0.11112119866252294,-0.5467747542614994,0.009946107231944851,-0.1761499064264756,-0.4121402480616068,0.04846322819493003,-0.1388966695240164,-0.36235554728097724,0.027167264468338205,-0.09390968241972705,2,Bright_Down
0.0,0.0,0.0,-0.06629611290941712,0.2803087692983518,-0.06192968754576461,-0.24222766994316555,0.5657389399489441,-0.09725651814634878,-0.3742015604306957,0.7891645393347656,-0.141847303185405,-0.4229257783263507,1.0,-0.17283448766605422,-0.47703942948606504,0.4250163406369503,0.001866407958763246,-0.616906405118327,0.5529227710862415,-0.11807642597844475,-0.44728745426624317,0.511081214318793,-0.18616126760470997,-0.3408525882941068,0.45473042766245214,-0.21599298394207772,-0.5079150602974375,0.2533853101625014,-0.02109813362696702,-0.6518516610076138,0.37968906999205215,-0.1497201993351634,-0.4365293721190088,0.3555621926049606,-0.18035445528572083,-0.3589427938061679,0.2987006730891847,-0.16918305353294802,-0.4968142523695818,0.059032188294366586,-0.0648846825412754,-0.6467674983377908,0.16308247956797933,-0.1868845532342808,-0.4434858611001476,0.16934907865654092,-0.14718453193029038,-0.37145196004289377,0.12683257077027565,-0.0867098859521655,-0.4598117757806971,-0.14409865392988258,-0.1150766011301545,-0.5662068050228054,-0.06930919862571941,-0.1776488322663262,-0.432771512754357,-0.008684407146103156,-0.13654227940569175,-0.3734056918460059,-0.013784482857540605,-0.08866504532831365,2,Bright_Down
0.0,0.0,0.0,-0.07418386728046746,0.27522123171553936,-0.07043276210350242,-0.27307499955792197,0.5591903941658396,-0.10775697090851791,-0.42154089811212275,0.7846635650169826,-0.15330948456419488,-0.48678481409825375,1.0,-0.1852016312406976,-0.4967741906231396,0.40542477350868944,0.00046853345044231364,-0.6550945752264913,0.5237658881710348,-0.12813610212770563,-0.48915117844400324,0.49106684990612076,-0.19992631524558901,-0.37303609669130666,0.43673591346696633,-0.22891723983705226,-0.5207082951521497,0.2237976951185064,-0.019555517764028214,-0.6799915030335622,0.33814661846580335,-0.15337530034778613,-0.4592696508218344,0.3232188902889286,-0.18378176729191156,-0.3732637101999417,0.2637116735351234,-0.16922303257817634,-0.5044960469155876,0.0192823101229521,-0.06261477509334189,-0.664819838466955,0.10910123042784538,-0.19145901904469426,-0.45289057820632395,0.12841573289962835,-0.1486078855339554,-0.3719177526294575,0.0910307808730293,-0.08266557127587341,-0.4612045923519141,-0.19584691495280193,-0.11286659237410405,-0.5816871783315567,-0.12899836907213036,-0.17959986499160954,-0.439491079772187,-0.06279140310125672,-0.1341399468463241,-0.37004220825003753,-0.06465425190648984,-0.0807865696195544,2,Bright_Down
0.0,0.0,0.0,-0.10644050866879351,0.28553108466688915,-0.0691805621660034,-0.3240294428587765,0.5536615704880616,-0.111242742293474,-0.4798707557451615,0.7776583405485763,-0.16359001300627776,-0.5533217733861387,1.0,-0.20256838419727127,-0.5618047987005561,0.34988506176325757,0.005450322730062084,-0.7104494610155172,0.48759997292825286,-0.12495639818122893,-0.5390479613340771,0.47321670700201407,-0.20000654509213256,-0.42235636221064154,0.42636788170580014,-0.23243566845761748,-0.5746484756972725,0.16374532954017704,-0.017907139853749476,-0.7152525957371333,0.29993162050078065,-0.15411786248269618,-0.4873794315399857,0.3022716929877174,-0.18610832435937502,-0.40940019743705236,0.23816521233818214,-0.17422817401782761,-0.544380162010404,-0.03854129958388858,-0.06476884465034964,-0.6913382078036645,0.07174153016049345,-0.19472558528200817,-0.48060869423161745,0.10373520097271588,-0.1495940364280066,-0.4110429390582299,0.05283296498642912,-0.08397215784712624,-0.48702866571293213,-0.24184043538837455,-0.1192526684062745,-0.5960253540914512,-0.14986814192130057,-0.1843685270240751,-0.4553150474572395,-0.07337493669645337,-0.1357267527511032,-0.39707368416139427,-0.09407257095248209,-0.08125746401458366,2,Bright_Down
0.0,0.0,0.0,-0.14144974369516383,0.27264261903856407,-0.09028441691216946,-0.3873762903212153,0.5342657284342517,-0.1511161706750575,-0.5407710485395406,0.7710706505787596,-0.21716711652841028,-0.6330774307074812,1.0,-0.26766046748655736,-0.6738976921003831,0.2649689516803062,-0.026827133337221448,-0.7710015377911124,0.4416725345150146,-0.17934027906008118,-0.5681523473267566,0.43186711038676756,-0.2748106402243044,-0.4470745769937302,0.38764427610293334,-0.3204749246687848,-0.6637680569792608,0.04942221330480546,-0.04788924550171645,-0.7603945569447044,0.21735062003773029,-0.212068816538733,-0.5063268524406606,0.2510796819902057,-0.25914367465851895,-0.4154737340451487,0.209365502914298,-0.25520470377698723,-0.5961300123986066,-0.16875687574316778,-0.0931446692130125,-0.6858310825349458,-0.04225280396391529,-0.2530982957328147,-0.45467824712281696,0.025997147802434464,-0.2139163990883985,-0.3867437882828934,-0.0080273176189975,-0.1469446706407538,-0.4996887397580092,-0.37317999307355937,-0.146043740599952,-0.5787158641897081,-0.28576937378634093,-0.2298482075097727,-0.42641806615850025,-0.1769088996170242,-0.1808037139100338,-0.37235114501694905,-0.17303555113784033,-0.1222977728636207,2,Bright_Down
0.0,0.0,0.0,-0.1630103186118906,0.2950634072705268,-0.08972867027130095,-0.3737438686475377,0.5446177019825752,-0.1610901346455521,-0.4900994401495413,0.7908468679327362,-0.23595391044789132,-0.5619769701893341,1.0,-0.29315140018365643,-0.7012733507277684,0.22920568718088385,-0.05664401743458896,-0.7125377501689404,0.496988584553407,-0.20184624357332182,-0.5173608948683938,0.4679347810931724,-0.2945443163510929,-0.43090568801745266,0.4023930981211593,-0.34388119611663054,-0.7028988504614607,0.011703714272700992,-0.07512050807826362,-0.6644517732006101,0.2989892389361447,-0.21435225060235913,-0.44610405243241685,0.301735740916489,-0.2528666600358812,-0.405452848656331,0.21773644456383626,-0.25818282263883724,-0.6230167508967553,-0.18767132232718578,-0.11491908699180237,-0.5915615301030002,0.05673551783146484,-0.24363320574089029,-0.3977155164000026,0.09306398450302698,-0.20516431378561512,-0.37739990686200237,-0.0012826226990871176,-0.15461552753081298,-0.5064673742799698,-0.35211228984693577,-0.1658177362119808,-0.48639576398719864,-0.16916142339399698,-0.22491717101677675,-0.37128110293235966,-0.08801889344250867,-0.18430458593075422,-0.35591844569227465,-0.14709134309268346,-0.1410003260757409,2,Bright_Down
0.0,0.0,0.0,-0.1453932609632336,0.30172391853705377,-0.09151401916088925,-0.32986509223746474,0.5562242556902767,-0.16411426581275967,-0.42333277343989456,0.7962970462633531,-0.23829753232402826,-0.48441980323175804,1.0,-0.2952024292228604,-0.6478790329201851,0.282672493099258,-0.06796541011987163,-0.6243274363054823,0.5339431524479183,-0.2115318596784521,-0.44619213816665215,0.4809497917218538,-0.30504878052124884,-0.38054120229259764,0.4042990521424555,-0.35773671716344174,-0.6594971537274851,0.07142027261277925,-0.08485179208404421,-0.5858986079455739,0.34630161614458266,-0.22182073149759898,-0.39176961071029676,0.3271672025488651,-0.2627221366973493,-0.3728144515356903,0.23735907780903295,-0.2738389537053628,-0.5897680691222752,-0.12674737099048247,-0.12231494257565499,-0.5205891406786484,0.10983770393233301,-0.24649604309600182,-0.3502064856019972,0.13377967684190004,-0.21250233702854948,-0.3487058384050163,0.04268269068410348,-0.1693858257489097,-0.48459064818619974,-0.2895454616874657,-0.171632605642406,-0.43626520536692165,-0.1112165245134847,-0.23196650406976935,-0.3312493347116007,-0.042727172336749566,-0.19801519111965543,-0.3259493789940817,-0.10351721517413018,-0.16182134450345884,2,Bright_Down
0.0,0.0,0.0,-0.1324907105943687,0.3004248423074527,-0.09483541075696664,-0.3012352429070932,0.555155059444478,-0.16899005778639822,-0.38716835515971265,0.7885915953460075,-0.2437492194798301,-0.4354680071852164,1.0,-0.3036148093110867,-0.6341234245146796,0.28398953783452235,-0.07713338694785563,-0.5545844792569325,0.5434378636386058,-0.22578023606670017,-0.3882007909823051,0.49537243919842266,-0.3220856790169029,-0.33905214785241605,0.4058464950257958,-0.3750534957663676,-0.6383793419770843,0.07099232295039958,-0.09610373803084502,-0.5139642258191058,0.35337548907871935,-0.23059996639625302,-0.33131122817021835,0.3388296652033222,-0.26776353129983327,-0.31651708278602864,0.24712654542387644,-0.2756305412616644,-0.5657077168593414,-0.12843289105632055,-0.13671895792457459,-0.4419324200843779,0.11775372389981548,-0.2638043412619553,-0.28611402901312444,0.14351350102790564,-0.2353168306593539,-0.29300618130400785,0.059784298094087675,-0.19436042036823944,-0.4595487058590341,-0.2988828999656936,-0.1895879773890659,-0.3783272145944144,-0.12036054045945967,-0.25107713686885696,-0.27722769840748734,-0.05673218066664929,-0.21954195513610303,-0.27274762044795636,-0.10824211526077729,-0.18357560471396206,2,Bright_Down
0.0,0.0,0.0,-0.09440542308522035,0.29896540697870183,-0.1389451308440296,-0.2408008116422077,0.5570791005150324,-0.2291132751413444,-0.3050724619171169,0.7955347603331002,-0.3060081422567612,-0.3431329361351926,1.0,-0.3633370203666882,-0.5795019008060458,0.23867672968009193,-0.16740909471489784,-0.4070425612894132,0.4915641644824794,-0.30362122053615964,-0.24655327237966612,0.43151211553408225,-0.3761869673401094,-0.2567733413896888,0.3232201611998706,-0.4192043004248166,-0.56308630246955,-0.00050820524478959,-0.16720975158498053,-0.3368401082034799,0.28119366579113403,-0.2859190281129576,-0.18659341327919288,0.2769197258640824,-0.3031202720489207,-0.2217602409104177,0.18844452504928208,-0.30715828027448444,-0.4685972815373458,-0.20771231937349915,-0.18606460737753341,-0.26670476561137546,0.04663494283184456,-0.30178456422711136,-0.14425923135030724,0.08036899625226207,-0.2646782955728904,-0.17969566203805512,0.00032579938699556536,-0.22729952115912613,-0.3510805370047031,-0.38236389631916357,-0.22171981479191935,-0.21103765595352517,-0.20407349086728355,-0.2819674333563075,-0.12861691309841256,-0.13600696277178878,-0.2539569007242362,-0.14392832320599602,-0.17930066221105623,-0.2250921025932983,2,Bright_Down
0.0,0.0,0.0,-0.09550547012845947,0.291931957344528,-0.12719219548628385,-0.2401517566333045,0.5581282357241053,-0.21084275551608006,-0.29696159834459324,0.7928331716737473,-0.2844180426413249,-0.32240212415857455,1.0,-0.34047221085643437,-0.5798955740834999,0.26198589094769653,-0.14312064096857013,-0.41079748351550177,0.46285525328353455,-0.28267119860268103,-0.23414672947059958,0.40138055201546174,-0.3634897606085045,-0.20221897106614015,0.31390452214516035,-0.4088068921069632,-0.5778350486872884,0.015704956366073462,-0.14846663339419205,-0.3562943445186661,0.25815114225213537,-0.2656773222339687,-0.1816212700035298,0.24722422092136642,-0.28922676133086855,-0.18652617014770756,0.16582284650608178,-0.2961122028456403,-0.49282527653348346,-0.20669064161527254,-0.17320479856123447,-0.28945378020850016,0.01365363606613366,-0.2899662373980313,-0.1465677913445424,0.041186905113277564,-0.2597749377953964,-0.16672529998287616,-0.02633377419450392,-0.22501105087504752,-0.3786823187920742,-0.398692663904115,-0.21305969379012688,-0.2376788901297411,-0.237936986867514,-0.2724916012737167,-0.13842647376246628,-0.1721974936883133,-0.24311340375666163,-0.14471497068471872,-0.20457335145871863,-0.2126825798781226,2,Bright_Down
0.0,0.0,0.0,-0.10704641515225664,0.2888147258678509,-0.12498858545061375,-0.2608382188413799,0.5563292707378636,-0.20866533399264126,-0.3249690410871827,0.7964454288386895,-0.2843363339421901,-0.356718512384215,1.0,-0.34296573877134334,-0.6176098998574726,0.2642309683177575,-0.12830162628636793,-0.4488968513181744,0.48370399155823907,-0.2716776506834445,-0.2740372726287765,0.4275134909495764,-0.35689473879816397,-0.2518427952427544,0.3399119078476546,-0.40457843553515777,-0.610274046488525,0.020643371165374885,-0.1359089793663736,-0.39224224762947657,0.2780021165841588,-0.2590692413199522,-0.21715156262018326,0.2723950708188454,-0.28629713400958434,-0.22721059516139455,0.18816957768864614,-0.29413797122885543,-0.522802194848385,-0.2013533898015711,-0.16429385102379465,-0.32490547503396,0.03263053460350438,-0.28767449695650654,-0.17571169462962555,0.06560146660354171,-0.25827637886613947,-0.19520638704141022,-0.008828474094529337,-0.22159915015228987,-0.40732843339098784,-0.39514218296460496,-0.20757146323707837,-0.281947347222004,-0.22582927410521034,-0.2676545870761561,-0.17715504575633384,-0.15770950479090726,-0.2357973606851849,-0.17764183411930357,-0.19931218694752623,-0.20240853800765277,2,Bright_Down
0.0,0.0,0.0,-0.12529520195245544,0.2860805514712115,-0.10239182757828748,-0.28704708187364875,0.5516161969773075,-0.18092697950541492,-0.3654494959116582,0.7880250522593848,-0.2583905739813611,-0.40824214639219086,1.0,-0.3222882450497145,-0.6611971296429884,0.2807010326926271,-0.08576182615688438,-0.5510543930306436,0.5061422040900133,-0.23696295179196644,-0.37759745413544726,0.47874338481483886,-0.33578994450961686,-0.3049029397437705,0.4071454491331516,-0.3868845849426434,-0.6605937149798697,0.0539577185330219,-0.1016876462228996,-0.513382824400287,0.3064463298221871,-0.23512761985996192,-0.3245180655118646,0.3115299501726489,-0.2790505910737631,-0.28613093481734614,0.2423293133745734,-0.28972830398281807,-0.5865010330956939,-0.16042330072088493,-0.13850747697753424,-0.436911337284257,0.0640705452201201,-0.2646992802117183,-0.27875433874703376,0.09770717839391407,-0.2464526550364287,-0.2701495745215331,0.03739748322738407,-0.2104065717014258,-0.4779935620753054,-0.35219085164096187,-0.18758980656594262,-0.3932900289461215,-0.19521673552193056,-0.2463730048936423,-0.2889896266025016,-0.13757937303438267,-0.2150398538492311,-0.2760279477013754,-0.1723685400696381,-0.17733165356250838,2,Bright_Down
0.0,0.0,0.0,-0.11567201485607748,0.2786393496578572,-0.08945856515933323,-0.2991813721259757,0.5375084833159268,-0.15348036772303034,-0.41233390057878644,0.7818174936491272,-0.22093032485186012,-0.4815472701820836,1.0,-0.27369672092264696,-0.5850386513155083,0.3293722294912382,-0.04048186924002337,-0.6307462388115138,0.48947270797704734,-0.17237812605275452,-0.4583155534735908,0.4646791377063485,-0.2578646559778118,-0.36665298999763896,0.4158695038287643,-0.3027452021112609,-0.603890337815245,0.12779279652616407,-0.05042793726798032,-0.6139333982319589,0.3013272677173191,-0.18554661790301402,-0.41334807935903356,0.30487803348728043,-0.22589355631091979,-0.3647716974805934,0.24174472039344116,-0.23077652901758577,-0.5610871139214848,-0.07514328296374596,-0.08211741877705919,-0.5738532717241005,0.06266475702517742,-0.2075426034833435,-0.3991315638178496,0.10268195337490904,-0.17652541727995985,-0.37178339393971177,0.04413946371876877,-0.1296108846429776,-0.48943497268295316,-0.26199569088022306,-0.12325101978777225,-0.5048847825187317,-0.15083275865862544,-0.18024773043296713,-0.38688207173376804,-0.06657725720045843,-0.14220609358307298,-0.3613839573014317,-0.0887346010644089,-0.10180077804818204,2,Bright_Down
0.0,0.0,0.0,-0.09714817243324844,0.29321179035971884,-0.07166127595552618,-0.31624318760578846,0.5696912731209686,-0.11034629707509189,-0.480523582244316,0.783334055109105,-0.15854211433366552,-0.5543952789765016,1.0,-0.19307606575103997,-0.5513299074398816,0.3628082160447704,0.007305320630271106,-0.7105584409643331,0.46810802238521476,-0.12155412275099424,-0.5359027737537931,0.4564918647737843,-0.19601363722971457,-0.422529651260312,0.40969664069290473,-0.228787650252176,-0.5734423519724302,0.17034477500419343,-0.012278671577600316,-0.7263544732307599,0.2664527363942726,-0.14092229701409675,-0.49431555833422286,0.2731019381204349,-0.1699858996917832,-0.4204475213101755,0.21372097775202428,-0.15799866292391546,-0.5521160127479834,-0.038715442443465135,-0.055953964926080776,-0.7214343616096617,0.03832458561429726,-0.18090799365478966,-0.5041438265298342,0.0814304579209808,-0.13644712965869335,-0.4261900913402156,0.04047246832065143,-0.07244655782929674,-0.5015627563701794,-0.2508565241921957,-0.10749879253857868,-0.6253309138596197,-0.18451931258482135,-0.17320443001399002,-0.4848649720184815,-0.09930923008890041,-0.12735370035967994,-0.4185283703624636,-0.10360157977401302,-0.07441174485563139,2,Bright_Down
0.0,0.0,0.0,-0.0926322234340949,0.30820874426298606,-0.07061164737745418,-0.31500999205770647,0.5840389049582958,-0.10333062824338621,-0.49405084630762736,0.7857875491679818,-0.14708742642118616,-0.5792949877963056,1.0,-0.17787288427152248,-0.5699845309475939,0.37483246821501076,0.025658136102947406,-0.7459690348544258,0.4657298655168637,-0.10277960294576106,-0.5767325654997337,0.4597506320778109,-0.18130400655121254,-0.4574681684957013,0.4223071153299661,-0.2154175402913233,-0.5937347546850911,0.18544740615212066,0.0028734824090552824,-0.7958870256811574,0.26825589442095743,-0.1342327381422525,-0.5625681678382883,0.28217915794819165,-0.17359515666800257,-0.45168888784695127,0.23819475376967447,-0.16167540583497966,-0.5749210825285296,-0.021961192041134704,-0.04455088433552723,-0.7745558337777073,0.028101801770624133,-0.1813288300947357,-0.5515481890566036,0.07353871660326353,-0.14947351007910167,-0.445282211904559,0.05808789810544731,-0.08610386428951576,-0.5231174326954815,-0.24348395161787484,-0.09890544010852524,-0.6807767347237991,-0.2154562018421705,-0.17583287275066942,-0.5339337374810885,-0.1252410255990428,-0.13717968503556047,-0.4407780644346626,-0.09095457983059335,-0.08488750290436886,2,Bright_Down
0.0,0.0,0.0,-0.10426431724619634,0.3110278130299963,-0.048589341526416335,-0.3215332876251687,0.5930598342764895,-0.07118890655052237,-0.48162631426480107,0.7956422455330393,-0.110458395678346,-0.5609906866513231,1.0,-0.13743816807473638,-0.5661121460343446,0.3918637946316397,0.050586347070365016,-0.7643467191986417,0.49033699706962725,-0.06835619687232074,-0.6074307741603285,0.47824262151490754,-0.15209738513493468,-0.46569576634428045,0.4400660195251737,-0.18925823401502662,-0.6000040577901347,0.20904090048365737,0.021383897242599,-0.8068780022994945,0.28885198994388367,-0.0982837647181516,-0.595530884404964,0.29849896580375396,-0.14440463139969684,-0.4633552137861139,0.26829976312349957,-0.14146409915449154,-0.5953683326936511,0.0021155733063198162,-0.03054206666563876,-0.8178091846999223,0.058984781726306376,-0.13594931625286666,-0.615978304989029,0.10481836166843364,-0.11179959736288116,-0.4891241019888334,0.09557728487499545,-0.06185952329980749,-0.5564411595819612,-0.22249451568053763,-0.09007237468132295,-0.7218844665512637,-0.18942568703609283,-0.1446430865965915,-0.5931197407048093,-0.09663279052186663,-0.11066102256922518,-0.4935783070059187,-0.05534861759613871,-0.06643539449114226,2,Bright_Down
0.0,0.0,0.0,-0.12673642866654822,0.32610079482791227,-0.06261968907315194,-0.35773527657129023,0.593526131474526,-0.09640041830744117,-0.5549450425213713,0.7785942105338945,-0.14610448209407995,-0.6442565236903083,1.0,-0.18627957950926183,-0.5888888320305569,0.3706077781484148,0.031074352163075667,-0.7895164448775198,0.4336932346743424,-0.10082788819272315,-0.6410361074341622,0.44312396918653935,-0.19074475192309595,-0.5014217029231754,0.4200449342141826,-0.2299897742967835,-0.6099565497882827,0.1754568127316225,0.003740675586611638,-0.8494358708030072,0.23207811160626785,-0.13771707152843463,-0.625186080461495,0.25632090440608307,-0.1869504747697483,-0.472702030512852,0.22130844271256608,-0.18066055650174934,-0.5922397976615597,-0.03255713379740046,-0.04702429734707856,-0.8324748055772312,-0.009277812044839961,-0.18219303895940023,-0.6156225354640292,0.04470750811232863,-0.1581683986871911,-0.46211622559741217,0.03907651014506689,-0.09793644118797445,-0.5432117835746038,-0.24985305757465442,-0.1049075859084423,-0.7452112954127663,-0.25774159577986355,-0.17953897135862523,-0.6099859442236424,-0.16649710322004735,-0.14387956432412033,-0.488717356557238,-0.1214837501730047,-0.093352054702798,2,Bright_Down
0.0,0.0,0.0,-0.1396362116376907,0.3331020225323417,-0.04933251222054952,-0.3692123764919437,0.6066139884086397,-0.07637034947673962,-0.5562549280819741,0.7908650259091968,-0.12069872543668797,-0.6400155506334618,1.0,-0.15709118126024674,-0.5893190240223672,0.31130044364612663,0.03491336426737499,-0.8079262923358324,0.38364245819853804,-0.07691235628306481,-0.6636981130972434,0.4297518402435486,-0.1562430944339279,-0.5234112302173362,0.4171385811362339,-0.1936870905959614,-0.6039009582493261,0.11891557716015326,0.007198663629857483,-0.8399192360897465,0.17191327598793657,-0.10840811639700536,-0.6412749473302676,0.24234873026300885,-0.1529041202203566,-0.5011711936207326,0.22493815919376398,-0.15348309449238892,-0.588318755832401,-0.08569056724004756,-0.041335404397221664,-0.834545936848936,-0.05710794755753479,-0.149202641960186,-0.6434029287513529,0.03810825959327201,-0.12926379584934244,-0.4965822952238071,0.04500680705595378,-0.08352516633660781,-0.5410442454983182,-0.3030477926211952,-0.09661560445085966,-0.7419268608693301,-0.2959612929533269,-0.1565175506915598,-0.6249421053131574,-0.1855184725887201,-0.1261754641590076,-0.50961121224057,-0.14063326447111404,-0.0857209442811619,2,Bright_Down
0.0,0.0,0.0,-0.15034453060666644,0.32980916033155705,-0.053226883378090346,-0.38619604282577596,0.5962948107846012,-0.08375839408110036,-0.5772568591912717,0.7849425736535903,-0.13208890003767157,-0.6621261518407131,1.0,-0.1720846200183864,-0.6194504405445184,0.3082434605117033,0.040921216149120115,-0.8360746175068113,0.4039472843790585,-0.0723460430898151,-0.680345787441133,0.4249621747769119,-0.15565901045367006,-0.5360491717598224,0.3997846211536916,-0.19576041098277677,-0.6333982125478782,0.11717371581393081,0.011191442454227672,-0.8748046927314447,0.2023019300993998,-0.111307315976393,-0.6649715426578546,0.2373693287061679,-0.16200278369738125,-0.5094554472785413,0.19761386885928192,-0.16303346951692316,-0.6092711115567646,-0.0936980396816294,-0.039255781814189934,-0.865063710518743,-0.03708949416876883,-0.14988938692366846,-0.6653142532583262,0.030227212320549104,-0.1286655177484609,-0.5059507334624965,0.02011656281184776,-0.07960792146326527,-0.5516219002375623,-0.32013805948879115,-0.0975132786944246,-0.7563554272928129,-0.2865913962469412,-0.16213058118426174,-0.6297025697800677,-0.17345191303254925,-0.1292367915089852,-0.49647536913503004,-0.13211871385313168,-0.08415650433947944,2,Bright_Down
0.0,0.0,0.0,-0.10519573009244046,0.3218811670248792,-0.060514835723217995,-0.32467915961673915,0.6018863851233148,-0.08800691640806506,-0.4947257148387193,0.7947486503664899,-0.12807025630656027,-0.5719876027623308,1.0,-0.1576762628447809,-0.5591915634124804,0.3855256613815696,0.03817670205517659,-0.7283770614945102,0.46167409501263934,-0.07728988006996489,-0.5786715189310272,0.44617364853200214,-0.15634583828228407,-0.44847287315518775,0.40440227426850023,-0.19082800404836792,-0.5799969584725151,0.19525259389475394,0.0163946472179958,-0.7773982958229335,0.2671386351623974,-0.10137740742332906,-0.5697209912543678,0.2658862206397771,-0.14223087315173058,-0.4342769512834502,0.21823243296320993,-0.13554755518555534,-0.560604916568916,-0.010118927978543406,-0.027949380071028363,-0.7574901159219001,0.03676561556723247,-0.1419941843542293,-0.553425068354608,0.07406438467027608,-0.11611164509707808,-0.4180973012292663,0.06164233267433571,-0.06151242151077687,-0.5087337568075447,-0.2264034362879752,-0.07922955728342942,-0.6744319557482565,-0.19214778987653455,-0.13925923566139486,-0.5405092112553532,-0.10834892204791931,-0.10121176071411646,-0.43026979199567805,-0.07409416186243575,-0.052635627833750934,2,Bright_Down
0.0,0.0,0.0,-0.09955349173374912,0.31851852388299606,-0.06600769953145948,-0.30935081949167365,0.5879004986509881,-0.09798605686191143,-0.471076902910614,0.7893759928390662,-0.13924619210347527,-0.5316002999654916,1.0,-0.16929299427000535,-0.5124539632270696,0.3934762212893664,0.00663432791312893,-0.6884579188318871,0.4686855797492152,-0.10237137519141795,-0.5258551859014771,0.45123768354509675,-0.16766038844834288,-0.40898759473952356,0.4116642544622764,-0.19551013530267025,-0.5347402694982096,0.20602241195574675,-0.008636019115016552,-0.713834948731755,0.2763136978568255,-0.11831960235697943,-0.5051910976441266,0.27232007230457433,-0.14633829253542702,-0.39791378418199835,0.2217427183956264,-0.1372902176700657,-0.5217681379725388,0.006550791537381081,-0.04445310852321838,-0.7164616383460474,0.058882530775974225,-0.1500530088409993,-0.5152962847224359,0.08964021884010688,-0.1132163484519784,-0.3956173318062275,0.06521388835881145,-0.057167047010558025,-0.48356255008326543,-0.19895779734658725,-0.08740419048017095,-0.6438242920629724,-0.16148021600122536,-0.14284624647312588,-0.5127146768364287,-0.09034758555661088,-0.10207921526606895,-0.4125977540246758,-0.07819326192918656,-0.054771073098575665,2,Bright_Down
0.0,0.0,0.0,-0.11268083950281872,0.3138165888356246,-0.054903722517578454,-0.3240444496874644,0.5935658612673094,-0.07774502449646101,-0.4841648882104739,0.7975030514773201,-0.11237840458998535,-0.5484528523418624,1.0,-0.13659257967030883,-0.5410566194516834,0.39854061334594837,0.03796098723658349,-0.714865113382292,0.4779397950376405,-0.0668115715765954,-0.5666830709638776,0.47781229432566225,-0.1329239552123358,-0.45538209897947796,0.43999065789175784,-0.16203402357813812,-0.5627188315374004,0.21352158952476394,0.01618415546145979,-0.7545603350448615,0.28652428689963944,-0.09548627317130758,-0.5507784494404069,0.3046643414667666,-0.12699113805828674,-0.44299864197839794,0.25516626132561815,-0.11666619941552188,-0.5463892076406688,0.015681395977888753,-0.027086687255687626,-0.7410589629227136,0.06900290868446672,-0.13579581193251702,-0.5451207542958009,0.11948842424610735,-0.10393182997009437,-0.43229612894333685,0.0946130750589939,-0.048417002774271946,-0.5001110169750714,-0.1884794169761836,-0.07694633282853323,-0.6582615496380926,-0.13737903816799352,-0.13381175587668998,-0.5225153944200763,-0.055900522435160326,-0.09441687212079704,-0.4231669190863005,-0.05005256921878606,-0.04701628543878262,2,Bright_Down
0.0,0.0,0.0,-0.09423570587351635,0.3188027385231595,-0.05835259766686608,-0.29091538348536744,0.5943216063302412,-0.09112751881066179,-0.44867904186547575,0.7873424224592761,-0.13553787338450837,-0.5171294640226478,1.0,-0.1705632788595628,-0.5101545129278112,0.4057626342142764,0.01101604853285829,-0.6844880374277005,0.5050386635050872,-0.09613986362961931,-0.5471734599957008,0.48469934425168254,-0.1665903957041029,-0.4361894474401249,0.42542387933102216,-0.19843719898292747,-0.5335810613976627,0.2210920064437792,-0.01041463057664861,-0.7281964306907808,0.30980393946964147,-0.1203411566701054,-0.5386969108203867,0.30697918387096507,-0.15423352941501092,-0.4220669143808984,0.24033121888183334,-0.14883117655170386,-0.5203258324667208,0.020436839095580236,-0.051652449576761066,-0.7246861313505129,0.07469231452348485,-0.1546854923856894,-0.5478446869945048,0.1164652501529194,-0.12979047923918471,-0.423019911476882,0.08806373730893373,-0.08247704844341451,-0.48258357865452495,-0.1944587150785595,-0.09967437434559755,-0.6584869651244146,-0.164227149026088,-0.155242003889296,-0.5410969363830347,-0.07487531984433343,-0.12251486357774706,-0.42647605618138856,-0.046340599045716475,-0.08162041703189987,2,Bright_Down
0.0,0.0,0.0,-0.0375273712341231,0.2890295140901317,-0.06630710364976214,-0.16659256518680718,0.5904536916034026,-0.10411760290980593,-0.28114485198494044,0.8068682544496616,-0.14894645925667707,-0.32747666994301067,1.0,-0.18375315661458883,-0.44644031046402877,0.4843291248985736,0.005206885089699242,-0.5866687600334727,0.5873398415604502,-0.10130004920542003,-0.4485529965844511,0.5418539713894186,-0.17150794082446325,-0.34256875955710603,0.47610187577310337,-0.20397609968321578,-0.49251707377490406,0.3157719442269919,-0.0107664599660168,-0.650948684195901,0.42435892957236565,-0.12294165311408783,-0.4557491103852695,0.38340171841331794,-0.15759250166204286,-0.3498668952168024,0.3132003582277255,-0.15063418662251238,-0.5020831116905141,0.12497995290321659,-0.04690723594571445,-0.6655923936948109,0.20140782225807322,-0.15403917856794616,-0.4724747406580529,0.2054986209185302,-0.12963527452486356,-0.36142553515824105,0.1738424687225593,-0.08138324614571699,-0.4878212894610229,-0.08676661368410857,-0.08975986226921981,-0.6184759601566928,-0.028427577183307476,-0.15180204165858127,-0.47682416671562655,0.026698366221157985,-0.1203735654324532,-0.37860133192117085,0.04250381490297205,-0.07825693489687417,2,Bright_Down
0.0,0.0,0.0,-0.048250406617748494,0.2910924494833596,-0.06900124267922927,-0.17768923089761127,0.6005790191631888,-0.10615980405492227,-0.2938766580926423,0.8184667419196117,-0.150491017469192,-0.3727680190771102,1.0,-0.18088588211350154,-0.4696326927059899,0.48154216664580485,0.013123302636237316,-0.590239444947509,0.6050776567541022,-0.09903487815200909,-0.4390560153302503,0.5432281558780933,-0.17146546182091718,-0.3335344338606678,0.4629687474744969,-0.2025716256084633,-0.5107269276613211,0.3055739427844567,-0.0025663746543282307,-0.6449023271653734,0.4310275936235721,-0.11768040924722512,-0.43568993080262414,0.37892827326817674,-0.14914268072090858,-0.33067805459484634,0.30353737707025474,-0.1379877331404862,-0.5151543343177862,0.1083146234665145,-0.04038672852118831,-0.662256738841082,0.21160887563755446,-0.15772784078001334,-0.4574003302559314,0.2018635816718107,-0.12743246921201937,-0.34619963230554046,0.1556525599345352,-0.07036119086859154,-0.49071310246992794,-0.10421217270889176,-0.08454148561994296,-0.619417815852811,-0.016516179571118356,-0.15388557557615568,-0.47211073985823726,0.03383788891808292,-0.1175991115398839,-0.36874920358552843,0.0375595642846967,-0.06767754426950216,2,Bright_Down
0.0,0.0,0.0,-0.06080363837219202,0.3060593884142457,-0.07524376810395816,-0.22413596680454237,0.606858469772976,-0.11314050306344886,-0.3716240365186227,0.8104599087692486,-0.16034507554114397,-0.4631132792112583,1.0,-0.19419086124964235,-0.5080122002930801,0.4890238901842012,0.013468277819262743,-0.6776353048448703,0.5923405980956784,-0.11790257956040516,-0.5238120404685828,0.5598611838281956,-0.20281839202696272,-0.3963999182369787,0.498437330988473,-0.2388011389190014,-0.551653212920696,0.2868615297170333,-0.00708132768084275,-0.736635673765545,0.3990195840532496,-0.14126792834673016,-0.5151138204594276,0.37754650888761576,-0.18283656404352755,-0.3794392323488731,0.3149192425651379,-0.1723606126744288,-0.5581893192323654,0.06236486789390713,-0.052804332581380176,-0.7450100085670208,0.1467876550998862,-0.18874126128386107,-0.5190555548472352,0.15858818129510488,-0.16110154028988924,-0.3745392090291382,0.12882858020652155,-0.09955572282007637,-0.5342557446953772,-0.18212013817457062,-0.10576850301162723,-0.689235536314832,-0.12221803170743645,-0.1916585930290944,-0.5312745612949157,-0.05574650502155739,-0.15744919476462557,-0.4052001363813776,-0.0301133042995093,-0.10456641977168936,2,Bright_Down
0.0,0.0,0.0,-0.06760676617036061,0.3012909160760577,-0.06230928048372364,-0.23642363355442178,0.5887353250742792,-0.09063004364237613,-0.36953230434884743,0.7977161939647628,-0.13131654278648877,-0.42957475393711975,1.0,-0.16322923744497872,-0.48117199357724544,0.4251005733952775,0.033599269382039575,-0.6284869169338394,0.5237507795432691,-0.07482293314690108,-0.48572820139381956,0.4926527810087726,-0.14977201656314573,-0.36825718752154873,0.43403567371861274,-0.18373303693697796,-0.5253180119771187,0.2415962772878032,0.012809250585858977,-0.6923586952321126,0.34238260248862795,-0.09946688409951622,-0.4960524610834572,0.31295432312153754,-0.14216410523140927,-0.37629074558056747,0.24648949785668225,-0.13979360223940285,-0.5313524156937689,0.03594575363932096,-0.029466606925944994,-0.708278238031406,0.11721337624262797,-0.1451193011951369,-0.507208928204728,0.12817547850506522,-0.1255583772838643,-0.3749296232504321,0.09942615006785721,-0.07582900453866714,-0.5065449429900969,-0.18442876054325166,-0.07773046733314126,-0.6620720657915575,-0.12570064174502513,-0.14651989796724052,-0.5255155973063228,-0.058437518707144066,-0.11397597927616092,-0.4089847713428149,-0.03481176919002518,-0.06788917755938499,2,Bright_Down
0.0,0.0,0.0,-0.06696087182610194,0.32979133123663495,-0.0558612910215907,-0.2039167799829261,0.6049718725407591,-0.08439622497315809,-0.3239475491709143,0.8067617132862271,-0.12806037313381968,-0.3766794095319135,1.0,-0.1616784352936971,-0.42635816141240723,0.4211510012151952,0.046775904858077165,-0.5694755542764027,0.5260662156262427,-0.051434119703048266,-0.438584499169941,0.5130835092168525,-0.12109736489649234,-0.34329630046744697,0.4639696006540364,-0.15353404639507554,-0.46968129628239247,0.26001249954812533,0.028384497810779095,-0.6227362817806921,0.35572441763784957,-0.07413178901179128,-0.44051365634723993,0.3417006615444937,-0.1135137459262382,-0.33728914833445955,0.28157908640677615,-0.11269765595590898,-0.48691666458109134,0.08258009304446724,-0.011406800784429504,-0.6513173536551793,0.16890761735532364,-0.11476777412808296,-0.46827805168333736,0.18391576500293372,-0.09638342762225587,-0.34385697263447096,0.1469326053285059,-0.05075970764411269,-0.4759760840125357,-0.1103067742267382,-0.05817060404524391,-0.6272331297811814,-0.055600047829194164,-0.11780455646423321,-0.5045985197976713,0.01281759836268433,-0.08933189648843978,-0.385759483111011,0.03397436966961706,-0.04818552655395466,2,Bright_Down
0.0,0.0,0.0,-0.06864945804347466,0.3374442659544771,-0.047395635169313714,-0.18289998977217606,0.6119600730057346,-0.07001861968884396,-0.3000421602379336,0.8189118202927453,-0.10485563125539892,-0.3378393705061288,1.0,-0.127057836178459,-0.40835971020490414,0.43492926767767975,0.043695341577745454,-0.5624319199920877,0.5277570652153734,-0.03661715061636582,-0.4272180622695575,0.5009294492806262,-0.08845155081778307,-0.3502872735828135,0.45820820001437973,-0.1140750609478857,-0.45264888825579147,0.27221606564980266,0.026950346861277272,-0.6069929961346927,0.36895001429532487,-0.06024332633088734,-0.4383257153485207,0.3557594969395853,-0.09095715143746093,-0.3708548199211006,0.305352189885121,-0.09022206878617943,-0.4697894384722129,0.09813782718488091,-0.00808216332034424,-0.6335529333770351,0.18712158317263047,-0.08681313169337256,-0.4718166066780602,0.19871109165311676,-0.058437718782955804,-0.38734608897126654,0.16033784899073655,-0.017338228606645675,-0.46163013285707005,-0.09185193486462648,-0.0502498583829635,-0.5990142808101382,-0.02820043969516359,-0.08600769583279906,-0.484401555844425,0.029668453104077053,-0.0494835785480129,-0.4025744074191217,0.030180856956624914,-0.01066384300603781,2,Bright_Down
0.0,0.0,0.0,-0.044889414680717714,0.3021945180020907,-0.06325126667141838,-0.1886544414154263,0.6035910499796593,-0.09792229012034011,-0.31420735994974414,0.8061669533815887,-0.14067346625886493,-0.35334850189370515,1.0,-0.17368597596764115,-0.43912708165272274,0.4549508752450675,0.0005211259289734239,-0.5698276469506017,0.5387769771760518,-0.11222268058365734,-0.43725732090502484,0.5134742576545145,-0.18733574539982628,-0.3336407140886537,0.4507418174184112,-0.22215592765796388,-0.48673761416529193,0.27351894100208274,-0.02180430045336423,-0.6722086573018462,0.33746585501808085,-0.14369357690948717,-0.4912291677516901,0.3353942194466405,-0.18596742671881059,-0.37030372970186537,0.2797812528267716,-0.1805256143150216,-0.49541468426503454,0.07682691475126104,-0.06322412764883759,-0.6668483325091187,0.12802395022269922,-0.17336524572900155,-0.49842200641968387,0.1590515624095534,-0.1576763208849668,-0.39087706387580634,0.13380431009198365,-0.11384782733391609,-0.4725833189156226,-0.13149742262929703,-0.1111403848283335,-0.6169762214998945,-0.0895305168785573,-0.1700018410552769,-0.5035378885344614,-0.02734339665355394,-0.1412865683219063,-0.4110553554633503,-0.015721082519881528,-0.10143328149502864,2,Bright_Down
0.0,0.0,0.0,-0.04374031374514728,0.3062640338807932,-0.06810782169450497,-0.17427298743280362,0.5924250929624724,-0.10999440044535531,-0.3059533064973991,0.7986090154417443,-0.1619023069387904,-0.36206213652568425,1.0,-0.20401975341823636,-0.4418851881499061,0.44363686582203377,-0.0008796950525319198,-0.5916781644323279,0.5455452178672081,-0.11714156982118967,-0.44848718601189713,0.5142346388145814,-0.19486911968781984,-0.33369275838963935,0.45520282953725916,-0.23089401576037916,-0.48995394713286855,0.26738778649576234,-0.020163543723685846,-0.6679697290150326,0.37096086369425446,-0.14402412382126129,-0.47035318706555707,0.3436713591190175,-0.18743018385238516,-0.34551446480724674,0.28213982476510036,-0.1840145602429861,-0.5019551529597103,0.06863686582203377,-0.059126412710455635,-0.682331120306482,0.1600223646993233,-0.17959236932082906,-0.484794018433934,0.16531448040755156,-0.15886143629792476,-0.3548845577441448,0.13148931123375396,-0.10835492988389778,-0.48294899467543695,-0.1480192408022137,-0.10435255659161967,-0.6350096894516365,-0.082504993376264,-0.17778724541988333,-0.5000632963188395,-0.020877555508953552,-0.1483846367963673,-0.38492217749566515,-0.004029226276028214,-0.10397637506033466,2,Bright_Down
0.0,0.0,0.0,-0.03607580700880748,0.29158983998269467,-0.07113112076789156,-0.1803919494603542,0.5834362771181603,-0.10944915006947224,-0.3137374489938209,0.7917092214620995,-0.1574407834494871,-0.36691670924068,1.0,-0.19358196969089844,-0.4741288111557188,0.44338250702336696,0.010168835394199119,-0.6015502065614767,0.5644748391040532,-0.11078467752113966,-0.4444989890625656,0.5204336046026979,-0.18722953742201537,-0.3327656114922316,0.450558925176178,-0.21976114430287788,-0.520515857135192,0.2712889925048725,-0.007784752658251553,-0.6722321138793231,0.3969135159975026,-0.1324230126745345,-0.45770321103124845,0.3536456090446422,-0.16902895455135894,-0.3487596548714485,0.2791229696884812,-0.15816091590220072,-0.5268154786659224,0.07382572210420735,-0.0479998300826757,-0.6870205042495348,0.16937579859906257,-0.17593313219592005,-0.47511507283038956,0.16855711685040756,-0.15048651439699476,-0.35723151197527686,0.13156546248446618,-0.09288219281818891,-0.5009199215479957,-0.14406677122219114,-0.09446779295188387,-0.6463460888305826,-0.07693348414501722,-0.1701386718962964,-0.5052997535960115,-0.01233495875612032,-0.13665886435492297,-0.3964167721984595,0.008317652823283585,-0.086765237250392,2,Bright_Down
0.0,0.0,0.0,-0.046602680585599285,0.28681904068370423,-0.06277396001705143,-0.21103194517158755,0.5934949777183248,-0.09164433657651427,-0.3443785272722955,0.805361284274825,-0.12537364821635738,-0.3975704436772849,1.0,-0.14759894430651985,-0.4898838452483663,0.4620333767169215,0.0044568720389914175,-0.5959382728055009,0.5472928697508591,-0.09322054883872906,-0.437693572406681,0.4936121812521838,-0.1560223210828064,-0.33347274692743556,0.43069401114253375,-0.18541410725222404,-0.5284634124829396,0.26326850860340656,-0.010130612503131747,-0.6507309955572341,0.34283192685323494,-0.1192969481714661,-0.44548452608047184,0.3161029627108448,-0.15398848570034296,-0.33644227061634474,0.26653372668791747,-0.14729364726368996,-0.5221677508794506,0.05312350527331095,-0.04179527658645368,-0.6461092158275089,0.10883885955816586,-0.15287487898067367,-0.44966113874569036,0.13063049055869844,-0.13022594448404956,-0.33797077883529203,0.11790729217433192,-0.08167291942578703,-0.4864699318941742,-0.16476326356151744,-0.07761918000831064,-0.5938343478157626,-0.10908861672691746,-0.14294372757609702,-0.4547297816836828,-0.051012654363216746,-0.11003125050230686,-0.3639445349682652,-0.03006499622890704,-0.064938623738176,2,Bright_Down
0.0,0.0,0.0,-0.037851769382269466,0.29516868955521125,-0.08287710204362714,-0.24299726958351964,0.5964170665589704,-0.11655793097118279,-0.41177962575359955,0.7918232285970644,-0.15202031378956152,-0.46862239017714097,1.0,-0.17322757806356,-0.5309370093761626,0.4406230346131248,-0.009669512124328596,-0.6674047653972711,0.5128202755671404,-0.11783988879110593,-0.49666923479486225,0.4745461393576486,-0.18181307849885367,-0.39325889480861637,0.42532475573073136,-0.2108154702326559,-0.5619230045956886,0.2292527944382562,-0.019496755851147067,-0.6978447045350822,0.2997775770567727,-0.1342695195385401,-0.4874559501607144,0.29459215339318134,-0.1626595286988928,-0.39244709052665494,0.25498015937271995,-0.15130474627904114,-0.5455230885247668,0.015047090363368822,-0.0508248270390075,-0.6768610742432164,0.07006404354732618,-0.16450899942046243,-0.47918537086773794,0.10698127189565144,-0.13183796772961537,-0.3881928061023298,0.09062979738094468,-0.07810806655311148,-0.5025044012419544,-0.2044835109569085,-0.08973422714340178,-0.6112950196909483,-0.1567127886524838,-0.15305772509456889,-0.4690370009124974,-0.08911531839029253,-0.11497289025442194,-0.38972633514317884,-0.07512292044889539,-0.06799838350784666,2,Bright_Down
0.0,0.0,0.0,-0.19610664434030936,0.30447094705429906,-0.08772591801382963,-0.505781296409533,0.5750898378635229,-0.13066239751581682,-0.7170484450517952,0.801925345080345,-0.18054180001082365,-0.8432525059157822,1.0,-0.20907488313288897,-0.7450586332212012,0.23801890169544565,0.0005482263852082806,-0.9061771424819949,0.3580031090928305,-0.1406837295072237,-0.6649434697300111,0.3568389808009803,-0.2161930204730393,-0.5564204222489509,0.29937959148770227,-0.25141957594053804,-0.7241836205420884,-0.004858317642062542,-0.01844546866000574,-0.8853485251216248,0.10239537817718858,-0.1729798558165079,-0.6061950183253928,0.15904724635444234,-0.20275158781592023,-0.5244393406224523,0.10093817096007834,-0.18702865398822913,-0.649238047860865,-0.24388487714261844,-0.06388681208952647,-0.8100540778376991,-0.18417182764048115,-0.21529033965751873,-0.5515915186324964,-0.06699802425686753,-0.15839174049290738,-0.4680426466982832,-0.08785984611006334,-0.07933215105054121,-0.5449283321201311,-0.4734512643709879,-0.11807309979387245,-0.6685730695188365,-0.42361351911070183,-0.19059106774562376,-0.5103339507751733,-0.27024151189304574,-0.13363174529618746,-0.44433842928800016,-0.24299214630354396,-0.07042382342438802,2,Bright_Down
0.0,0.0,0.0,-0.22913842704336726,0.29566360576127326,-0.1062059417064785,-0.5988287068910132,0.5343010050967868,-0.15304486225879282,-0.8504593350254557,0.7298912161981567,-0.20397460957430966,-1.0,0.9264189067034508,-0.22752979643186774,-0.8190634867958508,0.13968609132181609,-0.013567394396556303,-0.9907278024317355,0.2363982064543141,-0.17061845073969933,-0.7362254691920893,0.2703392108272812,-0.24160315191253637,-0.6718262620071489,0.21093602014343915,-0.27563944815337177,-0.762338097207334,-0.11845360224012255,-0.03419412410374631,-0.9257299498190368,-0.03676041516043814,-0.20823894141313226,-0.6394119196845607,0.08173867483542646,-0.22556548074617885,-0.6072235220173189,0.020219473441044133,-0.2000599441060406,-0.6538147708703717,-0.3580032468960832,-0.08687177267397815,-0.8059998681851166,-0.3094092086807239,-0.2621295224428456,-0.5467915443906541,-0.14019326319696912,-0.1860961784237633,-0.5107740405694337,-0.17751746090667722,-0.09311526286148898,-0.5229367027918027,-0.5816730994211268,-0.1508514787848929,-0.6341076157294003,-0.5471546163680551,-0.2354461600543466,-0.47080956086220216,-0.37064718285529963,-0.16747236648010635,-0.42975237893491913,-0.3605568697385068,-0.09673829412568834,2,Bright_Down
0.0,0.0,0.0,-0.25252513199710075,0.23197788671853847,-0.09318079867340408,-0.6036914212669457,0.3727418529250778,-0.13905812849069016,-0.8462035287138249,0.48977754851469035,-0.18790527834155188,-1.0,0.6305291235000886,-0.21318256633464217,-0.7577369408002526,-0.07521042894124205,-0.022767531561204174,-0.9018912063022057,0.02788116543565239,-0.1471999639150803,-0.6757743671833959,0.11224916573426552,-0.20261088510905556,-0.6211353540508432,0.055562541552659786,-0.23202454629268335,-0.6750082531651921,-0.2887659353398545,-0.0373620547600178,-0.8062952298693904,-0.19839492382152604,-0.17895772670916912,-0.566157188606318,-0.04432263313143292,-0.18585443563142967,-0.5306364528920957,-0.10374924696560411,-0.16265556463995146,-0.5495139428773884,-0.4720348496210581,-0.07761265869819264,-0.6843772401721554,-0.43137711136464674,-0.22362180682315613,-0.47290514168367015,-0.23243161958155611,-0.15174482671366668,-0.4305788719582994,-0.2627563032306208,-0.07044536986984226,-0.405780214004038,-0.636402103386842,-0.12754436069666714,-0.509893854658013,-0.6143299730177335,-0.19776530573073994,-0.38506453990478035,-0.41611342158942344,-0.13620068038772493,-0.34573526293712326,-0.3909203862511906,-0.07415115768685483,2,Bright_Down
0.0,0.0,0.0,-0.2721242657889545,0.22126603220584612,-0.09356511477348625,-0.6172236224802289,0.36349074416691957,-0.14637617343985077,-0.8615917196286416,0.5098112702237357,-0.20319444169618223,-1.0,0.6877267407724934,-0.23615912112337678,-0.7986602951185712,-0.07742587766595962,-0.02002639828888834,-0.9233837452627393,0.04747220635321841,-0.15141025834329108,-0.6938813963420384,0.11271792588202388,-0.2177834617893784,-0.6426338021138306,0.05105267620074655,-0.25625631866170473,-0.7160270951905165,-0.31124035215190293,-0.03488883102830275,-0.8216301961303225,-0.18030598960912597,-0.1775551541453431,-0.5878928965056586,-0.05135376908869484,-0.19368788936029568,-0.574425487037555,-0.12013210054283878,-0.1817661362707261,-0.5846311097095325,-0.5128912919975057,-0.0758166051832816,-0.6953093689806183,-0.42133068794178447,-0.21900772131877022,-0.492345188733738,-0.24926608608562606,-0.15307296458201494,-0.4706126210215131,-0.30339656548096816,-0.08095894981737053,-0.43665916839729046,-0.6842513364958651,-0.1269585049130111,-0.5291995920983718,-0.6165361798760607,-0.19120561620407364,-0.41478635478725806,-0.4416305289171987,-0.13208036235503687,-0.3883496068756938,-0.4527909329838543,-0.07548930037665058,2,Bright_Down
0.0,0.0,0.0,-0.24740939091770306,0.32536881568817655,-0.1102416267341775,-0.5825152388271463,0.5523324203189781,-0.17470629191012554,-0.7963948069613083,0.7782042350002083,-0.2408625795160827,-0.9283271312258022,1.0,-0.28055467764610237,-0.8737542299028177,0.14146173519241886,-0.04867801295008808,-0.9625345174633894,0.36614912628014784,-0.200166350467459,-0.7004563265391833,0.356902358042751,-0.2836263635547131,-0.6619131099806909,0.2660224874521209,-0.3350282348897993,-0.8309390274178651,-0.1360441064849986,-0.062409347143824824,-0.9073311315766923,0.09428005030328628,-0.22208517257394467,-0.6210399963962634,0.15484738141454116,-0.2419821637925462,-0.6135248168411013,0.049498711427062775,-0.2334269514311876,-0.7098284126861013,-0.38127262707998094,-0.10322152701160427,-0.8045785744986182,-0.21642301365186212,-0.2618180836988219,-0.5514138739118933,-0.08289779714823856,-0.1837025195870262,-0.5319342209679894,-0.17245065268615553,-0.10308724421446788,-0.5606487877524436,-0.5781677234579208,-0.15698348174745275,-0.6327011665742588,-0.4671706027215663,-0.23297064182685687,-0.4839821696323545,-0.292575150948809,-0.16799953988276967,-0.4526350800053243,-0.3168619311625336,-0.10670707955012174,2,Bright_Down
0.0,0.0,0.0,-0.1854774456412004,0.32439240213078135,-0.07319245661084321,-0.4447781475181385,0.582319672462152,-0.11787395612802386,-0.6133657716147562,0.7970741784809221,-0.163719929669665,-0.688251442967451,1.0,-0.18577124242112603,-0.6880760268678521,0.2591081409081538,-0.0362473402063915,-0.747318776253081,0.4527539123245396,-0.14791820512253395,-0.5403932409541332,0.3949734360797477,-0.20734568693090674,-0.5531980494523207,0.29083238339894907,-0.24977799834974385,-0.6578523146636098,0.03654520967395702,-0.05294323255786698,-0.7256691989591222,0.2243805707541121,-0.17735004753709832,-0.49927020951455225,0.22977326973200868,-0.18983108722463662,-0.5227756834745424,0.1342290228628956,-0.1841031422922561,-0.5788821970370549,-0.1698057599675806,-0.08783055729231634,-0.6643792671772815,-0.038715523403809134,-0.19858455250733922,-0.4568810082316626,0.03869313588867454,-0.125291618247994,-0.4640005214307322,-0.03814109943953281,-0.06032377993261202,-0.48712399070209655,-0.34490191647048074,-0.1325243885400448,-0.5357849551647501,-0.2592155443035464,-0.1718541251112552,-0.4094111162514231,-0.13792877227858855,-0.11201451111169018,-0.4058350649415055,-0.1738128417904061,-0.06379626684547995,2,Bright_Down
0.0,0.0,0.0,-0.13547359606435622,0.29000433170074263,-0.10354797534072986,-0.38513258836903885,0.5497366651308568,-0.15248095971158962,-0.5438370320984264,0.7783860816471823,-0.1974486697914931,-0.5933688306696545,1.0,-0.2181366250715771,-0.6279757005650513,0.3309435911095082,-0.04774822164934051,-0.7049888453880622,0.4489227410428783,-0.1654806976312869,-0.49933659630892774,0.38247373475598406,-0.21481316145358956,-0.5156041867776421,0.3082346982188741,-0.24463518742118423,-0.6254759425171456,0.10089995149928958,-0.049864893189515175,-0.7084719904950739,0.21899022017226988,-0.18799597714730548,-0.47232426488611984,0.2181733733581379,-0.19515158970521201,-0.5011262146201931,0.15993322949383623,-0.17559677673349158,-0.5756568344504489,-0.12085458858355591,-0.07489009394771445,-0.6627471806032451,-0.04508291305358433,-0.20733949562982606,-0.43771918722845876,0.016892392116249502,-0.13820088334296105,-0.44642008784170734,-0.02792788917684175,-0.06528579780910444,-0.5129873818191544,-0.3207104650967216,-0.11105832172238109,-0.5586702809208572,-0.2700918811354846,-0.16843818285704404,-0.4134291270616593,-0.17250729371826187,-0.11546791587428179,-0.4046415097148936,-0.18681403823973577,-0.06560123165057853,2,Bright_Down
0.0,0.0,0.0,-0.07315937534777005,0.297171544923081,-0.09210625225393745,-0.2522427119203979,0.5728754678358643,-0.1339795299028902,-0.37075850714418834,0.7953451277559584,-0.17001989018025132,-0.3968233843398094,1.0,-0.1825507830593859,-0.5106343919105553,0.4480162257774943,-0.041870069843028046,-0.5532704098863994,0.5507700378216392,-0.14022366360110736,-0.38108198733078624,0.45039792462337297,-0.19127832036849005,-0.408202450698846,0.39741662933909555,-0.22772353191016292,-0.5311100026871007,0.24383677297970652,-0.040901831095277535,-0.5717255485639269,0.35777698904488764,-0.1486327207411724,-0.37575392308837124,0.3055499952712355,-0.16179980197698685,-0.41845835980775425,0.2658174750189847,-0.15677751805276383,-0.5103797288704452,0.0368153387799497,-0.0587927989553003,-0.575603135443319,0.1300364217796357,-0.1613597725799352,-0.37937721021301724,0.13256391915156884,-0.10073434776311277,-0.3955115608906837,0.09175946488550274,-0.04293391697327348,-0.47817738764158896,-0.1481946352197168,-0.08720323945575736,-0.5193098885912775,-0.08771730973625362,-0.13263066648353453,-0.3851217205776092,-0.03412811694301179,-0.08466676590795731,-0.3803906552832409,-0.051248787383729004,-0.041684343984944985,2,Bright_Down
0.0,0.0,0.0,-0.05310871996290538,0.2591688146087336,-0.0979840766242489,-0.1994432397785233,0.5499210229464505,-0.15048695272354715,-0.2831576988867718,0.7980781032648719,-0.19977432362784536,-0.2891754678714625,1.0,-0.22908941016896703,-0.46272407273194854,0.4647591382514875,-0.050910648451480335,-0.5196481904683975,0.5819751618018945,-0.16354740548148528,-0.3516574465888147,0.4841668420088762,-0.21686407034602367,-0.3277492927864215,0.4185892209350805,-0.2454283360664269,-0.49625339969061844,0.2713314756800355,-0.05494475595111017,-0.5445313200151184,0.36574948079223507,-0.1783184341265576,-0.3357515946399835,0.30804435963076826,-0.19244524757900672,-0.3370016384755359,0.26850469137822874,-0.17896787001170453,-0.4847771303104336,0.06517287280676119,-0.08017028225779928,-0.5472197787960614,0.131157555690634,-0.20760823912166748,-0.34687523135430426,0.13032212312140304,-0.15887820378047102,-0.3356094943909975,0.11103740244154285,-0.09775453358065883,-0.45467781356057685,-0.13668436648859691,-0.11429636633536287,-0.5151317891529412,-0.09762968991704365,-0.1804849149791883,-0.3717130641635592,-0.05052875417411871,-0.13509647292881444,-0.3337410039705269,-0.03897004960236283,-0.08619606492941059,2,Bright_Down
0.0,0.0,0.0,-0.08800687792524839,0.27535070780607857,-0.09154814128022437,-0.2098232862651538,0.5537492717840597,-0.15949448904197588,-0.2702612462301202,0.8011311620939329,-0.22927955883181378,-0.2809952482671433,1.0,-0.2875492806037861,-0.5547129194424739,0.41471167107229057,-0.044542150651422294,-0.4991288654891035,0.5684838791815447,-0.17180794872655436,-0.3428244969860777,0.48383261535534955,-0.2625586248032241,-0.2880019736138137,0.40470402728184235,-0.3139847576991655,-0.5940007886529095,0.2213863150886343,-0.05796118966521976,-0.5392653291932358,0.3657158659924147,-0.18374726889486637,-0.35495201700953916,0.3091014112527692,-0.23071006040416575,-0.31697134495044166,0.2472262155756968,-0.24451653305495102,-0.5702566143804318,0.013228760863792906,-0.090839469825992,-0.5465993801742962,0.1321886554854971,-0.2176303794618246,-0.36589903459372486,0.13535181251461387,-0.19721777763543918,-0.32592988717111393,0.10161386523150331,-0.15718988064876704,-0.5131917308355362,-0.1849400980465979,-0.13253435279624115,-0.5236753157583948,-0.09326514193770831,-0.19815004575067763,-0.3943915978742039,-0.034122366037990084,-0.16435851948437452,-0.3490846771476921,-0.03728242691089807,-0.12380689219420969,2,Bright_Down
0.0,0.0,0.0,-0.014103127179854362,0.2948314615035413,-0.11757246318718871,-0.08344731626480456,0.5921746073340296,-0.20735429013735485,-0.08454347160145712,0.8203907037169631,-0.28703109654844877,-0.06509538765884103,1.0,-0.3513361389860227,-0.48119078638995816,0.4698932509555989,-0.14461722040292954,-0.29110145772666485,0.5631845588497627,-0.2753189043731033,-0.15497520425273822,0.4702793043165884,-0.35205986601258754,-0.1693152781417276,0.39867833930621116,-0.3997973694111612,-0.5474497472445411,0.26041070762916735,-0.1535033217437822,-0.3210797683679834,0.3562866538474314,-0.2686993748464185,-0.17274128642625064,0.3028309349552988,-0.2921837955387802,-0.1994517993063834,0.24754521486982078,-0.30223557688347125,-0.5371997721571623,0.04394278831899474,-0.1793582859987841,-0.3372942555801196,0.12324476742683993,-0.29016193640519816,-0.19167930751524592,0.11629888256128812,-0.2642768924667157,-0.21675259983194745,0.0805958360860242,-0.23758540237209697,-0.4917820336326539,-0.1755750509632265,-0.22013364981532385,-0.354646972778194,-0.1181682518475323,-0.27999352708529424,-0.23312259101103414,-0.07552817832761881,-0.25654459918918665,-0.2345233569664916,-0.08027437100244697,-0.23265991571480482,2,Bright_Down
0.0,0.0,0.0,0.09626826656434237,-0.3940398861215008,-0.1698330449193225,0.08180578763009315,-0.790024926470117,-0.27582714151476545,0.002633242404927548,-0.9537972629507016,-0.3702330138413328,-0.07206814315701866,-0.9438769952389802,-0.45276637320805796,-0.4589248485584072,-0.9805599541349934,-0.20495596741507544,-0.2993581236055896,-1.0,-0.37708555509364194,-0.10696143200742705,-0.8757860432121637,-0.48596629797256063,-0.04113451812907863,-0.7965697739505007,-0.5474756045960361,-0.5836276853060475,-0.6477237304292532,-0.20774368099851276,-0.34729248327272905,-0.5531605128226391,-0.3529496984813426,-0.10366177497726162,-0.4526513916493875,-0.39888201084585934,-0.03517410270550014,-0.4327752362134532,-0.4234616570053247,-0.6161312294030576,-0.2929457674944205,-0.2319073834142281,-0.37594642750121277,-0.19652032055749655,-0.3919080741409253,-0.13399117905256797,-0.14157353007139456,-0.39357135439352964,-0.05726529521451729,-0.1439082428478219,-0.37488175528640466,-0.590879467531699,0.031620770877379335,-0.27198606971801287,-0.3687123610489698,0.11812990788174758,-0.378553443558148,-0.17565641652120256,0.1629888846714459,-0.3644197665513749,-0.10149781210198405,0.1660084817092178,-0.33673088436767595,2,Bright_Down
0.0,0.0,0.0,0.06662057899373192,-0.41763732084187843,-0.19475648679088076,0.0740511758136825,-0.772495138829481,-0.3402735164943089,0.0671611457796254,-0.8001107491404803,-0.4647216782666651,0.048451708519360294,-0.6673814880152783,-0.583422185076928,-0.5063020653905468,-1.0,-0.3299956089825577,-0.043331815060495854,-0.8416435264930903,-0.54027181132748,0.10025687326737709,-0.7280498209285818,-0.6515062596279778,0.0005502775664783854,-0.6925534497548028,-0.721779768387333,-0.6407746428398021,-0.5790956951184831,-0.3456908026085863,-0.10030681442467093,-0.3559745577548675,-0.4990911653756039,0.03624294523350959,-0.31561100462649333,-0.523237425915847,-0.08288613647346067,-0.36296493252163536,-0.5479892229882778,-0.6547540051189686,-0.12325778191898897,-0.38157996907679853,-0.15496324931966735,0.08945339865760019,-0.5454572525552926,-0.014938417466457346,0.09499987283501615,-0.5188812737895329,-0.10887311015493319,0.0007477301050382766,-0.4979397442491071,-0.6095572577680465,0.2824567812461706,-0.44001005376867774,-0.16823326219801207,0.5517318714755068,-0.5811285333841308,0.014844084169346764,0.6790166216194345,-0.5734208903061834,0.01161455599767866,0.7080426072058617,-0.5512548197735471,2,Bright_Down
0.0,0.0,0.0,0.04602001075216016,-0.3501970910496238,-0.13973023454034192,0.04784902589638004,-0.6737189188063104,-0.24028371144413646,0.06360440553712865,-0.8333576734349155,-0.33562872547530154,0.08346507811897144,-0.8704294550516978,-0.42209680348522083,-0.388368109917773,-1.0,-0.19759583668363137,-0.055603846033658214,-0.9828696703414905,-0.4175619715243929,0.059220211170044626,-0.8338761494852122,-0.5570584949288354,0.0601534255451173,-0.7470404455960465,-0.6358259865867705,-0.5247700391843749,-0.6909187612440109,-0.2238214856874622,-0.1544463413426085,-0.5855089026313032,-0.4114486733470945,-0.03245885406801751,-0.49019667864964944,-0.4656835215275709,-0.03091341705052814,-0.47106450849682124,-0.4870678419529976,-0.5668025248231835,-0.31494433344366096,-0.2750615979197769,-0.16675626800131202,-0.17676440758637388,-0.4578301186644522,-0.038130416602627754,-0.11766812898595735,-0.4584699232123736,-0.05449334218505237,-0.14896822415681743,-0.43259493376152247,-0.5521453195472699,0.06139572732368785,-0.34377673391292,-0.18595242392336503,0.2182242099617552,-0.48511027068273554,-0.05904759839725214,0.2545978877043373,-0.5000182640358684,-0.0709761613682836,0.2086669468435565,-0.484867347965853,2,Bright_Down
0.0,0.0,0.0,0.05596495712072226,-0.34562526852959824,-0.10955098034327636,0.05164058692147158,-0.6299068350863352,-0.20280936981202438,0.052961158267980896,-0.6778259725854732,-0.2936161098337248,0.03941950654008932,-0.5778417086409411,-0.37080087253852684,-0.36351152533455816,-1.0,-0.14535511094978637,-0.04359967867799846,-0.9289121238547403,-0.34824964146231224,0.06569341488316519,-0.8055565760307853,-0.4780216837763886,0.06983901091917227,-0.7321695855641631,-0.5511578010490964,-0.5085908843643527,-0.7306445044331081,-0.17701487336481708,-0.09598993835434651,-0.5396117378793573,-0.3320805252294414,-0.019222741016549184,-0.4562959054233598,-0.3797946372493321,-0.08588546548371868,-0.4715504493812744,-0.4024074570070597,-0.5541727952479862,-0.38202545626211515,-0.23232098139038218,-0.09754036219645473,-0.1332166127953973,-0.36780544758546485,-0.02582638356959354,-0.09814308651824744,-0.3505368211348648,-0.11456437746023208,-0.18939334854026968,-0.3227473597342694,-0.5403136720389939,-0.03379146013503147,-0.3060384584900995,-0.1503082086219832,0.15548696215743874,-0.40538647795723065,-0.05735232320954237,0.1576135888795398,-0.40079672144174733,-0.11995353443396661,0.06737978567138833,-0.3778407191385074,2,Bright_Down
0.0,0.0,0.0,0.08754860957676423,-0.30494709528484903,-0.13997967491302085,0.12362601072008614,-0.5994735263110618,-0.24924339161530176,0.12370898776421291,-0.7045782388396364,-0.35488393232033655,0.07514588988672263,-0.6347100020802972,-0.4472676181723787,-0.3552560379987894,-0.9599305028115324,-0.16649262627927505,-0.18423604464086693,-1.0,-0.40279302333617323,-0.06041002793234318,-0.8750258080134298,-0.5443761519503959,0.0006235020344053354,-0.7426987539940041,-0.6093959069450171,-0.5288252270567005,-0.7047939008741357,-0.18744129656235792,-0.2656498325683724,-0.599226747885015,-0.3765001861925171,-0.09433433134103623,-0.5168154741228064,-0.4328150328014273,-0.05092402962358755,-0.4914971035336283,-0.43839646214755057,-0.5939809939514823,-0.36478704743997226,-0.237319526771599,-0.21238874666893157,-0.12973871820428282,-0.40907219862263483,-0.07374819637456856,-0.09308165195552821,-0.4061846366271387,-0.09585649041938046,-0.16398377485666402,-0.36919531972586944,-0.5815320889255589,-0.023790144792984996,-0.30538565477895424,-0.22962957599317552,0.19200946721105347,-0.4256384969873413,-0.08922537210996728,0.2427810460861157,-0.42418331643105456,-0.0999736391324437,0.19771061638440446,-0.390379760277612,2,Bright_Down
0.0,0.0,0.0,-0.06830781885505403,0.2991276923263022,-0.10938765081542724,-0.21262554237730028,0.5718940269585872,-0.18013911924590914,-0.292520977670231,0.8011824140425758,-0.2443254464864978,-0.327481230573312,1.0,-0.2898674293656613,-0.5650529759684937,0.4044901209412265,-0.0982994387566159,-0.4874857191242899,0.5356617176788941,-0.21126362673424828,-0.3221495320608394,0.4541991501093441,-0.2738778351342729,-0.316481449596069,0.3985516701965105,-0.3146065773800051,-0.6066449085187499,0.19437227331466364,-0.10226529327609,-0.48957660147200793,0.3280025356195088,-0.21456651757726972,-0.3040681868544652,0.29434071962487657,-0.2383588940410997,-0.33144011194610856,0.25622393957339723,-0.2453820672150071,-0.5642278444068511,-0.01989941424924481,-0.12289837585281682,-0.47380696296765284,0.08530691882851908,-0.23484055146428537,-0.30116581361034694,0.10898312443812684,-0.1953642088818089,-0.3203203960631496,0.08620063977293697,-0.15551741285530893,-0.49009082881454125,-0.20526344371205224,-0.15550842095451828,-0.42379668099451256,-0.13335603345926497,-0.21640898861208918,-0.3057333774982042,-0.06860495372339974,-0.18353106046956946,-0.3086396113079571,-0.07167281654772265,-0.15096283011939815,2,Bright_Down
0.0,0.0,0.0,-0.06004760680857439,0.2955996636784332,-0.1161025383531199,-0.20146617604703335,0.570253364830115,-0.18855082439177104,-0.272495637764624,0.8009973406831564,-0.25293929130013115,-0.30202451634401406,1.0,-0.29830203490401563,-0.5686136034582743,0.396529455905582,-0.10419125446749507,-0.4739700797795053,0.5362771372370227,-0.21902118379346996,-0.315036182982697,0.4575705287248841,-0.2825467127185454,-0.31645586296058553,0.4025128542257823,-0.3242668283387707,-0.6088104884799531,0.18508289861661278,-0.10559505636066001,-0.4773382033660571,0.32421321547440846,-0.21874349893607728,-0.29252046149931743,0.29347001455585275,-0.24373271443115063,-0.32847380527704556,0.2545255528188888,-0.25223456910768655,-0.5625530991567421,-0.03073235183575522,-0.12433884074030559,-0.4615657034661528,0.08003458790921385,-0.2389833992795024,-0.2944110433330449,0.10220946737461237,-0.2024447700869454,-0.32740336244073365,0.07109972244429835,-0.16483390602207823,-0.48602573557427164,-0.2178346005664771,-0.15532352254574794,-0.4156712417937667,-0.14435169626701141,-0.2189960952894939,-0.2981325370450973,-0.07739283624730225,-0.18872087407798716,-0.30675859111744264,-0.08435381442127247,-0.1582518708116383,2,Bright_Down
0.0,0.0,0.0,-0.03488033008566137,0.29146460124039014,-0.11427727141033928,-0.143570068614812,0.5645854579532863,-0.19153002669189173,-0.20674992315441187,0.7933500365183461,-0.26234557298994376,-0.2291940490674818,1.0,-0.3162846581249357,-0.5381119143917893,0.4105561229687107,-0.10554807201991524,-0.41199154895652146,0.540284447584823,-0.22640843325331586,-0.25700878182605974,0.4628370666236306,-0.2981956772290605,-0.22635142997653238,0.4006033952460146,-0.34124678854280405,-0.5849095740128251,0.2067386045655118,-0.11210146345703392,-0.4177627575439985,0.3346866041702514,-0.22205004526963854,-0.24912646564598429,0.2964506304136079,-0.25350394281300875,-0.2533082391315158,0.2455705211040177,-0.2665805692783368,-0.549300021581624,-0.005542166131195672,-0.13632612104110528,-0.4060290689341488,0.10725660169415113,-0.24597790783297335,-0.2511882292779847,0.11782562022369855,-0.2211555111179585,-0.26224560040726574,0.0854709887397845,-0.19199111611751912,-0.47378392254219065,-0.2003022699112101,-0.17367910179149212,-0.3852964662729578,-0.12352891727777508,-0.2346518473924717,-0.27118626823707637,-0.06934060063045812,-0.20941837288199747,-0.26456324045350155,-0.07151834800489523,-0.18242558905470949,2,Bright_Down
0.0,0.0,0.0,-0.031649867457688614,0.29379538133487754,-0.12235955900331913,-0.1422778551934222,0.5714681525721147,-0.2013471009292547,-0.20316284958209546,0.803604835383696,-0.2721092739209506,-0.21801206632433037,1.0,-0.3251059717486509,-0.5385448917590205,0.4303447473987029,-0.10830202305889759,-0.4106572719665442,0.5659823841739977,-0.23594964127903206,-0.2576925807090956,0.47472625859222484,-0.3121608024636619,-0.2397213240339575,0.4066966497160753,-0.3574679090671669,-0.5852294512348862,0.2237858429698637,-0.11199336109636564,-0.4173870477195573,0.36297575107945845,-0.2302954917340571,-0.24508814909667942,0.3114076453977325,-0.2615430190484082,-0.258471882177149,0.2570677147588707,-0.27098983903791063,-0.5493487629765906,0.009435959254465718,-0.13537112506597415,-0.4021276990914256,0.12851172246996076,-0.2538092534143563,-0.24778911690107197,0.13259713981350194,-0.22752392120116807,-0.2703967466262709,0.09815992751962056,-0.19368972617531474,-0.4769966133588504,-0.18761841858538592,-0.17253896149051967,-0.3858486180819821,-0.10472585405767237,-0.23596743507479503,-0.2685122262299695,-0.051446109255368924,-0.2086191024568179,-0.26456483404033593,-0.05550837399244818,-0.17848002207834654,2,Bright_Down
0.0,0.0,0.0,-0.022839178671883065,0.26088910697684975,-0.14266591829246486,-0.12214005177098218,0.539349239916407,-0.2344597689177103,-0.17290694369372922,0.7787433982034312,-0.31234318651104326,-0.19245625994092252,1.0,-0.37343857065721087,-0.5281691875476202,0.395784536843996,-0.16417435045036496,-0.36512463533229766,0.48822062088092594,-0.30471073059428644,-0.2123634286416469,0.43125607318234893,-0.3827515562177398,-0.1787208698277797,0.3911749378186388,-0.4271649757124234,-0.5786404983254553,0.1612218018216987,-0.16273275235824716,-0.3657728104646796,0.261705553023189,-0.2924961442183078,-0.20489668359615976,0.25349113713221527,-0.3327239631089873,-0.20204576470689173,0.22904037699326998,-0.35037317415918323,-0.5418010689077696,-0.07431125856956992,-0.17928941329872106,-0.3408462975278844,0.012841450882744233,-0.313972446110719,-0.2010516378599593,0.04304026794928957,-0.30676710218074627,-0.21016428278259205,0.03933208071136529,-0.28626764684712563,-0.46395556762235135,-0.28935249186252376,-0.2095539092982738,-0.32460704728551065,-0.22758668788872866,-0.2984612512516168,-0.21011806363352808,-0.16508649761528565,-0.29016781998903973,-0.19810745038844843,-0.1412335420390837,-0.2714190360093164,2,Bright_Down
0.0,0.0,0.0,-0.019614109981463797,0.26267033646014715,-0.13919377946682218,-0.11897292591136326,0.5490771218333989,-0.22631377855405468,-0.16643655563669044,0.7872173229231029,-0.30058677678469,-0.19064567769477053,1.0,-0.3570572452450618,-0.5285044655395158,0.4011579509071505,-0.15487374737953355,-0.37629893838117173,0.5056864011683424,-0.294789298831536,-0.22208700780767288,0.4369725608043588,-0.3704527754927729,-0.19163146660675168,0.3844665224962085,-0.4128550742626431,-0.5824400381958097,0.16894034713250575,-0.15483054890174888,-0.3696323653316857,0.28086109082738864,-0.2843293868784944,-0.20532578778857496,0.2608081503117452,-0.32137056322517754,-0.20411896871313823,0.22500800426894343,-0.3355248841261493,-0.5487611638487895,-0.06359616356793799,-0.1740548018366475,-0.33920181991799137,0.03014843003988092,-0.31010627490298465,-0.19732601246980846,0.050290540920069654,-0.3021212091837238,-0.20731674436892658,0.03922611357636353,-0.27967548374419116,-0.4734272313655002,-0.2764234960399933,-0.2072911770262223,-0.32268606414649215,-0.2138831938437342,-0.2995296164746299,-0.20764843003988093,-0.16539445599056338,-0.29407504070088386,-0.19768072796719655,-0.1530507498736168,-0.2758355936975698,2,Bright_Down
0.0,0.0,0.0,-0.027274827931027885,0.2469371480180185,-0.14681926675111603,-0.1279247155224393,0.5289901621419985,-0.24013553290654807,-0.17463361883677175,0.7748840567746919,-0.31931037803233403,-0.19791766338661898,1.0,-0.3791984421567852,-0.535822079383228,0.3895403886872202,-0.16662560364783924,-0.3779313563550769,0.4976140130994351,-0.31422792745369615,-0.20407292976683966,0.40706404647497463,-0.3928943739969928,-0.16230651969813775,0.33972229037604823,-0.4355265915466712,-0.5889884426661929,0.14338071793541798,-0.16377895361229292,-0.363219555638324,0.2624384223438169,-0.2968053102915567,-0.18288053327742657,0.22685255666344004,-0.3318687995078442,-0.17770011256568355,0.18071276556546903,-0.3440999636072459,-0.5520331373264208,-0.09938398779572057,-0.18090594661185563,-0.3314977976713956,0.0017127635660785698,-0.3146443719261955,-0.17986916560008706,0.014644821135956552,-0.3014732443813642,-0.19265755268322485,-0.0061854000508987685,-0.2768021940986932,-0.473738148970014,-0.32286185897042247,-0.21319601346861672,-0.30386850637248586,-0.24886584575502269,-0.2972643132183787,-0.182038789888911,-0.19220140602850502,-0.28647940464622057,-0.17664614815997523,-0.17714713828669945,-0.2666898483480977,2,Bright_Down
0.0,0.0,0.0,-0.028755705972509635,0.24741167343400897,-0.15661001006951775,-0.13031272131516633,0.5314135821728379,-0.2556393940368464,-0.16708607092402034,0.7796829242090484,-0.33814403472058285,-0.18332622283541183,1.0,-0.4009480893356732,-0.5561513547004898,0.35254147516942114,-0.1867072561097444,-0.3715865384827349,0.46351168264850884,-0.329328829825817,-0.20465271990139455,0.4020361252484204,-0.4029440132053869,-0.17578297163359563,0.3532849545146126,-0.4447774018208209,-0.6009661557444471,0.10227315980779171,-0.18010301682255578,-0.3504796022275282,0.2242649084950194,-0.3113475856684639,-0.18164821390807515,0.20876382707719737,-0.3467796523926122,-0.18611114744331428,0.1690452176231205,-0.3624925056500114,-0.5539010768326164,-0.1398104164410192,-0.19219258396591238,-0.321989015199222,-0.03159162629750666,-0.3277332664238119,-0.18096013913160025,-0.0034641816811333335,-0.31968858183085247,-0.19632410526397778,-0.01840739640705046,-0.2997233360733802,-0.4656141170253243,-0.36043699361583587,-0.2200680259716577,-0.29533809499105956,-0.2906301762673575,-0.30883237255853785,-0.17984558144155632,-0.2183407345705257,-0.3033641106321901,-0.17400444088927713,-0.19155901843091028,-0.2875288015209896,2,Bright_Down
0.0,0.0,0.0,-0.03613671449164019,0.27767527115537805,-0.13594347750977026,-0.1422388698370395,0.5664903122573874,-0.22583802422327087,-0.16774520134653828,0.8003466027241078,-0.30308426037945935,-0.17542876773716903,1.0,-0.36187627071859896,-0.5453309613949402,0.3519355404457006,-0.1725431421898374,-0.381214167025183,0.4821132364621674,-0.291810552432416,-0.23739801786928316,0.4599684833068142,-0.34832951734539114,-0.23700073648744893,0.42798140896492165,-0.3849106091208575,-0.5826274485896222,0.09889055923638762,-0.17427635445106768,-0.3294950654763057,0.25295627911169616,-0.2865866634261886,-0.17507482614244402,0.25291048340331745,-0.30873659929775027,-0.20008650621506993,0.207450802840663,-0.3201070452612703,-0.5275142638462674,-0.14157447090065567,-0.19144840878298053,-0.28813908488906315,-0.004225773709102771,-0.3090256034447901,-0.14996722067434975,0.027374565265818804,-0.28679072159049435,-0.17479340645814836,0.003235459573657846,-0.262442140260639,-0.43329992317300403,-0.36279735789100503,-0.2240944826461129,-0.25854118854454305,-0.2732612583042644,-0.2986608572411387,-0.14375980743265793,-0.20195618463096027,-0.2819057677777055,-0.14260147938918638,-0.18812169118783667,-0.2611338384955251,2,Bright_Down
0.0,0.0,0.0,-0.042203143388191755,0.2837148145458617,-0.13395985350773185,-0.1536427570861491,0.5498251917845959,-0.22024543426901652,-0.19905603009351006,0.7800928171478905,-0.29312169253062403,-0.2252234923172524,1.0,-0.3472990739495668,-0.5543731987713812,0.3100017350553804,-0.151910617638871,-0.34742571551632867,0.4767117319123248,-0.2706525174801661,-0.2110495311192992,0.4349329287457656,-0.3364611793976961,-0.2255075868483911,0.37174032706625415,-0.3788920141588932,-0.5708276768495385,0.07587042406859955,-0.15192080346718256,-0.31665509039195067,0.25513767636727075,-0.2558614475275004,-0.18815372923268978,0.24956720623378237,-0.2795993818248889,-0.22540558998257737,0.1962095414741984,-0.2941461651264498,-0.5073296389033785,-0.148467801973085,-0.16904402967793802,-0.2846228083839206,0.02186585527420804,-0.2767700081687946,-0.1666257385764896,0.047328485895330154,-0.25370991649356817,-0.19695871954021588,0.008390905205554173,-0.22998722629297247,-0.4082346947882373,-0.34781319274026223,-0.2016588960260123,-0.26545987005377564,-0.23655955702317713,-0.26752901937015694,-0.17645707234626606,-0.17546509739314858,-0.2494271221453032,-0.18030523670756335,-0.18262760556259863,-0.2284113677870159,2,Bright_Down
0.0,0.0,0.0,-0.05763086180926805,0.30064413406744855,-0.11344336018076039,-0.17069313657448687,0.5666345139383375,-0.19355506665709601,-0.2193318928145826,0.7913464204366185,-0.2658393157692749,-0.2501963256796722,1.0,-0.32338221192252137,-0.5426883151683399,0.3341395428409484,-0.1237239063999999,-0.38696088667741524,0.5181242046367431,-0.25001092935114483,-0.24334545790445378,0.4634719453439146,-0.3344877820513386,-0.2207543743356458,0.3864562541839199,-0.3864664319838288,-0.5596485035863342,0.1112075829606664,-0.1311105618835842,-0.3610422075273459,0.30999179169404706,-0.23215103161950412,-0.2196538300349116,0.29729440188614764,-0.2628917489027366,-0.22433995695934394,0.23069849035220014,-0.28077624285664354,-0.4936767895152317,-0.10592677404010852,-0.15569741538042228,-0.32927563988780295,0.06695706606422319,-0.258212095567359,-0.20745301062543137,0.09895360838195529,-0.23439550522413652,-0.2169168170793981,0.06056136504660916,-0.20838781849474128,-0.39173692645879854,-0.3048357402786506,-0.19410349409079314,-0.30056610938459294,-0.19341744968057023,-0.25351894847115486,-0.23100607977620718,-0.14199194145771152,-0.2287484175603308,-0.23641615550934197,-0.1567860225681271,-0.2018252731027547,2,Bright_Down
0.0,0.0,0.0,-0.07756603966368865,0.2917340021862757,-0.10466082796265072,-0.19713096799387506,0.5566605128090284,-0.1832144795470008,-0.24844714237525842,0.7873937829708436,-0.25638971962443025,-0.26210590700350056,1.0,-0.31551808564225914,-0.5899229764702424,0.2878278188890304,-0.09717334096203348,-0.43718964192386667,0.48885181333516226,-0.21709520994785067,-0.2908992423616817,0.43119236007205475,-0.3040451068625705,-0.26607787452568876,0.34125832625336444,-0.3584156638030162,-0.599617331763843,0.07131205936816351,-0.10782748109922857,-0.4014545312034174,0.2861521407166561,-0.20343934962315655,-0.25853592308564405,0.26750273284466386,-0.23915395526072464,-0.2501592118210053,0.20067267869164973,-0.258905843757863,-0.5336923005863194,-0.1341925406287572,-0.13530270004172615,-0.35539241689842777,0.06527334745128119,-0.22369419001243118,-0.2322093561963841,0.07504132509024336,-0.20199829018920878,-0.2374012711751722,0.01707534533218934,-0.17840567019948234,-0.4340644713397727,-0.32175554302078363,-0.1773266864397879,-0.32684514253482017,-0.17791287649221715,-0.21853989101333118,-0.24194934054813655,-0.1422358518427281,-0.18881789584777187,-0.23482868808059829,-0.18231971973120845,-0.1597167568009153,2,Bright_Down
0.0,0.0,0.0,-0.09608067892261457,0.3003953325759222,-0.10610230671937093,-0.22061381828663695,0.5619591763660705,-0.1855905112749849,-0.2657463070577731,0.7967305399200327,-0.26033353384080704,-0.2823660953054397,1.0,-0.31946872764497386,-0.6064135419704475,0.27261874333558905,-0.09736650958544765,-0.46260498382525644,0.49862123400963615,-0.22022579628376193,-0.3051103857279423,0.4607229035043964,-0.29898266618657837,-0.27462552625623093,0.3877952467760296,-0.3462737344402803,-0.6114706124108081,0.0659935728899363,-0.10909529226850713,-0.41175503567676636,0.31852787877218325,-0.21441268114526044,-0.24966614608726592,0.30494599223297036,-0.24521026475793134,-0.25009458255875094,0.22905108921950249,-0.25918344792831616,-0.5378510392258643,-0.13014475635420267,-0.13930828846099613,-0.3588983046076344,0.10312088664392932,-0.23866399404125452,-0.22423976453446803,0.121799534518693,-0.21564223681554112,-0.24368351775055652,0.05203307462000894,-0.18952490644767125,-0.4314124441371762,-0.30571222355713745,-0.18327876293890605,-0.31741315575833257,-0.12902834436608854,-0.22952627381308535,-0.22855312330750704,-0.07402999393095248,-0.2028130522129061,-0.23360343785081403,-0.11667321613353256,-0.17643808289593854,2,Bright_Down
0.0,0.0,0.0,-0.08528340921087088,0.33057291151471946,-0.09014699062822924,-0.20171353252515375,0.590816651583809,-0.16073783841290218,-0.24763109210516634,0.8057665838540121,-0.2302980157447978,-0.26097131423056036,1.0,-0.2865574323120702,-0.5627832463923085,0.32373861939124116,-0.0694116251898004,-0.40486940588800974,0.5226944550946405,-0.1919611589905252,-0.26326875908275515,0.47561822684999355,-0.28009440397946034,-0.23685808952105183,0.4022847463668298,-0.3330312318760162,-0.5669571240819145,0.1170233551305832,-0.08638787449186058,-0.36606899310548546,0.35207504423351155,-0.18899733318758444,-0.2219430917105868,0.3290177558070364,-0.22621329654618666,-0.22170683448287326,0.2505016037969016,-0.24395248110177647,-0.5002502909615396,-0.07698007128046785,-0.1214921696591604,-0.32291458034094617,0.14607618164720065,-0.21674197386813607,-0.20008698189975335,0.15076562874261287,-0.1976487724355507,-0.22146212976489543,0.08062584457871412,-0.17392149243749092,-0.40137050992048734,-0.2502468165905439,-0.16934676770986115,-0.2788391186379158,-0.07486302122036805,-0.21086720423255806,-0.19760151226425712,-0.039284099725075065,-0.18457658781374348,-0.21327923669567972,-0.09145280210064557,-0.15942536070678273,2,Bright_Down
0.0,0.0,0.0,-0.08452354654134928,0.3169100597715617,-0.08473029981514299,-0.196707399055034,0.5842229140742082,-0.1537951047192399,-0.24547978557885922,0.8056436263003347,-0.22260875073152903,-0.265132408074008,1.0,-0.27965152649361247,-0.5727196828711539,0.32833170965313635,-0.06425637623830001,-0.4313638860679763,0.5430283198432792,-0.1866877896558846,-0.28242526435791526,0.5018591535567072,-0.27611626415933777,-0.2250611462599467,0.4263283584619696,-0.32787883456958056,-0.5756454857187658,0.13715329924929293,-0.08140349364971408,-0.3998348243114457,0.37907926472979897,-0.18761574407841333,-0.242519019307756,0.35703217747433763,-0.22918801612351403,-0.21158327625289575,0.28222290030073843,-0.24621528613702792,-0.5097929370706055,-0.046132118301392126,-0.11587203239580918,-0.3451914962597083,0.17415254753568785,-0.2098097041999801,-0.2186813809704681,0.1762169787681962,-0.19553684672943544,-0.2230597551394908,0.10927976936854468,-0.1729035261630492,-0.4096545136985104,-0.20932257307487948,-0.16193353683219083,-0.2963309065538937,-0.041797183537313126,-0.20314349377950255,-0.2123334006114361,-0.01372552759011425,-0.1791909661623711,-0.21917007427608495,-0.06818211917547772,-0.15385456902661715,2,Bright_Down
0.0,0.0,0.0,-0.10851315539512386,0.3042915687031749,-0.08490942578776102,-0.25050298721272385,0.5660302697337721,-0.1528431892409534,-0.3246094528167692,0.7942857717466721,-0.2231808177938314,-0.35314906820650643,1.0,-0.2799427684792067,-0.6006065470005981,0.29411387418511725,-0.04736607685772483,-0.5272409395037446,0.5387946298386446,-0.1764622878889553,-0.36398500129228917,0.49708562292279124,-0.26289630558747384,-0.2982625165205107,0.42291175716812834,-0.309984381277843,-0.6168717252835086,0.11002259263919693,-0.06365450462555414,-0.49620806209075813,0.3777310989458671,-0.1885730825938038,-0.31081334859982984,0.3441693570107163,-0.22899465830605079,-0.2739615009252573,0.26097365496612734,-0.23713315854942513,-0.5667646052457429,-0.07336044377563686,-0.09979062486905349,-0.44525381999865743,0.1734917925369009,-0.2150019759784518,-0.2870757221667953,0.16757905996901223,-0.19427058650532258,-0.27797017923819894,0.08970987224681935,-0.1584463703106427,-0.4826821020258909,-0.23656664719853177,-0.1469556977576962,-0.3964716021151689,-0.05103631808196565,-0.20517818320891168,-0.29356651973615017,-0.0293788559748467,-0.18021955752516025,-0.28836719602056465,-0.0960713050109566,-0.14767702205107494,2,Bright_Down
0.0,0.0,0.0,-0.1181433843718426,0.31666634154657936,-0.08055091455046585,-0.26678989163346656,0.5747159363445155,-0.14509360119233253,-0.3444846851069436,0.8023652887186625,-0.21273810883180838,-0.37525850387218024,1.0,-0.26520018201482576,-0.6076398232379984,0.3117481208281637,-0.0340996618204592,-0.5466693852050407,0.5615921299917401,-0.15833964490397115,-0.38796651280915245,0.5130464455867888,-0.24109420324347508,-0.33956512827858,0.4412243897785451,-0.2878328156451942,-0.6303665190087027,0.1333483155795497,-0.05040095474733363,-0.5276092423535096,0.3994565239175706,-0.1745691219211431,-0.3463934517785895,0.356473866891917,-0.21336795106127351,-0.332654233183787,0.2736529539921228,-0.22120006056243152,-0.5818892434330865,-0.04794897770219552,-0.0863097237905747,-0.47347193781637414,0.19303314862058674,-0.2007107811078209,-0.3102530137964041,0.18156023971950241,-0.1735534779442065,-0.314432098491612,0.10151950439940922,-0.1339351791702477,-0.4989675878432166,-0.20547901278577055,-0.13309823989884983,-0.41724094899079606,-0.019514687455824863,-0.18840915001151864,-0.31112843303430304,0.007446942405911806,-0.15927211603664768,-0.31303025193421957,-0.05928373283466147,-0.12475603702231201,2,Bright_Down
0.0,0.0,0.0,-0.1148980562997675,0.31584435247158393,-0.08499079793092716,-0.2597691822631085,0.568105529788217,-0.15490460104872178,-0.33535524250639914,0.7957071507298612,-0.2271682484021547,-0.364729741697102,1.0,-0.2847594670478917,-0.6066818496574491,0.3052880126926815,-0.04640983924055881,-0.5351614806563576,0.5603147776486743,-0.1749372230061219,-0.3774090861077235,0.5097038303175411,-0.2616620889145993,-0.32904064410877554,0.43110891315179894,-0.31082859153454545,-0.6235869308912512,0.12351117598291994,-0.06267196235988987,-0.5200889213247933,0.3957713823563618,-0.187996058829231,-0.3409152259896952,0.3483466757999345,-0.2273146400945087,-0.3248453159459814,0.25579658420051365,-0.2367585297142724,-0.5697961446086512,-0.05717601706299287,-0.09857227426872149,-0.46364831370641024,0.1895665218787644,-0.21122687496566667,-0.30509569125286884,0.1793972256632022,-0.18357021501557955,-0.3086695090761849,0.09335512087175761,-0.14512418225211518,-0.48177560969364075,-0.2144050625618176,-0.14601888706404562,-0.4112317854791711,-0.024500044279277405,-0.1979760011167945,-0.3108589326240113,0.007520541850318971,-0.16733444106715903,-0.3118536159098111,-0.05936677432399414,-0.1332515926052504,2,Bright_Down
0.0,0.0,0.0,-0.12196049374508111,0.30073561380319075,-0.0885715660375778,-0.2881135108639139,0.5560875271659813,-0.15275468683984503,-0.37536278412926416,0.7879340324099305,-0.21828362267403786,-0.40374545727056865,1.0,-0.2695760789511328,-0.6445667600071266,0.26546948268506765,-0.046612262740568816,-0.5594954308080671,0.5082232041292584,-0.16892010415568134,-0.41120132175456736,0.4641376971529264,-0.2548163271183676,-0.39042818514478267,0.3603871952401906,-0.3038470414076227,-0.6489911736257943,0.04850438023654998,-0.0630483921761725,-0.5303875539055007,0.29056905604830724,-0.164879159886147,-0.3768414766396618,0.2788684021985309,-0.19475971631892597,-0.3730760740786748,0.1913219907615981,-0.20324902167753148,-0.5783527697855677,-0.15318624556443278,-0.0995724762601515,-0.4980624783306375,0.06161053554562762,-0.20378494200834338,-0.35639784555871745,0.08870872032008109,-0.17656601751438952,-0.34459542407215765,0.010516766728456244,-0.13949197995484158,-0.47343179425091586,-0.33191091920087035,-0.14792956315134265,-0.4545846611968749,-0.17747430221372312,-0.1967799424180383,-0.35126689043882847,-0.09738608804329411,-0.15857204498698588,-0.3092986751836556,-0.12683251000690796,-0.11718423695399101,2,Bright_Down
0.0,0.0,0.0,-0.09137339874351647,0.3051078163830425,-0.10701689094217984,-0.23506337627250865,0.5598788544518264,-0.18485555857059224,-0.3197006351250389,0.7851909318656672,-0.2592171173730754,-0.35097247695897144,1.0,-0.32064696609888177,-0.6073349843620715,0.29142330244944026,-0.08067674161824599,-0.4847987288895135,0.5017757402024542,-0.20731271021619563,-0.3395855411182159,0.46167008201129145,-0.30409736281900374,-0.30530571038929194,0.37945114527571083,-0.36387623060716534,-0.6167928838462564,0.07199125824737611,-0.09102407069446816,-0.46567929985674195,0.2822596627484609,-0.19706396963946365,-0.32175184952025043,0.27640658900999937,-0.24098563014225785,-0.31231201861924474,0.20870016620228496,-0.26279933946464296,-0.5465195750154515,-0.13599290449606577,-0.11981040683034391,-0.4377381001888597,0.03554979400381161,-0.2194896625911388,-0.31611904041483174,0.06162505395479699,-0.1997309319521276,-0.321589805877452,0.005767463070540609,-0.1734385263497196,-0.4415930180700172,-0.3234835654763868,-0.16227364766017943,-0.3843027032608057,-0.21290082498856375,-0.20882801545336013,-0.29848697126091467,-0.153907187711069,-0.17606824013475794,-0.29267261591498017,-0.178656701221637,-0.14330818697583902,2,Bright_Down
0.0,0.0,0.0,-0.06591441992692477,0.2907529700539147,-0.13467092127944927,-0.20287439781166713,0.5602832580295927,-0.21843372240289965,-0.2838340453731759,0.7978360314123338,-0.2912066871154174,-0.3071458461999797,1.0,-0.34554899540128875,-0.6010424509281117,0.30776490942320234,-0.12209814877229885,-0.4533004064322836,0.4832669904888579,-0.24759545471984482,-0.2979325221086687,0.43196820228901117,-0.32328826963311885,-0.29090934647832384,0.3632580413062175,-0.3698687506341154,-0.6202041268734056,0.06781568197837846,-0.12039792120653217,-0.4306691651753803,0.2467078223645814,-0.2309498395704248,-0.2687689046358582,0.24120419217666905,-0.2595829046332667,-0.28032436101635305,0.18957171308615903,-0.2713024244815055,-0.5562034146871432,-0.1615371392543773,-0.13863228349088133,-0.39518138054612856,-0.0052443205927545,-0.2513592324638484,-0.2553427879573754,0.034682036067900164,-0.22586886864853306,-0.27250963955234175,0.002129969893145705,-0.19459080178911928,-0.4575134918592015,-0.3716429217558554,-0.17212126297950697,-0.3688331243921745,-0.2590849870725894,-0.22864577644823184,-0.27037249508541694,-0.18491966087986045,-0.1998031662445823,-0.26793489703900947,-0.18917096189364235,-0.16985457352990807,2,Bright_Down
0.0,0.0,0.0,-0.050286436338202435,0.3009304982690618,-0.1609205317435403,-0.16432730372188473,0.571647004688322,-0.26754721897685146,-0.2273542872275535,0.7954324652407766,-0.3581623989187392,-0.2498862782808774,1.0,-0.4292911359289639,-0.6109138490069644,0.2414498989080084,-0.17799972307570877,-0.43134110216350635,0.41433941494954224,-0.31180534011605904,-0.2608920952300027,0.3780230668971592,-0.39238725790612916,-0.23131965019988557,0.3192189937481301,-0.44276563123127793,-0.6179156089656825,-0.01791858066627075,-0.1686047187520392,-0.4014448655901372,0.16701235902414924,-0.28444924974726327,-0.24828341727613615,0.18843274832621287,-0.3204706719938782,-0.2467012962650831,0.14807844732358894,-0.34299964491379226,-0.541257496772532,-0.2499523676637496,-0.1780847338334197,-0.3614358700048151,-0.09208773884076127,-0.2921640050300415,-0.23717854364073873,-0.03637903236166463,-0.2761006477543975,-0.24330550923881591,-0.058252760779495635,-0.2560731270209818,-0.4284625767708666,-0.45703563270214104,-0.2054372836995616,-0.3327902240956318,-0.36148493401973425,-0.27041920508043654,-0.2436172282484286,-0.2764608655666112,-0.2512088052737209,-0.23413316964215927,-0.25968267500104864,-0.22921628622039947,2,Bright_Down
0.0,0.0,0.0,0.010483652508408393,0.2878359926682236,-0.2406162668640608,-0.06673860253912967,0.6143452657123217,-0.3891537133924285,-0.09740336684421395,0.8487260925422067,-0.502271702429634,-0.11839747023362691,1.0,-0.5872526917286887,-0.5179263354710686,0.2689462072715285,-0.3287263495741705,-0.22409477196037844,0.33094747099237604,-0.4820271866520114,-0.07241113998662664,0.33036581715825536,-0.5439429296627214,-0.099683811490561,0.3117477285150505,-0.5866551768095826,-0.529062189336637,-0.05560743031696663,-0.2944958882514868,-0.14116898375728035,0.0563679552163678,-0.44487628792177,-0.008941616032271699,0.11886628031808054,-0.4683271644061334,-0.08739756483511091,0.1034191171841174,-0.482818586182491,-0.45281274750153605,-0.3331258880996822,-0.2798936608547033,-0.10050422913835483,-0.19913128070714126,-0.4333123461975756,0.008347531627729922,-0.121654925427878,-0.4015314538892574,-0.05830873856185726,-0.13870369491441148,-0.369399599761517,-0.3476675568246576,-0.5579786019837899,-0.29029209534543576,-0.09609896412989397,-0.45997711483554676,-0.4058248034049333,0.00037194849675658973,-0.3484392208066439,-0.3998977621357624,-0.029815288180981357,-0.31075279857342253,-0.3831126579627392,2,Bright_Down
0.0,0.0,0.0,0.008910817927773,0.2640469885875088,-0.20737293153362932,-0.05851130745329477,0.5749469924958962,-0.3414198559991573,-0.07575584548190417,0.8116438188853279,-0.4470547124636301,-0.09129351745094974,1.0,-0.5283444375574314,-0.4609304771163918,0.3034085718263894,-0.30512305535012074,-0.20152714130774643,0.355542032263738,-0.4484926860502595,-0.07148715361916673,0.35275119938638316,-0.5014983199296271,-0.09646968801297584,0.34500190533885716,-0.5365463259192308,-0.4740779259165168,0.007025173678965059,-0.2790604281748589,-0.11877558772375518,0.09354099287696396,-0.41741348715975296,0.010940125947783944,0.13788057922301258,-0.4337044397314719,-0.061200461189713125,0.11428857578363168,-0.44517387736337993,-0.40683961688032516,-0.2536578536602048,-0.26922260869472325,-0.08266880569452044,-0.1561196186390995,-0.4119637294797717,0.02809092374736184,-0.09059214511842414,-0.3804429286145525,-0.028453365610099274,-0.10081196748221684,-0.3499739572410474,-0.3080285605409208,-0.474509527915657,-0.28077542398555616,-0.09225809524740092,-0.40820846849839754,-0.3864810054681052,0.0009514480575314625,-0.30968138093097786,-0.3775755692065755,-0.024770015828968966,-0.26887842716720084,-0.36065637389468613,2,Bright_Down
0.0,0.0,0.0,0.008645716443323929,0.2789857862787875,-0.2172910127176878,-0.06918007403843726,0.5993131817165656,-0.3538795707453832,-0.09679217698136068,0.8290855133661111,-0.4608737024836651,-0.12324129091156825,1.0,-0.5441257097309886,-0.48221234807481667,0.28613006208116415,-0.31162549849102716,-0.23382439738929234,0.3428446399457729,-0.45978445258663486,-0.09322775596437201,0.3443428067570597,-0.5186411283774128,-0.10378102382319075,0.3372677490675042,-0.5571620214906159,-0.49760121823878567,-0.024256115747650714,-0.2841058227747678,-0.15126184307879673,0.07556450956628616,-0.42651084585838483,-0.0162017152996661,0.1270389333177021,-0.44980465055667335,-0.07176608767689982,0.10910676519750702,-0.4656835818414832,-0.42645871716387823,-0.29119639142905157,-0.27394619395845676,-0.1131326402999701,-0.18184595976681603,-0.42556548856976434,0.002340008723976562,-0.11878389388052642,-0.4015262250629565,-0.04038097399862125,-0.1304466782009402,-0.37388212433251833,-0.32356380990211875,-0.5128588234230352,-0.28535983594429326,-0.11644669129625883,-0.45348121897461785,-0.3992373114661807,-0.014616246364100369,-0.35426173114500165,-0.3928919280492815,-0.025677425510241943,-0.3091382251415775,-0.3760195843333352,2,Bright_Down
0.0,0.0,0.0,0.014975218303655667,0.31140577534738784,-0.219839866924779,-0.05796081770589859,0.631702681594158,-0.3592580264828079,-0.08825103268920835,0.8422938422360009,-0.4700772179240593,-0.11889335289192487,1.0,-0.5597616412506192,-0.4671649239986889,0.2794402159157248,-0.30924108892585556,-0.23003438557165104,0.3021996777952777,-0.45629797999480465,-0.08527362589673834,0.32120150690919574,-0.5212292325569706,-0.09011048960641653,0.3331692914941304,-0.5664873171488273,-0.48764960916004574,-0.03576096290979248,-0.28413231638551123,-0.16352600821726346,0.032156467468037915,-0.4266290063119832,-0.0243663765433445,0.1042413191366026,-0.45945092577850266,-0.06545648671687801,0.11288085600129211,-0.4830888332873519,-0.42533804787682766,-0.30339775215269355,-0.27580517808117283,-0.12100187526056261,-0.2135304806489103,-0.4265891811255871,-0.0011353338851966305,-0.14166782823460322,-0.408651095383225,-0.037802635858408186,-0.1395559871004325,-0.387123448644007,-0.3296447624980759,-0.5227264322606767,-0.28949403891332326,-0.11208451030982415,-0.4754469824045373,-0.4031253507707668,-0.003696472657955065,-0.3783193581697103,-0.3976048608704024,-0.01014214746887235,-0.3294200346605551,-0.38319142265143535,2,Bright_Down
0.0,0.0,0.0,0.007742168447528465,0.26427283502406995,-0.20633551168864936,-0.07787290332947337,0.58949875573881,-0.3201778507218077,-0.09840217533736169,0.8266456888439844,-0.3983822383359984,-0.1302973004542428,1.0,-0.4487196000279327,-0.43833213858170234,0.31454727214189027,-0.2873820296250435,-0.21717946118183765,0.40289782116435807,-0.407569782027443,-0.12403122837662603,0.3950175002949821,-0.4456202127013125,-0.17342427676021305,0.3740497574031614,-0.4724389404183052,-0.458586884532443,0.016917001226769788,-0.25060050374636744,-0.07185704722618991,0.1454414444221108,-0.36247828421208933,-0.038001402869657044,0.1620839195917329,-0.3712153131523535,-0.1645084056558297,0.13905574894918185,-0.3767133941381333,-0.38804376763592746,-0.24536122114882336,-0.2301712514237169,-0.03609157904660599,-0.08870660279637103,-0.34981465808456097,-0.011418030847716304,-0.06994915042189852,-0.3023352505034913,-0.11984218605751529,-0.1068988457454094,-0.25937575806837404,-0.2937363589306647,-0.44798561317440466,-0.23195442935039887,-0.03230898945357456,-0.3120082025776989,-0.34644963863353007,0.0002840129187337649,-0.2877981765066174,-0.34358657051134167,-0.07421127122166467,-0.3183655856980818,-0.32266048087117244,2,Bright_Down
0.0,0.0,0.0,0.023684172439046275,0.2509285981005422,-0.1968817109170572,-0.051393331345685696,0.582945983263235,-0.3021702044634741,-0.06713694795740259,0.8179939039039908,-0.3695597452879233,-0.09693979453898635,1.0,-0.4118625918695071,-0.37580087244223037,0.3298044386294494,-0.32287659610145975,-0.12366043645268579,0.40650597596876115,-0.4428995288273062,-0.05309711202517172,0.37162290464791137,-0.4777310033241467,-0.11897171075674377,0.3385363869776274,-0.5022389881678511,-0.403093493734568,0.02096437575803188,-0.2858876796492371,-0.011111046785944823,0.12653509597153997,-0.38634926498155536,0.006318982710360179,0.1474376713260601,-0.3769335682579899,-0.11844575603458507,0.13666949375772505,-0.37360463235383695,-0.34234760483635196,-0.24729265023866245,-0.26140458864488647,0.020423658410209947,-0.11456622484926202,-0.37213817535504984,0.033460793650334185,-0.08429980287552791,-0.30549747595394927,-0.06719281436432423,-0.1135163416476827,-0.2514858409786839,-0.254720711384879,-0.4531123088457074,-0.2591051468747608,0.005510511857861966,-0.33774832328413423,-0.37883099985058777,0.035004790616759346,-0.29834137558724855,-0.3704897545218009,-0.027037314707338184,-0.314263880486414,-0.34443400968944354,2,Bright_Down
0.0,0.0,0.0,0.035433236567135006,0.27746160282472127,-0.18044657867112202,0.04257349506950045,0.602593986094053,-0.2996054482650377,0.07627826113961098,0.8107263512478154,-0.3830673158767287,0.06933168940216033,1.0,-0.4484585624608201,-0.22921616382794785,0.3500925051803037,-0.33539776129771887,0.09377762879727193,0.4332557723627511,-0.46695357134902676,0.09110115556901889,0.3901193325679392,-0.5312037754215975,0.0031175124299366733,0.34183684518856605,-0.5729450780073158,-0.239612866194999,0.046135451883344995,-0.30760834158027,0.19019577209850894,0.15444626220638646,-0.39599389837727933,0.13854814743785235,0.16510216704434677,-0.3812732275182431,-0.00318670573273324,0.1453225531620454,-0.3762330470490335,-0.1800210876124783,-0.20656148649007575,-0.28964736742029096,0.2190698104580229,-0.06114917272459935,-0.37935433923123907,0.1596371219890187,-0.03610119711224202,-0.2925713633444241,0.029172059907779494,-0.07295861709284339,-0.22526817504506605,-0.09783796808145631,-0.3951429297997167,-0.29532159281965414,0.20660439178610115,-0.25713879427400904,-0.40510228410161125,0.1750514284671327,-0.22918715167539733,-0.38416269489462235,0.07067850707549193,-0.2586846107965252,-0.34745217447517474,2,Bright_Down
0.0,0.0,0.0,0.05963754950182159,0.31660624567242296,-0.16468486277212743,0.15905390439427128,0.6203969673471929,-0.32151640304996026,0.22664900732221324,0.8224217074095667,-0.4641029923249272,0.24624243676313273,1.0,-0.6052619233591497,0.04139545611483102,0.3702411981563343,-0.3445174161982478,0.36823553716669405,0.3831384390724316,-0.49930455954458036,0.3618276572502363,0.35024059913476757,-0.5828200756181685,0.2704254562468988,0.31552376181770503,-0.6373948316230059,0.06962894623144684,0.14809098430091824,-0.33117409288319644,0.43118091205986064,0.2080206157753037,-0.4489323289580675,0.38400772784988046,0.2147685701402371,-0.4458035909691574,0.2772035975254278,0.1912464789795314,-0.45890686346642645,0.12327321420822555,-0.050631472498778377,-0.3281686377777403,0.45981154875846886,0.03972857247972288,-0.41896347454200505,0.3800647980967151,0.046412733406159264,-0.3900445881938481,0.262915282313676,0.012039036395984385,-0.3784260460708401,0.18856821582133876,-0.22852436932934111,-0.3457813163286175,0.4411381126764284,-0.1458586856240484,-0.4039968676359939,0.3846666515732099,-0.13455215355328273,-0.40200435446223615,0.2819436504657275,-0.16280321339695225,-0.41163893243975064,2,Bright_Down
0.0,0.0,0.0,0.04732523405671562,0.27271876664237,-0.04740490316496987,0.14427851531091976,0.5719300652617244,-0.12568155553035892,0.21905134279458252,0.791443425092761,-0.18881972262199562,0.21610446917854292,1.0,-0.25401177178390494,0.047275541773151575,0.3926967856849378,-0.31741386853162984,0.3988227534421602,0.4440364290494787,-0.4067488076125262,0.33350091348961275,0.4316762613174176,-0.4119680123953964,0.22554600305571185,0.41467180428318395,-0.40267107094332966,0.07523435971735029,0.13916457332872123,-0.3377640706580233,0.461003071467927,0.2444644614120026,-0.4209941006018661,0.38264900594828755,0.237031828998429,-0.3931167295224358,0.26596667611224056,0.19153745258931945,-0.3793420891188278,0.11992929636453678,-0.07879935686064998,-0.3465883900131192,0.4756349037630148,0.04682043317611988,-0.4162184600501509,0.4005435608617757,0.039960716431832244,-0.34988174610632644,0.28536557401011153,0.0075132308735006564,-0.30673811771152537,0.17992412351901846,-0.2651459050285925,-0.35504192615237784,0.44861854239685034,-0.1614293827806299,-0.41576553306556835,0.3998951371616107,-0.12401606248525897,-0.3795767033576305,0.3082072987541296,-0.13589797228818906,-0.35251307372173435,2,Bright_Down
0.0,0.0,0.0,0.034380707615576725,0.28625232228887487,-0.061501143218248476,0.11172465129505266,0.5739128392980639,-0.14917488597149423,0.18607110559566378,0.7861214918535514,-0.21790017202442497,0.1844614436804489,1.0,-0.2877697703393134,-0.006761929212496778,0.3413194168322533,-0.35324443574225883,0.36185038991621016,0.3962231841390702,-0.449676390748524,0.28919325036897814,0.4078905087416395,-0.456853189303772,0.17724053769038683,0.39928540766491216,-0.4492864291336678,0.02887194846279752,0.06946570718293468,-0.3713614997282659,0.4412077082671992,0.1903693751182955,-0.4605091118749864,0.359817815537778,0.2038592448729323,-0.43259468393090267,0.24159432290611954,0.15603186684328668,-0.42305765113404115,0.0842529841598526,-0.15354511561401896,-0.3770852501938263,0.4607203185179487,-0.016552223008228242,-0.4540845072430052,0.3818419550179407,-0.013004169060684176,-0.38342978037245756,0.2643939748725133,-0.047118545606633554,-0.34003091852589457,0.1569996358542073,-0.3407048964830937,-0.3838721519980928,0.43365962889301624,-0.2349494081236295,-0.452522487843777,0.3772379171898479,-0.1929968809557199,-0.4154856694220215,0.2841712297321472,-0.20317557963331415,-0.39015236964493266,2,Bright_Down
0.0,0.0,0.0,0.043936978336303105,0.28585374759807725,-0.058286196761035705,0.1345475805180371,0.5759057468558009,-0.14567177962512529,0.2141652083861274,0.7862071769351565,-0.21445598457622883,0.2165199905818689,1.0,-0.2839863163957439,0.0343412595952199,0.37922419142750535,-0.34725306725025973,0.39138969313254623,0.43734398726157864,-0.4399005335834341,0.3311647853683746,0.4337780174434962,-0.44027753319034685,0.22844754480097215,0.41689771350923155,-0.42731270003293836,0.06935670373392981,0.1212477128108532,-0.36439856789775626,0.467639391333324,0.23785544964592217,-0.45147450257743005,0.39370456799312,0.23542870953645634,-0.41857349247289277,0.2776685037343289,0.19217003118758244,-0.4029690696925886,0.12107985258230389,-0.09553616502481238,-0.36953221008060766,0.4814700265982389,0.044112695321463564,-0.44301246393116667,0.4089653823821087,0.03991706258068764,-0.37179215000011456,0.29462587870963625,0.009100244232891226,-0.3267925765097592,0.1878218776002123,-0.27890238865354644,-0.37522171779369784,0.4558131019772089,-0.16851346174183546,-0.43994309101507784,0.4068921963201446,-0.12642668723224673,-0.4038939845403122,0.31727778099253534,-0.13335098401511689,-0.37787284313066544,2,Bright_Down
0.0,0.0,0.0,0.04491615305312655,0.2824964708383706,-0.05421949228381859,0.13342431277148586,0.5791755977324364,-0.1374319356070898,0.20215903106898367,0.7946176267716886,-0.20288610965965514,0.2000148336040466,1.0,-0.2702551165745869,0.033789466657766505,0.37563048997866433,-0.33941852602903166,0.39649259432317974,0.4337773525477951,-0.43261697863690285,0.33583625678946416,0.4412887187968958,-0.43696782922048155,0.2316326606293898,0.4322313201660375,-0.4257973218865005,0.0697258502745453,0.119630915208647,-0.35643990125246283,0.46833223317436656,0.24003317782771758,-0.44111521220188765,0.39167043687436187,0.2451957664894051,-0.40922466318547923,0.27533591932497214,0.2011615948102164,-0.39381291942115554,0.12165928694865348,-0.09406507502095246,-0.36122330591070895,0.4840731593351579,0.048022309740486095,-0.43063786682366784,0.4105202392165879,0.04730733002543963,-0.3603183324504989,0.29788423360948557,0.012489770993876194,-0.3156761684254498,0.18975467691174253,-0.27597178648510334,-0.3665114239466409,0.4606024421056795,-0.1603731393097924,-0.4267096503420504,0.40781211757114566,-0.1203991722848942,-0.3882929954186536,0.3160989104717828,-0.13489976192065506,-0.36040717955806967,2,Bright_Down
0.0,0.0,0.0,0.03347215008266627,0.26661659958459966,-0.0449605362858712,0.13056737409065558,0.5628726235377458,-0.12424070051907593,0.21189294949668377,0.7863545379366227,-0.18775381780636236,0.21126496994431065,1.0,-0.2532640728087988,0.03603718221968044,0.3554287683559572,-0.3231188772414649,0.3730524635907115,0.4511935502399082,-0.40664052826937375,0.3176398146941533,0.44125395806840706,-0.4071348583576108,0.2043626297817203,0.4141300340114417,-0.3931495906788562,0.07402055756036614,0.09655012688670243,-0.3382258678372117,0.45069983775547956,0.2475373356942268,-0.4124623396889917,0.37505992300950924,0.24183734662581424,-0.38155608638867133,0.2529191352805558,0.1875891279495986,-0.3653018349584553,0.12748009617326506,-0.11208977983041835,-0.33941651533922046,0.48328387356167796,0.04660092479994268,-0.39285749495767713,0.4017243498330308,0.04704720531188684,-0.3211259006319739,0.2794847454947346,0.00447367494646919,-0.2765488017517514,0.18969058666803362,-0.285960321425726,-0.3404105486688276,0.46149036445418334,-0.166894953621042,-0.38513340204783064,0.4146179410200715,-0.1225761984138699,-0.3430653186392011,0.32198231059172006,-0.1348119180242113,-0.314406402076858,2,Bright_Down
0.0,0.0,0.0,0.010162523315557228,0.25914192705677397,-0.19285601094637694,-0.09050024665951996,0.5797937125619577,-0.29302922032291384,-0.12385858590437165,0.8019574113819959,-0.356891202045179,-0.17448022077726835,1.0,-0.39808473949020945,-0.3905590974301327,0.29145681720829775,-0.3022997465122622,-0.09538659819126424,0.33103082526307204,-0.42006259377147076,-0.03352000888427551,0.33175667661614866,-0.4677021414893225,-0.09415186520680494,0.32659352248681145,-0.5017393421266333,-0.4082789964697092,-0.039197635090470785,-0.26648202676431576,0.01048253854574382,0.03535563921078019,-0.35581398363931716,0.000685056210418324,0.08046887217295327,-0.35369852885280045,-0.12092556624035743,0.08842165859451669,-0.35886927541146574,-0.3412429071223031,-0.3211609693228082,-0.24304755925046997,0.036465115997966285,-0.21246397373397186,-0.3446532636201586,0.026117654702357884,-0.16370410829750537,-0.280663154931322,-0.08154193551798877,-0.1780584080677683,-0.22977066675247007,-0.24507999247556259,-0.5339653558582959,-0.24241706654335718,0.02031386574016365,-0.44268743290521095,-0.35368715909544846,0.03117927425441211,-0.38860213932749965,-0.34011589942454434,-0.0446951582964855,-0.3905939999410737,-0.31107793576697274,2,Bright_Down
0.0,0.0,0.0,0.013588119926116509,0.2634834166978786,-0.19211306370946665,-0.07491654322656031,0.5891462798753697,-0.2945548514814111,-0.09749020973847784,0.8217339437089816,-0.3603860960897045,-0.13846106350520196,1.0,-0.4028020437165381,-0.371334731706351,0.2952833452841608,-0.31152026941767114,-0.09170400936183747,0.35219850567086664,-0.4256691777955021,-0.06819573183624707,0.361275212508235,-0.4652425565555713,-0.15288768299765196,0.35382570159900323,-0.4942767326212579,-0.396748637110552,-0.01544190587252593,-0.27312920708328137,0.01906210372230898,0.0740123675045449,-0.36313608487670235,-0.022532018218070465,0.11713072962568377,-0.3552841436875882,-0.1484799537733063,0.12278150023561867,-0.35433103850147274,-0.331914184709892,-0.2804896091875554,-0.24644675799468,0.03916803601208558,-0.15796527988527206,-0.35744916325646137,0.011134656797671423,-0.109031883953291,-0.2960841520754963,-0.09721119529438353,-0.12180873588982016,-0.24149823805271967,-0.23621106539830622,-0.48526203766753245,-0.24120844747665096,0.026344147715722143,-0.37918558071992714,-0.3666245663566089,0.018230011585798105,-0.3230473211992146,-0.3634688343572636,-0.0630942527101972,-0.32110616120976937,-0.33745241211462823,2,Bright_Down
0.0,0.0,0.0,0.05002844126241725,0.22197035035380028,-0.1807860515475522,-0.06852928167812043,0.5881259948629599,-0.25424315004844333,-0.09993429694988772,0.8238901813604266,-0.2898588036909328,-0.12641813545086059,1.0,-0.3016845953577345,-0.32734631960764726,0.328227526717667,-0.2957420834834898,-0.08727332060228124,0.3865683971851534,-0.4068143366894901,-0.060212625384259984,0.3618714900192093,-0.44548606985084666,-0.1363154411467359,0.34337431308045857,-0.47146019189507243,-0.38234215381164344,0.020609594110707175,-0.24779921737920443,0.03858965718732612,0.11455565617592467,-0.32093028404419904,-0.011075818050880905,0.12361106668753909,-0.2918551696626989,-0.1394186879313656,0.12615718316947963,-0.2722605524093851,-0.32564054837741085,-0.23988940244886525,-0.2136353221563361,0.057669326961513626,-0.12693341757451618,-0.31295035059830306,0.02043205638147391,-0.09180800055459405,-0.2266919892405452,-0.08687738328549913,-0.10373656331763345,-0.14942438154876536,-0.24174438991343344,-0.44021564916177536,-0.20043674817883014,0.023946458002534282,-0.33526788400248386,-0.33160410595103035,0.017179452459552748,-0.3016730958338799,-0.32385616922829513,-0.055076994308788554,-0.31985380472512437,-0.2860494217237218,2,Bright_Down
0.0,0.0,0.0,0.05055563836965712,0.21457094203632415,-0.18498738002446877,-0.051878166928194865,0.5839317758466288,-0.25938224284448996,-0.07562422551430402,0.8181379571670294,-0.29249225309700216,-0.09725947276370633,1.0,-0.2995940522365194,-0.3195261996634081,0.3417518766876534,-0.30453909717802546,-0.06811918175621778,0.400082526464795,-0.41939073871788224,-0.03990429092100786,0.3632552693474919,-0.4628037200938126,-0.11700210170810722,0.3319651938020662,-0.49081144133927096,-0.3752695409355161,0.028318582308556238,-0.25360169212186423,0.05798444258081108,0.1099232028802618,-0.33027264678891927,-0.011632789377441515,0.12620575119280752,-0.3048289425824307,-0.1480398471112608,0.1301886985681758,-0.2867036837093423,-0.3208003673153097,-0.23956400082384227,-0.2162053587035674,0.07753732608564545,-0.1347734547552426,-0.31253166154639217,0.020598616991860576,-0.09140268249414833,-0.22485751605516485,-0.09677870845655882,-0.10383456473477172,-0.14607923488143995,-0.23557195021898955,-0.441644885293619,-0.20070495915713582,0.045464657280478465,-0.330945063147965,-0.3326478073755769,0.019231141237743356,-0.29429204753251276,-0.3269610625880292,-0.07098726799566231,-0.3142180212082489,-0.28932537824137367,2,Bright_Down
0.0,0.0,0.0,0.03912560042124434,0.2256573968020734,-0.18215308028976376,-0.084255735141331,0.5819395921763104,-0.25727781356104334,-0.11869168784832801,0.8140402479459546,-0.2950653895707717,-0.14192335349864685,1.0,-0.308380976512712,-0.35681661838120465,0.31075639308528724,-0.2867761468507474,-0.145323004779052,0.36873485223332597,-0.3987080130670454,-0.11251692780583165,0.36681716625061495,-0.43756400595017886,-0.1761126934476106,0.36143645923586953,-0.4615466675283832,-0.4090310049741679,0.003962254515523944,-0.2386673298295463,0.0017111263408317058,0.0976200295334513,-0.31848441082424256,-0.054832716014680614,0.1252119060176517,-0.298045198365778,-0.18298266114906384,0.13295145548017465,-0.2818516162196262,-0.34985738944946565,-0.2585527350055795,-0.20482312615201223,0.029700243909172693,-0.13993285667264174,-0.3083460730829207,-0.015542897817205302,-0.09331460564059452,-0.2311488413826531,-0.12705992818762368,-0.09804073029991058,-0.15868547675210087,-0.26292295911849956,-0.458384883839526,-0.19181702105578247,0.006885702854227971,-0.34254755270453663,-0.3230166712490316,-0.012215914333250795,-0.29962119765397455,-0.3191726807112942,-0.0980980920841167,-0.31027704311303117,-0.2839640425987801,2,Bright_Down
0.0,0.0,0.0,0.010398334230960064,0.27551950778148476,-0.20258224881804804,-0.08340386114794847,0.5887932564706367,-0.3166454142759982,-0.12523134839690328,0.8046044313479123,-0.3947047298845861,-0.17624734271186668,1.0,-0.44765602358785067,-0.4398236693567197,0.2803535154960261,-0.3036094811369723,-0.16993558291314506,0.3358759191081811,-0.42080503194759283,-0.10717935793739311,0.3371673808302068,-0.45992975652562246,-0.17934824423605503,0.3299964135318896,-0.4898321994435293,-0.46330382776713885,-0.025869673080103645,-0.2685042551016371,-0.06462882175435238,0.053396118738750636,-0.37455697285083756,-0.043333561526405676,0.09927337671424998,-0.3806888791495116,-0.168215047535848,0.10274064928400889,-0.389187581781022,-0.40163232764809476,-0.29586029495065275,-0.24643287969111674,-0.03959351745889041,-0.18600168782097223,-0.3604496808099494,-0.021543041555170117,-0.14185314382403527,-0.30977499164223415,-0.1274816753894983,-0.1567183574460712,-0.2691005735800053,-0.30802702452186986,-0.5086653794961861,-0.2470382855042242,-0.04919428661090274,-0.41914301586830394,-0.36003404883731316,-0.022918561123533833,-0.36210317881027404,-0.3551681218595002,-0.09977681505880415,-0.3569691375937586,-0.335386622279638,2,Bright_Down
0.0,0.0,0.0,0.01420172909287641,0.25854495653408377,-0.19944548281772992,-0.08235440081217499,0.5756394625424847,-0.3075082328198176,-0.12640487304993897,0.8023097121001905,-0.38131242056728465,-0.1715525808148711,1.0,-0.42787141360391007,-0.44002306013888576,0.293279514412885,-0.2856126764298448,-0.19279821006557765,0.3516750214436625,-0.40030590604822514,-0.10525766394708932,0.3334895131841244,-0.43211697545172745,-0.16746039036413068,0.31518023413258445,-0.4558055493497499,-0.4642332235401906,-0.008943707254340329,-0.25103439781612535,-0.08475764187711678,0.07958417189287594,-0.3596628959067745,-0.033718444412896974,0.11082690222286377,-0.3632027032776681,-0.15585307601733625,0.10912811082227945,-0.36682139588828344,-0.4004644238007356,-0.2768378322276476,-0.23126247979831907,-0.058096816794175436,-0.16185581030798946,-0.3491594157106977,-0.015734399213593195,-0.12401624588573958,-0.3018739962380627,-0.11352525460994008,-0.13690764491919408,-0.26200205576256813,-0.3055211913490479,-0.48885794453398357,-0.23282995113419663,-0.06260952969484983,-0.3927406790155122,-0.34299626403510963,-0.017470470973214212,-0.3330264911248886,-0.33828145430809725,-0.08093476474005748,-0.32214241574340613,-0.31943940164556384,2,Bright_Down
0.0,0.0,0.0,0.014805828295636205,0.2869079570358755,-0.19991923937419598,-0.06416677497740449,0.6007161086717071,-0.32166125113284894,-0.11051828035690435,0.8169673312853121,-0.4120902604819124,-0.157650521478768,1.0,-0.4773944853793266,-0.457744137893445,0.2845985425068236,-0.2919456948459047,-0.19964943258150708,0.3265435478045663,-0.4098039430929179,-0.09038925381787864,0.3161503588629229,-0.4445033718111756,-0.13828545998721833,0.30377658080270536,-0.4722922260672486,-0.4699361336001471,-0.009699001963968163,-0.26367548795542517,-0.12062561879371986,0.06077520141305084,-0.38509850088263614,-0.011250740456126963,0.09426912413249089,-0.39951268853113914,-0.09488439900118532,0.07848610338294863,-0.41477914941738653,-0.40759766384220214,-0.26665884034238574,-0.24872995378184007,-0.09915733247722928,-0.1763986609798039,-0.37698223324869967,-0.002163419640520155,-0.12806941151032686,-0.3496252618205732,-0.06337196383040275,-0.13338018147089775,-0.3279473043833989,-0.31430707980874223,-0.48222845399948133,-0.25374933291873625,-0.11211748590512938,-0.4323023947953346,-0.35612735007156343,-0.02203130250200799,-0.3433334092007626,-0.3522554158893534,-0.049186351768918994,-0.29510972526607004,-0.3418108666946163,2,Bright_Down
0.0,0.0,0.0,0.0059959271782433765,0.28390303028806135,-0.19920801539189764,-0.08997719071623868,0.5819778872206264,-0.31954008914109183,-0.14385408974039157,0.8017620696553786,-0.41233775986493776,-0.1703092158397941,1.0,-0.48174854370406006,-0.48522058442151855,0.28388836541287643,-0.2750854303109228,-0.250522378290798,0.32954290047149887,-0.4085978693667889,-0.1128154954937154,0.31090152860484244,-0.4579187775887515,-0.1335883683767249,0.277126468648658,-0.49143438502949305,-0.5135457136576607,-0.017699886879783838,-0.2521600817808682,-0.17048612054465656,0.05775197651644071,-0.3815221103128493,-0.02795063463405116,0.09657468651127868,-0.4029924523780095,-0.0875128742167413,0.07393906574556842,-0.41935243276721224,-0.4570248148212182,-0.2840376384055483,-0.24537223204675007,-0.13513173071460857,-0.19172024234400895,-0.3853316589681266,-0.005038851113542565,-0.12229070290136065,-0.3605499880862088,-0.047102035422928824,-0.12531089535392056,-0.33524427946709046,-0.365808982436728,-0.5124598954255469,-0.25886623272349546,-0.1405620568120352,-0.4475136398775931,-0.36078910273527676,-0.02481111640761808,-0.33398512271567554,-0.35239585438206505,-0.03144735834656774,-0.2741692579758397,-0.3367850947477052,2,Bright_Down
0.0,0.0,0.0,-0.0005966818893061864,0.29815090768678554,-0.2052588444150549,-0.10439602274228159,0.5923609179577941,-0.3298162082309599,-0.16932153850695897,0.8028246050478667,-0.42760067709861616,-0.18533032713395353,1.0,-0.5017944184649866,-0.5164738586516543,0.29509244684636526,-0.2759713781532203,-0.2981619400863013,0.3581523993915088,-0.4274558574317325,-0.12843080432407908,0.33497472648195425,-0.4897660729675264,-0.12242265277931005,0.3056478116225552,-0.5258882855385572,-0.5363011005983911,-0.0008535347963434588,-0.25378831102184624,-0.2469358675739132,0.09508545448047498,-0.4001052182517972,-0.08289465301549663,0.14118876435571565,-0.42356977239524013,-0.11030161958732611,0.12866605858981073,-0.43438715665993066,-0.47612759669276633,-0.26103791571557544,-0.25079992922623773,-0.21010567795648885,-0.16496420685593707,-0.4067464508349791,-0.06744494288790927,-0.0875323008457655,-0.3807435124874461,-0.09380243303255802,-0.0848229921421346,-0.3476511697496396,-0.3838103421753095,-0.48606918712969593,-0.26792299020432986,-0.21080957612277973,-0.4375104691255969,-0.37562735375141726,-0.0915303802759343,-0.3316563050163233,-0.36296359642691395,-0.08889534603664932,-0.2785211612299727,-0.3403654741102344,2,Bright_Down
0.0,0.0,0.0,-0.025727332607592218,0.2910217869241279,-0.17291638775039886,-0.12813478037836676,0.5727890254991769,-0.2834908027977644,-0.19904684268137257,0.792291334189392,-0.3743983094812884,-0.24163101670813544,1.0,-0.44488149296437207,-0.5396464815297287,0.3287091571999025,-0.21450802061094112,-0.36666275913739743,0.433598735519531,-0.35290418771448157,-0.20110054412594916,0.3820205484072421,-0.4173448044125434,-0.17086945924092198,0.3270873326795467,-0.4544906046230703,-0.5663583915889983,0.06437499569022508,-0.201190460054481,-0.3378257927512434,0.18080427745536498,-0.334469781289664,-0.18779555686939148,0.19492414946029626,-0.36879590188361244,-0.19663516758353694,0.16703518365337597,-0.3869003294540596,-0.513664609867181,-0.17884201819189727,-0.20607189852093863,-0.3018479415465601,-0.07252219421659685,-0.3470560105169236,-0.17237031025282715,-0.02537415592121102,-0.33705141142492945,-0.18874475669034468,-0.032541723867998265,-0.3170385405631753,-0.4270080028398044,-0.3936217129908759,-0.2274203686332866,-0.2892633987529685,-0.3299479738961055,-0.3211545255258834,-0.1792947319409937,-0.2588032586995243,-0.3138082330865928,-0.17341934694692546,-0.2354369332271205,-0.29743925818942024,2,Bright_Down
0.0,0.0,0.0,-0.03478537301161261,0.2898561446832922,-0.15841202768674198,-0.1356700640633365,0.5711610224413138,-0.2601394872109523,-0.19775435138671438,0.7941583658394378,-0.3414081320116494,-0.238963253351097,1.0,-0.4020794062485356,-0.5396879847467558,0.30706618529454904,-0.20435554401035758,-0.32861608887803545,0.41819262928446593,-0.3331433330341196,-0.18489631160776795,0.36941187010466736,-0.3936059155516996,-0.1891766412662678,0.3087375975273445,-0.43077309073208775,-0.5572182336668114,0.05298190375110451,-0.19362890884914438,-0.30436493343322985,0.1784935904151365,-0.31770332476881485,-0.17671510491662806,0.1964956263966667,-0.34555935240845626,-0.20626299130336775,0.16824562404856877,-0.36116983258364604,-0.5013072041812038,-0.1799956506001377,-0.19926685454522539,-0.2715184390711936,-0.054495090307846474,-0.32548502969021137,-0.15752832709220946,-0.006138433739205072,-0.3094309757533181,-0.1879030329477877,-0.015538628378461367,-0.2891242635889426,-0.4122427658715164,-0.38187831939767314,-0.22124971126284457,-0.24724387489623215,-0.2977398293041177,-0.30794600249634735,-0.15336706406116904,-0.23065532162078,-0.3032388608829223,-0.16508212201583847,-0.2154737486263627,-0.2899811025867311,2,Bright_Down
0.0,0.0,0.0,-0.05080026655214091,0.27457950923572216,-0.1580422955779556,-0.16026075442351254,0.5490191351460426,-0.26254803049667297,-0.21776143226239256,0.7878148528114911,-0.3487622534760509,-0.25958267744423047,1.0,-0.414948458122975,-0.6022051564565232,0.2685439901807858,-0.18967776528681674,-0.3810627144567631,0.3967046464776337,-0.3234177387030324,-0.2156203245114575,0.35645113622463237,-0.3974877452477863,-0.1986120002630997,0.30442703938727533,-0.44340783228497715,-0.6249620901306957,0.014783435314230034,-0.1808615815003656,-0.3617201244187773,0.1525369626806169,-0.3044739277514776,-0.2032192212784562,0.17041196829827174,-0.34194640124284337,-0.2135622538834736,0.13899551272149557,-0.36356213252161806,-0.562176203584406,-0.22164736127964074,-0.18874703893223274,-0.3358345662411535,-0.09982818160903324,-0.3159718906633484,-0.20205283244388372,-0.05174611593113335,-0.30182866338240943,-0.21576675556698433,-0.06770620811126855,-0.2806154872957913,-0.45964351180957536,-0.4264210732146349,-0.21305117147257643,-0.31567529568209934,-0.3514220330523464,-0.29596431538602974,-0.2126928938973072,-0.28737704776539363,-0.2846490192634467,-0.2128875400564831,-0.2860660136198739,-0.2651879376320024,2,Bright_Down
0.0,0.0,0.0,-0.0693345969941752,0.27499979486025294,-0.15485104894839344,-0.19820866111734345,0.5569356576252789,-0.2515833046533298,-0.26158248317561017,0.8017822541224298,-0.3314670482954629,-0.29938856633105804,1.0,-0.3898134446348321,-0.6118712027167535,0.3025954866911193,-0.1705279383147695,-0.4257016072406125,0.45025009465734045,-0.30895138587577514,-0.2576640209500432,0.3842315816743389,-0.3800402573961654,-0.2456182150028661,0.30949668083889265,-0.42115315664207176,-0.6364267234962377,0.05270215935958888,-0.16347873217628495,-0.41143267254890237,0.20447069842464397,-0.2948622598355701,-0.24724380096990073,0.19867725891097757,-0.3259438803985439,-0.26047853827966294,0.1504837781349163,-0.33683028045387303,-0.5776122788446998,-0.1803591586691471,-0.17635022560536578,-0.37538756759354663,-0.042617342865884325,-0.31018420249139134,-0.23554702564950175,-0.009829857093791064,-0.2908873475474648,-0.25561994989901266,-0.04208471216549034,-0.2616090702055601,-0.48130942458887066,-0.38497052434891577,-0.2058237520279513,-0.3448973539317084,-0.2951537493098513,-0.2875179455181052,-0.2386756998488999,-0.2316775039064469,-0.2735134396235611,-0.24450020338140638,-0.23382458441617815,-0.25089458458468417,2,Bright_Down
0.0,0.0,0.0,-0.05568273829034856,0.27864929186013615,-0.13922258886051223,-0.1819593473521365,0.5596121855194026,-0.22734882755353777,-0.24288086622223862,0.7980421142965888,-0.3011566612671169,-0.26259402127784276,1.0,-0.35708619749755377,-0.5844073918904545,0.3478930912495722,-0.15221921476743994,-0.3990567300602532,0.48824320677047267,-0.2767545081572421,-0.2368119849406766,0.41817798974096254,-0.34471294306430805,-0.21771503783282356,0.34567746333034494,-0.38563527235350537,-0.6167680052329919,0.10655969134609888,-0.15041774175837555,-0.39559739826526896,0.24416870899514545,-0.2648570674173295,-0.23435786225914454,0.2315371696547253,-0.2965832383824735,-0.2418982330692959,0.18798915485589374,-0.3111775476485305,-0.5635173925344482,-0.1266524409171918,-0.16589789517360462,-0.3692063898651303,-0.006405060488378808,-0.28466776219975004,-0.23127508590804202,0.020334717558091492,-0.2680326259010064,-0.2500594427934567,-0.005098693850438603,-0.24427956783520183,-0.47306043917479074,-0.33512739860535556,-0.19606656002985293,-0.34448860746121024,-0.26076811811279443,-0.2683156937135478,-0.23539201491171136,-0.1979233010685231,-0.2509733401262494,-0.23432891872002987,-0.18845847434263796,-0.2281865440240758,2,Bright_Down
0.0,0.0,0.0,-0.07230131242270907,0.28342252280388724,-0.1276721340521115,-0.20280747258841803,0.570562292811296,-0.21583295835328947,-0.25967959015325837,0.8042404796484147,-0.29579498338609655,-0.2747961900386962,1.0,-0.3595965696095095,-0.5854197974014843,0.3436572771465345,-0.14107419708089347,-0.4356893265342993,0.47892742950857325,-0.27962080202219086,-0.2641113801656249,0.4150275271244764,-0.35998507250087297,-0.22775708905735528,0.35062848115536893,-0.40720133864356023,-0.6220326235989597,0.10183789597814076,-0.14856248877457842,-0.4331050960543288,0.24159697936901192,-0.2794915694904657,-0.2504849283566496,0.22984301626138093,-0.3167461642304111,-0.2382458268151026,0.1893829750582264,-0.3308428740002644,-0.5723499102970072,-0.13052100562586919,-0.17407355424445822,-0.4114878652368341,-0.008635015958869672,-0.30396096683480894,-0.2545408201136378,0.02043617642568937,-0.2831935860921718,-0.2541595999008435,0.0018153476848784982,-0.25269048955326484,-0.48342028197971215,-0.3380674011901577,-0.21359869909273344,-0.376213371277956,-0.27059856615263095,-0.28883920254990497,-0.26820872716985306,-0.20934395670727693,-0.26684507561001647,-0.26432005691693405,-0.19950393754823023,-0.23943170797339974,2,Bright_Down
0.0,0.0,0.0,-0.06524151341972899,0.26830865237210416,-0.11642426233090396,-0.18813133140928837,0.5508726001288511,-0.19495541023830915,-0.24168859450200894,0.7910269876725567,-0.2659154702572503,-0.2766613946010312,1.0,-0.3226164664425839,-0.5467152870734697,0.3440775188877318,-0.12434996624728861,-0.40735133751052344,0.45989872268505344,-0.2542336436903691,-0.2550903278955666,0.4037615163468344,-0.33177243613721535,-0.22854052586696572,0.34932638725737,-0.37792348513395796,-0.5840369431510715,0.11389122669222616,-0.12997800366695758,-0.40546439044823357,0.24066184986950873,-0.2523489543772388,-0.23590238183239717,0.22698852253293425,-0.2894281846388336,-0.22655583154694464,0.18481257295351972,-0.3042309177902809,-0.5439525989548215,-0.1088432979977882,-0.1523956100995771,-0.3826866232213751,0.00290864496137456,-0.27603808861410567,-0.2332228320063302,0.02786633540616841,-0.2592070334603483,-0.23478891307041536,0.009750156149916138,-0.23156082859723628,-0.4670016015410068,-0.30937100038076276,-0.1871591699750184,-0.3531993567274218,-0.23876507495793614,-0.2607967378851249,-0.2444956407512036,-0.17715402218676818,-0.24272546459561228,-0.2393458477270376,-0.16173372823579613,-0.2181696369001221,2,Bright_Down
0.0,0.0,0.0,-0.0689143356082864,0.27003915959066943,-0.11512067102262241,-0.18736309282792776,0.5475987390719991,-0.1943657630782034,-0.23751444192140983,0.7907080113627593,-0.26734811269850145,-0.25782027488103765,1.0,-0.3259971562959855,-0.5534675981796682,0.3518543512847884,-0.11522988836250658,-0.40010333139521,0.48227395564639713,-0.2506575922061785,-0.24892047585743488,0.41350633162068673,-0.3368345179309331,-0.22215854165520482,0.3494928489317959,-0.38793055372328183,-0.5890499066098978,0.12803224277283837,-0.1227816675241053,-0.40053713326886997,0.26986843586058545,-0.24507509774777317,-0.23694764969232127,0.2441344062805223,-0.2853076158159247,-0.23112932164232006,0.19271714204781662,-0.3029722115008362,-0.5450237660889634,-0.09141055138619357,-0.14826730496152363,-0.380341597865927,0.03353507495286297,-0.2705924407851805,-0.23514146123416896,0.05501460057309872,-0.25486225776643934,-0.23952249074048054,0.031126735718742287,-0.22817161787305326,-0.4641218276094047,-0.28938701341263146,-0.18672696461967775,-0.35615925436740725,-0.20834021043876658,-0.25640541755659424,-0.25034009512768457,-0.1462562753174782,-0.2364281519148241,-0.24209944274666248,-0.1368472076709048,-0.21111824348686378,2,Bright_Down
0.0,0.0,0.0,-0.05614828778230563,0.275967021678203,-0.1369821604784145,-0.18155249158494421,0.5538088565744346,-0.2255467969421883,-0.24452256243122478,0.7885720869698404,-0.3013642303231698,-0.277823831814658,1.0,-0.35981878209767815,-0.5657016922619709,0.336876293625275,-0.1617413311789255,-0.3675514673480879,0.4622533543203103,-0.3088822133243832,-0.22690336195084715,0.4059161726667245,-0.39068156870327464,-0.22132157575156633,0.3580826773518187,-0.43776897477219656,-0.5972954386007673,0.10086724998497434,-0.16468604676208823,-0.3710712082809744,0.23540898708292746,-0.3038189504957335,-0.21991124203813717,0.2253020570874947,-0.3424757904342128,-0.22811206115065172,0.18921848068947925,-0.35784249381793354,-0.5486320012253174,-0.1289689524394591,-0.18623197899350372,-0.35194057985986954,-0.010799356209802928,-0.3305708026666143,-0.21760961730157072,0.015178952015694256,-0.316097952283024,-0.23170575320323292,-0.0010238214005677342,-0.28727962331797685,-0.4576757246171091,-0.3347074762366247,-0.2220815845736835,-0.3455943551199241,-0.2673611332302818,-0.3174772653020494,-0.2479287454649545,-0.2204550735869035,-0.3071444658754891,-0.24766950109029431,-0.21998325436443167,-0.28415458263793675,2,Bright_Down
0.0,0.0,0.0,-0.053807633655350434,0.2596703513235957,-0.1515623234862079,-0.17056342326200463,0.5324291216693035,-0.25547985123737305,-0.21446000153210323,0.7798348045398992,-0.341621917960609,-0.24042088864508437,1.0,-0.4089133204946853,-0.5487920962519349,0.29557114329772755,-0.22054586682085162,-0.35288734937877697,0.41180302082021863,-0.3527353732861452,-0.21244642015116286,0.37197169782386724,-0.4062544771710072,-0.2114434107026794,0.3432184335266762,-0.43897857072677654,-0.5782468509606665,0.038050638112594466,-0.2194224003070405,-0.33641233799653836,0.16590381276634122,-0.3546764458508398,-0.18249086094818703,0.17944261972287417,-0.38161867029388036,-0.20203736119165702,0.15710374229519428,-0.39336821454918647,-0.5245075597530765,-0.20584115058432093,-0.23228706083343698,-0.31164464279937387,-0.07871999637000769,-0.3724411058310569,-0.17344893103588804,-0.03286473475077624,-0.3516910852793065,-0.19112945838190012,-0.03942350904578118,-0.3246807984805045,-0.42926059493501234,-0.42023729114064806,-0.2595469796263637,-0.28974761050014486,-0.34636834814763257,-0.35520098814200074,-0.185384771482041,-0.2747514848727213,-0.3439104796615853,-0.18954441775945727,-0.2567910055736907,-0.32404316904474006,2,Bright_Down
0.0,0.0,0.0,-0.045849472135370835,0.2505300573884462,-0.15244038007619723,-0.14360296213666962,0.5379464022161488,-0.26098112126256995,-0.15246423975067766,0.7911025699701054,-0.35128855946752097,-0.16283093095001014,1.0,-0.42507789630402154,-0.5006418037750319,0.2525146451019099,-0.24165294967522027,-0.28793768740361,0.3570781988562792,-0.3724981290626083,-0.1490390372999599,0.33686939194785054,-0.43523082861354245,-0.1517316332514516,0.30206763144326854,-0.47885479063720066,-0.521326551897271,-0.01838937894872373,-0.24109080912609712,-0.24302997726839543,0.1149368513438522,-0.364169052399808,-0.10180615895480723,0.14949853281914066,-0.39122773710407505,-0.13002500307829667,0.1212089862648932,-0.4127912756778032,-0.46189124925994374,-0.25925836383049183,-0.25282523392879097,-0.20954092054283724,-0.12510029062494202,-0.3738598536621627,-0.0811332179979433,-0.05987849302337088,-0.3509390181758958,-0.10764592672473168,-0.07411835615021188,-0.33391118812486076,-0.3628133888757386,-0.4649481806001526,-0.2816129479828599,-0.15813842608236567,-0.37440521404422966,-0.3666200934263342,-0.051317033072994706,-0.26663081411529754,-0.35652967584062967,-0.057637521147476556,-0.2324326246597709,-0.345412807955501,2,Bright_Down
0.0,0.0,0.0,-0.031720001111167524,0.23298432364314062,-0.14440182524961453,-0.11926084370183544,0.5301032660525049,-0.24594269438788086,-0.11659951538317011,0.787549148978417,-0.3273446272172568,-0.12050447552824589,1.0,-0.3933528016880736,-0.43060396196906,0.2879077468218488,-0.2530225728272488,-0.18285219460374905,0.3489037278712425,-0.37586929233093463,-0.07169630532693984,0.32860124672448476,-0.43422111889465315,-0.09350638900798057,0.3026972223138312,-0.47608743422073224,-0.4530763671773704,0.019084849545591327,-0.24926458237644733,-0.12344605890638399,0.10994496299688997,-0.3574887752028757,-0.023634204746847437,0.13913979486369657,-0.377641105048849,-0.08325217385830616,0.1178404103437654,-0.3992090445268931,-0.39850983130095957,-0.22309424849017376,-0.2542898785429604,-0.10668412422141299,-0.12260611478771022,-0.36065974214714724,-0.004710419754478504,-0.06839181354171099,-0.33083341270431427,-0.042564831903754284,-0.08335562738611936,-0.31194623329222315,-0.30744992664515397,-0.4346320810758182,-0.27621814351098223,-0.08378312582644795,-0.3518115109565633,-0.3551140651567034,0.010986600441812249,-0.2482760140122056,-0.34223109039156413,0.003016573501473597,-0.20662666372362362,-0.32982925663673063,2,Bright_Down
0.0,0.0,0.0,-0.03325944570034464,0.2289594025972671,-0.14419614008246923,-0.13756550941647852,0.512397175472389,-0.24481363537771966,-0.1761831597389902,0.7772429568344603,-0.32479813194660473,-0.21907868828466248,1.0,-0.38680702722614796,-0.4592255743234812,0.31520348614645655,-0.2373095474942528,-0.19584419781393936,0.3640312220251227,-0.3537796641742978,-0.09743269497445188,0.3180883044867949,-0.40566081670857407,-0.12569432684822598,0.2854701175260328,-0.44373002020120644,-0.4985374986199824,0.05821820027096989,-0.23271680319307322,-0.1723581669757107,0.10658007887708093,-0.3399614759727536,-0.07211284461841086,0.11266484600695881,-0.362223785482742,-0.11457268945579156,0.09773358462930437,-0.38600485456032346,-0.4582247707760852,-0.18623842953083913,-0.23747691207734084,-0.1741361512998391,-0.13292202347305904,-0.3509261473819338,-0.06743058423493306,-0.09674363792512472,-0.3287936264976679,-0.08514500442099115,-0.09649787847413696,-0.3145181818993633,-0.37603169972622424,-0.41083225317143196,-0.2579933671742128,-0.18204557307987915,-0.38153978518396214,-0.34462047169219645,-0.07693694895352016,-0.3008448174999905,-0.33701387828901175,-0.06511652565225305,-0.260453271794302,-0.32783949327630574,2,Bright_Down
0.0,0.0,0.0,-0.05723720658233326,0.266593380660397,-0.14314156045886645,-0.18139621832217376,0.5299341270712857,-0.23911346547627824,-0.2548189318791675,0.7723477582684519,-0.3220799600189324,-0.3060381110849808,1.0,-0.38736686410573545,-0.5824746889409618,0.3303261817709144,-0.15281505440554952,-0.38705584551731353,0.44267531892084266,-0.30254208151801093,-0.24103692977051433,0.3997584504860285,-0.3911887297868743,-0.23471069785845536,0.36000783182878104,-0.44365298991477237,-0.6117715602152908,0.09450992617533976,-0.15432358071643387,-0.39348263222478713,0.21806424661158952,-0.2937674493400949,-0.23384249303950985,0.21970228150383103,-0.3369392814075914,-0.2415642293074445,0.185207762830206,-0.3558317629882147,-0.5605382106860044,-0.13599668196425754,-0.175924978509842,-0.3748369390902271,-0.019873742417855042,-0.32131653384182135,-0.23239439498305148,0.01495418761671782,-0.30714311061050253,-0.2472380813273015,-0.001166054118100381,-0.2787304198323038,-0.47182708063268314,-0.34290534142168133,-0.2119474565942105,-0.36840361223345824,-0.27483246998820865,-0.3055905745449855,-0.26710187726810336,-0.21731975961681266,-0.2925428404478354,-0.26885300224190867,-0.21279234126717028,-0.26804057987248214,2,Bright_Down
0.0,0.0,0.0,-0.06479550115376866,0.2719223250501818,-0.13507531506010306,-0.19952455351235895,0.5393439435857301,-0.22315787849379823,-0.27883602860434475,0.7791712726145601,-0.3014294617756681,-0.3367513637055585,1.0,-0.36220337761697596,-0.5786890662242511,0.34333362241961024,-0.130286911476621,-0.43437143254652083,0.46381604889977346,-0.2753276565934429,-0.27690736025014784,0.3993660102137413,-0.3608700326677892,-0.2674262037408463,0.34274566809454327,-0.4124292251790747,-0.6131309013229759,0.11232338116706837,-0.13464497716715423,-0.4403031161317217,0.23732171084228126,-0.2745608465102882,-0.26701039112325214,0.21836974728706504,-0.3172451121555982,-0.2785546280049143,0.1776968802001141,-0.3335301238007096,-0.5664146026474189,-0.11326832647604963,-0.1595341756811285,-0.4212032469541791,-0.003661351933371465,-0.30225434020877506,-0.2659736107024456,0.018010817416339,-0.28252655991714026,-0.28631200933390594,-0.004117252345856534,-0.25022503314858074,-0.4826968762699381,-0.3136419290037292,-0.19818116806156533,-0.3898708360768145,-0.24737903114874066,-0.2844001403048286,-0.2807327315273214,-0.18958068428555822,-0.2653661998291777,-0.28812067631516136,-0.18911482742728322,-0.23816206216611796,2,Bright_Down
0.0,0.0,0.0,-0.07149030036215188,0.28897327379509397,-0.11408638895138247,-0.21531302297206353,0.5577458620245098,-0.1862720937288142,-0.2979157298276586,0.7891712205524127,-0.2531926399113533,-0.35126574275063954,1.0,-0.3019720350665,-0.5402415456255247,0.3620394992915492,-0.0951540985858811,-0.45558275858452957,0.4743718475174614,-0.22261452311351376,-0.29585101376004463,0.3997039126098068,-0.2957318391059956,-0.28818136339607303,0.34426549662799644,-0.34058852355641117,-0.5765899738641194,0.14537150640011398,-0.10064734470914104,-0.45645596964610774,0.26525371296671546,-0.22548200611778912,-0.2849631402041646,0.2306315975826932,-0.25772182086577866,-0.30714822813286674,0.18163789375767592,-0.2684188876883847,-0.5390700265183269,-0.06928852050682759,-0.12568810298894734,-0.4438673207730595,0.026900649726766854,-0.24785341320525767,-0.2870757237331932,0.044959143024396984,-0.2165407529402471,-0.31139461478722114,0.01881006178973724,-0.17992581520804213,-0.46873101262504296,-0.25876606813834435,-0.1635818529542496,-0.40062005634296294,-0.20011831158633137,-0.2283193714828433,-0.2935824908721809,-0.13740367136026865,-0.20105877510115458,-0.30298894051912756,-0.13920092181874147,-0.17253232802029866,2,Bright_Down
0.0,0.0,0.0,-0.07409507830920008,0.28371893177417007,-0.11182506601447634,-0.2593108694108486,0.541391524336451,-0.17078430226357819,-0.3705155902285909,0.7714326978972719,-0.22432420848269952,-0.4157759368760328,1.0,-0.2580379348885401,-0.5251553486513583,0.38822070280295545,-0.06701647312482895,-0.5394581362013208,0.46900513074802047,-0.18358850037809146,-0.36877452992214216,0.3898978544254056,-0.24382935547869047,-0.3675721801045406,0.34919789185591543,-0.2802875145475253,-0.5511906151722346,0.17353169497624787,-0.06688793362480908,-0.5414533869797189,0.24773786126158873,-0.1876973714089229,-0.35040228771424753,0.2214955835609052,-0.21096136602663224,-0.38577327702308295,0.20415213877451788,-0.21213874211178604,-0.5197956847797437,-0.04323464596875816,-0.08788203410707292,-0.5306026312083796,0.01032600650159531,-0.2098771148835574,-0.3536350320686796,0.03248799756400798,-0.16478207629161856,-0.38108880659258393,0.02304720456676291,-0.11527480351948613,-0.46949557874669173,-0.23425445284658425,-0.11974052812481088,-0.48281482248189556,-0.1999825484761209,-0.17749957343017042,-0.3584882406817889,-0.14256956237595877,-0.13356059298430206,-0.35797504552440623,-0.13779025193982714,-0.09247141629905653,2,Bright_Down
0.0,0.0,0.0,-0.08273342616858327,0.2753794535483595,-0.1128283191394559,-0.2852664678715984,0.5503491556627997,-0.16439695340770402,-0.43917647547541944,0.7802508959926117,-0.2110360253682677,-0.49767303810278946,1.0,-0.23133642145329325,-0.5259250563062046,0.3965636508455413,-0.04570509584780211,-0.6391794856975317,0.4700200540997118,-0.15511135136027135,-0.44842508189309255,0.3928886512820235,-0.19985943189214148,-0.4379663661862954,0.35933779929885906,-0.22593403603288262,-0.5445207636090637,0.1853229998428664,-0.03994055813062211,-0.6280411822466733,0.24844049423030728,-0.16115247581068004,-0.4015202825755701,0.22748982996459377,-0.17165843695352895,-0.4290255248773786,0.22411332402572656,-0.1596287164285703,-0.5225242277726704,-0.0303267836920615,-0.057873952601566546,-0.6296103508293462,-0.0005554461841521439,-0.18398439343655398,-0.41952646797996634,0.023449269027764483,-0.12432504221166452,-0.4169988446767533,0.018235082693811647,-0.05972246979625627,-0.48631655375323524,-0.22772583137819408,-0.08677542622569938,-0.5710425061423582,-0.22138798933418102,-0.15456680218016555,-0.429020226886461,-0.15886025766297193,-0.1081674116297344,-0.40237085093560715,-0.13990452779548793,-0.060191849967441584,2,Bright_Down
0.0,0.0,0.0,-0.07397695783139595,0.28650728048649476,-0.1117955464312663,-0.2931029710689853,0.575331537859984,-0.15667389693512315,-0.471419651473009,0.7915567560822403,-0.19913288541216237,-0.5472620595152035,1.0,-0.21447218483979075,-0.5415139490077437,0.4036908846029169,-0.027454539573103842,-0.6864913069973265,0.4801567512972303,-0.14122951493558009,-0.4812479212180947,0.4118730170942136,-0.185216276173434,-0.4528585039713237,0.3751253133126014,-0.20705470104666643,-0.5573227775387879,0.19485264280322773,-0.025166112952404545,-0.6757606875777857,0.2534367630439606,-0.15210899155869534,-0.42886683927104596,0.23742679990261098,-0.16021434985508165,-0.43766609731302925,0.23117602878887175,-0.1397866819657355,-0.5356100911169105,-0.018829600634623675,-0.04952109719998753,-0.6780628872281047,0.010297622929017192,-0.18940475783347593,-0.44520835200034525,0.039727897124162095,-0.12931000232168394,-0.4181896993747118,0.039825356518426745,-0.05596005451699491,-0.49801562821786055,-0.22551845817596358,-0.0844010638175062,-0.6153773801319818,-0.21649472687209997,-0.16832154064609542,-0.45743499071379684,-0.14512900058499092,-0.12286274380401435,-0.40446539945216325,-0.10945792404687996,-0.06868672603943027,2,Bright_Down
0.0,0.0,0.0,-0.061134588570148446,0.2999017576964465,-0.10999016968403508,-0.2820437784858948,0.5903249670315532,-0.15196795343698136,-0.470971910375482,0.7971610739277566,-0.19353837161287965,-0.5502814943890159,1.0,-0.21046763376860134,-0.5295157461364705,0.4224027437873452,-0.01157499339242528,-0.6809923996232823,0.48015815825870173,-0.12532469432050752,-0.4840606517849233,0.4160238219246801,-0.17032227917369988,-0.4405394805967218,0.38180480309499937,-0.19031941259758242,-0.552487177996884,0.21382615118706158,-0.012006453127187988,-0.684993191881721,0.26119970724809255,-0.13735810686087516,-0.43991154242673725,0.24327886650614594,-0.14700605407073167,-0.43455375366292565,0.23770078023913338,-0.12391323004746953,-0.5356964905321167,0.0013788908268999953,-0.040146243608970275,-0.6808039278864249,0.024681784658062048,-0.17764226186138585,-0.4500454532886343,0.04440800406737808,-0.1206205187686775,-0.4172989968676449,0.04839175486937047,-0.047276216878712266,-0.4998216289939503,-0.20947730693073777,-0.07888368540985723,-0.6157619929249741,-0.2029992963345633,-0.158902147457913,-0.4609971283453028,-0.14466368234273755,-0.11310564558363494,-0.4120737026062707,-0.11443180003487291,-0.05794995960576287,2,Bright_Down
0.0,0.0,0.0,-0.07656649266302658,0.3228301156237982,-0.09733974376470403,-0.3059313370364952,0.6048629622783819,-0.13330161995114226,-0.5008096469089752,0.7965364106777908,-0.17301664044526122,-0.5905989854119016,1.0,-0.19361282757115264,-0.5541786715746264,0.4197781606889598,0.003558701400332976,-0.7383981999865096,0.4818224742389056,-0.11152144467145601,-0.553597004766339,0.4338855517994441,-0.17424713894860797,-0.45004038379497296,0.39481773418002064,-0.2021284920597808,-0.584371690346521,0.21057904317562046,-0.0003035031080847267,-0.7627362254904967,0.26662250875347226,-0.1263223300051304,-0.5244735871584788,0.24985589730427218,-0.15813651779152904,-0.4407687550315493,0.23404555397193458,-0.14829492508881947,-0.5693585108628905,-0.0014909591983510097,-0.02908562785883244,-0.7597291219722009,0.016748105859855093,-0.16193296955829817,-0.5332196133842935,0.045742093842829075,-0.12560527948071046,-0.4289199218253826,0.06084451625732449,-0.06397518589936865,-0.5256682379262527,-0.21229009843659524,-0.06662748717342921,-0.6717380011510695,-0.21696210274303204,-0.14851370714509923,-0.52492910935774,-0.1367149140596051,-0.11419629621063924,-0.4337870013236424,-0.07811395413417056,-0.06554731236459523,2,Bright_Down
0.0,0.0,0.0,-0.1017007514867949,0.3471353567356092,-0.06789206339384521,-0.3285154891412494,0.6211993075178095,-0.08999726894962186,-0.5260305906862702,0.7972261779724218,-0.12486070616681937,-0.6106838131855392,1.0,-0.14552587655775515,-0.5521600270625224,0.40905655790324286,0.0480330283087837,-0.7602252297459341,0.47451846792208624,-0.06151916597360957,-0.5986640042497158,0.43987294543717914,-0.1356188401721592,-0.46804234488796914,0.4030481674830989,-0.1697764066907664,-0.5813268595534684,0.20351808465170845,0.031508525094892874,-0.7977412786522725,0.25914582183378004,-0.09043213185692234,-0.5816301016920998,0.25325001167979705,-0.13817356596945676,-0.4528071310784692,0.2325521135241668,-0.13805259084915483,-0.5661710251055075,-0.004313305797851263,-0.008077950338168044,-0.7895937550288015,0.01951045212061856,-0.12728250668107652,-0.5812502919949266,0.05563995771048292,-0.10358813901447501,-0.44225313667438976,0.06497395405254351,-0.051079039452207854,-0.5205521169848474,-0.22090665289892564,-0.05529985653295937,-0.6914331716618708,-0.22418364707286983,-0.12371062466779095,-0.5622489925093568,-0.13536192663011035,-0.09298564100869222,-0.4543741705181158,-0.0770608136752255,-0.04948968132627023,2,Bright_Down
0.0,0.0,0.0,-0.10102711561700681,0.3587399593876825,-0.06897751873224775,-0.32359272394233585,0.6299288075354781,-0.0904095326409099,-0.52434767472588,0.8007403981453665,-0.12538608639101365,-0.6169852380042582,1.0,-0.1457340594677616,-0.5437440757364604,0.41404227192824417,0.05358029519026991,-0.7595220111920244,0.4801242115596311,-0.05421662587561062,-0.6068722437401326,0.44312805036258507,-0.12793568463580862,-0.4697110146696257,0.40271953515213715,-0.1611367634263624,-0.5738233767218353,0.20540308084578712,0.03616710641532101,-0.8006970452262445,0.2611137604561686,-0.08697107020338223,-0.5920869376347563,0.248503616265231,-0.13911488294665691,-0.45022725425920646,0.2214400663321448,-0.14049756057979668,-0.5621063244501967,-0.0049682663167643125,-0.004725516250156969,-0.7978719163057736,0.017815217658885725,-0.1228243972567148,-0.5955501605256204,0.047627103025053415,-0.10374728150899568,-0.4467803704082124,0.052898186214076715,-0.05355758729848393,-0.5193601283420689,-0.22699120066454143,-0.05386878814057626,-0.7000866840528575,-0.23466412271446788,-0.12332064112930254,-0.580039836757742,-0.15090726331321308,-0.09647879154345362,-0.4682507402129696,-0.09365592117001469,-0.05498874422450489,2,Bright_Down
0.0,0.0,0.0,-0.10476844670567198,0.3646180372018261,-0.0654707837473859,-0.32393627191020763,0.6321265218515958,-0.08306573293681312,-0.5276122037077249,0.8030122993898319,-0.11560485413645565,-0.6258574405814981,1.0,-0.13366102638933672,-0.5442769815323152,0.4175830794931444,0.07862586923887342,-0.7602254844879925,0.48640174286774673,-0.024626905047490315,-0.6216577227831555,0.4447102761371767,-0.10175695624466294,-0.48419709648926257,0.40042896901232017,-0.1381338242518019,-0.5771469429739833,0.20672515011968914,0.06082362954438138,-0.8071297227900764,0.2649168058786533,-0.06073505068705513,-0.6078173406084032,0.24924075036918933,-0.1212043066462077,-0.4600181155815629,0.2200690624105143,-0.12782596426085102,-0.5663020336340774,-0.004020421987505959,0.018846075557742266,-0.8026392170331453,0.019554057362547807,-0.09944110158543744,-0.6109942720503568,0.04853585180866001,-0.08934420209447318,-0.4597897242953826,0.049653909340771046,-0.04422583874296947,-0.5232952623515132,-0.23527860276439969,-0.0310354917460986,-0.702835901725998,-0.2385174983195073,-0.10153461402930207,-0.5900036854048452,-0.15150020200517167,-0.07958138703994043,-0.47821328804726315,-0.09306014909452372,-0.041115737705778886,2,Bright_Down
0.0,0.0,0.0,-0.12109124804661002,0.3704670872662186,-0.06431153893406769,-0.3451301486221586,0.6304017120868808,-0.08513943288104907,-0.5496389806267886,0.7993684245636509,-0.12255690821097873,-0.6545561370589013,1.0,-0.14702514610108766,-0.555372605618281,0.40146034916944584,0.07981043480452805,-0.7735538153024977,0.4764369445487404,-0.02831709405234385,-0.6397272758824455,0.45238866860274074,-0.11084163207025982,-0.4966760255100224,0.4226063169262848,-0.147963443768198,-0.5830608240680183,0.18394499361978997,0.06049439681354373,-0.8173303722788325,0.2374060152917701,-0.0661779926415985,-0.618630438672682,0.23590449111796336,-0.13321815241278537,-0.4610694503103112,0.21790772381781312,-0.14179044688595943,-0.5672182509615389,-0.03636133759491999,0.017658329574671464,-0.8115289110732591,-0.012924376368837892,-0.10700668862222394,-0.6188186221901496,0.018192049956300856,-0.10335971036497009,-0.4578509487379084,0.02018679524145861,-0.059133935668644194,-0.5189371214637838,-0.27467654971943756,-0.031979621043156436,-0.7090908189431163,-0.2809186082623156,-0.10647880286742323,-0.5979622542176771,-0.1917164094675015,-0.08485949581322322,-0.47748716633484767,-0.12839321926332126,-0.04426634967666464,2,Bright_Down
0.0,0.0,0.0,-0.11013546113278355,0.37377801400184746,-0.05293035191670845,-0.30280538368025955,0.6343583452281066,-0.07121205093047296,-0.4845784681760493,0.8061770365690459,-0.10728367529408867,-0.5751221512435749,1.0,-0.1309471986206584,-0.5195507731324092,0.3927256357714554,0.07901269621506,-0.7312368447149878,0.4644667743046154,-0.018196302821658347,-0.6000611731199293,0.44720258331076945,-0.09230318327946505,-0.46153302735630725,0.41587414605555945,-0.12624904172553408,-0.5491229067148921,0.1858965316289544,0.05597394098219545,-0.782949970639131,0.24691053459066936,-0.05912136902289674,-0.5938438001767223,0.2527746856938469,-0.11936773429216432,-0.4407018529104031,0.2281265982731129,-0.12676369263204396,-0.537814013658654,-0.025805696788578344,0.011452859516090815,-0.7801680979393907,0.00847698988136426,-0.09941318653311733,-0.5986649997270052,0.04891253358114575,-0.0938421496654485,-0.4444841122599178,0.04763848357518444,-0.053022633908077356,-0.49220805992068667,-0.2590207509474034,-0.039561159463176065,-0.6801608552202734,-0.2622357382503596,-0.10338860363016865,-0.5781396908807481,-0.1634522364959502,-0.08198671684612537,-0.462827579828693,-0.09934904669102448,-0.04494319966472422,2,Bright_Down
0.0,0.0,0.0,-0.04082545528816046,0.30047140316679793,-0.07464114404338269,-0.18320263479750137,0.5927743932911358,-0.11634728744593531,-0.30095840227980863,0.8025278952570458,-0.16559149968406947,-0.3302814851010429,1.0,-0.20207518598633822,-0.4553037081172796,0.4974639446348738,6.855878901601893e-05,-0.6019843065187676,0.62016386848996,-0.10765632570718528,-0.4593422373471247,0.5586609890340701,-0.17550593443241705,-0.36368288371459706,0.47858821438969873,-0.20605665481544963,-0.501083362988164,0.31848756983772974,-0.013534895935537933,-0.660901252552448,0.4196030904115833,-0.12697646799243079,-0.4603068683484859,0.3699570894198163,-0.15780624958641373,-0.3611307495566261,0.2980925143803798,-0.14774527088526151,-0.5096403710000381,0.12315437910510171,-0.04844609862924273,-0.6788499172642296,0.19733323805159797,-0.1573990529505028,-0.4846827045784966,0.19460399574901827,-0.12812027130775233,-0.37117057957529775,0.15469314855114624,-0.07505198617136506,-0.49257618474870973,-0.08619160030342082,-0.09156356652356305,-0.6372943012991954,-0.03406898236692385,-0.15177595385733705,-0.5039705927087261,0.02496259145718768,-0.11743596174705102,-0.39836276364029666,0.03910391390651413,-0.07257692640702318,2,Bright_Down
0.0,0.0,0.0,-0.05731208531666556,0.3046545498808939,-0.05952517198192189,-0.1955757360444889,0.5969687748137684,-0.08429375373484081,-0.2854935908232875,0.822079801315286,-0.11698695966311105,-0.30150565759818526,1.0,-0.1326156529780253,-0.4464532145905312,0.5250657808136581,0.024205632806289127,-0.5343514792603486,0.6675133602165376,-0.07270572681011803,-0.38025466858595197,0.5697712568629311,-0.12556258624983582,-0.3444087605842591,0.5002724649086429,-0.1526542085318509,-0.49317743150751175,0.3603802524983027,0.009743060550010759,-0.5888325716110909,0.5020781405767952,-0.09870746586752627,-0.39252139262358465,0.42730027614495414,-0.11683081721892861,-0.3719995716049575,0.3610576639542844,-0.10351989206020307,-0.501627948341597,0.17489293662442634,-0.025647622429873076,-0.6205026659098983,0.28653693090808896,-0.13522356677437442,-0.4198905516718494,0.2621327562267078,-0.09169584093399119,-0.37119571755933717,0.20994593635691536,-0.032184382899956426,-0.4842588883714808,-0.01594450491356847,-0.06847708322299838,-0.578284900631694,0.06684085548791506,-0.12389619794558664,-0.43147835449123606,0.11040249790166635,-0.08382408202792718,-0.36833877555449557,0.09718566159905527,-0.03789388800932219,2,Bright_Down
0.0,0.0,0.0,-0.2314808353953421,0.3386313390741566,-0.040738030493105475,-0.449626751067384,0.5927477526639126,-0.08370510548372728,-0.5703951601985492,0.8120801806814678,-0.1376811481623885,-0.6417925490960857,1.0,-0.1775981172719168,-0.7754292049621802,0.2161050786545266,0.030426431926449348,-0.7422444316817582,0.5343522012353564,-0.08499130767807436,-0.5645923126881974,0.5032356987839068,-0.1796180621001364,-0.5030305415851852,0.4214659436068186,-0.23565725040522187,-0.7536518279566045,0.021234068261286775,-0.005625688336297983,-0.6885633211133595,0.3838061789292822,-0.1085978508359327,-0.4978711958696608,0.36601326484422664,-0.1481335328315397,-0.4448156954799217,0.2684803994362948,-0.16096838188295604,-0.6603038115702696,-0.15612910113116762,-0.06077194871082617,-0.6189768619655849,0.17273967758114891,-0.15410060115007965,-0.44094096780522946,0.19987052433766728,-0.1208548659149868,-0.3958979295225384,0.11804351598884279,-0.08015799939300366,-0.525088518770989,-0.3067040482167128,-0.12548701465932335,-0.5109117985070043,-0.05797450206141238,-0.1643784307389959,-0.3984188582405504,0.01752453984254185,-0.12164260954661513,-0.35785498606541294,-0.032156005350786006,-0.07798387449431494,2,Bright_Down
0.0,0.0,0.0,-0.15132908997597416,0.3282371471020251,-0.05199819748740252,-0.30847488859993083,0.5874645392013353,-0.10184011181433766,-0.394558356276284,0.8104908063867782,-0.15835411375595596,-0.4400754287248832,1.0,-0.2029354375621009,-0.6457796628404538,0.3156483704535808,0.0023915630612633652,-0.5743142326071086,0.5852226329995895,-0.09988277158702338,-0.4273855261232214,0.5372990437698407,-0.18231153678014445,-0.39135856257322854,0.4629798953177841,-0.23316693593692256,-0.6543899759460684,0.13951280324794088,-0.024579247129852044,-0.5618720885908295,0.4450744216789324,-0.12259915444089328,-0.38725397249430255,0.40380520107631723,-0.15935705146489693,-0.35091660844901723,0.30353320035270487,-0.17044421304759677,-0.5911036689900354,-0.0344999616564094,-0.06721281660633141,-0.5263934524316157,0.24582932691970066,-0.1602332306005341,-0.35828475776261076,0.24049156202237298,-0.1279470670467209,-0.32224290622506085,0.15093863143438457,-0.08675502520979042,-0.48763833538815654,-0.1871299246583558,-0.11812741219240828,-0.4561170948648522,0.025422221922589767,-0.16172376745855635,-0.34579289348599984,0.07278231486857699,-0.12135770169073085,-0.30947322648252756,0.01482675017423159,-0.07833995015326523,2,Bright_Down
0.0,0.0,0.0,-0.14259671215303404,0.33959934526712116,-0.04983963398111273,-0.29180991501838044,0.602461639207632,-0.09863763458139153,-0.38393797488634246,0.8174157311568047,-0.15391471855126262,-0.43920973309625677,1.0,-0.19466515387742236,-0.6555596118877965,0.3525072364675358,0.00033489852237874717,-0.5850909070746811,0.6307007153444045,-0.0928929087617279,-0.43115864315394714,0.5654527144012343,-0.16586258680275873,-0.39076282683751123,0.47812104854145676,-0.21168489654253772,-0.6625203071956708,0.17629520293480014,-0.02476115015347591,-0.5505703524135614,0.4770430563617151,-0.11125156936665835,-0.39099103200387775,0.42201759631089714,-0.1404963113095131,-0.3692356673585777,0.32108846276972786,-0.15138966085066605,-0.6013354963214319,0.000409135093664797,-0.06555443322476727,-0.5170673826822628,0.27656744411089135,-0.14460709579833206,-0.3686992976708774,0.2613506535801801,-0.11218651382262979,-0.35015689834743857,0.17073919505442633,-0.07758585389531109,-0.5007912766094665,-0.15763228093398363,-0.11489827406362844,-0.4549433412096216,0.058327139401548,-0.15057732742657592,-0.35682358252345303,0.0920629834586273,-0.1150021446216893,-0.33688452089025694,0.025823953429804,-0.0787722034034881,2,Bright_Down
0.0,0.0,0.0,-0.15048287389250858,0.33414291939611984,-0.05709051815493938,-0.31330011593201945,0.5963630586789858,-0.10956979380152174,-0.40214609313792854,0.8171965241536786,-0.1666604771309202,-0.4584864704866678,1.0,-0.20763037342050827,-0.652015420015716,0.27923906544932175,-0.013689273614579889,-0.582653098979164,0.5992431530220436,-0.11728486707831032,-0.4219681780114429,0.5529740028025714,-0.1936874228096628,-0.38983433584578103,0.47165039272412057,-0.2421575892549193,-0.6552763751217169,0.11578372746696172,-0.037700216644328724,-0.5493138339670246,0.4640099793154725,-0.14279661936376853,-0.37315956450906257,0.4237197851440223,-0.173990468462447,-0.3573046568964282,0.31957771145260355,-0.1820565422255158,-0.5850071238875165,-0.03935492699336709,-0.07790659511142435,-0.4983717248029919,0.2731194522652553,-0.17410333920705476,-0.33777387030883493,0.26516982807528183,-0.13971414685798075,-0.32636713450580895,0.16584004905087266,-0.09970425754545645,-0.47687496843289745,-0.1677731303172215,-0.12748436309116504,-0.4128163610971139,0.058529519205131546,-0.18195782161815888,-0.3122062791224874,0.09864440583959096,-0.15375541431091788,-0.298583973191161,0.029621981744524354,-0.11953380289989482,2,Bright_Down
0.0,0.0,0.0,-0.16306991281224742,0.3377562903835209,-0.05699428161487221,-0.33601241576553526,0.5868194883518502,-0.11145953306730395,-0.4364989310771968,0.8066780174949424,-0.17174328745837666,-0.5126897218409385,1.0,-0.21647026003345235,-0.6808438930311972,0.24310999143905226,-0.0070273196309428194,-0.6035426301718407,0.6016041613858214,-0.11768432325832309,-0.43332982605493353,0.5647601021574545,-0.20186144288501315,-0.3768206959715719,0.4773657987746845,-0.25292238463709005,-0.6752097790892874,0.08637141360855903,-0.0309473776947712,-0.5639884510902056,0.47315407553721145,-0.1421815170370489,-0.37977189139553014,0.43875843540310583,-0.1819161198108677,-0.344328252562306,0.33597594804126474,-0.195040689372155,-0.5984730186666922,-0.05484416922937122,-0.07157957782844633,-0.5073288169152849,0.29314370913821386,-0.17031191059852271,-0.3500862670920039,0.27791006461363343,-0.14499649093871278,-0.33239374142111733,0.17843597702413805,-0.11135591204647072,-0.48530769193979595,-0.16709810176527698,-0.12126076640872793,-0.4223871174475941,0.07923270712471722,-0.1764219731795289,-0.3239720884408075,0.10455625355709769,-0.15238368984085493,-0.3112290101344404,0.028226915332705212,-0.12095043578994838,2,Bright_Down
0.0,0.0,0.0,-0.19897710378031455,0.341000380756802,-0.06718942070039294,-0.4042442835338191,0.5813054349239113,-0.12913593756752334,-0.5219812815468888,0.7997816422430205,-0.19645175636291967,-0.6040071518929289,1.0,-0.24465310527802675,-0.7646566622871935,0.16503992667297082,-0.014869397629384763,-0.704195682600602,0.5311649772370782,-0.13403852164911748,-0.525811120870158,0.5022188817100137,-0.21974580751630923,-0.4971629658909214,0.397072593890866,-0.2735372535870904,-0.7467300777416964,-0.023378269674799376,-0.041912241440981414,-0.6400810543465996,0.3920838219272365,-0.15488659597324114,-0.45044684483269465,0.36849273757541723,-0.1836940113934297,-0.43940918686316444,0.24829269837792323,-0.19061275677007208,-0.6523612860737374,-0.18227956523776184,-0.08953564229953191,-0.5793777298843937,0.21034338720459178,-0.194319980195128,-0.4065344334147418,0.2197699225882488,-0.15728840138407907,-0.3983194569365377,0.10492753412788546,-0.11594362379026409,-0.5166518411274097,-0.3003653153649557,-0.14888420131320682,-0.4798946220906254,-0.007509223619063708,-0.20667599621858843,-0.3729275314883236,0.04297899634618646,-0.17661645925053437,-0.3489312743870772,-0.04086041798782238,-0.13996036842848902,2,Bright_Down
0.0,0.0,0.0,-0.13048525366594535,0.3464817148063157,-0.04000024899248344,-0.2691051267303129,0.6099729799458014,-0.08593667752527552,-0.32621936455153533,0.8190262415390641,-0.1413943670401861,-0.3506135939673998,1.0,-0.18299725189329483,-0.5877412611038942,0.3146189509671401,-0.009876178983894,-0.5096971720558096,0.6214839025216358,-0.11358333693354171,-0.36931863075358506,0.5412781524977762,-0.18820493475301966,-0.36441106845184235,0.4354759916297587,-0.23580838111972718,-0.6030263820059636,0.14667519663241937,-0.0435675967112132,-0.4760091881211448,0.47480644029406294,-0.14197122650616834,-0.33266526596246304,0.40008796173183225,-0.16899615704443693,-0.34639760458624425,0.28075198501535364,-0.1784568045062199,-0.5508754967671373,-0.021376456671483888,-0.0927046651471964,-0.4542290307132575,0.27759601096661335,-0.180351001354154,-0.3182232296568671,0.24127540546365264,-0.147885633454069,-0.32912668953218577,0.1341691113854369,-0.11484747707929312,-0.4597306037442925,-0.17122235372114092,-0.1507509298746269,-0.40033675239961924,0.04723992454435341,-0.19512207995586264,-0.31110671208052154,0.07338460941564354,-0.16644028251196374,-0.30994219617165397,-0.003905036446346034,-0.13652342596010328,2,Bright_Down
0.0,0.0,0.0,-0.0436682800806495,0.289983168146802,-0.06895256140441879,-0.12274879022862063,0.5785361202549468,-0.13205307885669723,-0.1650414956353403,0.802048501872551,-0.19658538888833138,-0.17771597939008674,1.0,-0.26041156227550044,-0.3714230866415451,0.4289387606182049,-0.08238688808547917,-0.43175553742528733,0.5113185684078084,-0.20205572310845457,-0.4101139431463828,0.548335346486965,-0.2937382955198271,-0.4026578542769733,0.5838551246372421,-0.35193389671650194,-0.4065641336394792,0.24579102482336962,-0.106599418203279,-0.46330340875383574,0.32372753560506495,-0.22435738651880427,-0.41952049745035874,0.3661728899037213,-0.28690700463637747,-0.40476241414222597,0.3926204668627588,-0.3224720100802764,-0.40103538158464586,0.05224321594209519,-0.14559472323797484,-0.4762642537348385,0.09711707533974497,-0.2627461977019546,-0.45913331856956424,0.13530589623691572,-0.2886283883176327,-0.45660608317398677,0.15911681051704607,-0.29258265956661866,-0.36371272750611605,-0.14521188417880967,-0.18978848375788307,-0.4484653871528611,-0.12470258040231078,-0.27398367138592167,-0.45359892891360826,-0.0713377709445555,-0.28750231363184947,-0.46126042883930757,-0.016564139421634164,-0.28896324736893136,2,Bright_Down
0.0,0.0,0.0,-0.05865284503466066,0.2675646499128622,-0.08469515141938085,-0.14164045051156413,0.5517011376588924,-0.1599271017499354,-0.1795258723630611,0.7954132408179075,-0.23914538181181536,-0.17227818105081605,1.0,-0.31342330433345233,-0.4461429299643018,0.4193660410373637,-0.069023092355186,-0.45328530424094865,0.5433867035350244,-0.20975755698314802,-0.329417201364867,0.5155502495374272,-0.31471931071668263,-0.2455338138156636,0.4643399388560873,-0.3698150630861854,-0.48823281146371367,0.22063201183726938,-0.08804537832734838,-0.5588514727027901,0.30711752624247346,-0.22966399382463923,-0.39399507580869,0.3326357004130986,-0.28814343116283014,-0.2736076552825955,0.3147794384605286,-0.30098411611246456,-0.48111745159396746,0.019353799726410614,-0.12497679683949925,-0.5627602094229905,0.07555472844778872,-0.2494315903176211,-0.41326926786259144,0.13143096226883433,-0.25134904225089993,-0.3022554550178804,0.1331430492453062,-0.22266042727040644,-0.4404666419056354,-0.17698821467135473,-0.1696614398538999,-0.5108310806102072,-0.13094444193586022,-0.23491180337385362,-0.41903260234349327,-0.05906158475646186,-0.21912088744451494,-0.3445989065298911,-0.03677169746265552,-0.19047204367418075,2,Bright_Down
0.0,0.0,0.0,-0.050079552773436495,0.27575202991020764,-0.11210774131192676,-0.17031355788731178,0.5751701465160932,-0.1778210228120269,-0.22704842224444122,0.8128638533257457,-0.23628263766496035,-0.25122564273382997,1.0,-0.27599828671818577,-0.5646525749175398,0.46222649373071706,-0.0714377646921394,-0.4385317914365496,0.5527479220917072,-0.18884801902137638,-0.2931825944423997,0.4647799072826416,-0.2621725651575446,-0.29144832001768245,0.4176144937583459,-0.30529988427207366,-0.6249552264558115,0.24821170129882394,-0.07422353461314202,-0.4678998532992446,0.3269622512328319,-0.18590101764712283,-0.3047957346688407,0.28428962763494336,-0.21990279773469784,-0.3277637699176195,0.26360844388516375,-0.22975322414235622,-0.6063676331925718,0.016841477901216418,-0.09630297976091622,-0.4836196843177922,0.08172925048417452,-0.20897866966819462,-0.32993629998619967,0.0831763821792202,-0.18600635265190785,-0.3509005385230094,0.07162752132672628,-0.15232637470424393,-0.5524686733202397,-0.20196015440018392,-0.13085501102437383,-0.4739814432777519,-0.15723848479419253,-0.18575739342095982,-0.35676222538011876,-0.1095615145855679,-0.15689442154022568,-0.3561276075259306,-0.10267826495873363,-0.12380160959531365,2,Bright_Down
0.0,0.0,0.0,-0.04222398060725036,0.26316740692357105,-0.12070099509302983,-0.16244609713404312,0.5429119696085902,-0.19367470648027554,-0.21746765318939634,0.7899181578822437,-0.25510232088620904,-0.23547704282968585,1.0,-0.2960877494688015,-0.5038208812903011,0.477525459284046,-0.11558408087293164,-0.41840435171021045,0.5345336623326308,-0.23106131811630717,-0.27427692425960837,0.43143993278822834,-0.29083387064523153,-0.29281870831162754,0.4061084972209979,-0.3315496337581008,-0.5716438310658949,0.2740269547103287,-0.1132441959785635,-0.45569067006475916,0.32537278745448145,-0.23658457603919003,-0.28675529215700174,0.2701687179909474,-0.2650957572764044,-0.33501099726013517,0.2702781751255607,-0.2744102094237179,-0.5597340038898011,0.04960190058313925,-0.12702904137099724,-0.4641112328857088,0.08161009408604375,-0.24376423223433022,-0.30771480612659585,0.0814273261263871,-0.209499137618183,-0.35590801884240936,0.09545183968806244,-0.17507910070058247,-0.5169403370796098,-0.15266775674093672,-0.15314021583714235,-0.4305879489985754,-0.13267121100446394,-0.21602084188613307,-0.3189135437549168,-0.09279063128384182,-0.19133380338000402,-0.3481025796628389,-0.07581001143317954,-0.16729063692255747,2,Bright_Down
0.0,0.0,0.0,-0.051803603947419764,0.2654507767146491,-0.10143429687386989,-0.16725047878205757,0.5500982685808328,-0.16783431447241773,-0.2191780876832614,0.7989436060747461,-0.22787743291906326,-0.23020771364262949,1.0,-0.27013582904326705,-0.5201085791651366,0.44096321916860026,-0.09027504531592402,-0.4379206881419728,0.5180806705674776,-0.19918690585524937,-0.2975656544762314,0.43122027823077,-0.2588116579121548,-0.2952120992488614,0.400452618081312,-0.29683805092340665,-0.5838892176089172,0.23825788006048448,-0.09536010028699933,-0.4724261355406215,0.299548531102527,-0.20387420625137034,-0.30723977800975255,0.25441326681964177,-0.22940972257966918,-0.3405188057253942,0.2450816267953325,-0.23862915014714633,-0.5709610330467857,0.01473881723861279,-0.11552378348534365,-0.4876699255382323,0.054330071254743054,-0.22151018610163437,-0.330982450626519,0.06287385221923435,-0.18833593789502928,-0.3605649815355555,0.06553007039953648,-0.15507966001061796,-0.5229350369048363,-0.19640340201176656,-0.14676528152932586,-0.4637981701786259,-0.16747924654162477,-0.19872594616915293,-0.344517698232876,-0.11502622009917189,-0.16714056154266707,-0.3510148629558184,-0.09841115980443564,-0.13849185942554976,2,Bright_Down
0.0,0.0,0.0,-0.04798679606485379,0.26930934024186465,-0.10045501904995517,-0.1700319345066706,0.5613288263750444,-0.16590489305226713,-0.24319902541035912,0.7944405377221938,-0.22816090960104826,-0.25912892513572516,1.0,-0.27642849444963175,-0.509208938266085,0.4652902899008007,-0.08007954452469267,-0.501930078003959,0.5077401207483739,-0.19627903756263063,-0.3523701855936748,0.430987366273369,-0.2631035668576237,-0.30984805287233697,0.40249108960763147,-0.3017084873467862,-0.5730097529709561,0.24395713390278723,-0.08747658510005145,-0.5610584371758973,0.2762972951175719,-0.20791705702895508,-0.3674497247293632,0.23922525217223975,-0.24143316718814656,-0.33705633745024827,0.2467679930499647,-0.2482451426988935,-0.5767056379897533,0.010496788862964603,-0.11119784298286582,-0.5801035430747964,0.030711105199933784,-0.2346142586210112,-0.39364507561983647,0.037287109184318844,-0.20899415686072234,-0.36130717826019904,0.062102074398769594,-0.170067432899655,-0.5466223988658085,-0.21691043198600937,-0.14344066726950383,-0.5681175619977956,-0.19811406717141203,-0.20778651394425435,-0.42688186496387026,-0.1497170888520698,-0.17297218897633743,-0.3858299646697106,-0.1071058875797832,-0.13526401157781828,2,Bright_Down
0.0,0.0,0.0,-0.018877444056440155,0.24898444465150557,-0.12723596636179837,-0.1469836695841107,0.5240085596240711,-0.19612891573676794,-0.23534783796432573,0.7700903398225816,-0.25219993287507514,-0.25664392641518624,1.0,-0.28498109135200417,-0.4528163164392642,0.49438552614581854,-0.12174813085661751,-0.46790207150526136,0.49744926590952887,-0.22114910971008953,-0.3117386974632425,0.38362911013368856,-0.2448491512164309,-0.30620138622709475,0.3883587947913777,-0.259527668322973,-0.5282710332326028,0.2873175891592213,-0.11357876202036214,-0.5182148779057086,0.2809799308368822,-0.23332404398289208,-0.31859161148370346,0.20655056361799765,-0.245177638304994,-0.33754568874055785,0.2563641292033112,-0.24026351778413177,-0.5460778625081265,0.05884179042685884,-0.12132794698193701,-0.5467782820186482,0.040272930665350884,-0.24980316004605796,-0.35584897938871324,0.015930573232221627,-0.2074539031101577,-0.3614932329839883,0.07607916487547038,-0.1627076086364306,-0.5347184133565712,-0.15734920333236627,-0.13910770978166678,-0.5471549626548812,-0.18563221463860893,-0.21839009941926985,-0.3997678768447557,-0.16539363788258366,-0.1893726866090576,-0.37858376022040713,-0.10401507675496646,-0.15832876241742536,2,Bright_Down
0.0,0.0,0.0,-0.03831457499674401,0.2462435552670487,-0.1408835645104937,-0.11537119339240864,0.5373640898906663,-0.24408780253336707,-0.14236476460867384,0.7916647189512853,-0.3330341576008521,-0.1423784353656898,1.0,-0.4102768746887986,-0.5033724140587125,0.4492709076588873,-0.1971289543049355,-0.3922529730956562,0.4536035086512372,-0.3426335279816429,-0.2564845692432663,0.3741324581696885,-0.4353782587867976,-0.20615560379029824,0.3654071342535958,-0.4935883789101225,-0.5873179180113253,0.2093354512716891,-0.197948868981772,-0.44683457296230017,0.20422618958370634,-0.36108133259036385,-0.2923581056270306,0.17334365548986733,-0.4340848287762226,-0.2352950428659081,0.18839890739781992,-0.4701962436819341,-0.5883957028547775,-0.04245556489478956,-0.20970255957167547,-0.4971463397209578,-0.044199027406486874,-0.3795257195098307,-0.3483782219254835,-0.043348941515913494,-0.3968104807904837,-0.29416117557926524,-0.008754355900078233,-0.38177676399976596,-0.5458049738623946,-0.27706126351310234,-0.23044221881997198,-0.5193022269222187,-0.3064776456663259,-0.3539144014753975,-0.4471538512874472,-0.27861340892526976,-0.3621757648879242,-0.43386925640783663,-0.23084624043892243,-0.34667327342920734,2,Bright_Down
0.0,0.0,0.0,-0.13563023829342657,0.2920857688927331,-0.07023820454098036,-0.2675412204380829,0.5656074986553077,-0.14578394810544576,-0.34162438830063446,0.8003704685419505,-0.22390961173241028,-0.38327342283481286,1.0,-0.30131905232491196,-0.5694454907468118,0.18111664488807666,-0.08106835440248092,-0.5929948893942142,0.4000368918464369,-0.21196926724316859,-0.5408419091375524,0.5149760745525314,-0.3226069652849556,-0.5085407724656619,0.581542916222957,-0.3914160329287912,-0.5671020834592772,0.004609620711516611,-0.10370842910071958,-0.575530785315805,0.24702935381915864,-0.2118489618468835,-0.5092395474393493,0.3446805212600891,-0.27092458858200164,-0.47738607317296233,0.39060621984130306,-0.30907343168159873,-0.524136413027472,-0.15956560625859323,-0.1412582253430215,-0.5260588192439032,0.05125548533704112,-0.23629738611551815,-0.4612435652404403,0.13502384794358957,-0.23362528487685116,-0.4273914209406181,0.17904326111521882,-0.22341120366208636,-0.44960682282148223,-0.32472296238426734,-0.18906260826488674,-0.467460616403851,-0.1996259662796123,-0.2475593391512676,-0.42867178502284037,-0.12711566213889006,-0.23276208542371854,-0.40826222352428737,-0.07711604965828539,-0.2140218799764359,2,Bright_Down
0.0,0.0,0.0,-0.32420841734732236,0.3028177437544855,-0.10415981871134715,-0.6403254331704317,0.5334438330884111,-0.19140531372817843,-0.8436220566624517,0.7895355592768531,-0.2823359680120375,-0.9947861487987424,1.0,-0.35028242404566584,-0.9610146611530707,-0.09908794983083286,-0.05424153210545535,-0.9692521615802604,0.3337984006014832,-0.21865633684768904,-0.7468981750452821,0.3468281159222173,-0.3335789300604979,-0.6939240798332251,0.2305842247359967,-0.40393649858173775,-0.8905834557944021,-0.34532440791497215,-0.07833733154839988,-0.8485569529407744,0.14329952838248863,-0.23574870702471648,-0.6221967806978572,0.17973240832507434,-0.28178038101056796,-0.5933888110454189,0.04452342708724924,-0.29660010158573624,-0.727517856532586,-0.5287344930111753,-0.12747784574605203,-0.6968225624551451,-0.08338957998701343,-0.2726612142869427,-0.501243122244626,0.008963723044325212,-0.2259951367861737,-0.48369630224530946,-0.11620159939851679,-0.17211278271420077,-0.5316961997197636,-0.6536063360787396,-0.19163875959041826,-0.5228508082430539,-0.31733578825057246,-0.25929150930420114,-0.41354447899935065,-0.19912639691056355,-0.21363111663136014,-0.38437040770992104,-0.28940526639554354,-0.16560330497505993,2,Bright_Down
0.0,0.0,0.0,-0.34449559941839747,0.28428707005940235,-0.08456573761459019,-0.6732280971513328,0.4534912796149278,-0.1619837513614859,-0.8738347043966848,0.6792840215982056,-0.2469750321941745,-0.9994260287440259,0.9014616376934311,-0.308718599778681,-0.9315756444593102,-0.20109127604282945,-0.026353560592660745,-1.0,0.26745193295171416,-0.18069205827617527,-0.77423120731241,0.3082347420660854,-0.2899925338523588,-0.7274290065750965,0.1754614704542816,-0.3588773551946722,-0.857541876764231,-0.4248828311152497,-0.060526276887781824,-0.8838032942865099,0.10818262190394465,-0.19814742886514122,-0.6487941326661086,0.17176597235358254,-0.22707184823679288,-0.6188997287640783,0.00882673618186527,-0.23542850338073626,-0.6971932237294493,-0.569610860477898,-0.12061509782336309,-0.7538186949013979,-0.0975446694956603,-0.25161754227520433,-0.5562138680223321,0.012123620581456426,-0.1937496887044455,-0.5154655621305618,-0.1378992327295134,-0.13596241030646666,-0.5082040544939839,-0.6431895915549101,-0.19578729427415867,-0.5837689534320153,-0.3164335195966127,-0.2603390689981532,-0.4879056056776879,-0.1790351924752125,-0.21054442406066895,-0.432039611323227,-0.2560890069485431,-0.1601963829506881,2,Bright_Down
0.0,0.0,0.0,-0.35756248867774926,0.1847669562580178,-0.05666166057417939,-0.6773345789192697,0.2854837953918486,-0.11984471397351107,-0.8728539377081588,0.4538677546358045,-0.1961008565827701,-1.0,0.6220605961324114,-0.25567344369353834,-0.8137221804690207,-0.3901041591723052,0.002127687396137687,-0.9543818908924276,-0.014631207314423007,-0.13514796950568728,-0.7561584742457766,0.07936146011007349,-0.23033821283399916,-0.6735232925676965,-0.006957719072407431,-0.2867907243167445,-0.7146700580842992,-0.5835400393525462,-0.03779684522694463,-0.843442834947688,-0.14046047570609338,-0.17005194344504834,-0.6380174522233303,-0.015532559933676976,-0.19983505477925315,-0.5650842633720623,-0.1303142632503078,-0.20296663713458385,-0.5620669642643018,-0.6975775641046926,-0.09995223430928797,-0.7097607670684198,-0.30216785820096215,-0.23236102170407635,-0.5292847362962487,-0.13266191233598648,-0.18435256871000286,-0.4482205572595043,-0.22658521656260341,-0.12620218081107684,-0.3894046239426263,-0.7402370376601579,-0.17266103044826672,-0.5182047033413507,-0.4515219503160268,-0.24388921747506123,-0.4231350615838201,-0.27899317104558746,-0.19875187742087674,-0.33774084802412657,-0.3124620208820121,-0.1466205571145423,2,Bright_Down
0.0,0.0,0.0,-0.34144621493305277,0.2674193776690791,-0.08276266258179504,-0.65278788113154,0.4597838688941795,-0.16733504697551232,-0.8267594853771131,0.7176636943957821,-0.2616916890195864,-0.9064657653786016,0.9613346982285305,-0.33681999451873745,-0.9119598820041779,-0.21997224486103095,-0.014028080868393116,-1.0,0.23312711547203072,-0.17048953544261003,-0.776272347665949,0.29129762570983914,-0.2876429993262719,-0.6881351888319859,0.17675222555501158,-0.3596457279614181,-0.8448492109412451,-0.4224443054903955,-0.04967112685033696,-0.9142403417004911,0.09910021983762805,-0.19484783465964367,-0.6808304944632,0.1858390420828904,-0.23527343808219378,-0.604309415806858,0.05757622630799011,-0.2451907107676786,-0.7026446182099686,-0.5499070815734041,-0.11191620084215197,-0.7998156953705683,-0.07898175705205986,-0.24462362836979218,-0.6001676690571789,0.03906805773127276,-0.2057143792469903,-0.5243751263172565,-0.07720401267513864,-0.15606573502788812,-0.5260146057405858,-0.6123419164617013,-0.18976585658430642,-0.6126118796956274,-0.27105694983864226,-0.2560054972012235,-0.5056068445164995,-0.13318891516368891,-0.21779628280882682,-0.429058404721584,-0.1880100572249093,-0.17275006710966218,2,Bright_Down
0.0,0.0,0.0,-0.34607057387006906,0.262312252406084,-0.074290583719234,-0.6572166671145666,0.4270195291262437,-0.1461884503029358,-0.8287750901484754,0.6674677184735295,-0.22986693575686862,-0.8946411873620554,0.8967170312916676,-0.29452139904526725,-0.8848435485526975,-0.22607852581660773,-0.005380281705260553,-1.0,0.19146791968396182,-0.1452575075149172,-0.7808218894899935,0.24542918116312032,-0.24614482527993786,-0.7145764554852927,0.13582806706371273,-0.310407376125194,-0.8180623573180303,-0.43170559606178815,-0.04028753339147461,-0.9048167848088879,0.05032775939091121,-0.1753446150081453,-0.6754944298475004,0.1357894787616187,-0.20787892500451388,-0.6185019194234908,-0.014239428011110675,-0.21503203770233922,-0.6690291665546917,-0.559760187484022,-0.09932758714463488,-0.7841284246256762,-0.14336105489392695,-0.23095149960913883,-0.5869625286914362,-0.0021444070735114045,-0.18224623619918703,-0.516559205136103,-0.12788370037010316,-0.12578300137627632,-0.49280293712105083,-0.609610072098108,-0.17195952511462834,-0.5774039995396967,-0.3178532225022171,-0.23941760512609458,-0.4770210106414134,-0.15685386816720034,-0.1961581373828143,-0.4020894187430274,-0.21985719571917914,-0.14855363113047573,2,Bright_Down
0.0,0.0,0.0,-0.33794057355975893,0.2685807035465272,-0.062148646606927156,-0.633558662013835,0.4463681175914055,-0.1368623884141957,-0.7876567416924332,0.6961223356483227,-0.22454995997204874,-0.8547994323362653,0.9275844811155827,-0.29333781707572965,-0.8918271505063039,-0.22715599097771166,-0.010886139247609037,-1.0,0.208742227188899,-0.1389291356084423,-0.7788997744427915,0.2732865536366815,-0.22995990505675268,-0.7082845997216528,0.16954326379224055,-0.2882915315710368,-0.8237095591007877,-0.42217076531766545,-0.04955821911945621,-0.8912591439795422,0.09401759209110043,-0.17383372799434393,-0.6632509718156326,0.17148552388918217,-0.20172000542628257,-0.6091278683129829,0.022483734514366416,-0.20819399864585464,-0.6798619918963945,-0.5406637140839566,-0.10858025036838498,-0.7850360960092142,-0.08490926292840444,-0.221885394049698,-0.5893285388143507,0.035434763233489416,-0.17232430721017272,-0.5245908776163608,-0.0964438746477811,-0.12042142535690145,-0.512854018551909,-0.5825347419803786,-0.18003167715484605,-0.6029229883245008,-0.26546335209548816,-0.23428675561996012,-0.5068568705822667,-0.130195185827603,-0.1890827600351225,-0.439047106491797,-0.20947443113649297,-0.14153798710061635,2,Bright_Down
0.0,0.0,0.0,-0.293713620855018,0.32476124589236016,-0.054067971292725656,-0.5420395905724753,0.5543044920677348,-0.11611199379237189,-0.6746497696577097,0.7886294240656594,-0.19170243262195003,-0.73411864593324,1.0,-0.25335112918332486,-0.8304325403688622,0.029722488640115723,0.01046748707270885,-0.883644282322605,0.4007135107938554,-0.10569439029557152,-0.6854945676954765,0.40060250624990174,-0.19420471246031737,-0.6306819075171775,0.29795286237637775,-0.2513891513842337,-0.7986877564818163,-0.17274885615006053,-0.02461417929259987,-0.826882910646059,0.23598559771072783,-0.13795729693225964,-0.6099460700303454,0.2748667473781859,-0.1708757946760058,-0.5616820490243865,0.15307306488891684,-0.18179629907059078,-0.6919866039842141,-0.33716608229430356,-0.07894942952451446,-0.7594776811685351,0.01610477822675744,-0.18285673837185965,-0.5630672473703243,0.10370402981085203,-0.1361442652975369,-0.5016936840615713,0.00017421109730979072,-0.08775693648195224,-0.5483687363406236,-0.4548261819782708,-0.1443054970391762,-0.6065319727677237,-0.20620116035911384,-0.18836089711150208,-0.4925922548387604,-0.07162874797566075,-0.1383591872327266,-0.43187968742629834,-0.12325057782110344,-0.090860838150165,2,Bright_Down
0.0,0.0,0.0,-0.11813105427625815,0.2979895794511108,-0.05720412289885418,-0.27047955336257545,0.5598411752901116,-0.10580980608772902,-0.35291247652084906,0.8024066859702716,-0.1633586451107415,-0.37487245074023695,1.0,-0.20690347794555766,-0.5463010449217609,0.35044112665946764,-0.006446239855220923,-0.6033836522463004,0.5712409733349048,-0.10954836149480893,-0.4505918498013895,0.48906766136507707,-0.1714807357665438,-0.42744371640052536,0.4082866404825689,-0.2078219056149075,-0.5662621722607835,0.17655100430774065,-0.02602717587466734,-0.6107390371344871,0.40257837975011496,-0.13117955792013805,-0.422152479366485,0.34154904527852725,-0.14851898222834592,-0.4185245590060661,0.2508157312700349,-0.14456563539416897,-0.5430986426953693,-0.006938626640886055,-0.06343530988075997,-0.6139308213163615,0.18998468877980618,-0.16718932034935552,-0.4211647357752712,0.1816160769935644,-0.11606211703875542,-0.3950135539338262,0.1004599736884857,-0.06072964134478657,-0.49095501877801173,-0.18281538512178366,-0.10854970952192317,-0.5498679115262058,-0.03901627002961373,-0.1574849917442374,-0.4150211352176115,0.02740039477889515,-0.10984437266711536,-0.37126789007775596,-0.009958398501581558,-0.06367689113189477,2,Bright_Down
0.0,0.0,0.0,-0.08516335927051216,0.3008378070908276,-0.03698447375518994,-0.17973103757456782,0.5832753274615656,-0.07780458406000486,-0.21264065955610834,0.8214003579005995,-0.13110018704009554,-0.20321411222294236,1.0,-0.1742993575998366,-0.454353936969034,0.4524592866214358,0.011772062441972582,-0.4750025287812773,0.6489047567312412,-0.08602697101723787,-0.3457504611123391,0.5464125647336787,-0.1488812033229494,-0.3175749674380386,0.46938975824850987,-0.1841452923810065,-0.49351445651183035,0.29958253255259554,-0.014338895953643698,-0.49497328233312227,0.49481119057520095,-0.11317182241855733,-0.33064745542164464,0.4075261525935306,-0.13610336518742921,-0.3246672935546673,0.3343555853597925,-0.13591937293486578,-0.49754876801522513,0.1288881729211857,-0.05669424381092303,-0.5226530099989884,0.3131642733781146,-0.15275272062917922,-0.3513030404068029,0.26909554547373127,-0.11322902438763502,-0.33208480221184067,0.19874072936295942,-0.06607456673941409,-0.47021844923893047,-0.04266210112377791,-0.10461096120931285,-0.4971294273965042,0.1079685956584884,-0.14493617965230787,-0.36523094329161154,0.13028530896712084,-0.09980052458556678,-0.3314716508009056,0.08306141129722108,-0.05652494034343317,2,Bright_Down
0.0,0.0,0.0,-0.07547738714258673,0.3012692741729444,-0.03980118775609097,-0.16819460204205125,0.5810733233137458,-0.0843880787261015,-0.19713443590170598,0.8184829841131269,-0.13965798502778765,-0.19109061796305854,1.0,-0.18609176201059538,-0.45431243942476673,0.4581957191605475,-0.0020286656978896755,-0.46412265340467723,0.6753669165357328,-0.09987738244579579,-0.33742357306213555,0.5838945647013312,-0.16307921795940652,-0.2994694721511668,0.5094784401302064,-0.19781478282313358,-0.49688603219163135,0.30801051539503066,-0.025171119396584653,-0.4788722378469403,0.5244369671060322,-0.12484242723914438,-0.31694565321952517,0.4317099257012763,-0.1506452139326081,-0.30579101816041615,0.3480822281962777,-0.15279274171317292,-0.4989392546130271,0.13732023960123008,-0.0626233634697797,-0.49874350028393427,0.3311335753067163,-0.15795747531661447,-0.33153103158652547,0.2778446957041622,-0.12017700293581775,-0.31311874659304717,0.20035882259847967,-0.07451818650476309,-0.47017267755719283,-0.030981161037803084,-0.10519036213440935,-0.48500785603238816,0.12288846502746767,-0.14710114257356105,-0.3544076530891947,0.14252466711420364,-0.1027690740579943,-0.31920031899939283,0.09534011603551196,-0.059440880838127805,2,Bright_Down
0.0,0.0,0.0,-0.06187492051012267,0.29423316049650033,-0.04261208097422883,-0.1573531684008161,0.5798204501045324,-0.08334315397457885,-0.18321562700038577,0.8204690244371591,-0.13423698315569385,-0.17830906505188784,1.0,-0.17174548890103825,-0.4331113047481603,0.46082843955983893,-0.0010538457565252765,-0.45942731550727944,0.6676298299626122,-0.09839992452816475,-0.325043174171387,0.5608535084335475,-0.15179249501006523,-0.29793068798028965,0.48645282269211326,-0.18003268635336797,-0.4705254162641807,0.31266614041302154,-0.02370779711692801,-0.4672688276701504,0.5200046458877061,-0.12416449068686701,-0.30034718025098306,0.4188727625898827,-0.13877653672740398,-0.30992170312777556,0.3402537264328937,-0.1313451364915358,-0.47111245886234615,0.1428216304963637,-0.06269194251600135,-0.4886614587877176,0.33024851294804697,-0.16036572463253956,-0.3189641036852821,0.27033810920779205,-0.11482836353617312,-0.3196171031733936,0.19281379975803545,-0.06318547364949284,-0.4437718827092042,-0.023277001068974616,-0.10716367529153036,-0.46413153958622166,0.1195170378997224,-0.1509981053661904,-0.3378298764214892,0.13843273816218352,-0.1072994157535334,-0.3169835575517223,0.08939444742841707,-0.06426776363986472,2,Bright_Down
0.0,0.0,0.0,-0.06919776933339235,0.3058072361779391,-0.04489442418164133,-0.16094246928723627,0.5900723322732188,-0.0853092766797603,-0.18783655477504704,0.8257436609150707,-0.13441869412781365,-0.16953219017992444,1.0,-0.16967697258493591,-0.44549999262345696,0.4847906220954862,-0.0062247930173541235,-0.4409489290313334,0.7142738214918742,-0.09585219255081412,-0.3160956695477336,0.5901313446173365,-0.1473417224042106,-0.31525843191556174,0.510898051960369,-0.178394860912505,-0.48824943042550006,0.3360789880226017,-0.02739875633644019,-0.44511087997943,0.5547305243457533,-0.11947757211346942,-0.2912957319322117,0.43619290292258633,-0.13217169703944054,-0.3161778653127549,0.3569377440845394,-0.1283426290603815,-0.4912353496586768,0.16630679674673376,-0.06394878808521305,-0.47913702877062536,0.3634918025531269,-0.15792806602571385,-0.31276094520914605,0.29404586523688186,-0.1116579425529217,-0.3140204899289112,0.2170149975657408,-0.06177754875222115,-0.4636728966841385,-0.003772047960175098,-0.10703571507930339,-0.47107077898401817,0.1427787859053231,-0.15210377488515278,-0.3388883971193546,0.16598644402152266,-0.10887698583636854,-0.30463752721417475,0.12813555767718984,-0.06608795262848913,2,Bright_Down
0.0,0.0,0.0,-0.06347178640206956,0.2968212214125826,-0.04506976980481162,-0.15865576194460426,0.5802648960801171,-0.08288141814033811,-0.1879931886061628,0.8211619602361181,-0.129678471020894,-0.17583672130559402,1.0,-0.16277475307102615,-0.4279018575014383,0.5045251692277729,0.00574742868434281,-0.4320358456647836,0.7089679508288093,-0.08823852782094832,-0.3124051677414643,0.5818188574130285,-0.14356627970221789,-0.30874116062768353,0.5096334583455591,-0.17544944238767013,-0.4758371056957654,0.3594153169232898,-0.013570106386455453,-0.45853493530072764,0.5531023490083374,-0.10677459066617874,-0.3043949890897256,0.43020179202697906,-0.12118846932957723,-0.3287350872629754,0.36372945594696443,-0.11675569788925445,-0.48605445271168046,0.1895240865287902,-0.04951616707589766,-0.48682656443596506,0.36117684894875696,-0.13966771450259766,-0.3254139561820831,0.2835343907479848,-0.09330563914162326,-0.33509264443781017,0.2140430542617979,-0.04444070327712336,-0.4668328940607875,0.0235882309979922,-0.09212046013752694,-0.4738531398911151,0.15732577195156172,-0.1299496022299164,-0.3531956276899304,0.158397708009538,-0.08578097730887654,-0.34370093419624653,0.10993738284107901,-0.04433747449578114,2,Bright_Down
0.0,0.0,0.0,-0.050091138958918514,0.30800529002489146,-0.03897334248245176,-0.13954198838798137,0.6009547582167838,-0.0720307336225828,-0.1659118098084922,0.8329714293267189,-0.11434748807809206,-0.14361449953626243,1.0,-0.14315210318339253,-0.40472381366603066,0.5062315904664834,0.003713104331219757,-0.4016244157143566,0.7163789016489804,-0.08403082383880496,-0.2812930584508846,0.5898839122342674,-0.13310579115023186,-0.2902129302353652,0.5203075656184294,-0.16261500617308455,-0.44875182396377283,0.3631527770261491,-0.01835529620795154,-0.434621482159633,0.5725943192833777,-0.11029393823496977,-0.2870856007926558,0.4587156352257002,-0.12131686269450165,-0.3177431554754077,0.38523511457273174,-0.11418514407983378,-0.456197062654574,0.19611173693722722,-0.05569599396777114,-0.473428049351952,0.38517875281403535,-0.14259001309984495,-0.314095103235539,0.3212363375730178,-0.0950146488869182,-0.32584578175879114,0.24975316791739063,-0.04604160346158519,-0.43535468379931125,0.03290504215784734,-0.09900206406683566,-0.44833085649173987,0.1665038576631168,-0.1351228749978247,-0.3278092159455895,0.1773280586042584,-0.09307937219931373,-0.3195542134030756,0.12688952172558757,-0.05425237854549812,2,Bright_Down
0.0,0.0,0.0,-0.08137312713327106,0.3167666915832249,-0.037389541303770056,-0.1728673506524934,0.5978115992556596,-0.07654161507519483,-0.20249270796119903,0.8263710443768206,-0.12620024686920137,-0.19716840771715066,1.0,-0.16454248392657975,-0.4632949446168517,0.44792798014709856,0.009136847135269742,-0.4605985999859396,0.6595740559804761,-0.07756777166261154,-0.33563919102009154,0.5566464321258129,-0.13639191426519148,-0.3180835388590703,0.48127479998603523,-0.17267034532547473,-0.500891687577924,0.301855972728564,-0.01492769635279255,-0.4844413788947665,0.5085773219147586,-0.10206169592010049,-0.32679405197278405,0.4113888757371547,-0.12445969704780192,-0.32810492118763507,0.33221352294786316,-0.12795661613450723,-0.49838042371539837,0.1338396990118026,-0.05320905619966332,-0.5120697051476845,0.32386097612649384,-0.13616603323051824,-0.34759626949864153,0.27085350928918944,-0.0968245184424692,-0.3347998712564784,0.1934875960016815,-0.05444778516346449,-0.4630364532594541,-0.03030386723156952,-0.0973413741234684,-0.4852774705054427,0.1185274935807581,-0.13286515718154787,-0.3606250947522668,0.1426987071606171,-0.090505394123191,-0.33142178854976545,0.09484361153316222,-0.05081434958137591,2,Bright_Down
0.0,0.0,0.0,-0.08101736718793294,0.2994125090570275,-0.055094254953830336,-0.17995126508651862,0.5758216054743882,-0.09900548930106785,-0.21234915205987445,0.820157959618132,-0.14831953803552145,-0.21062593114060715,1.0,-0.18389666872782442,-0.457555854639624,0.46867308999908713,0.001281862011593207,-0.44135599136595954,0.6535072742503564,-0.08278506735108725,-0.320658208765432,0.5402647100957889,-0.13812954856018403,-0.33007406814655793,0.4701847599114521,-0.1756134839055974,-0.5004990994135669,0.32566391949288465,-0.014051740107031203,-0.48874031263099776,0.5184563306983736,-0.10443195227400795,-0.3309538443991756,0.42071999545625227,-0.12261721168728043,-0.34742768922145323,0.34046973061508684,-0.12291211838983719,-0.4968515691451017,0.1569287668668813,-0.04501591899565489,-0.5140661874116573,0.32783116757990016,-0.13227268995006955,-0.35003321580755115,0.28369932807261167,-0.0887912907448115,-0.3491375732294158,0.21076849812351958,-0.04326298823813902,-0.463761657437754,-0.008182425032186795,-0.08345659808128544,-0.47644483014178746,0.12208769571055039,-0.12181303042761836,-0.35039124289205864,0.15567624693797164,-0.08132752834004682,-0.32859551056570807,0.1166857867386492,-0.0437043135316143,2,Bright_Down
0.0,0.0,0.0,-0.05866302617435358,0.3126129905707016,-0.036103347610681284,-0.14544840191760816,0.5897756289600559,-0.07120767679932621,-0.17218379648317558,0.8218715275100574,-0.11482941435959164,-0.16148932117215387,1.0,-0.14423392060270335,-0.4155125338461469,0.4883723461672782,0.009634670598205566,-0.411668473306332,0.6794605479787558,-0.07314877741706091,-0.2891252386805332,0.5597558541928402,-0.12699367418914764,-0.29248808298145434,0.49198554990634197,-0.16209381512971904,-0.45485094088886674,0.3522784069520099,-0.011266558181337528,-0.4523750130395541,0.5468507776109722,-0.094677605603361,-0.29919665008186574,0.4379958999106507,-0.10988123666561976,-0.32168693277939797,0.3637121682850832,-0.10944777779350717,-0.45905818135638576,0.19067070930638644,-0.045745442324332676,-0.4851699450751305,0.3644913666813314,-0.1218543182070538,-0.3246778663207594,0.3039347704811709,-0.07394183033950845,-0.33123506120653295,0.22827882421774015,-0.028267569526316504,-0.43797571694869897,0.03146863930552469,-0.08640268333044199,-0.4568787616278806,0.1634522843030982,-0.11416711840026597,-0.3326232634715602,0.18254763405795457,-0.06788411415504071,-0.31604148619167916,0.13523491607062677,-0.02780811481495554,2,Bright_Down
0.0,0.0,0.0,-0.08830133094348257,0.33200961978491345,-0.028818421817173194,-0.1688486766837007,0.6019849744489361,-0.07152753847613323,-0.18225488139729998,0.8227425920982381,-0.1271825139023021,-0.1765974181984593,1.0,-0.1757751496184946,-0.4758752192815193,0.46347389596522004,0.012648393157490258,-0.4361168579818473,0.7043741896117763,-0.08010529671587467,-0.3162523358248799,0.6131526008694989,-0.15447606154359567,-0.2659825242163069,0.5263149740675769,-0.20021058908726128,-0.5216484488216002,0.3198454541987644,-0.020538868567516418,-0.44946252192815195,0.5658032854091983,-0.1158111135752866,-0.3032708698802532,0.46693544542750365,-0.15539978494379397,-0.2730874837922355,0.3663555411486538,-0.16980164990928096,-0.5178744231942644,0.15247096903363588,-0.06675873895902927,-0.4658769353977576,0.3762544333002822,-0.15160521657086284,-0.31499456563191214,0.31240180001525436,-0.12670210563348203,-0.2864102661886965,0.22583899016093356,-0.09398083389600967,-0.4749585271909084,-0.012408950499580506,-0.11879717072672433,-0.4300213084432919,0.15372826252764854,-0.15847940916200767,-0.31340930325680727,0.1646632598581344,-0.12456640493368795,-0.2846197849134315,0.11109850507207689,-0.09044611859254312,2,Bright_Down
0.0,0.0,0.0,-0.0856277807894441,0.3155388081635954,-0.05796887948629392,-0.17714991906410046,0.5849450381428591,-0.11653959083134621,-0.19165747371320765,0.822939293652629,-0.18101031838253295,-0.18118951131396685,1.0,-0.2302533529038107,-0.5236273435713139,0.4445295292828738,-0.025334046738024155,-0.4425430931539981,0.7078915345219096,-0.12421309282220508,-0.3012609825782475,0.5977479475388789,-0.19127167626073613,-0.2949435596884884,0.5154776481708234,-0.23585388337829347,-0.5645878587305257,0.29003812390458533,-0.04697734521711161,-0.44282892766567217,0.5669955911732483,-0.15125765621693849,-0.2817901176066225,0.46145795819133223,-0.1777015343417529,-0.3014889425513068,0.3653791477279189,-0.18448689751711905,-0.5364231766045336,0.1190451459310282,-0.08338475401100875,-0.4427920294882147,0.3752918683745974,-0.1763734210896208,-0.2910591419657378,0.31183862860088934,-0.13822896662032907,-0.31395648289605205,0.21381937836680073,-0.09883323587846089,-0.47171464061554247,-0.03136117629367916,-0.12860082474683676,-0.39303685900473484,0.1545561035524605,-0.173577799715467,-0.2898569184714551,0.16527957319423225,-0.14191745754805288,-0.3030712678188502,0.09147765827991311,-0.11077145480848957,2,Bright_Down
0.0,0.0,0.0,-0.07797377857845116,0.32001536480034803,-0.06081145613592798,-0.16965395101139547,0.5883096291420769,-0.12044086864026128,-0.19004460131856232,0.8188506054733614,-0.18668632933370252,-0.18585570416921326,1.0,-0.23724717489886007,-0.5401820010715063,0.45346129067422747,-0.02104458341591401,-0.4588787518863728,0.7128985794017647,-0.1283000153591221,-0.313401112733927,0.6151647066299578,-0.19730649199186465,-0.2871032288296145,0.5285951127122283,-0.2383465311426572,-0.5719823330627875,0.2983703185535389,-0.04541811560023685,-0.4476059791495423,0.5696520394525089,-0.15597624784963018,-0.2774594142466934,0.4676949131351477,-0.18202738889529424,-0.2854202820530969,0.37071171470448594,-0.18341120253793503,-0.5419729250932401,0.12426088542374353,-0.08703358402515883,-0.4443359218596058,0.3750295129192966,-0.18863279354389545,-0.2829926022671088,0.3123438140146198,-0.1514596894874125,-0.29612552845562057,0.22137143500725617,-0.10771999317728946,-0.47440965120249967,-0.03739887466011708,-0.1377565730522942,-0.4031325283776083,0.14795233295429358,-0.18826825732682917,-0.2888027080073135,0.15816935688442765,-0.15439281837866187,-0.2881830012817777,0.09326469975867861,-0.11738674162337291,2,Bright_Down
0.0,0.0,0.0,-0.06721100919743929,0.31662282432096883,-0.05243480523937998,-0.15860685957298773,0.5901060409164416,-0.10470023556030092,-0.1827690128098637,0.8185662985758275,-0.16462956577446247,-0.18063659842217974,1.0,-0.20986498782688925,-0.516322587231983,0.4546007993717961,-0.010979979017980972,-0.44421350361053374,0.7063202302069771,-0.11180451532530426,-0.30405748620132017,0.6079881720199705,-0.17960455231925287,-0.2716674250321097,0.5251759260776457,-0.22050916150055852,-0.5526825339405299,0.3067558386786543,-0.03670484200014699,-0.44071981274885835,0.5711936251926899,-0.14236062670040778,-0.27949173969872937,0.4642219989840844,-0.17008308511530215,-0.2832551649728438,0.3670450090940831,-0.17294674445334365,-0.52747408848045,0.13743800204947737,-0.07844480463436822,-0.4404420115128697,0.38014578262683507,-0.17359476877481667,-0.2889178230164122,0.31470065152204574,-0.13813810148213088,-0.30224421552031644,0.22495244985649876,-0.09637512397974549,-0.4648643198092196,-0.020749130610696356,-0.1285398970436133,-0.399653378675604,0.15703811448083058,-0.1752313728689817,-0.29184053402371896,0.16866139886282996,-0.14254323311630546,-0.2932335736154369,0.10818190182927828,-0.10736991300079864,2,Bright_Down
0.0,0.0,0.0,-0.08154303409505323,0.313729784549144,-0.04606288825227351,-0.18140948465643217,0.5842607739919589,-0.09656053727557826,-0.20300800011290837,0.8161833994947855,-0.157437479368955,-0.19331451359046367,1.0,-0.2031734838338764,-0.5312058085310847,0.4242481826918012,-0.010070288515806195,-0.4861580127520938,0.7162869576460015,-0.1125486421387285,-0.3372036375651208,0.6127081401646597,-0.1765692429398235,-0.30349771499153566,0.5227879598338533,-0.21346622904226417,-0.5641241447757571,0.28408705134987255,-0.037493661524693446,-0.45623678902691883,0.576395999918343,-0.1451262921651032,-0.28942247617645867,0.4606392075848218,-0.16751872614457655,-0.29947081759525823,0.3596628273618328,-0.16687925330067918,-0.5387867994986667,0.12252096176766128,-0.08104492907873258,-0.46200217298218493,0.38703705990621046,-0.17968291823600008,-0.300752378069665,0.3151124081012768,-0.1388866867294722,-0.30985738008714614,0.21889934999555172,-0.09223940550268236,-0.4758163111775008,-0.029872330365876065,-0.13241863400327678,-0.42626339558331666,0.1575049164288996,-0.18028146809424714,-0.3131987623427379,0.166305217047451,-0.14468878795939222,-0.304126019861289,0.10046980469623236,-0.10649957746365135,2,Bright_Down
0.0,0.0,0.0,-0.08457207221115476,0.3255776040193607,-0.036714329453510726,-0.18865750832735362,0.592115660365008,-0.0788065469441027,-0.22027267528816905,0.8164272102222975,-0.131893966557506,-0.21979693237213174,1.0,-0.17258303113973036,-0.507343262346529,0.4414909081477767,0.00496559362344798,-0.4734108865096254,0.691957943931005,-0.08380085951905505,-0.3274860099224262,0.5886668947400272,-0.1452617465844549,-0.28764636937262944,0.5053864423149363,-0.18350162130054679,-0.5497357601326942,0.2972513866572144,-0.024145764642183792,-0.46696353255170864,0.5603527809100127,-0.11696545613179514,-0.30314679484883555,0.4548176380574572,-0.14305212637600243,-0.2956591546547344,0.3565599291572854,-0.1488932539311754,-0.532130431614426,0.1289982104063205,-0.06703067471788027,-0.4856432348048182,0.3765151954905697,-0.15716479852713355,-0.3193445319823486,0.3155543973490795,-0.1211072801958401,-0.3059377705540824,0.2200355448627299,-0.07969765405912702,-0.4763781044633627,-0.027236899470285212,-0.11613742941510054,-0.4357204874512308,0.1511595307287685,-0.1631476176867779,-0.31626134242991993,0.1749330909333429,-0.12890696457771397,-0.29247963086697104,0.1168381127876287,-0.0928635953372353,2,Bright_Down
0.0,0.0,0.0,-0.09574775333171831,0.3269134843261256,-0.03839890169134195,-0.21175971616284409,0.5944864084419778,-0.07849769289541647,-0.2651586302155817,0.8215185462439373,-0.12736428151462514,-0.2783921423414916,1.0,-0.1635171414077376,-0.5041109197814719,0.42246918052957816,0.008932704772265532,-0.48141544163560895,0.632533604541278,-0.06818712597041841,-0.3475221599249037,0.5287524313292705,-0.12203677258045248,-0.34600510260870326,0.44652676080860904,-0.15935335741671772,-0.5360428423194002,0.2786445810669016,-0.014945104229951612,-0.5119006308058178,0.5118152720821442,-0.09863640294322948,-0.3488288516365959,0.4254969902562532,-0.1140176220961751,-0.3560837369079239,0.32739459713228636,-0.11334226969438188,-0.5181886830337169,0.11524955423104036,-0.05199574158771839,-0.5207242251210239,0.32721927225383163,-0.12682465888020758,-0.35390684695787084,0.28715426382587017,-0.07637609211865208,-0.348992051696347,0.1993596640746229,-0.029473830221598097,-0.4679087573443058,-0.03859887535031632,-0.09593911577441587,-0.46817707958221755,0.12292747442693863,-0.12302251276304739,-0.34702273864250044,0.15377471068363852,-0.07494151388168317,-0.3280829230900925,0.09454084887795715,-0.03355682502999322,2,Bright_Down
0.0,0.0,0.0,-0.10605837894643728,0.29531283478190856,-0.05217055282123021,-0.25997112119115023,0.5593688083968897,-0.09402406834743024,-0.35935749947229434,0.7925659843968622,-0.1464748506892993,-0.4025667286141482,1.0,-0.18575383126522813,-0.5154712444769676,0.3729180124154512,0.0209023067793979,-0.5948941926950704,0.5511482531154498,-0.0682935047008291,-0.4530649171998679,0.49333422321592446,-0.12199611067300066,-0.4213015380402296,0.4218356000179036,-0.15245078638362886,-0.5349819202871778,0.23080800015043254,0.0008646260125821311,-0.6150676456434553,0.4241845192740359,-0.0946044369945359,-0.42652218257477464,0.3762895021133387,-0.10896796303777095,-0.4081819937024916,0.28692833982073634,-0.09845512416399153,-0.5199580007198514,0.06653170114034747,-0.037364113209695744,-0.6302308742116528,0.24484271987317055,-0.13495529075213136,-0.43965894190311455,0.2325144029880986,-0.08472691403834594,-0.3958597682756327,0.15148344222477003,-0.02597252976095576,-0.48199576829046403,-0.10548445764436955,-0.082410008043583,-0.5741011325080202,0.03966784072902572,-0.13124724798797593,-0.43059908961832777,0.09371390645480045,-0.08207737800882726,-0.3646003910716173,0.05175859074379088,-0.03132234259097044,2,Bright_Down
