    x0,y0,z0,x1,y1,z1,x2,y2,z2,x3,y3,z3,x4,y4,z4,x5,y5,z5,x6,y6,z6,x7,y7,z7,x8,y8,z8,x9,y9,z9,x10,y10,z10,x11,y11,z11,x12,y12,z12,x13,y13,z13,x14,y14,z14,x15,y15,z15,x16,y16,z16,x17,y17,z17,x18,y18,z18,x19,y19,z19,x20,y20,z20,label,class_name
0.0,0.0,0.0,-0.13930558488942799,0.11185938859382781,-0.00858107535070161,-0.23046133515730813,0.3469779049737545,-0.047328718683537614,-0.23236999819798523,0.5641344031746462,-0.08070885757431033,-0.20340693175014388,0.7152528342979603,-0.12125780358943562,-0.28872601431148504,0.3404736004836375,-0.15277541004878664,-0.2778013869700769,0.6713673804324448,-0.20671517625190275,-0.2631640666629205,0.8555132932498077,-0.22680576140291353,-0.2521216301839411,1.0,-0.2424918543054943,-0.16987504093286235,0.31699671955806075,-0.18152880335885524,-0.12518724483567756,0.6528280974793107,-0.2382284811276122,-0.11154355159672072,0.5920974870613402,-0.224362713789033,-0.1231945652784694,0.49432256839421107,-0.21603626234364276,-0.04108531667987498,0.2976602097700203,-0.2026923042278914,-0.017653854277072365,0.6058096956145161,-0.2513999883676425,-0.017816151865279052,0.5201965552453162,-0.20443562756940808,-0.03202532896457781,0.41693196328540233,-0.1718747708179563,0.08211963440414347,0.28689338466814834,-0.22242058752786484,0.07401514079935825,0.5351143698083083,-0.2593272257239899,0.06207347957425948,0.47050551358389736,-0.22603126320589714,0.05119225559932492,0.38491624506625793,-0.2001865542506588,3,Show_Desktop
0.0,0.0,0.0,-0.13775368745546698,0.11390733518245134,-0.011518932293049485,-0.22896931830936626,0.34877637986033694,-0.05142393308660724,-0.23106845177075855,0.5700943847245853,-0.0850348987705077,-0.20093551858668726,0.7255147928662465,-0.1254384016800119,-0.2877103395088395,0.34031671944857117,-0.15544700822060914,-0.2661881501705507,0.6705467321065763,-0.20959034685781944,-0.25152753057746563,0.8542620084086766,-0.2301847858354462,-0.24029349260843175,1.0,-0.24658802168299154,-0.1656696405428542,0.3179018068208761,-0.18323012114025874,-0.11989501841879083,0.6522914009474122,-0.240723322385728,-0.10622185088337495,0.5870126158170111,-0.22729470218612974,-0.11628006898931954,0.4855136595458966,-0.21907908316359676,-0.03649353797238092,0.2976296947367389,-0.20348588725780992,-0.011998717853516165,0.6032773974356759,-0.25371920257944486,-0.010432151551084337,0.5171765752024214,-0.20671799079845526,-0.024482833076701658,0.41424540090662515,-0.17397443161523674,0.0865862974408599,0.284859135908617,-0.22243323658808453,0.07976037747040096,0.5264389782494342,-0.2604548110845159,0.0703483699101579,0.4591083851228041,-0.22722365560993255,0.059506323787444526,0.3726216424022468,-0.2015135323348796,3,Show_Desktop
0.0,0.0,0.0,-0.14040596103984046,0.11677075640122597,-0.00822164278267461,-0.23376174826453824,0.3545308383440065,-0.046974656682032066,-0.24073428907929553,0.5778507835129708,-0.08056851001628938,-0.21709694853641512,0.7368080223931368,-0.12146927206737768,-0.28921773376443793,0.3366719890236671,-0.15172924088633968,-0.2664562721857167,0.669220733523318,-0.20656783139203955,-0.24557029276760667,0.8560022390605312,-0.2276982927410324,-0.22735894013582453,1.0,-0.24453376704151583,-0.16601418746720992,0.31051886968579107,-0.18291429357514255,-0.11684282339330952,0.6653575946743521,-0.24377631210276723,-0.10534865235515879,0.6000088916903514,-0.23264975392105147,-0.11701353751945255,0.4946850000031643,-0.2250147465767051,-0.03430040749889091,0.2857039339242985,-0.20634913852747866,-0.0052312250850722756,0.612591029075511,-0.2604265758157473,-0.008001888455801338,0.5221981366054754,-0.21346272813135228,-0.02488724007627235,0.41341866824628654,-0.17937939179193146,0.09245253704290858,0.2679003807921768,-0.2280964015639308,0.08887260327809093,0.5251978163780506,-0.2708651157242483,0.0745340406182541,0.4591697376223557,-0.23880489603937485,0.06001115733102466,0.37058192157972114,-0.2129295035867429,3,Show_Desktop
0.0,0.0,0.0,-0.1393815052057549,0.11754427424211654,-0.011267874563236453,-0.23454037340471431,0.35369887774391684,-0.053076860724399925,-0.23897968508001655,0.5779683235273023,-0.08857138597090776,-0.2068929159781347,0.7349948005267697,-0.13148602428110998,-0.29366010950461163,0.32842326749560324,-0.1612708297807357,-0.27297465052049597,0.6622605391708227,-0.2180287872648045,-0.25474444974719856,0.851265327075412,-0.23976042256473515,-0.23911883599228198,1.0,-0.25709459085655195,-0.1689201428022322,0.30200153081906456,-0.19168928877741467,-0.12291939568110555,0.6609420246410026,-0.255214582517039,-0.11326264042911278,0.5950800690252137,-0.24453554514873738,-0.1263711334533583,0.4894969686570124,-0.23674263685173302,-0.036218199444445945,0.2805658496308207,-0.21394894215328736,-0.008937782367019038,0.610333553483329,-0.2695689731736039,-0.01230714279921064,0.5200085494320495,-0.22231920746398273,-0.029617039196187998,0.410400011959027,-0.18742099357328665,0.09112969389820864,0.2676982069570049,-0.23456782736523488,0.08591320449920223,0.5297155580420719,-0.2768917899315721,0.07113696791275381,0.46328666185231016,-0.24353258513053166,0.056925763544910045,0.3745222949181928,-0.21662423771380077,3,Show_Desktop
0.0,0.0,0.0,-0.13894164033249362,0.11791132448074426,-0.010794416956982042,-0.23187703811541865,0.3560200918091261,-0.053002646316775814,-0.23401421746989376,0.581278811683088,-0.08909564802901752,-0.20284793350700533,0.7392217920688862,-0.13266548065482425,-0.29040465981796504,0.32947139459983105,-0.16101595603043978,-0.2677046676229421,0.6658634409064975,-0.21684317301190584,-0.24829167668809282,0.8533735203462068,-0.23777873119069043,-0.2318835621533558,1.0,-0.25451091935381015,-0.1648209076002894,0.30229575325706626,-0.19102662004781662,-0.11894164510617991,0.657181219395201,-0.25421662159369535,-0.10929800317497876,0.5894613873621269,-0.24353963570240478,-0.12185279813202472,0.48446487334654426,-0.23577772123779317,-0.03202634311045284,0.2804796090796468,-0.21267693829754772,-0.006345183823918444,0.6092260398540748,-0.26799729919141413,-0.010085685282160264,0.5174980664581468,-0.22100658329520584,-0.027039113914714752,0.40760239775897705,-0.18637450363001945,0.09500654114364634,0.26786116497199475,-0.23248811434051664,0.08885421424606428,0.5293157246897362,-0.2750543192034231,0.07419263240395761,0.46312402920127554,-0.24226183922326894,0.0597237483653108,0.37488601829451623,-0.21576467793560525,3,Show_Desktop
0.0,0.0,0.0,-0.1380891153461248,0.12004358901072677,-0.01016964177345204,-0.22887551124066152,0.35725623732274886,-0.05333570799432008,-0.22876000894149848,0.5808273015024673,-0.09090663883799367,-0.19459722505329072,0.7370085730668021,-0.13603638191925502,-0.28799282900718703,0.3289348193675908,-0.15960215753943643,-0.26669099576168526,0.6653965120847657,-0.21662570817226035,-0.24813643315872416,0.8536066347571044,-0.238996732061218,-0.2325560150404012,1.0,-0.25665233883991606,-0.1620425763399498,0.3017713635959949,-0.19037437501040635,-0.11636562721482013,0.6586714820692611,-0.25494617764223826,-0.10760874176053148,0.5935927681261952,-0.24552882795767708,-0.12120099513095053,0.4895296450870136,-0.2383708827737655,-0.029378891549696095,0.28013517740883065,-0.21281280171974903,-0.004916235413068473,0.6108769643136026,-0.26931546994995986,-0.009085757200186138,0.5208889164978749,-0.22279046465544253,-0.025799432402319133,0.410830159668027,-0.1880214327124635,0.09702637980365245,0.26806137414054454,-0.2333987629951804,0.08961119574748179,0.5289286391207717,-0.27706433172802486,0.07471648316311705,0.4632477085821386,-0.24446783924846374,0.06050858823938749,0.3752186719078549,-0.21772583976862128,3,Show_Desktop
0.0,0.0,0.0,-0.13899923176759862,0.12104620626835005,-0.01069270061250849,-0.23970884237953632,0.3461188685912651,-0.05767328324647977,-0.24851818054363306,0.5628072212205958,-0.10045407649357758,-0.21806075841017708,0.7137987493471665,-0.1510356005453189,-0.32135743467769906,0.3159882526853289,-0.15667642074204213,-0.30855082837097836,0.6533687031794327,-0.2199404717290609,-0.2946049096363563,0.8498493461005852,-0.24834414301086116,-0.2803985953727321,1.0,-0.2700671644844736,-0.1963606937212374,0.2914106370261781,-0.19089136634676074,-0.1464075501585248,0.6566893200938276,-0.2584744391615823,-0.12883741103221083,0.5819464565792914,-0.24995958325230097,-0.14251227573066116,0.4685634710002517,-0.2441686728272151,-0.06008446456989234,0.27143798839534533,-0.2178385321267216,-0.031049215246912516,0.606828003669806,-0.27741337657400833,-0.027100648283201453,0.5195773819918782,-0.2290803875924451,-0.04334814865829892,0.4101166450626925,-0.19373007525719074,0.07276792412454712,0.26238703007256803,-0.2433135940895431,0.06630509730807103,0.5316766733651285,-0.2876820693408994,0.06219550489758405,0.4647646150680136,-0.2513331573695101,0.05207041501767262,0.3742892210516995,-0.22208674662179942,3,Show_Desktop
0.0,0.0,0.0,-0.16131038600930583,0.10692693416397309,-0.0002515773689617064,-0.2770407107510471,0.32694852223884213,-0.05131266753952392,-0.2983215187328915,0.5459661296956808,-0.10353912251749242,-0.28523877373653594,0.6945784033101715,-0.1660736879307951,-0.37567996945912413,0.30467674053853633,-0.1495398598566693,-0.36259688662122136,0.6459179028148113,-0.2195444080484991,-0.35322854051606983,0.8507144081818466,-0.25319382734110957,-0.3445365531885063,1.0,-0.27920040511603444,-0.25630923312502585,0.274825652646524,-0.1939218083071168,-0.19328810198084945,0.6592531843677337,-0.2619006585816553,-0.16336040851799893,0.6089229020251067,-0.25391655487105713,-0.169850513561382,0.5128382321765357,-0.2518775966730364,-0.11761058187294286,0.25117674433925374,-0.23165340924530278,-0.07485217320798286,0.6071282877261321,-0.2927857105290162,-0.06325542425719201,0.515316975608685,-0.24588109924527743,-0.08125933815151687,0.39820563908218587,-0.21444675917228678,0.01967335790004451,0.2337103363465984,-0.26741927914083374,0.029608602121475997,0.5189400728217455,-0.3175787192360375,0.030778716320365003,0.45302836939932617,-0.28579249607649265,0.014358434678759142,0.35319163132703313,-0.26024857118542544,3,Show_Desktop
0.0,0.0,0.0,-0.16637911019468968,0.10651218310169142,0.0044692645794600925,-0.29140808880963703,0.325229563279542,-0.04326166287161719,-0.3215387709269618,0.5444709320541026,-0.09211617145213545,-0.31077055064978554,0.6939155697372634,-0.15206951652939593,-0.39723358878244935,0.2891881068139232,-0.15102514278251064,-0.3918181480787804,0.633129957975614,-0.21854238106656235,-0.3826190453585451,0.8451583056637548,-0.25036888396269763,-0.3742350551909913,1.0,-0.27614867410832866,-0.279438259367019,0.2555153446405314,-0.1976119452782534,-0.21303714009768576,0.6662164156625207,-0.259823658766709,-0.17652572515585446,0.6298989395078426,-0.24850493111562963,-0.17872766834137024,0.537583300032021,-0.24735655370229145,-0.13715899959693184,0.234401305699142,-0.23694589457797643,-0.08420620172568408,0.6113175840422989,-0.29065304269387016,-0.0710373524205235,0.5245034364364978,-0.2425590501355267,-0.09176869239340488,0.4052405764478734,-0.21443997586309924,0.005157891375290973,0.22303892671668624,-0.27433294702775907,0.0236727880664208,0.5277885713348633,-0.32070662831737,0.024593544177391416,0.4654509314154079,-0.2891602016848361,0.004881008585265313,0.36173372817325544,-0.26621092958103615,3,Show_Desktop
0.0,0.0,0.0,-0.1629013329956733,0.10315614775150397,-0.00486723365526791,-0.284661771031249,0.32985222043021634,-0.04535294748744772,-0.32971001486182805,0.5430033554966246,-0.08586824094980983,-0.3456148469466678,0.6967979842217904,-0.13476415300068337,-0.37548617497534453,0.322274124036543,-0.13663885153793223,-0.3682864775639917,0.6524029232830738,-0.20267362467477007,-0.3611636347971723,0.8494985356824203,-0.23564063657271753,-0.3564430299853862,1.0,-0.26226985305348627,-0.26379353220030116,0.2892481657684518,-0.17473269848329462,-0.18729346334115043,0.6563820684244569,-0.24027331134931693,-0.15518192848699802,0.591535839719394,-0.2337054619152347,-0.16634021119852127,0.49300231118722965,-0.23345725486392713,-0.1319236897017387,0.26013339094440163,-0.2080136150997583,-0.07323138045300837,0.5982917056379001,-0.268336168821318,-0.06338941709913042,0.5008360186226473,-0.22879478055556998,-0.09006842184616931,0.3884121960978074,-0.2033226670430549,-0.002922108225698757,0.2340391178718541,-0.23999255121608914,0.02342712319522124,0.5115383134272733,-0.2912751181677435,0.026057640657053363,0.44344534313069595,-0.26653088014483006,0.00581941410326784,0.3425041919231806,-0.24635608722811958,3,Show_Desktop
0.0,0.0,0.0,-0.15599910948171442,0.09794532006952893,-0.008768595103993932,-0.2770284155690524,0.32593463253276705,-0.04791591653844632,-0.32412428526356907,0.5446759257734566,-0.08573535683420114,-0.3428729226454453,0.7061996078294474,-0.13142512606679438,-0.36900439792203615,0.3270425110507918,-0.13610056319139513,-0.35413876935905736,0.6552974640647549,-0.1998578357025052,-0.3493675475903642,0.8523327034277709,-0.23045382016981128,-0.3476173037187701,1.0,-0.2559006312976013,-0.25748377866932065,0.2968605607762263,-0.17171257756417585,-0.1773784643433712,0.6592392589465143,-0.2398153565970809,-0.14655513671629286,0.5828496519272278,-0.23349774850811864,-0.16225859017518576,0.4745227460896565,-0.23131447200680164,-0.12615834890532776,0.2668660013687108,-0.20253614189984065,-0.06531576184432134,0.6023565801199696,-0.2678970224590756,-0.053818064216116665,0.5051199038082171,-0.2274985237596143,-0.08173732740444876,0.39340259001183625,-0.19929638351879234,0.003517448427991519,0.24090973161280635,-0.23201895792679858,0.034996479422901995,0.5108306322482228,-0.2885722619011316,0.039032957739242806,0.44020321205730145,-0.2647876802174856,0.015718273474740436,0.34093150056941796,-0.2436104744886603,3,Show_Desktop
0.0,0.0,0.0,-0.15389786289159071,0.0933305783868856,-0.008035001405232946,-0.26637673120008826,0.31294342581587314,-0.0488741471193862,-0.3017777397662665,0.5277485986141607,-0.08809810847926401,-0.3021681215394982,0.6872922100292307,-0.13516907619283697,-0.3489773260447149,0.3413154842644333,-0.13340424524237246,-0.34313614684237576,0.6596384092821979,-0.19561056968287718,-0.34217889620432856,0.8516833815182526,-0.22494211683042856,-0.3417921912455049,1.0,-0.2488205485571805,-0.24216155123201258,0.31038580174137126,-0.1682417420351512,-0.1590292570516904,0.6621522313067958,-0.23422331559981477,-0.1302326064697546,0.5861619093217636,-0.22644571411374229,-0.14420865761903887,0.4803487858119725,-0.22229932654393278,-0.1155844975912869,0.28005032439894073,-0.19816545612926004,-0.048358102539959376,0.5940817675565889,-0.25973994798951233,-0.04103005156332554,0.4941846384292649,-0.21823412863140418,-0.0689327566596301,0.3873715812619946,-0.18889143114450685,0.007298956184361869,0.251221301864065,-0.22683627573115697,0.041798505774596886,0.5039831090343326,-0.276780184328748,0.045113553617146106,0.42610857952669806,-0.2488128352399985,0.024770378943683193,0.33110944677531384,-0.22492641043844658,3,Show_Desktop
0.0,0.0,0.0,-0.1458284977068909,0.09785027705387532,-0.007659454825679779,-0.24854144926004693,0.3144115663781331,-0.04273383764543813,-0.28136992746717593,0.5188642898343967,-0.0745127932586333,-0.2772160064110185,0.6729279773148577,-0.1129010722819846,-0.3247674338879443,0.3471902730155375,-0.13245906811218067,-0.31039343600272495,0.6661904950612135,-0.1916778400297558,-0.2994160135818987,0.8563877131371154,-0.2181577500855314,-0.29145224791368274,1.0,-0.23955284168094532,-0.21930139901356366,0.31733401456695115,-0.16577594458999528,-0.13126406263071916,0.6617643636189797,-0.22637693904640166,-0.10548757896617295,0.5829376768738485,-0.21395798886326117,-0.12653725744025995,0.4754044313523462,-0.20678370801133544,-0.09535210594283551,0.28605191465646135,-0.19463073693954674,-0.02742720141304081,0.5961118103767669,-0.25246940927624095,-0.020254119639216663,0.5003730902027534,-0.2089358762905066,-0.04995036996080548,0.39850790652443163,-0.17845835778617608,0.02669187168150221,0.2556677473308915,-0.22255286275326866,0.0619268406674454,0.49483830294201087,-0.27110263086335806,0.05939375869233338,0.4176396104324984,-0.2431955819824871,0.036503239791088354,0.3272945401295665,-0.21924568740700637,3,Show_Desktop
0.0,0.0,0.0,-0.1311974899072937,0.10979559974017501,-0.01039378765787114,-0.22069520450857255,0.33156992874277796,-0.048476879066599136,-0.25457511425423857,0.5301659602269356,-0.08397492123541568,-0.261976013595289,0.6773291397990908,-0.1272791574249925,-0.2953421442342619,0.3558411645534172,-0.13854653690980687,-0.27547774550023374,0.6665320867845591,-0.19900999258525295,-0.26352378688951256,0.8554386022194378,-0.22500395030435627,-0.25430370451532247,1.0,-0.246040206501336,-0.19350117307401904,0.3225499894669789,-0.1720015448197761,-0.09450600131042712,0.6590476767546114,-0.23723602933435137,-0.06628315586265443,0.5901037949957004,-0.22594970493174318,-0.08387518479879418,0.4906251402963876,-0.21803691018374924,-0.07146223134909634,0.28358683745963,-0.2006361945034244,0.01039425521808377,0.5798751483805991,-0.26138117499300423,0.014364780340202454,0.4911247916549589,-0.21742990756132524,-0.018100313918563263,0.3940408687497665,-0.1859536575617177,0.0487328822709633,0.24711644812086822,-0.228383523495667,0.09584860830692753,0.4837220086141589,-0.27922848448895443,0.09420178380087284,0.41227610266289216,-0.25076219047042325,0.06788241695003266,0.3248192197652847,-0.22597591975325793,3,Show_Desktop
0.0,0.0,0.0,-0.13775547644710512,0.10788462235141595,-0.0019622515711996058,-0.2278002900046848,0.3361444115577054,-0.03513810853193712,-0.2548385978090806,0.5421081166942191,-0.06830791928344435,-0.26426885905171627,0.6984914244877776,-0.10932403836990791,-0.30143983641333005,0.36179183633406337,-0.12380288840193972,-0.2704268914786121,0.671133263128626,-0.1799808265262231,-0.24686981650685857,0.8587187031966468,-0.20485783927361031,-0.22828997867539758,1.0,-0.22501128383010843,-0.1972024115657559,0.32347149169727674,-0.15863513016663958,-0.10010053867301956,0.6423534100011673,-0.219656717030412,-0.0815959422876434,0.5793238363972291,-0.2118070486656006,-0.10273507301052173,0.48701101962067783,-0.20748650988730494,-0.07586489732638965,0.28059315649632477,-0.18783964849288587,0.005942216427220311,0.5702656023046796,-0.2441715529096207,0.004247890530198294,0.4799226096829858,-0.20332955545668296,-0.02982286058069676,0.3839290773509933,-0.17486251167452152,0.04169986218120308,0.23971824091072494,-0.21529853817685013,0.08958964925410337,0.47414659015365046,-0.2616521263732941,0.08373970422990071,0.40261109492405106,-0.23407124027057497,0.05361216223789735,0.3156524966071681,-0.21069785660701013,3,Show_Desktop
0.0,0.0,0.0,-0.13821803048498232,0.11439163528203451,-0.001964379250728564,-0.2208068419050481,0.3431374173679185,-0.03473523897191814,-0.22223376091557323,0.5507379301278107,-0.06614663414356417,-0.18919308076115604,0.7051511304912058,-0.10522727248617572,-0.2820637517717725,0.3658622110616052,-0.12714861407286634,-0.2493231267453041,0.6791145354024911,-0.18050840845335084,-0.22835005400476743,0.8604335627201021,-0.20493520851713282,-0.21214074308939676,1.0,-0.22525180939483458,-0.17597150581052998,0.3289817974657347,-0.16049002142274396,-0.09158398394992305,0.6427610227357677,-0.21612991991661307,-0.0804190460618501,0.5735814496109558,-0.207576562727645,-0.10396416720155875,0.4790814659983554,-0.20474261053981666,-0.0550853783519137,0.2904144023515366,-0.187641346353208,0.012590236571446669,0.5795038926518532,-0.23814274554252887,0.0070121867014595095,0.4919909070186312,-0.19782596790186513,-0.023615384417092832,0.394334305161368,-0.17139568855378168,0.06271255285857011,0.25679408698431705,-0.21332807966687645,0.09562066079150772,0.4944955645385511,-0.25487737388551235,0.08546518671876754,0.42619170458784583,-0.2264505016435209,0.06234562241000832,0.33677048912889374,-0.20393697651500872,3,Show_Desktop
0.0,0.0,0.0,-0.14934552432938533,0.10146370331124863,-0.004851809374742522,-0.2519361464329124,0.3306884639910029,-0.04321556850598975,-0.2735834984699484,0.5462610113439209,-0.07682616546915702,-0.25659860395130935,0.701703729874877,-0.1184235753255269,-0.32207366424655326,0.3329634151639311,-0.15287853069990728,-0.306812337262081,0.667394756356785,-0.20930582028629055,-0.2954512520661697,0.8559135819309,-0.23198012435051962,-0.28682976888367445,1.0,-0.2500454953618362,-0.20344613255262675,0.31101340971085323,-0.18744450329659612,-0.14387543408170625,0.6706198190064219,-0.24177793060311895,-0.12594589635385037,0.6082411651784372,-0.22527695877046858,-0.13975813245298277,0.5010348696228323,-0.2175430057811642,-0.07153496395044656,0.29105856241070394,-0.2150107802175605,-0.036767415444635465,0.6158543605939633,-0.2633709417319547,-0.03504156946568039,0.5319377200787795,-0.2152214793993558,-0.05560286282030757,0.42554156354172396,-0.1843514955094794,0.055428637742164506,0.27502894384362697,-0.24106483434551007,0.059283006842321594,0.5319475933395287,-0.2804932074842865,0.04969956427021869,0.46255307637134274,-0.24698776549485787,0.03542996835392086,0.3677861020336183,-0.22171654702207816,3,Show_Desktop
0.0,0.0,0.0,-0.14297783513321752,0.1042425454647259,-0.013102592607139129,-0.24627575511871744,0.3386200473434115,-0.05249291082722764,-0.2592907306708214,0.5627037785553157,-0.08594469518379336,-0.23167498658735566,0.7228771081385248,-0.12603092782621436,-0.3178346251656985,0.33770250270446056,-0.14857843543917254,-0.30520686748749837,0.6626860882824713,-0.20767574216188053,-0.29289965541728563,0.8514909604536582,-0.2337410127845316,-0.2801350441406254,1.0,-0.2541380537564698,-0.197433972143656,0.31839256675942046,-0.17817311192573332,-0.14268444664956226,0.6510620762277595,-0.24027026058787496,-0.1258102606481292,0.5729993037554107,-0.23037351029633638,-0.14152447127710727,0.46581730471796295,-0.2246144644756309,-0.06575395843693661,0.3001583123037259,-0.20165553787164991,-0.032174937040860566,0.6063699933915121,-0.2586479290709413,-0.027415574717602142,0.5128098858645566,-0.2138491820518362,-0.04611798443179706,0.40882083232161603,-0.18171818462787254,0.061878270631271166,0.287506372579421,-0.22400857835201365,0.0605966984717786,0.5307642541147048,-0.26738581010885304,0.05671658619080062,0.45410434545265776,-0.23458797559963912,0.04597563838122484,0.36330678876997985,-0.2080888584731741,3,Show_Desktop
0.0,0.0,0.0,-0.14364873898642053,0.10345310859969285,-0.012403633224487074,-0.24881173172774415,0.336163283814908,-0.05375049109591875,-0.2662285837338353,0.5596987919445732,-0.08923407441492416,-0.2429020605885597,0.7191590913393834,-0.13151432117020792,-0.31979012532480255,0.3262890242169836,-0.1542153670494695,-0.3110286719025022,0.6595984477512141,-0.2141577272452569,-0.2986045553708618,0.8507312781270439,-0.24008417167290633,-0.28661835758459103,1.0,-0.2606028198539119,-0.19820448696626056,0.30931963435247056,-0.18476554845865661,-0.14986564591321758,0.6475443687112675,-0.24754197023613264,-0.1310546884319723,0.5695594291140388,-0.23640561573036434,-0.14576213946934716,0.46062410116985103,-0.23013895230640005,-0.06639756341702224,0.2944009971925483,-0.20879512744557585,-0.039440547643173646,0.6031910500183248,-0.26400028814482357,-0.032159244187648414,0.5113699560649745,-0.2170720418623997,-0.04979174616290054,0.40661201892239973,-0.18467590595273933,0.060476963549921735,0.285616762759944,-0.23181941738996095,0.05580516325441509,0.5270593763944711,-0.27372910715416054,0.052989399595698636,0.4530374859985294,-0.24075194003744066,0.04137308537537641,0.3636004709512103,-0.2151000029358101,3,Show_Desktop
0.0,0.0,0.0,-0.14182072899960024,0.10980673876711602,-0.005179503498187079,-0.24690129414767828,0.3384357826775901,-0.045080570403548015,-0.26230421621465416,0.5567225872598458,-0.08111778535210962,-0.23771233991725546,0.716856430040409,-0.12450435191739255,-0.31306245695405704,0.3279200802400459,-0.14860239454612098,-0.3004384063729669,0.6583976313292588,-0.2076476283819179,-0.2881636901751699,0.8494776690892802,-0.23487838278163467,-0.27363899565085464,1.0,-0.256621475563402,-0.19017291224166413,0.30709833619904925,-0.1823913996640729,-0.1403386541731085,0.6483289444532744,-0.2439166385841074,-0.12523584962456713,0.5698236049502232,-0.2350279711961954,-0.13866272209298405,0.46273049145824,-0.23119375918378854,-0.05883974025536178,0.2887202772279135,-0.20865760886976387,-0.03281365140371917,0.6092146312859118,-0.2628447562241542,-0.030374030111690677,0.5130129691706763,-0.2163715998849016,-0.04707119016312907,0.4045064135444812,-0.18503567732304788,0.067499650816127,0.27695594142380325,-0.2332662858782936,0.06090790215145429,0.5229528944934907,-0.2762565776635624,0.05459745721895515,0.4469537770858318,-0.24363614384474305,0.042521866134943916,0.35481709688527985,-0.21828170716261597,3,Show_Desktop
0.0,0.0,0.0,-0.1440894883889345,0.11684227638913114,-0.012554115701934241,-0.24778407307570785,0.3501714767264487,-0.05952932911385105,-0.2581779964017757,0.57633227242773,-0.10095747213627501,-0.2338017640804531,0.7244396372058421,-0.14972960433962323,-0.3210429187427031,0.3095697295498331,-0.16685331955210472,-0.310387613438055,0.6522311225600653,-0.22856594168707567,-0.2978192771378348,0.8476524214650383,-0.2546348237403171,-0.2839592149600666,1.0,-0.27525969400317063,-0.19253006096111022,0.28373164840343373,-0.20057823779567208,-0.15355966580137145,0.6596413868692276,-0.26360789895623515,-0.13540702050767833,0.5890447794043396,-0.2515987372622367,-0.14701860890171423,0.48001231609571865,-0.24570180023836644,-0.055440248711072705,0.2660225158030932,-0.2265554541031651,-0.039081796251973,0.6135971772915458,-0.28396989595328626,-0.033289404272588245,0.5239735266692317,-0.2324884337961327,-0.04602135608518589,0.41059851243905915,-0.19666755978019343,0.0783242641766121,0.2609357157208361,-0.2512608541858948,0.05815353929133179,0.5367573055546421,-0.29468729303500374,0.05574609816318734,0.46880751986810976,-0.2570231492777044,0.05137620052010675,0.3734261061177521,-0.2282909444498305,3,Show_Desktop
0.0,0.0,0.0,-0.150599049098655,0.11319111438798173,-0.02064363741968503,-0.24894611997276564,0.3513419543500743,-0.08505420045225298,-0.23397689468333374,0.5798321146623908,-0.1408632940908505,-0.18177140710298542,0.7285713855648608,-0.20571556111375236,-0.30947129886743074,0.25517354176283147,-0.22048373342057886,-0.31687977355550423,0.6236114397317962,-0.2980589559497621,-0.3170599438553068,0.8361592722217372,-0.333857533176,-0.3099459607232557,1.0,-0.359525055943745,-0.16126567958899526,0.22477990204878553,-0.2545904894295613,-0.1509692975404658,0.6426844932628388,-0.33198152136143166,-0.14471790639367918,0.5798778431648788,-0.3242462403089109,-0.15563360479423718,0.46210774328735116,-0.3200990080970221,-0.01554342285233897,0.21655803162270754,-0.27781483357708847,-0.025203721431260973,0.60962019468224,-0.3428353719623747,-0.032608690267477064,0.5282055499235401,-0.28961817937156575,-0.04312929440653911,0.4021497502518783,-0.25086542656334987,0.11768489243455842,0.2292717747410919,-0.29938708314389667,0.07704978298205396,0.5388657022093611,-0.348543851463373,0.06067288195770121,0.47770649762770057,-0.30679832059566214,0.05960832241978163,0.3741890574056186,-0.2740104698661458,3,Show_Desktop
0.0,0.0,0.0,-0.11446328390316814,0.14471608864800117,-0.01851897470765595,-0.16446102805021745,0.38926162493585637,-0.06384392626854922,-0.11927539392854199,0.590677510423046,-0.10120627029413168,-0.034401986787368735,0.7037965246742162,-0.14553881631891136,-0.219635628422957,0.3480519360491969,-0.1704013847833429,-0.2114258052433783,0.6749720505287073,-0.23030761467313698,-0.2024538953218619,0.8571649646529537,-0.25324611165563826,-0.1964319849400033,1.0,-0.26929970662981656,-0.11030433061329323,0.3060813597794788,-0.19379484444655798,-0.029509025863433447,0.633876935690271,-0.2610852800286575,-0.010617289202711723,0.5761878441520619,-0.25037516397622306,-0.027275114125170526,0.4793418017241772,-0.23954784586860958,0.009742321625086129,0.2677067436316425,-0.20875495923790183,0.06923898809526959,0.5670489411442498,-0.2665782555071655,0.06568211296274484,0.4950332961426255,-0.2202511844851188,0.04518944384987992,0.3969342058880831,-0.1825213824735188,0.1257769067610294,0.23965388054858253,-0.22227952963901576,0.14459541197959863,0.48529838232238137,-0.2607417166226631,0.1325879952853908,0.43004208444481273,-0.224042322626957,0.12126266104082692,0.34552404028448935,-0.1931448448469322,3,Show_Desktop
0.0,0.0,0.0,-0.12439064601037117,0.14925965475059402,-0.0006753268849518507,-0.18231385677629622,0.3926578230908044,-0.04715244265891791,-0.13190488098181882,0.5876628208475004,-0.09247840924747948,-0.0461956887027403,0.686064326214526,-0.147800163940827,-0.2596717827818061,0.35835778062754564,-0.15584833968546055,-0.24586494192994612,0.6835104503826913,-0.21167758031837078,-0.238946284105903,0.8638816854130007,-0.23305011898867117,-0.23688615857831266,1.0,-0.24974038103492407,-0.1489795576751818,0.3065824204599577,-0.1927390328548463,-0.05604388282748529,0.642996919298454,-0.2538345160688194,-0.03548233269474228,0.6054788555644469,-0.2426258713654214,-0.05421554156734734,0.524414066184298,-0.23544535738966887,-0.02321124575655861,0.26050416228209927,-0.2201545184980123,0.04911101319943274,0.5702680122803173,-0.27271167439956095,0.041514584186239975,0.49954340916783696,-0.2293481638143859,0.014208580713651598,0.3988920433640234,-0.19728726799236693,0.0981278182547619,0.22673339963310837,-0.24500083596868918,0.12508028478843586,0.48456343517470574,-0.28138506879261604,0.11186140238492386,0.43333083405817807,-0.24624654820698275,0.09300028727623413,0.346898011882167,-0.21846250799695427,3,Show_Desktop
0.0,0.0,0.0,-0.133620212726667,0.1578172624980576,0.001115880494522057,-0.1942923074111243,0.41403996608835003,-0.0452256670068381,-0.1427615546727525,0.6290573909703975,-0.09280207344428791,-0.05556001734866502,0.7367817862375398,-0.150141350871935,-0.2993826268696967,0.3737237344161764,-0.1317558498238181,-0.2698937640740817,0.687455487925895,-0.1874953753473855,-0.24680068578644868,0.8693920664060424,-0.21021428867603054,-0.23342372445866758,1.0,-0.22951661237029816,-0.19113305453825408,0.31520937804702237,-0.17375393734508776,-0.07929225697895856,0.6559284830937351,-0.2366206464961142,-0.05145764505750746,0.5928099354248348,-0.2270824071975354,-0.07491337991141989,0.5023613250054281,-0.22187864190928977,-0.06142258598096516,0.264063350687307,-0.20860510444020033,0.03360587179051404,0.5818493952955814,-0.2672601020896064,0.030213341711898253,0.4969723637040386,-0.22569317166650477,-0.0029875559958195148,0.39894027231397716,-0.19538053925837037,0.06695617004937575,0.22459991556214537,-0.2408114457124666,0.11370261661035327,0.48778885591712257,-0.2836950158911762,0.10681108012124044,0.4273727139535337,-0.25140659911308477,0.08326130634173488,0.340919241114971,-0.2259801420652503,3,Show_Desktop
0.0,0.0,0.0,-0.13040861692317052,0.14007115633083647,-0.00022476545190093042,-0.18857604019904112,0.3866923395303658,-0.04771816052449824,-0.12439335646468543,0.6043166136036207,-0.09678889505581863,-0.047901649494979465,0.7194991633691453,-0.15379093748108005,-0.3096044412915315,0.37945060491272997,-0.1302596082555248,-0.27038304296263527,0.6960486987190841,-0.18985737171032618,-0.24179980381208757,0.8705573373110388,-0.2137212253612166,-0.23140066061319362,1.0,-0.234130548842596,-0.20320958749288573,0.31943601519752013,-0.17326915698136733,-0.08167003686690362,0.6579538973391152,-0.24502291537652263,-0.05400442426819901,0.5794796314928053,-0.23897757187234756,-0.08288804431581039,0.48806868195349934,-0.2345982783885975,-0.07410139732188215,0.268591472089677,-0.20976659733751463,0.03556078243791504,0.576647554379507,-0.27711217802945914,0.03389231603337173,0.4793585350583244,-0.23621253536958742,-0.006362470505128429,0.38600308937519273,-0.20509162460331867,0.05467576695657282,0.22993022531639273,-0.24340680396120937,0.11393449673424749,0.4857760766433585,-0.2920774442872661,0.11133738956187997,0.4129037759130036,-0.2597880151173664,0.08403202424506166,0.32774343140631007,-0.2332870060053879,3,Show_Desktop
0.0,0.0,0.0,-0.12552880640875239,0.1427353638066169,-0.0009647867013607456,-0.19128011497442965,0.3838876793147822,-0.046850448093019886,-0.15651277320116364,0.603120559312133,-0.09480686955357635,-0.1225139091803873,0.735625328570772,-0.14899465126231967,-0.3194324374805617,0.37295930812184747,-0.1135443494154841,-0.2953035923593457,0.6767210615497149,-0.17519451579034037,-0.27596106793012914,0.8624564782378744,-0.20515771730674925,-0.2645216287313141,1.0,-0.22978877475940712,-0.2203506789362427,0.32371952178059443,-0.15467056142545238,-0.10896483550557677,0.6590870510272258,-0.2239541478242619,-0.08174043617821844,0.5796695069513979,-0.22099238464252735,-0.10942381555264206,0.480175012655859,-0.21899370761896608,-0.10117299630355853,0.2766584838551496,-0.19106837534720747,0.001099762942072202,0.5745622176599968,-0.25377701124941743,0.0054307107863701826,0.4786027065971131,-0.21497323142392077,-0.03456418430509,0.3849619754293451,-0.18687962330183525,0.017711781740775256,0.23877834546278168,-0.22581037654494193,0.08067530235003989,0.4855075354755432,-0.27291071490745666,0.0831495525377405,0.4132310196924949,-0.24458873499364134,0.05426079142386908,0.3272910820147998,-0.2211810050972668,3,Show_Desktop
0.0,0.0,0.0,-0.1263484339483599,0.13936296947240107,-0.0024031922293445518,-0.19013978217472383,0.3767414749105369,-0.05241412256614959,-0.14098760605546887,0.5954076843148041,-0.10382188295921073,-0.08648126492733968,0.7272631605654138,-0.16266778408904672,-0.31580787252469966,0.36908730309750587,-0.12671672623007268,-0.28860090391492726,0.6779634409197375,-0.19065809566176414,-0.269729603963479,0.8626087944302787,-0.22189930215408293,-0.25816585305097234,1.0,-0.24709163851122967,-0.21359790547296387,0.3155651140503531,-0.16792239145460408,-0.10106882923527044,0.6511956431485024,-0.2383252141129074,-0.07350406577197771,0.5724559084875512,-0.2350498667549384,-0.10111351755299458,0.47354458798524307,-0.23319674312802302,-0.09194852021122871,0.2670229334680326,-0.20365547663803377,0.011500754800101947,0.5676545091377518,-0.2663858016691426,0.013154799179349499,0.47224732936847047,-0.22737482838064751,-0.028829587010749416,0.378036210799696,-0.19954382705672008,0.028359494739464225,0.2291645764066441,-0.2374882091297275,0.08905430293720455,0.47993674729015806,-0.2836664137434071,0.09055136158096312,0.4074972004931284,-0.2531998828427328,0.061740803144212375,0.32114978428516566,-0.22863947173327467,3,Show_Desktop
0.0,0.0,0.0,-0.13222225020578218,0.13764420427877894,-0.002031410415259972,-0.21460803292147695,0.3904478420254019,-0.044600161512918055,-0.20025621088147047,0.6253980313082816,-0.08733143877753503,-0.17497747195867733,0.7886997416096977,-0.13595128959988492,-0.33184589919002194,0.3527456976483413,-0.11661028041922461,-0.3220101056602315,0.6634875262417992,-0.1787288972195642,-0.31517131608020876,0.8553686854238389,-0.20952743455616987,-0.3129870206479464,1.0,-0.2350253695283971,-0.23388675905739234,0.3134046429011829,-0.15523214393852025,-0.1413197251753807,0.6533727527106503,-0.22546839704706498,-0.1118940816996007,0.575273187934288,-0.2217686270024596,-0.13278487282690632,0.4716321527524655,-0.21927562737649345,-0.11424036779864327,0.277934267889257,-0.18900696836356198,-0.030756326510874694,0.5834956448494862,-0.2515491239973137,-0.0233210043576761,0.48790568003353413,-0.21109153109455367,-0.05679606127429432,0.3902813300316814,-0.18218407407356343,0.004790487184634355,0.251131629850408,-0.2209871615605686,0.0523593679227325,0.5007800878500889,-0.2686553348770181,0.05641641110278237,0.4277668745900119,-0.2404394819249819,0.03176995149428619,0.339545047834756,-0.2170143810790805,3,Show_Desktop
0.0,0.0,0.0,-0.1442629243711212,0.13426123577052726,-0.002233137792734023,-0.2345286930569417,0.3935670195876199,-0.04381507280230533,-0.22922025597656592,0.6352501472932938,-0.08681936422126037,-0.2156739022736735,0.8036949637817952,-0.13591079716713653,-0.3481652671170679,0.35942282485390814,-0.10827481485203132,-0.34549583794489813,0.6631041945926277,-0.17019197025516375,-0.34193632961718734,0.8549596433275807,-0.20158070756843122,-0.3421830798693385,1.0,-0.22791914765713198,-0.24585304530813729,0.3235881190120996,-0.14845948588574145,-0.15786769571858186,0.6744696963796197,-0.2182068468410926,-0.1266545971159172,0.6006549242547268,-0.21673053376307938,-0.14582837028292217,0.49937386572406794,-0.21651223914974468,-0.12109647053083342,0.29122738924859626,-0.18445788972464044,-0.04241106299391384,0.6078085506090057,-0.24989649013487192,-0.030833200209686277,0.5083052989873834,-0.21052376924967486,-0.06281814653379089,0.4066014289764156,-0.18199123223823926,0.003817942108775565,0.2662974573554869,-0.2187993450455767,0.0485061910211419,0.5236867750241717,-0.27000195125142634,0.05622863622649351,0.44903593250947066,-0.24226874397283768,0.034044627553347064,0.35735182750232164,-0.2187000166794822,3,Show_Desktop
0.0,0.0,0.0,-0.16051632950500563,0.09661594029869802,0.002218644707288933,-0.2797705891231071,0.3407795555962219,-0.027649870704221462,-0.3045535937252775,0.5902878229814265,-0.052705188248508554,-0.29745639611100716,0.7701503217597895,-0.08226125944588907,-0.3696838274420921,0.3396007804493101,-0.11994005731562783,-0.37467813761582375,0.6666584084263234,-0.17377192579924924,-0.36638240587467913,0.854026735723795,-0.1998847097528904,-0.36245112882292563,1.0,-0.22021250135097695,-0.25306967153127685,0.3400361619731743,-0.15067667056870526,-0.21523107291109203,0.6765944394886558,-0.20313502395866986,-0.18902260989678668,0.6086595705583295,-0.19453031116836295,-0.1954272552633743,0.5074182050425828,-0.19058581079925,-0.12497661220737141,0.3477952094201089,-0.17456813669565793,-0.10286676960588587,0.6415569802624509,-0.21957430529721003,-0.08712798210505181,0.5378458942435556,-0.17823015964738506,-0.09817006006881901,0.43035848717345815,-0.15048022071023276,-0.0005784821364381885,0.3538182784851915,-0.1964078132441958,0.0015895339418997834,0.5696488844459894,-0.2293785781614277,0.00825302194599506,0.4840260046415364,-0.19902789198525084,-0.00017099117275169788,0.4001391032189354,-0.17497581764953635,3,Show_Desktop
0.0,0.0,0.0,-0.15990013103120984,0.09256970477942462,-0.0075886468577435005,-0.2762098189108588,0.3356330709349265,-0.03698593672600596,-0.3087096663009692,0.5821598227407347,-0.05929440225423494,-0.31394427045469897,0.7600260544814852,-0.08582818449658972,-0.3510140714812265,0.3400063399640962,-0.1254842182272826,-0.3548092916224551,0.6655013198065666,-0.17194376505462208,-0.34810374331579064,0.8522626034722421,-0.18985182304177445,-0.34952281709437644,1.0,-0.20527844611165574,-0.235816463286855,0.34533124538088467,-0.14974290507099636,-0.2045586357774435,0.6784000549055841,-0.19750523259964217,-0.18086361455192773,0.6153550502585798,-0.18380577219121547,-0.1870803581955135,0.5159286784617784,-0.1754957909079643,-0.10903711408337668,0.3549036322814784,-0.16762748170964434,-0.09060599207017496,0.6330987954332477,-0.2102804074837804,-0.075418165254256,0.5338929671058397,-0.16831344287202243,-0.08524212724557854,0.43291033307311316,-0.13951365387194697,0.012291391152492143,0.3617369312044433,-0.18426390387091823,0.00985854224088851,0.5641500814542308,-0.21551293531248164,0.016910497065039068,0.48086740101375247,-0.18586174923445992,0.01137493903626581,0.4019664459080145,-0.16244497443844846,3,Show_Desktop
0.0,0.0,0.0,-0.16674553493118352,0.09716492158079403,-0.0051193579663104715,-0.28368935853295585,0.33120960176061137,-0.023842885274640537,-0.32087931098596484,0.5651548123718806,-0.03529240537042912,-0.3184612641054813,0.7369378362398569,-0.050557878117014544,-0.3366050967178458,0.34970096385321164,-0.11240663210524728,-0.34741980275629714,0.6740299347372947,-0.15028908194708415,-0.3445974304999562,0.8551347001009777,-0.16127176760317707,-0.344776030566323,1.0,-0.17009545130744838,-0.21984846931799373,0.36726555508144626,-0.13196466333078644,-0.19244659871447095,0.680727552352864,-0.16595316929978562,-0.16909135892277527,0.6079410025726621,-0.14302681527124314,-0.1753801995922899,0.504338688354819,-0.1282477365306031,-0.09443545666452058,0.379215104515385,-0.14602014125462473,-0.09049151897207411,0.6296481636255983,-0.17616699011280273,-0.07586289179142353,0.5400566293454953,-0.13151048804383955,-0.08233209780514181,0.4524563284654006,-0.10188374376225563,0.025251915700615173,0.3847492505340253,-0.15923044444454704,2.6095411501805897e-05,0.5637303099087232,-0.17701852560327233,0.00638861724290388,0.48601111334499775,-0.14217776460120699,0.009305623741543983,0.4132792104265291,-0.11623168217293993,3,Show_Desktop
0.0,0.0,0.0,-0.10684083748424222,0.1661858765623646,0.0002612509913230836,-0.1127071461810395,0.3727353136434604,-0.014457552758555524,-0.06156446756954793,0.5324529734202208,-0.025033565198873956,0.011193396110032701,0.6107551048863575,-0.04032113500070332,-0.09922073272125,0.44951933421735596,-0.10258074293705369,-0.02463749239008005,0.7258925482171987,-0.13316353011578022,0.014657236582011268,0.8794722086584106,-0.1394998553693534,0.047827450336844754,1.0,-0.1423055292137788,0.012644229858887267,0.41609349600726653,-0.10950902456979106,0.06998458220176716,0.6120690891793681,-0.13161751857452256,0.050846601801363446,0.5565410597139875,-0.10758865840138648,0.024914490607307473,0.471984592530028,-0.0899459358230624,0.10578505971169233,0.35919768922377954,-0.10917061264891242,0.1381482346420196,0.5168964609066721,-0.11457212271236812,0.1160458999386616,0.4648338498420063,-0.07410665579034477,0.09833451056380255,0.3922930230876795,-0.050840898988467775,0.18310901880948433,0.29909079746223155,-0.10852961496186905,0.18910256594164188,0.4104909883055398,-0.10324290817947232,0.16500113897765137,0.35768689418295135,-0.07042843666510255,0.15122237835747374,0.2994449707394633,-0.04811943812483008,3,Show_Desktop
0.0,0.0,0.0,-0.11319717447301322,0.16773926509492448,0.010471397948013427,-0.12616655686113415,0.3682896417554612,0.0015425946320876073,-0.07962235600027039,0.5266425645698597,-0.005287982827837362,-0.00924281179911941,0.604592888372885,-0.01721399394350799,-0.10874925261161653,0.45653630124487854,-0.09015952513212315,-0.03076658186836507,0.73184299520482,-0.11645846692300642,0.007541913946695143,0.8821328266903162,-0.1222498384419752,0.03952767084914054,1.0,-0.12473064386918255,0.003309251544022445,0.4288943177595146,-0.09816306291552514,0.06097920425366615,0.6084202711746988,-0.10953682006050006,0.04097051844747451,0.5546875067993848,-0.08215489944714405,0.013980550640657986,0.4727664872934546,-0.06534566418538187,0.09662016540165472,0.3748196621819012,-0.09855347452816371,0.12398756252895632,0.5219056960495828,-0.09600543678349101,0.10323011033062635,0.4712015046113972,-0.05807578456096611,0.0859830989413122,0.3991510886413502,-0.038976353294152596,0.17425064614101002,0.3164949377763814,-0.09771003350127745,0.17621438101446388,0.4167578328188284,-0.08664158686807173,0.15395069281924037,0.3649261401861269,-0.05525424835980818,0.13936860513321284,0.3064418568826311,-0.03524735305829553,3,Show_Desktop
0.0,0.0,0.0,-0.11633987272551871,0.1668773952165278,0.010258998458308997,-0.13065697095752155,0.36907960005638946,0.0003420098469304491,-0.0834605097332582,0.5298403776981708,-0.007187824628559035,-0.010879273108738713,0.6063719511882704,-0.019559436736184158,-0.10634830918701818,0.4664675175737656,-0.0940071860286442,-0.02034353950475936,0.7363540637818741,-0.12297140982514557,0.024156416065845097,0.8847798651542227,-0.13063565439440222,0.06133291407208512,1.0,-0.13407265607335028,0.0066860750662085825,0.4343799786358287,-0.10273409463715799,0.06469183493110808,0.6089699363042033,-0.11513151543389197,0.04328125798283518,0.5548714746152978,-0.08666033349632236,0.01346876759883491,0.47191161902620427,-0.0691565698068351,0.10164450247348034,0.37516371902879536,-0.10397049627772258,0.1273039057025239,0.5177636335662547,-0.10404223657641401,0.10718112246951902,0.4676005769526646,-0.0659367561409386,0.08874563153640949,0.3947253890060742,-0.04634136154422648,0.18143354848286422,0.3129126462455404,-0.10376712383041825,0.18018132756205,0.40704001705151893,-0.09393278325999752,0.15714040406302796,0.35371917957717564,-0.062074683356658895,0.1415782580251419,0.2950734021923089,-0.041656430004288994,3,Show_Desktop
0.0,0.0,0.0,-0.12502044374684182,0.16452461116160091,0.009217403856305607,-0.1427717981797754,0.370028893335283,0.002956349633639979,-0.10104693454854395,0.5357923085608306,0.0008265264040277346,-0.033050865967130826,0.6207966860584567,-0.0053838979633637025,-0.11604407483022158,0.4596852273799983,-0.09142085241887889,-0.023086089552680825,0.7345826014367077,-0.1141831922422612,0.02673675598736171,0.8821092690041702,-0.11758415621721414,0.07120680113204125,1.0,-0.1190116554166781,-0.0019303191223533724,0.4348026794357563,-0.0973312886323527,0.05273076261006213,0.6245045098405776,-0.10135504187845691,0.029117522391872108,0.5727719277463014,-0.07037354305288492,0.002473017770974507,0.4913062712049502,-0.05277193050492217,0.09355843357772048,0.38393515750662177,-0.09572019366564204,0.11313541738005378,0.5388071365242484,-0.08666019881128406,0.0912822088501341,0.4862974514264349,-0.046802499875765624,0.0758851152124058,0.4143239126129311,-0.02849659608446398,0.17284959362384616,0.33026899861734005,-0.09328800785984005,0.16507915589259306,0.4358845229082873,-0.07795667848877448,0.14333596785269398,0.38070221355154804,-0.045880458203468984,0.1321468988252018,0.321711981016653,-0.027059240574277277,3,Show_Desktop
0.0,0.0,0.0,-0.14576456635905058,0.16279010199745636,-0.02044079495063285,-0.18491743521332998,0.3844429079269006,-0.036624572113803606,-0.13480972270135577,0.5664646162547434,-0.0405026366458131,-0.05108149284359551,0.6516195371989417,-0.045042904098571354,-0.12587809756754795,0.4252142035418539,-0.12174302210114461,-0.0423370135725168,0.7216994443366908,-0.1408702472343602,0.0032460331443614166,0.8752512921799976,-0.13875762917626502,0.052202147143434574,1.0,-0.1378757191039977,0.006151087711297895,0.41414387430431043,-0.11282228851601324,0.026011794334988132,0.6755195740654921,-0.12164425787087821,-0.018315420730253818,0.6465929533068111,-0.09499223109895187,-0.04313445630721533,0.5638886955903756,-0.07840505947405495,0.10839876282371126,0.39013619895500357,-0.09653512029646034,0.09036879875749361,0.6203953456350152,-0.08691495866106608,0.055575510542500914,0.578959119585318,-0.048149035901671404,0.044861557959695535,0.5046977461064333,-0.029685603003975342,0.18342811540858947,0.37154316865780584,-0.08240059218090369,0.13488375191920748,0.5231862471480244,-0.07047975513994037,0.10130676375351824,0.48745885826217894,-0.04640794272701723,0.0944405537977729,0.4373141311412788,-0.033540040648424856,3,Show_Desktop
0.0,0.0,0.0,-0.15547483399009018,0.14593888693209356,-0.0196943954933143,-0.2107626179709012,0.3659434816425933,-0.034713233040815646,-0.16795902988085798,0.5615201968575655,-0.03698749501010059,-0.08972446976741735,0.657944027994406,-0.03941895685940462,-0.15042079486782517,0.4133056036525242,-0.1193862496348989,-0.0803847877766458,0.7166207314306257,-0.13566872826329948,-0.041326045414141366,0.872976621811031,-0.1317989380290675,0.0029908346492445574,1.0,-0.12901164115023755,-0.01730508122852817,0.41717735226460406,-0.10765286910584632,-0.016008991161947594,0.6777619572498222,-0.11278696137350117,-0.05894660351052404,0.6541078862522872,-0.0863193779391274,-0.07801764306163819,0.5739269121992983,-0.06999776290978094,0.08517975131307455,0.40859353290936473,-0.08791902547384303,0.05181312318253634,0.6288287177097319,-0.07408084274593807,0.017456766494562046,0.5943198211908447,-0.038297064502390774,0.009386113349200705,0.5220784670017605,-0.022307476859142555,0.1589896593376809,0.40297320212723986,-0.07001258426940221,0.10047916877043923,0.5475474913749478,-0.0535256376411093,0.06788207631349827,0.5157286226678747,-0.030038505002527718,0.061874057931238007,0.46672673308249957,-0.01772769787774971,3,Show_Desktop
0.0,0.0,0.0,-0.15849707319384956,0.13833906261716106,-0.006180672729634019,-0.22875514579419626,0.34204685791950334,-0.01784473928447892,-0.2034164406511791,0.5317032960316939,-0.020500056787423743,-0.13715913346437622,0.6334622675354792,-0.024472752689294695,-0.1658963090526592,0.40956365209195283,-0.10870049586731775,-0.11251564798210814,0.7128066595267145,-0.12519255584548902,-0.08268081733414354,0.870902726932285,-0.1233187115516763,-0.04675999117358383,1.0,-0.12231981578294499,-0.03763307084013858,0.4211792386508393,-0.10490987428475734,-0.04743633997370803,0.6749071092607819,-0.10771952384215346,-0.08642511059646717,0.6518666462041729,-0.08130181112341499,-0.10334769782291027,0.5782405538654778,-0.06686634435589404,0.06335791382063947,0.4167028417729088,-0.09226794343259431,0.020463589853853048,0.6271170836114224,-0.075250394318499,-0.007252700766836006,0.5933785581132799,-0.03628629118081099,-0.009890332422361599,0.5233851064448778,-0.019818668609746296,0.1381570017004504,0.41095094627001355,-0.08084709664990092,0.07483725848425674,0.5543679144475238,-0.06219250931166225,0.04601359145144295,0.5224051083419712,-0.03474141593471245,0.043295329755065524,0.47432530061316713,-0.01996447102626007,3,Show_Desktop
0.0,0.0,0.0,-0.1580826848569931,0.12267693965596238,-0.006466279115331826,-0.23226930675649424,0.3258007690080236,-0.013667483256172458,-0.22499987170981492,0.5136695024906623,-0.013160715261641285,-0.1685466188205367,0.6253860618212075,-0.014353565420537841,-0.18740102412222023,0.4095006579453777,-0.09297278159499783,-0.13864503571965295,0.7079288465979275,-0.10711803907339926,-0.11166832222095968,0.8687393473328471,-0.10429800087957845,-0.08334360876625162,1.0,-0.10161728582674122,-0.06273565990638481,0.4271508949156767,-0.0885017037008629,-0.06889065644254982,0.6511886635461607,-0.08941753067772301,-0.09591912586733328,0.6140825968865805,-0.06240202772521603,-0.10819613003493159,0.530395463659056,-0.04609804962984878,0.040038853598906236,0.42246148545372575,-0.07677860157087928,0.0045595064859852135,0.5993651468556076,-0.061790697502614234,-0.011048204120680744,0.5505088721826559,-0.02455317234857438,-0.009011249216513513,0.4769475732995136,-0.00740468860110811,0.12171850201049048,0.41620019133564745,-0.06627783916063659,0.06751949094454565,0.5351146364439426,-0.04493462259580789,0.05390431018367489,0.4820542557519821,-0.014615759631718149,0.058480531048057505,0.42496761589185506,0.0024556323099171485,3,Show_Desktop
0.0,0.0,0.0,-0.1569019708739763,0.12678012846264608,0.004278411494639878,-0.22937127329683177,0.33303482093017306,-0.0025063670011449884,-0.21242603016118766,0.5225497232290496,-0.003951202672624866,-0.15224117515185162,0.6357543832724724,-0.009282972469195586,-0.21384892925225954,0.39277702297071,-0.08531326707246298,-0.169929238718142,0.6995738976180697,-0.100607871280224,-0.1448678887018171,0.8640239893233669,-0.09863860534388959,-0.11839251672737723,1.0,-0.09758825432098808,-0.09008965904286452,0.41256971934718467,-0.09031056631760576,-0.08433968424489452,0.6529776762675117,-0.09338587224015803,-0.10253539944841408,0.6043543089452913,-0.06769299978800804,-0.11245266156005831,0.5177143940453998,-0.05290237035414343,0.01792127638125932,0.40824505099837655,-0.08725660689061716,-0.0011928459335960363,0.601502341908042,-0.07378574570339842,-0.011479035672533097,0.5443056201279209,-0.033122105725305384,-0.010351037947486492,0.46815727270401986,-0.014603710500300156,0.11091631571899511,0.3973440821872052,-0.0842379867280904,0.07582215040270587,0.5254758669874471,-0.06492002888995814,0.06665387757681353,0.4636816930949447,-0.030656178775834327,0.07126592429761566,0.40148865005890505,-0.010954829178916346,3,Show_Desktop
0.0,0.0,0.0,-0.15683979975062415,0.1314066525881766,0.013593997116592815,-0.22000882563501073,0.34019184301091016,0.007624363972851911,-0.20174497209083844,0.5296556460030909,0.0046898589322149084,-0.14961308110644772,0.6492669586882717,-0.0025794661027716817,-0.23351051986044896,0.3901278069944131,-0.07611795947757456,-0.2012127985783151,0.698568926427536,-0.09082656191116781,-0.17893009165692986,0.862767215416321,-0.09004103884255411,-0.153421700490531,1.0,-0.09051799598401868,-0.11322073835555989,0.41622167886817446,-0.08725686095704388,-0.10745173190733592,0.6638270103663028,-0.08857847883639683,-0.12004690434188599,0.6058708591278015,-0.06221611033933179,-0.12642085760794744,0.5182929778402291,-0.047778054085866266,-0.004631287160617723,0.4157775520707225,-0.08993244040700049,-0.024636758635054302,0.6151228019579313,-0.07422062670157095,-0.03351719823373498,0.5509096438555298,-0.03108145172324946,-0.030569579889890695,0.47472797233656067,-0.011639414182256452,0.0902466850336906,0.405395526657865,-0.09204677820061868,0.05306970829135017,0.5376389973874982,-0.07137388118068554,0.04277737672598889,0.47498851873830256,-0.03512474068433266,0.047196782761052145,0.4136500559351198,-0.014236784087994059,3,Show_Desktop
0.0,0.0,0.0,-0.1534820627477041,0.13084645406142098,0.007831691221724746,-0.21965801680215952,0.33818858813071456,-0.001619972598950675,-0.20960327921622723,0.5214428646250311,-0.007538158015937215,-0.16454162199557582,0.6419655912308413,-0.017866238957730773,-0.24474195201576415,0.3876384112198565,-0.07831970910118907,-0.22133924053859627,0.6943559256171131,-0.0971983333135971,-0.20315404331048129,0.8600006283840482,-0.10145218950197953,-0.18310740654343424,1.0,-0.1057909849846096,-0.12822798958898052,0.4092798689167163,-0.09065917476133467,-0.11612374186101863,0.6583976858868203,-0.100031072670861,-0.12252303309123751,0.5954995549440338,-0.0778094805205634,-0.12731594349641775,0.5070238219799847,-0.06505854094561778,-0.01811050252050177,0.409520403659685,-0.09576121047370433,-0.02917984321817998,0.6156932098657482,-0.08828731212430915,-0.0348538251248691,0.5500381921153807,-0.04743333171892438,-0.03265774143952708,0.4738313612843696,-0.027547215860763703,0.08074483072608295,0.40213363061036544,-0.10096218147526254,0.05099336550936307,0.5452956709970824,-0.08872494863852057,0.03923028289434878,0.48246023025532847,-0.05481675628897779,0.041211619295302857,0.4176078842042331,-0.03384379028959372,3,Show_Desktop
0.0,0.0,0.0,-0.14795121861226704,0.1170023644618064,0.019991712003304376,-0.22107928522567993,0.31649999803893625,0.015706239601572188,-0.22588810402760365,0.4875782591535555,0.010431236910556954,-0.18612615682786465,0.6009650757791343,0.0001998084350601644,-0.2656669018490507,0.39059203642523355,-0.06000693459034971,-0.2506496568356363,0.6918181079976682,-0.08733901523974943,-0.23690637692894223,0.8621555228130544,-0.09863748420097687,-0.2243468531972384,1.0,-0.1066778182703628,-0.16367720658528107,0.4097655744413256,-0.08010548639562509,-0.1367043002060279,0.6651932541150744,-0.10258929091446793,-0.12321929965620373,0.5919286393602342,-0.08578084115568603,-0.12579526581783113,0.4926492794398156,-0.07108902831350765,-0.05611852611098255,0.4086997726182917,-0.09308193590862034,-0.04225729185233219,0.6040275310105914,-0.09910219275276907,-0.03520530666751501,0.5283404941212394,-0.06115012125935803,-0.03811973790310573,0.44238067907714956,-0.03708181809953236,0.049163867792927356,0.39470983447314717,-0.10491048221274878,0.040584141327907435,0.5125148550577795,-0.10200832578348848,0.03695094391808041,0.44205979094479547,-0.0703952066883785,0.03470109539209581,0.3720178575916191,-0.04656051978527727,3,Show_Desktop
0.0,0.0,0.0,-0.14949327447620406,0.10361601546746722,0.010260617325785757,-0.22689568922969858,0.3086851633736666,0.00436112293436231,-0.2378663222981069,0.4890679482457149,3.845987195804693e-05,-0.21199049007004328,0.6114866035486074,-0.00784694180462782,-0.2815320712633269,0.3835317480538275,-0.0697946085496097,-0.27373005600842093,0.6836924792643635,-0.09766670530572193,-0.25881772294539945,0.8571153406584447,-0.10774818467345426,-0.24587260013306914,1.0,-0.11560890904126668,-0.18179282271085417,0.40148574456840613,-0.08679250732388863,-0.1516330087164652,0.6587765210137131,-0.11154278430860606,-0.13558638501822057,0.5910134656065783,-0.09346171514031729,-0.13988405223181982,0.494291130228678,-0.07844837910871846,-0.07407976286322851,0.4012707083383683,-0.09779556143527361,-0.055852202993036434,0.5957548907275271,-0.10829224489815766,-0.04786587096952659,0.5219345690030442,-0.07095188418470909,-0.05291507306427356,0.439614419802551,-0.04682345335954941,0.03273238690215342,0.38935490586887306,-0.10852704495231709,0.024236053582893772,0.5134149413054461,-0.10937483293270905,0.021963541386102865,0.44615038559475645,-0.07987229348149548,0.017982386538178758,0.3772849237327494,-0.05758616590255302,3,Show_Desktop
0.0,0.0,0.0,-0.15219877976702442,0.09863864703608372,0.01645318996022575,-0.22979920069015705,0.30482277956631015,0.012448113184146271,-0.2489274693438562,0.48317338436935,0.010918375691909168,-0.22981347562511598,0.6094769995470952,0.004746396570046933,-0.28604604920988236,0.3826510226837368,-0.08287934373042315,-0.2813883830579304,0.6818101136616462,-0.11094385684771856,-0.26569849924292377,0.854783970488086,-0.12323374674759646,-0.2515860678365096,1.0,-0.13407122509908084,-0.18415055413423023,0.3951486561446457,-0.10241615128973658,-0.149580410636528,0.652362941519052,-0.11572463530173734,-0.1345184797684519,0.5825642772203904,-0.09083169911632005,-0.13885330168431256,0.4851813918869056,-0.07749181745697278,-0.07294535021390053,0.3918802728041004,-0.11508939168411123,-0.05022369111463162,0.5811869622837473,-0.1125685048588236,-0.04408474812598221,0.5028876463126761,-0.07119220484842739,-0.049741659725058986,0.4212929832350261,-0.05135178005664319,0.035408615687461405,0.3767771032350319,-0.12739835087841658,0.0356595084837092,0.4976474474613903,-0.12076384955740833,0.030358316728507896,0.42850571855336367,-0.08977769703737044,0.024484829853589633,0.361829227655365,-0.07056483767849958,3,Show_Desktop
0.0,0.0,0.0,-0.14855735889993407,0.10526606121159203,0.014446022751714352,-0.22775181082400953,0.31275845209575703,0.008792857492274127,-0.24722513993078785,0.49067079442649925,0.0036966905423364534,-0.22830358338267753,0.614090756478612,-0.005789707673759091,-0.28340553282957753,0.3900192800094126,-0.07243797180116873,-0.2773064245985218,0.6832277441947683,-0.1030121780925005,-0.258117665498136,0.8569793000588571,-0.11599381620927914,-0.24133187873787296,1.0,-0.12650136617612082,-0.18602294340338182,0.40284628372426834,-0.0927876411113185,-0.1382704165277804,0.655893222044965,-0.11615313057066183,-0.1204939731019419,0.5847064476744588,-0.09736861853882416,-0.1295397119294551,0.4874243617122516,-0.08493646638455161,-0.07632654429586967,0.3985179440322403,-0.10704186341345,-0.04332496492521638,0.5865523802772059,-0.11726804638797814,-0.03576570934270094,0.5104097601675589,-0.07991626675420792,-0.04602716995840424,0.4285643514355589,-0.058242422488880764,0.03325810520933227,0.3830927976527174,-0.12064901459080324,0.04148031352810079,0.505255327555523,-0.12235585630717179,0.041712496459779716,0.43810121908851185,-0.0933034776314729,0.03469789562686794,0.370526448105798,-0.07267541746292461,3,Show_Desktop
0.0,0.0,0.0,-0.14823838219475965,0.09760896253102751,0.022865151681615892,-0.2214452435503433,0.29764081458132197,0.02222797993449607,-0.2487342505626754,0.46400334809117105,0.020669980265567732,-0.23875705601707403,0.581686214630662,0.01395965716981899,-0.270121424087876,0.40649742777958997,-0.06757383971846999,-0.2625620009781536,0.6931225092052286,-0.09740323165111545,-0.24753854356081656,0.8608415439988519,-0.11301828442245998,-0.2331387392473182,1.0,-0.12562420573813374,-0.17793511971643308,0.41785441298024045,-0.08844301212856988,-0.12973936962226454,0.6464405682439243,-0.1014935059259967,-0.11586434317767154,0.5734215558889825,-0.07786790306946466,-0.12565592003963935,0.4837124317687664,-0.06570549523157318,-0.07225827271240151,0.4077266045365743,-0.10285962976436958,-0.0439393734433949,0.5814096707789375,-0.10208353238523268,-0.03807421722958843,0.5055368039702939,-0.061489308435196344,-0.04599650826779653,0.4259047258318036,-0.041566593586213965,0.03244237310046937,0.38195600874843616,-0.1164594982142862,0.03549913794461955,0.4963561895966797,-0.11199719540867002,0.03423035531073669,0.4285353091273556,-0.08062382362509606,0.030331407753240884,0.36146596411791226,-0.05974569979871651,3,Show_Desktop
0.0,0.0,0.0,-0.1458613738409075,0.1095957972984458,0.019592288842009517,-0.2145277279537035,0.31555798920467076,0.015804509407878302,-0.2267894033128118,0.49305599917343573,0.010514852237627728,-0.21731238296588812,0.6098887471163295,0.0003863998734536083,-0.2674532544023713,0.42022988263120736,-0.06184121186179218,-0.24659667163456972,0.7008808075443986,-0.0915618397020653,-0.22265311019801437,0.8659541067967691,-0.10543765536490263,-0.20220244936321777,1.0,-0.11634573105885831,-0.17361501880600347,0.42801600135094375,-0.08264902029024798,-0.10926771294445188,0.6473577162384883,-0.09951109793285115,-0.09374019218730124,0.5712963060687481,-0.07780904699249543,-0.10776762101139692,0.48217901337778707,-0.06583987879777733,-0.06792686239427004,0.412621103052233,-0.09788104814179749,-0.027032345437204168,0.5768070122423722,-0.10357246977400639,-0.0220658773940784,0.5028535353675628,-0.06494901260370026,-0.03449225457068374,0.4265632646622113,-0.04464398910800001,0.03742689100183699,0.3830643481390917,-0.11235317881671943,0.044899159715213056,0.49181948569704975,-0.11236909698352432,0.04366514592914322,0.4244950486689705,-0.08268834701532593,0.036141772435970436,0.35940394606668175,-0.06201207177053682,3,Show_Desktop
0.0,0.0,0.0,-0.14894934121416406,0.11370319230498883,0.019432060867028984,-0.21828884690946063,0.31941548871187253,0.01429111502308431,-0.2208498528920713,0.4973025852328616,0.00860305787027861,-0.19615102354674438,0.6149798766989046,-0.002867566996954416,-0.2718323709289332,0.4169151701418496,-0.06897100338412497,-0.2489913599284027,0.7006119231602033,-0.09383853606389359,-0.2296555384724394,0.8638013797582376,-0.10385989687340229,-0.2139141485963331,1.0,-0.11284399580958349,-0.17188440285410456,0.41927874049646574,-0.0910709810877591,-0.10669005533996195,0.6452327852326071,-0.10539828777869131,-0.09309797007605657,0.5734182627107318,-0.08218955115315188,-0.1063156913662503,0.4825065103549754,-0.07021874775986138,-0.06249233628718342,0.4014748837413882,-0.1067376696524318,-0.01997267864282523,0.5777337020495543,-0.11060684577873063,-0.01494811162580461,0.5058558190969187,-0.07230067445863161,-0.027010636490884372,0.4302406607361492,-0.053090623634514646,0.0437529231716591,0.3724504321308664,-0.12125603880303006,0.05442986290245365,0.5018061258505042,-0.11827224691036489,0.05305064209715106,0.43752003879694945,-0.0866542605246546,0.04623755720647821,0.3718410122733963,-0.06589865008579733,3,Show_Desktop
0.0,0.0,0.0,-0.14516741716360534,0.11495714013481322,0.016580157656030894,-0.21808268306079354,0.32013096268567454,0.010003646835441613,-0.2246957405997647,0.49437544459459215,0.0022000496274325507,-0.19458971938149872,0.6139176669358481,-0.010997443249501283,-0.2714753999055177,0.42044019649731323,-0.0663486483506182,-0.2499989132716455,0.7025188400135344,-0.09427259352650483,-0.23145238650454455,0.8659967185010384,-0.10682902978385725,-0.21527794234506445,1.0,-0.11739741044783285,-0.1754202518769902,0.4253579578032494,-0.08877533432552641,-0.10212259782202811,0.6432450297602312,-0.10869770300912819,-0.089121120011689,0.5734992246368469,-0.08951887561846954,-0.10522138619703549,0.48639381044400637,-0.07977871341970538,-0.06781759846495063,0.41042196329886976,-0.10558721477643314,-0.016443111453317585,0.581354938521323,-0.11490986295254539,-0.010984509984369341,0.5109913108005234,-0.078591778194184,-0.025043689985426623,0.43765523563986636,-0.06017852901943149,0.03808751514583825,0.38322024113590736,-0.1217774866085604,0.05662597908966378,0.5079371133438042,-0.12365136561320697,0.058193532157413796,0.4436814598674023,-0.09384361627250053,0.051344619509760714,0.37753069236374914,-0.07370871332014704,3,Show_Desktop
0.0,0.0,0.0,-0.14588550997822394,0.11229416300324653,0.008126904571351882,-0.2262414462612455,0.3240752467228032,-0.0022671563277074564,-0.2499493769508977,0.504357261326297,-0.011582717276593884,-0.23729354392333088,0.6323245467379865,-0.025568410242459302,-0.2831979305325828,0.4113843348584161,-0.08445143804629347,-0.25333889255305586,0.6994705911569351,-0.1197392408701186,-0.23309547457534302,0.86517613920256,-0.13628812257123418,-0.21673931245196823,1.0,-0.1498642621134037,-0.185365686614813,0.41046753056733615,-0.10747525889715974,-0.10003765420926938,0.639705252868321,-0.1354178554018133,-0.08831475692658448,0.5679385374629666,-0.11738642765070352,-0.10766811486557334,0.47929336874140277,-0.1090545936699659,-0.07434647447784677,0.394668469616053,-0.12581790696586387,-0.012129155211329828,0.5783254956636813,-0.14398116336301123,-0.007760502814584929,0.5024826165897286,-0.10665027300156901,-0.02559552304045641,0.4270881636306752,-0.08720815669067401,0.035187511877490384,0.36806685327268285,-0.14426724903603033,0.06555454914779935,0.5018526408675665,-0.15489754101958925,0.06616796890421722,0.43446490764954954,-0.1267839104222401,0.05664460949783209,0.3678340792243997,-0.10753691041275934,3,Show_Desktop
0.0,0.0,0.0,-0.1426646627323532,0.09254431722820507,0.0016356016235080006,-0.2339042140301235,0.3181019929996394,-0.012345448084587228,-0.2564841926912402,0.5338254133854017,-0.025903554584442434,-0.24449179352219655,0.6893380716263547,-0.043559505134967286,-0.29768111946609604,0.41179652159045965,-0.07931144767882603,-0.26834584904884606,0.7060497834313362,-0.1184372045894858,-0.25252715205773507,0.8716343709244552,-0.13643481594494267,-0.2411259795727668,1.0,-0.1507338773328338,-0.1995526495681494,0.4150591759120864,-0.10086162333859655,-0.10892414343492128,0.6494169965063272,-0.13946683085139797,-0.09655682002719569,0.5701025502834782,-0.12652321856950108,-0.11830863763328298,0.47828426977625527,-0.11883391621550929,-0.08981824087026201,0.40287509949912487,-0.11904236152079228,-0.020936597723004494,0.5875411862040896,-0.15175998285648096,-0.013632748175442655,0.5007755829221492,-0.117666936791529,-0.03435267370528381,0.42103193348799633,-0.09665725842180312,0.01844494145118013,0.3836723230187509,-0.1372411433941593,0.05006902451368555,0.5031292493262456,-0.16203967338055553,0.05609546946578546,0.42203794322034927,-0.1403497423074558,0.04316154457546005,0.3544410996239517,-0.12274485854580172,3,Show_Desktop
0.0,0.0,0.0,-0.1507931765083258,0.10722374837956432,0.016193709147511285,-0.23801901086258953,0.3329856708834298,0.005125437625924708,-0.26617921941807005,0.5523208867926834,-0.008461207713987569,-0.2738075734078266,0.7136285154990845,-0.027378650274327312,-0.29864161957415075,0.42100705489840023,-0.06878394994723717,-0.27450767210547206,0.71410614521998,-0.10034949626603545,-0.2595847800627607,0.8740416194691771,-0.11065877200767181,-0.2525104615530194,1.0,-0.11930445105954457,-0.19982010530198233,0.42494281377592086,-0.0962266032635658,-0.12637572543294284,0.6683685630866008,-0.1248172690441556,-0.11103668818599756,0.592567601663711,-0.10648948443851391,-0.12887724548765508,0.4984619498194867,-0.09512138158601474,-0.08866217264837283,0.4107206952609159,-0.11820356891419083,-0.030508617167481798,0.5914250393894558,-0.13912749974530927,-0.020190165611544873,0.5027510197244579,-0.10043336264638422,-0.03954129251401266,0.42411892125265555,-0.07812023321270385,0.01956482308842576,0.38919766529793637,-0.13888323938117547,0.047267046975895295,0.5039583656845615,-0.15145135878950547,0.05405148848391254,0.4230234471204289,-0.12378044889139057,0.04010889957636418,0.3594483069301073,-0.10349227358613682,3,Show_Desktop
0.0,0.0,0.0,-0.14664746362690279,0.10803652765255256,0.012662119067826886,-0.23442350854086308,0.321093562375209,0.0012136427790262608,-0.25299140567069134,0.5224914556309277,-0.011275310839933663,-0.23296903750874304,0.6624284706733413,-0.028370152496661846,-0.3027333946490542,0.41016740477316005,-0.07329737434669817,-0.2751296336658367,0.705071431451342,-0.11154469256301838,-0.25890197918498786,0.8715009574251137,-0.12827563799183206,-0.24953925559832205,1.0,-0.14076877393743326,-0.20948107967868848,0.41013760393043897,-0.09965675841294719,-0.12394265441365089,0.653506332094748,-0.13640148965317062,-0.10565056116155504,0.5813256232904688,-0.12298762270750573,-0.12580469579475048,0.48816687420129357,-0.11403075299971176,-0.1020204094869522,0.398119537607787,-0.12132336798567907,-0.03198200145965696,0.5799758204142784,-0.1512666594653844,-0.022723726905077304,0.499802642458254,-0.11776054211200308,-0.04700936856688916,0.4220057895441114,-0.09633755260248406,0.006949585739069664,0.3795420720701243,-0.1418926692610967,0.0393429556943275,0.5046382674374372,-0.16157888318673835,0.04860619705602734,0.4277742977665145,-0.1363279096925428,0.03564414521541627,0.3602964248922349,-0.11592400126819515,3,Show_Desktop
0.0,0.0,0.0,-0.1494255369024219,0.10546443855649426,0.0027874358199638832,-0.2584536326906873,0.31191901069306066,-0.012490385148021246,-0.31218356557611265,0.5115032133794044,-0.02315216585865774,-0.32709980553052503,0.6544587942713498,-0.03675138776066858,-0.321930540391771,0.3887855587949727,-0.10802390989755581,-0.28974974421138844,0.6924612900101957,-0.16310086433219248,-0.2609936878368766,0.8647281493408584,-0.19159911771787574,-0.2377923887276641,1.0,-0.20989486724751866,-0.22089803028220828,0.39174400756331523,-0.12929694635345743,-0.1143778342101843,0.6637701413481079,-0.1696451284824095,-0.0916870678321406,0.5840418345873951,-0.1502096144439158,-0.11340317403190146,0.482489465925913,-0.13919576418257648,-0.10577524951046902,0.38914680378756644,-0.14703244720151026,-0.01993457601013933,0.594228167470254,-0.18041693639198875,-0.01021289282035649,0.5105012471979639,-0.14359254361109913,-0.03823541743791204,0.4289597024570777,-0.12135065696324226,0.0066757955260829775,0.379000907663482,-0.1641152152035897,0.054228080926637424,0.5105149748061087,-0.18672374649425494,0.06067722170519872,0.43266585822991743,-0.16126776235382032,0.04367945855926067,0.3635082573801188,-0.1413990732672837,3,Show_Desktop
0.0,0.0,0.0,-0.1480850124664847,0.11146501408352218,0.0014454660587499334,-0.2534462200292669,0.3187775196830607,-0.009805727456702244,-0.3086772997805345,0.48974149980952464,-0.01784393893497312,-0.3258659709035233,0.6156486978842303,-0.028400829654197875,-0.3234771258397487,0.39953907148543827,-0.09163073632491442,-0.288954395901757,0.6915958484384298,-0.13928842661271065,-0.260877963931324,0.8605886453377969,-0.16453344967006234,-0.24144095518839578,1.0,-0.18260672040510784,-0.22678491435164447,0.3978102981977316,-0.11396075800924103,-0.11111443744942205,0.6491127781650412,-0.15213778318476606,-0.08561004194828248,0.5719544519881913,-0.13920908616004216,-0.10997588283325357,0.4785877290165717,-0.13314311066762877,-0.11249831558598306,0.3944864849903233,-0.1335216212595883,-0.013821736916746609,0.5784397919411807,-0.16350373551421052,-0.0018097708395702176,0.4953650025020377,-0.13295123314874693,-0.03242466025824525,0.4178292219063415,-0.11532201036833115,0.0012280743924637314,0.3844257441103781,-0.15367917679426318,0.05332771012199892,0.5069626573606889,-0.17426522904496808,0.06163170733661548,0.4323895516071677,-0.15305465070642307,0.044835495574634655,0.36433733149486375,-0.13632562430136685,3,Show_Desktop
0.0,0.0,0.0,-0.14373714935603812,0.10502148099676974,0.011382289267396407,-0.24815728822562902,0.28666080852324766,0.003309986048800975,-0.315466215293206,0.41765861669225707,-0.0050685249202629965,-0.3310613282677164,0.5234794739254602,-0.01767320023920907,-0.30320353079898427,0.40016887014959035,-0.07930169110228968,-0.28809736023750054,0.6898971597462472,-0.12243967941213438,-0.27518309379591605,0.8609724498574418,-0.14535710906102897,-0.26956266931258177,1.0,-0.1627804267875974,-0.21864516002589363,0.4007906153478482,-0.10493462142499753,-0.10987258538063648,0.6313440022137697,-0.1382805433556809,-0.08506866693792757,0.5587387596629383,-0.12366455840510315,-0.10908746935517227,0.46952234582371805,-0.11794308752942674,-0.11097617945107988,0.3963246097894374,-0.12744652175387455,-0.02199597320893944,0.5750422029115402,-0.15550000405351566,-0.005249220222412488,0.4974327232498187,-0.1235879097711436,-0.03151309175122118,0.4261607738599656,-0.10567557650226155,-0.0017866947405124256,0.38478290693596184,-0.1494879265323762,0.04513656601834141,0.5249268487741923,-0.16931951965681913,0.058692249436392584,0.45536787980353377,-0.1450688791173941,0.04743443447513502,0.3893395928102795,-0.12652772539173482,3,Show_Desktop
0.0,0.0,0.0,-0.1457746731576618,0.10675603746277047,0.00904162955422003,-0.25738019269643436,0.29867050225470376,-0.00047925971285780073,-0.3220723239596665,0.43901459875841775,-0.011088955411892133,-0.31772245015131034,0.5492391122328146,-0.02666108743018095,-0.3088673552384484,0.4142952406014138,-0.07359177052094923,-0.29374431838570386,0.6990122962094661,-0.10993330992443953,-0.28037854502828846,0.8645467267921008,-0.1279457560238618,-0.2721559782543689,1.0,-0.14365003697071776,-0.22072824838821573,0.41362271688814994,-0.10066799872149226,-0.11626586366517948,0.6473610396756098,-0.13518117969286889,-0.09633685394064806,0.5719406002176955,-0.12258432125178424,-0.11941243137207995,0.4819572862217863,-0.11756728762260825,-0.1080719292369891,0.4051777448177697,-0.12456036427655608,-0.023979477411097686,0.5891539478248389,-0.1530358862374905,-0.011012015119074674,0.5088885865339761,-0.12058128121434539,-0.0341031422317381,0.43631463583842683,-0.10249767476481607,0.007208024831644798,0.3903620384435965,-0.1486134877440154,0.0521875710201787,0.5290868748729113,-0.16919876129879213,0.0629928052821071,0.46002670358719183,-0.14608184264754756,0.052280869107567914,0.39697364329031254,-0.12901916061161584,3,Show_Desktop
0.0,0.0,0.0,-0.1452302581581414,0.10457069156288873,0.006772663470468821,-0.26061779935522233,0.29712213054254133,-0.003572953837905697,-0.32904654579444237,0.43184244412328854,-0.014410591301272134,-0.3206203959561908,0.5315622538077117,-0.030341903222306114,-0.30825524437773744,0.4097705871597633,-0.07955022444490685,-0.29410773737672324,0.6961253592226729,-0.11999593459505598,-0.28146368330093574,0.8634689540714598,-0.1411372305684826,-0.27159315545568474,1.0,-0.15869276698146853,-0.21778548871429468,0.4070645216406625,-0.10708395629808778,-0.11388820629530481,0.6521450185168797,-0.1460605147865246,-0.09600348070316674,0.5733588441142439,-0.1338589984853662,-0.11908103386647512,0.47903424413529816,-0.12812455723900373,-0.10308790362806851,0.39787024811914895,-0.13172691056212138,-0.018638997741975433,0.5936445271243722,-0.16460549992495233,-0.007335023370157448,0.5111747433086237,-0.13106320685076397,-0.03088218095313824,0.43497873078324356,-0.11077349004948285,0.013111412300850514,0.38302290175099857,-0.15666009188797816,0.05574119106116373,0.5334592400285058,-0.18022231769313038,0.06542438627599054,0.4639067224262016,-0.15609178593351092,0.054893177722960644,0.3974037883719297,-0.1377284430658302,3,Show_Desktop
0.0,0.0,0.0,-0.14556278640928236,0.11053409529007964,0.0008026589649813545,-0.2359569447543118,0.3422204302747084,-0.021433862792076475,-0.2409794378551294,0.5560667067389337,-0.04269345690866866,-0.199318972729021,0.7058711204646612,-0.06920021710362396,-0.3298661312560965,0.4109560918852452,-0.09232474764826162,-0.2959297918184346,0.7013030631735967,-0.13707425924863947,-0.28316656849866967,0.8658618098515585,-0.16033748951211715,-0.2778939507883982,1.0,-0.18045055730781137,-0.23200936857800913,0.40986049477274283,-0.11911535568805452,-0.11515513612846956,0.6493524685955495,-0.1645890229405089,-0.09412972485689158,0.5690183914798833,-0.15559202790767873,-0.11682230646589475,0.4768793988797678,-0.15321160807571055,-0.11272272336037054,0.40221350467598677,-0.14228527981138814,-0.015046346263633452,0.5996640148728289,-0.18125293350669622,0.00026484226148875014,0.5116036987648342,-0.14921427491425926,-0.024230764934492107,0.430306558880118,-0.13095804647939324,0.007854244827462324,0.3899324920169946,-0.1654484583442058,0.06646846392092137,0.5266206851995366,-0.1962619761830567,0.07970665228814959,0.45035637850963167,-0.17735739743848603,0.06405325948443234,0.384551416532497,-0.1628830583818226,3,Show_Desktop
0.0,0.0,0.0,-0.14431080534267343,0.1334633833759728,0.005313833726425042,-0.219423653364401,0.35547326909984506,-0.018479293456929367,-0.21103558566679165,0.5580105690031296,-0.045083408733968114,-0.17527968107038547,0.6933376925851542,-0.07705023538779565,-0.31466275672624844,0.42972823498753554,-0.0798382795722176,-0.290799272313411,0.7017218317180385,-0.12720745800311684,-0.2788856815310461,0.8663858761405023,-0.15258116636014887,-0.27178814734562157,1.0,-0.17486458567812385,-0.22756451248912551,0.42270076020637476,-0.11187436082017421,-0.10335042549993533,0.650889550730793,-0.16575729963103258,-0.08362706629773078,0.5584085180595393,-0.16261961318607956,-0.1116651599893434,0.46244910508023074,-0.16102719857525263,-0.11590888290680033,0.3961468637176532,-0.14020576915679225,0.007386720199908653,0.575291452214321,-0.18126285353028584,0.019670905588005015,0.4801855562971328,-0.15212061489733325,-0.01435010117509191,0.4004415124741388,-0.1358074772239835,0.00028460268897160216,0.3613367247032078,-0.16914732360837262,0.10069507950178233,0.45125953422645615,-0.2036339926059877,0.10577194914574815,0.3728686626976523,-0.19231910781260328,0.07030719484618869,0.3158337600191132,-0.1827708039995238,3,Show_Desktop
0.0,0.0,0.0,-0.14563498373499065,0.12229121877259029,0.01054548705713228,-0.2239070406601763,0.3268951493658289,-0.012833570650498895,-0.22359752433883792,0.5122414438540327,-0.039697244883543856,-0.180511312161439,0.6380966477182046,-0.07331188173435171,-0.3147668770008543,0.4175948733535492,-0.08317335961170931,-0.29493208830515316,0.6966709245941962,-0.127207694726644,-0.2862263183341626,0.8627418334632031,-0.15145917864470404,-0.2839022321554306,1.0,-0.17313600201855517,-0.22847416668231363,0.4122895289014899,-0.11631050152626286,-0.11381787942300291,0.6410129955781706,-0.16132874281931936,-0.0908416467559169,0.5590711165823296,-0.15324250973856698,-0.11299113345757016,0.4675877735478844,-0.1514362858054155,-0.11744428119455111,0.39149281922134493,-0.1448210895515311,-0.011063521550550617,0.5856195489921796,-0.17767432175272904,0.0048251540833857505,0.49819248335946376,-0.1438327001541814,-0.02190334054657942,0.41684880699794397,-0.12700844359478244,-0.0026848707248608205,0.36313892383375423,-0.173576292652914,0.07684916198822724,0.48898121896035374,-0.20169154142188986,0.08868559420092567,0.4121250891876414,-0.18238470909113513,0.06709653740717444,0.34428688613085234,-0.16830531038013125,3,Show_Desktop
0.0,0.0,0.0,-0.13549630277536578,0.12180718079594052,0.005955746424423446,-0.21162821250376418,0.32311446953711054,-0.022718057330052735,-0.2091499684206286,0.5084637028774112,-0.05377735744213592,-0.16730618640580255,0.6324510629406591,-0.09133960141034439,-0.3025936902814859,0.4168758493878559,-0.09350496699521198,-0.2914805589289201,0.6950889782327878,-0.1406160412107192,-0.2851477965026623,0.8633481386082544,-0.16433268282663552,-0.28293033171755444,1.0,-0.1849271192571306,-0.21960131838666588,0.3989777773196289,-0.1251101640992531,-0.09157008803695624,0.6318372409652621,-0.1741404372346793,-0.06754264238662991,0.5484950431828438,-0.16344932676741353,-0.09498368685487373,0.45893610673249974,-0.15919378805857592,-0.11011700122376918,0.36991993044715643,-0.1527024525183786,0.0028001423868126824,0.5725442021641246,-0.19026289618094816,0.01635160038581007,0.4909095348792494,-0.15328442644732101,-0.013632608831857155,0.41456677920313245,-0.13280682711120795,0.0031939066983286512,0.3380136162324476,-0.18040041979236787,0.08130004803983087,0.48718931750906713,-0.21104500305103877,0.0944246234144425,0.4195245833288554,-0.1896272512113092,0.07556473120468118,0.3582135938172716,-0.17317529064008627,3,Show_Desktop
0.0,0.0,0.0,-0.13719794256946352,0.12477281852955473,0.008935377862687579,-0.2126556515940273,0.33028927773903366,-0.013260065715187236,-0.2136276301978768,0.5125400355976341,-0.03817035733114899,-0.17625393018073549,0.6360221170260478,-0.06874323859243468,-0.2929923321850983,0.4172833440173198,-0.08385065503280044,-0.28005707714307854,0.6944875913128623,-0.1276017080218511,-0.2737157349291217,0.861987256704495,-0.15044576430591367,-0.27136562480187665,1.0,-0.1711829711126697,-0.2143931935961829,0.40559655975635817,-0.11458888217493972,-0.09156719405641614,0.6294987214438175,-0.15983607850904089,-0.07088333380295911,0.5517135764116364,-0.1492124004322289,-0.09949198231389317,0.46772981137480596,-0.14582777442458808,-0.11119219493696449,0.3827108150120576,-0.14147148167396642,-0.002719280016718678,0.5639379354311517,-0.1745892072440334,0.007285803682335731,0.48490637423069427,-0.1379186525895723,-0.023469988564612288,0.4141613598953674,-0.11876511196342027,-0.005454483282496343,0.3558338381810454,-0.16876371959636546,0.06416475000645736,0.4830196526647741,-0.19542793393591898,0.07271443406571473,0.41053951783521303,-0.17408900075544884,0.051902307271450746,0.34912405986789424,-0.15870396852150945,3,Show_Desktop
0.0,0.0,0.0,-0.1356128643725704,0.11891363207058302,0.012844082037506291,-0.20818092284198747,0.32321002697570544,-0.004420758182343952,-0.2090882861497582,0.5029742369423709,-0.025297204180540205,-0.16521470483355222,0.6240402310998792,-0.0518664552431441,-0.29327962687218245,0.4227524002639602,-0.06900617173620871,-0.28116222429242205,0.6947110753803212,-0.108746454085244,-0.27035671813344747,0.8604983625448156,-0.13075833990780394,-0.2634525009178298,1.0,-0.15093240698579108,-0.22393290210459688,0.4141104545936283,-0.09835436473868611,-0.09975236161849549,0.6285274965409381,-0.1378064803729431,-0.07331110535983319,0.553967805985714,-0.12802012940947066,-0.098342021731633,0.4742947641836175,-0.1254752743211804,-0.12545064417890978,0.39740595245553867,-0.1238662451450256,-0.01751737435686042,0.5719107196078305,-0.1532526810553283,-0.002925271381920832,0.4915976854879839,-0.1199300526865124,-0.030861258097249555,0.42014456331503136,-0.10294668838801248,-0.02167337204515898,0.3757232118128646,-0.14950935910874455,0.04767972044105015,0.4972522196256894,-0.17597357026112304,0.06077723934365948,0.42118652701991355,-0.15645579905632723,0.04333386226873471,0.35532997078754186,-0.1412813517450269,3,Show_Desktop
0.0,0.0,0.0,-0.13693115021066948,0.12488229525378658,0.009590578793389065,-0.21507612414709415,0.3320992308569038,-0.007542569099175649,-0.21194442825644763,0.5137667677460741,-0.029342467052172142,-0.16923144703918183,0.631986279978932,-0.05581008665238748,-0.30363812928709216,0.4299340971300929,-0.056477479286245615,-0.2933907712111486,0.698399863789979,-0.09880981490278641,-0.28694061374225616,0.8640317797841726,-0.12170826439394015,-0.28632926002403125,1.0,-0.1416161697544985,-0.2389932570587668,0.42124739292413693,-0.0858468211055438,-0.11165604287933897,0.6359994951800823,-0.13380728269896677,-0.0870202857006664,0.5558630906575383,-0.12999773234896345,-0.11705780755354116,0.4787569317882347,-0.12824913399413707,-0.14308911331387383,0.4028196977313384,-0.11280988319935147,-0.021801339216808588,0.5771862065693338,-0.15302350115131355,-0.009358987006486406,0.49685721604782146,-0.1272391994593785,-0.044491491552039075,0.4313127005014382,-0.11097504845898855,-0.03716364586367048,0.38323044520887806,-0.1397864738333506,0.04844024127916593,0.5179727162958477,-0.17173570089968454,0.06428777033964905,0.44656442123228957,-0.15595724198994085,0.046155658554601554,0.38433365207519515,-0.14169754360142298,3,Show_Desktop
0.0,0.0,0.0,-0.14530766596410455,0.108376136583073,0.00954827443596786,-0.2290601157741476,0.30676445534620606,-0.006394368922023478,-0.22854572996528238,0.4827950520809916,-0.027066327202514784,-0.18496886937084747,0.593191391300067,-0.0512312842349156,-0.32606565879562394,0.4156667133551169,-0.05471194725307548,-0.316296748334876,0.6909315534619079,-0.0994134409761207,-0.3175816459827688,0.8602315452469761,-0.12568071424209568,-0.32625960129689235,1.0,-0.14893195299743137,-0.2677522163169885,0.41172598462207427,-0.08356077524596643,-0.12188154555941781,0.6355042345001839,-0.13396400228153588,-0.09636541845933297,0.5511121935651326,-0.13249450680790237,-0.12752050951476576,0.4678697858615688,-0.1322448010746877,-0.17608896999842866,0.3956475797271332,-0.11011860981430835,-0.03583821186995168,0.5689507885953579,-0.148309736681967,-0.024579563901425086,0.48494190793393244,-0.12412454475966839,-0.06337705638110457,0.4186399395356628,-0.10999228999557943,-0.07357957502739962,0.37426848622581493,-0.13778786065367168,0.028584609911902096,0.4901522170485594,-0.16846598270500265,0.03958621738660612,0.4170124990417183,-0.15710033296256898,0.011604391437389035,0.3575688556843747,-0.14658569643825026,3,Show_Desktop
0.0,0.0,0.0,-0.13812845899620577,0.11345568187519715,0.006700075972926119,-0.20359986472862582,0.3257914186350415,-0.017841358696601094,-0.16491799665580786,0.5121056814431897,-0.04679022644116921,-0.09863957075743329,0.6231894910331177,-0.0799176539249352,-0.3238589054690471,0.4168328884667511,-0.06285462108736954,-0.3123376466873596,0.6899035623028208,-0.11063551268700811,-0.31041119678331824,0.8581584751745045,-0.1410457556434304,-0.3143901366492505,1.0,-0.16816976746436588,-0.261225106330667,0.4097473605483857,-0.09306754276260637,-0.11987811630821925,0.6349564635054536,-0.14622229395741004,-0.09515508990377451,0.5449670454133773,-0.14733780152292092,-0.12981648476628171,0.4596780195688748,-0.14998065424825865,-0.1662658597879768,0.39324028146268314,-0.12060768383045897,-0.03272797220721986,0.574224406478656,-0.15823193901557112,-0.019022802260808484,0.4877692637790281,-0.13203605154425602,-0.058325699939170327,0.4213086368589635,-0.11837031174823326,-0.06102104724963617,0.37599530339729115,-0.14935277505147715,0.0360084242961576,0.4951964565084494,-0.18012703162356047,0.04491277921889725,0.4160528498164878,-0.16664984032658478,0.012679114442401967,0.3551634511420078,-0.15576394508065206,3,Show_Desktop
0.0,0.0,0.0,-0.1360070152351437,0.11861461947608326,0.005348524483028215,-0.19371293489015456,0.3420131988175855,-0.021589651502327358,-0.14277741732699484,0.5378047303916472,-0.053373482434824066,-0.07050427506179302,0.6449316882916752,-0.08883292163183892,-0.32466964736702425,0.42511319037875667,-0.05818618515017014,-0.3093335282009762,0.6978835050247723,-0.10603240530392805,-0.30675884456533303,0.8622437622989816,-0.13678488512717737,-0.31051546109638734,1.0,-0.16419882971097802,-0.2633690082786134,0.4133809250668685,-0.08826376886885627,-0.11701796859043428,0.637800725005473,-0.142346142158006,-0.09414965957275065,0.5486237065048695,-0.14451381855399012,-0.13137704870916495,0.4673106981112923,-0.14784490102336267,-0.16825121476330307,0.39397054848718704,-0.11637998415499984,-0.030501321471682837,0.5805058160653288,-0.15592163994189617,-0.018307443047077657,0.49429568800304285,-0.13208181457061827,-0.0605103014863346,0.4295403651199965,-0.11941781923154246,-0.06266847082305488,0.3767507512392237,-0.14564827348208273,0.0366942294309661,0.5003919774866722,-0.17796822372968285,0.0443531545932301,0.4228279799767382,-0.16710332708699144,0.01065073460616964,0.3636029946835378,-0.15802408549004704,3,Show_Desktop
0.0,0.0,0.0,-0.13328109187705833,0.12083370749821837,0.009080108956930599,-0.18868880605076102,0.34100840249929126,-0.01752119976465957,-0.1356938907888682,0.5352502364990017,-0.0498964695557236,-0.05528935940904685,0.6361933769867965,-0.08642174706357954,-0.32477948386757954,0.4277736986468743,-0.05531402780659329,-0.30968496426734915,0.6967764709502977,-0.1026114310142524,-0.3074062139926107,0.8611946650326666,-0.13385928985330545,-0.3108646841401477,1.0,-0.16182504322080857,-0.2667336297408222,0.4145914582616104,-0.08655224544048862,-0.11690112929278129,0.6378070132930161,-0.13814664526967804,-0.09177309600217357,0.5484257400024483,-0.1387399789107644,-0.12813311894738058,0.4684335364120424,-0.1417103983344808,-0.1724026239236013,0.39424056317882217,-0.1156801587686667,-0.031671995310517814,0.5822260540789408,-0.15147191042148028,-0.017383375197694947,0.49830548283423376,-0.12638648982225456,-0.05906385055820042,0.43485033366321085,-0.11393607193270985,-0.06664513926704103,0.37788846678751714,-0.14590747570672635,0.03684791098864276,0.5062070796513021,-0.17452657263843652,0.049218510225859324,0.4348270607987507,-0.16253735363978672,0.018742541104357132,0.37889869283822764,-0.15354241066481186,3,Show_Desktop
0.0,0.0,0.0,-0.14070463628078964,0.12071383430136327,0.009802181526193224,-0.2044561400259736,0.34461001395907653,-0.014266224700681509,-0.16478485351457756,0.5449421304066343,-0.043986244757690716,-0.09830893774437065,0.6549300850122421,-0.07773916061509362,-0.3316599031892902,0.4247962275769312,-0.056403929418370954,-0.3161520559350768,0.6982310014962216,-0.10283252978366818,-0.314091645311363,0.8618157911185086,-0.13225341523204467,-0.32244864888639907,1.0,-0.159547943258614,-0.27634403374871036,0.41317724477614937,-0.08781951018617418,-0.12078197064504206,0.6373303825589479,-0.14191126931532536,-0.09636045437604317,0.5462329398710271,-0.1435944511359624,-0.13366591276850387,0.4647640962366052,-0.14736362364591857,-0.1831122181659363,0.3928090307277162,-0.11688621011078436,-0.03220510968562369,0.581976355222616,-0.1561665228743497,-0.01833801336645238,0.49463991524240103,-0.13367786414174743,-0.06137371511291882,0.4276403604821553,-0.12286737345975896,-0.07782219886706931,0.3746455636912768,-0.14682637474917945,0.040047965516682604,0.508623375781581,-0.1791643908163929,0.05286276815663797,0.4372806885551777,-0.17133598405708242,0.020970638097244376,0.378304091807357,-0.16542135588629248,3,Show_Desktop
0.0,0.0,0.0,-0.12799057477412557,0.12608202304802835,0.004837117195648685,-0.18478642717375648,0.35220412484223956,-0.023377460004890608,-0.13884841726373662,0.5618135999221642,-0.05677949937385808,-0.08100771470042283,0.6829897950408966,-0.0921728679145778,-0.3260535066535454,0.4249559844028916,-0.05127502953975874,-0.3102871632999654,0.6980200885550895,-0.0991669833343408,-0.3067506416188759,0.8628407247104868,-0.12951026184298378,-0.3127695177307976,1.0,-0.15731867230066504,-0.27356092633834983,0.41216667931855744,-0.08266831315752542,-0.1176922156963583,0.6365928422475196,-0.1403725719519769,-0.09366008915993634,0.5405747664886085,-0.14559585860466995,-0.13134762798431246,0.45709733651987877,-0.1506184460482004,-0.18550846319850084,0.3889184099673887,-0.11260595473714732,-0.03356732458026143,0.5745063738800212,-0.15449918443800317,-0.018060561368212637,0.482859233637554,-0.13135507362332474,-0.061374627679292436,0.42108817156147194,-0.11935167815622484,-0.08520933889772145,0.36819927140382985,-0.14408289166398422,0.03122025882866504,0.49911235657987163,-0.176855982344744,0.04350399741198828,0.4216598741032495,-0.16696471121767745,0.008820531681836462,0.36496601325378475,-0.1591950819873192,3,Show_Desktop
0.0,0.0,0.0,-0.12707520071393938,0.13060864480848355,-0.0008460119675439294,-0.1738684742449133,0.3626630075410468,-0.037063927499515634,-0.11177892844816464,0.5751655479535958,-0.07623327790147139,-0.04164576502942221,0.6886089997287639,-0.11833495868033354,-0.32989401453185846,0.41990632340317313,-0.07120860290737509,-0.3103094715429546,0.6976692481450136,-0.12379759284089817,-0.3054853659040228,0.861207228884611,-0.15749437013059586,-0.3108337397217121,1.0,-0.18745939977016549,-0.26765840956899856,0.40157591746349064,-0.10135473640335692,-0.11812425408131152,0.6419351197654111,-0.1595851839988186,-0.09535703412094274,0.544879638397406,-0.1625227373591265,-0.13197561576572653,0.46105852256592766,-0.1671245520481994,-0.1700487340012231,0.37931592609274223,-0.12962148375771812,-0.02273508150978678,0.5785177280816931,-0.17235438621845214,-0.011580555026383804,0.48433033172625556,-0.1463832868365817,-0.052544270715676716,0.41830227315105706,-0.13280801307365198,-0.06124315563564809,0.3633588748623442,-0.15937195624728204,0.04530077630660268,0.5036284621223519,-0.1929920068676706,0.05665147154512821,0.425515880353672,-0.18041413128756767,0.027808842359036797,0.36710230569317903,-0.171001796053408,3,Show_Desktop
0.0,0.0,0.0,-0.12444374810559523,0.12775421687954217,-0.008929434420089259,-0.1712593528466608,0.3610817279901573,-0.05110303939047601,-0.1053551316744629,0.5773010133931618,-0.094608118425821,-0.031794270128209595,0.7052090978796103,-0.14071185775785036,-0.33352029727798566,0.3970158489707836,-0.0834346126210953,-0.3219157420377309,0.685860037561307,-0.13953216498751003,-0.31877925676404506,0.8576433904526023,-0.1751285097550967,-0.3228254738260725,1.0,-0.20570867185579716,-0.26340054394893814,0.38570479600093005,-0.1130170074341401,-0.13955875446335617,0.6364289871389606,-0.17621510958689746,-0.11436075144779398,0.5462323576973238,-0.18319386333215418,-0.14562760562495033,0.4596778435883778,-0.18982632007558234,-0.16428467921184867,0.3707031218272397,-0.14043185780643214,-0.03885115324416603,0.5796068261348419,-0.18729594944138592,-0.0222072630824092,0.4896619110417505,-0.1595110425403972,-0.05740506645721847,0.42011982544262744,-0.14396381964574745,-0.05700980813005464,0.35938083432072004,-0.16980297880747794,0.031794270128209595,0.5105947373938441,-0.20668135120853298,0.04758258959561969,0.4287321605236144,-0.1890881616757508,0.024131557031631976,0.3617417570192892,-0.1751338423645615,3,Show_Desktop
0.0,0.0,0.0,-0.14305164686929783,0.11539210354698487,0.0011706147162975993,-0.22173284860337608,0.3289505137752066,-0.03367944148072471,-0.19496369282837295,0.5312650090502606,-0.06991272292662919,-0.1396217701036187,0.6599943348955066,-0.11240187578856824,-0.3435415247035884,0.3891101906739498,-0.09489629119589585,-0.32403182705475314,0.680864169970701,-0.14914839493318138,-0.3186354124657184,0.8565131501421034,-0.18130969268126576,-0.320798545517358,1.0,-0.20807065088904333,-0.2597492861895146,0.37082749317662317,-0.12538821293255045,-0.12355907628055882,0.6357939453646783,-0.1797142411599949,-0.10119560054133221,0.5477784226855962,-0.17770323885369718,-0.13282108297182305,0.4583170540871094,-0.18051630358007775,-0.1464832802565253,0.35104939839371596,-0.151713364313072,-0.021312210935115525,0.5836186257510472,-0.1937397480368023,-0.008393723298437558,0.4959617466380825,-0.16282999739655032,-0.04013594786932785,0.41791102565472577,-0.14604781151524965,-0.026438032613142898,0.33506267845262133,-0.17831137757410084,0.05531037672944881,0.5133294638864228,-0.21227243473822566,0.06964726307383885,0.44474890924780736,-0.1930942262140732,0.053621019147906804,0.37703685757971217,-0.1782052483555559,3,Show_Desktop
0.0,0.0,0.0,-0.15448376855338067,0.10843696196712184,0.0011773227568296785,-0.2417276136449614,0.331459585554772,-0.037813762123772326,-0.24410037293024292,0.5532361242746573,-0.07499187461419206,-0.20914133923368236,0.7043343827591524,-0.11788070254647666,-0.35116664154282345,0.3693187626593848,-0.1250593173332734,-0.3379059449943775,0.6700556420932378,-0.1870493953644651,-0.33273476498810517,0.8494182242005565,-0.21991564179875642,-0.33372116461430856,1.0,-0.24736757367791015,-0.26484378745113124,0.3562133574522228,-0.15595284573447865,-0.13348658877697708,0.6665277635794372,-0.20821489767094942,-0.09501028922452803,0.5799260203890095,-0.1915070004673198,-0.11596321349548896,0.4831258739198913,-0.18677586674089938,-0.1473637580186933,0.34381914471506964,-0.18305730331070355,-0.03318801933438565,0.6028652443683606,-0.22388863828777153,-0.011141774713631505,0.5185273904759264,-0.18641743685403755,-0.03619132932853497,0.4382369299703192,-0.16838465399277255,-0.030105294893275646,0.32943379520775684,-0.21020435590848005,0.05496302752129318,0.5224341480966812,-0.25151520975528696,0.09615732261844737,0.4966539083747877,-0.24059270915895667,0.11041279340750354,0.4694215393927423,-0.23338768906854548,3,Show_Desktop
0.0,0.0,0.0,-0.1665791804137311,0.08918228502514669,0.004216372916224976,-0.2638086087341239,0.3070741427541193,-0.0324167828273416,-0.263683493985302,0.5348002078829672,-0.06681085622345953,-0.218472856177955,0.6846361548771523,-0.1078331575113527,-0.3700566468060571,0.35673435020001715,-0.12412965204067593,-0.35663854226049135,0.6696566848397829,-0.1819817820378668,-0.3574924920296333,0.8538814589494095,-0.2111697902125128,-0.35989347951714534,1.0,-0.23643046885401411,-0.27704841209918235,0.3453666368677924,-0.1600825763319975,-0.1685815952948171,0.6874862239905686,-0.21252589949550618,-0.13045141025089957,0.6045876083284597,-0.19511447082401062,-0.14584862895509865,0.4993302851357166,-0.18819647185532085,-0.15541509513424473,0.3358469892210279,-0.19148608883630847,-0.056687907952594464,0.6179473163429097,-0.23254545328811846,-0.03514639004512091,0.5341883106498629,-0.19134237692701977,-0.06113899720347913,0.4512297064818123,-0.16951976691902662,-0.0329190725386224,0.3270692018431595,-0.22249739663349724,0.032402549070091324,0.5359713224549352,-0.2585382413527069,0.051526074304411924,0.48602788821500115,-0.23901160276558167,0.04176162434691042,0.4345246804580893,-0.22628027254180932,3,Show_Desktop
0.0,0.0,0.0,-0.1671620335805319,0.09178401142125715,0.011319414656414777,-0.2605997472524035,0.33407950093907157,-0.02822180250861937,-0.2518796562101846,0.5882645255674152,-0.06708622535676292,-0.21057691305072881,0.7513359448105768,-0.11180638315520608,-0.38238111102920014,0.36261616439808525,-0.13025819001030833,-0.37464118073713604,0.6795638525290474,-0.18954601156767598,-0.3724515328300986,0.8557738883921973,-0.22012450037155248,-0.3728564452423594,1.0,-0.24754495673912283,-0.2843474628296166,0.34734324446333503,-0.16886725936291588,-0.18802009059742045,0.6877322476751443,-0.22441509171065607,-0.15681033437394293,0.5944265151785278,-0.2095877540779448,-0.17619581689675506,0.49686537416991317,-0.20655535897034843,-0.15918351632413905,0.3369512217264056,-0.20117111036214827,-0.07999925915539194,0.6369558082545402,-0.24129989555126452,-0.05871171643560117,0.5463354916265966,-0.19653669347794964,-0.07940804182446985,0.461837570257189,-0.17437514006097524,-0.0330090023557546,0.33169297503579714,-0.23206562480887333,0.006504703160117885,0.5661128342796967,-0.26727295228705505,0.010513868341267153,0.5844675511155435,-0.2525926533504223,-0.00830198051243259,0.6013889961387849,-0.24632595381242203,3,Show_Desktop
0.0,0.0,0.0,-0.15836402911707484,0.09666849259347336,-0.0006522743693919181,-0.2353810744775043,0.34422455702069815,-0.05035546107409288,-0.193346419702264,0.5926447078202626,-0.09830739794407792,-0.12226022755474791,0.7512766483646672,-0.15238930761385117,-0.3670438408243145,0.3742381268785308,-0.14245944423283488,-0.3526199793074432,0.6832526406200105,-0.20898575868047714,-0.33903557359620534,0.8546823931634765,-0.24671499759740628,-0.32711164258080516,1.0,-0.27848623206268464,-0.2663885813268904,0.35068813626263273,-0.17759343523590823,-0.15049578738088204,0.6733703099115849,-0.2402396432161254,-0.1209092913843574,0.5766015665904656,-0.2320894102988278,-0.14527619579600878,0.48435044370309477,-0.23365080457903406,-0.13646378233608106,0.33386761977837387,-0.20705454580367447,-0.047636524278464834,0.6340623741014344,-0.2538723738111639,-0.03093015822762475,0.5436095706604146,-0.2109921596030143,-0.05452328834485905,0.4589265134799059,-0.18820785912623278,-0.006455369053032491,0.3233054278134985,-0.23562299638114603,0.024370145275691663,0.5619782118871148,-0.2753905947410096,0.01914457609714411,0.5858666927472199,-0.25915919532007275,-0.0061842887808632886,0.6050651392066336,-0.2499907369357198,3,Show_Desktop
0.0,0.0,0.0,-0.15516460507580213,0.09440738717794034,-0.009970327525400828,-0.24667630808271723,0.34788502933673776,-0.050909257364072126,-0.23205317182766352,0.6035542623719172,-0.08801406318287701,-0.19586041526076767,0.7841124364778705,-0.1312604732378015,-0.3571815089644237,0.3674247952526975,-0.12539451996928686,-0.329522760045715,0.6766833432212532,-0.18713393570005363,-0.31512886515240857,0.8560287472289138,-0.21843727822742623,-0.3056333475272245,1.0,-0.2431879212077986,-0.24973264228229078,0.35415957907664475,-0.15423758299892765,-0.15701809210490578,0.6820795327735112,-0.22063142226589416,-0.12559753951950867,0.5993333241105634,-0.21508329240823168,-0.13868168037032658,0.49821043256070424,-0.2118435651192603,-0.12498296986566167,0.34124717006427957,-0.1784679422473028,-0.052909268441924326,0.640936031954435,-0.23878454955627068,-0.03727855664713395,0.5446869638585964,-0.19870660459607142,-0.05519559792846931,0.4459919302694857,-0.16879060688805045,-0.0010932603836377728,0.3297113681044796,-0.2014841190098484,0.031632555576182046,0.5561697469631676,-0.24855032210436775,0.032633829694600526,0.48020647512325615,-0.2243532263932382,0.01490843853749371,0.3985301319119258,-0.20251344169614574,3,Show_Desktop
0.0,0.0,0.0,-0.15021956818116222,0.09966901359429675,-0.013946988228785047,-0.22486426076873056,0.3407527967035486,-0.05621433176647143,-0.17417696241803154,0.582771502514727,-0.0940207018187241,-0.10624643815390118,0.7440872647342289,-0.1369136498444922,-0.34190128868794467,0.3687598012666731,-0.12313363837301329,-0.3213392145177876,0.6718220409724781,-0.18378125733372105,-0.30428996242765244,0.8515805966187717,-0.2136419605008566,-0.2932448439182769,1.0,-0.23705750845780715,-0.24102160112869844,0.35486619626245974,-0.15026653159374842,-0.13479716365278602,0.677470909585844,-0.21642918465762934,-0.09532172206875983,0.6018562063983348,-0.21261680672248423,-0.1050929942484144,0.5065450248473252,-0.20945581863595747,-0.1212970241500947,0.3440427115927585,-0.1734771584447058,-0.03513006008519568,0.6253847642687484,-0.23312023599858128,-0.02299587264451262,0.5265275827664091,-0.19898696225808118,-0.04472278013866511,0.4338032140514581,-0.17296198179694697,-0.002809861510330273,0.33368513195596355,-0.19586120355302836,0.03900798023306287,0.5304400248784515,-0.24232713065735428,0.042650047453552394,0.44762565287542494,-0.21974684799037975,0.025574550181636464,0.36947988133499265,-0.19874928773115944,3,Show_Desktop
0.0,0.0,0.0,-0.1632267810815972,0.09106741759470147,0.00471059377328395,-0.2689875978686639,0.3360683869660598,-0.02056513528340055,-0.28472452678375976,0.5785873435615111,-0.044378309895273575,-0.2730202409397255,0.7458123448423621,-0.07414478782562788,-0.36467517617523904,0.37517291489094134,-0.10089194597376179,-0.3370543511674375,0.6894011904928249,-0.15041003850418783,-0.31699695157451524,0.8682874672218573,-0.1727310239240275,-0.3021141174237661,1.0,-0.1909681595219055,-0.2556209711412616,0.36867841789279043,-0.13509762801820965,-0.1762872407441046,0.7049916220697622,-0.18719681734138469,-0.14820472715543942,0.6204539976525494,-0.17676514070154603,-0.15803256621999898,0.5101243997466244,-0.1704400835581233,-0.13321957047242444,0.35503371549270846,-0.16412390504125565,-0.06969285191964639,0.6336758736568531,-0.21375617343427666,-0.057629563905151816,0.5279759700700043,-0.17596719233381602,-0.07737781263245164,0.43045793918053477,-0.14996030332014118,-0.012443176790047554,0.3360614732814472,-0.19092089175184387,0.021291819786586928,0.5466650423146608,-0.2301839977690492,0.02639149910806191,0.45990244863787316,-0.20425371420027216,0.010130949553099426,0.3777640183324717,-0.18309551046577627,3,Show_Desktop
0.0,0.0,0.0,-0.15211014903956144,0.09497012387505478,-0.0001876803692554965,-0.2538675048436076,0.3322420278095287,-0.029426510995200602,-0.25438789904585185,0.5785211292699631,-0.05539497980434581,-0.23253156071573547,0.7494572439731064,-0.08673689053972332,-0.3455383323852889,0.3641422069513786,-0.10985265410622419,-0.3309876567091219,0.6799849088590204,-0.16141952170691456,-0.31378010537909873,0.8618199223713803,-0.18524062812781983,-0.29904828074292744,1.0,-0.20360343131598335,-0.2330259933849723,0.3568313083579992,-0.13853178512062783,-0.17724222197561593,0.6797220937881833,-0.19017675548448343,-0.15717257525463027,0.5959733880469611,-0.1801091347811717,-0.17108810238937733,0.48950601384004233,-0.1733674809777053,-0.11090825077880963,0.34614839205027315,-0.16145784587468745,-0.07296863366851587,0.6188857135501895,-0.2094779553727252,-0.061492327094372135,0.5194174086550369,-0.16959340492830305,-0.07612197819027608,0.4228921380478702,-0.14073761549917024,0.010438427024894129,0.3347541151938672,-0.18239702214796974,0.01835196770239851,0.5360812222195235,-0.21790109112739933,0.021983818910962415,0.45037609316597915,-0.18848525616304665,0.012166868807865312,0.3699579539519489,-0.16392888203946654,3,Show_Desktop
0.0,0.0,0.0,-0.15296598836176975,0.09737564291203978,-0.0038576574630114113,-0.25423510578786596,0.3325187584018926,-0.030010356865689546,-0.2651031088464072,0.5730762675251924,-0.05086927275384407,-0.24962289295911688,0.7444574106698761,-0.07592147332983691,-0.3351570370958876,0.36381078148140267,-0.11207710334133367,-0.32515199931909766,0.6761073359456377,-0.16392255855424892,-0.30767736993919304,0.8586045583419505,-0.18783890822054794,-0.2955498863722437,1.0,-0.20632259986154944,-0.2262748273179819,0.35615389816225357,-0.13895636038799386,-0.17125216676326582,0.6726717421099825,-0.1851538065975443,-0.14725340946813,0.5946679014315435,-0.1715066747933412,-0.16191430579733584,0.4918459838998841,-0.16470780031561022,-0.10411531243765869,0.3473938891484313,-0.16141897521128715,-0.07322735725578929,0.6193973796443752,-0.20678616319864773,-0.05772724298532973,0.5222133131367165,-0.1654553876548064,-0.07273730510386993,0.4261634544697034,-0.1370147429704307,0.017724521118902062,0.33569051710596465,-0.18258707856784662,0.022701295566298907,0.5418684857758878,-0.21563575124764975,0.026975235881171213,0.4625830875507799,-0.1851202553091349,0.01946860714150067,0.3828652989118417,-0.1609538505047066,3,Show_Desktop
0.0,0.0,0.0,-0.15244615249410212,0.10000696654179846,-0.0007441356583063214,-0.25901252622108684,0.3195084886145866,-0.022815998434179738,-0.3042725305321811,0.5296784882662595,-0.03981500715940898,-0.3228929453853729,0.6758577408845788,-0.06166769063341642,-0.3233520375750197,0.3547948972850454,-0.11260227936041499,-0.31587728800980913,0.6677482781492377,-0.160145802757429,-0.3029131075483938,0.8512452401977624,-0.18011046504702816,-0.2950008358392723,1.0,-0.19644159483501356,-0.21776447754507228,0.3522120300517375,-0.13904808454763207,-0.17442194827940263,0.6722587496048528,-0.18321155991631588,-0.15241948142403694,0.5910398030013553,-0.16518171615486135,-0.16311822410898585,0.48432564531237,-0.15386226989874358,-0.09894136255938503,0.3455828117050145,-0.16023077124840174,-0.07402854270876343,0.6126404548831158,-0.2009125151341318,-0.059618440465289205,0.5191501197939128,-0.15519589627377933,-0.07039457297649288,0.42598493856982145,-0.12400978204901918,0.019585893015196535,0.33557875566195483,-0.18031723871180955,0.021803526906518773,0.5351684292648972,-0.20950695775759154,0.025776058910709776,0.4546000818787277,-0.17581695108690915,0.021476332631675293,0.3756824988373308,-0.1496688179962291,3,Show_Desktop
0.0,0.0,0.0,-0.15452416013438922,0.10045847602034384,-0.001666225996216809,-0.2658071151340003,0.327366056221077,-0.02588949992644262,-0.3167104067734132,0.5460494234467664,-0.04376415175864155,-0.3381676209788511,0.7016891766322455,-0.06705214233085717,-0.32591272747058797,0.3374595791983318,-0.12790862171016532,-0.33300602015608494,0.6605219001330788,-0.17467930668062015,-0.31966749088891466,0.8485747009368392,-0.19203159904156283,-0.30960102048753646,1.0,-0.2058950095896917,-0.20989273615346857,0.34272249306729846,-0.1535552204235203,-0.17850730323753425,0.6819499925854484,-0.19595519965511218,-0.15539413418920633,0.6135592415009504,-0.1750924715522756,-0.16203803224314517,0.5050500568448957,-0.16277979435502976,-0.08417596742655283,0.34534827892355274,-0.17262133753205208,-0.07269188074029029,0.6272556617860907,-0.20717569615801112,-0.05782323325796164,0.5407680402554591,-0.1573354347213048,-0.06449242125535448,0.4445916114790287,-0.12531868243285227,0.03620278396295713,0.34397833035026953,-0.19061909822251352,0.025264806782916108,0.5592952995574643,-0.2130062926213275,0.028847702044615293,0.4856473056822288,-0.17510982964982813,0.027316204377995756,0.4060439899407334,-0.147525254905975,3,Show_Desktop
0.0,0.0,0.0,-0.1740280564760546,0.08439539462838486,0.01385455083930965,-0.29283341035753113,0.3266269058625978,-0.00560622204502259,-0.3128667801253903,0.5660314047997935,-0.02236216246873727,-0.2928423258206238,0.7324944476927349,-0.045738633337785814,-0.36686936107090595,0.34049758334215424,-0.10645134639911755,-0.3741683696552001,0.6644015446769255,-0.14744882988808516,-0.36142444461122664,0.853113368866587,-0.16433981298323244,-0.34945584065765645,1.0,-0.1794688472910691,-0.24237999421953793,0.3521966971613328,-0.14087294641026998,-0.2240671467292327,0.7076318147165767,-0.17881978131550752,-0.2011132333515479,0.6333938882393209,-0.16006480790547095,-0.20216995887702124,0.5213163049068926,-0.15012609279876987,-0.11086864653706394,0.3548061721588891,-0.16713213602385274,-0.10887839097612488,0.6480056838508705,-0.19929389915880188,-0.09883244716331847,0.5574618616751312,-0.15180727559542745,-0.10295155321145517,0.46042531297733186,-0.1227551044127005,0.016991900058631326,0.3527753917657107,-0.19075955185093943,-0.0023138058215380407,0.5724705574936332,-0.21294065667781978,5.673476513509277e-06,0.4909391338092678,-0.17494568840308997,-0.0002886989048731435,0.406808042136748,-0.14839178194704652,3,Show_Desktop
0.0,0.0,0.0,-0.17637883824523898,0.07491495588669718,0.005800320230622332,-0.29502817920244867,0.3141525458095368,-0.01793901840002599,-0.31217901587495456,0.5564274884629644,-0.03581257525876581,-0.2924730489943533,0.7286912062391275,-0.059782215816653266,-0.36603807033412245,0.30752581297011083,-0.12554655955243282,-0.377389253514406,0.6488657071584519,-0.16764005967048398,-0.3727310015786637,0.8457828810924372,-0.183843792314841,-0.3683141414058842,1.0,-0.19816340494677898,-0.23797461090805458,0.32489319696782454,-0.15571545083814212,-0.23494823781608737,0.6944860254846228,-0.19241554409294137,-0.2127781835702611,0.6286562797682447,-0.17220377250981692,-0.20871972444793654,0.5152802909395862,-0.16199354007968308,-0.10607292627885942,0.34009919502418806,-0.17736826993649418,-0.1240687944084307,0.6477069946388909,-0.20608747826127222,-0.11226335873396592,0.5622225737843737,-0.1566547809615741,-0.11068613765325211,0.462240141206167,-0.12700186256561433,0.019309898456775727,0.35182304477079884,-0.1971056930810274,-0.017485355005376818,0.585350341033987,-0.21659501245723647,-0.017992502108972193,0.5113967046017188,-0.17771593177837103,-0.014025726976298888,0.42666747451161047,-0.15120293958000536,3,Show_Desktop
0.0,0.0,0.0,-0.16188918977944178,0.08218069229128636,0.008981408799373905,-0.26506123490471106,0.311411569993186,-0.0216429033251724,-0.272892383184279,0.550898306987024,-0.04875936289776073,-0.2600456995513501,0.7245315012584004,-0.08203331950940695,-0.3436248454378629,0.3060545350537494,-0.12729018343525167,-0.34930947057012207,0.6494185393985962,-0.17648293101365828,-0.3435388310290105,0.8450292145221739,-0.19870810298651864,-0.338125039369978,1.0,-0.21717949743996423,-0.21676142640667934,0.31620391554216415,-0.15913913669745203,-0.20702804869119004,0.6704527395589219,-0.2024462124537633,-0.19216450303656443,0.5945845136332838,-0.18654859534066906,-0.19657458008820794,0.48547747429719995,-0.17980719606210294,-0.08939519080330104,0.32634873950520293,-0.18200246204007875,-0.10040759318574029,0.6294451303214221,-0.21265404836640975,-0.09129134487205437,0.5412297598343407,-0.15967607724806576,-0.0935240423062989,0.4431012287270219,-0.12831959844454216,0.03182309298221548,0.3376254203594507,-0.20296895383209784,0.0001004034363555727,0.5617226927434216,-0.22465797465238113,-0.0006684502665647284,0.48597709330772726,-0.18547455436135823,-0.0016234020585262502,0.40600399759159655,-0.15839789194105347,3,Show_Desktop
0.0,0.0,0.0,-0.15788432417910855,0.08169616906737566,-0.007710921092652931,-0.25787341667731145,0.3085388801469431,-0.03924649317308678,-0.257081426970982,0.5420891167205416,-0.06499164276543556,-0.246411678915454,0.7078608742264672,-0.09516001566022302,-0.32801908240386285,0.3055828765865965,-0.12076399406760387,-0.32947979371569497,0.6440468917501412,-0.16887283046926999,-0.3215302558495301,0.8424316875551991,-0.19230027805660665,-0.30941093138695197,1.0,-0.2104512510551683,-0.20005048346266682,0.3252089304131967,-0.1422729936191495,-0.19279052554476542,0.6595582846004816,-0.19058950187611268,-0.1854358425213941,0.586047603599899,-0.18341997585215428,-0.18824842537155492,0.47889178840763885,-0.17826416207136087,-0.0750175786428135,0.34039239247622327,-0.1565217509990625,-0.09145959860550217,0.6261258114071767,-0.1924664194615854,-0.08710161643530766,0.5426867944969419,-0.146595591100732,-0.0861491900023297,0.4516957244553326,-0.1153357181844981,0.04251996696226702,0.35534547179101256,-0.17010727581104138,-0.0017036404316547779,0.5764711149983952,-0.19331237816943775,-0.001778605001877643,0.501923476386278,-0.15528328689764265,0.0035023196280690875,0.42491753309164315,-0.12654155897527708,3,Show_Desktop
0.0,0.0,0.0,-0.16066717147586834,0.08797846681045829,-0.008309637023092892,-0.2523846933034606,0.31947779691949957,-0.03907960685597412,-0.24693309697950283,0.5427174775424358,-0.06373767993474681,-0.22487051269736522,0.70084410003206,-0.09340673688233939,-0.3072292087427631,0.3202398446651356,-0.12250902374287108,-0.3073930950085015,0.6517075358366714,-0.167850426044826,-0.2998925305286899,0.8438419618698565,-0.18898465934402026,-0.2889232220133404,1.0,-0.20555064095258188,-0.17774408917907794,0.3340795798024757,-0.14238452163901427,-0.1710637356962063,0.6587967473488161,-0.1884130845513808,-0.16410769152082713,0.5905683687968035,-0.1794377970721044,-0.16570741483215926,0.48684481358444054,-0.17338353668411652,-0.05128720109078706,0.3443563869799145,-0.15461854951121853,-0.07026541778367137,0.6288829038088977,-0.18751997457324895,-0.06525183908146348,0.5530444173882236,-0.13962484689165797,-0.0599642849568937,0.46151378203968696,-0.10741667359822703,0.06484984213277313,0.3551317140351512,-0.1661842749987607,0.024676500050522503,0.5821649484857595,-0.18490810543401517,0.022616460605546496,0.5147617708074743,-0.14436468407197842,0.030346247550282365,0.4388472667326162,-0.11463045660470264,3,Show_Desktop
0.0,0.0,0.0,-0.15222883063674691,0.10871295481541055,-0.019648167389214995,-0.2469545549045494,0.34278849728225474,-0.053784950359577297,-0.23558003250695475,0.5641361285509713,-0.07963714659784749,-0.2033429790432442,0.721579271953696,-0.10946633464415544,-0.28050927950681676,0.3268548482746719,-0.12955883950631925,-0.27889111412511236,0.6493614982627434,-0.17445992972971575,-0.2729214504554293,0.8414761643812216,-0.19416711090153846,-0.25892773637570166,1.0,-0.20906096829838478,-0.14767343108713887,0.33952724180255395,-0.1457865380484757,-0.1515528350603017,0.6676355082477711,-0.1975343934843447,-0.15395632312293495,0.6016341606825024,-0.19190080583737576,-0.15312348042215948,0.4945403418374369,-0.18393211780339427,-0.021992917420571394,0.34916145994390385,-0.15477541180265236,-0.050401658697163336,0.6399106049038409,-0.1926236614333919,-0.0555973361612404,0.5659689104928979,-0.14736240517722018,-0.05123931551759648,0.4729976998990394,-0.11331302007424171,0.09222735145965855,0.3612806955937023,-0.16393137239131825,0.037982782922221105,0.5913152504904869,-0.1842052026233297,0.02815079763945078,0.524024961210425,-0.14373347130866546,0.03783540874302365,0.4472798185698066,-0.11270580040887349,3,Show_Desktop
0.0,0.0,0.0,-0.17284182511563165,0.10042024829588515,-0.04269045027725511,-0.27818813850856405,0.3422868491997914,-0.07919204278770185,-0.2735866630136407,0.558249178457886,-0.098703682570834,-0.22100983362664312,0.6979371495015392,-0.12098696283992229,-0.2540207905276746,0.3193827961757669,-0.17393270677441164,-0.24938883859585725,0.650773463979806,-0.21722106455782927,-0.24668918605833626,0.8414561330563917,-0.23090677288153508,-0.23026969469762865,1.0,-0.2404675498938429,-0.11184961184525807,0.3401264430048647,-0.17416701381953759,-0.14129917940638742,0.6738962165369501,-0.22114943451316263,-0.17014170610203574,0.6082392425174905,-0.208250729637337,-0.1645735366878768,0.4910879745888713,-0.19456391343295332,0.011055949451408587,0.3558954334791123,-0.1668723581426326,-0.04445516993878901,0.6489162672335699,-0.19414348243393884,-0.068083738053159,0.5673555689002266,-0.15018545937198366,-0.059463882156948054,0.47047626274296017,-0.1194044136010402,0.11077889376131787,0.37259123416819073,-0.16214201863201577,0.040034376176880264,0.5959486086418113,-0.17511771149670444,0.01624378537249203,0.5225562951101801,-0.140158808816364,0.029182898738306613,0.44451220441354783,-0.11611343461081162,3,Show_Desktop
0.0,0.0,0.0,-0.17842731790250627,0.09265638997104854,-0.04507893764636741,-0.29883357894268825,0.34066857536247913,-0.08722388178274569,-0.29657694769074505,0.5747898543245732,-0.1098362510722078,-0.24438791585922692,0.7239569681495415,-0.1364314425006366,-0.2651595492387501,0.3132017663328081,-0.19905865790049565,-0.2521457579297098,0.6511627533694174,-0.24555260107910176,-0.250483661293116,0.8416480165673556,-0.2599711690179238,-0.23632686755537607,1.0,-0.27067070544464555,-0.11405867305459655,0.33454754936651726,-0.20068006487051515,-0.14794971431359744,0.6842891178175314,-0.24882244114383287,-0.18154316724191316,0.6171055827025097,-0.23237071409621568,-0.17676361615086028,0.49725717939873354,-0.21833217720994946,0.014207515373390692,0.34860932029316466,-0.193405583134076,-0.04794895990952287,0.657448464169739,-0.2204909566355205,-0.0743235684018977,0.5728418866971756,-0.17073313238181476,-0.0663594690472021,0.47173015190969364,-0.1382715062686474,0.11796215235013723,0.359476671498598,-0.18862157784875316,0.04208916638831296,0.5888970500071989,-0.2019422470918435,0.017454984147081187,0.5140132161963171,-0.16394235206636792,0.030821579744603724,0.43638921022400506,-0.13946475883045115,3,Show_Desktop
0.0,0.0,0.0,-0.17841405385206366,0.0830418651605584,-0.05990728042410095,-0.31850748801046175,0.3295902773255981,-0.11086079383611383,-0.32392469027982473,0.571888351638039,-0.1363272888379015,-0.2552824267515674,0.7180288755378057,-0.16591282075619532,-0.2767225722258217,0.28551558032187335,-0.23808186971791803,-0.26284838685053374,0.6417159256804187,-0.2899902927500042,-0.25437933302652177,0.8385694464963721,-0.30250522601338403,-0.23374809567421165,1.0,-0.31071724579644094,-0.11988144174696953,0.3035823001110336,-0.23333546360421833,-0.14816704445747478,0.6806028490634908,-0.28692424535084443,-0.1798565896685194,0.6122570831738781,-0.26643819663580637,-0.1823137458447403,0.49000204522167023,-0.24920588648567554,0.012733757531235533,0.3229544425597879,-0.2188085456478691,-0.04690171018273877,0.6541012474832127,-0.25006035731814535,-0.06733590581303682,0.5662477560790091,-0.1956528068629688,-0.059678820293019234,0.46167810523048014,-0.1600334566178227,0.12022554221750652,0.3449514561621271,-0.2075954223291629,0.042828267853654615,0.581611060041962,-0.22544457167505746,0.022124946213050216,0.5041319258082664,-0.18663615046207951,0.03605540493603965,0.4262906700319602,-0.16130548291566718,3,Show_Desktop
0.0,0.0,0.0,-0.18027693245308538,0.08508560503694283,-0.06322095451905528,-0.32980398266463357,0.32509164567028137,-0.11421858006009035,-0.34270532266513926,0.5587656219493259,-0.1378723147433442,-0.2705148883973006,0.6883106185419117,-0.16508973635739413,-0.26100089088914874,0.284742178696219,-0.24918174757635866,-0.25004051273437977,0.6410479629936482,-0.3021038474749834,-0.2441934716150622,0.8381643773459915,-0.31586338404232056,-0.2250881439797816,1.0,-0.3251242475591978,-0.10000167698825421,0.3068375850778283,-0.24172347265159938,-0.13798189843238093,0.6773544111351325,-0.29393306976863937,-0.17495053970782345,0.6123197639495662,-0.27297695099025493,-0.17779186177585063,0.49371168505430707,-0.25665399016235446,0.03321913883264413,0.3319763341332191,-0.22415235031982456,-0.03733236525638327,0.6649492163642425,-0.2518167045094756,-0.06532173367219503,0.5822922031255064,-0.1987577302197909,-0.05920533174520518,0.4783383948546177,-0.16557964718767101,0.13782341000876985,0.3561036768010919,-0.21046947296944515,0.050883473037461054,0.5924074834688493,-0.22484671469218304,0.022794528013393663,0.5201130411730159,-0.18755820745762963,0.03534135443476937,0.4439916769248241,-0.1645018781172951,3,Show_Desktop
0.0,0.0,0.0,-0.1839920970158464,0.07949204444883577,-0.07812442122148702,-0.3283235272710267,0.32011929371034836,-0.127523286028981,-0.3346495011056653,0.5474302115795806,-0.14615954393996447,-0.27916862547639953,0.686987449670164,-0.165313296820162,-0.2429207707906043,0.2782588997355475,-0.25254188886112977,-0.23465509184458871,0.6318254043879916,-0.3071188624359221,-0.22866579301115442,0.8351456352327664,-0.321387003944205,-0.20737386818303447,1.0,-0.33009490946001396,-0.07671091554854818,0.3055581438606127,-0.23454432452455887,-0.12507625732729627,0.6810005242636311,-0.29143171930702816,-0.17131817317155587,0.6198371372041172,-0.2752073905561082,-0.17640627302004333,0.49704279798550555,-0.25901945435101037,0.05420678490669268,0.33410273387133355,-0.2077457635948225,-0.024635995427549122,0.6654195040838765,-0.24132698525214957,-0.05965230526559702,0.5805645696941866,-0.1945752221475806,-0.05666600679538493,0.4768920519734781,-0.16231407635904205,0.15216145350773158,0.36411542027764526,-0.18577848893236776,0.055292407952351436,0.6040619355419448,-0.20554397062023647,0.022953323659128076,0.5303578002587211,-0.17422097675492967,0.03268947242763597,0.45399138322968197,-0.153429680181701,3,Show_Desktop
0.0,0.0,0.0,-0.18719898240468152,0.08592878994800318,-0.07866691985860368,-0.3370006161784683,0.33030904413062984,-0.13075999546298106,-0.3402369944904276,0.5612575986335973,-0.1509752097561595,-0.26941160361347233,0.6900422316470702,-0.17254250338141489,-0.2419075227823881,0.2799950093147447,-0.263308271784792,-0.22246366889235614,0.6382345946374456,-0.31952624671966084,-0.21649124197796893,0.8387871733983864,-0.333777761041306,-0.19645445143901094,1.0,-0.34172821993211266,-0.07252474623176237,0.30149954777545157,-0.24381234901249335,-0.11543022589607123,0.6821621738488093,-0.3021834127671462,-0.16353538702133563,0.6215732729886818,-0.28504092690141547,-0.17065098714673335,0.49643373198758994,-0.26791738131682064,0.05995038141807529,0.3282972754822227,-0.21469471838085635,-0.012396537869752124,0.6723489011483981,-0.2477646519344765,-0.053437086737028724,0.5902405978732834,-0.20150494081768006,-0.05651077231304749,0.4826881776611883,-0.16941397882255904,0.15967976736560283,0.3598292176695482,-0.19018822418410444,0.0680713253602482,0.6140845425685634,-0.21041052137670888,0.028107287121149335,0.5450667887012327,-0.18127476122507852,0.02925982912758498,0.46730551641881396,-0.16189001407445353,3,Show_Desktop
0.0,0.0,0.0,-0.19376422809015517,0.07466704901006567,-0.08797905876171706,-0.35519787604440495,0.3245062652110027,-0.14318450265789684,-0.3596189821725646,0.5600659119308522,-0.1659861423077657,-0.2810258930662889,0.6889303216862374,-0.1892956316006637,-0.2596408430671948,0.27022456941992845,-0.2676631681445473,-0.24004071626113035,0.6306688762387342,-0.3281402709037196,-0.2302850736073888,0.8350595959992632,-0.34669988994107326,-0.20667806645951087,1.0,-0.3580776946676433,-0.08844401104835084,0.2957229072285987,-0.2465272606088661,-0.14235295881276858,0.6757800324961233,-0.31658085152981674,-0.19521107535276558,0.6127266642307296,-0.30808152055412463,-0.2011794582636711,0.48540208181566274,-0.29443549856097945,0.04703173287734162,0.3320505270848391,-0.21649308606180828,-0.034642298467520934,0.6833955698993599,-0.2604453941795761,-0.07710908659995216,0.5921004457065783,-0.2186535853105642,-0.07782349732560419,0.4769799813248916,-0.18644718554055884,0.14652942893034193,0.373753701384226,-0.1918896815010757,0.04353564516815829,0.629775402989544,-0.21858270064697044,0.0009426763565825527,0.5537993673859916,-0.19142635607181538,0.0047750006276845005,0.47142490451608193,-0.1722750926601749,3,Show_Desktop
0.0,0.0,0.0,-0.18461328204932137,0.07749259620262619,-0.07229699560740706,-0.3329117103531453,0.307393533342351,-0.12729853287514245,-0.35230811238946186,0.5224116248662894,-0.15210450248444835,-0.30322454176661556,0.6780312615476196,-0.17786444043660207,-0.25982769327297434,0.2426180534217598,-0.2759215097602258,-0.24521575078258565,0.6137220565716396,-0.3478280844519473,-0.2336555348041809,0.825918848155059,-0.37647059805155525,-0.2066005574546922,1.0,-0.39331316790702964,-0.09043079112219236,0.2570355588863283,-0.26487879540438863,-0.14767006018480305,0.6632065600809007,-0.3349957081445102,-0.20224217673746075,0.6134965844051596,-0.3284770900047135,-0.2112279717105345,0.4946989268852282,-0.32005897168959635,0.0497181083782634,0.2932454353337507,-0.24354762811198685,-0.0335747873508619,0.6762361777943382,-0.2849703799175169,-0.07586465350807862,0.5878196794761716,-0.23894313966411684,-0.07867912945682615,0.4677825793959758,-0.20649365660018942,0.1549788358101775,0.3417720560528293,-0.22613890063782008,0.060913941891933956,0.6202598146061654,-0.2505024442189631,0.016925930056327844,0.5470079086325459,-0.21704686639559026,0.016965565296206582,0.4566160983948569,-0.19406706241989527,3,Show_Desktop
0.0,0.0,0.0,-0.17955534921429858,0.08419866686809208,-0.06289320010232934,-0.3311967586003772,0.32066593404942023,-0.12143168306566482,-0.34447758131955764,0.5428314373163527,-0.15302507844045027,-0.28742248143687066,0.6950150525355823,-0.18831956065838107,-0.2536100813882784,0.23303860166711726,-0.27414226653803814,-0.24730242330725305,0.6080659208046264,-0.3471856480916618,-0.24148535463215665,0.82652017495262,-0.375082226879261,-0.21895688427564347,1.0,-0.39137607686596254,-0.08261857882428139,0.2403131577040061,-0.27299254095682013,-0.13496304968519812,0.6654782287650322,-0.34807351131018316,-0.18368727688204298,0.6055547302838665,-0.3407037495666642,-0.1895379475712441,0.4697017872584616,-0.33029274886461546,0.05635151104290524,0.2703618521560849,-0.26043612165838076,-0.02754207753879434,0.671238827388647,-0.30603036791083443,-0.06808869456968585,0.5892570067316502,-0.2561853035310088,-0.06801551685007999,0.46577203170891396,-0.21989186143542297,0.16189562402370397,0.3143008725276326,-0.25063947778088,0.06894890613076682,0.6143132819381194,-0.2761626343055488,0.023590107324366356,0.5429181491805285,-0.23692054546807723,0.02789751217687988,0.4454018373861329,-0.2096200990793207,3,Show_Desktop
0.0,0.0,0.0,-0.1815270593604698,0.10135378807919827,-0.05689731157411075,-0.3306719477467583,0.3580602036522803,-0.1213480618601863,-0.3434970054397422,0.5987316157079724,-0.16362504859557875,-0.2861536130710508,0.7599494232117535,-0.2116895991330751,-0.27641734534634316,0.2402000511148392,-0.26543177881046637,-0.27075327367418234,0.6139263630092812,-0.3377373294430656,-0.264775622139097,0.8287326280932914,-0.36099415649532285,-0.24046572556523077,1.0,-0.37493656663786623,-0.1055140545748843,0.23902927115100658,-0.2746212404692633,-0.14509704621833966,0.6941935572175876,-0.35911345607571393,-0.1863004207416749,0.6467514348615002,-0.35118503950534974,-0.19480936595652595,0.5182676081299497,-0.33831042448905596,0.03992526755644874,0.2586796465949281,-0.27246188630030066,-0.03620780754389894,0.6772162565955487,-0.3344627703085536,-0.07356836562543584,0.6027424550745165,-0.2822530918577061,-0.07323930499865841,0.4775439484962538,-0.23912913506886016,0.1575437691459409,0.2959904585633521,-0.2717762017354953,0.06685424506851535,0.608165158983433,-0.3122154731295688,0.017170810170201087,0.5470585250749437,-0.27355193502458897,0.013174696408297595,0.45132944599396296,-0.2432930121695302,3,Show_Desktop
0.0,0.0,0.0,-0.18781510231153395,0.10346399144232798,-0.05932871535356048,-0.33606767180768965,0.3806874598576867,-0.12755190137025893,-0.3161083008976307,0.6588558324026283,-0.17272800725409124,-0.23810662024220236,0.8451680074448247,-0.22307191923904238,-0.29143748727194946,0.22927158316320653,-0.261541762585642,-0.2919171369037939,0.6025006700088154,-0.3340322708528945,-0.2879320369025378,0.8198197757435687,-0.3590047942582771,-0.26866532597475407,1.0,-0.37693809708584364,-0.11565765793143899,0.22829464280379955,-0.2734742702937423,-0.16222149472956976,0.6935310760602663,-0.35887878979192794,-0.1935740968123575,0.6224035894125765,-0.3517880336931542,-0.19559788331313702,0.4816691374393305,-0.3414183153725282,0.02912954176477664,0.2502106229221435,-0.27435726593808524,-0.048425419304147684,0.6760251816997577,-0.34090493596567073,-0.08073976688256389,0.5880276328241612,-0.2856238105220972,-0.07899842608496149,0.46460187128275654,-0.24143575888797422,0.14608125639225103,0.28914823756280406,-0.27652648563196475,0.05085904374064992,0.602059689658785,-0.3194682761787178,0.006571708019825581,0.5269104095307454,-0.2769012530693999,0.009734497746008961,0.4319451453186436,-0.24542396372207667,3,Show_Desktop
0.0,0.0,0.0,-0.16960223168500657,0.07838392184096134,-0.04386454403947433,-0.29430077827189594,0.3311236881591388,-0.10693051231820754,-0.2818122749827281,0.5886872007815618,-0.15339288007921326,-0.23725885514931064,0.7700273417888095,-0.20595527655517637,-0.30841759486663817,0.23963078930015605,-0.225109033708884,-0.30788066449915824,0.6114892191963245,-0.29321781494310506,-0.30039045905311446,0.8283210296475677,-0.319616444349224,-0.28012281276417406,1.0,-0.338105855216995,-0.14751728261382638,0.2453164760203286,-0.2404056264986047,-0.17132942027969728,0.6718259423011731,-0.3203272557631156,-0.19076082836394118,0.5944179445955089,-0.3146576608621482,-0.19352683328732265,0.4564367634416754,-0.3048850767090857,-0.006594248712296868,0.26499802249421767,-0.2452770671669945,-0.05931605477226142,0.6489998755565981,-0.3064282374713659,-0.07908396067588501,0.5608349437072404,-0.25276749611052723,-0.07689314889009359,0.4420587229818356,-0.21049609738814615,0.1129154013728825,0.295871071629336,-0.25042960062725056,0.03465730861820621,0.5864041292323272,-0.2926077561972371,0.011378882955974213,0.5079057319775201,-0.2503225453300382,0.019060044656586273,0.4146692845076547,-0.21695890722718505,3,Show_Desktop
0.0,0.0,0.0,-0.1561498522963197,0.08508948943226766,-0.02940298313870791,-0.2659932195981531,0.34044277727450345,-0.08255514690980852,-0.25947921848959354,0.592985252991245,-0.12413243372283636,-0.22930340756290263,0.7744919062075177,-0.17152727946784135,-0.32224778182015745,0.27584309162737475,-0.18820772767024221,-0.3129577887811344,0.633180618781987,-0.25047612252093027,-0.298753248918857,0.8386157450185359,-0.27711634946111396,-0.27809297490754387,1.0,-0.2973939731507799,-0.17318165201440733,0.26990826059696427,-0.2095876554988264,-0.1698275398609213,0.6799167569870155,-0.2835171849358237,-0.17664477412520055,0.5989064359050104,-0.2802328662762717,-0.1844789680554019,0.46823578013881445,-0.27433615811014417,-0.03275775463459639,0.2769767601881988,-0.2217331888661313,-0.056979487186890006,0.6490831243356112,-0.28251057071729446,-0.06944424212861276,0.5557720881754074,-0.23475957255659693,-0.07415231744364476,0.43762699146034717,-0.19689880023154796,0.09138708915286621,0.2952145809829155,-0.23300229005059975,0.035748441938440255,0.5795105374177772,-0.27784372408796154,0.01719995151419074,0.5075499675266686,-0.2414646254262075,0.015655089695466338,0.41717555113129107,-0.2114783133498596,3,Show_Desktop
0.0,0.0,0.0,-0.14719191542350712,0.10115408582530408,-0.01670449290973311,-0.24641080160804285,0.34533006212938644,-0.062493273110771644,-0.23342531512242007,0.5860703588247232,-0.1011349681445907,-0.19225779884447378,0.7567214309029836,-0.14536966855903158,-0.3210065473771584,0.29690408791449496,-0.1537486781834614,-0.3141929716092191,0.6447816190846976,-0.2110755083031013,-0.3012738353054945,0.8433651938788009,-0.23785188009626157,-0.28841349030218605,1.0,-0.2588142332130215,-0.18594814850867258,0.29077438095175306,-0.179785413423601,-0.1680287281169856,0.6632276415529689,-0.24835080952767788,-0.16261102579606884,0.5902459689429916,-0.2477104672816814,-0.1727594120987541,0.4764276910888388,-0.24437416596753206,-0.05023599037955957,0.295528707435046,-0.19725088098850355,-0.05647912255831856,0.6426679878471663,-0.2541849852213638,-0.05545884153338294,0.5574307647400184,-0.20985017162107147,-0.060169872423298035,0.4478515916085833,-0.1741450810461442,0.07614027721861885,0.3104689626657185,-0.21326075994267518,0.03779339955949358,0.5833340437282134,-0.2518932163435717,0.029482829307816004,0.5205493022375507,-0.2150681095019315,0.029286802314714283,0.43577039931093237,-0.18451502656382618,3,Show_Desktop
0.0,0.0,0.0,-0.14517000081855894,0.1002479577202552,-0.014605257453408958,-0.24617876839781352,0.33501957296982215,-0.05857368637258797,-0.2361334859493721,0.5764322892641106,-0.09589846141026417,-0.2065582049262882,0.7529419928198802,-0.13830354933806388,-0.32518955954718953,0.292730953221566,-0.14596996457546188,-0.3277640367478881,0.6427746943190153,-0.2001196806122943,-0.31268455500672615,0.843307595578725,-0.2236473261293055,-0.29891988611504877,1.0,-0.24209505606479784,-0.1948201607884188,0.2914814847379214,-0.1723695424417772,-0.18209472737013777,0.6638160754652711,-0.2373435341045296,-0.16957321130324612,0.5954134447002768,-0.2348701280849802,-0.17606389234220585,0.48682118070540625,-0.23013441591126707,-0.06097244387226502,0.30157766396657804,-0.1905607658142061,-0.06792841972597388,0.6429721721750976,-0.2436692856338788,-0.06104707597172088,0.5573153265230717,-0.19838116135525188,-0.06311365861948531,0.4511790695267768,-0.16249614498345427,0.06525124083089139,0.3218256249891385,-0.2074204171378258,0.030554909886074184,0.5988797920009993,-0.2425783484433538,0.02609762332675803,0.543235865380039,-0.2051225286442091,0.027202904905867582,0.4655564811642079,-0.17432458972851855,3,Show_Desktop
0.0,0.0,0.0,-0.13808206155050304,0.10093119741385989,-0.004256245488519547,-0.23370736661068456,0.3283682566494001,-0.045740527454333574,-0.23015861275185281,0.564893027362938,-0.08372384395064741,-0.2133627535949981,0.7333440757715187,-0.12687576171019213,-0.3365736292459375,0.3068419754333154,-0.12895876978523726,-0.3364541420351647,0.6489799920458684,-0.1845961943207297,-0.3221851195143114,0.8467285546844101,-0.21169177361587824,-0.309209590878154,1.0,-0.23340368383778498,-0.21353668654710528,0.3012905067044266,-0.16089271511967532,-0.1807469833452678,0.6602534392205196,-0.22031759285414237,-0.1611994951054053,0.5792299440492578,-0.2149238170864014,-0.17362926223860595,0.4671788152598535,-0.212191076926379,-0.0810273259344994,0.3062682167564838,-0.18550414633724144,-0.07025147045273224,0.633589533963608,-0.23738079038162108,-0.055458040896331766,0.5430002969656565,-0.1900512623002723,-0.06356719613112474,0.43880003216211005,-0.1561432513144584,0.04935620559804103,0.32371510189972846,-0.20823106618231071,0.028900581954064992,0.593672165971811,-0.246366538353018,0.036403987563712416,0.5238951396213356,-0.20874135237251926,0.03654010191704841,0.4382764401825709,-0.17847422713904137,3,Show_Desktop
0.0,0.0,0.0,-0.1436030438882282,0.09794327868433768,-0.014411640205264612,-0.24835676090285155,0.3270485958494006,-0.06130429429973752,-0.2479042888044051,0.5743459360104599,-0.1032171330719497,-0.22900690530752574,0.7463392148389757,-0.14969980512895525,-0.35647707794639294,0.30085670632113903,-0.13360549122520116,-0.3549779551671992,0.6474560184679798,-0.18826480247401836,-0.3398110772452754,0.8474612088798885,-0.21295110180507315,-0.3291489001475972,1.0,-0.23343434151188902,-0.2337466576424902,0.29687500128730454,-0.16266812137169023,-0.19809841432916192,0.6648494183237194,-0.2239450121337045,-0.17417473480496615,0.5872057170327486,-0.21695328013032494,-0.18579384260611406,0.4741005448696692,-0.2121184114374478,-0.101005086191733,0.3027152033343865,-0.18562181177515413,-0.08746190093480966,0.6331932608680428,-0.24000987250956446,-0.07049090174344289,0.5434641385790547,-0.1927014100372724,-0.07829448007932267,0.43694848269018227,-0.1580105505586122,0.03004457575179615,0.322268638419017,-0.20784074994045887,0.01018457681459478,0.5843918546783531,-0.24851918209003498,0.018655823374402126,0.5135548430868451,-0.21356396175087042,0.018003643998709812,0.426066001442605,-0.18478372502689364,3,Show_Desktop
0.0,0.0,0.0,-0.15070473283952424,0.09563352131401578,-0.005348870587696446,-0.26060536484879765,0.3266088162973935,-0.050555569744081916,-0.26494727499125453,0.574724945757871,-0.09413945798616283,-0.23954922564217704,0.7401972188611913,-0.14327418512294038,-0.3720452982309633,0.29448142425082874,-0.1230986656531739,-0.3723708187335906,0.6423261991430302,-0.18064155774156104,-0.360223358707847,0.8484016731669174,-0.2088081399168203,-0.34993411702076865,1.0,-0.2317753469221231,-0.2536352470383137,0.2905201064151498,-0.15779594470814343,-0.2032341753012144,0.6652015280922924,-0.2168837575253037,-0.17796210111674274,0.5872924923204252,-0.2086637722088605,-0.19237542089081375,0.47435050828608416,-0.2055918153302948,-0.11951690556231148,0.2955381594689808,-0.18672398664432754,-0.09123378789371896,0.6354869668194285,-0.24001550265722713,-0.07661169476217616,0.547509315220001,-0.1926634235759789,-0.08788714928023142,0.4410064569044719,-0.16010201830269913,0.015148344222396285,0.3127256420077055,-0.21462689297942214,0.004576420361514858,0.5783983747849194,-0.2563402077077137,0.012994236636219281,0.5122202682525991,-0.22294971991629878,0.010876533163470047,0.42620200456287466,-0.19615542466099078,3,Show_Desktop
0.0,0.0,0.0,-0.15073889991541214,0.10439559224479364,-0.007659429201985421,-0.2587659016900988,0.33634901065364864,-0.05744287413013677,-0.2593053247829698,0.5905382365662003,-0.10586629808036899,-0.23618991401296505,0.7613087686872635,-0.16020329759682747,-0.38149239538470897,0.2987709880194829,-0.12302587656145325,-0.3775905513351402,0.6436491266270619,-0.18258207305877547,-0.36743966681990864,0.8501092752788657,-0.2120480382429359,-0.36033649726269573,1.0,-0.23587304724820551,-0.26210008416259073,0.2878282351670345,-0.15828803516392045,-0.20875656682973256,0.6730034562373666,-0.22111584505257834,-0.17897109000123756,0.5964915384487801,-0.21428963803812184,-0.19145335057695392,0.48302318490125673,-0.21112282387073822,-0.12674554446476802,0.28836110897290596,-0.1881312329000786,-0.09258888637029583,0.639505979626614,-0.24573597577464573,-0.07590861788355112,0.548777090764187,-0.199337764665609,-0.08850859551390852,0.43958958935545234,-0.16636093510740096,0.009298966871239742,0.3022305425573945,-0.2167942299813931,0.004381558058366055,0.5815466609055623,-0.26150376697657174,0.013619965288778903,0.5095111382533222,-0.22775023025527238,0.008642847391831509,0.41738750642701944,-0.19988401347642437,3,Show_Desktop
0.0,0.0,0.0,-0.1540457284481108,0.10961909164370806,-0.00039702793470454927,-0.2636629636302338,0.3501426863422237,-0.04555175731929768,-0.26233831352898973,0.6083546470234035,-0.0908232460456325,-0.23288300324367012,0.7808078396904838,-0.14201529298147142,-0.3911970390905618,0.3080141331125267,-0.11188217993673323,-0.3901915276878509,0.6505485649703054,-0.16892124977522063,-0.381685997828458,0.853205869544372,-0.19699591389706703,-0.3737054580359163,1.0,-0.22027531615788323,-0.2718281997637286,0.29972913362003145,-0.15112090246147955,-0.2131817148204739,0.6888414958711215,-0.2127195822668861,-0.18233716684015946,0.6114063244810769,-0.2062966785045163,-0.19584581749782395,0.498299459601302,-0.20336057657389553,-0.13409403357855465,0.29969468114689435,-0.18481841095619442,-0.09372039780258845,0.6531600451646882,-0.24289990556146818,-0.07846201051422129,0.5611207380876796,-0.1979267998614101,-0.09472012395291789,0.4540026455872793,-0.1657677259715191,0.0062755309339819374,0.3106958998059911,-0.21660116281337918,0.005239711716556481,0.5877355758007728,-0.2621088862764157,0.013237175530990108,0.5148314658840861,-0.2295800959031793,0.0047801727139607595,0.4241640407449281,-0.20260747918646801,3,Show_Desktop
0.0,0.0,0.0,-0.1542947973805072,0.11096025663797635,0.0010477681473824213,-0.2619808360767946,0.3516220223485055,-0.04355921526778133,-0.2578900835185091,0.6108264799853842,-0.08858687139634465,-0.22848257005486725,0.7842700568427043,-0.14004424059482137,-0.3932007365943421,0.31708264613729803,-0.10969755157860576,-0.3859061125206952,0.6547369477239758,-0.16583175783931928,-0.37641361735917994,0.8532124311060815,-0.19456081745734452,-0.36977338848414193,1.0,-0.21918248968115325,-0.2764248228723093,0.30635081868561825,-0.14930713694966244,-0.2090682254160073,0.6865605204095795,-0.20996416791846048,-0.1775261230375494,0.6029168005666969,-0.20351131095888716,-0.19096410940557101,0.49103924852588704,-0.20146365043018238,-0.14007069075579853,0.3034755406998492,-0.18330194172014,-0.09299112285628995,0.6518470336206426,-0.23951412972284675,-0.07494842777852204,0.5565594785379737,-0.19371541246433877,-0.09094951135883281,0.45087165059746453,-0.16207215801615402,-0.00013197886358499685,0.31033979523563915,-0.21538204832183697,0.005480506912202626,0.5873169834927859,-0.25895125340595043,0.015916312541008094,0.5129941862887581,-0.22566191161711482,0.007603166968194659,0.42426098921796135,-0.1988034303105884,3,Show_Desktop
0.0,0.0,0.0,-0.15089986080365878,0.100614598829689,-0.005032325187751188,-0.25218033442676724,0.3400773637060061,-0.05261655995174863,-0.25099399918027276,0.5930949570388692,-0.10016004989919383,-0.22624734577867087,0.7691761577172948,-0.15346054990333097,-0.39454777328044677,0.32575630408031003,-0.11455735988955225,-0.3877675326889389,0.6577198752893848,-0.1744723998203301,-0.37719382109481187,0.8545080780328578,-0.20576402979547695,-0.36915433327770725,1.0,-0.23194184703857015,-0.2855196236037868,0.3091467094700946,-0.1505876028773246,-0.20468866625885113,0.6704634965357389,-0.21409981469170314,-0.17407718625954913,0.5806410175431956,-0.20884507293487345,-0.19154673260531133,0.4741821549323848,-0.20833075674970028,-0.15364643047937004,0.3021128334995972,-0.1821615824434557,-0.09626281868371922,0.6411538640194867,-0.2412900229569887,-0.07904608848122627,0.5400568172741422,-0.1978105207672126,-0.09875788299331364,0.43668090252577746,-0.16803016564655104,-0.018204400786826756,0.3032395283856575,-0.21245450263293839,-0.0006352353774821102,0.5773913552116786,-0.2598091741075356,0.008776799965329945,0.5036802116642946,-0.2308767996404587,-0.003328227037089013,0.4153314558089097,-0.20666568062918447,3,Show_Desktop
0.0,0.0,0.0,-0.15151545344245076,0.09768125686355766,-0.003921491126469688,-0.2580274128591873,0.33374278402607627,-0.049224710344898594,-0.2599793765762632,0.5866006871276386,-0.09475259011974417,-0.23390844631667201,0.7622957907722541,-0.14600868447102622,-0.3995230100341661,0.3263779198732138,-0.11064389797684711,-0.3927149594610602,0.6575780175575049,-0.16978983164066858,-0.3827466022993449,0.8539083536510836,-0.20051698220293754,-0.37553098714724187,1.0,-0.22631135078392356,-0.2905007972315786,0.30783504360797487,-0.14668554304033596,-0.2076919572788676,0.6666466164574987,-0.21060240142431452,-0.17668498534141097,0.5755984116134092,-0.205752915966395,-0.1951808727728943,0.4684627225814107,-0.2050543978408624,-0.15899750266239307,0.2999610927536207,-0.17838030070608651,-0.09923828476323922,0.6376218680619972,-0.239044299669872,-0.08100645325617652,0.5345238565302157,-0.1965626422285567,-0.1016777678811476,0.4302599806886554,-0.16662516853933093,-0.023743875921925225,0.30079614911336455,-0.20864092513356386,-0.004363483148578241,0.5737781478387617,-0.25720107615059123,0.005814970683437006,0.49805560123914394,-0.2290218807478541,-0.007459661869828384,0.40889408417553436,-0.20480512330786316,3,Show_Desktop
0.0,0.0,0.0,-0.15112381082148948,0.09902955990336328,-0.0026887253122588805,-0.2555861419347322,0.3354627509080057,-0.04930608615655855,-0.2548766377714246,0.5890995871332494,-0.096588160879039,-0.22980208758620316,0.7661408288831962,-0.14977522963701095,-0.3988870584235497,0.32607389539754533,-0.11270540613347395,-0.3938449958440154,0.660564996686567,-0.17258814787873078,-0.38364469071526214,0.8569225571639186,-0.2034169594909352,-0.37573671841612144,1.0,-0.22903229781408305,-0.28779769677324124,0.3081538755975822,-0.14980281415176785,-0.20799036792353318,0.6707378201511031,-0.2136152693192176,-0.17641245469022324,0.5793600524225087,-0.20831124641497833,-0.19492892534021725,0.47154676844426957,-0.20759688770619528,-0.15474711191570403,0.30062200715214427,-0.18231996879899132,-0.09938817916531109,0.6427168899839866,-0.24339658932443745,-0.08093053902404547,0.5390817240515082,-0.20026568066378023,-0.10125034989753617,0.43414537537073505,-0.170081711080552,-0.018018427196381505,0.30172160284255856,-0.21310622085785344,-0.004004917736847103,0.5785709830816622,-0.26268209403013765,0.00572013561789889,0.502369758715925,-0.23395507433763277,-0.007014242249059905,0.41229679407462405,-0.20926582284436634,3,Show_Desktop
0.0,0.0,0.0,-0.14857435941595135,0.10251141475889998,-0.004151915576965021,-0.25242175587031,0.34228069588099524,-0.05099490646715619,-0.253171703135806,0.5913839228233706,-0.09841784676629527,-0.22644404752481795,0.761623179902461,-0.15186404148786814,-0.39532100681525423,0.32721667656146314,-0.11561356172052369,-0.38929810027274603,0.6619282419482782,-0.1753814713771711,-0.3780705007727436,0.8576976291532873,-0.20559578423778446,-0.3700293995371478,1.0,-0.23079772034918594,-0.2856444524734222,0.30720203941127583,-0.15244972803790527,-0.20438616832689974,0.6660601550693186,-0.21630545191914186,-0.17359593001769114,0.5774719181092293,-0.21099565829706599,-0.19200720905430765,0.4721687464838548,-0.2104981286128812,-0.1525779253079699,0.2978150112070541,-0.18472405280501603,-0.0960289383711476,0.6389604725731876,-0.24618991321971018,-0.0786909302955858,0.5387770293493606,-0.20382163754426857,-0.09866202106449784,0.43491825517508226,-0.17401426234250844,-0.0158931194998649,0.29790906156811664,-0.21544606572175673,-0.0021949995493931785,0.57551069386984,-0.26555067935444254,0.006833180279808419,0.5052332191113935,-0.2379415574025562,-0.00513536253467442,0.41749937524858066,-0.21406618976509717,3,Show_Desktop
0.0,0.0,0.0,-0.14795351398912737,0.10076746034814082,-0.0030705592459266398,-0.2527035479267562,0.34050094964064526,-0.049665812607795096,-0.25360182240775975,0.5908293947839928,-0.09674702941951158,-0.22613387844943,0.7618463573870551,-0.15022020757771953,-0.39468175085636836,0.3261496438163107,-0.11734778306779646,-0.38869295464633313,0.6613814139155801,-0.17665058157978775,-0.3777242966697154,0.8575302020377942,-0.2061914792216926,-0.3696129377678284,1.0,-0.2310184994749993,-0.28507461088598174,0.30551123390680096,-0.15463115944872696,-0.2053004650905822,0.6704722851143308,-0.2177339507849836,-0.17421686622918658,0.5839527853006302,-0.21154722934299766,-0.19187293294096178,0.47831166896227517,-0.21053059201811153,-0.15221580229167464,0.2957122697134716,-0.1870449968967611,-0.09649859292670347,0.6410081302381127,-0.24812747771658633,-0.07922370646962765,0.5407130996631899,-0.205298087999741,-0.09901859978206362,0.4361172050824143,-0.17538753377721755,-0.015563825176547181,0.29582464596780517,-0.21769835816042923,-0.0017285511121121907,0.5739351982125065,-0.268255290790497,0.007043334980701115,0.50145684576118,-0.24054900701274892,-0.0053342351766117475,0.4119143838418148,-0.2166528503542025,3,Show_Desktop
0.0,0.0,0.0,-0.1480786291367043,0.10360720121189328,-0.0012718649635603356,-0.2510044286408859,0.34092259051715346,-0.048529891084874,-0.24756115227666062,0.592333202450233,-0.09645201146960408,-0.21767319287176534,0.7656652780628025,-0.15106728854904564,-0.39271864725180855,0.3247074787241363,-0.11921104317017789,-0.388781032654986,0.6611325726412451,-0.17881252273391235,-0.3779885945661475,0.8574299097691661,-0.20808388821427765,-0.36991178658948287,1.0,-0.23249160334166952,-0.28170050225827525,0.30408666432050224,-0.15749794816675167,-0.2032737621008091,0.6706968930167426,-0.22113999879295637,-0.17127817998810071,0.5855274447877553,-0.21477297142293267,-0.18822764369653947,0.48028254885045096,-0.2135196870278577,-0.1485099995547276,0.29531091360206607,-0.19048693955279553,-0.09357148087910756,0.6413053980303913,-0.25127964545928694,-0.07630341638420082,0.5412474144863345,-0.2079847139063236,-0.09582082205790349,0.43657601631994913,-0.17776188021483014,-0.011896991688125812,0.2969598525800796,-0.22140456583464543,0.000221123338452126,0.5767597899311929,-0.2708077025068185,0.009107599278879504,0.5033667950024326,-0.24190351298416402,-0.0030587638134109913,0.4134921790498803,-0.217272854993808,3,Show_Desktop
0.0,0.0,0.0,-0.14510261332734165,0.1032509242401491,-0.0022525281209295695,-0.2472124308469461,0.3409810694910863,-0.0485660945787394,-0.2443087745938318,0.5913949465693391,-0.09542322016872559,-0.21531847149217787,0.7681403966342226,-0.1487013248831856,-0.39028803266519463,0.32940642176337276,-0.11636672814527492,-0.3870057344151513,0.6649879062594678,-0.1740462707202877,-0.37726327012312716,0.8591534989445385,-0.20227861674114664,-0.3704477957647004,1.0,-0.22615910897247918,-0.2814002704830451,0.30941312897271717,-0.15347244044646086,-0.20321351284439565,0.6725984390665206,-0.21551354558015204,-0.1718873941055778,0.5858558082160744,-0.20921416572982127,-0.18882536171997943,0.48112519412949073,-0.2080610862204274,-0.14901361556970016,0.3009759638207205,-0.18542670227181307,-0.09435495855599763,0.6437802014618551,-0.2452737989480241,-0.07678510508376037,0.5423869563747065,-0.20223139867268666,-0.09560347363443,0.43914586328315247,-0.1723068712990364,-0.012495920175315894,0.3030846432115042,-0.21539006472207142,-0.0010912982872058696,0.5807807327110176,-0.2646205203476729,0.008696446398762565,0.5059494562293808,-0.23583571272754555,-0.0021943450009486447,0.4166481975690466,-0.21123228433271635,3,Show_Desktop
0.0,0.0,0.0,-0.14644516945067018,0.10228181270581904,-0.0020000238364175963,-0.24855999290621839,0.3421546546316992,-0.047700028346472724,-0.24436300185192547,0.5973028137647902,-0.09367726301508815,-0.21791746548151592,0.7751949617842899,-0.14582341733949208,-0.39332948067607,0.33213130426717463,-0.11316568516847894,-0.38745322028128476,0.6633740512321878,-0.1692264042700148,-0.37682820308192194,0.8574293399215811,-0.1972506026268259,-0.36994348416792283,1.0,-0.22167135356884138,-0.2841415861736488,0.3143564890265517,-0.15038451508181452,-0.20508685295997212,0.6792586590510437,-0.21068759078652977,-0.17300991396751333,0.5923125422339909,-0.20396182965739543,-0.18934053311399687,0.48600146156362845,-0.20277561890888934,-0.15168347872528007,0.3060326293570445,-0.1825282946201276,-0.09527079186375863,0.6488804769141234,-0.24067488109444676,-0.0769099650305104,0.5479408566149004,-0.19715663040468862,-0.09597503315017923,0.4439190289672942,-0.16748724547428617,-0.014425816472861699,0.30761389035826653,-0.2128274463220746,0.0008437523250990429,0.5839346230562172,-0.26144590177343174,0.010778145037257643,0.5083166231968698,-0.23275626389263784,-0.0009711142435185157,0.4184661327984459,-0.2084389843171232,3,Show_Desktop
0.0,0.0,0.0,-0.14734494525184005,0.10467117132760366,-0.0015234055028947636,-0.25411709999577453,0.3452350200880488,-0.04478927811191301,-0.2516526791312008,0.5986488880511625,-0.08832058647895481,-0.21960203660774316,0.7737326392148475,-0.13814810606070682,-0.3925669290410982,0.3343971803962372,-0.109540885080144,-0.38636587217236157,0.6630759374017139,-0.16550708200237488,-0.3759109814271397,0.8569406306009913,-0.1937866366149974,-0.3688274485304467,1.0,-0.21831888934674012,-0.28366937082944277,0.3156860216230761,-0.14677911143504063,-0.2043922305295392,0.6817563359091374,-0.20913631600262922,-0.17228767573182333,0.5950723526854265,-0.20400968003814376,-0.18836318694841925,0.48683123163408637,-0.20272435497146823,-0.15140554575685655,0.30693300802716134,-0.17909458062133304,-0.09207512884031385,0.6483674582076591,-0.239174901729056,-0.07411604220259374,0.5469294280558085,-0.19769885565197776,-0.09455173927827827,0.44182847200466085,-0.16815024578078758,-0.01443883601354646,0.30794506985545905,-0.209477808128308,0.004252606738224371,0.5839609429706718,-0.25826708693219835,0.01344649020663904,0.508238085929375,-0.23041520022961987,-0.00038401246641578233,0.41844510701729604,-0.20642241792963306,3,Show_Desktop
0.0,0.0,0.0,-0.14395926680377275,0.10452039049299962,-0.002557869190682924,-0.24745470532712424,0.3448817398869584,-0.04797895626471784,-0.24222784173397605,0.6013196990581826,-0.0931267734546499,-0.21573143061536754,0.7787450177531663,-0.14427588708486372,-0.38870765202326074,0.3309686366980758,-0.11504132999084722,-0.3820024044942611,0.6641229622677731,-0.17048319454876165,-0.3724383336603589,0.8573742798709317,-0.19755952557954137,-0.3680128866017215,1.0,-0.2214760025958416,-0.27829941482810605,0.31326725622608576,-0.1518303103381598,-0.20197923053247754,0.6784992837242879,-0.2131486144406263,-0.17115874212753215,0.5933589506083736,-0.2069648544490164,-0.187661463779512,0.48640340210982874,-0.20562582336788618,-0.14598356325433015,0.30567642997028716,-0.18330887654387534,-0.09038350721144398,0.6464091858139732,-0.24180045844893877,-0.07269998673956156,0.5463890260330297,-0.19911615915056766,-0.09281515845897721,0.44200572531254595,-0.16968378624485655,-0.009582583254105067,0.3086032680701202,-0.2128585525439008,0.006389476202895473,0.5830381540164857,-0.26104685125900834,0.015615511874942811,0.5064480309064447,-0.23278566417085872,0.002216760378658099,0.4166630375798868,-0.20885889114993023,3,Show_Desktop
0.0,0.0,0.0,-0.144674285666186,0.11013250958990613,-0.002913208105670905,-0.24781573450185096,0.3530302683952361,-0.0472633126047631,-0.24469088123981397,0.610472838509059,-0.09164656918116146,-0.2184796127380394,0.7905575889924226,-0.14179688043275407,-0.3925996120217312,0.3385950076784443,-0.10820356284554745,-0.3855854032893566,0.6657572248305762,-0.16403744544477905,-0.3763390857778245,0.8575284445738788,-0.19242204501652907,-0.37119421038120387,1.0,-0.21737523534844796,-0.2827941037272041,0.320925962037811,-0.14537830796402673,-0.20077326625563668,0.689125542007226,-0.20807228575137546,-0.1680347630641453,0.6003177668613215,-0.20279316446017875,-0.18526346071433258,0.4911471981167366,-0.2014565853484356,-0.1495857007058029,0.31189255641071495,-0.17797873821108126,-0.08968715074301709,0.6559931518295279,-0.23949762601221233,-0.07047317355644298,0.5537556707388678,-0.19687883541608464,-0.09156580928921348,0.44856936004876835,-0.16649057409001825,-0.010820545072579433,0.31290009175842026,-0.20879100777832302,0.009984081948298888,0.5898199730988309,-0.2600350816277179,0.019919474744730617,0.5113988319059847,-0.23232907679461812,0.005410932728179441,0.42039831192234756,-0.20801784055146977,3,Show_Desktop
0.0,0.0,0.0,-0.142516299188584,0.1119679620045274,-0.0029622159866293206,-0.2433329007884112,0.35434293336717726,-0.047224950606984034,-0.2352401683316756,0.6122805214699927,-0.09141727948403122,-0.20829981729484148,0.7910108632631918,-0.14110110538529183,-0.3898594405158732,0.3381114752901729,-0.1062238061864275,-0.38251680123245163,0.664935427291146,-0.1610379547900086,-0.37210723541410834,0.8578702250457052,-0.1886792164543228,-0.36696747874601826,1.0,-0.21339463788361115,-0.28131450112838075,0.31931001501961664,-0.14374464916101926,-0.20217190948132552,0.6892866191973731,-0.20579608421584422,-0.16895848728898005,0.6039205001975353,-0.20102662618664963,-0.1858474742012001,0.49541437012218037,-0.19990747296950834,-0.1482630500131064,0.3106126004505761,-0.17670883506076215,-0.08684970817255165,0.6554493579556675,-0.2375192081788563,-0.06650999540027078,0.5551152304214142,-0.19523598781020995,-0.08832041595655603,0.4506740867869527,-0.16511942486693484,-0.008561829695572737,0.31339035632357076,-0.20788974338940983,0.0150322503319538,0.5899920032173745,-0.2584563159957908,0.02590282123468854,0.5126457047112565,-0.23080525910881206,0.01096619044200132,0.4228198177357813,-0.20672094315328407,3,Show_Desktop
0.0,0.0,0.0,-0.14472640146442892,0.11172667467198863,-0.0018121280516301698,-0.2474756833073241,0.35371356145344435,-0.044966917223896036,-0.23895906720562754,0.6115914768338638,-0.08835550413625735,-0.20980297835523756,0.7900897565607754,-0.13722242054504055,-0.3939793605272513,0.34082851898221894,-0.10279488755802925,-0.384306315998885,0.6683423148888527,-0.15700861071544853,-0.3742957627521293,0.8594813340352566,-0.18450911013489799,-0.36970858838942716,1.0,-0.20905943724585022,-0.2849889379263906,0.32284156206908143,-0.14073438029177088,-0.2044744591869381,0.6931585924191043,-0.20296968333155338,-0.17113064883094498,0.6054237758558371,-0.19849432268785702,-0.18872137828272406,0.4947020600643946,-0.19702430722787362,-0.1520927918235722,0.3143048492708476,-0.1742130680138761,-0.08900479546049533,0.658411486808607,-0.23508166129763453,-0.0684212295713048,0.5556827151745235,-0.1934535667113331,-0.09197282116144102,0.45046120884772367,-0.16350244882431797,-0.012558863989155393,0.3159180433558523,-0.20580830036621633,0.012636273486928608,0.5928341465534641,-0.2557183014872481,0.02417922052026543,0.5132115310875013,-0.2278605791517258,0.007910655214747469,0.4223982810460157,-0.2036296695971567,3,Show_Desktop
0.0,0.0,0.0,-0.1492088286041035,0.10739825448184351,-0.00040116388078920417,-0.2532311312296529,0.34958927226576664,-0.043272568947207976,-0.24463470501586593,0.6083899997476327,-0.0866317799914971,-0.2132886975325122,0.7875098290410973,-0.13589399589568255,-0.39740921751535124,0.3366971234115805,-0.10366745285245203,-0.38928299137568056,0.6664353853448998,-0.15776205579571853,-0.3785645216776845,0.8589110883537817,-0.18469278787000484,-0.37310143437587584,1.0,-0.20844739689333022,-0.2882463429989998,0.3175153014261407,-0.14183266890540133,-0.20826144186719903,0.6904643192525678,-0.20337933908528608,-0.1744581741095088,0.6059205361874743,-0.1980848563651388,-0.19057912975795321,0.496367156524823,-0.19615877108625304,-0.15513713504703994,0.30931602160263844,-0.1752441862835445,-0.09428092594880132,0.6559136624999502,-0.23518531497624218,-0.07522304617922593,0.5543488691953867,-0.19312918085764813,-0.09713192897588033,0.44792833035141477,-0.1628211686782708,-0.01569126716263477,0.3113895840057593,-0.20656045344617924,0.004540950574534017,0.5921206953116802,-0.25511772205527694,0.01462036657010298,0.5143599467903532,-0.22639232869439574,-2.175007404987043e-05,0.4223526507197116,-0.20156640400078954,3,Show_Desktop
0.0,0.0,0.0,-0.14881728903731115,0.10325535517751909,0.0010256438529737553,-0.2583233268908227,0.34094593713606386,-0.03957842714974422,-0.26049986881571263,0.5935126249376358,-0.08084912468878756,-0.22947759842596863,0.7666090132424717,-0.12865260432387465,-0.39526122493261845,0.3317576758768772,-0.10575255660152322,-0.3876945659829955,0.6626779085864669,-0.16024669578848186,-0.37789390675893125,0.8567891562179981,-0.1874986098492889,-0.37228418752359055,1.0,-0.21143316364325676,-0.28671249884029487,0.3147576982627157,-0.14363148244632568,-0.20953824153959566,0.6819172885421216,-0.20442539354737294,-0.1763914036579606,0.5962639140570419,-0.1982497464012256,-0.19237235498734176,0.4863531304221458,-0.19606694298952562,-0.1543044795699758,0.30746908206726137,-0.1765346236705593,-0.09680013059906345,0.6486263136896032,-0.23513743386676442,-0.07652969248201286,0.5480669173689593,-0.1933310620386423,-0.09755666553482449,0.44173410281140346,-0.16375737434498897,-0.015862105854240527,0.3090031054109846,-0.20737275314591097,0.0021043506651970316,0.5841871839151326,-0.2549752973721633,0.013043700144190174,0.5064527486310568,-0.2268470820935707,-0.001113971705691622,0.41469544762489324,-0.20282437638725678,3,Show_Desktop
0.0,0.0,0.0,-0.1497655310288897,0.10788934189676472,0.0038724973923960878,-0.2540295950211479,0.3454819238909915,-0.03814793669539832,-0.25029639895592126,0.5988507589796852,-0.08176771290768306,-0.2179367218307993,0.7692348777187653,-0.13181553731821008,-0.39599680936197973,0.3331918541827697,-0.10448070047421024,-0.3909961541300585,0.663380209784775,-0.1586835315801344,-0.38072145099239185,0.8570894467989075,-0.18588336910538036,-0.37418132592276326,1.0,-0.20966040229978716,-0.28876355297639505,0.3138545456673887,-0.1431449524838862,-0.20464437490712128,0.6793646981852189,-0.20123731872308587,-0.17004634099309746,0.5920380541790627,-0.19288473761334085,-0.18759322421906272,0.4843335348347629,-0.19045127454517105,-0.15762961479191753,0.30556821939831175,-0.17662441771058182,-0.09830112833213071,0.6470397337189501,-0.23173560064970833,-0.07772530141481318,0.5466862499174863,-0.18757282689527496,-0.09821089167796929,0.44169728480346454,-0.15771703401099607,-0.020989370935082612,0.3069248583934884,-0.20804232089039143,-0.00346037245138358,0.5811631553497979,-0.2534176395233338,0.007094389491315657,0.5050113047829979,-0.22409784017063136,-0.006361115058400187,0.41430070495150473,-0.1996555148874915,3,Show_Desktop
0.0,0.0,0.0,-0.15108546864410544,0.10528059748294137,0.00016037541023303966,-0.2562788639126627,0.34184526543534,-0.043680017356448705,-0.2510321161533496,0.5946270282532738,-0.0883239075462889,-0.21553042208388773,0.7644953179961905,-0.13922927601177595,-0.4029994313993414,0.32863218130330935,-0.10800637700257659,-0.39842269543993314,0.6614156426969647,-0.1641295679118513,-0.38991771894596394,0.8548490723722355,-0.19376990708786831,-0.3853886437871548,1.0,-0.2195269566845743,-0.2949804895194549,0.3094742445336837,-0.14558110276419742,-0.2138706570313362,0.672690466808718,-0.2060550873963092,-0.18070945740492544,0.5835766239930641,-0.20053489898756205,-0.19704777471559615,0.47513117072382954,-0.20012817860357351,-0.16358729449121526,0.3024090789034703,-0.17815979728209297,-0.1059396481106471,0.6425914939192694,-0.2343891694724299,-0.08559449460105434,0.5421789559946285,-0.19180262025973033,-0.10493942084901017,0.43692296025373406,-0.1629712561889426,-0.02669427041666501,0.3053448055938678,-0.20901915074668811,-0.010174403616829572,0.5804517967837647,-0.25439706395222933,0.0012474625901282383,0.5031795112794928,-0.22550883372604189,-0.011102936692897428,0.41197037950257553,-0.20159853866021762,3,Show_Desktop
0.0,0.0,0.0,-0.1516999899821314,0.10842820943904574,0.00022622136352253328,-0.25791438067070566,0.3441652995517675,-0.04281958256939548,-0.2516530907321857,0.5976636800505988,-0.08654224857894639,-0.21646880630219148,0.7675808914405654,-0.13634795197695695,-0.40371237307681945,0.3290647664563023,-0.10512649344202182,-0.39915696909589266,0.6611812800459764,-0.16225160888961587,-0.390794775050836,0.8551528506207213,-0.19235028896422174,-0.3870507289077683,1.0,-0.21810788925907748,-0.29423920472934545,0.31006182188652825,-0.14371502214427326,-0.21942818722232663,0.6813859619469105,-0.20807702022647398,-0.18628141193841852,0.5945173694460542,-0.2048525442053533,-0.2013814567543424,0.4835931970615663,-0.20405689269274058,-0.16215104390503843,0.30276090342457296,-0.17739772491476324,-0.10555562020738371,0.6447125876756779,-0.23752279934687584,-0.08546120810286878,0.5462771411200302,-0.196605543442091,-0.10504048529127055,0.44127368369397796,-0.16673272317282598,-0.02422826808141866,0.30668618265740116,-0.20910873455234347,-0.00848808878679868,0.5840745348954264,-0.2554788318900562,0.002793935535544594,0.5071096349516355,-0.22628939952885763,-0.00973922373155758,0.4158679294986191,-0.2013167492866669,3,Show_Desktop
0.0,0.0,0.0,-0.1562565702099986,0.10505129171144748,-0.003987075517393055,-0.26760408192047974,0.3396472099215558,-0.049695575668426265,-0.26643817571141093,0.594010319065721,-0.09556884309180701,-0.23449340661062698,0.7646464263934069,-0.1474036782962491,-0.417855888279333,0.33363754901947984,-0.10786539919176953,-0.4171023953761392,0.6616220240621494,-0.1661743397703006,-0.41334178673147315,0.8538466171825111,-0.19768175121203158,-0.4124893733994805,1.0,-0.2248385103829021,-0.31179229452300766,0.314641643606998,-0.14540322278889503,-0.2283008408562918,0.6857039249536739,-0.20971535608139782,-0.1920105103771774,0.5948287795112612,-0.20647609972143455,-0.20783810545505357,0.4827269587224312,-0.2066817350517635,-0.18060585008233576,0.3067489850045771,-0.17872024758233743,-0.11607757320438201,0.6508743847671681,-0.2390877043283189,-0.09278442398275194,0.5510673448973382,-0.1984276128775251,-0.11370691084886134,0.44560894501852394,-0.16996361656728975,-0.043512501191615725,0.3097911146602034,-0.2106538350834964,-0.01893477389336443,0.5884103780915082,-0.25840375444539104,-0.004992706658813973,0.5102911525307307,-0.2306121334301214,-0.018670822848203174,0.4169498522396499,-0.2070528294904113,3,Show_Desktop
0.0,0.0,0.0,-0.15596263859780493,0.10395547936058626,-0.0061345127498813835,-0.26670662092310915,0.32528263304556115,-0.05583342271941978,-0.27245778552696526,0.5633941621872268,-0.10639336797672012,-0.249404971522427,0.7306558241115513,-0.16217688412721973,-0.42406513378284394,0.3312442790322991,-0.11221173314709006,-0.41862610350246604,0.6578837197194826,-0.17738489155657472,-0.41665339863252476,0.8519481925588931,-0.21279296273627585,-0.4155679844103456,1.0,-0.2413887122720408,-0.32071598431499115,0.3059763876563193,-0.15021692733330724,-0.2280509176788974,0.6673222949135977,-0.21885564377318686,-0.19030148029802568,0.5708955113808639,-0.21560938701316665,-0.20945217675620603,0.4580558839233443,-0.21519282920816218,-0.1908483332545357,0.29468438037589584,-0.1851896847438664,-0.12100072416757603,0.6374163187013426,-0.24892017864082316,-0.09532789531293838,0.5348036148901866,-0.20745243614853065,-0.12015122449537687,0.42796764996818465,-0.17807441740500404,-0.05555600291708062,0.2932533461556891,-0.21930931486748356,-0.027324150976701385,0.5745066224698284,-0.2703344867665925,-0.010975966294914555,0.4973589768755107,-0.2429138850880194,-0.02665475639689996,0.4031751754430095,-0.21864621878360926,3,Show_Desktop
0.0,0.0,0.0,-0.16434460570042955,0.09567759668266197,-0.005635113203527896,-0.27205311675055216,0.3160136303654708,-0.05513866975092177,-0.27290694544007876,0.5570846817742487,-0.10649223135299883,-0.2500014185819099,0.7255924313296022,-0.16247818203300396,-0.4328078433078556,0.3309648532146012,-0.10393345438181621,-0.4265706538906027,0.6539804462669544,-0.16947795773944196,-0.4229976401101828,0.8500725210596366,-0.20710186298825808,-0.42146037018052557,1.0,-0.23784775414456627,-0.33466065314033056,0.30262158665549455,-0.14096670743917547,-0.23214013256490326,0.6578963628190312,-0.20945024652993383,-0.19017327820408791,0.5563990338511473,-0.20767104927706498,-0.21061480709492708,0.4429185494401015,-0.20888238031040418,-0.20847117220890857,0.2890101356101258,-0.1756403563660025,-0.12636916797333822,0.6299465163095939,-0.23864149012818892,-0.09867403572682779,0.5240036668766168,-0.1976878184914417,-0.12454597497873704,0.4160952933974154,-0.16929169005366607,-0.07625839248819898,0.28623775369761256,-0.21010706965672793,-0.03599541262134392,0.5652758889622348,-0.2619075535192554,-0.015511247463102685,0.48952684618978354,-0.2366056280622671,-0.029401213423441656,0.39693568969245774,-0.21392409922817118,3,Show_Desktop
0.0,0.0,0.0,-0.16907985762698285,0.09286281221661968,-0.0023434318605172126,-0.27830688744983345,0.31217612907355824,-0.053543678795346175,-0.26682121959620136,0.5538561715199769,-0.10729120605974754,-0.22925095502478332,0.7152474463617159,-0.1670295624549281,-0.4290093466165594,0.3293129673259188,-0.1127202769866606,-0.42545402704898816,0.6537922741077239,-0.1786614835127582,-0.4218336711478638,0.8483211318207149,-0.2145840824212003,-0.42013722823472305,1.0,-0.24425062590109187,-0.32818197920172615,0.29748954254244153,-0.15197394578599013,-0.2250931068162869,0.6527835040209813,-0.219085511767432,-0.18637653759284664,0.5493205156250184,-0.2147466928916573,-0.20989816865382252,0.4385257017227952,-0.21541928482911557,-0.20163714045923664,0.28138401716393674,-0.18795594533120707,-0.11532929160273325,0.6238848291362774,-0.2473651829255068,-0.09280519850809164,0.5113476227374248,-0.20689009957806787,-0.12296446290631509,0.40368374276244967,-0.1809300772866289,-0.07142850971362413,0.2740016471158389,-0.2232263547027228,-0.027243468777258018,0.5587962622959318,-0.27132425794860926,-0.010362455812799041,0.4767015582407043,-0.2449164432204717,-0.02821273007683006,0.38150863086343195,-0.2232177538832493,3,Show_Desktop
0.0,0.0,0.0,-0.16387403359646388,0.09895542270036711,-0.011684715197872524,-0.2700165346637071,0.3167998972628294,-0.06615397401988261,-0.26826082751460273,0.5553423648956568,-0.1211826410691449,-0.2381901893047659,0.7213267858669777,-0.18057582643704037,-0.43831214165688026,0.3323143148939114,-0.1124756518511035,-0.4388717037557033,0.6513156314540992,-0.18078441123571812,-0.4430231437253946,0.8453703101746628,-0.22100779092354186,-0.44883605639143376,1.0,-0.254281039451739,-0.34641593630295425,0.30014914183398017,-0.14742707627251037,-0.2406356414075633,0.6580544756801454,-0.21646290009619698,-0.19868417639408545,0.5540116335114047,-0.21422257005623901,-0.21982063588800238,0.44294396116483714,-0.21566857251386073,-0.22329129798871492,0.28250840424002194,-0.18030485234583038,-0.1325181399319975,0.6177845792403662,-0.23989345210672947,-0.10706627091932794,0.5074207429806141,-0.19842260682128635,-0.13475246522772713,0.40364194943140674,-0.17174082607995825,-0.09459625861200417,0.27502997568318777,-0.21398758439877077,-0.04201871814883503,0.5467081031381273,-0.2624268152662946,-0.021239661031387677,0.46742226097995504,-0.23689324170049172,-0.037263200909774793,0.3780372396623124,-0.2156111471432239,3,Show_Desktop
0.0,0.0,0.0,-0.1533201734495267,0.10549621951288357,-0.010411351932839333,-0.2486704471537831,0.3231542604339751,-0.06540983862264871,-0.23757957558433837,0.5645981405548353,-0.1211086998818451,-0.2185679970192675,0.7331777889011623,-0.18071328434189154,-0.4273861227833468,0.3291002007854531,-0.11129363294395185,-0.42647048215480865,0.650666399454536,-0.18363907291562484,-0.4286027690954744,0.8454856831378482,-0.227647432860401,-0.43463660404744836,1.0,-0.2629645379180492,-0.3377926709859689,0.2992229756642511,-0.14612174097856898,-0.2329794968006679,0.6529609111306398,-0.21831874610138935,-0.18921253337799415,0.5547407728703162,-0.22030374490018928,-0.20882541764440588,0.4467833869325741,-0.22470835424671762,-0.2178346533988944,0.2851662297811056,-0.17890211456119995,-0.1254336708611444,0.6205986837607159,-0.23955791569892146,-0.09692884818399249,0.5144136167789146,-0.19927674549796665,-0.12608633335403285,0.4114400350261159,-0.17349142174788904,-0.09055895947847217,0.28288340079498747,-0.21226626981019336,-0.03550181309075992,0.5573409946689298,-0.26164809869532285,-0.012494754550603768,0.4788479017261527,-0.23663308761480106,-0.030962499976477806,0.38739008078462517,-0.21528818575253325,3,Show_Desktop
0.0,0.0,0.0,-0.15132531628934875,0.11150153596089432,-0.009587843456921402,-0.23929028941308056,0.33106431657820895,-0.06623256640435254,-0.22754312396695905,0.570945617287509,-0.12490120689670309,-0.21351252365912984,0.7410477124245203,-0.18671536541969547,-0.42709354643190006,0.3433042666926088,-0.10324256967359267,-0.4256376060291174,0.6577750465514786,-0.17357725901674279,-0.42527214634933935,0.850924380202954,-0.21502545532340586,-0.42712236953769706,1.0,-0.24850596999947858,-0.3420710467144294,0.3083221389843084,-0.14028360300198978,-0.22906551873372114,0.6583956280735634,-0.21021207529952476,-0.1851863706739487,0.5572648264601302,-0.20972050961662123,-0.2099533222974524,0.4498925837952174,-0.21239873845131918,-0.22315139491642202,0.2877473173867502,-0.17634602700709912,-0.12125341895906042,0.6170624292742719,-0.23592415347061887,-0.0939453940165749,0.5116172058763274,-0.19371784656612054,-0.12759662562827884,0.4129944470104305,-0.16724533779276823,-0.09441411355422868,0.279377803125683,-0.21338841694825203,-0.030430908184212756,0.5544037498192166,-0.26347214158244436,-0.008232083490589001,0.47890522215693876,-0.23894562499358696,-0.028999426133143245,0.39103525124822136,-0.21819218271651597,3,Show_Desktop
0.0,0.0,0.0,-0.16028505469525772,0.10934329955401992,-0.013020989290896639,-0.26064577125803057,0.33080047772145105,-0.07386286167552773,-0.26038010095471525,0.5758228381705649,-0.1369152432731619,-0.23560784087981984,0.7530577552363164,-0.20413486287144833,-0.4649550066401406,0.32911408574893075,-0.10469869675102547,-0.4515226077666603,0.6488701250590805,-0.17470749071295233,-0.45144394154477174,0.8457517895554866,-0.2190640826755444,-0.45722352380368725,1.0,-0.2561550243854101,-0.3783129353625607,0.29372123892588997,-0.14268432524886285,-0.25907002134579227,0.6530646597536333,-0.2118750976282711,-0.2085292779831436,0.5525518659417624,-0.21356157044994034,-0.23244663915747427,0.4424371846580008,-0.21857045819687992,-0.25501624501949033,0.26885103010709116,-0.17960171415445159,-0.14544495086554673,0.6068425545291127,-0.2364865285336991,-0.11469179415095215,0.5018927594251108,-0.19836898454327292,-0.15102426978261443,0.40013565678695456,-0.17673989683051636,-0.12273159521677031,0.2509642473744643,-0.21810147249634548,-0.05209757457404222,0.5343304081572263,-0.26433992946123286,-0.02919204049830888,0.45727664169452054,-0.23977585594477835,-0.05204566942044258,0.3622941722154785,-0.2208417533371831,3,Show_Desktop
0.0,0.0,0.0,-0.1814978770317093,0.11410245370379704,-0.008618442950636424,-0.2944670839630349,0.3452604595597591,-0.06696861758160043,-0.28915518900056353,0.6019670509462608,-0.1274131099660809,-0.23417610929264,0.7565611735819563,-0.19386918035611536,-0.481892510795868,0.3210876552359235,-0.11298792706652354,-0.4599189321967938,0.6511464514250019,-0.179007846898916,-0.456776805002356,0.8444201878010569,-0.21874825564945963,-0.46254134862393287,1.0,-0.2541158858066232,-0.3820111119856156,0.2847993199326236,-0.156410127841671,-0.26944732224087664,0.6656267651374298,-0.22333760782414597,-0.22263352734305233,0.5604323193775714,-0.22138243880233074,-0.24505415923514967,0.4496881755967406,-0.22563783813517385,-0.24774314406170997,0.2630573318900032,-0.1975919707799919,-0.14015733757999677,0.6263135584730362,-0.2564730571960188,-0.11544721354266202,0.5120440049211245,-0.2207683268035907,-0.1521220405296228,0.4031015278764224,-0.2006898287545426,-0.1071794018775827,0.24882605311063885,-0.23929378162559695,-0.04609602462816838,0.5612099106934316,-0.28601422442312036,-0.027901128400198028,0.48260735995528975,-0.26174917884372084,-0.04745824941484196,0.38319988042373543,-0.24440821365047724,3,Show_Desktop
0.0,0.0,0.0,-0.1761373560299293,0.10402151294802121,-0.020919535398082646,-0.28909225327088356,0.33474961203114995,-0.09292939519602766,-0.29308637501580986,0.5805086390407416,-0.1663561597600002,-0.2619609508264958,0.7347991997703305,-0.24577551853565818,-0.49512663276498153,0.27660807149200206,-0.13940502902905283,-0.4798738022151867,0.6271693799391161,-0.21648533423121488,-0.47983189354897643,0.8383134380096379,-0.26182430005582685,-0.4812480049467283,1.0,-0.3006368694435287,-0.38244058672801895,0.24241825384238058,-0.18296952671730055,-0.2931661771466773,0.6626867654272409,-0.2592651109659325,-0.2429665379794569,0.5633709223118728,-0.2580129536315981,-0.26168540761991566,0.4450750123300148,-0.2630958014601436,-0.23793858548464486,0.22654340165198775,-0.2253106217698361,-0.15881728223052477,0.6277036526957729,-0.29406505103904934,-0.13293604586966254,0.5141830721110123,-0.25379582090041114,-0.16655516117353633,0.39325716328687077,-0.23018775325631055,-0.0907591140056253,0.21795919350661605,-0.26907863998680553,-0.05722565633488387,0.5668865658717237,-0.32581638659546597,-0.03925294498303912,0.4973189328129632,-0.3001469521165287,-0.054711554612429325,0.3904973814193871,-0.28129468158697046,3,Show_Desktop
0.0,0.0,0.0,-0.17293350231677468,0.10158996917853888,-0.019529725742808847,-0.28908948658236555,0.32594760497692826,-0.08609670977863178,-0.2993496168760282,0.5795465202885518,-0.151964748472306,-0.28038702021853623,0.7413797888931299,-0.2231822535763475,-0.4637892595899946,0.2745361807307539,-0.14371677814137965,-0.46671743404501576,0.6208041627858978,-0.22389046476502414,-0.4685166777933345,0.836245278644248,-0.26978148964486554,-0.470680628600037,1.0,-0.3067693716288669,-0.3492525446122337,0.2517227066038565,-0.18432127236911203,-0.2728866930965896,0.671027304821934,-0.26071544314993284,-0.22378446806215047,0.5855583434252454,-0.2584987354512874,-0.23782498026312082,0.4682492621234941,-0.26289308403619016,-0.20561113788143098,0.24755729120906986,-0.2231565220701111,-0.14183882393869016,0.64524103826732,-0.2930751600073667,-0.11414362604712935,0.5417914929929123,-0.2511170904671885,-0.14251840282683448,0.42062122492404197,-0.22505286938575988,-0.060757324349079496,0.2526396915057439,-0.262895483973917,-0.033681101700804565,0.5872323312932471,-0.31987975144301156,-0.016855910451854014,0.5184854264303264,-0.2931588865304976,-0.030341390098190844,0.4116849837565954,-0.2724620740025723,3,Show_Desktop
0.0,0.0,0.0,-0.173834823176315,0.10615240173808273,-0.004259268857843709,-0.2964446967717051,0.3379396586919977,-0.06429261027316699,-0.31199339142199345,0.5784224194526618,-0.12603102019769657,-0.28586945712890255,0.7369765755619926,-0.19614730271456923,-0.452878006239643,0.2646875410012569,-0.14562465299925592,-0.4411475848157447,0.6308774780029657,-0.2176390061165975,-0.4356954102292063,0.8431083316019995,-0.257056428495899,-0.4326437561585873,1.0,-0.2896899269595251,-0.3296795470032505,0.23996417503088915,-0.19202386408111735,-0.2554806998557733,0.6809178450256532,-0.2580966947740953,-0.22034929589210875,0.6058300519432733,-0.24921910568342878,-0.2364371405276519,0.48965797123072874,-0.25174427409246475,-0.18223766301448205,0.23558626900636043,-0.23362913999763774,-0.12618316749313255,0.6458481745497263,-0.29349838635310194,-0.11202738556154711,0.5465859385937486,-0.24707865173705856,-0.13892543172923724,0.42078131628663784,-0.22041615791753355,-0.03522457429344272,0.2400860538757432,-0.27472656024640085,-0.026881920533690075,0.5800132376795474,-0.3258134239058757,-0.01899892878553534,0.5173150216714676,-0.29544606567483495,-0.029771666723540747,0.4107715733088832,-0.2736994673081011,3,Show_Desktop
0.0,0.0,0.0,-0.17591940049886035,0.09356442412836219,-0.008378009057944944,-0.3092320238576234,0.3236891342047282,-0.07013557636028087,-0.32541203257318707,0.5747390488909374,-0.13152172436097617,-0.29507403593161097,0.7403973224492088,-0.20041243291358032,-0.4387490250956277,0.23929392741390582,-0.15984734797609407,-0.4370443363579419,0.6161895144769488,-0.2282387325821233,-0.4309160438290777,0.8362033688318112,-0.258762166748085,-0.4235527540938884,1.0,-0.2849621083269118,-0.30490431298446075,0.22931266913343124,-0.20303428562322767,-0.2598277920229622,0.6628752489101996,-0.2673380675380071,-0.22572908897467833,0.5806725484887802,-0.25216426621827664,-0.2402115925683657,0.46386386480034103,-0.25061114342113033,-0.15708863754957844,0.24001537962026573,-0.24049947327806698,-0.12981879663242116,0.6426435138172256,-0.2993941595490996,-0.11511059385364819,0.536014264322146,-0.2473061998488502,-0.13749089831700412,0.4093551309852989,-0.21730516490699112,-0.015445609294663317,0.2598807503069534,-0.277434201023622,-0.02802712767214846,0.5817309623948571,-0.32629506749966664,-0.018648666641551855,0.509051648276471,-0.2919550659610364,-0.025475440512268657,0.4041435847763143,-0.26851137753182835,3,Show_Desktop
0.0,0.0,0.0,-0.17219927459130108,0.09212030505662253,-0.012798932874888898,-0.2989561909230841,0.325672695524961,-0.07328626227278917,-0.31264753650102833,0.5794304920540077,-0.13000109233472754,-0.2707086128213774,0.7468610406769279,-0.1934853981951626,-0.3997794313013733,0.2328670555876757,-0.1666032021632716,-0.39971760598525796,0.6112396589128181,-0.2395882485716817,-0.38955155495050364,0.8320916192780347,-0.2772087448404071,-0.375050723249819,1.0,-0.3074042375746183,-0.26163689491235637,0.2215062574353599,-0.20662659440990136,-0.2244777940526966,0.6539027981712555,-0.2739793941518203,-0.19783667295029367,0.5695993907244421,-0.2615830428133168,-0.20787723778337802,0.4464784871470299,-0.2607424354450824,-0.1130395390417902,0.2315615485414461,-0.240971454437928,-0.10227559297966443,0.6321908484932248,-0.30633337053546733,-0.09059035792894869,0.5302093220812371,-0.25385980096240035,-0.10414303457924973,0.4063103039315019,-0.2202566778578083,0.02679864633428648,0.25709582127193864,-0.27430771077653515,0.0005661897370559293,0.5616026907445542,-0.32787991037652287,0.0076815243636591795,0.4863821814933467,-0.2920573126561249,0.0067023315027560865,0.3885285170104932,-0.2660342361274387,3,Show_Desktop
0.0,0.0,0.0,-0.1623086149040641,0.1010924857284724,-0.027501340913513247,-0.2849199967510873,0.32975450147932217,-0.09564057838536373,-0.31087745210030476,0.5706574948242426,-0.1582615414181902,-0.29885304143479635,0.7467842897330312,-0.22709470104424478,-0.3819320884863529,0.2390624605919112,-0.18215532609041038,-0.37973412628386316,0.6090367681019887,-0.2605463817863311,-0.3606463145258977,0.8339278295820205,-0.2982958614309406,-0.33416170796665035,1.0,-0.32715530544746985,-0.24371586991252175,0.22011401934035055,-0.21677235192175984,-0.21529941113661707,0.6470795410105533,-0.2921386036734973,-0.19411901836563586,0.5708093124106298,-0.2834632546269211,-0.20791504297676272,0.4520137679011595,-0.2833747148067502,-0.09711927151757783,0.22430915538121196,-0.24700814866916002,-0.08655188455944429,0.6162964610764684,-0.3208308603102946,-0.0783713938060305,0.5129501750133024,-0.27045623999222085,-0.09641487715876616,0.3881958924309041,-0.23626907784919912,0.038786000521837186,0.24693003706858963,-0.27680805235451356,0.01596283845582793,0.5595924699294694,-0.3372422637322565,0.025313722621584774,0.4847152514827252,-0.30204733775886317,0.02293876253297301,0.38383360988742077,-0.27491413409589804,3,Show_Desktop
0.0,0.0,0.0,-0.16639840084632174,0.09352258599563609,-0.014269120001121915,-0.297521333378374,0.3007657963444525,-0.06907262438299987,-0.3238128500835756,0.5359671384675757,-0.11692825601060634,-0.32344267562101536,0.7180677424246411,-0.17020023099013262,-0.37722354711295875,0.2086128558602892,-0.18600152424358685,-0.3794414399355,0.5921159645372864,-0.26616421508989446,-0.36407123185844265,0.8255867410479406,-0.3134274015798878,-0.3414069268937806,1.0,-0.3482397783215441,-0.22821089619320384,0.19925509859298016,-0.2222332627530105,-0.22579513433058554,0.6413636928405188,-0.28763717662586286,-0.22122920663229798,0.5697726157714407,-0.28296492751803726,-0.23638693788779613,0.4404644095928969,-0.2900018527526727,-0.08265763352446011,0.217241033291383,-0.25179478529219484,-0.10102824671845734,0.6266544868755308,-0.3124906153432731,-0.09845810716517492,0.526977127949143,-0.26557087771562826,-0.11344486097832462,0.3929994531211808,-0.23757547949879018,0.04737851326482007,0.2520842440717929,-0.28027165930663644,0.001855520243272681,0.5781684381783333,-0.33058365993941896,0.0013110483880271636,0.5086090877166568,-0.2935076580593311,0.0024698770531091626,0.4056306191715678,-0.26699675488593166,3,Show_Desktop
0.0,0.0,0.0,-0.1697283010915986,0.09278886098447627,-0.021505325844191365,-0.29797867103565084,0.3272085590862771,-0.09322732053464085,-0.3162184726529473,0.5919700710668784,-0.15918205636878385,-0.30520071906539215,0.7858649955997825,-0.23150649676551244,-0.38890635685533986,0.21218422887146907,-0.1991288889553598,-0.4030628197425271,0.5960486743728095,-0.28514626875133053,-0.3914126239480836,0.8298065750224702,-0.32853972282541105,-0.3593418760093195,1.0,-0.3575512332823457,-0.2352371068540135,0.20337116601094926,-0.23509656214374325,-0.2370969008534155,0.6535975828641134,-0.31215879443059313,-0.22532656559371456,0.5776781224323752,-0.302616892788598,-0.22849245973585014,0.44824187950388716,-0.30070825376572996,-0.08217697271084662,0.222435106821304,-0.2644847142089122,-0.11212730293433629,0.6483338958111096,-0.3377334392507604,-0.11025768731441686,0.5496395004881652,-0.28191824409011834,-0.11073526361207546,0.4165371184689567,-0.242165629664622,0.056864902776699276,0.26332593306381463,-0.29236599291550297,-0.006626261513712539,0.5995385066059387,-0.35155046430207504,-0.007554580038687538,0.5295623542897923,-0.3111460275077766,0.0034829921759830947,0.4264438450820011,-0.27898574497483153,3,Show_Desktop
0.0,0.0,0.0,-0.1631008324042138,0.08684986867961275,-0.010888796037659397,-0.27875528052084186,0.3311663531553734,-0.06557325012595143,-0.27589743406275286,0.593562187633336,-0.1153867437014189,-0.2458199417033395,0.7850068941819102,-0.17133050426448365,-0.3522292778234778,0.2530603872752491,-0.16865292360570702,-0.3447772408774432,0.6191097165161122,-0.23886325812366244,-0.32375098693661775,0.8355376231014168,-0.2772166010671966,-0.2913553594502168,1.0,-0.30475214334973766,-0.20039406763887962,0.24924825009078241,-0.20409512828220008,-0.19978842566221755,0.6688596698578292,-0.2743031096553446,-0.21045027990284856,0.6131555148046243,-0.27399130199633315,-0.22100821245409452,0.5060549290866502,-0.2758329732138328,-0.05497900313375002,0.2618329537210311,-0.23068900802725803,-0.07909888651317093,0.6485108660773966,-0.2920178819275728,-0.09234021337507918,0.5584220053666182,-0.24365121571236917,-0.09481814939492449,0.44025026727891875,-0.20751493979381005,0.0762601207587067,0.2885655731805037,-0.25546472670749687,0.01959809734719444,0.598203994698631,-0.30138009748347416,0.0027375698798827114,0.5319278521115993,-0.26150308795104427,0.0051129471177447225,0.4389601902414297,-0.22953321995969972,3,Show_Desktop
0.0,0.0,0.0,-0.15451616666904186,0.0870780276921306,-0.014696541551694517,-0.2573657406058482,0.33248677352496686,-0.06605338276028523,-0.2511714871845271,0.5859186667410381,-0.10973041048112973,-0.2216336317902097,0.7683143867367297,-0.15909149647403398,-0.3358464696633356,0.2699015383675929,-0.17293878814164332,-0.3284578192511642,0.6294752514676337,-0.23897404771852385,-0.3148640895562619,0.8388288041833835,-0.2725047852781184,-0.2924589544442254,1.0,-0.2971614458322613,-0.1887938886659109,0.2628071314854575,-0.2032645209731698,-0.179383508635464,0.6703295996938987,-0.26928098330240713,-0.18245280949921974,0.6015504494233728,-0.26473642623470334,-0.192420383084101,0.4865599256466306,-0.26321894494240505,-0.047127173719849286,0.26933326522062195,-0.22459447043542685,-0.06573496878832265,0.6420928775177687,-0.28151682858376303,-0.07562608472699736,0.5543249126033706,-0.23289338126496312,-0.07932074824125213,0.4392547172528159,-0.1976842334459027,0.08261620811602144,0.29097154029045197,-0.24425264893603574,0.03774842550320909,0.5862690694271373,-0.2883946970934424,0.02305671664563729,0.5174724962859049,-0.25029191492740827,0.02324092544368799,0.423819660770787,-0.219834347631253,3,Show_Desktop
0.0,0.0,0.0,-0.1532957235249696,0.09293575401413993,-0.01368924924212752,-0.24446325018891873,0.3393307524591788,-0.06354840336469879,-0.2369286841297919,0.5834281393261981,-0.10712729724408439,-0.20668420693074874,0.7655439603603813,-0.15677682597868214,-0.31667159498174,0.29311307252168983,-0.15982091133256163,-0.319344565186063,0.6420949196004007,-0.22283757038197746,-0.3129546454684416,0.8448058878281878,-0.25422654687135166,-0.2975260362507194,1.0,-0.2774857781768829,-0.17738993240603704,0.2881997986827408,-0.18856565561855215,-0.16503107947578188,0.6648949100882904,-0.25511122774383405,-0.1617401582220219,0.5840164280530281,-0.25180209315175944,-0.16858501225860603,0.46686874018906077,-0.24905675276232256,-0.03975860415327976,0.29226891475140915,-0.20890898817965672,-0.05379215988680925,0.6400000705845638,-0.26374500133157763,-0.06062743458974697,0.5502740655759166,-0.21648836283235337,-0.06403129114544377,0.44159896220524325,-0.181732439632056,0.08676691523356894,0.3088261207253169,-0.22757593735263673,0.04517059154654056,0.5883205739130041,-0.26820512647296735,0.03456946231116213,0.5184987436367806,-0.2304352424022312,0.0350359926655916,0.4307619628861322,-0.19993533731326063,3,Show_Desktop
0.0,0.0,0.0,-0.14938572796524757,0.08672994368674729,-0.016537634161312473,-0.2433927915395798,0.3271937897752576,-0.06084331152214083,-0.24224686168235612,0.5708924510380897,-0.09857068784602022,-0.21435598362441907,0.7552518145760106,-0.14145776375636324,-0.3246632014764357,0.29989212112816543,-0.14676901558677558,-0.32491870514170923,0.6453713613125085,-0.20555018473807934,-0.3148048415250761,0.8447184229203604,-0.23352714222573875,-0.29851921748778104,1.0,-0.2546224595006803,-0.1944266977330825,0.3001754608157579,-0.1723681767837523,-0.17780475577216862,0.6610905508663105,-0.23812900404747905,-0.16942407229006834,0.5819372296064097,-0.23527560768337785,-0.1751697211667277,0.4684794801373859,-0.23095584068312924,-0.06123990214617773,0.3053978577772724,-0.19073395166779913,-0.06819841794252857,0.6353623929705963,-0.24437074226911723,-0.0668936350077898,0.5461565126476151,-0.19804145853282754,-0.07077190310272467,0.44325808478289147,-0.16284204302399177,0.06451736929018184,0.31895081705460027,-0.20808914016970972,0.029075337541361698,0.5807673819939384,-0.24488330058038002,0.02578431972373605,0.5109576583489067,-0.20760327505287007,0.027104938987887944,0.42840866888835133,-0.17746755648534115,3,Show_Desktop
0.0,0.0,0.0,-0.15271984467887476,0.07980233947680648,-0.00980418473228663,-0.2491002960077884,0.3172297298407328,-0.05192896104355612,-0.24827706644420355,0.5636138282852544,-0.08823594558208592,-0.23661779641274966,0.747004683093582,-0.1291951484868985,-0.34257521190234536,0.2966326444446708,-0.13961300279350133,-0.34903126366641574,0.6409513254636683,-0.1957742809563802,-0.3427588819586391,0.8415269125917816,-0.22455821679211674,-0.33175773558148985,1.0,-0.2473467545648988,-0.20997413833608072,0.303383094009169,-0.16687539731875367,-0.20084189228129054,0.6648389469890104,-0.22718438645659197,-0.1903230851575209,0.5885713525311804,-0.22449790384988344,-0.19345467604577754,0.47937400053425316,-0.22222344673618444,-0.07592308988891412,0.3134635901220338,-0.18597302740003177,-0.0907867288362974,0.6414315290187189,-0.23421494107116247,-0.08761620252465828,0.5519277798824446,-0.18747469028760763,-0.0884318750018482,0.4496221621087031,-0.15388384170566202,0.04903201937505524,0.32831170418541017,-0.20362360891782985,0.00817134609122849,0.5863447227387144,-0.23837850549910256,0.004021027100040381,0.5170459940706443,-0.20109073230632227,0.004079019523896985,0.43663005203546834,-0.171220917083656,3,Show_Desktop
0.0,0.0,0.0,-0.15322967837437004,0.0770300547458703,-0.012775132253328499,-0.2534514182943959,0.3150316211225575,-0.05346885617087183,-0.25947131144922725,0.5596607260811485,-0.08800382735949391,-0.24051235093348425,0.7440597298405095,-0.1272282593037961,-0.34214999055754897,0.2917184312778576,-0.14095307856966782,-0.35140908592068903,0.644280550133759,-0.19661363163076964,-0.3467375446624272,0.8424055939025001,-0.22260106358805243,-0.3377862394292259,1.0,-0.2432236533571557,-0.21410376246577492,0.3004211117498312,-0.16677214965140566,-0.207049655410557,0.655434483570766,-0.2290968432539406,-0.19297187850493264,0.569003645831871,-0.22438029725166606,-0.19602129578912258,0.4555771233805871,-0.21966082146497112,-0.08269560675163937,0.3131961111832028,-0.18509190852038193,-0.09575007506555291,0.6300735371820365,-0.23413051807399388,-0.08738830756404824,0.535994741362497,-0.18605391544224179,-0.08891619013926527,0.435927384804844,-0.15151585678982948,0.04131321564307934,0.332055947326057,-0.20244831764963903,0.0018521120510700487,0.5789225123698957,-0.23563870598727404,0.004428531917173204,0.5043659281209132,-0.19748023744744156,0.008116642205001329,0.42422086147299715,-0.1678487233515366,3,Show_Desktop
0.0,0.0,0.0,-0.1525419056299369,0.0848951237668591,-0.00985743872342498,-0.24991117143475156,0.3230907731267788,-0.050651537918424056,-0.25467221300805387,0.5653530210450743,-0.0852851476848801,-0.2402058409014706,0.7461570015980867,-0.12475297184536994,-0.3386318063942117,0.2931318435482248,-0.1423296757100452,-0.35037901331453714,0.6431421824949423,-0.1983738909634043,-0.3484981040151722,0.8406332190136035,-0.2250660322458478,-0.3434404761429057,1.0,-0.24669965767309374,-0.21026983742768135,0.30219879507981573,-0.16964140708261535,-0.20439671832184464,0.6625681814484947,-0.23118253940050792,-0.18898278770213064,0.5752850294029311,-0.2256156129544348,-0.19165093423271473,0.4603751138585841,-0.22110647599352165,-0.07857486489238798,0.3152994494384739,-0.18894006121128595,-0.09263793129684135,0.6377721460823949,-0.2362668067607054,-0.08235169847522433,0.5425841699847965,-0.18605518630123963,-0.08354143415136339,0.4407972698238254,-0.1510834013534302,0.045727891919238275,0.3338942963685817,-0.20707354046443258,0.00927264066870604,0.5830005516392145,-0.23894679979084665,0.012623888250415707,0.5076023245940071,-0.19944086299932837,0.015911523963975178,0.4272675582580374,-0.1694028423956219,3,Show_Desktop
0.0,0.0,0.0,-0.1551126660734082,0.08126033233306641,-0.01172350930072247,-0.2567250719757403,0.31933345579652894,-0.05067576241857328,-0.26634076178681976,0.5580515671729059,-0.08298011478742763,-0.24608666409736168,0.735858066087885,-0.12028796438415149,-0.3389618892592285,0.29282790608576736,-0.14139398111327345,-0.35188081150378964,0.6419316164291416,-0.1967806762203604,-0.34970250506438283,0.8397125785339159,-0.2231800055447209,-0.34183441110128204,1.0,-0.24412288884071573,-0.21094007297725823,0.30459427425604707,-0.16677815815241442,-0.2077329798748999,0.6625781765874298,-0.22746413463796372,-0.19438143064028354,0.5754801746366159,-0.22150295712120033,-0.1963061336613782,0.46074602763502714,-0.21620523281662246,-0.07961789885974681,0.3192694959923513,-0.18438936247280735,-0.09765360543851573,0.6379950940993647,-0.23132597730874307,-0.08969719743868533,0.5430233288395117,-0.18197797405038632,-0.08882411816418115,0.44146857459587646,-0.14680419402476166,0.04406614912990911,0.33800876041707384,-0.20107023510971317,0.002416578668702627,0.5829955714023978,-0.2321345378294701,0.0022025808220160347,0.5078642012783896,-0.1927683164074153,0.006111075821872505,0.4275733271007791,-0.16255621220212205,3,Show_Desktop
0.0,0.0,0.0,-0.15434206687359875,0.07877557633379412,-0.013404488064472933,-0.25937348912175706,0.316241333444641,-0.05672898259889444,-0.2728471317685386,0.556454520085484,-0.09323670951333807,-0.2565866704973231,0.7408152569879167,-0.13449799172562896,-0.34608078309378265,0.2769328660714921,-0.14966569702510607,-0.36467323952753505,0.6339224186768938,-0.20966590884197106,-0.3636521777366166,0.8378921721932044,-0.23896661214229084,-0.35574558069432766,1.0,-0.26159347647736697,-0.21440609505239613,0.2882979863772415,-0.17597249755628006,-0.2149384105286567,0.6587196221154974,-0.24230441586988985,-0.19835351173672425,0.5700080663238395,-0.23748001546736544,-0.20097216304368054,0.4507789655644057,-0.23260043013967452,-0.08099941225844084,0.30839020267819317,-0.19462146528266477,-0.10344428290003253,0.6384005567849463,-0.24556947035163929,-0.09302514394804852,0.5446600586503616,-0.1954990583260362,-0.09353864912206733,0.44030122528620697,-0.15965167651713386,0.04393925831862506,0.3366677943469656,-0.21248898151046927,-0.0035836037347774714,0.5879487538235054,-0.24760114376556405,-0.00014180073997638985,0.5112477367850291,-0.20856415969688522,0.004735855325946163,0.4266893992652648,-0.17816343554848046,3,Show_Desktop
0.0,0.0,0.0,-0.15834521091863,0.07559552501958665,-0.00887092128100492,-0.2731754209992243,0.3062889540405661,-0.05061425858296215,-0.2923141412343421,0.5541956514395373,-0.08591065319445793,-0.278673811840859,0.7389098325617776,-0.1261029076662551,-0.36524370596252614,0.26548701239643113,-0.14888182493069888,-0.3889406254994108,0.6297134632700021,-0.2073564522646931,-0.392459238336038,0.8353248589956305,-0.23550793321659766,-0.3906202698084991,1.0,-0.2579841791287377,-0.22905511805908346,0.28764038721144614,-0.177862124759064,-0.23633449705518172,0.6619532304649993,-0.24279864031079676,-0.21851487091002875,0.5730182405928875,-0.23758274137789548,-0.21695281144717712,0.45287754805062513,-0.23307736593143036,-0.09410506888133285,0.3151234088691456,-0.1983623077951437,-0.12287713877740344,0.6419640502197732,-0.24692897044486947,-0.11006233945770648,0.5464365132779927,-0.19536212800726416,-0.10739962736647624,0.44292392585268503,-0.15964298014334555,0.03254176860601541,0.3483982962540456,-0.2178237976211311,-0.02044547116442779,0.595791534410783,-0.24996965122864717,-0.013581374560356107,0.5176932711584511,-0.20917936250263028,-0.006565099778212892,0.4358423622470789,-0.1784836069582774,3,Show_Desktop
0.0,0.0,0.0,-0.09193031949412983,-0.28557254031507323,-0.0002418635213029481,-0.23961044533339668,-0.5457613528487377,-0.032148020293062796,-0.3452291563390458,-0.7601926434904,-0.06738727036508478,-0.39641993262113295,-0.9328927477690423,-0.10816761326636026,-0.37490202328149025,-0.47200030341177346,-0.12052192198171022,-0.6426588908460821,-0.571725087479897,-0.17223484569510256,-0.7892816726263584,-0.6280334473170661,-0.19512851145715263,-0.9141365751400023,-0.66951504684877,-0.20717980346646644,-0.4075473295549884,-0.3089724071510171,-0.1535349402431148,-0.6944557244837212,-0.4151414350917169,-0.20611750310719934,-0.8666878773971254,-0.4755554312622926,-0.2232167151177084,-1.0,-0.5066626084064982,-0.23349713540430994,-0.40841982995149245,-0.12752967650635133,-0.1758873037901823,-0.6510712887415078,-0.15045756947248493,-0.2275524961769986,-0.5670457653753533,-0.16385576601129212,-0.19345895656835382,-0.46702523144725117,-0.16316600225107017,-0.15558077888551566,-0.3883249294912413,0.049288323167251145,-0.19646361185120484,-0.5753386374206322,0.012259636197024573,-0.22387465799354633,-0.5100104814976283,-0.002694311872058304,-0.17734082863431982,-0.4277634797959173,-0.009157518980475145,-0.1320679467128345,3,Show_Desktop
0.0,0.0,0.0,-0.09352074211794231,-0.28476836947144807,-0.0016138587303548523,-0.2505186166722775,-0.5468186192589884,-0.032354844315447634,-0.35760259849279713,-0.7602560730592918,-0.0668169800116628,-0.3994521837033054,-0.9391339351747569,-0.10636620384731714,-0.3786301042935437,-0.46838274486287695,-0.11690347552050943,-0.6453828813732452,-0.5599389083060045,-0.16782724760219436,-0.7892789703606348,-0.617358605562637,-0.18950967983178252,-0.9108209673128472,-0.6605736720779276,-0.2002115947153966,-0.41229038908475935,-0.3048875054495581,-0.14861346047038293,-0.6993074978178166,-0.40838426667970723,-0.1984431198873987,-0.8703678284145859,-0.47023044951561477,-0.21370089130182549,-1.0,-0.5016676733440943,-0.22260986852951703,-0.41436542220693273,-0.12550665077381365,-0.1705355882912904,-0.6441169034765962,-0.15046539084542213,-0.21813842232583638,-0.561982598798671,-0.16462187477637694,-0.185038882665987,-0.46147075100150087,-0.16338365209983344,-0.14804259034800885,-0.3967438784162758,0.04696315409566035,-0.19156878202404842,-0.5754117826762489,0.0059703932990213355,-0.21305971267545964,-0.5132064812781599,-0.009279117633231193,-0.1675029764740995,-0.43250430819547453,-0.014091910561729782,-0.12410012559761041,3,Show_Desktop
0.0,0.0,0.0,-0.08945588827252476,-0.2859252891335975,-0.0040159915946285105,-0.2469233250140924,-0.55347556625097,-0.03605293693267928,-0.35413213088290196,-0.7702871323153687,-0.07147934831531969,-0.39578629151143535,-0.9477580995043912,-0.1115589924227052,-0.3668394664587583,-0.47848806596893245,-0.12142313987557837,-0.6348971268945581,-0.5795904491347276,-0.17403104936719205,-0.7799160390578976,-0.6375432560395395,-0.19640258193974114,-0.9034115460800183,-0.6807078111055136,-0.20829375039839745,-0.40459724173838324,-0.31393262078462775,-0.15321803538324516,-0.6948898953550346,-0.42648317188140805,-0.2053875778224658,-0.8670248054698804,-0.4900613732833863,-0.22216997787828555,-1.0,-0.5222756634804789,-0.23268263411527984,-0.4117654531496161,-0.13140886658037104,-0.17522554981361732,-0.6469368628201222,-0.16518038368114182,-0.22561147682815755,-0.5603394614342224,-0.17591051699819438,-0.19143912263971397,-0.45781029969175896,-0.16949920925182008,-0.153856862455596,-0.39966257871693833,0.043712893091718254,-0.19662805798607227,-0.5723196613500757,-0.00301092940830497,-0.22222721492583794,-0.5078391291512383,-0.018237358694409435,-0.17819313074988363,-0.42742323409843425,-0.02100711038184766,-0.1357567778727491,3,Show_Desktop
0.0,0.0,0.0,-0.09254020362778173,-0.2925463698724181,5.052122143521998e-05,-0.24610822831727205,-0.5651589177206573,-0.03261549755585276,-0.3559937717099207,-0.7823832688718204,-0.06954969912962393,-0.40162647149672565,-0.9619098429924747,-0.11185250712636233,-0.3669993693961619,-0.495485906779786,-0.12369857879765783,-0.6294473800066986,-0.5930042997108951,-0.17969422000954322,-0.774911005961533,-0.6536929773176031,-0.20510239141352626,-0.8974605221507018,-0.702309411814946,-0.21874168889059387,-0.4039370897508397,-0.32845899993086913,-0.15883856116832612,-0.6945623488719507,-0.4396193473776896,-0.2136708144194403,-0.8682589493370234,-0.5120133573880707,-0.2330328704522202,-1.0,-0.55498384807752,-0.24613199915419315,-0.41083409182610653,-0.14065682761267329,-0.18320191795317722,-0.6539442230617932,-0.1791939416071953,-0.23422995014174022,-0.572267142399462,-0.19262620550561388,-0.1978580713004044,-0.47004344521492714,-0.1873732161695786,-0.15923976203489415,-0.39839589550245225,0.04151223128243143,-0.206431054359126,-0.5873439935319541,-0.012414259038575222,-0.23129799177882837,-0.5242876311835034,-0.03159932278548037,-0.18336634316438546,-0.4413795995732652,-0.03441760298155163,-0.13820058799761822,3,Show_Desktop
0.0,0.0,0.0,-0.09366942220218447,-0.291868802747095,0.005768621705355891,-0.24604773139241523,-0.5654451908854256,-0.026952306090568243,-0.35560149830313775,-0.7854744961137377,-0.06569890614175203,-0.3986310073402031,-0.9730322033270234,-0.11146616648504626,-0.3619392557274892,-0.498020005681941,-0.127144941308798,-0.6271998221305426,-0.6002329904611328,-0.18490995830830084,-0.7747056353120281,-0.6641239466021066,-0.2096927335929383,-0.8982245478379288,-0.7139895409053432,-0.2224216855141446,-0.3965197725370793,-0.3317560671704243,-0.16633245752085793,-0.6899308439843994,-0.44489926134766994,-0.22218849240226285,-0.8666295590628503,-0.5177510476078719,-0.24024937853029799,-1.0,-0.5583892778067707,-0.25238728989201836,-0.40227949282500547,-0.14397312812468155,-0.1941117377555777,-0.6467639184394426,-0.1695553726766574,-0.24522358591496848,-0.5685856984927417,-0.18270373927302036,-0.20906618090219956,-0.46739445948992225,-0.1805079701574577,-0.17091716534093804,-0.3902347043074671,0.042745797988469364,-0.22005460414041184,-0.5880886135755158,-0.003491382904151214,-0.24446584098934324,-0.5263980585672244,-0.02299429798692536,-0.1961917305682311,-0.4414171424777586,-0.028814620498837363,-0.15111643809495012,3,Show_Desktop
0.0,0.0,0.0,-0.09197007535927094,-0.2977209531946322,0.006052524884145629,-0.24732248479044613,-0.578193458640028,-0.026499365527238965,-0.3582964830253868,-0.7994779930899805,-0.0637885575363162,-0.4021847303590206,-0.987143467402734,-0.10828007829806134,-0.36048852867908465,-0.5097698303164588,-0.13382332939105243,-0.6303073049672024,-0.6128122105177507,-0.19025697702778194,-0.7787596702718943,-0.6773902236367734,-0.21416761180367574,-0.9042623522858144,-0.7275387202067999,-0.22630933840099185,-0.39577817522908215,-0.33713728656552,-0.17148509226753583,-0.6928139552350909,-0.4566300823694357,-0.22338745029605217,-0.8669559142005908,-0.5362889470982926,-0.2363716582569705,-1.0,-0.5820502228230935,-0.24606669750919874,-0.40366852248259977,-0.14458249618196384,-0.1973409548503121,-0.6596291184717841,-0.1841873842071003,-0.24644676520892586,-0.5786578038155326,-0.19667345776375744,-0.20713930552519694,-0.4742333414701317,-0.1884513795002754,-0.167466582322647,-0.39375316865705273,0.04508529555355265,-0.22107041872527455,-0.6012448519102699,-0.015734142631816134,-0.245287833781794,-0.5386118465525012,-0.03373896055530519,-0.19516898224785104,-0.45075770022783035,-0.034582175404336286,-0.1490856208464753,3,Show_Desktop
0.0,0.0,0.0,-0.08729521065454714,-0.2996182859202822,0.004337422419528817,-0.23678939979483993,-0.574001997258792,-0.025413848673144716,-0.3496360523007032,-0.7917483629959494,-0.0601725025124911,-0.3999509774188061,-0.9739885648419309,-0.10052072859154756,-0.36807692373927103,-0.5144456841472415,-0.11289088189522371,-0.6337971088923173,-0.6172203201469223,-0.16410597746342548,-0.780013176014602,-0.6786828118449425,-0.18647871296746543,-0.9030143147085156,-0.7277308419197794,-0.19786487476532746,-0.4075785619392277,-0.34957195173591027,-0.1480769974067376,-0.6962813827276341,-0.46299493529000146,-0.19858180848897902,-0.8691632848037844,-0.5362819720701402,-0.21475047037342462,-1.0,-0.5834948125422035,-0.2255048469590765,-0.4174387595641391,-0.1618541174471596,-0.17269025095432117,-0.6646956859171824,-0.1966061908134132,-0.22096176726561878,-0.5841955178206267,-0.19663948483811164,-0.1823986522230914,-0.4822333325615753,-0.1853918448391296,-0.14254680489265031,-0.4076227626271894,0.021399447357459,-0.19572086634079114,-0.6001699526019376,-0.025004577928396034,-0.21928819240773548,-0.5349471495626906,-0.03271597154547227,-0.16952999743754416,-0.4495944730388241,-0.03338548759386188,-0.12269877058908955,3,Show_Desktop
0.0,0.0,0.0,-0.08459086134880642,-0.30362896511393406,-0.00019645109383849857,-0.22485544074483385,-0.5777350112092133,-0.03136329190662661,-0.32762713398908316,-0.7955120430291659,-0.06736472114984925,-0.3770737422782497,-0.9731748147753329,-0.10915113129459846,-0.3558691350562313,-0.514861540084113,-0.11668456898012318,-0.6138798810071262,-0.6181284384387279,-0.17406166502553236,-0.7581132836502741,-0.6809393473914882,-0.20274455457381269,-0.8816310468654934,-0.7318604194462889,-0.21853108393635706,-0.3964243544897431,-0.3488211566743915,-0.15168393438044453,-0.6798247578739975,-0.46106752235085585,-0.21048310309739265,-0.8591279438006463,-0.5333886375376437,-0.23334496997907664,-1.0,-0.5787855264776911,-0.24825966900872032,-0.40691514244612803,-0.16297389191713743,-0.17674002533714867,-0.6481630064015657,-0.2005987067586236,-0.23514887744981275,-0.5666359904111657,-0.2045648838715665,-0.2035349690283584,-0.4649654670039354,-0.19577858434467638,-0.16611166202973043,-0.39830065263119296,0.021404957381173928,-0.2003411323284809,-0.5859113768081838,-0.03151394597765869,-0.23311867825450214,-0.5206006270959982,-0.04183632639460249,-0.18876102307338088,-0.43476060140581546,-0.04232208102576257,-0.14435434353138135,3,Show_Desktop
0.0,0.0,0.0,-0.08238704278663374,-0.2970072999153412,-0.0022408891771784263,-0.2166905508124779,-0.5683760241671568,-0.033926066651973584,-0.3189962000414924,-0.7859188054403564,-0.06916049033465119,-0.37286540344958663,-0.9572692286496144,-0.10968883560253387,-0.35214516244009136,-0.5058870861411077,-0.11946523419811224,-0.612546803552697,-0.6140611066732599,-0.17656759044323486,-0.7597821705713593,-0.6771837159467535,-0.203345196757151,-0.8843936495946592,-0.7277220543738457,-0.21689297611466588,-0.3952585064581238,-0.344863867892429,-0.15125264511219194,-0.6806998484192169,-0.45790882469500926,-0.20995696562532837,-0.8607463703089001,-0.5245445570197853,-0.23111858057101678,-1.0,-0.5654866036556567,-0.24315638285091665,-0.40786910973986,-0.16407589985925314,-0.17287604163145778,-0.6452368292211788,-0.19558773713533573,-0.22958586825682267,-0.5650278550143634,-0.19493883069316187,-0.19726896379259085,-0.46455738843934613,-0.18636555401469013,-0.15871466950844093,-0.4008406065714097,0.015133250586790109,-0.1931159037849206,-0.5768056009842312,-0.02448126513057032,-0.22347815392537593,-0.5117919466760661,-0.031234782438597935,-0.17903709090000858,-0.4295627104126161,-0.03494596302136106,-0.13402375587262189,3,Show_Desktop
0.0,0.0,0.0,-0.07023584123188861,-0.3056095472893226,-0.004012832565629543,-0.1956044563677514,-0.589731973466193,-0.03738319372849994,-0.2841273836285877,-0.8176738873857641,-0.0738581750427204,-0.32377460373753725,-1.0,-0.11522245503005983,-0.33748786854363416,-0.5412126308242907,-0.12193287835830224,-0.5960641646789192,-0.6787424470363019,-0.1761747767381689,-0.7409519832666938,-0.7554237381855345,-0.19976342836850314,-0.8641126256761679,-0.8169628744067742,-0.21069344154388445,-0.3908187994195968,-0.3777644943494584,-0.1514958551555215,-0.6766126495100703,-0.5229979998589033,-0.20346793183204587,-0.8505730623513956,-0.6084494044384446,-0.21871946053855137,-0.9828046973761734,-0.6613023225661295,-0.22718259330482848,-0.41462429189475714,-0.19247477896438833,-0.1711721001909196,-0.6506458987573956,-0.25725437256775024,-0.22222278203120194,-0.571999740687141,-0.2549602164499688,-0.1884381060864737,-0.4699826298518675,-0.23356080409866856,-0.14937506684442994,-0.41881467329439825,-0.010113773516911584,-0.18973913923847874,-0.5965745915345791,-0.07965099539910346,-0.21423682782661554,-0.533632877819789,-0.0882630423881189,-0.16770352852809495,-0.45104554563429644,-0.08242392695004223,-0.12181445961379596,3,Show_Desktop
0.0,0.0,0.0,-0.07255946949084827,-0.30216209241955866,-0.00763071194631884,-0.2004146961479542,-0.5874503217597278,-0.04256770354985691,-0.292899964013179,-0.8187669403625483,-0.0772597395284403,-0.3423261432808046,-0.9890086459367124,-0.11565316121036105,-0.3445859278981963,-0.5175573444772107,-0.13635360536072103,-0.6094326467420815,-0.6551758521821931,-0.1905120467989946,-0.7515387311393665,-0.7335472363663637,-0.21388439506981208,-0.8733312752102911,-0.7961656458906393,-0.22475213722869375,-0.3993577353417881,-0.35052696219410606,-0.16213330864042597,-0.6915439016706333,-0.49529283377584893,-0.21344576677593316,-0.8652953998842713,-0.5733163230070538,-0.22804140642227955,-1.0,-0.6184212101744331,-0.2365324091902092,-0.42510119557280684,-0.16700701048560368,-0.17677627857136327,-0.6690012282645875,-0.2399915784900152,-0.2252130357804373,-0.5887832805057274,-0.24142128115190012,-0.19115018547287307,-0.4873381850247506,-0.22234529666042877,-0.15326822540665427,-0.42818876328037736,0.007530699670199033,-0.19040602360899905,-0.5963563176123832,-0.06507129882921663,-0.21557322295788375,-0.5329961408756168,-0.07503688002595418,-0.17208779062800195,-0.4533412235499979,-0.07065907415306209,-0.1283776082925406,3,Show_Desktop
0.0,0.0,0.0,-0.07065795787697554,-0.3057752611010409,-0.008908134638397068,-0.19961556903078623,-0.591640647511718,-0.04291997205462521,-0.29056586922071115,-0.8242385150478008,-0.07677783954547399,-0.3374804218731443,-0.9973007833560562,-0.11436782506290533,-0.34870960967706605,-0.520464135142923,-0.13173059435177542,-0.6115110627845529,-0.6637568714725928,-0.18262383526152864,-0.7533734433500391,-0.7425627178568878,-0.20339512828504588,-0.8739916434577922,-0.8054259971346688,-0.2128283110758892,-0.40549941089976904,-0.3510209691194448,-0.15657920011581464,-0.6965210845141805,-0.49896856932278594,-0.2062395267127517,-0.8688561446301218,-0.5820874262854772,-0.21987417504561055,-1.0,-0.6305320419132159,-0.22790130329891922,-0.4300429761178131,-0.1657813320767915,-0.17069388188716136,-0.6720090868301596,-0.24520505519410088,-0.21914735182322362,-0.5923461049031502,-0.2560908498230389,-0.18545520486326378,-0.4908172160861224,-0.23973982962385937,-0.14787912036929424,-0.431077967766853,0.008187732894775592,-0.18390657911928532,-0.6023139387408905,-0.07167870563871227,-0.20981560860817425,-0.5367833953231158,-0.08644557458782713,-0.16624353328726812,-0.4554608080403279,-0.08079209872322798,-0.12267122939046778,3,Show_Desktop
0.0,0.0,0.0,-0.06963837912493104,-0.3035935673996812,-0.0006888640573348232,-0.1983719676974837,-0.5769689060918343,-0.029440979350760774,-0.287957835387845,-0.7952942289396249,-0.058314969507548005,-0.32642979902455194,-0.9603529777455686,-0.0903067573428726,-0.3422820446844937,-0.5098603083642009,-0.1287557874451446,-0.6029763935041139,-0.6426227741008244,-0.1784491758864874,-0.742359483604866,-0.7193006884162356,-0.19614431981168917,-0.8592044379247946,-0.7815902533292182,-0.202189148036709,-0.40162310070460433,-0.3489045023563963,-0.15174641795910418,-0.7029076169629735,-0.4944652896630866,-0.19884058847121028,-0.8735093718235079,-0.591636834929793,-0.2066005448678182,-1.0,-0.654617923535116,-0.2094436614800341,-0.4304751484589719,-0.17247044547453935,-0.1623997923499762,-0.6623489824179368,-0.26443374668618164,-0.2007199122703043,-0.5850356436280684,-0.2751864634420555,-0.15877262729370237,-0.48898919934224583,-0.25335726777742507,-0.11604537298283955,-0.43355767215012075,-0.004988063791410641,-0.17222115438215388,-0.5936983895216195,-0.10606088800111979,-0.18485277098469907,-0.5332190327046524,-0.12779420166917174,-0.13415813296077753,-0.4606748607579829,-0.1188405098318921,-0.08652092522784867,3,Show_Desktop
0.0,0.0,0.0,-0.06652747790964679,-0.3042236578272174,-0.010649482903144469,-0.18596906110051742,-0.5894438569510073,-0.04647448948386553,-0.27333204321525834,-0.8176178757826449,-0.0818772637874377,-0.32806243237460825,-0.9845729704307078,-0.12164343864280293,-0.34424319834864886,-0.531853219588896,-0.1417577877621806,-0.6094200607912199,-0.6753849849520277,-0.19969105801010217,-0.7546067966261174,-0.7551109739914725,-0.2250331946966528,-0.8758340160937852,-0.819823140962718,-0.23637217477756053,-0.4009163535503398,-0.36682454559579863,-0.16602845025337912,-0.701240468960839,-0.5222635364860667,-0.2190963408198431,-0.8739993436548616,-0.6225539687232958,-0.23246611366468678,-1.0,-0.6880170505740879,-0.24079331018070638,-0.4284631959766218,-0.18024039200130684,-0.17936583636713582,-0.6765657446019602,-0.26661486735572204,-0.22731189250244996,-0.5945626874307571,-0.26519495912145097,-0.1868715069030865,-0.49040910072251476,-0.24031630659626865,-0.14541771944819076,-0.433039904441752,0.0026391962973027483,-0.19230646982289415,-0.6079431382890796,-0.08604601090334632,-0.2168326019623137,-0.5386809214011616,-0.09503266596478795,-0.1670649107803875,-0.4560795062992496,-0.08058918116322533,-0.11920179775660661,3,Show_Desktop
0.0,0.0,0.0,-0.02562527846021315,-0.3187364083971276,-0.031163823997235277,-0.11618597693526093,-0.5991691192568843,-0.06823047077598268,-0.21412899095236035,-0.8220835234612892,-0.09968813788473352,-0.27227303693187643,-1.0,-0.1300956242105376,-0.3417947264321943,-0.5494525661215491,-0.1273096239524538,-0.5989617822613569,-0.7086005912729145,-0.1688174133817468,-0.7377955458379428,-0.7893951165820092,-0.18707884969480207,-0.8509557696956165,-0.8481224402632289,-0.1943207182423184,-0.41545321360950926,-0.36405000197809023,-0.13336906577060662,-0.6932115672087739,-0.540175219438558,-0.16766055424517595,-0.8564716380181897,-0.6546993934616144,-0.17522882062412543,-0.9693413622392727,-0.7228511260304452,-0.17999953925498044,-0.44772031834203313,-0.166357594385455,-0.1313091722022168,-0.648877387197593,-0.3062553840819455,-0.15505107057643377,-0.5754483999114313,-0.3310912906241216,-0.11727324987674494,-0.48074282569462556,-0.30621375097894754,-0.08296414889078606,-0.4515903327520579,0.004801891675637116,-0.1322569725762519,-0.5719077219878087,-0.14086632894832504,-0.13640548603627553,-0.504457124014243,-0.15967247797122097,-0.0897441113650683,-0.42777309088920645,-0.13991228878708686,-0.04711116337786313,3,Show_Desktop
0.0,0.0,0.0,-0.04002216037183023,-0.3205662410021469,-0.019232356388656977,-0.15428177961945233,-0.5912844400582413,-0.050496775384202726,-0.2727753690623126,-0.8096184799417928,-0.07574651738497382,-0.34871643850923306,-0.976018093372104,-0.10108653845779854,-0.3644924822772469,-0.5332262703616542,-0.12836433925413893,-0.6312857024658745,-0.6845780701028606,-0.1655704456392773,-0.7751445158197589,-0.7613768090599925,-0.17974488968945632,-0.8931495620383789,-0.8155720540481063,-0.18458571384119088,-0.4326360521442591,-0.3447149048545544,-0.136552396195547,-0.7225596935420173,-0.5084745509709877,-0.16626121131936103,-0.8873221220731121,-0.6066482821446941,-0.1714833166954263,-1.0,-0.6610256379636682,-0.17606515536228973,-0.4614142547999212,-0.14661606516070536,-0.13377563251399102,-0.682034702562261,-0.2666750827175542,-0.1523150588691387,-0.6242245362571149,-0.30011310490010346,-0.11611260120457577,-0.5329548100716246,-0.28412339011040094,-0.08536715109654609,-0.4612259598776147,0.02916886663942823,-0.1318685866587397,-0.6020522227330614,-0.09239501758414416,-0.13291749653136448,-0.5431606934029818,-0.11782186916509647,-0.08642632336230337,-0.4658262841798999,-0.10563046599048247,-0.04496266993328863,3,Show_Desktop
0.0,0.0,0.0,-0.04569926259316639,-0.31138860482506714,-0.022936338391284773,-0.16935551254614747,-0.5817815424105475,-0.052739779949172685,-0.28160745963019823,-0.7923237067043687,-0.07835298792217406,-0.3523640100527665,-0.9615040832467767,-0.10391747177500565,-0.3492506817113777,-0.49784284803641543,-0.12307732299967876,-0.6180288773792191,-0.6280102252945139,-0.1651112428112621,-0.7647270471277344,-0.6935855184793059,-0.1788793425806062,-0.8799536982936277,-0.7440156599272072,-0.18233646059027478,-0.40791241594901195,-0.316733362455796,-0.13245289192838508,-0.7027876816998424,-0.45328848942187566,-0.1752414964525312,-0.8775120255542087,-0.5434151219808223,-0.18590019239145228,-1.0,-0.5997342867847046,-0.19034197396395494,-0.425947211440614,-0.12901143951062227,-0.1322462344531822,-0.6431020137129685,-0.23593447746829171,-0.16791565070161052,-0.5621761400767048,-0.2556181192539768,-0.12995159922205735,-0.46186433579971503,-0.23895993688684217,-0.09013448895608835,-0.4163193453564635,0.03482518247095235,-0.13297621856957043,-0.5610458809185512,-0.06353966313903703,-0.14609994623809994,-0.4920836219249012,-0.07952097394074566,-0.09897455648275372,-0.410857027933992,-0.06506934472954477,-0.05310484723760895,3,Show_Desktop
0.0,0.0,0.0,-0.04675367805921091,-0.31110502614411295,-0.027643021053693945,-0.166665473758648,-0.5767835696075121,-0.05899991945842146,-0.27203701586765344,-0.7888491457381179,-0.08479213521212835,-0.3369918799773661,-0.9572970285751914,-0.10944922442931007,-0.3687284139033634,-0.49053222988659945,-0.11728255292284516,-0.6280223091522698,-0.6256296764976602,-0.1537199326138111,-0.7701785333407225,-0.6874798441148701,-0.166091274927765,-0.882506603768376,-0.732274017379511,-0.16839652280962047,-0.42646611633388964,-0.3074571815891621,-0.12225250595567065,-0.7113339826842925,-0.4512347722735184,-0.1558768679458584,-0.8824565016315914,-0.5405881500062065,-0.16242445035415973,-1.0,-0.593720545822903,-0.16415173430096475,-0.4426153642599168,-0.11992018013865409,-0.1186833549864806,-0.6419320938132859,-0.23348229687008884,-0.14546468533522625,-0.5659312422814591,-0.2519192697112542,-0.10978268482438894,-0.46828708565277255,-0.23597452030271507,-0.07370763177236105,-0.43258614346675295,0.04239704164264661,-0.11699426113781645,-0.5538733961948142,-0.06431089827814293,-0.12286463392429894,-0.486373343536446,-0.0739599563272966,-0.07699625550960826,-0.41138496416470227,-0.058643835361515545,-0.0334259515522143,3,Show_Desktop
0.0,0.0,0.0,-0.04134539837000448,-0.3033516018199792,-0.016928605170090146,-0.16108542664215125,-0.5723606357046945,-0.04208819541867493,-0.26950532598300453,-0.787578529268756,-0.06278683119904092,-0.3346773739104114,-0.9454903832840127,-0.08305865778741714,-0.36245886370442404,-0.508384639658931,-0.11332828718642472,-0.6221542699635811,-0.6476543456350445,-0.14554533729542382,-0.7584880841595476,-0.7154102922850528,-0.1525799532667717,-0.8692889176726678,-0.7615561997469031,-0.1521359494453628,-0.4256064987296854,-0.3344771262876224,-0.12344382352402249,-0.710026851294304,-0.48077280689608537,-0.1567706630650992,-0.879417925442678,-0.5672972890295699,-0.16275009230101065,-1.0,-0.6159695366008379,-0.1642577732564353,-0.4520303297665777,-0.1450865472238233,-0.12349379738114188,-0.6620344393710574,-0.22645832595402396,-0.1495073220452089,-0.5852231744661942,-0.23694164120134084,-0.11083973249527698,-0.49082564006787893,-0.2196106622702083,-0.07298283764761813,-0.4490944379864307,0.029950604244686093,-0.12439990529589395,-0.5726599002424707,-0.049725811697198224,-0.1293576439910603,-0.50526862564522,-0.058253744127411425,-0.0820744885192085,-0.43193210981700386,-0.047195044002151,-0.03754886985468102,3,Show_Desktop
0.0,0.0,0.0,-0.04743789174167678,-0.302493841979208,-0.008940154513781304,-0.16452086622216086,-0.5767920066743261,-0.03784434429889896,-0.2774990069571724,-0.7871062510577855,-0.06694940127443036,-0.3454183227809897,-0.9474202355075917,-0.09800493239301343,-0.3521808337246779,-0.5123869938441935,-0.12074093193321968,-0.6139542397393116,-0.657850679861284,-0.16951803555220854,-0.7553230079984473,-0.7419744521801983,-0.1881609825991023,-0.8707656085826626,-0.8029211921597078,-0.1947570758348007,-0.4133247381938616,-0.34359820957699555,-0.141956861129603,-0.7056363050681479,-0.49532417866260475,-0.1910700613692041,-0.8759916228197102,-0.5921691039778898,-0.20547772648531837,-1.0,-0.6456374564779606,-0.21342671421702758,-0.44106004409630023,-0.15849675939751615,-0.15264731856084623,-0.6665398768068518,-0.2532231291660385,-0.1936024288853532,-0.5967671377627183,-0.2681514076947678,-0.15770479711198762,-0.5034071525654585,-0.24545746686375414,-0.11946061428274264,-0.44596200771213523,0.018473773560819567,-0.16274720913840535,-0.623595467758311,-0.0876153551858593,-0.17505701712830374,-0.5639709236289896,-0.10810120776727966,-0.12397632371003564,-0.4838114283392762,-0.09346578782135742,-0.07623465256192025,3,Show_Desktop
0.0,0.0,0.0,-0.045962332761706914,-0.2797090152310579,-0.012116981829988499,-0.1647565078071146,-0.5511377744886824,-0.043312650075280096,-0.2804398580763675,-0.7499651577106644,-0.07229132138195046,-0.3479510667751066,-0.9121871002762966,-0.10318106525825377,-0.34536522420214916,-0.5006630365571686,-0.13343831827713623,-0.6087257864872022,-0.6410500395380156,-0.18427854806719968,-0.7539429074810433,-0.7133762460109805,-0.20183238222165903,-0.8694990974814002,-0.7672414861785991,-0.20536025793141807,-0.4009693857426479,-0.33266741673068506,-0.1512872905704726,-0.6971822824610865,-0.4757155817347516,-0.20086513303448925,-0.8704450045924204,-0.563941141887945,-0.2089691818775562,-1.0,-0.6152500286439306,-0.21072352871141578,-0.4261471189840702,-0.1460701466381417,-0.15900614898305415,-0.6738379486062145,-0.2504908912300737,-0.19908014658635542,-0.6121194818172085,-0.2639625543999895,-0.1538892629633584,-0.5219147669323195,-0.2415303184265936,-0.10692625918235955,-0.43216966974017607,0.033537065246178145,-0.16676071839434156,-0.6564620707401779,-0.08328640737491994,-0.18096854231963067,-0.6789131835334026,-0.15623770893634287,-0.13486048943072593,-0.6648851707084349,-0.20088861924984833,-0.08998603319583441,3,Show_Desktop
0.0,0.0,0.0,-0.05614565471966811,-0.2877737933594958,-0.008800429270315692,-0.17775940108413155,-0.5472450506885798,-0.029283622480192752,-0.2897332269950268,-0.7464226376214059,-0.047853881865169264,-0.3647286258183021,-0.8995613778299572,-0.06472481358221263,-0.37055052670984256,-0.4929566746102913,-0.0961350698128969,-0.6359613405910068,-0.6198707151045684,-0.12750141527027256,-0.7761986707338174,-0.6844646065160506,-0.13248450600417028,-0.8884273238650408,-0.7289147283130036,-0.12907677554170977,-0.42463104445451055,-0.3232748015097649,-0.10957644699294658,-0.7133987480130434,-0.45221998956599724,-0.14809663012118088,-0.8806496310607955,-0.534881868581055,-0.1544901647745547,-1.0,-0.5797243626681577,-0.1538128393454407,-0.4471598623876984,-0.14193437297983597,-0.11396654385997243,-0.6548347092042304,-0.21970532486175226,-0.1469805004358827,-0.5803518595243704,-0.23302170457466684,-0.10982010392883648,-0.4899553347364238,-0.21632244448870538,-0.0684185185001352,-0.44899473042707044,0.02526141733798092,-0.11784551559058541,-0.61186247323217,-0.07575044935591463,-0.1220356561956362,-0.5481982482939696,-0.0952161115046973,-0.07059554507453368,-0.47065065541206236,-0.08487156437300691,-0.02166667030245651,3,Show_Desktop
0.0,0.0,0.0,-0.054286387067046846,-0.2886074054398571,-0.0061840449800868846,-0.1752714034694584,-0.5477663479763981,-0.022356130841944506,-0.2925188969090071,-0.7415342248970399,-0.03730835617586557,-0.3685102817347161,-0.894573311905839,-0.05143435505981654,-0.37485994555271074,-0.49662950018680146,-0.08796759555083705,-0.6424942529261288,-0.6164217496845188,-0.11836770538245625,-0.784782758227735,-0.6777893269388086,-0.12354529838817566,-0.8984080855036543,-0.7204987818937983,-0.1202696226105929,-0.43080537992005846,-0.33060418683582926,-0.1016775434788152,-0.7179646655404135,-0.4554224835441566,-0.13581040473902478,-0.8836248690219676,-0.533575408394335,-0.14267853250470636,-1.0,-0.5771537725733237,-0.14295980803358135,-0.45265112044024486,-0.1525240879649726,-0.10657587923299248,-0.656860467644891,-0.20770197029599752,-0.13807112034503577,-0.5793330454390992,-0.21385190632243925,-0.10474439171733275,-0.4864305031749719,-0.2012091371171421,-0.06664916789947628,-0.4508261310776164,0.01706272656621354,-0.11076616129996607,-0.6049596143872328,-0.06065751695609619,-0.11624112938785151,-0.5375713641865484,-0.07093677840752179,-0.06905987184381084,-0.4584406131344542,-0.0625353315196681,-0.023320349713084894,3,Show_Desktop
0.0,0.0,0.0,-0.057500912119253074,-0.2853750936122391,-0.003660299353545146,-0.1819562237622839,-0.5377321103467699,-0.019783584857958524,-0.29710490148654867,-0.7295922575477297,-0.03525124142928625,-0.36750020802719807,-0.8806167114877648,-0.04977668909924447,-0.37506581431903785,-0.48910312388271104,-0.08679875232671101,-0.6361628994693707,-0.6064339383343377,-0.11806023954286818,-0.7746519544955364,-0.6656725862215586,-0.12547926667052922,-0.8869796919734421,-0.7074267081318975,-0.12412091764752553,-0.4284045365474069,-0.32114516457923187,-0.10198798963956654,-0.7126518027042621,-0.449148551536338,-0.13809017259925865,-0.8792361424167914,-0.5313455382052237,-0.14704388037545246,-1.0,-0.5789416124805346,-0.1490363923107272,-0.4479945720903396,-0.14268233469610198,-0.10789654499811856,-0.6527908105928364,-0.20264299698154822,-0.141303849907469,-0.5786374812889823,-0.2120306472069034,-0.10880170334110649,-0.4870202915672632,-0.19756292708440967,-0.07077802916016215,-0.4443634687780894,0.025417174542591625,-0.11288124242598799,-0.5999162404776122,-0.058772849844596825,-0.12027496338790575,-0.5369903447947938,-0.07461272650961451,-0.0737713405142409,-0.4595382070524421,-0.06765629700614571,-0.028241196344534595,3,Show_Desktop
0.0,0.0,0.0,-0.058547784174910154,-0.2836928487733204,-0.004776348462982968,-0.18188756806134837,-0.5343620344702115,-0.018638362300006702,-0.2990485160996117,-0.7277176369631626,-0.03217408486712651,-0.37251889545842454,-0.8740025955189964,-0.04407578900964913,-0.383241892827575,-0.4945993463488085,-0.07353112566769442,-0.6375012247309325,-0.6020438528341457,-0.1009838337526669,-0.7749718539530672,-0.656718755520395,-0.10837255806928524,-0.8878154661025438,-0.6952206537167533,-0.10740434907937775,-0.4426530895454054,-0.32983451836295086,-0.08648037882768235,-0.7152225586514083,-0.45133602209578505,-0.11763892238676318,-0.8816527475313248,-0.5269763150696357,-0.12787116233131246,-1.0,-0.5691469425798789,-0.1305238430260199,-0.46658132705105554,-0.150224676661928,-0.0910248192139725,-0.6484087057334891,-0.18691998291022294,-0.11883997822320251,-0.5751624202650081,-0.18443719379450235,-0.09066448538965409,-0.48410709010850844,-0.16700795228266171,-0.05658775859188567,-0.4666587264036691,0.01974339109692548,-0.09547321610947536,-0.5918197625861363,-0.040614991580771594,-0.09811716661249831,-0.5255773900646913,-0.044317048145311184,-0.05523297398244645,-0.45012786373051766,-0.03749297487052454,-0.012827544722905109,3,Show_Desktop
0.0,0.0,0.0,-0.057908778829336566,-0.29518801033440056,-0.003762809720978633,-0.1797461156576074,-0.5460681494470986,-0.022092895879962215,-0.2801352606849796,-0.7553107794915159,-0.04174737948551975,-0.34150278032795306,-0.9064679883962694,-0.06217902390986851,-0.38742281070382695,-0.504424220357155,-0.08007438718679431,-0.6378125518760679,-0.6193130760249794,-0.11131400050888955,-0.7739486526667394,-0.682416752954815,-0.12488884970716642,-0.8881513914479808,-0.7272776631854864,-0.12929040509498615,-0.44304973040494744,-0.33982348609010593,-0.0963701848699002,-0.7134124341145277,-0.46245213644563754,-0.12688441026218647,-0.878923344024198,-0.5391702947431946,-0.13981511346550213,-1.0,-0.5809143761710808,-0.14685607733086878,-0.46255164678141386,-0.15712085874209764,-0.10369210493329334,-0.6494350839509547,-0.19522423759949886,-0.13066576862871282,-0.5768134497619548,-0.19916007773729089,-0.10370230818200772,-0.48529017122197776,-0.18247150656814073,-0.07269397614032161,-0.45925037992771056,0.015401815398697102,-0.11079165149633474,-0.5966660827504107,-0.04690339426545322,-0.11566585805044313,-0.5305599451179862,-0.05352427089189692,-0.07263777802212167,-0.4528195359424913,-0.04487668514104329,-0.03114121422407354,3,Show_Desktop
0.0,0.0,0.0,-0.07047131344544708,-0.27971641989823504,0.009372772363747249,-0.18789263257978336,-0.5177353105383806,-0.01461460673633222,-0.2926830300876089,-0.7085108428464203,-0.044144561163478716,-0.3515132004279456,-0.8698089327026457,-0.07708990251447083,-0.3762043907640663,-0.4646030257834571,-0.08441299129024833,-0.6315289705580139,-0.570838312948882,-0.1268219348855734,-0.7737387644438251,-0.6257973926365488,-0.14262470991690637,-0.885514500493478,-0.660563120651197,-0.14494444268905357,-0.42545623568406465,-0.30300505649640275,-0.11152576866769687,-0.7080068690029626,-0.4225190048589288,-0.1513087000596931,-0.8776093258974994,-0.48609026900066943,-0.16288105832035712,-1.0,-0.5148522344104591,-0.1650504985777595,-0.44174392237003535,-0.12549372061291827,-0.12871573964113198,-0.6607389911173949,-0.1477511247683652,-0.1602321968478962,-0.6107303916337167,-0.15427826517985269,-0.1300503354080692,-0.5250012127476982,-0.14778693390039946,-0.09350269515049041,-0.43800777746123837,0.04803133563652496,-0.143948424029497,-0.6319426277728925,-0.0008137316555373178,-0.14631674388442592,-0.617270056421433,-0.03458544755682054,-0.09942033061881829,-0.5653420521807849,-0.05902756156568815,-0.05369166108683306,3,Show_Desktop
0.0,0.0,0.0,-0.07485871122055161,-0.279705216219458,0.008978621960325511,-0.19400043039278633,-0.5126249726594746,-0.014315123238545942,-0.30624298847817344,-0.6957699797503721,-0.04265028285650179,-0.3734703417036499,-0.8499163909095399,-0.07367031376011497,-0.37831667031207006,-0.4655295947957751,-0.08506389892320561,-0.6371815269771609,-0.5720791499389689,-0.12697092702573787,-0.7794854336736494,-0.6271814211428692,-0.1425444099793613,-0.8915921710846604,-0.6635986481433137,-0.14484928241376166,-0.4286615137125964,-0.2995276262779491,-0.11113519551675255,-0.7100623716759212,-0.41173226040880256,-0.15117474446864027,-0.8793392059605873,-0.47344705815947113,-0.16403397471819753,-1.0,-0.5032027220579831,-0.16799330171793647,-0.4459366687598338,-0.11805374265333625,-0.12726006410584031,-0.6575792346064022,-0.14528825733255252,-0.1579663183833096,-0.5978646167740297,-0.15049336418990905,-0.1259774847830387,-0.5091409077759982,-0.14240921181675145,-0.08864131847150486,-0.4426762670128624,0.05378922042460718,-0.14171902377239176,-0.6396178323725932,-0.00017180433356146503,-0.14397801263156865,-0.6248100274463596,-0.04508576105439177,-0.09726768417484428,-0.5739190791005496,-0.08196072136653237,-0.052002903313564816,3,Show_Desktop
0.0,0.0,0.0,-0.07804532437771275,-0.2742477714365853,0.007093667759595729,-0.20157488214332267,-0.5050686051611687,-0.013331738311353114,-0.30677588459982363,-0.7006427378399905,-0.03920653970673174,-0.36189311469844293,-0.8561968894272567,-0.06910723674516671,-0.3793923644528883,-0.4559625385775483,-0.08501755189689855,-0.6316621501508215,-0.557440865116003,-0.1224321924811129,-0.7712064347723757,-0.6127788730851815,-0.13711963775310793,-0.8863263864095252,-0.6550475948142889,-0.14279888595238843,-0.42517530752257204,-0.30254430874743793,-0.11271990796300486,-0.6991279274112909,-0.3924293671364156,-0.14900133170950466,-0.8731607702023467,-0.44599490371082123,-0.16240186069119972,-1.0,-0.47419649959463306,-0.17130166485498008,-0.43575407358602797,-0.12607162749219075,-0.13087441845316472,-0.641840322405118,-0.14682926007997643,-0.1641226740563144,-0.565434863845836,-0.14146585050595797,-0.132043558341113,-0.4721850257409293,-0.12941314916200738,-0.09756061941969274,-0.42667874927947785,0.045438064430689026,-0.14763556153058954,-0.6127944941609287,0.017544724441620307,-0.1604297649659418,-0.557762312141377,0.008292881979127812,-0.11615084944350447,-0.484654289104803,0.0002381346213893836,-0.07350925589070427,3,Show_Desktop
0.0,0.0,0.0,-0.07750514730731697,-0.2557751973756537,0.0072178955927340695,-0.21224346593955154,-0.48611329776477247,-0.010463921899382101,-0.32496983548975084,-0.6732028195164721,-0.03532329476810167,-0.3664937099022385,-0.8349796007833951,-0.0638263234766399,-0.37841462934637,-0.4440840235995727,-0.07221456078515123,-0.6252349710162828,-0.5406479499669514,-0.11567099758286783,-0.7664670572331713,-0.5964774027440543,-0.13159317866018533,-0.8801383156463213,-0.6332845521062225,-0.1364729837750548,-0.4213993957597317,-0.30655659052135403,-0.10175848670803596,-0.6992133475752348,-0.38934171470141543,-0.15127316764623705,-0.8723269290017684,-0.4306124651021386,-0.17298863547437873,-1.0,-0.4545594895716979,-0.18082156819768094,-0.4313282360174432,-0.14430477759696414,-0.1223870969486327,-0.6220225694326629,-0.10776585146710134,-0.16901653315052387,-0.5523379700947213,-0.08846175248679072,-0.14600543768341168,-0.4695966166888122,-0.08983764775181088,-0.11158426206149344,-0.41982398719857544,0.02147363642162724,-0.1412208191575842,-0.5643620392701885,0.0331393960040337,-0.15860975590779763,-0.5036071868218075,0.03867351481352293,-0.11785882586367397,-0.4341740149539966,0.02624532942088212,-0.07470093797996714,3,Show_Desktop
0.0,0.0,0.0,-0.0946669971491567,-0.27066498661805005,0.03468763071025162,-0.23021634800151652,-0.5108360544881566,0.02210733334294192,-0.3346981569267892,-0.7006820087693011,-0.0025442659207161734,-0.37744716094526054,-0.861346762207197,-0.03327083871680747,-0.3751414410360799,-0.47934688829720623,-0.07480847993114062,-0.6217142541300955,-0.579268902490105,-0.1245094047927223,-0.7639206392936196,-0.6439952223977311,-0.14517569765145052,-0.8776196278962918,-0.6935489414916448,-0.15438447852515066,-0.4108435680709006,-0.3444763507824058,-0.11976072334013084,-0.6916893729440203,-0.43342663418265603,-0.17673026223933053,-0.8693408687947091,-0.4885887677983389,-0.1996905620226457,-1.0,-0.5261000273770774,-0.21120931618426372,-0.4167222988454128,-0.17800558423287616,-0.15221429458055427,-0.6470531642115099,-0.1425547735863885,-0.19861540719534151,-0.5870369106911374,-0.1086122067219793,-0.1637453014956413,-0.5031853272683463,-0.09624657678579293,-0.12396607344285965,-0.400523187175437,-0.004746511581712803,-0.18088600758242057,-0.5871897732366183,0.004444759189673055,-0.1999153217823147,-0.541902041880883,0.016282538347339975,-0.1541605392141721,-0.47519317248508725,0.010406571189469239,-0.10872382085348041,3,Show_Desktop
0.0,0.0,0.0,-0.08700296947825757,-0.26324514025003887,0.017773992288166333,-0.22268273787724327,-0.5088794759365135,-0.005398478225532939,-0.32567446871422334,-0.7069383194207536,-0.040199847758028456,-0.3692210682718717,-0.8773907261177785,-0.08183656852038179,-0.3692656605249257,-0.48616773567593624,-0.08517892445452635,-0.614641674682966,-0.5938129119829922,-0.14497212243759786,-0.756375363999507,-0.6651512848796118,-0.17264159368408633,-0.8718635511894243,-0.7216620368817996,-0.18503721667574746,-0.4031120515354062,-0.3547630753500209,-0.12869988020063444,-0.6825964361906197,-0.4525535379206162,-0.1931057363305233,-0.8628360585848144,-0.513972050586079,-0.22120900223404116,-1.0,-0.554811935221043,-0.23453884163660949,-0.40616540155019043,-0.18962245951532924,-0.16247277455575163,-0.6304248936252674,-0.14577085591433062,-0.22479214653657523,-0.5666065861538442,-0.10552913454884964,-0.1988384536752985,-0.48166391811747533,-0.09060814862458592,-0.1604518179387011,-0.39069136717496317,-0.010845149482028756,-0.19309308589154656,-0.5819470179583976,0.00023062555876401074,-0.22247284858585925,-0.5286655463443715,0.020115286651108732,-0.17838047294664192,-0.4555661278290932,0.01866133533766221,-0.13204697732770015,3,Show_Desktop
0.0,0.0,0.0,-0.09230142740114046,-0.2554688284322089,0.023386853851895435,-0.23954688601910507,-0.49725577141961846,0.007192908124800572,-0.3618111926274319,-0.6815323923423786,-0.022722515460735605,-0.40674024955039184,-0.8505914113858624,-0.058325026120679045,-0.35995330038765194,-0.5027747523560209,-0.0671864431949028,-0.6162392132417431,-0.5929946523403709,-0.1256561634771401,-0.7588732880440489,-0.6539895368731621,-0.1532346704516464,-0.8760837043089514,-0.6981210057742867,-0.16783053786765706,-0.3902866994147375,-0.37977452281017055,-0.11361668432567283,-0.6766538813803733,-0.45798772803068893,-0.17849930320563376,-0.860610973067973,-0.4940684187784385,-0.20797912822500225,-1.0,-0.5119207694532169,-0.22281352880244856,-0.39284928506436373,-0.21925016316104926,-0.15162202704503777,-0.6334308035710348,-0.15166170199514337,-0.21169098695885133,-0.5624153869470808,-0.10828988694381667,-0.18053926844381715,-0.4734751036264539,-0.10345971999640773,-0.14014605781370937,-0.3777292534043273,-0.04313644674668601,-0.187502063666511,-0.5655686870524319,-0.007856960999965948,-0.21907959326266382,-0.507563456371203,0.0128072822318279,-0.1790899956066075,-0.4316965238006935,0.0015768264906850435,-0.13617627979213348,3,Show_Desktop
0.0,0.0,0.0,-0.10904996773460264,-0.2531152844371208,0.024172084000717253,-0.26045840630163075,-0.5149209094107016,-0.0018682416287573382,-0.38451790670592334,-0.7115721113035566,-0.0423748700214997,-0.4278752714257387,-0.9000104678854527,-0.08848668497595351,-0.3456838658681079,-0.545797724532061,-0.09425974307888603,-0.6032388399551024,-0.6565756190429886,-0.16893750410159664,-0.7477901785835772,-0.7369806808552172,-0.20482683986618858,-0.8692107559065089,-0.7938471510933135,-0.22606855150515284,-0.35578728023109896,-0.42886654570846633,-0.15081329928444628,-0.6557047163720087,-0.5367576078577717,-0.23690217798160998,-0.8473843983514804,-0.5969617370666735,-0.27546238927687566,-1.0,-0.6301140019850884,-0.2978427782649504,-0.34964696738827344,-0.26072146408163716,-0.1976592637150432,-0.6399043775898718,-0.19382804765591027,-0.2748504171000435,-0.5656734632935524,-0.13878855905474813,-0.23749571343644685,-0.474399488978514,-0.13364641442267797,-0.19176629321760819,-0.3354614405370588,-0.07259777903037629,-0.24186503513016888,-0.5652376944745349,-0.028696156834685602,-0.2874619966858164,-0.5042331439377791,-0.011590688625399734,-0.24680190398425472,-0.4224983704024077,-0.029779592049994766,-0.20319136882857802,3,Show_Desktop
0.0,0.0,0.0,-0.17293873999324452,-0.21349184424412038,0.014322462907474309,-0.3643006170425849,-0.46422472157365674,-0.029143549284011794,-0.5179953500468998,-0.6713675913925192,-0.08545066005748107,-0.5442842864041421,-0.9011061730089369,-0.14420013555255162,-0.36472160126228226,-0.551154512250838,-0.13433276332816368,-0.6127416444491506,-0.666126387152863,-0.2367535901963822,-0.7640204998610851,-0.7554351823315191,-0.29239510902068666,-0.8953498299992764,-0.806623609938698,-0.33093320730384007,-0.3208345386101684,-0.4496419070762616,-0.19906384412972553,-0.6201099527965281,-0.5500270238348054,-0.3243878639512795,-0.8299687130837755,-0.6173277104827437,-0.38963041100242796,-1.0,-0.6516534031989674,-0.4342295236031857,-0.29095648994991374,-0.27098389434656645,-0.25265047686526126,-0.6264992510030171,-0.1582983482629915,-0.34767992505649814,-0.5578206544125752,-0.07924323009065062,-0.30003202896210773,-0.46953523539327713,-0.08201364146617662,-0.25037886277627014,-0.26937764729567426,-0.0782967550299727,-0.30531523303258146,-0.5418664369887186,0.03435527006186989,-0.36538255797265284,-0.48183921399978585,0.058709650831547354,-0.3255438205624965,-0.3942094261423116,0.029389233727875406,-0.2840780826639196,3,Show_Desktop
0.0,0.0,0.0,-0.0793860536563007,-0.27783942823010616,0.01752339166682875,-0.2185599000921555,-0.5443113947690215,-0.005624348409779888,-0.3315657477387969,-0.7502093831290251,-0.04070041657960796,-0.3781083183585871,-0.928063048514228,-0.08159624905640796,-0.3480160353813951,-0.5334238311304642,-0.08613845472566825,-0.6115951484515164,-0.6428364578173561,-0.14725439970202614,-0.7582030160865489,-0.7098859178377909,-0.1757489637299956,-0.8799355396195968,-0.7537557453563625,-0.19129210401552504,-0.3777970040214128,-0.39956782244956984,-0.1343709413193131,-0.6665313568403786,-0.5245790209684749,-0.2025294698868919,-0.8531274972248319,-0.5888433487440513,-0.23373024914222587,-1.0,-0.6267684009843566,-0.25120278875805246,-0.3818085424007793,-0.22718711338179473,-0.17323462693276662,-0.6469856998279871,-0.22174557575468143,-0.242046394955829,-0.5682328674330553,-0.17570031811872783,-0.2099363139189476,-0.4722055004970437,-0.15807317610463179,-0.1682481890348601,-0.36767426107279927,-0.03957713674473284,-0.20930951104717158,-0.5626292093639187,-0.04209063196989982,-0.2515469580685271,-0.49749287828058253,-0.029457445897464116,-0.21141761539959378,-0.4149599286023728,-0.03702468234357577,-0.16726569292584048,3,Show_Desktop
0.0,0.0,0.0,-0.058553070722064296,-0.295076999198213,0.01582831296604581,-0.18073312701591257,-0.5672409515304867,-0.004661702437519108,-0.2775928006494726,-0.7886240143280375,-0.0350864298090743,-0.3140048092856484,-0.9673960307056049,-0.0716491662294132,-0.3332150221775069,-0.5651865743588307,-0.0859002745661666,-0.6025556645909252,-0.6934956512122495,-0.13974672351696749,-0.7500681321451231,-0.7647537961005074,-0.16352751269366905,-0.8737411710973207,-0.8169721931082226,-0.17513199239567573,-0.3796330307512058,-0.43072172677555604,-0.12791021077329406,-0.673123152398054,-0.5714644264027412,-0.18654050241478146,-0.8583619775593001,-0.6538448971267444,-0.21036046308664522,-1.0,-0.709935515931791,-0.22250634199849856,-0.3990489865635151,-0.2624055261183995,-0.1603036571251992,-0.6500858698419298,-0.27375154800901536,-0.2197546875273961,-0.5711789715654666,-0.23420564022852186,-0.18906362470542906,-0.4739433592971563,-0.21538411269685162,-0.1496730900826298,-0.40025220563232916,-0.07799649483003589,-0.19011143695442181,-0.5867479297343043,-0.09824637373614421,-0.2246809827293491,-0.5174491899366218,-0.07983040751101694,-0.1824113263810669,-0.43325204154068053,-0.08028569899990269,-0.13748438172447627,3,Show_Desktop
0.0,0.0,0.0,-0.057542351585996465,-0.29710685493252886,0.021710565813893225,-0.180298413752963,-0.5680095273618128,0.004046358294097352,-0.27872365710947516,-0.7911504640186022,-0.024174306405145177,-0.3140705775050311,-0.9740715332480443,-0.05799798340803532,-0.3417778180279621,-0.566721064074873,-0.07524844566370337,-0.608695364252634,-0.6958650333364594,-0.12219089243919827,-0.7543935542113903,-0.7656870718396586,-0.14214682669052217,-0.8767587282246304,-0.8150355378900201,-0.1518667689307122,-0.3878070458663578,-0.42930902285836603,-0.11801010962123831,-0.6774771820830043,-0.5725321247777987,-0.1695916293993914,-0.8604090794870345,-0.6513712585524681,-0.19026248045453883,-1.0,-0.7013977831057567,-0.20167935873297005,-0.40672109271136775,-0.257744024100474,-0.15067046817520988,-0.6517113169279628,-0.27340442820437005,-0.20241518241520803,-0.5716497627824364,-0.23803782021865397,-0.16935636269697682,-0.4738584598290831,-0.2211433621678972,-0.13079554388294296,-0.40677568102953926,-0.0722300097578856,-0.18036060698345918,-0.5897344251474242,-0.08964762077262695,-0.20751140461722561,-0.5177222317279476,-0.07116616397686458,-0.16202015136608858,-0.4319337365829073,-0.0696434183670182,-0.11656457068598615,3,Show_Desktop
0.0,0.0,0.0,-0.048597931718906646,-0.3008385514833859,0.013209298771474053,-0.17612493102202792,-0.5837942867519428,-0.0038869423371274353,-0.26895521907548625,-0.816777323822889,-0.029143816186477194,-0.2949209604229672,-0.9978775312948832,-0.05979803619143655,-0.33540811356392247,-0.582211704632661,-0.07986371922754891,-0.6056813070283467,-0.7142616331994258,-0.12469307075412571,-0.7530506305097596,-0.7864118233172767,-0.14425268924512372,-0.8771362823861866,-0.8370901722735592,-0.15431135511211916,-0.3896393141613608,-0.43824375707527247,-0.11661342382729219,-0.6799461885906138,-0.5898191316634168,-0.16406624434131847,-0.860942940408639,-0.6737752035245822,-0.18195594478836627,-1.0,-0.725854635039381,-0.19205480824119148,-0.4166088647387862,-0.2621161130553258,-0.14422169324390177,-0.662761878906604,-0.28648769682573816,-0.1946132331035385,-0.5801545287441225,-0.24835687281049765,-0.16285486816227218,-0.47825975291100153,-0.2228957490759077,-0.125014199274444,-0.42448722982836307,-0.07319704558143976,-0.16974946629402948,-0.6069620229125335,-0.10130858741613898,-0.198514772802204,-0.5337213884978655,-0.08092294018798182,-0.15606508218344334,-0.444811744170084,-0.07302051985019187,-0.11280022612335658,3,Show_Desktop
0.0,0.0,0.0,-0.02877614745774921,-0.3235761424999061,0.025867332162545695,-0.13766762584164327,-0.5895346040380913,0.022783633206997965,-0.2185553743467907,-0.8226831020361826,0.008894843801800818,-0.2452641371727397,-1.0,-0.00745966628943068,-0.355231790839379,-0.5932635846247227,-0.026132344118145107,-0.6122413456448312,-0.7261380899406622,-0.04562937352138786,-0.7527419476814629,-0.7937725000300884,-0.051935865538452176,-0.8683852538658152,-0.8408840444934081,-0.05325213020967084,-0.42027006951937845,-0.4428142441705376,-0.059136234430717353,-0.6816964158207647,-0.6009362060321501,-0.08818267751961885,-0.8539020649955262,-0.686811616513713,-0.10491058709538735,-0.9749406181532142,-0.7300750843776389,-0.11275380276317737,-0.44781214517067464,-0.2600557541786444,-0.08291029321744334,-0.6322158846058434,-0.29634411167218166,-0.10828504148565618,-0.5477110662470224,-0.26688715895293946,-0.0785702270374237,-0.4492215378043617,-0.2416287448555642,-0.044653893198905316,-0.4477593333641103,-0.07666819293985185,-0.10454238641339651,-0.5769253361408616,-0.11328994741632607,-0.10503869838890477,-0.4980171322219023,-0.0968218249999955,-0.05739826681046226,-0.4132760977895026,-0.08444985096831525,-0.012734835589217978,3,Show_Desktop
0.0,0.0,0.0,-0.021361265898645388,-0.32930893559791286,0.005655479121637614,-0.121668687775294,-0.5993766450816017,-0.00619574195908516,-0.20932471994046406,-0.8220157111887354,-0.022442695706046463,-0.23352825777153782,-1.0,-0.03967391159544211,-0.3585347642407267,-0.5748516525024936,-0.04845321576549097,-0.6156000863777747,-0.7041234133007706,-0.06309967906865305,-0.751546781161767,-0.7685441405903795,-0.06509873677364902,-0.8596331265800169,-0.8158774729858433,-0.061429582730704924,-0.43258401082676473,-0.4179604575489814,-0.06302654723422264,-0.6794009405892539,-0.5705575586883521,-0.07670700318999835,-0.83306774043338,-0.6640407494889784,-0.08397410280650354,-0.9309172996113,-0.7147980673324602,-0.08567759425700303,-0.46847861868714225,-0.2392398826162618,-0.06867697060313874,-0.6086448466653818,-0.2926245830584204,-0.07044386715625756,-0.5328474700737588,-0.2752839634174649,-0.04353899334043495,-0.4396391336337329,-0.24974519259852201,-0.016523910707396994,-0.47831534499761547,-0.06894184412328669,-0.07485669853776736,-0.5463330946455627,-0.11254943158078362,-0.056128327052491676,-0.4701122700051067,-0.1034460019329489,-0.014923437436499975,-0.3924271380961157,-0.09146847140881588,0.02278413156988129,3,Show_Desktop
0.0,0.0,0.0,0.015011432128607336,-0.3128338998103211,-0.016781026332964404,-0.05082994955125054,-0.5927812859338976,-0.03345236267558029,-0.12731170347109882,-0.820074678371036,-0.05321657669101958,-0.13827990089830816,-1.0,-0.07348294520148196,-0.29613323821122806,-0.5964293742042728,-0.04700923733246363,-0.525276329170579,-0.7509717459971194,-0.07132037399656858,-0.6539885211253116,-0.8293958297158208,-0.07982660577431344,-0.7550409794397306,-0.8877428590195875,-0.07908131570024543,-0.3856901206591249,-0.45333367998321616,-0.056622702338803614,-0.6179470343657731,-0.623303119409894,-0.0776178695860371,-0.7575043171254139,-0.7262496979368105,-0.08857172250909193,-0.8543683954480853,-0.7949831382667294,-0.08916379111098896,-0.4342714373610692,-0.28424251591368316,-0.062385625714745326,-0.5617439542380832,-0.3306435540726899,-0.08936435052297663,-0.48574946149461595,-0.2903141689609982,-0.07725932692911898,-0.39585304581709957,-0.2563074710998595,-0.052667514698915105,-0.45549450251451734,-0.11431525987506658,-0.0694975189594373,-0.5113258522959858,-0.14778597044218608,-0.07349254945501377,-0.44194468173795903,-0.12369322966091358,-0.04350212712870667,-0.37046604981927,-0.10665682272827175,-0.009430464697739999,3,Show_Desktop
0.0,0.0,0.0,0.030618367051137164,-0.3041780379424077,-0.04689535377702131,-0.004510591277987868,-0.5865409456294433,-0.08303412746178952,-0.06674278821023297,-0.8151128905880389,-0.11180836661845638,-0.08550490590590484,-1.0,-0.1378586658420379,-0.2726042533798426,-0.579877652692268,-0.08992211605454387,-0.49425137048901,-0.7607118569226838,-0.11403654085670051,-0.6119890367966864,-0.8536044153330336,-0.12444489058912336,-0.708225733688709,-0.9249745641350583,-0.12536051749504132,-0.3631763096148101,-0.428841949632912,-0.0788049830105291,-0.5677077740721093,-0.6380938003113612,-0.09275473539402292,-0.6939926352052216,-0.774462639666908,-0.09691015703401692,-0.7858417118416842,-0.859133681550413,-0.09749431368846799,-0.41799480686639,-0.2620062421083258,-0.06427135637181619,-0.537184027375405,-0.42689461312501265,-0.07548773336553262,-0.4656361553233872,-0.4201065772486598,-0.05367507271913031,-0.38872398250338525,-0.3739525757113448,-0.028169169999308973,-0.4465006061727201,-0.11588743083765947,-0.05397072256605442,-0.4974435671093978,-0.26826677836829854,-0.045171862958385135,-0.43665911475747954,-0.27009380172889463,-0.010390016891127786,-0.37634891592361336,-0.2380644573699865,0.023787335624046023,3,Show_Desktop
0.0,0.0,0.0,0.017390016454409005,-0.317649746862193,-0.016515568120034775,-0.030176952629002746,-0.5901300638850105,-0.03240221619571783,-0.08798214037362888,-0.8236148765196848,-0.044536064391602966,-0.10932302118121344,-1.0,-0.053716311740564675,-0.2821542813071773,-0.598683647279604,-0.06003655003147357,-0.5079290925149598,-0.7690182082214246,-0.0662362024298256,-0.6283225353155688,-0.8541387986294615,-0.06424770922742915,-0.7252984280711134,-0.9185745171597269,-0.05756243389152259,-0.38501348322318574,-0.4508322029581812,-0.054751434724177095,-0.58666903879881,-0.6607095444603188,-0.05088502113511106,-0.7105575534045816,-0.7960077738503136,-0.047316759044010344,-0.7900262078457367,-0.8790326396954038,-0.042153239967913675,-0.4416305578785191,-0.28375149688160956,-0.04210782552813121,-0.5361018945147755,-0.42863464529098655,-0.026808860114901575,-0.46398435115262143,-0.4138778761349659,-0.0009143005831805548,-0.3830525005824969,-0.35958771861696265,0.02293682240892661,-0.4636514699693489,-0.1327357848175114,-0.03256457027798265,-0.4740630830613509,-0.24938724936828435,-0.003573253221411814,-0.4092184426651446,-0.24423436424751332,0.032337334870748226,-0.3480318829009611,-0.21286279623806334,0.06568359564694118,3,Show_Desktop
0.0,0.0,0.0,0.03256914072959567,-0.3145385426666108,-0.008947376445162686,-0.0073161757339400245,-0.5856345026949538,-0.019595112983372014,-0.06398252059695185,-0.8200355562679762,-0.029471557456758547,-0.07747914803393147,-1.0,-0.03715614619624149,-0.2645397266611899,-0.6127366850701926,-0.04019228683384989,-0.47582410576532497,-0.7969230713183688,-0.04366377317055245,-0.5904321398060799,-0.8919681450812311,-0.04193001233927896,-0.6828180528207305,-0.9627544449888795,-0.03594971548906885,-0.3675905163855742,-0.4716766638311514,-0.03926037210058565,-0.5545432604296261,-0.6912830676024474,-0.03229557806555034,-0.6716537125516177,-0.8279703236312568,-0.028880049703415584,-0.7474451218512574,-0.9073261941496096,-0.02419166170748124,-0.4256439564362856,-0.30879762618194534,-0.032015312887195224,-0.5080426019464871,-0.4504582059021219,-0.016631173245963794,-0.43936372131317747,-0.43562457535579036,0.0071215034071658665,-0.36202783662332033,-0.37815985384042305,0.02975214454364583,-0.45025856620078,-0.15826236955567416,-0.027305456451091767,-0.4585172016197046,-0.2683895305734723,0.003728838094199669,-0.3949464379067704,-0.2631509920963808,0.039879661329045905,-0.33301404946182894,-0.22900987087172966,0.07290187636887366,3,Show_Desktop
0.0,0.0,0.0,0.021774053854450248,-0.3219850294060636,0.008934730384610767,-0.019177771523105052,-0.5936094712026011,0.0006469054723841716,-0.07043501903308363,-0.8315210838411062,-0.008679067193956502,-0.08155720979172493,-1.0,-0.01607573693700481,-0.2637558876095445,-0.6148060620909829,-0.05331843388050088,-0.4859271704517152,-0.8139711430508489,-0.06062420558326926,-0.606368144514111,-0.9102920394235826,-0.05593560368424999,-0.7034240774260577,-0.977492382256553,-0.04744897072317195,-0.368768457599547,-0.4696040393322783,-0.06283246184023789,-0.5768230995494978,-0.7118594178650511,-0.06941371264674398,-0.704517704292941,-0.8535027813760554,-0.067594471901016,-0.7898506971986328,-0.9347706154002765,-0.06216298124580999,-0.43111733837617855,-0.3017780594630386,-0.06153778370358957,-0.5421911525752142,-0.46389494260621905,-0.052098067054376876,-0.4706566160743821,-0.44594223198180244,-0.016829820135851433,-0.39148914942116564,-0.38527622223985314,0.014963938698899358,-0.45694615051994675,-0.14627687333533002,-0.060647037414161886,-0.4900740614201907,-0.2793974578007479,-0.0280907851672198,-0.4257339734698382,-0.2726876952527095,0.020682727016567683,-0.36332867178179445,-0.23347930364998196,0.06319192170377953,3,Show_Desktop
0.0,0.0,0.0,0.009727850339745894,-0.3123094191341535,-0.001318091436552721,-0.042983682932263324,-0.5837513520349827,-0.018629304723454775,-0.09748218181497323,-0.8239326920036736,-0.03580808795814746,-0.1096650188567979,-1.0,-0.05168855053334119,-0.27969679121932783,-0.58883099617864,-0.06894746435935571,-0.5099440288767466,-0.7750037316533173,-0.08193161880347907,-0.6312872843637476,-0.8654398902342448,-0.08089931343953073,-0.7314376902132153,-0.9277618094878848,-0.07554250672005475,-0.37733081272100394,-0.4424277585006327,-0.0768978965142219,-0.5942876659850425,-0.6710573336362774,-0.08507535864253635,-0.7231898172556062,-0.8019760483004617,-0.08358443791130878,-0.8121948959806233,-0.8735061438087276,-0.08038487837507792,-0.4329391567713515,-0.27361254188459155,-0.07504953900234862,-0.5621795465691951,-0.42563292884417275,-0.06768170662600972,-0.49057417460608077,-0.4176971912231514,-0.03255565280159817,-0.4079822086534651,-0.36583566607621987,-0.0026642518190543095,-0.45432474722184846,-0.12120446739564422,-0.07451051730581769,-0.5003487165686142,-0.24433799734850406,-0.04696375525496721,-0.43775455206557123,-0.24685713907559412,-0.0010686813627742125,-0.3745041312894903,-0.2140549872903197,0.03844503162590004,3,Show_Desktop
0.0,0.0,0.0,-0.00859426589367188,-0.30914481121797316,-0.0019498680862444996,-0.08062959808102917,-0.5819976909217222,-0.021480903852481373,-0.14509768118197308,-0.8187159166536218,-0.042613400167270804,-0.16530424148515835,-1.0,-0.06298786487380219,-0.31123876486674745,-0.5768722172640471,-0.06350361415898408,-0.5633266658251425,-0.7387523917367746,-0.0801906043122271,-0.6923496026570479,-0.8158642216138524,-0.08282001891819141,-0.7991799574814672,-0.8696596096301169,-0.08070955898210412,-0.3953264359153156,-0.42400639311956034,-0.07587909045027243,-0.6368024459152841,-0.6196119735707195,-0.08949376846470167,-0.780550700568879,-0.7314006369093614,-0.09403369053192369,-0.8788874212526501,-0.7906754192573876,-0.09559447030880396,-0.43951791383815053,-0.24562353522582633,-0.07958773209348453,-0.597641631568763,-0.3615895714085322,-0.08095900144153308,-0.5210191917412842,-0.35015248159381474,-0.048654932342541195,-0.4299637189725692,-0.3093926480973206,-0.01898635508563156,-0.454088171897146,-0.07893225736520011,-0.08443409471302979,-0.5295447064648463,-0.17004067962379804,-0.06524301760766843,-0.4622131001658345,-0.17073928022330084,-0.021490372732134853,-0.3905186591969383,-0.14774238345151944,0.01730873272181046,3,Show_Desktop
0.0,0.0,0.0,-0.02557012189937953,-0.3129346523315179,0.00338506326380027,-0.12244388741459195,-0.5868792580457268,-0.01176322627102609,-0.2046244418003321,-0.8162677365435969,-0.0323778934541745,-0.23520862323336453,-1.0,-0.05426208041829195,-0.37331650380858944,-0.5733033359708551,-0.047994462751008014,-0.6360088362913516,-0.7148000564674843,-0.0672179241208032,-0.7803754929536251,-0.7857456377088912,-0.07400256107007223,-0.8980903274125516,-0.8315746559062102,-0.07407459739709173,-0.4496725637226466,-0.40467829944295697,-0.06704994027493255,-0.7141662801332918,-0.5908974257074945,-0.0792038940467272,-0.8774768287576086,-0.6963451143960846,-0.08276045831269538,-0.9928209581361618,-0.7523137630793602,-0.08265334605905356,-0.48266116069151316,-0.2135251883336912,-0.07924200984579943,-0.6741366465669312,-0.26675666666271236,-0.09143775568517792,-0.5925564546328447,-0.2477932008878207,-0.06552666760460182,-0.492445694532263,-0.21931646663811658,-0.036679461257269064,-0.4838272854205938,-0.029943386206353857,-0.0916468581309555,-0.6051379677004408,-0.08149725037358302,-0.08381447229867894,-0.5304475601736572,-0.07296662684680902,-0.041023537845842145,-0.44529989256151614,-0.06312396471335832,-0.001107602247646901,3,Show_Desktop
0.0,0.0,0.0,-0.056527782945753655,-0.2926030807553773,0.019288808548072644,-0.16975032845186386,-0.5399193277422931,0.014659130388321282,-0.262311645791438,-0.7401195551825974,-0.000523266058212636,-0.30362484604831264,-0.9023548753697108,-0.01855298855290578,-0.38066094678181966,-0.511237894672147,-0.03075212095311556,-0.6334640106170897,-0.601359495447584,-0.06150180400192637,-0.7780802046407375,-0.6473521975868669,-0.07215034116238804,-0.8942092506336247,-0.6744219626695042,-0.07455892838526343,-0.4373412698633081,-0.36113155161271393,-0.06320851453684057,-0.7068347051763866,-0.4799655007527967,-0.10143330926946677,-0.8776181042926534,-0.5405346716879029,-0.11761457341622222,-1.0,-0.575240144268906,-0.12193183875664128,-0.45629734367274066,-0.18595234934949223,-0.08889775899481123,-0.656249508270952,-0.16968238885257422,-0.13217217138669793,-0.5637442827531347,-0.12830865385736795,-0.10702687181656863,-0.4627238373766651,-0.11814696316470429,-0.07032172810395276,-0.44664436692789167,-0.004097294689585452,-0.11232113913982432,-0.5879043077223258,0.0058092985430750945,-0.13330815804832188,-0.5078542434573888,0.02129545450758878,-0.09591446639746923,-0.42267001884722233,0.007516674358465987,-0.05424497662756233,3,Show_Desktop
0.0,0.0,0.0,-0.0713672166734531,-0.282629489802252,0.01953746686583462,-0.19521093827217573,-0.5158147959585796,0.012032949794260804,-0.28714275026934855,-0.7173162673415594,-0.0067603554700629955,-0.3153490354873875,-0.880717501930809,-0.0303576432294162,-0.3852910120133365,-0.4966672497470335,-0.04113657929037644,-0.6340877034175366,-0.5818913319005695,-0.07438070959445861,-0.7767044588901948,-0.6260846978536393,-0.08645622397782564,-0.8952910830023093,-0.6519616346466961,-0.09120985720255798,-0.4399263098057068,-0.36121792322305957,-0.07660663482195551,-0.7092171536297845,-0.4580678148556621,-0.11461906257929919,-0.8757053164005824,-0.5066777870589286,-0.1320460135610494,-1.0,-0.5371386092459315,-0.1382256036488773,-0.45490443701102934,-0.19669661005811812,-0.10424270452839426,-0.6511279692730602,-0.14531388138397916,-0.14618429798692426,-0.5647302027681695,-0.11745817247808489,-0.12799083674481015,-0.4684169149612173,-0.12266566869519173,-0.09901164770827432,-0.43977031608841294,-0.020030357797164847,-0.12977791587803844,-0.5587734998528344,0.02282750535102136,-0.1537652377025424,-0.48141426780062146,0.02480736960190294,-0.1239768540104205,-0.40123859375577353,-0.0044278916766521455,-0.08880800105024404,3,Show_Desktop
0.0,0.0,0.0,-0.05850957202488649,-0.2738290942155119,0.020712358945718115,-0.17666502139894025,-0.5115476382532499,0.010193224765474912,-0.26906827762619245,-0.7110447179337996,-0.01123310257495227,-0.30053300767615226,-0.8781785077335582,-0.037038453320620335,-0.3750617898322455,-0.49999723122484335,-0.051062143745346754,-0.6308615431528375,-0.6067113633116619,-0.0887899931749237,-0.7785081396452055,-0.6574659652928496,-0.10058063759442044,-0.897925596735651,-0.6862381537954924,-0.10312682630158335,-0.42594301713059646,-0.36592003260509626,-0.08666143959044892,-0.6985772925735174,-0.4780212782216637,-0.13158616628465322,-0.8714982839131579,-0.5323387400744025,-0.14998931489884432,-1.0,-0.5637466179411462,-0.15524254661320713,-0.4422608858086983,-0.19908176340705536,-0.11350494546523604,-0.6379376095281306,-0.14616585553860245,-0.15967311754571953,-0.5541409985827563,-0.11346809761889028,-0.13795565277653757,-0.4602963180089627,-0.11132746525279472,-0.10412867298232031,-0.4317504307291219,-0.019501406353194556,-0.13746870598242847,-0.5600770679335597,0.01797931835709004,-0.15900120503458445,-0.48493177184259034,0.027985856358159894,-0.12299599521495723,-0.40661622819728005,0.009352737894084383,-0.08233716655082479,3,Show_Desktop
0.0,0.0,0.0,-0.06536606467517758,-0.27626623038901565,0.019883469261728688,-0.19066117308079325,-0.5168327137791983,0.011137645788656133,-0.2837922400133701,-0.7219625229523664,-0.009048489211709856,-0.3125900872928325,-0.8872945019072777,-0.033701914699325534,-0.39075260646605015,-0.5030289143404569,-0.04777481796430825,-0.6356682296320852,-0.5970174444405512,-0.08620374728835613,-0.7814457738935304,-0.651510017587718,-0.10175204352518621,-0.8977110099628267,-0.6921457731413697,-0.1079284407049139,-0.44147226829461145,-0.36917073185050053,-0.08241015155123592,-0.7041548438321816,-0.46866838024767365,-0.12726934661456693,-0.874772127420421,-0.533132035568761,-0.14869957371388864,-1.0,-0.5802492146800483,-0.15778920613296762,-0.4562325959651533,-0.20573539024205448,-0.10858065344236965,-0.6434558444076762,-0.1599653125511951,-0.15175003241265436,-0.5629163140531316,-0.13106509803864014,-0.13093389405324887,-0.46927487858567374,-0.13014948000931212,-0.09999575981898604,-0.44437854375456226,-0.031745399849531175,-0.13275101563341737,-0.5700317540221792,0.009201676841321433,-0.1531724760249115,-0.5004313916641885,0.020820357797328656,-0.12028026046593594,-0.4256732250796786,0.004376657849264433,-0.08342316062871452,3,Show_Desktop
0.0,0.0,0.0,-0.07793217957952268,-0.2638814170332096,0.01967933643423023,-0.20718436051738406,-0.5022083727281339,0.007817858941544707,-0.30541869896176455,-0.6987072547796542,-0.016338683670969526,-0.34347184217534366,-0.8579568262774192,-0.0448040726205269,-0.37392043352451354,-0.49259258597300837,-0.059189205983469634,-0.6193211166258867,-0.6168845072537072,-0.10886251771147304,-0.7545256806438525,-0.700218227832717,-0.128080195059567,-0.8628099380347342,-0.7608747522372374,-0.13643834562783513,-0.41701372815710974,-0.36648352924985744,-0.09846731711523385,-0.6933377062306638,-0.4505480717846247,-0.15861536932905781,-0.8681832398879729,-0.4926907080697829,-0.18648340761991028,-1.0,-0.519207623854572,-0.19817405670919783,-0.42472265762537376,-0.2054926926740863,-0.12903704189079518,-0.6237215977637456,-0.15147031225704058,-0.18642653835822098,-0.543966384692238,-0.11486934032996907,-0.1637186566873929,-0.45708489795480667,-0.1128850934840851,-0.1286015245514232,-0.4072454857579977,-0.03296259028037183,-0.15732246772103503,-0.5353538025440253,0.02358415533675182,-0.18862469003460752,-0.47020966672445563,0.037100876307177566,-0.1567818131805199,-0.40104252493713216,0.017356529945112394,-0.11851677583514263,3,Show_Desktop
0.0,0.0,0.0,-0.08460049215027304,-0.26574394314841765,0.026236821557389503,-0.20891028194787709,-0.5023172926609538,0.013774772085821117,-0.3074114834705286,-0.6987910221553645,-0.012207780029294233,-0.3536480177519618,-0.857999628315612,-0.04219065061422044,-0.383989936922973,-0.4840710659116133,-0.05265494270331072,-0.6251193771759621,-0.6074772719656244,-0.09922369566813888,-0.758190273374405,-0.6881532142545443,-0.11923673374356643,-0.8648058074520748,-0.7522562263855413,-0.12886507758137442,-0.4242393776490801,-0.35797919821906904,-0.09439474441130263,-0.7009440675927952,-0.4309951087839917,-0.15111369913229472,-0.8741156590776027,-0.47425960165254394,-0.17905657165404784,-1.0,-0.5052764308549655,-0.19320900580148467,-0.42934887310992487,-0.19568717077750675,-0.12655457255117997,-0.6341286913286606,-0.1511425710703023,-0.1759058677028134,-0.5534233583745385,-0.12118380581515817,-0.14683136496509086,-0.464207814942035,-0.12067556236080877,-0.11054298841762306,-0.4098470914800583,-0.026642996428496542,-0.1563375986534957,-0.5584903807399386,0.014595870288958626,-0.17859232459181507,-0.4929452546889312,0.025448373414853002,-0.13891070390093013,-0.42184869793080754,0.009250174238257578,-0.09716685313597535,3,Show_Desktop
0.0,0.0,0.0,-0.08318274942929658,-0.27055477136899253,0.0217457534335791,-0.20684504491773162,-0.5158868529251255,0.008364557446825004,-0.2998641777918,-0.7147359336192921,-0.017316039063992116,-0.3450448264409816,-0.874431008288642,-0.047617041521901195,-0.38227826006620763,-0.49585294027967436,-0.05827141474047855,-0.6192483019485255,-0.6344951162248473,-0.10599652740681693,-0.7536527665718522,-0.7190225767220199,-0.1279514232597207,-0.8627706379371384,-0.7864458236633727,-0.13897484743271427,-0.4218189732250042,-0.36513552186200765,-0.09766639381027444,-0.6973728198198543,-0.4427829548697438,-0.1520114925894813,-0.8708297752807963,-0.4871943886202205,-0.17877780435467155,-1.0,-0.5187205142657139,-0.1931988948286215,-0.42709703263439397,-0.19970648234722102,-0.12798043085930097,-0.6326198239806989,-0.16262550408406917,-0.17931423954297582,-0.5502656283634894,-0.13326953943691572,-0.15249384948730133,-0.45977141189915016,-0.13026443428197085,-0.11746742404335953,-0.40930448768334127,-0.025587304612934094,-0.15594690638163405,-0.5616070292329048,0.005454432918088747,-0.18150419919799216,-0.493265215912396,0.018961430254045408,-0.14238842112698885,-0.41905724890556223,0.006348168244260147,-0.10069421892224698,3,Show_Desktop
0.0,0.0,0.0,-0.06261443104812918,-0.28549491387510095,0.006387279548118716,-0.18743029207979986,-0.5504746434321545,-0.009235731170415462,-0.27544055778647847,-0.7612734460648404,-0.0330377265575909,-0.3071651580811008,-0.9272230192690926,-0.0614723088864804,-0.3628094966367648,-0.5276217313176245,-0.07364075381435538,-0.5936537741563185,-0.6742175224748874,-0.12548666361149052,-0.7248593996262844,-0.7739587718982436,-0.15194153634317917,-0.8340474421448746,-0.8552205554397967,-0.16542867231137473,-0.4131877918079168,-0.38167099783034536,-0.1064242231296261,-0.6908707551036131,-0.48155905476853006,-0.16182305083337936,-0.8660257377637243,-0.5379588830764885,-0.18927065808540944,-1.0,-0.5727787528673635,-0.20319263203649585,-0.42779747129185575,-0.21018620304094884,-0.13119558954570024,-0.6181876043345339,-0.20179038013446227,-0.18917669987686403,-0.543727093970427,-0.18230060993206001,-0.171880881242159,-0.4553513950724533,-0.17009282823837885,-0.14050899439624293,-0.4191041160014408,-0.032978340202072055,-0.15423789874396518,-0.5582451819806926,-0.031256756270238495,-0.18351092313359943,-0.4933696913553878,-0.02903841450868636,-0.14849333188116343,-0.41619184291185524,-0.03406102230634792,-0.10863547634535424,3,Show_Desktop
0.0,0.0,0.0,-0.06852410094754359,-0.28197478363427964,0.009540069461911497,-0.18876217408340767,-0.5467436922442527,-0.010998377684709074,-0.2713893039067485,-0.7645004851556064,-0.03874275970615168,-0.29670377561479916,-0.9390271286507593,-0.07131383768966323,-0.36053520529459643,-0.5318907974824675,-0.08583668739500326,-0.5982684879463505,-0.6964153205593605,-0.13667916889997256,-0.7318796579579688,-0.794075336408754,-0.16107657192503747,-0.8413506966599993,-0.8708909567581248,-0.17311900862762097,-0.40729990629119306,-0.3904749248326384,-0.11748835763967218,-0.6882455542060011,-0.5026049875755216,-0.168771516046642,-0.8651570330951365,-0.5636906221815293,-0.1925411115939591,-1.0,-0.6035880994700908,-0.206158154284721,-0.42206817975283933,-0.22187763525483617,-0.13922776263271974,-0.6370010054886587,-0.2283518487213487,-0.18873342180431044,-0.5620216478092757,-0.20483846223750052,-0.1644122487928377,-0.4715194604561538,-0.19080461567174753,-0.13182206750196224,-0.4159408549878198,-0.047375420541478606,-0.15901076420691043,-0.5676058718974226,-0.05046087339734977,-0.18531970719306518,-0.503355635182527,-0.0392812856965574,-0.1480266311892621,-0.4278910241815625,-0.04316487571124398,-0.10760874756211568,3,Show_Desktop
0.0,0.0,0.0,-0.06639726674946497,-0.27585984031867694,0.008753188716347492,-0.18464239190554924,-0.5409446691742613,-0.010199259314020295,-0.27417825833111165,-0.756394651962381,-0.03656089780374529,-0.3074406357617356,-0.9298594694799963,-0.06628615747456586,-0.36664162224779867,-0.5381547090896659,-0.07471472019093357,-0.5849243238844347,-0.7150603263104527,-0.1248403191338266,-0.7124979531951141,-0.8255737999516451,-0.1519962721685461,-0.8168283519373365,-0.9147386306515707,-0.16735442706285808,-0.4102807832065644,-0.3958838876898701,-0.10629350823810536,-0.6869869317788848,-0.4907037127020918,-0.15922330376648447,-0.8645457531581879,-0.5420321605018185,-0.1853883667824591,-1.0,-0.5766184832540325,-0.20198434602022208,-0.4223198383127589,-0.22357178339316605,-0.12924466886268282,-0.6338673449743576,-0.23201614665507253,-0.18139798395753143,-0.5549039277569994,-0.20704837829013417,-0.15514814233244617,-0.46383268673018213,-0.19176103644091025,-0.12116209252695914,-0.4159675017630601,-0.047909914180993315,-0.15066243765126794,-0.5721372859771156,-0.05639940074676112,-0.17843181638613265,-0.5055603141921855,-0.04241097950475893,-0.1399784240299415,-0.4304371068829196,-0.04346733772310173,-0.09888819402325971,3,Show_Desktop
0.0,0.0,0.0,-0.0715567540516979,-0.2776572508219739,0.012391208774288056,-0.18557505502404165,-0.5420872160942732,-0.01015690454679934,-0.2786792397199471,-0.7529844864874341,-0.041117118461726034,-0.30925244599993945,-0.9258293051431741,-0.07663456023126894,-0.35007004508704237,-0.5337298172134008,-0.08665096036402788,-0.5640482235322805,-0.725626262046719,-0.14441755677642848,-0.6875877555769118,-0.8474473386851286,-0.17376101457326745,-0.7883825561436474,-0.944468749053714,-0.1896025273041015,-0.39389703292517525,-0.39525390746398537,-0.12245390969848002,-0.680658551317788,-0.492394649479722,-0.184651322293527,-0.8620171550697822,-0.5431438689431718,-0.21296742475458783,-1.0,-0.5779992684711046,-0.22978897852036786,-0.4055082611765343,-0.2234940306285889,-0.14804274115278815,-0.6269459624864332,-0.2260167295399018,-0.20603706254020682,-0.5452368543938749,-0.19676692915644678,-0.17454330673299895,-0.4540091050644431,-0.18234911618878227,-0.13556279743588825,-0.3986055529258765,-0.04730035556448053,-0.17146721726892752,-0.5643343007364695,-0.04792430668113787,-0.20100678039158373,-0.49659615939361196,-0.03144259410665022,-0.1573133433931153,-0.42106261345471296,-0.035709447560215664,-0.11191339162381946,3,Show_Desktop
0.0,0.0,0.0,-0.07862032720799242,-0.2889301414672601,0.02560430070813636,-0.1957153308025067,-0.561919260328384,0.009037406016277399,-0.28748049355815264,-0.7763724133227952,-0.02054760764103931,-0.3204083270226008,-0.9532584511920904,-0.05607777444395927,-0.3630130707197461,-0.5624711474126541,-0.06757801889339014,-0.5699623561147884,-0.7557559699461446,-0.1257600779794055,-0.6886981161314982,-0.8805098105432688,-0.1559380722833101,-0.7859590778687562,-0.9815165808073559,-0.17328887748105332,-0.4044534000470829,-0.431316192505892,-0.1124006281840815,-0.689263682991812,-0.5311007666595682,-0.17421277280340702,-0.8639521771363573,-0.5871188370311946,-0.2034844436614618,-1.0,-0.6223044460701372,-0.22176689009952374,-0.41176656748488744,-0.2601150203736784,-0.14735505921667388,-0.6491619299591384,-0.24251711146016092,-0.20803922207869538,-0.5521245406811017,-0.21190585618961885,-0.17743538094050534,-0.453354515888039,-0.2034889145832742,-0.13951823199367452,-0.3971963809437861,-0.07848904219312536,-0.17933223757298142,-0.5754238535684104,-0.06218234079752278,-0.21641281461860304,-0.49788198273448925,-0.05267652985325275,-0.1773724820448716,-0.417114543214923,-0.06805566076278839,-0.13486154434930953,3,Show_Desktop
0.0,0.0,0.0,-0.07954382603394286,-0.2809513818235082,0.024354965097521445,-0.19092422436965809,-0.5562774890043982,0.001554170598644015,-0.2720012984905048,-0.7741248055233352,-0.0346897585971591,-0.2958719482504028,-0.959565282797772,-0.07739342279979487,-0.33390010332500664,-0.5757120914010634,-0.07661259033080228,-0.5393135814980938,-0.7678279183376154,-0.14354276133170885,-0.6573156875863516,-0.8961472836607931,-0.18155522961172357,-0.7555700492080396,-1.0,-0.20440740062450657,-0.36498905388339714,-0.4541246867589598,-0.12519575607440583,-0.6423840364844161,-0.55897898266436,-0.19193940514942928,-0.8153081341720737,-0.6239482424851841,-0.2241175487434768,-0.9542161353280469,-0.668354440402057,-0.24558514982185733,-0.37148328787296964,-0.2877549970110965,-0.16486551935721153,-0.6210319832463055,-0.26588334963044485,-0.2291171825533192,-0.5368579300952886,-0.22957628829656257,-0.19964445431788072,-0.44169837015688773,-0.218019524863322,-0.16310776948686262,-0.3639017660262628,-0.10586498074037712,-0.2018757647639993,-0.5598271582456127,-0.08996718144425399,-0.24232618113210552,-0.49032505809557364,-0.07461094770012787,-0.2047625803348007,-0.4067664023499511,-0.08626727526811058,-0.163681871529214,3,Show_Desktop
0.0,0.0,0.0,-0.07819106061764931,-0.28840088566211874,0.02490840271458944,-0.19199315161178346,-0.5652673754317015,0.003608809677779351,-0.27846836935012875,-0.7841533944824584,-0.030897359703017116,-0.3092606211794054,-0.9686209675995928,-0.07160286859101694,-0.3333564750804568,-0.583723703228666,-0.07413136186716271,-0.5493544825368062,-0.7726882277147917,-0.13741797902421868,-0.6691498938029147,-0.8979921592622881,-0.17243632081997903,-0.7685164375045352,-1.0,-0.19281863523003118,-0.3646951074816484,-0.46054018329048185,-0.12251362749323522,-0.6429357855740624,-0.5718641461773952,-0.18762538448135643,-0.8209275918266487,-0.6339616906026856,-0.21888058156863416,-0.9613401424982496,-0.6744560218552229,-0.23898602850833423,-0.372507408300827,-0.29221064481144376,-0.16195505828078025,-0.6203716015461825,-0.28104985085340095,-0.22368455332001336,-0.543379204982928,-0.24330271954752,-0.19506915788050647,-0.45173553297600905,-0.22921390622885618,-0.1591465228984217,-0.3675656647074628,-0.10783877654681988,-0.19856683439026032,-0.5678702336335877,-0.10455519796980198,-0.23457208344841082,-0.5018125087026697,-0.08796844877731168,-0.19469392572759836,-0.42031276659586864,-0.0946807321421217,-0.15238979463156208,3,Show_Desktop
0.0,0.0,0.0,-0.07194199202086649,-0.2885149575511923,0.015045096893114592,-0.19003677990384,-0.5761922311110793,-0.008613256272203664,-0.2832560643776322,-0.7980147623694331,-0.042842363457799786,-0.30471633352801897,-0.9821593750849641,-0.08189995941687254,-0.335944224257193,-0.5770969933277011,-0.08681040676116027,-0.5586129731272325,-0.7660785811486769,-0.15222763977245857,-0.6848285923118431,-0.8901584137627054,-0.18845419786765924,-0.7901320786132986,-0.9929452758770627,-0.2104979533115633,-0.37631003476358793,-0.44378695876256946,-0.13040849963592463,-0.669021747435399,-0.5555361068393395,-0.19775373548435404,-0.8550510995172947,-0.6157050764919993,-0.22845641164755098,-1.0,-0.6589369927085176,-0.2484454499144878,-0.3926981581073462,-0.269348247720283,-0.16513190019235635,-0.6377771863780398,-0.26527691697362893,-0.22710452741424816,-0.5539307939263644,-0.22821580057365776,-0.1937274791220935,-0.4582746646932173,-0.21456935084749765,-0.1545295342560287,-0.39301648199316797,-0.08319287589555881,-0.19812229361805522,-0.580953991283403,-0.07423297140860105,-0.23226684679669982,-0.5097409292080621,-0.05958114212784435,-0.18960777465525921,-0.42728650915984917,-0.067637078223332,-0.14574290691546002,3,Show_Desktop
0.0,0.0,0.0,-0.06874376952370032,-0.27708867759469863,0.0020052656617788323,-0.1984477213333358,-0.5389164565951962,-0.021590702211504144,-0.28646504737473855,-0.746157402869302,-0.04717553182242651,-0.30396937980983524,-0.9130300412991572,-0.07568161676682153,-0.34639154856118765,-0.49966857102696743,-0.10427381579435861,-0.5731629457969368,-0.6708518205474866,-0.15290625514489098,-0.7017383375655876,-0.762521338514377,-0.17579905951117178,-0.8102045723142139,-0.8359909300910505,-0.18861170458070345,-0.39814773372493245,-0.3496731022824581,-0.13081692791611438,-0.6869838298911204,-0.45134115915063927,-0.1791862539057313,-0.8627612176315775,-0.4993338129682683,-0.19657115539253797,-1.0,-0.5300418540047975,-0.20693409046242103,-0.41973833386660353,-0.17774395262341197,-0.14650111744096136,-0.6443737527488076,-0.20838041831810894,-0.19255657862104827,-0.5638890378757474,-0.20265235653027897,-0.16354905303794967,-0.4704312460582701,-0.1914734718109671,-0.12976979176205908,-0.41586642228711884,-0.005398482306834428,-0.16080065007432362,-0.5468478182467186,-0.03525742154917152,-0.18834422179485058,-0.47919358448202204,-0.04268479662060815,-0.15293095742291032,-0.4064279095746353,-0.048708222286748946,-0.1144819252620933,3,Show_Desktop
0.0,0.0,0.0,-0.0559134075988251,-0.30159205434634234,-0.0006559458481168215,-0.15326745880310383,-0.5681291738543701,-0.028662142989261487,-0.2395555021956618,-0.7744464069577002,-0.05440541122588931,-0.2764406469915065,-0.9424250078774101,-0.08047517054234778,-0.34529051801675203,-0.5039381246239667,-0.1214379332480517,-0.583910308683223,-0.6914438023090752,-0.16808950666459552,-0.71979667429625,-0.7905990401604254,-0.1897735595841519,-0.826352275848378,-0.8683962173339013,-0.2004948551189446,-0.40463003067086706,-0.32416096753655654,-0.13561798506240041,-0.7067534050873413,-0.4132646590210882,-0.17594132795955952,-0.8782865875833054,-0.46153777688600967,-0.1837748282897964,-1.0,-0.4899856518427529,-0.18949990604566375,-0.428364713497842,-0.13739344938078282,-0.13668684102832088,-0.6518289184202147,-0.21499849223902168,-0.15667228051718554,-0.5802713660179022,-0.23991016704946802,-0.10913073147151552,-0.48763553765053785,-0.23173391351575903,-0.06910644355601901,-0.4232670592488632,0.029358626438939453,-0.13796081924090867,-0.5483097356082836,-0.03838371505919933,-0.14112870148443768,-0.484554616500971,-0.05572611050199782,-0.09168279396953831,-0.412361840577084,-0.0526836936109729,-0.04525516260253748,3,Show_Desktop
0.0,0.0,0.0,-0.038768554634888513,-0.2952793650556457,-0.03098256255795479,-0.13606588062822778,-0.5629507782850164,-0.07203717458927417,-0.22889440389026502,-0.7704264670779717,-0.10801612537424429,-0.27114334734716944,-0.9373244911546098,-0.14392105448646497,-0.34118310018667203,-0.47356194329213597,-0.14124199466530357,-0.5722417117354833,-0.6564077023535144,-0.19144569650838977,-0.7075333970647626,-0.749374056956393,-0.21270956025709553,-0.8167800711217583,-0.8200256944359788,-0.22308463748000437,-0.4015921584387976,-0.2946084941070712,-0.14793583468578364,-0.6902853089093314,-0.39499473645507227,-0.19918544980012073,-0.8707256063104339,-0.44113972558782805,-0.21533698248069846,-1.0,-0.46047936993184724,-0.22459884059660498,-0.4174995861127354,-0.10955448427680622,-0.14368016914916354,-0.6156499327752705,-0.17976234809550906,-0.17944477229124622,-0.5405296891854109,-0.2020292863089239,-0.14061767374518008,-0.44951853408799103,-0.19600757069607383,-0.10262921918449636,-0.4030473506692783,0.05448408018520128,-0.14163570369685458,-0.5160603988339586,-0.006766122826010445,-0.15517041940054355,-0.4528078072704951,-0.027988216895015777,-0.11008864618952946,-0.3844519169173912,-0.03134571757434143,-0.0660398645615624,3,Show_Desktop
0.0,0.0,0.0,-0.031228893429197106,-0.3101947699634759,-0.016053307259752122,-0.12374168229389496,-0.5831233180789847,-0.04592070893200393,-0.2076141311004437,-0.8051806211701213,-0.0739315406568222,-0.2532604320995296,-0.9744675596252605,-0.10188638382949726,-0.35425052054697465,-0.5266487140987641,-0.10942244546403036,-0.5868438614707479,-0.7122225909084001,-0.1470716488855052,-0.7201246192828775,-0.8133567990847189,-0.1625844091677987,-0.8271920917720618,-0.8892509326770652,-0.16878627511571853,-0.4297799265573108,-0.3471892576857733,-0.11749171612863064,-0.7020725161764835,-0.47446267847522533,-0.15531169689991878,-0.8768724368301187,-0.5376823273081827,-0.17147320982696532,-1.0,-0.5679094275940771,-0.18086013939539214,-0.4575791327514801,-0.15606999186709827,-0.11386360008044594,-0.6365043800018578,-0.23109256341192588,-0.13598916127431687,-0.5578931064373512,-0.23866629670568668,-0.10256482594353643,-0.4646758216912873,-0.2211332057793219,-0.0699486102901009,-0.451459881525934,0.014341120730163685,-0.1115528284289979,-0.5335537801588397,-0.05242838220672868,-0.11466862500802628,-0.461764643424945,-0.061562674519984185,-0.07285088800579917,-0.39169789847872166,-0.05563122176795657,-0.03128087565799922,3,Show_Desktop
0.0,0.0,0.0,-0.043950770201586324,-0.30742422159813315,0.00579304579458276,-0.1334425792928078,-0.5799767502522563,-0.011280044275883031,-0.22223014048252013,-0.7942383657543789,-0.03146331496289668,-0.2660282292704718,-0.9459255929974291,-0.050431289889953226,-0.36365803580632966,-0.530521248879295,-0.08034851245103361,-0.5996534210008403,-0.711833941976377,-0.11604056292336977,-0.7342450157913973,-0.8048481620437911,-0.1286775979088904,-0.8405236777242894,-0.8733769301898404,-0.13277473628432893,-0.4375501779070385,-0.36153631084217663,-0.09754274351463342,-0.712081707595178,-0.47649135768530293,-0.14532781601682798,-0.8829743823236315,-0.5410839911780602,-0.16587576657147932,-1.0,-0.574765471976908,-0.17521990081319547,-0.46650126831005495,-0.17229882759417828,-0.10207023798139651,-0.6379468762398043,-0.2276023004520307,-0.12643932401717783,-0.5536694693403226,-0.23416779648309494,-0.08993642809787174,-0.46148015844503937,-0.2230107290908466,-0.05254690735350494,-0.4626838424796399,0.002974554139033023,-0.10677933449401245,-0.5396115527114033,-0.04589130801503229,-0.10625626154041197,-0.4661933673007176,-0.05669634907891325,-0.06414569774379143,-0.40120204397849496,-0.05750739587205688,-0.02181330080032885,3,Show_Desktop
0.0,0.0,0.0,-0.033646110277881135,-0.307854899925768,0.004093213458803836,-0.12803620306742838,-0.5778039869148794,-0.012279220580977013,-0.21410248014075403,-0.7956915859370097,-0.03362946633936003,-0.2472581480249121,-0.9665985235628203,-0.056348442382766435,-0.3644924797364572,-0.5499125965087354,-0.0739929701763131,-0.5902918641284658,-0.7383025818121054,-0.11135995113726105,-0.7256515174786915,-0.8422495466834102,-0.1299960523767098,-0.8344012936715213,-0.9183730586777614,-0.13812853682376341,-0.4359341757782738,-0.37983030693177183,-0.09049417861266625,-0.7033403042720273,-0.5008806916157943,-0.12703230213895295,-0.878729258863229,-0.5685962001776361,-0.1442968533249376,-1.0,-0.6052497697808584,-0.15413867880047338,-0.4637701589199773,-0.1896620029608624,-0.09675299079055646,-0.6250885072313822,-0.23173080057525663,-0.1144605798335056,-0.5436276898097719,-0.22934319778425763,-0.07992616066462828,-0.4493086671156026,-0.21454808768091915,-0.04536892026161189,-0.46320747171855614,-0.012591154005078868,-0.10379960053653765,-0.5530307724702643,-0.056856859443810914,-0.09760588699973044,-0.4798343499000075,-0.05474394355037416,-0.053048167656711796,-0.40706229215545714,-0.04964393001181467,-0.010364614635043344,3,Show_Desktop
0.0,0.0,0.0,-0.04760211463153345,-0.3028837181707889,0.008519967232089809,-0.1360716727765785,-0.5758520238558794,-0.0074698434412965725,-0.22050316935639216,-0.7920364499453468,-0.029764656052700924,-0.25949389428119013,-0.9567949191167332,-0.052399088976157616,-0.37670638516138166,-0.5372041248757584,-0.057156860902279935,-0.6004884612597295,-0.7174596034258562,-0.09167517167531301,-0.7288369751862356,-0.8228455379494803,-0.10942212886037031,-0.8296321211012936,-0.9009114739300207,-0.11569172729591247,-0.4456995432867508,-0.3752808225119116,-0.07529426722124175,-0.714414066152265,-0.48909359148289683,-0.10738225816545499,-0.885999108577445,-0.5549186135713264,-0.12460793592258478,-1.0,-0.587600289731105,-0.1335061091071374,-0.47058587189123896,-0.1901197037052613,-0.08366444315703829,-0.6226249540489321,-0.23537498136611446,-0.09512626584580754,-0.5409432932844039,-0.23528880551255107,-0.06121026491420713,-0.4490788007775728,-0.22241255591573766,-0.02757897637679723,-0.4667450385050235,-0.015080023385761046,-0.09288782340771051,-0.5465381526225058,-0.06081874946257433,-0.08020622046924533,-0.47073973052303675,-0.061301259143746206,-0.034084012430784245,-0.39963761082233545,-0.05542083668305197,0.009481357064381083,3,Show_Desktop
0.0,0.0,0.0,-0.04996089494141963,-0.298142886611509,0.02769201266309363,-0.13324014550685268,-0.5569935545597381,0.019117725565133893,-0.22267729373138742,-0.760615267629726,0.0008898418740081965,-0.26675882492884057,-0.9148671659808421,-0.01723307469819556,-0.37978751998917487,-0.5362491207336969,-0.040376924802641184,-0.5988564666014854,-0.7105118883422801,-0.0755391571343065,-0.7288743516043001,-0.8099608140470812,-0.09316717679126303,-0.8276985523958146,-0.8895003561189396,-0.0985226577687755,-0.4511653748698796,-0.37405394990507784,-0.064237051758032,-0.7143530824603792,-0.4805504271404918,-0.10547109075351552,-0.8859487269621198,-0.5481795648399377,-0.12909024967669422,-1.0,-0.588259400197897,-0.14039654340330152,-0.47667108398781144,-0.18981488801465807,-0.07548195081844426,-0.6166552434055487,-0.22399973231328024,-0.08906989004252783,-0.5382386618311463,-0.22539515965049234,-0.05556602899252667,-0.447957822427367,-0.21647416878309544,-0.020551766366942805,-0.47091113131835344,-0.01501840162347583,-0.08591451674641079,-0.5387662216129816,-0.05245501447457105,-0.07112286057455885,-0.46432283900886784,-0.05365997241503061,-0.02484092006554227,-0.3951024729031544,-0.051308153377136394,0.02002618823212095,3,Show_Desktop
0.0,0.0,0.0,-0.03780742161733975,-0.29476036899893265,0.01453840166574977,-0.12358690739581435,-0.5488937669992284,0.004613922385758677,-0.21739926498509693,-0.741226037215885,-0.013121353501121868,-0.2762551689481573,-0.8825456802210281,-0.030761080319920815,-0.3601789705132736,-0.5253910217530537,-0.05021586948208941,-0.5828170178358392,-0.6983284396741927,-0.08878274345139199,-0.7145259067203142,-0.8000302990961372,-0.10646170403349577,-0.8170578313683762,-0.8815601470463166,-0.1105384153681565,-0.43066418399460177,-0.3673007026392896,-0.07102793920287367,-0.6994817193346694,-0.4758447768998824,-0.11557957871260613,-0.8772417132965182,-0.54090621743592,-0.14045799410960283,-1.0,-0.5804458156280138,-0.15086856853026803,-0.45690079971195996,-0.18576596133091397,-0.08090815530151656,-0.5957520053288852,-0.21394845433982188,-0.10743709161545274,-0.5118036466894265,-0.20355611715819036,-0.07968680762913898,-0.41987171095456777,-0.1902299318595357,-0.04455708048261143,-0.4519846901086813,-0.008276817453723908,-0.09020963248176493,-0.5193901575607169,-0.04259099524585875,-0.08679820231025724,-0.44036964536153883,-0.03335265999159642,-0.04283090493004566,-0.36769885226373794,-0.024907012651768586,0.0026358305095954887,3,Show_Desktop
0.0,0.0,0.0,-0.03715110981753658,-0.2994635630417767,0.026969014515990087,-0.12437529507885296,-0.5639400730910377,0.020582641304430507,-0.21300824537571822,-0.7771985535896219,0.004543965848904893,-0.25469018864591153,-0.9392249700896562,-0.01352446384578074,-0.35163648541834625,-0.5443340411403786,-0.048731341124257296,-0.584781962010309,-0.7304443957468468,-0.08588340262412517,-0.7205155283827446,-0.8404159443435992,-0.10308925160410974,-0.8249562203195506,-0.9216333859151199,-0.10847475312051807,-0.4259009129454206,-0.38968910212280655,-0.07213484929592924,-0.7012258677439497,-0.5071952229307835,-0.1043050544474522,-0.8771573033202844,-0.5727171984453501,-0.11971126640595756,-1.0,-0.6049667085468045,-0.1272541056408068,-0.4567287243044624,-0.20530214102381938,-0.08401722810182154,-0.6247066639869738,-0.22496064162927282,-0.09144657061912634,-0.5411237299856619,-0.22079396999398354,-0.05270337652372126,-0.4458239583068659,-0.2070457147831444,-0.016162293647279526,-0.45483077161853047,-0.021746789757641598,-0.09545896078925227,-0.5411449192500982,-0.03854262991060057,-0.0785899442912543,-0.46957914176507676,-0.03833587405761664,-0.030854673627754216,-0.39697518205109694,-0.03646644890951881,0.013952021115757994,3,Show_Desktop
0.0,0.0,0.0,-0.03170002407082171,-0.2878283661261133,0.011059440024140178,-0.11457247546113454,-0.5427836568035732,-0.0045717263826879125,-0.2050464923463702,-0.756810883577459,-0.029778156314866144,-0.23662259626099902,-0.930604355927217,-0.05676021018001605,-0.3495880323440523,-0.5275215077249508,-0.05663506976688943,-0.572505950842033,-0.7150401626117733,-0.09894939012278099,-0.7054319820984407,-0.823441235992119,-0.11890534943417719,-0.8099371484099885,-0.9037537109183464,-0.12692258235949522,-0.4226202426695433,-0.3845435013238952,-0.07999134467350355,-0.6952288065329993,-0.49971685581577796,-0.12298108560014104,-0.8754675534238515,-0.5665658069520099,-0.14766220293202417,-1.0,-0.6004061728284998,-0.16055956093646392,-0.44823141866291044,-0.20983801228503418,-0.09370072516187379,-0.6048024855352192,-0.20723872014549474,-0.11850451453326873,-0.5231537233995133,-0.19657891217716125,-0.09114960809744421,-0.43017643020798974,-0.18621098520981733,-0.059036763862406014,-0.4450235804901532,-0.034288083160231436,-0.10773775856682524,-0.5338270823489556,-0.026906721108327612,-0.10556392934484769,-0.4611682372134904,-0.014613841613993171,-0.06595635617400726,-0.3883443732225481,-0.011922010537670835,-0.025690794276335,3,Show_Desktop
0.0,0.0,0.0,-0.03911343146632541,-0.29591769344231633,0.026905880928628372,-0.13284141083639459,-0.5456778161497414,0.018475679999352842,-0.2268891386569457,-0.7462411749295758,-0.0007116743101204352,-0.2542930582488285,-0.9123008090708661,-0.023552698346167016,-0.3560775377680872,-0.5276449181145851,-0.052127058526087955,-0.5755148490881409,-0.7185284113998237,-0.09170639408775258,-0.7058142773311276,-0.8318164482085337,-0.10969194213492585,-0.8086318714808214,-0.9131118761662442,-0.11597961381834253,-0.42927355104310017,-0.3818295995783823,-0.07905794541736003,-0.699906054106257,-0.5131301324309087,-0.11557016695765937,-0.8753156042959911,-0.5828987870400572,-0.13346640682668562,-1.0,-0.6130791362465208,-0.14210341837817,-0.4548556255721022,-0.20893608979479203,-0.09430631240064156,-0.6244099801265257,-0.20621928324110958,-0.1114230335121913,-0.5401297935995611,-0.20168968940518434,-0.0805477799492957,-0.4451605465236194,-0.1951999214875092,-0.04748207142287261,-0.4486151664710157,-0.03370426557272127,-0.10808321873589077,-0.5547914384450376,-0.029154797383163202,-0.10045234633706773,-0.48136774949942573,-0.0250255046876653,-0.057112240040934056,-0.40377739352073205,-0.027479020025521834,-0.014812511638046786,3,Show_Desktop
0.0,0.0,0.0,-0.04645262949463208,-0.29802527540849677,0.030141946711936655,-0.13666606819400026,-0.5432009715641855,0.01903111273200021,-0.22196610728201852,-0.7535937325363803,-0.005191768986193036,-0.25169878687761127,-0.925319235512584,-0.03309726394530219,-0.35720786279835537,-0.5367998403375979,-0.04854236416159736,-0.5792050697516844,-0.7255293717230463,-0.0882877114286288,-0.713182366643172,-0.8351192123577027,-0.10588898746469431,-0.8183715602304372,-0.9157029035332624,-0.11283560431264943,-0.4279727692323373,-0.3945975079667862,-0.08041090842082889,-0.6967706258116295,-0.5166794854807656,-0.12378440911395083,-0.8761397659301097,-0.584081968628359,-0.1481344934968545,-1.0,-0.617312359436237,-0.16103715474886804,-0.4533498396798877,-0.21649587546053867,-0.09980218505885162,-0.6221084165902895,-0.2036795005514747,-0.12001637250240725,-0.5391641122685938,-0.19334378177752654,-0.08741517290881114,-0.44485710310830323,-0.18878737503180748,-0.05312133341395342,-0.4473547464588407,-0.03490167146359496,-0.11771390790136856,-0.5527971802267767,-0.01861502622869618,-0.11186048370124207,-0.4776787553789582,-0.012849478200654905,-0.06629381916015518,-0.4005941692384875,-0.017263366564682393,-0.021921399420174577,3,Show_Desktop
0.0,0.0,0.0,-0.04054307039054657,-0.2944602280519851,0.03224181206779236,-0.13166185958098123,-0.5357872442849855,0.023670091150832195,-0.2219047785586149,-0.7433205681550117,0.001982443763467834,-0.24708146124432886,-0.9188097971286406,-0.02243112116823349,-0.3532950823719162,-0.5367142026409484,-0.043046555749180426,-0.5781406864600649,-0.7240641955091808,-0.08029318995344659,-0.712660053323678,-0.8329221423555679,-0.09578475860973928,-0.8164627598294959,-0.9116375704262054,-0.1014106260795527,-0.42299713906398295,-0.39562966650757336,-0.07363718600800187,-0.6975259623771828,-0.5103324912361548,-0.11642568636699037,-0.8775016046477181,-0.5770320908971215,-0.1387051634541296,-1.0,-0.6118829478064328,-0.14989557762124886,-0.44908166491115464,-0.21805276685154404,-0.09197973127929705,-0.6200213061558126,-0.20547719754447755,-0.10918095264593575,-0.5394559044178557,-0.19078678483457043,-0.07302785703876173,-0.4480327293274743,-0.18425350279510433,-0.03659049791688806,-0.44493006753235353,-0.03841176906239199,-0.10895514905344494,-0.5511917766604675,-0.024309212872291985,-0.0997125989219187,-0.4761833248300719,-0.015540567414405073,-0.05305193232622683,-0.40076856796848853,-0.019757053592490796,-0.008333785092384055,3,Show_Desktop
0.0,0.0,0.0,-0.03858310981826916,-0.2926425886225928,0.021599875667267506,-0.12580900000187648,-0.5378314066087446,0.006415046892984712,-0.21510124238722447,-0.7470002239841856,-0.020499221054238608,-0.24245273089263925,-0.9263141500175451,-0.05083867890717022,-0.3509448362603955,-0.5410592183139569,-0.05544835191925939,-0.5742067454210757,-0.7363369220274032,-0.09871453626933252,-0.7099795445973326,-0.8497084879088629,-0.11750517605039096,-0.8154254309222024,-0.9309294524874613,-0.12493157174225218,-0.4199694098673478,-0.4008864860770714,-0.08503357837102407,-0.6941757799912351,-0.517320221131927,-0.13099902910891806,-0.8741625115297267,-0.5834788889360853,-0.15381880406366488,-1.0,-0.6179787653438976,-0.1652422427548603,-0.4440393509337479,-0.22469213262797932,-0.10374117298728354,-0.6204684357152593,-0.20911815225499875,-0.12969906148683003,-0.5382744278807599,-0.19098003913667316,-0.09646175092448302,-0.4460486409038794,-0.18365492037643671,-0.06059394291935987,-0.43885709382480886,-0.04333113102119559,-0.12157097733291793,-0.5535596000082565,-0.023560645722695294,-0.12050098585728179,-0.4800801634794553,-0.015815364701013523,-0.07551673469202667,-0.4032800291912977,-0.02485951517403298,-0.031139731969757337,3,Show_Desktop
0.0,0.0,0.0,-0.03217683448219532,-0.2894303567307135,0.020517567545333876,-0.11768348211093266,-0.5385048673134728,0.00855734131727051,-0.2043800568087654,-0.744103658881699,-0.014370864929948279,-0.23942223974031054,-0.9068923585398364,-0.04046184446682907,-0.3467313947226345,-0.5411484812755096,-0.05854057656242587,-0.5693214704394122,-0.7367321098311835,-0.1018677982877625,-0.7015801187622454,-0.8541725058725325,-0.11997308217738363,-0.8050738646126671,-0.9393225312402457,-0.1268199182118051,-0.4157225934648568,-0.4020618172365562,-0.08818364228869655,-0.6904450991509865,-0.5283746429964608,-0.13456281110040644,-0.8693071343770303,-0.5966893693861013,-0.1558781401638752,-1.0,-0.6323682870032241,-0.1657536706066562,-0.4412886561076879,-0.2325939698386871,-0.10727422862178597,-0.627062588265916,-0.2179528848529503,-0.13798391497043155,-0.5442782673767141,-0.19669365664825572,-0.10885474348977389,-0.4522336296910358,-0.18896878974825806,-0.07551064151698936,-0.4375481469707358,-0.05730052962091452,-0.12528420353876052,-0.5491238056246845,-0.031040625282781373,-0.1312128473980963,-0.4790065651031773,-0.019894082595376332,-0.09281094639555477,-0.4046065530378387,-0.030981654246033264,-0.05297801278304668,3,Show_Desktop
0.0,0.0,0.0,-0.041725568804472,-0.27916450694504064,0.012367271677681778,-0.13904317346080092,-0.5303748647028929,-0.0026697906924713724,-0.2150645875540324,-0.7417565540980117,-0.028405972690020043,-0.24392560898246288,-0.9058397916951655,-0.058076876550598705,-0.35041938097219605,-0.5524649163658518,-0.06301901084021995,-0.5685803051267082,-0.7481430329727715,-0.11133263898026402,-0.7001218158900074,-0.8674348950404808,-0.13295384199567115,-0.8040762950022594,-0.9540004172978563,-0.1418359168093841,-0.4119450077665642,-0.41595589124549914,-0.09570683514635263,-0.683342022821841,-0.5525380362610585,-0.1463506275708616,-0.8634749509118397,-0.6242837497231649,-0.16852370868806613,-1.0,-0.6679262910974715,-0.177511446810553,-0.43639032968723407,-0.24628652979724283,-0.1199524583682193,-0.6325697434765162,-0.22911001702082728,-0.16975211449387015,-0.5530741644892343,-0.18491726319400859,-0.14653944683889011,-0.460293366802623,-0.16408053882362825,-0.11191192650067983,-0.43432897273378507,-0.06410329285791513,-0.14293000592187388,-0.5543640938977525,-0.03917202302930919,-0.16900031630950377,-0.4829470404490489,-0.012203179188947713,-0.1347766737546356,-0.403223415098862,-0.016095822652796545,-0.09433241093390113,3,Show_Desktop
0.0,0.0,0.0,-0.04170484810394924,-0.2802341688957367,0.020356378531287404,-0.13666204009161503,-0.5363388320274233,0.008031768261609345,-0.21932296613027205,-0.7493083105832649,-0.016334194493114577,-0.24937330267702776,-0.910356847427487,-0.04582632025222053,-0.3396718205510445,-0.5650725682663682,-0.06408257493309744,-0.5645097571507466,-0.7718489127775477,-0.11453630843114547,-0.6955857097698089,-0.8986143753664312,-0.13676452961455282,-0.7990740498138879,-0.9914327830329122,-0.14698132503475392,-0.40025091712010846,-0.43733264961197,-0.10218077122385233,-0.6793116554643208,-0.5755914195464232,-0.15904721570376076,-0.8624657558019054,-0.6513739873057851,-0.18535746567151992,-1.0,-0.6996751075857343,-0.19783822324794773,-0.4252109435797169,-0.2700625659491109,-0.13064588339986588,-0.6525536278348547,-0.26024518692712956,-0.18350376610717112,-0.5791717693399968,-0.2129346856679503,-0.15794148879441383,-0.4882435767565134,-0.19020718867000655,-0.12242539372357075,-0.4240058676631667,-0.08817266391703606,-0.15682048151223688,-0.5794104706686598,-0.06188336198996944,-0.18830979958524513,-0.516187965301708,-0.034891566986602444,-0.15478407675236566,-0.4376489331258577,-0.03830977681851111,-0.11469314226473644,3,Show_Desktop
0.0,0.0,0.0,-0.058738058490388025,-0.28282841351524624,0.027659211318537522,-0.17011936489832363,-0.5429924590728337,0.01279005176910622,-0.2586072837800293,-0.7624654569851934,-0.01705219147000676,-0.27665664699053083,-0.9486303058755449,-0.053610752807050896,-0.3563875498375902,-0.5697230585487771,-0.059260315229291566,-0.579099250746435,-0.7699757193890269,-0.11272114137327834,-0.7088844554270035,-0.8970909894073829,-0.13759763589188903,-0.8116396381289185,-0.9952659487639707,-0.15060019879392822,-0.40956444863538866,-0.4461941375191098,-0.10513179118647953,-0.687356447955219,-0.5779828853659604,-0.16300117576485962,-0.8654930099883953,-0.6508718496052185,-0.18943470510343413,-1.0,-0.6991622134850519,-0.2037207668431108,-0.4284801543958189,-0.2791170531112846,-0.14176414748447144,-0.6532409335429067,-0.2636507550714686,-0.19797719382027176,-0.5673379281189403,-0.21804460807199044,-0.16884502886199643,-0.47266379246828066,-0.2023508026984655,-0.1311680228215423,-0.4232022867007429,-0.09772750586348064,-0.17546260012375395,-0.6014050510156631,-0.08292104630185905,-0.2088372244699119,-0.5320969749169804,-0.05543853004722457,-0.17035522640775688,-0.4525636707585782,-0.05800832115634215,-0.12758573796404565,3,Show_Desktop
0.0,0.0,0.0,-0.06437961289153492,-0.2827896478963486,0.03805049006538866,-0.1737217747335732,-0.5412184342126772,0.02784047252956218,-0.25537266251212287,-0.7602920761845884,0.0008264392996052426,-0.2733060590484774,-0.9418815790809167,-0.03258079174568238,-0.3582665648618873,-0.574696671295632,-0.04947426987219168,-0.58049551685716,-0.7753503101302219,-0.10175121454715837,-0.7063897297208535,-0.903343359503257,-0.12520509365665095,-0.8048060591722539,-1.0,-0.13630761697222016,-0.4050610057136048,-0.4564072853515735,-0.09806995763166329,-0.6823965668035277,-0.5854407998139062,-0.15705811461555724,-0.8604607505195105,-0.6594398256104924,-0.1828487905168295,-0.994889599219185,-0.7098907061935027,-0.19550464676579649,-0.41921179302691175,-0.2945786149395406,-0.13686921149053946,-0.6498821359100406,-0.2523214897671096,-0.1921988864312237,-0.5717935352204736,-0.2027346515308386,-0.16498622507104727,-0.47924850183011775,-0.19065406710121013,-0.12853206102809814,-0.4110167998515342,-0.11414369904689635,-0.17185446847402908,-0.5827825761334686,-0.07941944540050315,-0.20382316886802612,-0.5139925597132808,-0.054962863342762076,-0.16765066851959531,-0.4329640200752247,-0.067378304409108,-0.1265605492576563,3,Show_Desktop
0.0,0.0,0.0,-0.07689457254466332,-0.28413381051065134,0.04625040027220617,-0.1863480477561575,-0.5433336269842726,0.03751986668907304,-0.2710816266646406,-0.7603455463741423,0.010019298030344993,-0.2882045330098588,-0.9419881107393716,-0.023391115177872297,-0.358919991144623,-0.5785458678400478,-0.04743874766629874,-0.5840568171993429,-0.7790789752914021,-0.10242255606462827,-0.7112112217014376,-0.9049230852867125,-0.12792669277671587,-0.811260771203781,-1.0,-0.14187912075145445,-0.39703970379025855,-0.466904829586391,-0.10086067625213695,-0.6795170610104038,-0.5805868783224039,-0.16590611614233552,-0.8587323383697198,-0.6542168493197341,-0.19468306216383469,-0.9926726995014266,-0.7061733341804454,-0.21079766233570235,-0.40484546974107194,-0.3066265991422336,-0.14350930306283885,-0.6495913557896612,-0.2628771395036273,-0.1935767950196414,-0.5757812643277642,-0.20581743251704923,-0.15613714970303547,-0.4887965071039511,-0.18956958413787142,-0.11565469662932885,-0.39169487462305697,-0.1268694866763255,-0.18327460036640275,-0.5717577006410979,-0.08384067264186287,-0.20906066654200645,-0.5135972938701403,-0.0567124019817181,-0.16990658142624465,-0.44178981448247134,-0.06730479526525522,-0.12885506025979765,3,Show_Desktop
0.0,0.0,0.0,-0.07773779021194852,-0.2826415273808954,0.03909851382761747,-0.19904927816180032,-0.5442422727659733,0.02447567222909706,-0.2944424046018848,-0.7580570732427643,-0.0071102775504918525,-0.3113140089291891,-0.948970954859171,-0.045796746319656946,-0.34903590832415404,-0.5752278692602821,-0.06714517281115878,-0.5781121124077415,-0.7780821466770965,-0.129223124951131,-0.7060135667267977,-0.903239292156894,-0.1586734246583249,-0.8090971767692087,-1.0,-0.17491436842252622,-0.3890408239012787,-0.45972652362935884,-0.11902678414598741,-0.6749759209889157,-0.5920527456724297,-0.18428716090269096,-0.8543291334748807,-0.668481572239694,-0.2117396863386408,-0.9969413170553897,-0.7179614456452909,-0.22788773550638503,-0.400015398594105,-0.2949517555062446,-0.1604647999822608,-0.6580575887464547,-0.27341717086253414,-0.21839508841821592,-0.5821944027607052,-0.2281248503376383,-0.18572992685603354,-0.4942172126349622,-0.2107982724307296,-0.14671227359844932,-0.39161867493601105,-0.10967640336733663,-0.19862942974418454,-0.587527039000016,-0.09139797283993976,-0.23285571524409673,-0.5412840298952231,-0.06872362616603608,-0.19797731757590287,-0.47834801354810214,-0.07208204956285287,-0.1590735947911719,3,Show_Desktop
0.0,0.0,0.0,-0.07569496554480895,-0.29186023637322256,0.026503778559610402,-0.1976859298916871,-0.5565960645288747,0.009607062393710406,-0.2934715707448185,-0.7693040298878702,-0.021872255263898657,-0.31440918648502525,-0.9533990657314194,-0.05874159959182634,-0.34890170801611164,-0.5864111192809395,-0.06854971045579199,-0.5813375300059436,-0.7718504717271972,-0.13016289667069558,-0.7086777419339956,-0.8920387515514169,-0.15969777361224738,-0.8114232936302043,-0.9854175413812528,-0.17530534180013796,-0.3903539726128523,-0.46329218731845956,-0.11626178216721818,-0.6732255335426915,-0.5814737652735128,-0.18801512125252082,-0.8562332877957444,-0.6562942748890467,-0.22230796667792257,-1.0,-0.7111824910836786,-0.24050992958988432,-0.4043684207656439,-0.29772187620458945,-0.15424615034470657,-0.6387449242086464,-0.2693951749729773,-0.22083867686717132,-0.5646200197893471,-0.22058167593706837,-0.19407735996539954,-0.47863341933324416,-0.20489817797912932,-0.15588716034801597,-0.3995726709033262,-0.11280263376998806,-0.18937739003950266,-0.5767763329811405,-0.08999111199101048,-0.22769882306002895,-0.5107483670013686,-0.07005898634753163,-0.19085999718321364,-0.43226762512315914,-0.07921795587537661,-0.14847777378841368,3,Show_Desktop
0.0,0.0,0.0,-0.07211431412717452,-0.28768650499742826,0.028685551694913398,-0.19634596310461822,-0.5563483367770614,0.009228184304181482,-0.2945743072795101,-0.7714989066747081,-0.023175720212898147,-0.3123057442354102,-0.9620312753835462,-0.061830979194921386,-0.3451762633447709,-0.5763399527999041,-0.08242209564794888,-0.5723304878675408,-0.7713409501921515,-0.14322247394766932,-0.7036246774045933,-0.8941631014002764,-0.1731967385460576,-0.8123238235918474,-0.983138102235041,-0.19069041898919387,-0.38666362864275244,-0.4466327674408264,-0.12973222477607582,-0.6636173972197237,-0.5770321585903846,-0.1994829766264417,-0.8529241758711352,-0.6433067540842478,-0.23104793263997303,-1.0,-0.6800734177578726,-0.2502623742222852,-0.4033539022777048,-0.27224898370660716,-0.1653657712728069,-0.6467447729466392,-0.26852532831332754,-0.222145493172513,-0.5723804872360608,-0.23169672770568814,-0.18316324329435404,-0.4840021916678215,-0.217455212070851,-0.14060793084414797,-0.4003317951174665,-0.08284929965417392,-0.1981813278410371,-0.5962910849049831,-0.08991685745145434,-0.22660376299021256,-0.5280147845883607,-0.07228853338011475,-0.1785904312381741,-0.44615163164894284,-0.07665456820355038,-0.1306903874151982,3,Show_Desktop
0.0,0.0,0.0,-0.03762031594593734,-0.29431939197369644,-0.003658893269296659,-0.1424827059994377,-0.5856335810909186,-0.033334706529763065,-0.2284521057458176,-0.8144696556375546,-0.0675011875718977,-0.24608808677378005,-1.0,-0.10493394241688504,-0.33910061162127964,-0.5546035852228525,-0.10036330967468057,-0.5670448081555607,-0.7527922242884826,-0.15415631977001434,-0.7008902407313611,-0.8684222896265573,-0.1809025371667763,-0.8062837788234076,-0.9559622467650056,-0.19457893896539108,-0.39866049288495775,-0.40066343330078136,-0.12593347957691375,-0.6843044082118268,-0.5453987210546766,-0.18387249666959918,-0.8652352253435606,-0.6221581511330072,-0.2087532150275155,-0.9984542659004192,-0.6609499152222943,-0.22313532014482845,-0.42561788431958386,-0.22210051179995455,-0.14129905361379202,-0.6469057413810799,-0.29326061693099953,-0.19073102053930754,-0.5660237081808945,-0.2786333597939068,-0.15419895729589614,-0.4744812151934747,-0.25009872100186104,-0.11305670468949444,-0.4292949005387007,-0.04715193210600637,-0.1560912932187742,-0.5931986995411564,-0.11353452171765213,-0.17568270270468736,-0.5176985674143407,-0.10828853257194486,-0.12465600428533251,-0.43561093203717016,-0.09280971326632453,-0.07464098157201988,3,Show_Desktop
0.0,0.0,0.0,-0.0421768719588093,-0.3075346347635067,0.009458234659665327,-0.1426992294093206,-0.6015822866462089,-0.010446945835475441,-0.21342238885779796,-0.8316802542477688,-0.035033707575172206,-0.2328696384069299,-1.0,-0.062494269409713636,-0.32219445292154497,-0.5726648059554622,-0.10098978252737174,-0.5596646805042604,-0.7693299393296635,-0.15627957480331456,-0.69450319099812,-0.8877135228387917,-0.1860483775806796,-0.8049813914050802,-0.9807426177306144,-0.20364388731738334,-0.38741359659698044,-0.42350243740118493,-0.13015326101338037,-0.6773008951521563,-0.566431037872917,-0.18660323223078196,-0.8575381491766042,-0.6394167675762917,-0.21213279645245514,-0.992263842561411,-0.6805841577375366,-0.22935626774948709,-0.4226116448965828,-0.250096846548268,-0.14712786515255824,-0.6516732610105672,-0.32078548467315515,-0.18838904343295146,-0.5697605661497068,-0.2989808202017362,-0.14768352055501194,-0.4762581376457703,-0.26960869012040645,-0.10782629469925234,-0.43057788517745116,-0.07673058153304928,-0.16344130364543555,-0.5790277620840203,-0.12807713558427786,-0.18196003635696986,-0.507083010437362,-0.12261084414423151,-0.13405878602665952,-0.43022199524353105,-0.11143821350370971,-0.08747420611468888,3,Show_Desktop
0.0,0.0,0.0,-0.04289176832852305,-0.2942155157734696,0.0009151594896868876,-0.13302450642672972,-0.5842622601598328,-0.031021037046359983,-0.19033322385224755,-0.8199194067217587,-0.06724948384817048,-0.19954156873334183,-1.0,-0.10741291553874131,-0.3033811131590328,-0.573300199274575,-0.1087802008625999,-0.5232389634872266,-0.7732899042527346,-0.16660949149997217,-0.651080870424504,-0.8915898577292103,-0.20102789356652861,-0.7573030533823599,-0.9897411354162288,-0.22273832238803004,-0.3642945131452111,-0.4285965427250531,-0.13810045200769844,-0.6420543805139817,-0.5668928840381564,-0.19148351329478278,-0.8141691561145661,-0.6423491601185816,-0.2176784660979854,-0.945445646203203,-0.6926811300442935,-0.2382580232838038,-0.3983927654138563,-0.25562361115168164,-0.1568381264798203,-0.6281416737496892,-0.3282485781114299,-0.19884322937304205,-0.5499976488877458,-0.3094811807713216,-0.16416466872040178,-0.45586427955152176,-0.28316119154369046,-0.13061474213922536,-0.4111081860741484,-0.08280367998939862,-0.17526243063965033,-0.5686177454828365,-0.13888714732425614,-0.1940559328956494,-0.500997085333263,-0.1347379685392682,-0.14937173090945827,-0.423390788342188,-0.12437668808078707,-0.10710815038635718,3,Show_Desktop
0.0,0.0,0.0,-0.03889416975129081,-0.294245767450601,-0.011660826585705194,-0.13989622663836548,-0.5800721800283083,-0.045304283089413984,-0.20836463878018083,-0.8184421844472773,-0.07988961573252625,-0.21862063874061852,-1.0,-0.1185799026899971,-0.3096874329957467,-0.5600706046004612,-0.11910076969103597,-0.5324598186421154,-0.7599076219976354,-0.17487218491270679,-0.6612879581854604,-0.8757236459356611,-0.20691549540233634,-0.7718029853297995,-0.966832298531567,-0.2257202666880091,-0.3696893333997415,-0.40580901928910057,-0.14116965262438372,-0.642487381564739,-0.5500565705761651,-0.19448919787325009,-0.8174160369370715,-0.6277062653635123,-0.2169665970184922,-0.95660120163463,-0.6789331033067383,-0.23230348424858976,-0.4003259298821573,-0.2294296280047489,-0.15357726181725245,-0.6047468771381753,-0.30378275768400803,-0.20015177478574356,-0.528606202028487,-0.2947415326934836,-0.16770402132465928,-0.43815915848132997,-0.2689760460787919,-0.13215464428980522,-0.41075519158227003,-0.056971497825662305,-0.16622821677025987,-0.5577821720204721,-0.13669839069692194,-0.18784659268783177,-0.48833777173039555,-0.12910419265151218,-0.14237433832122973,-0.4103609813855782,-0.10958866850560778,-0.09794877428450317,3,Show_Desktop
0.0,0.0,0.0,-0.03201015207189115,-0.3128319043682618,-0.00974364496459559,-0.11211262495329355,-0.5985480964684871,-0.03796679769610272,-0.1854736791991448,-0.8237161315080667,-0.06557708669545208,-0.21428849657870705,-1.0,-0.09540745389835935,-0.3167521809570387,-0.5509655793259555,-0.11602957126248503,-0.5564122012409851,-0.7584304250539919,-0.16156515319606737,-0.6949662703650966,-0.8625688694801625,-0.18144808229314321,-0.8084411368820141,-0.9416501120233597,-0.19108534625422574,-0.3947635030346573,-0.3858773744552116,-0.1309515173816294,-0.6820545502547035,-0.5226663362951357,-0.1700756802721062,-0.8564245360732531,-0.5906725585327465,-0.18017521867166533,-0.9842723675231801,-0.6313176341935978,-0.1870666750330485,-0.43160515841242775,-0.20760767010166498,-0.13552287790280854,-0.6497015836193427,-0.28243988752941246,-0.1630809377238597,-0.5633121332912073,-0.2788712618605544,-0.12363505932510847,-0.4642298880920539,-0.2619119494949932,-0.08705690544915794,-0.4372416718242135,-0.037498972097311005,-0.14093596900095484,-0.5606069458811037,-0.09353878403079235,-0.15203323798974386,-0.4905422132584299,-0.09553706292495662,-0.10932375728257566,-0.417623517836456,-0.0924575025354933,-0.067430422293778,3,Show_Desktop
0.0,0.0,0.0,-0.01610721557760838,-0.3157007031459036,-0.02429954670422503,-0.09219469410643635,-0.6034205468238554,-0.05584539029696009,-0.15931997814697782,-0.8303245708202935,-0.08219689834325586,-0.18780058286762058,-1.0,-0.10782229869914381,-0.32055733150478566,-0.5460594328541339,-0.12138090150313353,-0.5426745975949399,-0.7644213877968997,-0.16277446181252783,-0.6712748667496446,-0.8779271115771549,-0.17821614778835448,-0.7735728824648995,-0.9616301083515593,-0.1815062765377528,-0.4015897243132204,-0.37147718413771014,-0.12606019070939437,-0.6699474184221843,-0.5353793640597224,-0.1674945087828042,-0.8464236619266696,-0.6277502689199977,-0.17631206511517955,-0.9774016929953697,-0.6752937718525708,-0.17799559096237233,-0.44348870572118043,-0.19092326852171815,-0.12129389067303284,-0.6344180224603715,-0.29652099309203295,-0.1506635269422612,-0.567793115575839,-0.3048453263166789,-0.11377166843877437,-0.4827811762140036,-0.2769323513194683,-0.07387114333614424,-0.45457319263915685,-0.027377120983487102,-0.11796670530762482,-0.5878730170422519,-0.12959596824017813,-0.12152757077685275,-0.5295225230202378,-0.1385043606745261,-0.07174515540044239,-0.45851410281825267,-0.12143773531628206,-0.022725200491709084,3,Show_Desktop
0.0,0.0,0.0,-0.019281224176602527,-0.3262330672293708,-0.022491922105425378,-0.09273864508322512,-0.6076547928225712,-0.04489223946806335,-0.1705067288395703,-0.8287017840278598,-0.06615496556113087,-0.2065709479400307,-1.0,-0.08477909955505131,-0.34971372919371974,-0.5692417512690355,-0.07351523907702333,-0.5792300569590367,-0.7710672810175894,-0.09971629797465938,-0.708435028331956,-0.8758778110612678,-0.11014865081818435,-0.8110075920788573,-0.9555274982292528,-0.11278980796462515,-0.43628187345059616,-0.39827057018061623,-0.07599906371586466,-0.6973968170818086,-0.5240626106717035,-0.10280796965229484,-0.8626715411403613,-0.5977878571006965,-0.11941759043570295,-0.978056291317436,-0.644186230964467,-0.12742029589772041,-0.47442174034942747,-0.21191270216031166,-0.07091062664932885,-0.6089882023964113,-0.2914102157360406,-0.0872497531083508,-0.5272181376165742,-0.2805319250973911,-0.06304216250511624,-0.4418634163617046,-0.25332439351906505,-0.03470764137235446,-0.47819896558847835,-0.040590691771927756,-0.06870443235408626,-0.5238072357159721,-0.10092779778066344,-0.06543108039409039,-0.453110889357809,-0.10424001741234801,-0.03024806167581627,-0.39135220531814424,-0.09698696287333254,0.007139806849427944,3,Show_Desktop
0.0,0.0,0.0,-0.023529034535983307,-0.3329691377908558,-0.010940943895439367,-0.0920179442933771,-0.6039477592852357,-0.03205467240926909,-0.16506000473226928,-0.8375423748178408,-0.05157504710438048,-0.22049223708816543,-1.0,-0.0679214855189081,-0.3594799811004074,-0.5530519082765326,-0.08274614715612585,-0.596825583443839,-0.7469061499598642,-0.11017044697192117,-0.7276180984975413,-0.8480379510305954,-0.12234911842417501,-0.8317423964889805,-0.9247744248118334,-0.12619975377923895,-0.448074861993907,-0.3775075683138453,-0.08214701201150786,-0.713581336431176,-0.5025034220498686,-0.10195606457728972,-0.872806994913179,-0.5738619150358643,-0.11081757512206826,-0.9790071890689003,-0.6130109395028759,-0.11593770436756615,-0.48089493698784425,-0.18621018941608072,-0.07120520565567216,-0.6137990982152268,-0.2714802272963484,-0.06425493852570503,-0.5364086203960806,-0.2781984648872253,-0.0292993561847723,-0.44710012140260924,-0.2562888689213006,-0.0002409876866814482,-0.47758741614411454,-0.016557782703334627,-0.06328182188779807,-0.5097089838667948,-0.07762322143703244,-0.04099879150508133,-0.4400920138901686,-0.09601678555080445,-0.002435580330109818,-0.37721456565949923,-0.09339395109840982,0.034037060433306295,3,Show_Desktop
0.0,0.0,0.0,-0.016988019191753516,-0.3290974571074357,-0.011497208338022293,-0.10122105832443047,-0.6070518759540096,-0.033142679952359734,-0.18876865721264457,-0.8319040737407813,-0.05106281229186079,-0.20541256802743704,-1.0,-0.0669601275261648,-0.3481997202803403,-0.5327252053567867,-0.10147339657052246,-0.5940583214751702,-0.731214600982048,-0.12474821624147875,-0.7274553601113559,-0.8283070976093057,-0.12969244223959622,-0.830758523470297,-0.8988672314255359,-0.12848693159236954,-0.43796213588789934,-0.34882929269197294,-0.09724089123989027,-0.700773846728994,-0.48261172162795957,-0.10763545083657973,-0.8606917040143391,-0.5558399421351196,-0.1036453498168516,-0.969471279233512,-0.5881545447425855,-0.10030655886555355,-0.4733257825279387,-0.1634300530920622,-0.08097362602228374,-0.6240714799726339,-0.2736308069904795,-0.06329787493140662,-0.5551516330279025,-0.29415521855222543,-0.019660319685665582,-0.4686350663244423,-0.2650397340816167,0.012925999302707505,-0.47006312532416006,-0.00063963892078156,-0.06783370311512023,-0.5106859226980757,-0.09197723232690407,-0.038330389640515904,-0.4514455322431212,-0.11659160190853625,0.004299296781259376,-0.3894653889403605,-0.10785184019481374,0.04252900960222402,3,Show_Desktop
0.0,0.0,0.0,-0.015103325713203263,-0.33778865282489373,-0.004218259010417683,-0.09705204274222308,-0.6139598018056289,-0.017216653904346742,-0.185213622378934,-0.8319468955956246,-0.033015951069243626,-0.2252619921773639,-1.0,-0.046864332524847264,-0.3713066701638188,-0.5530807724446831,-0.05023546130168282,-0.6055473949112327,-0.7366877971621881,-0.07023804586896722,-0.7367808303756057,-0.8295401749360677,-0.08090731382274279,-0.8384387644367278,-0.8998508666380094,-0.08410363169705716,-0.4560170538473624,-0.3661983434483601,-0.052494499908037805,-0.704668585990431,-0.4912519823266785,-0.06261606517504033,-0.8669023041039042,-0.5555876252375569,-0.07234285226741054,-0.9793413958382021,-0.5814276936711448,-0.07890714059975656,-0.48527188956621303,-0.173637338973612,-0.04623877815524723,-0.6066776176846798,-0.2564806133167891,-0.03457764631093103,-0.5279751620001543,-0.2652177023897393,-0.006180828317709749,-0.4398445934345826,-0.23988632761104345,0.017818547397669894,-0.47708748877016255,0.0008318813239933965,-0.04294576084901459,-0.5098813228725144,-0.06920793053968417,-0.016946211910648715,-0.4414864054749859,-0.08591467808172987,0.019366184909819787,-0.3733153842748089,-0.08029849837294624,0.05309493391947376,3,Show_Desktop
0.0,0.0,0.0,-0.018275298935790305,-0.33718921540210284,-0.012548573739896445,-0.09927519021623345,-0.6211459729148822,-0.03616498960003533,-0.20045641196037411,-0.8265571497056834,-0.06156803236713721,-0.24690612610818952,-1.0,-0.08420532137906751,-0.36800414013243915,-0.5525918914317716,-0.08249888171335817,-0.6120574765331034,-0.7323202224681097,-0.12574593076078186,-0.7546247369665027,-0.8265487425694769,-0.1460050033504798,-0.8585786895529295,-0.9013164619942988,-0.15034058976447126,-0.4614318805101374,-0.36146596762602917,-0.08249554990795815,-0.7099735767530455,-0.48130281568366545,-0.10798648844816214,-0.8776129236026337,-0.5520213525973943,-0.11693664922508852,-0.990314883554476,-0.5820680752568619,-0.11857772460098782,-0.4968109248442148,-0.16641238264163302,-0.07449202192012405,-0.5782806603958347,-0.23972528536017604,-0.07127925392593873,-0.5062379995295825,-0.2475080006320638,-0.041172212452580466,-0.4198774124898326,-0.21957662808491743,-0.011746758798017462,-0.4941489198071938,0.016237428226463027,-0.07043087954125989,-0.49953044233573934,-0.04909901294488797,-0.042534676051113725,-0.4354026225297111,-0.05820355931397004,-0.002686672699986241,-0.36885383410312766,-0.04705455027648969,0.03570917028344176,3,Show_Desktop
0.0,0.0,0.0,-0.026963616289831824,-0.3328033493667123,-0.00811112429804757,-0.11030847997819669,-0.5984258067806861,-0.026200768910777043,-0.1966448284597203,-0.8175083889280425,-0.045667684793300266,-0.22677150503202456,-1.0,-0.06251833615685436,-0.3914206926320746,-0.5480248644572666,-0.05447114951907353,-0.6115419583434125,-0.7376588881337326,-0.07068744202492641,-0.7393873946162028,-0.8375870034278937,-0.07699904457235139,-0.8388184834097064,-0.9131152380160278,-0.07437375164265089,-0.4758632397753665,-0.3610473584511729,-0.050379727142089735,-0.7143702037608815,-0.48284616235209343,-0.05062147205815477,-0.8719466842727417,-0.5526894719642986,-0.051510473136710845,-0.9771557180315277,-0.5816734538745514,-0.050805406597204804,-0.5031189055253779,-0.17172679548563285,-0.03833992510194963,-0.5898469371538871,-0.24253066138687426,-0.01911423223625451,-0.5174068710511706,-0.2540344981878469,0.0036836125952693973,-0.43273774529442566,-0.2281712298641461,0.02511388664310156,-0.49992577433074614,-0.004932961849718903,-0.02920695906989975,-0.5181279068151916,-0.07511770954049173,0.009836450718410545,-0.4517062102333598,-0.07669928726228516,0.046972171593352284,-0.3814440013954426,-0.06142174130755558,0.08089640409993219,3,Show_Desktop
0.0,0.0,0.0,-0.012310780343887141,-0.33868971002482345,0.001343157533349571,-0.09778085522399937,-0.6008681765956403,-0.011078042331036556,-0.18678063172261428,-0.8198006024529872,-0.029757059643339474,-0.21875143262481647,-1.0,-0.04816420363398768,-0.37714386198003164,-0.5624053514523539,-0.04255731516880362,-0.6063986206771663,-0.7397224865744291,-0.06333822019215213,-0.7365202692881934,-0.8416692360589224,-0.07202831383875594,-0.8350551200164315,-0.9178933112087613,-0.07193930048061664,-0.46609846165283325,-0.38523022787133754,-0.049034226856210485,-0.7068325183554682,-0.5023285603794472,-0.05923154903321882,-0.8700793596709144,-0.5644264902038247,-0.0672162730233047,-0.9777180556237285,-0.5876046798997914,-0.0699765329997346,-0.497863584094898,-0.19174360149846004,-0.04807498476418033,-0.5891475542800991,-0.22831624349927873,-0.04014452776818191,-0.5096426312927673,-0.21852812185924558,-0.021201077252294014,-0.4174901032728895,-0.19335185837351038,-0.0009599829701230399,-0.49544109594785796,-0.0137490046087034,-0.04928640456506871,-0.5074263934644192,-0.03401357496898859,-0.024521308869305092,-0.43362585486897054,-0.03076408404223938,0.004571523387067677,-0.35925622170193683,-0.024721254695792692,0.03422296092927203,3,Show_Desktop
0.0,0.0,0.0,-0.006513646707191835,-0.33908135244078436,-0.002034363836174928,-0.08948248223945036,-0.6023359778745248,-0.01572545542966635,-0.1805630746448267,-0.819499319134947,-0.03526798160913499,-0.2088705293254535,-1.0,-0.054201648585822715,-0.36958116620194925,-0.5659749188315361,-0.04690362629899078,-0.593121962308879,-0.7474111293915042,-0.06870427920936843,-0.72432679750636,-0.8460907563709515,-0.07748133214379879,-0.8234616069018453,-0.9214083425950081,-0.07735409407326328,-0.46117344415172357,-0.3850210819345314,-0.05162778735712897,-0.7028500008294037,-0.5023074388465558,-0.06169304917726297,-0.8638578564136281,-0.5720815922138595,-0.06690185179915892,-0.9664941632598281,-0.601819297057728,-0.06728460276541426,-0.4925717471917144,-0.1893824636909672,-0.04926024619419939,-0.5743956285899986,-0.24028391243306335,-0.03968839711777813,-0.49864185141006173,-0.2334624438455982,-0.018921285505862164,-0.4100478679046397,-0.20510041817027508,0.002608149479878219,-0.48929645075528516,-0.009301762709103987,-0.04963181081342014,-0.4956149048372333,-0.05083999746654864,-0.02153099429373387,-0.42275819714775603,-0.04733086573160194,0.009808373515194512,-0.3490326890625778,-0.039231926915960294,0.04064755874927298,3,Show_Desktop
0.0,0.0,0.0,-0.01563307911909072,-0.32954662969004955,-0.0017752590258426136,-0.09392420331606338,-0.5975922213119665,-0.019246482961907056,-0.1801412623512445,-0.8156883275332628,-0.04303543057742709,-0.21270411549406545,-0.993654409109284,-0.0671979346999293,-0.36226996722604815,-0.5694179990748882,-0.0572130040894875,-0.5975722794642936,-0.7529468115786926,-0.08760394668270068,-0.735816004738183,-0.8510512060117263,-0.0998990750602443,-0.8411315612121186,-0.9256654333425224,-0.10174508477724194,-0.45362841443603646,-0.40189641273699106,-0.06698926344328236,-0.7118630443281634,-0.5130864576906637,-0.09444245138028778,-0.8853106830662091,-0.5729714464078512,-0.10972994302726503,-1.0,-0.5969941558041365,-0.11475164450559219,-0.49177602950026017,-0.20997170251815206,-0.06842068452118862,-0.6016978679031119,-0.22503672386210155,-0.07433587573644386,-0.5209939700600696,-0.2121649259174603,-0.053372394150033795,-0.4305249292562954,-0.19187362110432446,-0.028708337720872317,-0.4952855098071633,-0.02435355414529763,-0.07199391938990811,-0.5169167168615634,-0.030512166473784685,-0.05381599342943038,-0.4410401705730689,-0.026011956182252913,-0.02086511110238009,-0.37061961884671735,-0.026098750700219997,0.012981637958620028,3,Show_Desktop
0.0,0.0,0.0,-0.024699330528225524,-0.3420977345522752,0.026971244845593333,-0.08825899365806815,-0.5962530252117525,0.018287371605750138,-0.17283476369799405,-0.8083332946094964,-0.0017193698915631075,-0.2079214701239496,-0.9817210816370298,-0.021090663492315278,-0.35821633219363214,-0.5761494865899822,-0.03412768566304966,-0.5993468955006046,-0.759850863004124,-0.06085944850775811,-0.7356719808444209,-0.8553714444418316,-0.06998616402653994,-0.8384464522323635,-0.9342250987070604,-0.06985185685207376,-0.45142202612784116,-0.40624675101140795,-0.05113654431574083,-0.7169003544615751,-0.5096762889064844,-0.08524520396546048,-0.8900445333512449,-0.5724212025070329,-0.10086583653271429,-1.0,-0.5995478839488382,-0.10476760340517116,-0.48574270465207525,-0.21323006225807284,-0.055846935310557136,-0.59891807007719,-0.22285478978894194,-0.048868735610368814,-0.5289203930380267,-0.2169190123102843,-0.014838449192911865,-0.44428135059543417,-0.2025854662070687,0.01661087295688348,-0.4826490221151598,-0.02563527393265723,-0.06118248158209234,-0.5164756314179773,-0.024083879679734625,-0.022280982901542547,-0.44816969320441724,-0.023404405420830242,0.023527708576824184,-0.3807953801007449,-0.028454369262154132,0.0642431344566544,3,Show_Desktop
0.0,0.0,0.0,-0.02395722501910125,-0.33946703402137235,0.03862913978255838,-0.08349651966630019,-0.5812490638678957,0.03465511759851301,-0.15964295944624934,-0.8035293496229707,0.01838316778239659,-0.191409026797526,-0.9805495065441059,0.002575411363462262,-0.3581477521655933,-0.5790433473258342,-0.0191349176896273,-0.591885094412905,-0.7724999986148476,-0.03176286940303301,-0.7205742398237939,-0.8664500780948874,-0.029778710859053408,-0.8201324316422717,-0.9423604879208254,-0.022238443788759513,-0.453444569067111,-0.4090112838201097,-0.03788192980066037,-0.7215780135327534,-0.5262886210476295,-0.05976565106590651,-0.8912805031316446,-0.5873456732551282,-0.06771933992966976,-1.0,-0.6098355602580964,-0.0660822918979435,-0.48499519906208566,-0.21202157069992855,-0.04258559250813079,-0.5953729079352051,-0.22022684362387612,-0.02364813205422931,-0.5256157140543279,-0.2154151938649942,0.009946518150486968,-0.44105909115170244,-0.205423997893091,0.03959527197743195,-0.47927285782962886,-0.021981628447851877,-0.04647687781312379,-0.5069966813597467,-0.01490811730651777,0.004181610177467149,-0.43901931585665116,-0.013345296124325362,0.05220453856329191,-0.37155907388347026,-0.02119375381263174,0.0929729589651449,3,Show_Desktop
0.0,0.0,0.0,-0.02220300957334795,-0.3382246842652479,0.03926918758994181,-0.08301520680554986,-0.5859206824738373,0.03643599694854135,-0.16437305111014142,-0.8040598547628739,0.02137900406856558,-0.19362666232933878,-0.9767555610707443,0.0072666975184130095,-0.35625935157129024,-0.5727587206584339,-0.026195463029335748,-0.590168041586937,-0.7688675799855489,-0.04943440336365213,-0.723266351848347,-0.87230542825818,-0.05567182391348085,-0.8214862371752627,-0.9558766493635161,-0.05333338236282096,-0.45362494079393556,-0.40349087916604554,-0.045307164790614904,-0.7221916141313256,-0.5247849958866889,-0.07891220112342952,-0.8932030759185347,-0.5933878196573095,-0.09344270212372123,-1.0,-0.6226485813127242,-0.09591297418514765,-0.4901753458933008,-0.21409673200626667,-0.04998786070365184,-0.6057201498477998,-0.22861139343265924,-0.039941808952777026,-0.5368027973954672,-0.22406244883251933,-0.004891355285318287,-0.4509051501876718,-0.20996142656452224,0.027556000886711975,-0.48762807087476173,-0.031956657133053415,-0.05386024053265143,-0.5202328833717692,-0.03729884759406376,-0.013274242937732324,-0.44833895819230457,-0.040995713630279186,0.03263679595095593,-0.37820974256890916,-0.048385644204974224,0.07419404793241874,3,Show_Desktop
0.0,0.0,0.0,-0.017543676093926423,-0.3444303126991103,0.04334650445679317,-0.07542071969916375,-0.5875894227900565,0.041955236861794455,-0.16007955529034354,-0.803604955946249,0.026125626041512754,-0.19065220886273396,-0.9773462339393372,0.01072380805878841,-0.35632042000890707,-0.5821603334191567,-0.011554092306945632,-0.5864443195555717,-0.7805229337420206,-0.03552870275368861,-0.7216418322773703,-0.8857496399180138,-0.045511589314962735,-0.823090543695639,-0.9718668348229099,-0.04658146445374306,-0.455462496377587,-0.4142754659806614,-0.03183035767273288,-0.7142944278573164,-0.5315991282077972,-0.06704494509920551,-0.8878477789160049,-0.6027528691358482,-0.08545625838970018,-1.0,-0.6348302738403971,-0.0912539056032504,-0.49091572952893114,-0.22226578442665834,-0.03799908378144725,-0.6017710722257837,-0.23168270026384122,-0.027443620559362714,-0.5292987707459248,-0.2249429752391015,0.007121153059916371,-0.4434515566347268,-0.2120127473319473,0.038925855569709296,-0.4867099238466279,-0.03446956632153439,-0.043220414494696525,-0.5184744286471349,-0.037793749365841206,-0.0019605906194877583,-0.4460895681763167,-0.038299874310227786,0.043891177017595276,-0.37752575513926295,-0.04651932916005832,0.08507053295223303,3,Show_Desktop
0.0,0.0,0.0,-0.025098939652766907,-0.3304272185281727,0.03715847291235243,-0.08547518256620365,-0.5734866401693289,0.03275708599195334,-0.16728679057801854,-0.7924446856730619,0.013760309772094623,-0.20043497716646363,-0.9629380397868417,-0.0061458586643696154,-0.3534692683059626,-0.569159072502433,-0.016929218735371364,-0.5888795403347103,-0.7684842751458147,-0.04206884179060742,-0.7256354511920399,-0.8748062041883035,-0.05343919213736411,-0.8303014384107043,-0.960698073271491,-0.05663367533718988,-0.44496973110193083,-0.41151774958654624,-0.03908492703439201,-0.7098874146719933,-0.5235964691389954,-0.0748212804020834,-0.8851414420177904,-0.5893383378818917,-0.09620103979922359,-1.0,-0.6199600328040672,-0.10589986936780248,-0.4764179932350119,-0.22737131890045123,-0.048041685280497376,-0.6076444706090531,-0.2246809770439588,-0.04278101002800134,-0.5330187908774747,-0.21529115311060143,-0.010172773780442927,-0.4445583190978201,-0.2051249549114222,0.018965594663848007,-0.470730281829133,-0.045018818100767015,-0.056631474078793195,-0.5186400434211511,-0.03027349199975499,-0.02465159475028973,-0.4446897565557091,-0.030453335874173943,0.01803370069474304,-0.37295399944192253,-0.04126523653638053,0.05666474873194367,3,Show_Desktop
0.0,0.0,0.0,-0.033337781079434935,-0.31027038964907366,0.03126482423941561,-0.10331044069848405,-0.5409838319194165,0.018797023062314372,-0.1808931925376257,-0.7584740475238747,-0.006117504210942463,-0.21313161479005163,-0.9265167755834158,-0.03239852022878414,-0.3606260822004668,-0.5491617562312331,-0.04480644433786191,-0.5992593952041603,-0.7416813924319812,-0.08168144813666676,-0.7408436769265468,-0.8471183479969581,-0.10266761155343973,-0.851011342813165,-0.9317569846712667,-0.11363844778695235,-0.4416566191252783,-0.39388056492276813,-0.07017289490063369,-0.7071072711919159,-0.49866826649551205,-0.11500956648429658,-0.8828807149985055,-0.5599846685335235,-0.14255572537962494,-1.0,-0.5923057364625178,-0.15867267252012737,-0.46943323544892535,-0.2094453565428718,-0.08145965402303777,-0.6123218992808643,-0.20853258277243938,-0.08635944940360132,-0.5406821303281527,-0.20451745510546931,-0.04943296542521631,-0.4508756505236599,-0.19175738688566493,-0.017328147649346898,-0.4614280267316747,-0.027810718883178705,-0.09269264348481657,-0.5316914555425205,-0.015031722926983524,-0.0701928016578723,-0.4585690411008861,-0.014107200906377501,-0.022239906715661242,-0.38449665009660283,-0.01456048755890901,0.021057677807389784,3,Show_Desktop
0.0,0.0,0.0,-0.02796010667256042,-0.3066786545996448,0.019466392345876958,-0.11193289574398585,-0.5513804540896836,0.00455997765061043,-0.19025970965692193,-0.7681721191989482,-0.021925974345924824,-0.20758847533318925,-0.9431807323094025,-0.05173859805781791,-0.3549647268750173,-0.551099146652019,-0.06148853244379251,-0.5982291119883122,-0.7377801901709784,-0.10247926461506016,-0.7436182539437483,-0.8434217775184816,-0.12334736864193306,-0.8563833711714318,-0.9216968315129335,-0.1336818721936223,-0.43841894169249246,-0.39721162737409016,-0.08540761247421466,-0.70651947456776,-0.5094776717299838,-0.1210134290052113,-0.883152674695819,-0.5676379438392696,-0.13994572630053212,-1.0,-0.5895167069966084,-0.1512556138263105,-0.4690027968232248,-0.21450366544728858,-0.09801526619792233,-0.6145122785577428,-0.21139433257332113,-0.1016358399935901,-0.5420563557442134,-0.20323787948470848,-0.06854623500221134,-0.4506662159680567,-0.18823855390750818,-0.04050536772293042,-0.4654450134153258,-0.032430310998292,-0.11209663530870806,-0.5246552724424344,-0.01755384412870262,-0.09483701828335139,-0.4534919662431075,-0.017099786947399897,-0.05496333950199276,-0.37868458301982155,-0.02037471905821325,-0.01825088682331541,3,Show_Desktop
0.0,0.0,0.0,-0.040938461702486606,-0.3126591012999035,0.039319154785663356,-0.13004036367444902,-0.5486130317722826,0.033960336179646305,-0.21089957184150798,-0.766939290800958,0.017412057940674665,-0.24231813925718546,-0.9349212183984602,-0.003412998665913721,-0.35317917244432906,-0.547483291031751,-0.05523346109997625,-0.5875587095163822,-0.7448664254629812,-0.09131122424153196,-0.7280514680750052,-0.8550665552212822,-0.10800101527673227,-0.8377971066846535,-0.9317185746906717,-0.11540580104696914,-0.43120230880719573,-0.4001580743341342,-0.08266524058706408,-0.7082357323880858,-0.5164581063817377,-0.11921929340164016,-0.8811772382993321,-0.5749000629036132,-0.1356718729828639,-1.0,-0.5997150836342108,-0.1448432260627891,-0.4601377357082426,-0.22284475162480097,-0.09514484434133735,-0.6241150063687556,-0.21382681625559813,-0.09607478732357068,-0.5563990785843614,-0.21889955678979595,-0.058441479719257616,-0.4684572559600076,-0.21529961059966649,-0.027264570186161723,-0.45491110709732124,-0.04352453397704489,-0.10613717039842221,-0.546646666704296,-0.026768999493886184,-0.08401577896798904,-0.47878265202385945,-0.03536901467102915,-0.037148329322237356,-0.4042312087214637,-0.046028919356062674,0.004253819857926467,3,Show_Desktop
0.0,0.0,0.0,-0.048038009632788294,-0.2934951836058533,0.050342709255221434,-0.1294102217995521,-0.5376011596159156,0.045274446646699176,-0.20631622541951714,-0.7528527165076541,0.024724153962556464,-0.22393211031690033,-0.9223051584501641,0.00020635770479477224,-0.3463912323219928,-0.547297450685646,-0.04701022007876636,-0.5721982851182624,-0.74821133846673,-0.09352098027142212,-0.7112164462987391,-0.8670176319906739,-0.11750041089387205,-0.8168773199987729,-0.9532190845783355,-0.13011245149576792,-0.41629398410896706,-0.41114120931374054,-0.0847874599321271,-0.6926553823971531,-0.5403481915513697,-0.14116741821049628,-0.8739396263459828,-0.6101695708194006,-0.17168231413650173,-1.0,-0.6448321931466086,-0.1894472925087446,-0.44378669816240757,-0.24263045679050219,-0.10631959862587193,-0.6341083535294659,-0.23267770040187746,-0.12179374118500313,-0.5585338374697058,-0.21760959597508972,-0.07761100389322781,-0.47070949780654664,-0.2120851612111544,-0.03895736293317014,-0.4405701444918244,-0.07018176519311593,-0.12561456825497888,-0.5613631622541951,-0.052780010430407705,-0.11384127431688643,-0.4880120870018713,-0.044721600147252814,-0.0625150211340782,-0.4127507899499954,-0.053671810289290425,-0.01576941019787241,3,Show_Desktop
0.0,0.0,0.0,-0.04039534467852237,-0.28227380130519636,0.02378575016552782,-0.12651780710018704,-0.5482847406273844,0.009436654474774965,-0.20483128260797973,-0.7752949895860681,-0.018588546467018744,-0.2253302772257298,-0.9597714752141651,-0.051751617836693166,-0.34455156073552184,-0.5643407705663227,-0.055847087560883246,-0.5574374433097067,-0.7715233056931443,-0.10931384423437147,-0.6909282141992045,-0.9031188856431168,-0.1375592394513189,-0.7974207089968554,-0.999183021120568,-0.15194718588305062,-0.40845004313617705,-0.4367671812947501,-0.09286570483018934,-0.6794494974319893,-0.5775400867894342,-0.14927514363514333,-0.8608189625587832,-0.6501232835941253,-0.17924898684537366,-1.0,-0.6935488562218741,-0.19505088191319886,-0.4345758234885487,-0.2736055534403833,-0.12024061453353617,-0.6361752015150447,-0.24473955628986402,-0.1680248858645527,-0.5593093964228522,-0.20032960779165856,-0.14313355732877892,-0.4696546304985545,-0.1874222263807501,-0.10841239739497747,-0.4360513485172266,-0.10052406684737795,-0.14558317625920486,-0.5819604292134257,-0.07166083976887751,-0.16570935573278653,-0.5112179452652236,-0.04479806636661657,-0.12802070805732324,-0.4314516439300181,-0.05392868541923347,-0.0862635844323947,3,Show_Desktop
0.0,0.0,0.0,-0.04370692968515239,-0.26866470247365437,0.01683298674937937,-0.1301498052212305,-0.5318024516513072,-0.004702229239619612,-0.20442494540947012,-0.7557340162767117,-0.037646635360257044,-0.2236387928082253,-0.9361778910491797,-0.07594180683650695,-0.32387253185202547,-0.5499671874818124,-0.08216273236687617,-0.535892517634586,-0.7616593682781284,-0.14288991510376603,-0.6620498223648813,-0.8978240295972266,-0.17433808912413973,-0.7622914721242768,-1.0,-0.19160608883679242,-0.38545059680887006,-0.42645786295182475,-0.11778715208292592,-0.6554751136233032,-0.5707111179570192,-0.18287908156710847,-0.8365069429148825,-0.6476310740593283,-0.2144808270627376,-0.9731191247162361,-0.6945350629472592,-0.23266571638297395,-0.4118044300836076,-0.26501650646149133,-0.14298385485146167,-0.6262309308904441,-0.2576544178276489,-0.19576904641377188,-0.5465906680452407,-0.21409688765702722,-0.16522925798171675,-0.45291634369286743,-0.1967779203338955,-0.12806629825754307,-0.41352278819123034,-0.09525752223353706,-0.16657829868125607,-0.5618681433637138,-0.08026257247204324,-0.1952324927109938,-0.4881327399995276,-0.05601856471667904,-0.1583366326483884,-0.407603915442587,-0.06326010911287691,-0.11706643880459015,3,Show_Desktop
0.0,0.0,0.0,-0.057097242384681605,-0.27545689321597727,0.027606646309687836,-0.1614665414508778,-0.536001112871313,0.014140093713726671,-0.23996843514425678,-0.7620936051472278,-0.012749808814096254,-0.25206474328352163,-0.9424759894359457,-0.04516243921252337,-0.3394907745739666,-0.5561952805911314,-0.06579515311398858,-0.5524158885983532,-0.7606230251978248,-0.12113211476363299,-0.6772724206336819,-0.8960348553488101,-0.1504273613655913,-0.7764804515808849,-1.0,-0.16726600241083756,-0.39948699495355194,-0.434248462378234,-0.10572018715265309,-0.6712677428585047,-0.571580711266086,-0.16248543739565588,-0.8475861976546557,-0.6523748944881348,-0.19239672824262435,-0.9804539412441103,-0.7078756964772933,-0.21125407604856383,-0.4251795814610989,-0.2699285511642891,-0.13494551762959642,-0.6368355836186196,-0.2615149364294343,-0.1790319363966148,-0.5508280520929763,-0.21816526382648954,-0.14734006858038717,-0.4567549446099826,-0.2038421470924105,-0.11190692666965049,-0.42491765772567663,-0.09511029501901765,-0.16229015573855576,-0.5712061755525563,-0.07908391259848599,-0.18532947003439892,-0.4977443341099169,-0.05567752436994779,-0.1481274768100005,-0.42121295968186623,-0.06436775798003197,-0.10846630333379893,3,Show_Desktop
0.0,0.0,0.0,-0.06063960513731989,-0.2714209164549366,0.03477537028226916,-0.1629739013715695,-0.5168390082940701,0.021819510148000112,-0.23317661425980268,-0.7245520572889393,-0.004243318864617469,-0.23888536035697663,-0.8997194617538471,-0.037422434366059354,-0.3258595471077881,-0.5503820285978741,-0.07388103646719668,-0.5364925076699301,-0.7579087682046299,-0.1364508843430773,-0.6631135064000214,-0.8945878610615339,-0.17237932890935712,-0.7665343049872345,-1.0,-0.19240103790860863,-0.37535441060803704,-0.43122538086915396,-0.11545606805523853,-0.6376947221605909,-0.5638982049631166,-0.170164446323827,-0.8047803490699083,-0.6455595621388259,-0.19478475657286828,-0.937067417652448,-0.7025533240766526,-0.21089565587529313,-0.39660892236893514,-0.27574166849746307,-0.14632795825071243,-0.6076975316800353,-0.2611040068711657,-0.19289823793325633,-0.5367238883981362,-0.2224629897888375,-0.16481050094492036,-0.45003217774336585,-0.20368195833448552,-0.13114905043307035,-0.39770848887844723,-0.10521799105642358,-0.17394265483168475,-0.5599468782363273,-0.10562602821262669,-0.19980064875641648,-0.5003585022292895,-0.08394489916176742,-0.1637765636774034,-0.42731970611163744,-0.08442159571849848,-0.12458670686273653,3,Show_Desktop
0.0,0.0,0.0,-0.06330883588692693,-0.27575538702914737,0.04155597438060909,-0.1618818117324949,-0.5220608122247032,0.02922692983506763,-0.23240103484248714,-0.7275527579110299,0.002463345888616439,-0.24299735329414707,-0.9025917733951757,-0.03102536369182039,-0.3234369940924053,-0.5577447790244927,-0.07085364379535139,-0.5322621370164934,-0.7614645120327354,-0.13559300330670448,-0.6582297637509906,-0.8961550128077133,-0.17380098908810135,-0.7615095039141111,-1.0,-0.19588718228484683,-0.3715736326832128,-0.43934959268835183,-0.11682782813307856,-0.6375390492645763,-0.5718610548448843,-0.17579954890966473,-0.805965718961865,-0.6559098333481723,-0.20344844775162774,-0.9389086941625006,-0.7141034721242793,-0.22243087674205886,-0.3939378114327438,-0.28117530188201184,-0.1512299736761178,-0.6172944555759585,-0.2714773602824964,-0.19711553003323326,-0.5432166375887156,-0.2331552331656777,-0.16313743845006753,-0.4555782957703468,-0.21658434345341468,-0.12665786947521268,-0.39664097625370864,-0.10859038901835823,-0.1822249702283227,-0.5699478043048904,-0.11410350133978665,-0.20634567658040948,-0.5098906543901157,-0.09255370485866304,-0.16600808116712726,-0.4370710022284859,-0.09434023313536662,-0.12441776131648277,3,Show_Desktop
0.0,0.0,0.0,-0.06055448438811041,-0.2673424550385888,0.036648024982696877,-0.16056868352837492,-0.5146830834395615,0.02352686732650163,-0.23062559154038093,-0.7220469804826232,-0.0027504629879825495,-0.2393018307338003,-0.8988928578613953,-0.03553654223807399,-0.3214461006569961,-0.5514520538745198,-0.07277619390899147,-0.5282407294160593,-0.759182870597199,-0.13821827277891938,-0.6531178981682819,-0.8955837778947611,-0.1785050042251228,-0.7551592018896292,-1.0,-0.20248885020628124,-0.3689266651314419,-0.43487146738489324,-0.11583120587983649,-0.6332325884308995,-0.5665774673104961,-0.17303220180261342,-0.8001146063125527,-0.6462536777003588,-0.2006032847106842,-0.9318728579163971,-0.7004537211517544,-0.22022478498808126,-0.3918881657764824,-0.2792774041597836,-0.14808623199192517,-0.6183327546086053,-0.26968697770937616,-0.19220746406333947,-0.5447919189088691,-0.23100394579778544,-0.15814716779777124,-0.4570396399179084,-0.21500002388234601,-0.12268012898143242,-0.39618047469129897,-0.10854164408096317,-0.1775687981688204,-0.568290699968403,-0.11075068871619942,-0.20249064138223202,-0.5080065926854308,-0.08844544599123243,-0.16348349708697907,-0.43507121064243653,-0.09103516074772876,-0.12305503658208312,3,Show_Desktop
0.0,0.0,0.0,-0.062938730387498,-0.27402352201628855,0.042815959029166524,-0.16361170404536948,-0.5230649347752752,0.031943368685134546,-0.23546550487257698,-0.734237107476665,0.0061850668779531,-0.24558586184516837,-0.9131221572721375,-0.026061139712325928,-0.32751687936731116,-0.5590598471572245,-0.06416168557623714,-0.5364428962856368,-0.763700523127224,-0.12642273576026564,-0.6611307712410475,-0.897839347073365,-0.16331664237212948,-0.7623645685084484,-1.0,-0.18523269212548887,-0.3751615009118886,-0.44311682930111135,-0.1098596938013566,-0.6447406939157682,-0.5724980436471026,-0.16700931807741798,-0.8146545468898868,-0.6529641259244162,-0.1946084941274619,-0.9465179412931254,-0.7067125831825991,-0.21393746618415407,-0.39703640966066356,-0.28618086311956736,-0.14419678694194973,-0.6293120284925393,-0.27137963928564984,-0.18620619137574312,-0.5542909389129266,-0.23185140610159066,-0.1502880309035948,-0.4657154382179133,-0.21743639046764207,-0.11394538257183962,-0.39949481854450863,-0.1140128572700979,-0.17545382566709877,-0.5743047995613192,-0.11034549346241374,-0.1983074794651967,-0.5127446504955189,-0.0887458607710635,-0.15855213619698025,-0.43914528251526014,-0.0948943774865271,-0.11787759503565277,3,Show_Desktop
0.0,0.0,0.0,-0.06147369743057501,-0.27598742797705794,0.035122129021754794,-0.16441312952825307,-0.5301818529761527,0.02076693266229714,-0.24049947118137033,-0.7456944155089604,-0.006804107309701559,-0.25163853976028855,-0.9254148148940892,-0.04043497915790952,-0.3247053406486546,-0.5652911739176949,-0.07121223086196664,-0.5369928982098623,-0.7697117270057119,-0.12982755667207826,-0.6617130278066905,-0.9010821848250848,-0.16027428507968255,-0.7618773879853705,-1.0,-0.17720746293639852,-0.3733325656703318,-0.4494158495984107,-0.11364968351150963,-0.6508931558903176,-0.576444412441913,-0.17222892723393485,-0.8256660815846534,-0.6580605379589901,-0.19883132151467645,-0.9591392847078734,-0.7129276102614717,-0.21552312554000738,-0.3960280450065803,-0.2927837353489757,-0.14462882896909313,-0.6318739569941414,-0.2759544642095708,-0.19014372805130206,-0.5622649210735912,-0.23749603940706535,-0.1576302105760492,-0.47663862645798016,-0.2226569743743624,-0.1219522646453536,-0.40039626624924496,-0.12068244097294872,-0.1725912862956503,-0.5726771460372835,-0.11089667674883134,-0.19790803771039817,-0.5126064223487184,-0.09264504141595341,-0.16047409995307615,-0.4381017449057089,-0.10087405070222706,-0.12050520559326253,3,Show_Desktop
0.0,0.0,0.0,-0.06145449736764377,-0.28121226969290275,0.04201134519857156,-0.1578839769479742,-0.5326821727883899,0.027089880784413278,-0.23360049735752383,-0.746919666292556,-0.0032504579021002135,-0.24716605673860312,-0.9244755319749095,-0.03947075884971598,-0.32109240423379215,-0.5656958492895534,-0.0664832373080164,-0.5354654596845191,-0.7700163255855087,-0.12544850203255492,-0.6570365070965357,-0.9003408986465631,-0.15737190553008334,-0.7531944096518898,-1.0,-0.1766339176213027,-0.3677737458273164,-0.44937909229986245,-0.1139114818019546,-0.6424891620300579,-0.5717942488353945,-0.17727513695683167,-0.8191788661719624,-0.6503147491624424,-0.2084835550289686,-0.9518773214983348,-0.7009745884411048,-0.22968364982415262,-0.38832961928843346,-0.28923073995148013,-0.14900031339315958,-0.6302678938182167,-0.2842523313067515,-0.1909756352281714,-0.5582607107720544,-0.24830779796874583,-0.15115260474123365,-0.471731558043283,-0.23493119457111789,-0.11297323453560468,-0.3895826799109052,-0.11595523329153695,-0.18118613687609866,-0.5733901792279977,-0.10867853987926604,-0.2015751256511919,-0.5189602829174048,-0.09254780106816772,-0.15917506822428149,-0.4498452894564751,-0.10157660431899607,-0.11737910164154744,3,Show_Desktop
0.0,0.0,0.0,-0.06463555476227527,-0.28545388491462825,0.043346930145924736,-0.16668437501034658,-0.5433063062873249,0.029416858959135622,-0.24922065729960502,-0.7530698893644892,0.00045710753418223485,-0.2621736836354738,-0.930193107230392,-0.03371654040173865,-0.31841172109749993,-0.5701938175707504,-0.06994065126103678,-0.5369253579769265,-0.7680149538685106,-0.1348708345484137,-0.6615521659210601,-0.8994906016853728,-0.17311414102024644,-0.7573162799475431,-1.0,-0.1966511634480393,-0.36500733968205046,-0.4494592835013519,-0.11792425063840539,-0.6397972399665177,-0.5754218925092502,-0.187085591508169,-0.8173416956847727,-0.6542491296073172,-0.2215527316447771,-0.9493003598957486,-0.7056233673082706,-0.2445584661382126,-0.3886985450965295,-0.2871737513586012,-0.15327253450425823,-0.6389636435162931,-0.30793946816576573,-0.1977182918158728,-0.566233971064466,-0.2670699152497734,-0.152667117963381,-0.48102202326003485,-0.24791269796598855,-0.1100860417164703,-0.3918451120908056,-0.11462440302063208,-0.1859114041631233,-0.575669608659651,-0.1283637701133926,-0.20733422342574787,-0.5213707100784957,-0.11490613123056534,-0.1618526502867267,-0.45304635181532593,-0.12339710644660964,-0.1168211255471673,3,Show_Desktop
0.0,0.0,0.0,-0.05982722987896844,-0.2931400241210926,0.04092059685594106,-0.16233960697305672,-0.5488971898111199,0.02681722422812299,-0.2501862268017311,-0.7561922489156538,-0.0018327105077405434,-0.2657880287216879,-0.9372327286540267,-0.0359907086823307,-0.31212095479878893,-0.5760852451862827,-0.0683543534558774,-0.5346933354527177,-0.7814115885803459,-0.12882225736103453,-0.6608470728168704,-0.9065038709488304,-0.15815521675497926,-0.7583930493056045,-1.0,-0.17343013019917936,-0.35896292598342106,-0.45304833254108245,-0.11564114888773773,-0.6373809848307882,-0.5879108359672023,-0.1819708199620994,-0.816808430717737,-0.6616753099070846,-0.21061223764894646,-0.9506294239253316,-0.7059212114820269,-0.22661036646621815,-0.3815243974486399,-0.28893107175677524,-0.15087426820253189,-0.6225215214722146,-0.30630523910010377,-0.19969813829313254,-0.5536738128400245,-0.2713148473453955,-0.16012787042570972,-0.4697141581022484,-0.25390396348050864,-0.11759389555552453,-0.3840392525301914,-0.11049451866151205,-0.18268513006772513,-0.5669544657715894,-0.12590246339151265,-0.20510832907701365,-0.5148318126448074,-0.11461477720626254,-0.16050940872406363,-0.4465473928701048,-0.1203398348270259,-0.11447386002964573,3,Show_Desktop
0.0,0.0,0.0,-0.05883213835836905,-0.2937330132602165,0.03194538750952226,-0.1604053220416226,-0.5600646754677422,0.013276404750858579,-0.24791904157615124,-0.7712148969285387,-0.01901576943338047,-0.2666921652846603,-0.9569667180691375,-0.05867695265030232,-0.3161371962804437,-0.5841798843335306,-0.07653655446974406,-0.5349843844343718,-0.7825977854855507,-0.13699945588984253,-0.6611949063860946,-0.9031261368003972,-0.16574551420250108,-0.758609757990684,-1.0,-0.17975338884905065,-0.36085251418555453,-0.4579991315507368,-0.1229443460665467,-0.6406322036323373,-0.5836678857998571,-0.1871324021148781,-0.8199764839151413,-0.6554416638066444,-0.21181934267660207,-0.9576191460332036,-0.7062757928028436,-0.2247179845790608,-0.37824144946862814,-0.2917412844133931,-0.1587416450677677,-0.6240568550603067,-0.30345381586194836,-0.2154553700106218,-0.5744568996984741,-0.25426548550085615,-0.18570601472353948,-0.49901387679678755,-0.22349273710207895,-0.1476014103059195,-0.378408530877486,-0.10771965983970783,-0.19090593651323073,-0.5806518481666401,-0.12470600997438605,-0.2188597706107433,-0.5491178818566111,-0.10402843875203903,-0.17992682153347844,-0.4915455560241732,-0.09933441749217663,-0.13767472701527608,3,Show_Desktop
0.0,0.0,0.0,-0.06004112982166321,-0.3006047889611183,0.01489350563724559,-0.171634700165947,-0.5792430326544968,-0.009426342848924027,-0.26499300649608665,-0.7969558129854585,-0.045450963189345175,-0.27614300843555756,-0.9826987786548678,-0.08656960029869254,-0.3165433282689782,-0.5889190367055462,-0.08719206452197356,-0.5503692002893235,-0.781863714194352,-0.14978261051399988,-0.6792791491883395,-0.9051608505900066,-0.18008293187943958,-0.7825558119423818,-1.0,-0.195820515924537,-0.3704485588753285,-0.4554604580997683,-0.12791850883291866,-0.6516918868509414,-0.5861444524449883,-0.19864609278674686,-0.8379839346616699,-0.6630899454894589,-0.23244785180536806,-0.9784956681346886,-0.7136823479136998,-0.250920741750662,-0.3966312531231186,-0.28399737666187397,-0.15853180416674725,-0.6140006330172267,-0.2923833880894321,-0.21839880943135137,-0.5393513757367953,-0.2538529463822674,-0.18796349926105932,-0.4511488024011628,-0.23286363368186222,-0.1488366702503557,-0.40393507238138016,-0.10161083652476802,-0.18771136804330302,-0.5692793675825424,-0.11451353343240389,-0.21708769042835024,-0.49854555980138515,-0.09786847258028188,-0.17478212564627343,-0.41847556282956744,-0.09599761656953558,-0.12955315480776683,3,Show_Desktop
0.0,0.0,0.0,-0.06479602148005904,-0.2959486103394295,0.016163664612059533,-0.17872724447073907,-0.5840876544354481,-0.012877511094176446,-0.2673258180251339,-0.8099296748843255,-0.051550304782074605,-0.287385501160246,-1.0,-0.09774489732361702,-0.297576589910562,-0.5856689440260503,-0.11063339548036329,-0.5404827143687081,-0.7624633900527663,-0.17689782726997022,-0.6753483906297211,-0.874161748099551,-0.2097895220228835,-0.786806712151601,-0.9622117977576803,-0.22899236064029982,-0.3391129970898802,-0.4477025528080355,-0.156552022097921,-0.6240099222878625,-0.5801390160820303,-0.22523669364391294,-0.8118423799617276,-0.6446517294302289,-0.25402648601356953,-0.9573778840234224,-0.6786975629831162,-0.27270902316045154,-0.35709881133979565,-0.27182923339720966,-0.19133832956078078,-0.607250553776519,-0.291049997632151,-0.2513314319499071,-0.5268669155464962,-0.2578115672425765,-0.2141537012030208,-0.43011477064214065,-0.2333648601868533,-0.1733571738870477,-0.3583444333203713,-0.08490572959431075,-0.2238719913692438,-0.5605965912312214,-0.11039145546676307,-0.2578824739368726,-0.4916088099991262,-0.10189154451122594,-0.21226552920913852,-0.4062490203441585,-0.09809448184460107,-0.16638622430955866,3,Show_Desktop
0.0,0.0,0.0,-0.08383307028355787,-0.2951549861617955,0.02780669677714842,-0.2042368588918027,-0.5856316046958274,0.0023679526028510074,-0.2942738702545158,-0.8106570597316028,-0.0356758070994504,-0.31699186303202753,-1.0,-0.08036104466970025,-0.3148641850671857,-0.589200495789763,-0.10133406017090947,-0.5630660828286984,-0.7611895842661084,-0.1724888263562498,-0.6978610855168194,-0.8747992552781384,-0.2098515355499691,-0.8099422442957382,-0.9637451142753916,-0.23178145943552256,-0.3483083853814625,-0.4594764473932142,-0.15520680184681027,-0.6359784673734725,-0.6045905499152076,-0.23205275652733875,-0.8279040781646789,-0.6766271775076019,-0.26762828667491745,-0.9784703122542011,-0.7172757147722185,-0.2897010656041983,-0.36187086301646926,-0.28407802638334506,-0.19704391425175363,-0.6303991038444451,-0.28829344945554747,-0.2600894039997272,-0.5555243045891669,-0.24358922054865326,-0.2201095692284076,-0.4617360247964029,-0.222790770842445,-0.17594161396358016,-0.36029740471000277,-0.09336958983250673,-0.2361113869513358,-0.5800311510862256,-0.10218714507728131,-0.26959005312474815,-0.5185385265639937,-0.08903177514516718,-0.22122930988956435,-0.436772111307222,-0.09274674097750794,-0.17286254863446254,3,Show_Desktop
0.0,0.0,0.0,-0.09768437174070288,-0.26524824850579976,0.03098313626024766,-0.23319008364936125,-0.5408394351130984,0.002602857721839854,-0.34491453141492995,-0.7527618053477669,-0.038836720515396016,-0.3703281188072809,-0.9488723869072478,-0.08557930713464233,-0.2842535915915003,-0.5758149956794526,-0.11002648645561333,-0.5003457660644102,-0.7566119572001175,-0.1893547653510973,-0.6156702333235341,-0.8948846709912316,-0.23354360724700976,-0.711631451628821,-1.0,-0.26279538136141983,-0.3016603234008778,-0.45961855863324325,-0.1665863997057986,-0.5566824903331354,-0.6421198088583536,-0.2588733513906025,-0.7277019316611146,-0.7296483177463494,-0.3033923479126797,-0.8631828399420154,-0.7760408833654819,-0.3332922041389755,-0.3220019182636622,-0.28342546483657816,-0.20991016049821515,-0.6318086613220089,-0.3256917199027628,-0.27921468424323453,-0.5700420386555805,-0.2539004141332468,-0.2297594819530562,-0.4785756918509078,-0.21804607151584576,-0.1807602974159871,-0.337279730248321,-0.09219456035482462,-0.25039555439292444,-0.5881874644212047,-0.11516516508648343,-0.29355384485703,-0.5385491170345202,-0.09532104016633103,-0.24999869634880229,-0.4567462286695352,-0.09236556564760438,-0.20551489652385999,3,Show_Desktop
0.0,0.0,0.0,-0.09898161864373108,-0.2661383188532582,0.031359474209804686,-0.23247526479216238,-0.5404449964012246,0.002131086110336961,-0.3436772487423625,-0.7525339984943863,-0.040663713212554416,-0.3697371645728603,-0.9485677506827477,-0.08868906981128798,-0.2863260951124516,-0.5746887419686831,-0.10804544236875323,-0.5039264802007579,-0.7562259517591806,-0.18859865431535142,-0.6198416820117136,-0.8945433985590131,-0.23344665659943983,-0.715733135772812,-1.0,-0.26272169234985393,-0.3048380762040251,-0.45925929572299523,-0.16489365526998503,-0.5633518083362898,-0.6393093515769739,-0.25708926602981363,-0.733236334586605,-0.7307857566552732,-0.3006271303508828,-0.8680930147189386,-0.7825597753604665,-0.32962219297871664,-0.3244309205656916,-0.28305607936363386,-0.20894377810654438,-0.6356798099030845,-0.32201691055241116,-0.27855023874346607,-0.5735802769527532,-0.25171878005206005,-0.22907393352371225,-0.48132610038667056,-0.2177396244685785,-0.17964872230003368,-0.33854982888675655,-0.09139412726268388,-0.2502374402886013,-0.5888401746399379,-0.1122408292759939,-0.2929450326674252,-0.5421366142256937,-0.09394860730732488,-0.24959354605849132,-0.46325205527522106,-0.0937404514661098,-0.20514732937880906,3,Show_Desktop
0.0,0.0,0.0,-0.10033920818955569,-0.2668979460471235,0.030906513603982343,-0.23190660270223154,-0.5447081122704293,0.0014127054314662449,-0.3415029266058219,-0.7589553855828756,-0.04169942488171353,-0.36657511245182023,-0.9563770574995288,-0.08980623042246685,-0.285699791576824,-0.5758973030619785,-0.10681186082140703,-0.5023485544127061,-0.7563084535960233,-0.1877167812458196,-0.6187331004658996,-0.8944149223371346,-0.23329027229519814,-0.7148994338766358,-1.0,-0.26333260185649315,-0.3045813926733572,-0.4627008622776637,-0.16312407722155128,-0.5624097897487982,-0.6402575751907957,-0.25519102743219774,-0.7325393537258201,-0.7385257853982379,-0.2997173075972706,-0.8672955593088509,-0.7987438851124589,-0.33013274146402516,-0.32516768078575464,-0.2867306146330997,-0.20679274242391515,-0.6373233820030505,-0.3260516971349401,-0.27443364598390724,-0.581397790417898,-0.2558918542745808,-0.22300429653524406,-0.49376724361232016,-0.22174747270136339,-0.17294988144704357,-0.3401573160910738,-0.09485107235947317,-0.24814368791557295,-0.5921642625892045,-0.1162638540007298,-0.28852570031791647,-0.5528550022620937,-0.10147237245990871,-0.244222034349758,-0.48058128397992983,-0.10436915816940506,-0.19965472947386967,3,Show_Desktop
0.0,0.0,0.0,-0.09925789697707495,-0.26489661773264755,0.030826744966604216,-0.23153043480419036,-0.5398156416192492,0.002347252145993586,-0.3448101273901271,-0.7524142147803323,-0.04010802124195863,-0.37263832595768626,-0.9487556952741789,-0.08729765350731669,-0.28962972142018745,-0.5723954197772291,-0.10325304134615904,-0.5054565251652186,-0.7541478153778297,-0.18364961112513425,-0.6198298451247071,-0.8929707716605674,-0.22704832720766138,-0.7143547766910051,-1.0,-0.25467952570732305,-0.31017250735304414,-0.4602997662945426,-0.1595148868339312,-0.5705634299444713,-0.6391937330134531,-0.25169912962949026,-0.7403327258019653,-0.7397533816202881,-0.29554378827291367,-0.8753371160891927,-0.8022766382649741,-0.32452014932843337,-0.33112976901930397,-0.28593205895341156,-0.20345500962724236,-0.6407458010399476,-0.3188871344285917,-0.2744242065282119,-0.5778912119976011,-0.24596883348127174,-0.2244488791801351,-0.48746015900764084,-0.2118531195858221,-0.17359788763824105,-0.34629181608977777,-0.09478606191501616,-0.2447142251973477,-0.5973729896907582,-0.11357397390221102,-0.28697563706337315,-0.5509949633575442,-0.09163955644359965,-0.24230067520914556,-0.4750521241349503,-0.08922237225841942,-0.1965162196091937,3,Show_Desktop
0.0,0.0,0.0,-0.09652255069425422,-0.26943383914425045,0.03556051547965709,-0.22748559268944438,-0.5500519708172036,0.008428601614069688,-0.34082388179107675,-0.765902359613594,-0.03298612812643954,-0.3650049254917083,-0.9633258157457817,-0.07954513775637387,-0.29571871620300616,-0.5765755233368663,-0.10634558618565731,-0.5190867525046984,-0.7540423295516373,-0.18858751587046363,-0.6360796359470784,-0.8930868830837373,-0.23440932611322013,-0.7322167446573659,-1.0,-0.2639969220757738,-0.3168315122113884,-0.46217317694305116,-0.1642534554792769,-0.5872146573712137,-0.6369042983346136,-0.2573426745069091,-0.7610655393462883,-0.7425382442802874,-0.30316420371695446,-0.899289747153296,-0.8096796119176575,-0.33433967946261745,-0.33716982703313453,-0.28520458551856875,-0.208581250864441,-0.647375622116492,-0.31206501756971544,-0.2771873834748293,-0.5780518218923493,-0.24339968822905506,-0.22438529399437376,-0.4851273892052143,-0.21186395103034236,-0.17234203779919877,-0.35057234447469904,-0.09194005378921126,-0.2499605522162218,-0.6029566259959125,-0.11136755283549865,-0.2905104023830698,-0.5517870892583272,-0.08866082922006363,-0.24291483732206368,-0.47484168190838205,-0.08582442227318682,-0.195173292629589,3,Show_Desktop
0.0,0.0,0.0,-0.08617317903415438,-0.2726733813392598,0.028570541323215706,-0.2225801450732843,-0.5680140968543023,0.003196897843427709,-0.33013591091538663,-0.7921159281553,-0.03522597396218109,-0.3581416077098769,-0.9914128446150192,-0.07956729836244907,-0.30693459387983074,-0.583159309406601,-0.10982748192318019,-0.5370742430417306,-0.7628524213575553,-0.18725124001904936,-0.6574681369458966,-0.8959323479999648,-0.22658167059174872,-0.7562505680668721,-1.0,-0.2503716469235174,-0.3285993816500474,-0.4614920294720423,-0.16590705498977376,-0.6085421864783959,-0.639625339740639,-0.2545814347523731,-0.779298140552205,-0.758574511315892,-0.2953975205370677,-0.9201613163318859,-0.8424986952786679,-0.32141360892387505,-0.34269165476780356,-0.28230779549006213,-0.20949882316937962,-0.6527715066452829,-0.30622542652659723,-0.28959680187750025,-0.5756586277263545,-0.24381136954692453,-0.24851713764533612,-0.4772588171308445,-0.21322041874224865,-0.19984642786960158,-0.3503526779038845,-0.08280985665657095,-0.24902026622782236,-0.6027748417475642,-0.11206365134327657,-0.30394901140108643,-0.546348026352439,-0.08998454125118378,-0.264084002414635,-0.4630243440476854,-0.08346844773344983,-0.21878140235423665,3,Show_Desktop
0.0,0.0,0.0,-0.0855382010266615,-0.27520887162932656,0.02745183276672136,-0.22201079988866998,-0.569848630618824,0.004542749727236456,-0.3252432787421753,-0.792221947062721,-0.03198151230959157,-0.34942943364139023,-0.9864464465341957,-0.0746442548486904,-0.31621469892315235,-0.5815293340726114,-0.10052807386289374,-0.5441901288842234,-0.7636645912822165,-0.17418315114010038,-0.6674744302554674,-0.8960846751011576,-0.2125701387498872,-0.7694429408073472,-1.0,-0.23619147094069984,-0.33990063576455015,-0.4585772330106662,-0.15543421951382738,-0.6139956592979926,-0.6298287753040208,-0.23959435540366034,-0.7819478443688122,-0.7508459328381923,-0.2803453481694005,-0.9217696578939487,-0.837073006633779,-0.30647521273979006,-0.3530206303879822,-0.2812677377432879,-0.19862430036689002,-0.6500261523278128,-0.29983735151431473,-0.2772628160250484,-0.5702577173108686,-0.24070478331919792,-0.2406304496338578,-0.4730024698609032,-0.21062905845045266,-0.19512005737085597,-0.35850714038905607,-0.08372141780681319,-0.2379538310202672,-0.5985133716559903,-0.10874126946905661,-0.291734623012103,-0.538487752601901,-0.08595477546619447,-0.2535666748448479,-0.45419562233408795,-0.0793230053553831,-0.20971440773753644,3,Show_Desktop
0.0,0.0,0.0,-0.08555114109932932,-0.2881470159630516,0.03384077216228799,-0.22223369845585433,-0.5822613865089538,0.014528766656032078,-0.3248408794590317,-0.8054538013251238,-0.018706436042022254,-0.3504820233304862,-1.0,-0.05835715817787557,-0.3284400312588012,-0.5907461554053768,-0.09739078619629665,-0.5607787993470105,-0.7681748958331989,-0.1711598187356611,-0.6896472097167139,-0.8964754170775824,-0.2122991345353178,-0.796751762734116,-0.9977024375335795,-0.23820400379263354,-0.35540987706556065,-0.4624507984661276,-0.1533841997706358,-0.6294518846301611,-0.6306909489834895,-0.23290821637166353,-0.8013793490135163,-0.7472096613820455,-0.2735230324311032,-0.9444901751861409,-0.8283578634753228,-0.3013328616899535,-0.3681223674724028,-0.28232499968184194,-0.19694330376738375,-0.6584365471972302,-0.2949329129097115,-0.2680443502215995,-0.5787428347571753,-0.23889706673001548,-0.2311604679625923,-0.481451383692563,-0.2105625532914791,-0.18822865412767706,-0.37041033908643073,-0.0832017511420953,-0.23640984580215318,-0.6061676927341731,-0.0988785526961085,-0.2839337643736031,-0.5464432416122001,-0.07736645521911133,-0.24435319263707045,-0.46266899035805786,-0.07553958227780162,-0.20107866721365739,3,Show_Desktop
0.0,0.0,0.0,-0.08569982076232031,-0.2948775331832542,0.03490701700681676,-0.220750620102031,-0.5873587305196531,0.015975104639839983,-0.32434348657851403,-0.8091009251813763,-0.01721763528670991,-0.3528073793751388,-1.0,-0.057089589655791625,-0.33176116335427414,-0.5907177583277086,-0.09640337084968786,-0.5673796989182271,-0.7662260874620272,-0.17175074043601732,-0.6990295262941105,-0.8942740524438082,-0.21464530846548271,-0.8076518281857,-0.9946412661689662,-0.24121955265663106,-0.361086383068984,-0.46061269005715627,-0.15219787663439405,-0.63844597638728,-0.6245223563270091,-0.2317009657846735,-0.8160511453789958,-0.737189325801046,-0.27356479757830676,-0.9608254462683407,-0.8134750751453467,-0.30208130453524173,-0.37345935712486794,-0.2801667243398809,-0.19537700494653362,-0.6572410054161311,-0.28761880268199763,-0.26423691404177424,-0.577166116701519,-0.2350349966950581,-0.2270344025066715,-0.4795559953559725,-0.20923639744589526,-0.18415665583134375,-0.3729683529505046,-0.08281763177777544,-0.2345774058443593,-0.6023771298386861,-0.0958306221403698,-0.2785218425315878,-0.5407497591430441,-0.07593952609358808,-0.23688782975812064,-0.4574019385190659,-0.07639557680480827,-0.1922715162226128,3,Show_Desktop
0.0,0.0,0.0,-0.08058079321022119,-0.29260079532711675,0.02596059344812487,-0.21249848598320523,-0.5828730055443022,0.004748779833094693,-0.31558784407281976,-0.8074790792886504,-0.029215182651433236,-0.34911736003483057,-1.0,-0.06933660782135775,-0.33251682513678893,-0.5876883973391132,-0.09623221822746343,-0.5728037481418058,-0.7628322243880189,-0.16951381371200155,-0.707206428960877,-0.884831606778285,-0.2092509690299378,-0.818314711078311,-0.9817357743345692,-0.232579899135648,-0.36708914858242564,-0.45698937442099086,-0.1476826235838639,-0.6476072714998569,-0.6164216172136344,-0.22499408393626516,-0.8279047571589807,-0.721387446809362,-0.26336633947392935,-0.9727309662173296,-0.7927873876672283,-0.2876116134682312,-0.37973141614856676,-0.2794276670974416,-0.18806502057889066,-0.648600975736085,-0.2803626293006716,-0.25916935306752686,-0.5678270430860991,-0.22745224345462806,-0.22557670760643103,-0.4694941528944182,-0.20243141094725983,-0.18326497354889149,-0.3771305808113966,-0.0846092599995126,-0.22504020916264023,-0.5889378021895684,-0.09195237785203482,-0.26923460946467975,-0.524243546287449,-0.06959203203423114,-0.2286703713233868,-0.4415618615441189,-0.07074795885075122,-0.1839370401481715,3,Show_Desktop
0.0,0.0,0.0,-0.07795752643079715,-0.29889991078013717,0.023231774532878793,-0.20517460749945524,-0.5828353487000605,-0.00010153309470240262,-0.30481592124657747,-0.8063607366113291,-0.03691834165801485,-0.3367715563174637,-1.0,-0.08064563637283109,-0.336893154064888,-0.5841413048937943,-0.0907886365885632,-0.5793368387693368,-0.7610878896954852,-0.16273637390382226,-0.7127514299931234,-0.8812521207333736,-0.201057348413104,-0.8228752645609237,-0.9773104565751498,-0.22250286376893005,-0.37660303954618923,-0.45099159078401097,-0.14143741274246802,-0.6616655603018226,-0.5948767779379407,-0.21732865828282996,-0.8444432358949323,-0.6874948732004708,-0.2533218173706264,-0.9888401092609062,-0.7508919276079645,-0.2741446637263618,-0.38868476045966477,-0.2726360620976027,-0.18197613457849643,-0.6401348090806958,-0.26176525961390096,-0.25350439467192254,-0.5585391069557887,-0.21805095975493988,-0.22222676190001064,-0.4599733821988848,-0.19931514992297605,-0.18038591203113022,-0.3823593287515254,-0.07746101735216117,-0.2194170273227787,-0.5794174221205274,-0.08114472444649537,-0.26102459652056964,-0.5094060284296618,-0.06202478859517924,-0.21850642190331346,-0.4250517016276753,-0.06391000538065515,-0.17196358543801002,3,Show_Desktop
0.0,0.0,0.0,-0.07886805054112483,-0.3014684782946526,0.028566453362574983,-0.2097923971472497,-0.5831446823181957,0.00805318385752369,-0.3119125888051163,-0.8048625702652751,-0.02689810269857975,-0.34000279723918997,-0.996332689317799,-0.0688317821541228,-0.34573153587224353,-0.5842429781706923,-0.08347410619910414,-0.5888969119780384,-0.7653470492017749,-0.15030022724511258,-0.7198745651449541,-0.8901821602637355,-0.18514109044638297,-0.8263333687505737,-0.9896889751913073,-0.20461860754604347,-0.38675283175292935,-0.4496921591289383,-0.13505232598765599,-0.6718278259524527,-0.5865346181840786,-0.20600371980062548,-0.8565379502958785,-0.6694089729939928,-0.24023522802573746,-1.0,-0.7244222472311307,-0.26042380043628544,-0.39859809166126375,-0.2704272547952414,-0.17575546527426603,-0.6436400394071009,-0.25963981389324375,-0.23977412627489703,-0.5610246279924858,-0.21273672630496268,-0.20587474502854267,-0.46388308841227405,-0.19221243549906145,-0.1642329698152622,-0.38835365487850804,-0.07793726377965561,-0.2132798168857866,-0.5830230710795102,-0.07459810467167857,-0.24753246703500884,-0.5119871095700997,-0.05362188265039498,-0.20174838806034517,-0.4292956233687289,-0.05513542757644161,-0.15420212067608186,3,Show_Desktop
0.0,0.0,0.0,-0.07917369381152337,-0.2994357848030105,0.024886108813156227,-0.2115751416901861,-0.5798626049769395,0.002891194429146423,-0.3117105217870173,-0.7990526978499805,-0.03272678195525489,-0.33777800245519835,-0.9878266367511072,-0.07507720314923134,-0.34841229549574354,-0.5804152755788072,-0.08505815770439873,-0.586980278102843,-0.76224964003809,-0.15220411777730894,-0.7166547635437461,-0.8877741662077511,-0.18833261673972948,-0.8219360931369175,-0.9882426186296781,-0.20830261513352497,-0.38990668955508134,-0.4424715257222184,-0.13374419365613227,-0.6725354082054106,-0.5714165863564398,-0.20206990065502514,-0.8555642080264335,-0.6513543029072302,-0.23466814444245546,-1.0,-0.7044067368807508,-0.2540958919485361,-0.40145935155228196,-0.26492891827860765,-0.17212467294684958,-0.6405491713705513,-0.2523626981941672,-0.23431046814716622,-0.5580103356393842,-0.2135617442234001,-0.20317936492844704,-0.46150182275532914,-0.1951898834928065,-0.16395110184146533,-0.39168678007617996,-0.07477886005369312,-0.20775561375247587,-0.5771553615681145,-0.07077105705467979,-0.24047759444647096,-0.5064491980450196,-0.055810229801977924,-0.1967407658614798,-0.4239618110529818,-0.06019735521213373,-0.1510798082122175,3,Show_Desktop
0.0,0.0,0.0,-0.0780759634327989,-0.292917688236602,0.017698700956169308,-0.2112773574917642,-0.5722014558504863,-0.006720180238584714,-0.30974047385118386,-0.7890562463041717,-0.04313151962195639,-0.33783114577852125,-0.9751965137611126,-0.08595217998670944,-0.35003224249879983,-0.5678279893056658,-0.09142409094319114,-0.5885216352184207,-0.7483622166150182,-0.15926400724472742,-0.7175907433132684,-0.8726906299231866,-0.19587733192607418,-0.823933070804457,-0.9722152929261384,-0.21625447233771133,-0.39025482576815573,-0.43007990118990047,-0.13754777547476651,-0.6694090248364946,-0.5589462063438942,-0.2084680365096143,-0.8525008225666155,-0.6350017102695924,-0.24266570441662985,-1.0,-0.6854943612156276,-0.2625987292735455,-0.4007898399951694,-0.25372760431456215,-0.173749266710141,-0.6375071716013915,-0.24709989153915637,-0.24085152472371787,-0.554645622105943,-0.21109779238788315,-0.21155930698729797,-0.45936309666007147,-0.19329796135512503,-0.172156627664695,-0.3909598828672181,-0.06585215700820594,-0.20744502154462333,-0.5774470454586665,-0.06886497778057883,-0.2444175424503145,-0.5082942353792195,-0.054593777083302895,-0.20133806957600003,-0.42643578584643205,-0.05662444715513421,-0.15518916670998253,3,Show_Desktop
0.0,0.0,0.0,-0.05899822474690557,-0.28943452026287636,-0.005671213109401187,-0.18798445785323076,-0.5611301287075517,-0.03232023339628127,-0.27364535659298495,-0.7855375775524115,-0.06253933204591086,-0.3003218199510665,-0.9602008276342965,-0.09724391383489203,-0.3442673352749668,-0.5241596488444512,-0.11167952788383781,-0.5844956122580307,-0.6873433374894367,-0.16772492392121688,-0.7165577250066903,-0.7947774736929555,-0.1958663051763964,-0.8268992041663631,-0.8831989693045326,-0.2104817129704861,-0.39490477847469874,-0.3637072759500532,-0.13922427437401877,-0.6791279401139785,-0.4884817942926328,-0.19704369991246795,-0.8598213987795901,-0.5564202944046501,-0.22175183778296775,-1.0,-0.5953337128529822,-0.23582639602958697,-0.411066425244957,-0.18558425710731122,-0.15708067243519996,-0.6129783122225528,-0.22553460177334642,-0.21301748786131178,-0.5356446579318132,-0.21832412566912468,-0.1861170111578485,-0.4420664504403404,-0.19887141706326697,-0.1504907496862883,-0.40668089638364535,-0.011703255584011963,-0.17423508966257742,-0.5639724403363107,-0.05958810314853768,-0.20231232270557367,-0.49502697608413354,-0.054524852521887636,-0.15921666213369295,-0.4126860798230603,-0.041018935352051006,-0.1148791074954612,3,Show_Desktop
0.0,0.0,0.0,-0.061561361337417735,-0.28284375360482317,0.0026345078421748658,-0.18266406736014518,-0.5504216884497369,-0.022948227674955933,-0.2703303115135941,-0.7703992779616081,-0.05402422797917224,-0.2993687087214588,-0.943634846721751,-0.08883006641977167,-0.3434247303581646,-0.5107138209865283,-0.09994748967030084,-0.5821165459124287,-0.6817774347044768,-0.1529084909052459,-0.7144788203401535,-0.7807969567504401,-0.1781952406638209,-0.8251544784774177,-0.8589769826920104,-0.19086955495270974,-0.39470707763822555,-0.35853215971254276,-0.13049834230355867,-0.6829007602097293,-0.4839390511456027,-0.1840466087586773,-0.8618296896272171,-0.54810458556003,-0.20675921237068573,-1.0,-0.5855671601212485,-0.21950622790600413,-0.4125777485294019,-0.18219399205048156,-0.15090973713957173,-0.6269415964956047,-0.21420274234364203,-0.19812692610789392,-0.546484871392641,-0.2088840498728004,-0.16566942705284038,-0.4526205595050577,-0.1959096997043822,-0.12815542474184896,-0.4078861626652404,-0.00931543606615041,-0.17042163972991756,-0.5612962330908062,-0.04597604754941626,-0.18927432917947704,-0.49574559775491084,-0.048039863201124584,-0.14223298343314505,-0.41916729104290934,-0.0453384156017469,-0.09609488595134137,3,Show_Desktop
0.0,0.0,0.0,-0.05284979796320772,-0.3038229196315784,0.008344643585083916,-0.1603232244710884,-0.5777110293428451,-0.012287803538804752,-0.24125076209877488,-0.7912300811672817,-0.03740920861461907,-0.2624232204294926,-0.9653511415788193,-0.06533375191429823,-0.34978979402480165,-0.5356603752492676,-0.09216847515527968,-0.5949703630642863,-0.7119733564248903,-0.13312047088666662,-0.7312017212038452,-0.8091530965072874,-0.14897866075051644,-0.8401506741295736,-0.8844311711942572,-0.15469964703746802,-0.412532902459096,-0.3765109333764437,-0.1160578102439841,-0.7024542805228621,-0.4882914970844616,-0.15280109668047473,-0.8752049819977006,-0.5427720359409652,-0.1625598413608318,-1.0,-0.5751094455532557,-0.16729936481369603,-0.4394136418475424,-0.19878029799459457,-0.12893501151631284,-0.6345073165781958,-0.24218273688265698,-0.15376271699921043,-0.5515624207266789,-0.23479177612655183,-0.11571968131363972,-0.45693800106113386,-0.21858876075214956,-0.07863313870963097,-0.4368423270304504,-0.027466168833793245,-0.14116306371653178,-0.5563094899248178,-0.07963818258897745,-0.14058234230028782,-0.48447881042938085,-0.08527147914665575,-0.09120725254676497,-0.40964634317275583,-0.08028139825454658,-0.04539306663164021,3,Show_Desktop
0.0,0.0,0.0,-0.04595230405806054,-0.3085707717639821,-0.012395246414093373,-0.13048747582572948,-0.5927494086215737,-0.048694666656305056,-0.1993299066607943,-0.8206060840455869,-0.08484703861286809,-0.22540640154382796,-1.0,-0.12327237596830365,-0.3485795622435169,-0.5343483831138214,-0.12681166673708927,-0.5942250308543302,-0.7249790765261486,-0.18115503607873767,-0.7282046620264838,-0.8410296716636615,-0.20851427409741707,-0.8357834867299724,-0.9276234855444142,-0.220319274550134,-0.4135204948837566,-0.3569321443294088,-0.14137090976186004,-0.684265999476981,-0.5153646341152656,-0.18986757781950925,-0.8595303418835084,-0.5999321557151038,-0.20551262985846133,-0.9921928469280039,-0.6372902479352585,-0.2144682245631372,-0.4441570510254445,-0.17104946650789346,-0.14582617292593747,-0.6561740558321958,-0.2542290176548757,-0.17675245434526016,-0.5921519307156957,-0.2731753565123194,-0.13942914045375426,-0.5020104788154685,-0.2562303698417153,-0.10143046733904917,-0.44888265667665295,0.002842809273883619,-0.15117171160395707,-0.6047264369876776,-0.1071487888060183,-0.15608349822012668,-0.5541985292934959,-0.15254229017654874,-0.10816081377683566,-0.4812427901892899,-0.16159554432568582,-0.06200656046969785,3,Show_Desktop
0.0,0.0,0.0,-0.03880769449385531,-0.3194287423899073,0.006767942673008989,-0.11892405395152013,-0.5793666411252781,-0.011919904840054351,-0.19408817463083589,-0.8022529884085571,-0.03207668145219111,-0.23322210565322432,-0.9586108774590563,-0.04937721958383927,-0.3481003684040539,-0.5310275877840195,-0.08156500915510966,-0.5938787910566071,-0.7094350829404821,-0.10250548156358034,-0.7220336115273766,-0.7981812886342877,-0.10603711095289148,-0.828342305131616,-0.8661336609211027,-0.10618098505132378,-0.4257936593613008,-0.36096265331993255,-0.0951949126721104,-0.6977303120176566,-0.4961874300237187,-0.1303385598502129,-0.8744714628958823,-0.5653971612487051,-0.14868043096915926,-1.0,-0.5996743803422664,-0.1601888937755953,-0.457050150274133,-0.17716353112708022,-0.09364689743187667,-0.6311591134509118,-0.275503663992238,-0.09623870212705657,-0.5522202722250839,-0.2837632114998817,-0.051235234431919414,-0.4662758937025863,-0.2612964244846595,-0.014594360583760397,-0.4507927891328515,-0.016655511586375793,-0.09331149596575103,-0.5313273869925742,-0.09758261552337742,-0.07337236459033623,-0.46493869405808014,-0.11135046677291532,-0.022861113638041945,-0.4043297280172583,-0.09892193015348186,0.0211333971481643,3,Show_Desktop
0.0,0.0,0.0,-0.03833952423273053,-0.29443075702626165,-0.0016820169984275177,-0.12226086899178805,-0.5652348925227011,-0.03257079071317167,-0.20236563856120426,-0.7949079180389854,-0.06530759963284331,-0.24646513650173474,-0.9627750247982035,-0.09820346036688084,-0.3349692587825653,-0.54719910629333,-0.1086290987730267,-0.5691867427926142,-0.7346459887686038,-0.15446188665430438,-0.7011371572574591,-0.8379368001597636,-0.17866353866780443,-0.8137036686191845,-0.914360091391773,-0.19418776881402539,-0.404860670677451,-0.3841019164949959,-0.13313944174704131,-0.683809381906058,-0.5405127032479119,-0.18683641924013744,-0.8656539333724782,-0.6247286589525414,-0.2182313548369906,-1.0,-0.6707442865215314,-0.24150020586054086,-0.4347163621091114,-0.19940544909054242,-0.14403687204628887,-0.6474461392643585,-0.3014647047443145,-0.17592009676894155,-0.5785477248790032,-0.319163105299174,-0.13942279322547407,-0.48635686653366694,-0.3053711068647291,-0.10631804923178122,-0.43227374685861947,-0.029985797898851845,-0.15529259639666773,-0.5686874369462622,-0.1129561178511509,-0.16492089826042505,-0.5034952745954914,-0.12634585560552575,-0.11890117144657826,-0.42911572426661165,-0.11453985219014187,-0.07589606605989427,3,Show_Desktop
0.0,0.0,0.0,0.06235941353648625,-0.2679318760058082,0.015586248956823597,0.1896358693372759,-0.5224824690395635,-0.014384018050275072,0.2695620362010415,-0.7230269929736216,-0.05110888770432529,0.2818878739772269,-0.8928771567700876,-0.09079924442053934,0.3579294460639227,-0.4709504774200269,-0.11309065933110825,0.6034340639264756,-0.5969669572204777,-0.17555918011506075,0.7551534413694853,-0.6773026825291484,-0.20686529023270694,0.8751232618970166,-0.7276435927351155,-0.22396021500780897,0.3913777679404257,-0.32464255447216334,-0.15042126776760648,0.6906163544073345,-0.35348868483007856,-0.19981630580888698,0.8721621195618354,-0.3608137030339412,-0.21180458495170087,1.0,-0.3552216486665068,-0.220434563511987,0.39705602334731555,-0.14864470809044783,-0.17597387253157606,0.5983852168777992,-0.16230537848528875,-0.2043619822367656,0.5157599058429607,-0.14989706593936505,-0.15663716179017714,0.4232592348038891,-0.14077300471609117,-0.11786259278605875,0.38591522214715857,0.035111563066224795,-0.20029043222738988,0.5275266375495951,-0.007778795049410543,-0.20711219700446104,0.4608895905868796,-0.012858611539735635,-0.15153485312180973,0.38665153304325567,-0.010416331561160858,-0.10448214822469223,3,Show_Desktop
0.0,0.0,0.0,0.06551269018737776,-0.2734458767555754,0.018557133710934256,0.19244574014132684,-0.5277026747167591,-0.00828835620397917,0.27613747417448065,-0.7294882201000653,-0.04344389377169844,0.2903551925750786,-0.8999372777605051,-0.08092357184333121,0.3658264964899975,-0.4741754155404256,-0.09700088615922409,0.6069788134916346,-0.59752218904396,-0.15780305730553876,0.7561640930197924,-0.6772818227568121,-0.1887454732819837,0.8729810224883474,-0.7290624031206417,-0.20596984326409784,0.3994105141918873,-0.33031040944074774,-0.13777443700661246,0.6965201249534644,-0.3575040019926739,-0.18849437702478733,0.8742253055519323,-0.3640221397189405,-0.2018019299229747,1.0,-0.3582811708210988,-0.2099304167415288,0.4025101658926209,-0.15415826579816153,-0.1677929183414926,0.5980409654956957,-0.16051284037769267,-0.20019247506260268,0.5130812919001001,-0.1460433550459617,-0.15410754229725837,0.42145707042551905,-0.13869894702972538,-0.11462949977579914,0.38607719115576994,0.03168052312892235,-0.19646330441677337,0.5246887473392028,-0.001431096240124682,-0.20448980815004936,0.4543885427104877,-0.005567325318603654,-0.14783940336174636,0.3791055152606977,-0.003837718206305725,-0.09927040611398895,3,Show_Desktop
0.0,0.0,0.0,0.06659241631875545,-0.2706990642592989,0.018919506867789784,0.193251500923268,-0.5265724673347489,-0.007991821499085366,0.28023286262957453,-0.7292399554253829,-0.04328365776852528,0.29705570033125855,-0.8996727362624144,-0.08097910852716475,0.36754902620050367,-0.47169441433736303,-0.09723002694400511,0.6120843214158108,-0.5964141703282315,-0.15641732165666192,0.7623108537272621,-0.6746598476110464,-0.1845182022181104,0.8783275511871573,-0.725539316783707,-0.1991059425386244,0.40314794300459983,-0.3260210246621237,-0.13779534090943704,0.7017819310566075,-0.35547838162392575,-0.1872524513464153,0.878194932222556,-0.36006797413507113,-0.19817838271903013,1.0,-0.3524117104498415,-0.20380551522486182,0.4073395158992849,-0.1486946612283128,-0.16747124456834953,0.5994324721928338,-0.15919320154506789,-0.19926443440552233,0.5165202345826081,-0.14749474436331772,-0.15413625512518522,0.42465727455904906,-0.1415592727647877,-0.11483778788717491,0.3910954826848246,0.03632685660550044,-0.19558783803626345,0.5262473067874915,0.0036702095050127324,-0.20213067194813683,0.4574960896728758,-0.0038423700750106695,-0.14576501860019753,0.38171997277812686,-0.004771679163156434,-0.09725763894468709,3,Show_Desktop
0.0,0.0,0.0,0.06514719328807675,-0.2713536694637106,0.02184755708944107,0.19099575413657172,-0.5336791597949236,-0.0019967493984556464,0.2765146284740585,-0.7340767434514802,-0.03535232675562686,0.2909733842239977,-0.9066387237838007,-0.07132578382712619,0.3677860817563418,-0.48103595367979335,-0.08937573212586283,0.6143447535024711,-0.6099234831124348,-0.14158018551463447,0.7634214359748629,-0.6892599782456079,-0.16326781780140023,0.8775585740977366,-0.7427822654476196,-0.17331818448216438,0.40468530575037714,-0.3348356016053625,-0.13150972438258265,0.7048960805834151,-0.3663595803427319,-0.17805673029706315,0.8800651829622299,-0.37574708591577044,-0.18681193592632517,1.0,-0.3725668422891697,-0.19009840185092408,0.40982383755236323,-0.15778425074666644,-0.16274813477479444,0.5973467302890008,-0.16674171050681152,-0.1940571724568426,0.5154190740787881,-0.15107000292945177,-0.15056720376244254,0.4247241801238784,-0.14446903706980174,-0.11163594372902926,0.39509399087507285,0.028244858951275906,-0.1918547223743653,0.5354357667973038,-0.0062465504866335885,-0.19623132251271008,0.46703801976590087,-0.011343092661285392,-0.13862440836807438,0.3890516589463321,-0.012056998177093586,-0.08939708503820364,3,Show_Desktop
0.0,0.0,0.0,0.06793709180340815,-0.2710575537812235,0.017709794894157405,0.1967811321540522,-0.5312456358069239,-0.008588544777812982,0.283169161227713,-0.7345457695888621,-0.043042694073794144,0.2952839065124692,-0.9076856539705248,-0.08017505709788292,0.3680605637016418,-0.47930324668050334,-0.09535135450333486,0.6115605622957272,-0.5992020844048338,-0.15212213301364166,0.7603718493200284,-0.6740130388182787,-0.17909443042512477,0.8757572530825899,-0.7242368706021108,-0.1932845500896434,0.40494744182030157,-0.33232934734145836,-0.13606906450733786,0.7031228459198751,-0.35864937171716404,-0.18328684723176145,0.8779969360843128,-0.36458616171758257,-0.19397283695098075,1.0,-0.362023892641594,-0.19993713397516497,0.41110110942143274,-0.15540286644378234,-0.16628867814001444,0.600327753319619,-0.16268151019021126,-0.19870997433047094,0.5199111527207483,-0.14785004898491544,-0.15573039232557404,0.43055953728214386,-0.14291182507391137,-0.1180084926554668,0.397124444261336,0.029278557598505606,-0.19491424955768202,0.5379228333848224,-0.001349677966103767,-0.20121623095584326,0.46873366261074584,-0.0019091097027786616,-0.14459224826236608,0.3921684528505366,-0.000436363274789829,-0.09652370385622906,3,Show_Desktop
0.0,0.0,0.0,0.06832900253027159,-0.271966104600502,0.016302962310544053,0.19535719941529844,-0.528631252835759,-0.012256231890943603,0.27830941139566473,-0.7303008589807302,-0.04859651175349419,0.2907454550400349,-0.904414263371613,-0.08777412746663771,0.36718038299480643,-0.47666572514605415,-0.10069814149362383,0.6125313407612379,-0.5992357657738876,-0.15772288718649574,0.7624619923030895,-0.6756864724855051,-0.18520930697752747,0.8790042190916548,-0.7262593605215011,-0.1998096701026056,0.402821718374009,-0.33052090689391145,-0.1399751654294227,0.6993637298482881,-0.3588146833495244,-0.18635708826653521,0.8757026785836823,-0.3645356332405482,-0.19768175681607875,1.0,-0.3588851946691799,-0.2049532366555529,0.4082970291805919,-0.15426496099400908,-0.16814460199384823,0.596645419858338,-0.163737145963116,-0.1967884901622378,0.5171559875574641,-0.15196027632219203,-0.15320677276125216,0.42802688535804506,-0.14671137424014397,-0.11652316625682126,0.39442010562069724,0.02903307695866763,-0.19501831087857857,0.5345056347009051,-0.005018959573427883,-0.199141517822152,0.4674815024893865,-0.00899076852325382,-0.14259724349334293,0.3910294808813652,-0.007290936197199616,-0.09506846390375662,3,Show_Desktop
0.0,0.0,0.0,0.06376855545592336,-0.2694743393023209,0.012815213686095981,0.19198191727699185,-0.5347938289608528,-0.01680710516271331,0.27915904605191316,-0.7371863743928209,-0.05367311603531036,0.29442186600073256,-0.913986217477317,-0.09329003753367038,0.36370813133894225,-0.48121708523627704,-0.10535395688941825,0.6138995853095972,-0.606245628091536,-0.1618875095383762,0.7650091322576801,-0.6829566758041243,-0.1873219027793615,0.8810969858037645,-0.734620481425252,-0.20016700924748762,0.3999125982307902,-0.3318919321427806,-0.14344940744221052,0.7015710062414681,-0.3672267077509062,-0.19119428787629905,0.8776979264231856,-0.37515767990526827,-0.2021028689953121,1.0,-0.37123063230250414,-0.20876795069891027,0.4070843689153382,-0.15397753970051686,-0.17059104718842508,0.6030052730182086,-0.16733349515764662,-0.20194884469712104,0.5258524324503092,-0.1529024272190991,-0.15935557263654634,0.43492014760540576,-0.14520940752541298,-0.12254010456180014,0.3983276351623017,0.02942290496274401,-0.19637077309797443,0.5409061703943459,-0.013137471834145471,-0.2024104183907277,0.47730863286951325,-0.017273851042175617,-0.14721605553444123,0.40114321181325807,-0.015790558570521394,-0.10042428494557337,3,Show_Desktop
0.0,0.0,0.0,0.061466504059618766,-0.2695606341278695,0.014534350846946716,0.18453850290807564,-0.5290865337792041,-0.01709353148774428,0.2683509855961365,-0.7322056376092406,-0.05628436861677357,0.2843728860450997,-0.9075418647669726,-0.09799815133860822,0.351773485388971,-0.47951917131152116,-0.10984517140708674,0.6022642448164877,-0.6120044080860251,-0.17038005997845024,0.7536889493126232,-0.6933790230965616,-0.1974741732093442,0.8713510394096493,-0.7469756310624801,-0.21093850805616882,0.38729387031075485,-0.33570619010564284,-0.14941640564146078,0.6912722075656517,-0.376294454335933,-0.20180498484587256,0.8723956158164187,-0.3880203527327195,-0.2131161188946725,1.0,-0.3849599155358951,-0.2193603021656691,0.3939285316933528,-0.16257738993898604,-0.1775838900479225,0.5952005609811095,-0.1761553975778637,-0.20950502172298527,0.5161802046168033,-0.1563058046952455,-0.16149198870096695,0.4260592430650724,-0.14363470331091763,-0.12075089863398399,0.38336829010699647,0.018928820569571462,-0.20462703726023396,0.5298943142227134,-0.021867434538172765,-0.20891598247906842,0.46500454443560024,-0.02177598458094295,-0.14943267556277748,0.3896272473331773,-0.016026357396337183,-0.09961821044103183,3,Show_Desktop
0.0,0.0,0.0,0.055771544350898684,-0.2636876721958731,0.01377082218110635,0.17820000453860824,-0.5211012982572903,-0.017268802612233757,0.26084416788013703,-0.7204350670099003,-0.055149967800098176,0.28270468916082625,-0.8900547001677794,-0.09572941659275384,0.3474273959337714,-0.47671967286241906,-0.11447934515936696,0.5907021806687424,-0.614379304741537,-0.17656486587273015,0.7390130481673879,-0.7013832650913279,-0.20505542001857485,0.8579756846548496,-0.7587838219487425,-0.21931870037552811,0.3818461136841854,-0.33281233202801414,-0.1521083621382341,0.687104290094587,-0.37427318081732386,-0.20178025099268773,0.8694981177199026,-0.38999863013539793,-0.2109390464593138,1.0,-0.39017404568722064,-0.21655124673517503,0.3888031044080321,-0.15779266610602155,-0.17823634501012295,0.5945006147826446,-0.17154199877325063,-0.20893895303686694,0.509842899554471,-0.1524178938439411,-0.1581270597961963,0.41671629043978614,-0.1365751695393793,-0.11572846663223477,0.3789932505594994,0.025631210253014156,-0.20325972960930005,0.5319964426587432,-0.017333673673736682,-0.20799089740810653,0.4618973071973548,-0.0136115179938424,-0.14671682891189486,0.38575735043339565,-0.003908338003075321,-0.09559281318114499,3,Show_Desktop
0.0,0.0,0.0,0.051257238223580824,-0.26050187771409966,0.011825373944444242,0.17194110555914124,-0.5154122761957087,-0.018326107000343667,0.25201942321221393,-0.7134247393060712,-0.05553125193940723,0.26847100758956455,-0.8807058602495579,-0.0952122997973281,0.34262421740983084,-0.4796457995263981,-0.10857055846019767,0.5767160454008734,-0.6235583353618,-0.16903738005594943,0.7199384772009452,-0.7144940845939702,-0.1968537861329968,0.8357832715233285,-0.7754134679579017,-0.21153427497262187,0.3841839870181369,-0.3399865017335846,-0.14597000656330883,0.6856970672563418,-0.3837236070955301,-0.19176046106665287,0.8679501564704363,-0.405502473797739,-0.20115652565076575,1.0,-0.4083173334600442,-0.2079805794626771,0.39339239564171513,-0.167998932842175,-0.17310184815226892,0.6005888001980707,-0.18333483012507468,-0.20331425525547947,0.5124687207996489,-0.16153846371969235,-0.15569005870756325,0.4196047635326278,-0.14084733319714351,-0.11623878053450959,0.38360738800200095,0.014574498160566501,-0.1995482948274124,0.5288206540894842,-0.01855341215248253,-0.20817785620909984,0.4586565664213184,-0.014062145739877525,-0.15318991014237487,0.3866376722510569,-0.004739502942805987,-0.10675139950160338,3,Show_Desktop
0.0,0.0,0.0,0.05069415442226269,-0.264573450595941,0.004290281954342752,0.1676818759789002,-0.521553038051428,-0.031814215773648694,0.24505916024002508,-0.7275034335323258,-0.0743368459734998,0.2530535418932723,-0.9044894710632806,-0.11930894867399888,0.33944767492776606,-0.5075603593852214,-0.11625636087447572,0.5729388803125346,-0.6579468256035537,-0.18612709663783025,0.7201425701285018,-0.7502551347116098,-0.2229930782424207,0.8395475434355699,-0.8116067774320633,-0.24311881213133255,0.3767882930648191,-0.37227476678734983,-0.15397850603716817,0.6808528690221708,-0.4180396109193639,-0.2108418205982216,0.8654874844593193,-0.43776585069087637,-0.22788203538862709,1.0,-0.44483763373180574,-0.23864529753277422,0.38617657555627083,-0.19982378792331834,-0.1821168297052975,0.5941302063590288,-0.20791241395279553,-0.22382334066600684,0.5070706582146146,-0.1786736787267866,-0.17993510855070508,0.41279647408729586,-0.16212812639448335,-0.1404469860738311,0.3785672058816204,-0.01578243802247178,-0.21002216367988896,0.5322438694153779,-0.042199466093155225,-0.22493605501170422,0.4628971219390463,-0.029152123599772015,-0.16913866403027236,0.3868661744319587,-0.02185617874325727,-0.1204955500482474,3,Show_Desktop
0.0,0.0,0.0,0.06542699104154757,-0.2693036843634197,0.007974064873018086,0.17907977613359152,-0.5254270521650425,-0.023267825331049135,0.24825162676964582,-0.7274092388484205,-0.062389968491281804,0.2584146946028919,-0.9047205353388703,-0.10271543521742056,0.3560352695433528,-0.5239515631690409,-0.09309489872042091,0.5965717440238112,-0.6639732652267473,-0.15027649115474775,0.741607181174221,-0.7533327585580131,-0.1780761905075786,0.857443120566737,-0.8157897107282349,-0.1930799375386657,0.39506294272310316,-0.38978726128460356,-0.13168076363878406,0.6875942789695608,-0.42264805638545894,-0.18048045502947546,0.8678530951490142,-0.4338960662527212,-0.19683394555099076,1.0,-0.4333630050368977,-0.20841250484448037,0.4036450835316898,-0.21977901604684763,-0.16169608914873898,0.5890199362321097,-0.18467466698150628,-0.19547575736719178,0.5094143050210378,-0.15956240081506573,-0.15864496111464108,0.4202504068733692,-0.15294256546889282,-0.12670264705633377,0.3946502787070515,-0.04310493199046087,-0.19178850264532138,0.5332828689180916,-0.04054224904221092,-0.20044242334755955,0.47076149580129845,-0.027716931304590922,-0.15027760706065746,0.39860167137371194,-0.028437384287594406,-0.10801115269626298,3,Show_Desktop
0.0,0.0,0.0,0.06037878681676083,-0.2762422521333544,0.02198698810332688,0.1725312468082294,-0.5301139324416069,-0.00626166859934129,0.24058061686536586,-0.7379452907990892,-0.04456982741583776,0.2525515940328159,-0.9109449243087251,-0.08467826750868199,0.35667010459995474,-0.5313240315542196,-0.08740648786752211,0.5975649018386602,-0.6737598106266184,-0.14579537219475194,0.7449730138925883,-0.7619236939024414,-0.1772181959329136,0.8641519953698048,-0.8164238150645564,-0.1955410118606249,0.40009452647642546,-0.39559378448363913,-0.13098147119521455,0.6919611239838904,-0.43279203574382524,-0.1753989617976406,0.8694579747702426,-0.44597944049137744,-0.18924308523479955,1.0,-0.44276554029291193,-0.2012371132442762,0.41183263206169857,-0.2228202134455902,-0.16440709467943646,0.6058233115909086,-0.19096671346261299,-0.18661697149461517,0.5197064872799806,-0.17260951152642234,-0.14133768781304923,0.42532756828636714,-0.17011048783272018,-0.10793477471532448,0.4038780688561295,-0.04168889974786264,-0.19780656316827452,0.5413392719458636,-0.03200089720045421,-0.20040095446382797,0.47253553254254194,-0.027389286865826475,-0.14763074792748235,0.3963631338731222,-0.03453885298529433,-0.10486103204763511,3,Show_Desktop
0.0,0.0,0.0,0.0552006427499616,-0.2781714708813,0.01783084428388941,0.17103694630753538,-0.529244886947686,-0.012207897450353961,0.23645172089213065,-0.7342748780074752,-0.049903033798415666,0.25109744042156834,-0.9044739650819782,-0.08808737346341376,0.36278351692929356,-0.5183742206853637,-0.10095233689519444,0.6066322973978866,-0.6653802740351858,-0.16003544344124046,0.7572588604578806,-0.7633648275563293,-0.19176056937218422,0.8765847606819767,-0.823356399339921,-0.21072701010488767,0.40992450051002527,-0.37852506212855785,-0.13720633931338364,0.6968827414546156,-0.4261024225214545,-0.18090002484638956,0.8739447597367561,-0.4433084293979339,-0.1917031669169739,1.0,-0.4357570625696608,-0.2023809884987217,0.42511096495201034,-0.20035886872856024,-0.16235366571772533,0.6290018865026447,-0.17403353169836439,-0.17258490013635563,0.5573781157816383,-0.1599102040494823,-0.11791206459291291,0.464426231445124,-0.15439484224663166,-0.08060112346833678,0.4214376016604374,-0.012922740036784832,-0.188942492817198,0.5660368084628745,-0.007975770847035749,-0.1808242299749986,0.5204677266264686,-0.007588545502522557,-0.12498653812476881,0.4562193541780717,-0.010393014820270254,-0.08102254905781962,3,Show_Desktop
0.0,0.0,0.0,0.05722825424900607,-0.2760878610448845,0.03174377775078877,0.16227342984927756,-0.5225896194997857,0.0034717500848864997,0.23212490646095724,-0.7306783538394118,-0.03589757447571731,0.2545401043207523,-0.9020592827908728,-0.07685568371745384,0.3658173137010769,-0.5056397121291464,-0.09492359523782518,0.6182392036564471,-0.6423082034333772,-0.15363852699585293,0.7681562248354267,-0.7388845558141338,-0.18292888405000193,0.8884378623896318,-0.7977308575216465,-0.19966248485621751,0.4117089523785416,-0.3691771253731674,-0.1381427858897745,0.6966473075785213,-0.4051052937165494,-0.18770287552905,0.8761084277688743,-0.41070545445340767,-0.19751518044180752,1.0,-0.39218211359476274,-0.20472850404022483,0.423672932134557,-0.1910085446827899,-0.16811837081531505,0.6032020807196455,-0.15351952019414988,-0.17460893227105942,0.5253609855574136,-0.13141329781090955,-0.11046653104275138,0.4319133856150004,-0.12369966887574377,-0.06678121240091454,0.4134520613394633,-0.0028787085362978948,-0.19908960271462037,0.5406271901583479,0.009899713489714265,-0.1826258610579866,0.4758027746092718,0.015750471848109997,-0.11594428022047794,0.40072806202923955,0.015145810162809352,-0.06420142834360616,3,Show_Desktop
0.0,0.0,0.0,0.058902233507504335,-0.26923290314403325,0.021615558968482173,0.17000255216026378,-0.5045990459327896,-0.01048213347346634,0.2391873502872001,-0.709160004819879,-0.054463664020621055,0.2649135320913445,-0.8825907036663744,-0.10014376257026573,0.3772422634613951,-0.49396897804657686,-0.0889438444175609,0.6254169531269902,-0.6160940664071163,-0.15036825069646903,0.7734742871807007,-0.6988425101441729,-0.18350460560209458,0.8949332038863478,-0.7489046262554307,-0.2027811713164705,0.4188885803096694,-0.3564828699722013,-0.13114871982509776,0.7021493002814253,-0.36779708247291043,-0.17582901877324203,0.8770879304387075,-0.36626000371024403,-0.18671148952693886,1.0,-0.348839986115498,-0.196512554651411,0.4239261664567998,-0.18133450319066918,-0.16384389717991885,0.6015802763803585,-0.1232571503856919,-0.1772932679778604,0.5153947776205708,-0.0943642893859046,-0.12284056296148237,0.4180766713953784,-0.08357801303774118,-0.08487689576818193,0.4099447667508374,0.00392904525606857,-0.19800636156024792,0.5309492020084079,0.03415268669958792,-0.1923683418115599,0.4601298022771271,0.046513863168889086,-0.13539704884778606,0.38442128867370656,0.045475026103770244,-0.09000384854977875,3,Show_Desktop
0.0,0.0,0.0,0.05506672533781337,-0.27315828029024936,0.015002425433439014,0.16169027572873004,-0.5163282942861771,-0.018999518791241735,0.23279222763357596,-0.7249150606330482,-0.062499880530752214,0.25547658026811415,-0.8983948120965409,-0.10680272478006604,0.37338052789264753,-0.49631077149154107,-0.10033656966358753,0.6276626078109813,-0.6254043132718753,-0.15837735108534065,0.7787557873215967,-0.7088017559869941,-0.18504303771763517,0.9007927674248828,-0.7601142924829976,-0.1981527124399592,0.41964233955858077,-0.3457752925453658,-0.1380577666680914,0.7092347201435003,-0.3651666197203234,-0.18483048310814573,0.8836680610228103,-0.36720607569991814,-0.1949583449957218,1.0,-0.3466234686995664,-0.2007658930565498,0.427086463853227,-0.16183590627048666,-0.16509110365135238,0.5822895037768896,-0.10205339063876823,-0.1814362271411817,0.4931139690166702,-0.08375311428635615,-0.12990001148041572,0.39751262406284704,-0.07546144223251149,-0.09018902133883362,0.41590118991306624,0.024576842732996693,-0.19292961100585182,0.5204032787766029,0.05757794886529929,-0.1861133318677647,0.44601073644280986,0.06563130211456489,-0.1277149740524239,0.37022300010541326,0.06455297629081366,-0.07927086436796146,3,Show_Desktop
0.0,0.0,0.0,0.05047499943357953,-0.25639951092097196,0.015632681918905114,0.1622083339177354,-0.49675706942835307,-0.018822604088366956,0.23823845238207164,-0.7054252908357176,-0.06314000977126737,0.26469969003314214,-0.8798175216738673,-0.10917070371109239,0.368310015562306,-0.4829787952213533,-0.10179112161996667,0.6235008545627981,-0.6065199542609693,-0.16516783068776497,0.7756957993795731,-0.6901148299975663,-0.19743420382275814,0.8985187218533339,-0.7438497140848194,-0.2149209330150518,0.4107943249447104,-0.34135333339601204,-0.14126806584088267,0.7035074759024696,-0.3560394216315283,-0.1908058320604291,0.8797144870935509,-0.35346879747624615,-0.202384217794463,1.0,-0.3332555243720324,-0.21023522932894154,0.4163321446466792,-0.16752004781667643,-0.17050526469978047,0.57900933599646,-0.12319652879042027,-0.19219200166012626,0.48929326600815987,-0.1027159977022595,-0.13992482089431654,0.3954362385488662,-0.09112849914913627,-0.0996174252771317,0.4044071057332078,0.010308236000205298,-0.20044609649478776,0.5171284778794697,0.024216285998717963,-0.20137352331364863,0.439101785064471,0.03517201380432184,-0.14358034253828297,0.36150572593294844,0.039309426330891586,-0.09510420047663887,3,Show_Desktop
0.0,0.0,0.0,0.05056323797862552,-0.25318813046933986,0.01597409335726093,0.1614006105615958,-0.4897676895619733,-0.017645450457928723,0.23842639417781256,-0.6972785147867442,-0.06197958496155235,0.2686810333054557,-0.8722502841446772,-0.1075322047107544,0.3735066942027286,-0.47540822507980907,-0.0924709187691048,0.629438116203703,-0.5971627735584258,-0.15278437483006263,0.7800761942023073,-0.6794075207211726,-0.18337658296604825,0.8998883948489294,-0.7348209986190863,-0.20013512543999998,0.41256918642364815,-0.33964646803130155,-0.13372308092263463,0.7042450475645053,-0.34468696750398997,-0.18295836045137304,0.8786605145326053,-0.3374110714668958,-0.19525756060296792,1.0,-0.31669897530218066,-0.2035105857413561,0.4148480117991561,-0.1716528737426421,-0.16572470525208266,0.5753615103851155,-0.11109564762889032,-0.1887533684971922,0.4855473588887249,-0.08775132126604712,-0.13849876613468018,0.3952587840132036,-0.08061781351791063,-0.0995562393024535,0.3990717876715639,0.001850664786334462,-0.19862991884638817,0.5164772509240877,0.03081546056483956,-0.20013740411218744,0.4389780396510407,0.04564544213095602,-0.14315645825412796,0.3621156310861132,0.048144858293014875,-0.09564041774232362,3,Show_Desktop
0.0,0.0,0.0,0.04840280366970583,-0.27054062801284295,0.022425689892284766,0.15362180401871067,-0.5053754869232508,-0.013639998757966905,0.22287819746173188,-0.7207248368229642,-0.061502769486307445,0.2585644550904714,-0.8897627928647528,-0.11122085621245449,0.3744723266187292,-0.4824879209173399,-0.09784457372214969,0.633998462009984,-0.6105885655020291,-0.16557870210628003,0.7884907662520136,-0.6952698038231404,-0.20397215773024216,0.9112390415933753,-0.7458897790018127,-0.2253640781732331,0.4166538551445417,-0.34617347734774845,-0.13841884460229253,0.7119641851336691,-0.3522347128552597,-0.1847284163770706,0.8838001396474892,-0.34555002123106465,-0.1947322222532432,1.0,-0.32397351996931006,-0.20321405726103298,0.42241011948537993,-0.17567903155066034,-0.16862700925058455,0.5964908804358908,-0.12112905078502555,-0.17739918181977568,0.5128738145925629,-0.10563192994211773,-0.11938352298905351,0.42003807090894696,-0.1004664760615855,-0.07950153931446298,0.4079101336444844,0.00027695663829303607,-0.20044242205452983,0.5269296676664589,0.027594841895188158,-0.18986390078584675,0.45230503767270785,0.0322681814858587,-0.12857354097984697,0.37490780449078204,0.03189161763554799,-0.07972615851237136,3,Show_Desktop
0.0,0.0,0.0,0.04986615290759183,-0.2717547062154473,0.037681462469201836,0.15140198431769347,-0.4977497462779423,0.005038688799520798,0.22357563830196975,-0.7089529561348217,-0.0411347394693442,0.2519413285388314,-0.8732633458025846,-0.09024180283962688,0.3661283604530173,-0.4733101827864139,-0.1005410130922404,0.6296975829747303,-0.6136777253451555,-0.17248154375593766,0.7872376184641566,-0.70146291262567,-0.21298745171958824,0.9125950512521164,-0.7526263017340262,-0.2354931178622598,0.4113380068006377,-0.3384797893609646,-0.145333041462922,0.7150511507989218,-0.3528929454949966,-0.19871338362247276,0.8871092358106921,-0.3487842982941489,-0.2122456178151397,1.0,-0.3274711239602201,-0.22206953921423275,0.4202786781913311,-0.16973582883246582,-0.1762805394166442,0.5920323637821904,-0.12481612926560548,-0.18201535075344413,0.5099400267582438,-0.1077477102436365,-0.11933141948930673,0.42172438919529565,-0.09955976811111368,-0.07657306476445185,0.406064283108447,0.0014407941263874441,-0.2073359851826278,0.5154552734368744,0.0223014667269307,-0.19003321362068554,0.4408555128590131,0.02964906978263602,-0.1240465374649418,0.36812982761948704,0.03134524355045346,-0.07208007697685827,3,Show_Desktop
0.0,0.0,0.0,0.05321534800284596,-0.25611579264869516,0.020914831918081484,0.1634745299179837,-0.4855623593794874,-0.01170137438402658,0.23550073530366814,-0.6903657179637789,-0.05642480387208493,0.2545963334396481,-0.8643116504139782,-0.10312986411791737,0.3777505336183146,-0.47303015827429495,-0.09298990747124845,0.6346875717083434,-0.618808187487282,-0.15571846315877544,0.7901682900112713,-0.7025729134044632,-0.18576272569754304,0.9135398341201106,-0.7544961401969372,-0.19951207445950525,0.4188755843102505,-0.3431463059469398,-0.13388385885894472,0.7162176672040133,-0.36464567599590714,-0.18139686918783254,0.8883025381326028,-0.36053179989926554,-0.19127918091329224,1.0,-0.3405175412138067,-0.1959320331554994,0.42376741024460574,-0.1783737738324258,-0.1650884255348959,0.5708907781807476,-0.1087353209863893,-0.18371244434827885,0.4895370401104904,-0.0905111911919424,-0.13932952576277507,0.4021621824447873,-0.08642928168264034,-0.1038555976536817,0.4086863969542986,-0.011887240929931838,-0.19669089684795052,0.5104788349441703,0.02903258860084484,-0.19151451055880228,0.43609453450731767,0.038430476641300254,-0.13736837021754633,0.3603227542931199,0.034840116551764944,-0.09213035444062836,3,Show_Desktop
0.0,0.0,0.0,0.054082392548335745,-0.2613181355354863,0.033304430741885035,0.1545756362316533,-0.4958582478235863,0.002862553514574462,0.23322096234792583,-0.7045893547128775,-0.04204618612353949,0.26310139681265005,-0.8823035548102773,-0.08809215002909926,0.3637364169728836,-0.5002608065534498,-0.08493719957174826,0.627800367983071,-0.6329351206258567,-0.1470702460932232,0.7830496367428116,-0.7113540070327349,-0.17638831642707112,0.9078635153812996,-0.7626466807279921,-0.19057626004368947,0.40584622048778174,-0.367879087482232,-0.13383328921121498,0.710952872142766,-0.3789293170442734,-0.1910329010954604,0.8841104808207579,-0.37588122875207175,-0.20742064061611604,1.0,-0.3607412387859186,-0.21604454626348213,0.4141664581579965,-0.19628419889509008,-0.17025623655697145,0.5672747396420169,-0.12264534137472745,-0.19187628393447395,0.4756797888907993,-0.09399363637660862,-0.1392314532941402,0.3855287400768828,-0.08638870942151665,-0.09815640790376885,0.4045411987466027,-0.019024467638865714,-0.20613195460502512,0.5092262084307767,0.021224510786385445,-0.19710251666575293,0.4282579238357269,0.03838575154177504,-0.1328642272120155,0.35318759719317894,0.03507410169731944,-0.08076141609600504,3,Show_Desktop
0.0,0.0,0.0,0.05746030522583629,-0.25414304132741006,0.024015974903383343,0.16119014252280786,-0.48889667446781676,-0.009617777522797692,0.23580496657650965,-0.690273273820368,-0.05504606964024938,0.25946830724385833,-0.8703143349636335,-0.10201034346762441,0.3579210168588926,-0.5010007427442297,-0.09897578659163467,0.616706139551831,-0.6375972924870721,-0.16426016654034328,0.7722154799108707,-0.7185325896548341,-0.19450616553133224,0.8974159507826842,-0.7705305015625656,-0.20981775023920954,0.4029250108608826,-0.36494870860602324,-0.14627791707638038,0.7142091175357709,-0.3824811160783105,-0.20576017705087482,0.8855019129167426,-0.38451217119553793,-0.22290145260898406,1.0,-0.37415334164833164,-0.23193662084755912,0.4147591686870244,-0.18784821391033815,-0.18149815650628914,0.5850678980338299,-0.1135700772173718,-0.21092841562592704,0.49416259091609793,-0.08497925921773618,-0.16110711217987408,0.40033493560547667,-0.0745324214863293,-0.12092456176435773,0.40640595877068825,-0.00845327017671707,-0.21643285107024224,0.5116336168841179,0.0343234721190633,-0.21712192151883172,0.43288380957719635,0.05110514735765237,-0.15779028622026256,0.3592373558305422,0.04576369522261306,-0.1084176423310856,3,Show_Desktop
0.0,0.0,0.0,0.06030135240078011,-0.2679455447281292,0.006728279224323957,0.18053899290808406,-0.5208800919207055,-0.035557992444483655,0.2591653379907389,-0.7388565229264306,-0.08520960661734184,0.2974188558128648,-0.9131059274429277,-0.13571447657362393,0.3454000074654701,-0.5231891253359813,-0.12095182519788654,0.5945974694301629,-0.6852249085129092,-0.19949584137101362,0.7493603130557881,-0.7746314204796929,-0.24116456618733076,0.8742859740936961,-0.8257895366104128,-0.2617483547225578,0.38562689320532767,-0.38971262430639186,-0.1580836719250497,0.6990054366023017,-0.422971433911926,-0.21657313929743718,0.8779617358172206,-0.44578960116147,-0.2286971434219691,1.0,-0.4551722376567854,-0.2354239248978364,0.39827693582305823,-0.21667011406733125,-0.18591773697735992,0.5958243605024991,-0.19792939854412106,-0.21570259461842292,0.5194680375440175,-0.18189414412454874,-0.16407806201719213,0.4267758767647347,-0.16747294679224747,-0.1219151532511305,0.3932065906068108,-0.035798893707141954,-0.21507902789746788,0.540983045243836,-0.0435384251394373,-0.21539171462192552,0.48046460483105724,-0.040017024639699854,-0.15472480677754072,0.4088164395264647,-0.034698298181540584,-0.1039282291903975,3,Show_Desktop
0.0,0.0,0.0,0.06739951753017459,-0.2501784179981763,0.009429734704506625,0.1907573152921697,-0.4938745239116108,-0.03094562480934499,0.274398054984175,-0.6939007317597268,-0.08009120345864816,0.30124447517755853,-0.8731766376400295,-0.12973991683531413,0.33303610996560795,-0.5152202437837168,-0.12115885175535912,0.5828372802834753,-0.6830103871306372,-0.1977322386830449,0.7334763990718323,-0.7734609855940128,-0.2339960888503847,0.8556710564755133,-0.8263526459626495,-0.25161361721859793,0.36055901209780455,-0.39115559506194236,-0.16597822240572951,0.6763700258859914,-0.4265251529702325,-0.24034242587172602,0.8644373520174335,-0.4415441077295431,-0.2575985423245133,1.0,-0.4425984543265178,-0.2654870154883932,0.3671344192851921,-0.22775216424690808,-0.20107151134225063,0.5909022776662894,-0.18645482023716148,-0.24962444634531342,0.5088985173233842,-0.16357303117140065,-0.19860315433679102,0.41448472734737535,-0.15678942823531275,-0.1536365573463473,0.3594520167240759,-0.055123406367629614,-0.23687004024082486,0.5355719780587594,-0.04611114232181174,-0.2499680858709301,0.47422854374683177,-0.03301215408665392,-0.18906119766625443,0.3970954122315242,-0.033064117332460605,-0.13739296153361144,3,Show_Desktop
0.0,0.0,0.0,0.06741291147172758,-0.2593851446431887,0.012748637243355457,0.18381953391182193,-0.5099267241788934,-0.03019208001851089,0.2666688982783636,-0.7094126686421158,-0.08139298999836823,0.29202984137637866,-0.8978273487133931,-0.132749538050618,0.32309345067828465,-0.5252863354018766,-0.13336539727809363,0.5710575187040501,-0.6928903262611573,-0.20624640750601445,0.7166733024018713,-0.7894263022766269,-0.2357126355380549,0.8340502149510135,-0.8545973659511751,-0.2496009255480986,0.34707954130734525,-0.3927395222639436,-0.1816880822303596,0.6723634228819535,-0.44846913092388296,-0.26035418527323306,0.8615025848162559,-0.4667475909586252,-0.27554371293417823,1.0,-0.46818903717917093,-0.28177549450780776,0.352460089492357,-0.22133883652560185,-0.2178010971457997,0.5991960382462312,-0.1973938084973627,-0.2720427361549017,0.5109810897858235,-0.16721769036416073,-0.214623213533522,0.41347797959522065,-0.1561141928943687,-0.1641678619135492,0.34740428336116463,-0.03657947258599778,-0.253051265545015,0.538857347673708,-0.0459990488227941,-0.26561135062615654,0.47055513657676346,-0.03187833669091606,-0.1974859250183272,0.38716061122142303,-0.03186202512236868,-0.1411077630739542,3,Show_Desktop
0.0,0.0,0.0,0.06200995677634559,-0.2692846988147882,0.011171242233165358,0.17946874069369712,-0.526778601748328,-0.03542114381202997,0.264630496170969,-0.7405428292142485,-0.0876684358324136,0.28455682571331914,-0.9344185884849459,-0.13951880179716314,0.30068070659740653,-0.5405643188673271,-0.15075773876747647,0.5455429957825202,-0.7148463437470325,-0.22851741139423143,0.6896074067045336,-0.8199887123377497,-0.25888084026364216,0.8054817527977424,-0.8959070295672578,-0.27381456107002605,0.32834590992962376,-0.4067450657623447,-0.199165952449268,0.665580429790896,-0.4843139067326679,-0.28149036269201483,0.8581391266993348,-0.5031694350866842,-0.29357322151029974,1.0,-0.5055540863780829,-0.2971604488025778,0.3387475661271527,-0.23468058251036034,-0.2340154456540224,0.5977438679505934,-0.22786539565631092,-0.291643122941224,0.5038844695461046,-0.1940803693535025,-0.22604256419580687,0.40395556153412737,-0.17906937386246774,-0.1689782413763182,0.33647841179553123,-0.049990115986739074,-0.26773582975215554,0.5345416216213484,-0.06788030631381817,-0.2816720538468642,0.4603471687021141,-0.05017866477357525,-0.20746491430845432,0.3737889827955368,-0.04526051548386531,-0.14617639846351663,3,Show_Desktop
0.0,0.0,0.0,0.06186284280847919,-0.2649557406992143,0.013145827230337947,0.1802771393462075,-0.5269577124407465,-0.031459105947077876,0.2595436345424088,-0.748283346736535,-0.08270815261001112,0.2674361322084773,-0.9455944953016597,-0.13488874917766364,0.30055531244330397,-0.5419195144833421,-0.14948520936031282,0.5414191977310066,-0.7213252212264617,-0.23218756133754817,0.6854532392411694,-0.8382729779780529,-0.2695128648905227,0.8018605576371256,-0.9248521292628261,-0.289951122107212,0.3274954065792892,-0.4125657413303124,-0.20036137789302916,0.6626988663904992,-0.49201556746943276,-0.28563118920978536,0.8544141109079648,-0.5228113584582212,-0.3013530567730782,1.0,-0.5386597150331697,-0.3082132043939983,0.3377044688677371,-0.2447100276673835,-0.2378863376070961,0.6006386842010645,-0.23651487590158218,-0.2990253392788775,0.5046387146604374,-0.203149650024319,-0.23422982996745076,0.403974869149515,-0.18826162575538258,-0.17759940815865466,0.3341269293076387,-0.06307001097650917,-0.2744124777296225,0.5422976345531126,-0.08061460980232191,-0.292406370266153,0.46523498993170453,-0.059738157868128375,-0.21888360405796817,0.3761393125513486,-0.05066557501423383,-0.15781846995752558,3,Show_Desktop
0.0,0.0,0.0,0.047055675281793996,-0.2785767145338879,0.018871679089955403,0.15810676857830513,-0.5563019058634271,-0.016671097070427302,0.22740897261857074,-0.7926474528300158,-0.06178904956168419,0.22791686848425313,-0.9768415868986436,-0.11001667407386828,0.31510659292020615,-0.5419824473402062,-0.1192035405536286,0.5745601083223746,-0.7103938323563512,-0.18831359496955427,0.7284167700920043,-0.8085924943008127,-0.2196395168413302,0.8513570315714264,-0.8772272766092648,-0.2367433484550238,0.36220164665904514,-0.3978452223278582,-0.16656161436071376,0.6904450150089049,-0.4740530280506475,-0.226683571885371,0.8733052757036321,-0.5136237065784695,-0.23888311488687963,1.0,-0.5349856572233941,-0.24712284144804775,0.3812578736703887,-0.2143596489812962,-0.20129483267973006,0.6173583831579201,-0.23180559890519267,-0.24015865712481987,0.5269777821068531,-0.1966621943134993,-0.1817653815281132,0.42426338841490824,-0.17420971909902233,-0.13438630707491236,0.38004044699291406,-0.02255983181087332,-0.23501648095415423,0.5548686521864368,-0.041434472397120815,-0.24696800434892788,0.4836790846894439,-0.017474118455213312,-0.18344079834423058,0.4031515053439189,-6.855300733743533e-05,-0.13038457916546325,3,Show_Desktop
0.0,0.0,0.0,0.0376832630597843,-0.2887391061204563,0.009511631770635761,0.14783095290932494,-0.5744409746571391,-0.02981861544431253,0.2208217300608051,-0.811401322622165,-0.07420121941217903,0.23242409125205274,-0.9994438950778927,-0.12076172715706385,0.3175452132617283,-0.528715245661533,-0.13187461162734923,0.5847655230571213,-0.6855525986418712,-0.19407453173741981,0.7408140606275798,-0.7810620389685322,-0.21852898116265615,0.8635001375882118,-0.842763197372509,-0.2288558197406154,0.370470551684346,-0.3745965647330345,-0.16605019193891996,0.6932669832674981,-0.4649654964271448,-0.21713113819075078,0.8744126048555324,-0.512373529803382,-0.21931089053196953,1.0,-0.5314639563268386,-0.21981359347458193,0.3968973591939994,-0.1878362078913497,-0.18739841438799013,0.6294000621366118,-0.23246165727220275,-0.21292166679578384,0.5492319027118193,-0.20896989924992232,-0.1502483722238607,0.4522759220629355,-0.18287919755004217,-0.10032874149286786,0.40184194221295105,0.005603089077271315,-0.20802322464940773,0.5875046469308952,-0.052184812036749365,-0.20328919597779974,0.5231199680440283,-0.0447066885624251,-0.13226238846814636,0.44134960720784694,-0.023146633527140383,-0.0749903987650706,3,Show_Desktop
0.0,0.0,0.0,0.0419870329898323,-0.28817249447878257,0.01392461833875531,0.15844063514782117,-0.5802911873382636,-0.01924304291660785,0.23908043865723963,-0.8070689083441569,-0.05787435825592548,0.24532150517576506,-0.9937970800417161,-0.09880283775826003,0.3311950890660713,-0.5446733643830666,-0.12018278252421027,0.5967578099477624,-0.6855540711943536,-0.1767916722781563,0.7547159543848133,-0.7685488372331833,-0.1976569729412086,0.8760230283733392,-0.8219738360878825,-0.20555651088331411,0.3767848567629205,-0.3879394533456902,-0.15721957616516782,0.6984096789430011,-0.4509979230553869,-0.20784591918171322,0.8759768909222794,-0.4807326424744195,-0.21146255659243895,1.0,-0.49449519825201255,-0.21221125967266705,0.39918965135526413,-0.20075778955471973,-0.18158864742587116,0.6274009598686977,-0.2132992215100607,-0.21587385374506762,0.5490583386012347,-0.184813901373099,-0.16339872231932023,0.45419380933033043,-0.1641446125612971,-0.11816793002538821,0.40540945704210996,-0.007262381912441459,-0.20365984944495594,0.5887924465905671,-0.04266557170972991,-0.2063551479916877,0.5248959096076216,-0.025769863573799005,-0.14149649509895448,0.4454080237438654,-0.007789708390699312,-0.08780496749337358,3,Show_Desktop
0.0,0.0,0.0,0.04709812623515489,-0.285991950940127,0.008838793860324467,0.16831422866173115,-0.5649228752906884,-0.028275096805856992,0.24784818901590774,-0.7862718405330087,-0.06973616942195299,0.26724226656589845,-0.9681094802072687,-0.11419567327147262,0.33589379472392256,-0.5171189436693782,-0.12965190128348142,0.599021624457373,-0.650242779433986,-0.19055124358916045,0.7537143420821806,-0.7301588440960407,-0.21599192242102772,0.8753918699006612,-0.7801305469881171,-0.22673251561295127,0.37496979690213467,-0.3582282265527619,-0.16411615098451382,0.6961058459385158,-0.42099281067481975,-0.2105615277779706,0.8741909602893929,-0.45236988233543746,-0.21337737188173317,1.0,-0.4629591745473868,-0.21508866626515147,0.3915033125434512,-0.17314951578429755,-0.18621115132365856,0.6258220725852449,-0.20321902215302293,-0.21368280155857117,0.5406869851176173,-0.1975956358322629,-0.15886279679568083,0.442535626785744,-0.1850215763861858,-0.11476551260386172,0.3917261221332253,0.014301866971074014,-0.2071140877300096,0.5698374834972811,-0.03513895020140414,-0.20677577678113696,0.49855066820944,-0.039312515319065613,-0.14209448095739566,0.41746856911108654,-0.027972210503510883,-0.08967944034576193,3,Show_Desktop
0.0,0.0,0.0,0.03855296324014545,-0.2906204300246806,-0.006531378581023788,0.15123848255454983,-0.5726138430273694,-0.055384966221445044,0.2324717580500277,-0.7991213632251866,-0.10297108620247915,0.2610608703253053,-0.9869580216719991,-0.15272341297089298,0.31150371064911914,-0.5163390064294489,-0.1666705815217581,0.583779658046258,-0.6617852177495382,-0.23813769256818773,0.7397243187380984,-0.7523604107914534,-0.26764834691393435,0.862556469256499,-0.8070845440459075,-0.2784565802550625,0.3568100808183028,-0.3502127955479119,-0.19125086282309933,0.6852767588693097,-0.4497143326591341,-0.24743860846689952,0.8699986437916521,-0.5019819715905139,-0.2505783697171584,1.0,-0.522434134157091,-0.2507236965280758,0.38181545383642507,-0.16397219757867998,-0.2025189942248195,0.6199573793128514,-0.22564978975766825,-0.2345103608998517,0.5399599355327939,-0.2329392218908548,-0.17787326798576247,0.4419541325230326,-0.21787569712187957,-0.13006311267362353,0.39007172885325,0.01747496233630693,-0.21310322039531515,0.5678461624184904,-0.06660469860860233,-0.2119237096245728,0.5023425007310459,-0.08370584006143339,-0.14492812488625717,0.4213147591363461,-0.06929413635886444,-0.08971000062603278,3,Show_Desktop
0.0,0.0,0.0,0.04022352178540106,-0.2908162019399466,-0.0066152881846652575,0.15783009925442665,-0.5727229623261487,-0.04915088546471111,0.24322969567342526,-0.7849734444625475,-0.09124249561732697,0.2725492892267599,-0.9639863079810665,-0.13579710827701358,0.30933632533296973,-0.5222658619697511,-0.15897374294761824,0.5765676510453318,-0.6620725143928355,-0.2287738917772603,0.7332246383928864,-0.7462745021005239,-0.258243470482296,0.8560499981319261,-0.7998696585122351,-0.26979371377485145,0.3507477880656653,-0.3511590724647059,-0.1872864350270233,0.6809405232224699,-0.4473922265784936,-0.24661808054593765,0.8669698723970701,-0.4988060889195484,-0.2538766839892794,1.0,-0.52253532681857,-0.2562260084205664,0.37058211109300815,-0.16134904980516182,-0.20305700396530638,0.6231056478615176,-0.22933168788760128,-0.2475818333639368,0.5387796354521144,-0.23273859251992388,-0.19684427155861475,0.43769788584103964,-0.2165143127201968,-0.14967454799118673,0.37398639657013927,0.025450022859832444,-0.21740221324158374,0.563701590404956,-0.0669509990728961,-0.2297977888721935,0.4936763964430332,-0.08200158921092943,-0.16740654640274613,0.40740435172635064,-0.06650913218529599,-0.11317577302399356,3,Show_Desktop
0.0,0.0,0.0,0.03663494688874169,-0.2982684971628772,-0.011631824872768176,0.14363715686509235,-0.5927049498681862,-0.05954297730178025,0.2236884043079575,-0.8126715840801896,-0.10659874225253961,0.24617389946769033,-1.0,-0.15581218844230893,0.2646314915977005,-0.5407841392464665,-0.1676191932626245,0.5273810034476429,-0.6991078625412002,-0.23852341517869993,0.6806110737572125,-0.7897757502480653,-0.26954324394709867,0.8031759764331261,-0.8470984666501733,-0.28357346386069476,0.3085827038591787,-0.37229206403677484,-0.19785453820315532,0.6401991156769324,-0.48899002152116605,-0.2609246562370412,0.8281916717210814,-0.5478824329824505,-0.2712510001793251,0.9646369284188461,-0.574807167426159,-0.27732195086153805,0.3376524887007228,-0.1815032029028302,-0.2154570364141585,0.6001631628266415,-0.26366204985781133,-0.26361870918602615,0.517328204764983,-0.26099301958718735,-0.21296873472412184,0.4163429929184989,-0.24130158495806167,-0.16797144357453508,0.35299338569973054,0.006660521562399411,-0.23204628241518535,0.5450754454535539,-0.10113085879827298,-0.24677287681702198,0.47681183311652553,-0.10818226618676328,-0.1832786617942372,0.39163829377588727,-0.08958468006884646,-0.13012443472398882,3,Show_Desktop
0.0,0.0,0.0,0.03715855296812259,-0.29896533244328083,-0.00847070621089616,0.14952447973558353,-0.5921225555016708,-0.054303577353368736,0.24109995202060805,-0.8139963215184157,-0.09994444698953948,0.27043420888185493,-1.0,-0.14724938833154835,0.2768893662418918,-0.5474208630789257,-0.16192334722581814,0.5381006954335028,-0.7064379335152206,-0.23364004257735532,0.689442170802574,-0.799474940413435,-0.26425489599283636,0.8123849782228204,-0.8593758913062782,-0.2779174155219627,0.32338405537179965,-0.380158315378752,-0.19446301837406893,0.6542390688121215,-0.49659981365756745,-0.25817947549011055,0.8420594660165049,-0.5560494001283758,-0.26820643459169413,0.97839275129045,-0.5826989155623622,-0.2732575855340489,0.35330203996411974,-0.1879208234806972,-0.21443388644661732,0.6133304066950359,-0.2723863369312647,-0.2622925683997385,0.5250116810158708,-0.2678558934624894,-0.208949254897518,0.4211674037721512,-0.2473944088778305,-0.1612413392762661,0.3684904066138087,0.0022771288939873275,-0.23348771862286394,0.5546408477602264,-0.10512969665910947,-0.2469770074405273,0.48138237138560014,-0.11326662493314915,-0.18147558402728553,0.39455388672765224,-0.09524287744172923,-0.1260207919124466,3,Show_Desktop
0.0,0.0,0.0,0.03504574190871059,-0.3101969047840647,-0.003763284296644328,0.15124571510877097,-0.6014215380607352,-0.04489495728115408,0.24822794745716387,-0.8169339806509158,-0.08589896330149882,0.2780076586435413,-0.9973164641946313,-0.13013170902024782,0.2869285754061165,-0.5505388421048696,-0.15574374181928113,0.5518862179244372,-0.7018071856501868,-0.22200414524298326,0.7058854202228566,-0.7872854160119998,-0.2489401014547941,0.8307546426172955,-0.8399730741282001,-0.2589717301060153,0.34068449249631205,-0.37577234297389994,-0.1869432890144274,0.6711194838512654,-0.4913556420858224,-0.24219663059500596,0.8613232007785756,-0.5507037345381369,-0.24796122480515645,1.0,-0.5776837178167061,-0.24924792198020276,0.37365176331599864,-0.1790228096608076,-0.2048920050080686,0.6245641320390917,-0.27589554005321815,-0.24680311618039674,0.5423686975130955,-0.2740815265182648,-0.19504026012932651,0.4447113506795713,-0.25170121569799575,-0.1477703662409524,0.3870310723852202,0.013476316192850162,-0.22102305494194438,0.5723262878876276,-0.10678162437149517,-0.2292060879040992,0.5031361045362932,-0.11767042803753802,-0.1620225795480079,0.42099507664251457,-0.09572458319895649,-0.10483218230875585,3,Show_Desktop
0.0,0.0,0.0,0.035284680644677185,-0.30298820324733294,-0.014509451516901911,0.1562082216040396,-0.5945400730789472,-0.06574337770568879,0.251489055349637,-0.8141763691987569,-0.11246594028454314,0.2881924570035205,-1.0,-0.16285133050209316,0.285802707472652,-0.5259408823435422,-0.18987406472505394,0.5571112316104269,-0.6664263197472939,-0.26316060187270973,0.7163203682182223,-0.7480426726685304,-0.29497379487580305,0.8453177959331278,-0.796994160075498,-0.30942995418192115,0.3357271448282669,-0.3485211686644788,-0.2145046097105138,0.6688159175865582,-0.456857492007875,-0.2708651954180904,0.8573793010131786,-0.5058107997140917,-0.2746922228977324,0.9929525597654807,-0.5249138290561021,-0.27770342764863254,0.3659521014545809,-0.15040182094646662,-0.22455604934473883,0.6314866363741904,-0.2437146078205719,-0.26335560142977027,0.5517044372019008,-0.25242878483698816,-0.2049851651728071,0.44991633702395634,-0.23588813007130313,-0.15691098615810678,0.3762963564485719,0.03979578669490692,-0.2336521352563912,0.5685936792737896,-0.08016961952914117,-0.2432882685605458,0.501326138566842,-0.09679380580481295,-0.17533489218859638,0.4179877825559509,-0.07812279415125715,-0.11931905093325329,3,Show_Desktop
0.0,0.0,0.0,0.038895139910505305,-0.2963709470911441,-0.015973772163676084,0.1562866820007399,-0.5774911640156306,-0.06811119477346923,0.252395487141172,-0.79382041296103,-0.11731948075139617,0.2906969127750577,-0.9792265136838193,-0.16945483510500584,0.29888967603728106,-0.5143756017312315,-0.17432046358673456,0.5650607736396954,-0.6527379746070142,-0.245803402482384,0.722220404199503,-0.7299734627630107,-0.27751256684542913,0.8500561278766948,-0.7769768497656002,-0.29134338333203885,0.34771901152114554,-0.3430562297268216,-0.198864860235566,0.6759934733976556,-0.44751254308735733,-0.2547579143458227,0.8637861973065448,-0.49470880975231507,-0.26013740271781066,1.0,-0.5129893054215311,-0.2617040509667107,0.37531645632785804,-0.14816372730912858,-0.21041174409705884,0.6321949773862778,-0.2377836445925383,-0.25214198392495474,0.5565763796897085,-0.2530679921295433,-0.19977116352927513,0.45744033034949405,-0.24279074179721719,-0.15254743830127188,0.38420110709354355,0.0432724892197235,-0.22095026442955357,0.5737451909432493,-0.07553886149627659,-0.23323384144592474,0.5099799729768869,-0.09752546213772753,-0.16826811566817243,0.4265143456612608,-0.08576358468743488,-0.11186565334287048,3,Show_Desktop
0.0,0.0,0.0,0.03716148245743457,-0.2876201026368104,-0.015555003289868656,0.15620692362003316,-0.5607462024622016,-0.06580311093879351,0.2588088826422679,-0.7671176972308642,-0.11389282156446731,0.3046528702048273,-0.943061175083517,-0.16414467924280146,0.30935253143167113,-0.4913969824628217,-0.1683011616793472,0.5732126676137744,-0.6241370431636184,-0.2356119735717428,0.7260370269142926,-0.6950067514959164,-0.2643112733115557,0.8507780876412554,-0.7373363551069169,-0.27686330028851486,0.3544235216356804,-0.32287828111597466,-0.19306988089165728,0.679522727177778,-0.42148046529801464,-0.2446531347190991,0.8652684623894072,-0.46867189356977457,-0.24864087098572527,1.0,-0.4856013163053299,-0.2504764786016677,0.37663441501657585,-0.13192143769812797,-0.20558870559265538,0.6321083379270478,-0.22060515655532764,-0.24347794455911032,0.5564051697922615,-0.24067560254984685,-0.19133540553928988,0.45785102996318505,-0.23016279449704158,-0.1456617033250059,0.3803404266734332,0.057523712691690924,-0.21761829145912814,0.5678468719827982,-0.054225253475189875,-0.23043344922161138,0.5034864588585322,-0.07866234846514233,-0.16878007977329026,0.4199123723773775,-0.06504435802080133,-0.11519638194786344,3,Show_Desktop
0.0,0.0,0.0,0.03429185063769193,-0.2881163125581513,-0.016819832167575426,0.14969659823888642,-0.5647328000412332,-0.06613520361379738,0.25307078953017764,-0.787510821884604,-0.11459146830888949,0.2979844369082608,-0.9700420087265538,-0.16335336539225026,0.31231430180883807,-0.5196678103847789,-0.15347697495786025,0.5691169852715396,-0.6619951944875915,-0.22174079092759472,0.7219027893901404,-0.7380497341116743,-0.25349966414360964,0.8474979170683213,-0.7848916887683121,-0.26943415226512496,0.36189609872427575,-0.3626683698041886,-0.17918630527617985,0.6774423179267299,-0.4585094839945512,-0.23204086376638444,0.8634833084661965,-0.5119288105372153,-0.24116947747354575,1.0,-0.5377058650056051,-0.248634268209113,0.3863410980228742,-0.1777033073818807,-0.194681444940183,0.6355258554607089,-0.24182551122692272,-0.2307269362409802,0.5594862677243688,-0.25122380593373567,-0.18128537405316164,0.4603255913350042,-0.2410655177133677,-0.13987141049735474,0.39366509181553117,0.009773672181198402,-0.21119300907053135,0.5742283427984051,-0.07437676763526535,-0.2241324243860782,0.5101003040703415,-0.0926662084662694,-0.16920016129995508,0.4262798998247833,-0.08586856974618015,-0.12181390626645676,3,Show_Desktop
0.0,0.0,0.0,0.026213912034815986,-0.29189614773034306,-0.016020786488128182,0.13540221285983772,-0.5698665239154768,-0.062885279854054,0.2364892191993772,-0.7904132171744431,-0.11038210258623751,0.27188194099204893,-0.9763921714146455,-0.1579282754594692,0.3112068989022172,-0.5311102510147068,-0.14183806020440293,0.5717138413387001,-0.6690745326623196,-0.20703760177677022,0.7253538343846432,-0.7498490972255313,-0.23476138549521455,0.8483703993480117,-0.8016168312066289,-0.24583414030277764,0.3622102838763907,-0.37080262098870953,-0.16868424480189403,0.6769666601272218,-0.4797050212679105,-0.22611773040345176,0.8642330756809387,-0.5407514094754089,-0.2385644340363752,1.0,-0.5666276160971095,-0.2441306170914056,0.3877674815784359,-0.18296024956702686,-0.18540788492088164,0.6195690743898419,-0.24116788685089896,-0.22856184249464287,0.5443006271505025,-0.24130914924592758,-0.18359198799361137,0.4494894104489249,-0.22183519326656176,-0.14009608908243543,0.3983567080616553,0.003708916890061632,-0.20240921341061135,0.5705408960476263,-0.08488987051250074,-0.21501483723794196,0.5062839044354704,-0.09788315444640916,-0.15696586047495675,0.424736681312686,-0.08703425444291656,-0.1051400732324831,3,Show_Desktop
0.0,0.0,0.0,0.02774083252705804,-0.2970101375326906,-0.01986290664283985,0.1415823269466309,-0.5803647129799675,-0.0695931279715507,0.2419401137158918,-0.8064788977496464,-0.119641463838135,0.26886228895075714,-1.0,-0.16976741153079047,0.3091938798429635,-0.5423942777242831,-0.1421265443726789,0.5702014527119902,-0.6848524985958235,-0.2067645530235045,0.7254491702567236,-0.7620979596296732,-0.23611695449049674,0.8493773203600821,-0.8110199596857536,-0.24897684065897538,0.36396023152507007,-0.38583965706584783,-0.16877252756071887,0.6755625305876323,-0.4956518948938853,-0.2188518891872568,0.8633342419889672,-0.5569896190670833,-0.22911103165530616,0.9977484033725674,-0.5850511790890877,-0.23534534397595389,0.3918145255589027,-0.19895019921527998,-0.18643973079672777,0.6158319127759969,-0.26303354731547185,-0.22258704921712388,0.5440295687913502,-0.2561611043548116,-0.17841153423919323,0.4492853081368811,-0.23212807823958617,-0.13861808151737454,0.4043768101446439,-0.010310109810503384,-0.2052709804371921,0.5650487103979593,-0.0978142255001918,-0.2141687112937788,0.5030711211413331,-0.10517057817382187,-0.1570066777109072,0.42242586193888226,-0.08938858846080577,-0.10759710935027711,3,Show_Desktop
0.0,0.0,0.0,0.027307127797405902,-0.2956617798218648,-0.02304582592858741,0.1432354291068859,-0.577715712803645,-0.07443692150801677,0.24082401860714167,-0.7986608786280819,-0.12376048738928627,0.26220735106398235,-0.9908945364230495,-0.17461156422023955,0.30417217462601653,-0.5231483694846701,-0.15705759568074718,0.5637835138908145,-0.6653254337443287,-0.22471712431098043,0.7188592129733657,-0.7427740154995769,-0.2548900094936335,0.8420523433428792,-0.7900200557449311,-0.2668016750228518,0.35815072406259113,-0.36193747101598245,-0.17990693675749445,0.677737166952722,-0.4700194700884939,-0.2318784176794372,0.8661452332346881,-0.5358565165633202,-0.23983458652418804,1.0,-0.5668885388230457,-0.24275375517889936,0.38617871724507213,-0.17413269062519424,-0.19300560238711098,0.6122788549340957,-0.24697460641496985,-0.23215398994944156,0.5410256816323799,-0.2511067711445878,-0.1892297057650339,0.4468379333260027,-0.22988329899075857,-0.14797484123095347,0.3971044966462205,0.01101990275712708,-0.20650180846885427,0.5627566728977325,-0.09039696749487251,-0.21646390663682533,0.5049443148297772,-0.10667104514574478,-0.15851125994781606,0.4275722269765307,-0.09197853867961964,-0.10745438165200458,3,Show_Desktop
0.0,0.0,0.0,0.020085892665069795,-0.2938326332197795,-0.032852838752091114,0.12874769880197243,-0.5760127300183596,-0.09069850187168224,0.22605052928334965,-0.8025857693726696,-0.14520446259103567,0.2508774049041035,-1.0,-0.20012918828885504,0.2927259668777308,-0.5169578552241331,-0.16529578831519903,0.5496493813842833,-0.6614665365697745,-0.2341388896840256,0.7019936849320456,-0.7388738753079969,-0.2636507594647774,0.8251918211255129,-0.7868948606109185,-0.27516018306188156,0.34639187131644444,-0.3540807911688931,-0.18644425858425115,0.6660113441493543,-0.4721399752666081,-0.2428180503967618,0.8540392775252624,-0.5413017055552747,-0.25232957136926726,0.9910745666194097,-0.5746071966554361,-0.25566582080196615,0.37669308557491404,-0.16656459928721387,-0.19870625353019913,0.6117598788425871,-0.25084166571466204,-0.24581981066889153,0.539374754585697,-0.2580494330734517,-0.20466078875530608,0.44553129036265443,-0.2359192275590664,-0.1624803127155454,0.39212508029612647,0.018103694214870875,-0.211714967337637,0.5706602791839354,-0.09647864419561229,-0.22770673296596317,0.5101177801375006,-0.11252413565784768,-0.17038407737875735,0.4278686395947769,-0.0942487684805944,-0.11868691066932852,3,Show_Desktop
0.0,0.0,0.0,0.019071878476489477,-0.29442110828674417,-0.028784979459814383,0.12667060554835252,-0.5751758417831034,-0.08757908139881256,0.21771026114077607,-0.8012496295230768,-0.141556291959392,0.2299869251010706,-1.0,-0.1964082162350352,0.27940669629194836,-0.5144279240967201,-0.1764330538768422,0.53436481188461,-0.6711699926725215,-0.24563562904946593,0.6833259801105783,-0.7570514509984132,-0.27456466755364345,0.8044486836765856,-0.8090968215091259,-0.28727343391456406,0.33703102287672876,-0.3475850697075863,-0.19783394900701354,0.6598590626941886,-0.4637402449121974,-0.25646387305160145,0.844406450111843,-0.5279137668098373,-0.2654122181903167,0.9773845761245201,-0.5530656502807257,-0.26915405522809743,0.3684297667467637,-0.15968657571840342,-0.20774814880421263,0.6115368042475562,-0.25449101700058663,-0.2510583090272357,0.5339562816313278,-0.26656800154208504,-0.1997997695542671,0.437661887554582,-0.24820747093867992,-0.1535200115283934,0.3805719166102705,0.02237053098635197,-0.21807051682512732,0.5558968823944539,-0.09521184522125799,-0.2310988145041799,0.492648386265274,-0.11357012319624803,-0.1668278563712098,0.4119127357496313,-0.09659045381130246,-0.11136098465099657,3,Show_Desktop
0.0,0.0,0.0,0.02537299541975833,-0.2951697312564978,-0.029031299140944343,0.13252130562555953,-0.578107047623716,-0.0860294314313997,0.21932514880237727,-0.8063848482730777,-0.13938533242147247,0.2301035712901748,-1.0,-0.19479141651853824,0.289760978884652,-0.5068110767062137,-0.17132726223371536,0.5398417102395179,-0.6571045413912554,-0.2382868415761597,0.6847764345920359,-0.738082313192613,-0.2675846849642866,0.8053278057333669,-0.7882208730379797,-0.2814824221016703,0.3468162700093698,-0.33734610947734767,-0.19304884057393168,0.6623705441674205,-0.4478594681567384,-0.24890222812782298,0.8492855730502011,-0.5109537958309831,-0.2591783359855755,0.9892906338711339,-0.5383670174906343,-0.2646671366008229,0.37644277281319044,-0.14851687806965452,-0.20385696806025042,0.6124475991405878,-0.2580011810790213,-0.2502930223686882,0.5308986633537278,-0.271552456501946,-0.20505386214700574,0.4337461369011679,-0.24902551044572652,-0.16199052579086967,0.38641901543848467,0.03456328725491203,-0.21480353946999045,0.5603711555728813,-0.08919564411697783,-0.23265253821902704,0.49498389181766606,-0.10983736813464698,-0.17316479067185261,0.4138040846256698,-0.08795859135626358,-0.12066303776643465,3,Show_Desktop
0.0,0.0,0.0,0.028422124693446904,-0.2991155822527815,-0.029126971157211565,0.13953601029179394,-0.5807136069954367,-0.08749579521105037,0.23262810306975926,-0.806094638425494,-0.14139486050294753,0.25103094396712167,-1.0,-0.196825265875509,0.28601079120163486,-0.5040625151903176,-0.17734703372550556,0.5357883883048038,-0.6529249643256432,-0.2450747711289451,0.6778891900872233,-0.7375419419235454,-0.2739994456316516,0.7965432996466191,-0.7941151793972349,-0.28867073298485063,0.34019169931128346,-0.3308106585589491,-0.19985101067550953,0.6623016768778895,-0.4344424179589673,-0.2561332391192419,0.8457391200702633,-0.4884184024413712,-0.265073698234731,0.9833076304835798,-0.5120686865377662,-0.27085448805134177,0.3684270455240085,-0.14303236361675054,-0.21105867671691775,0.6254485513514305,-0.2510326086594632,-0.25860516158586316,0.5430466133831942,-0.2677700913383394,-0.2106830180813928,0.443506834227939,-0.24939455139537842,-0.16664907567042556,0.37921691540499636,0.03616111292007679,-0.22231746962186583,0.5631426128611466,-0.08623605736929335,-0.2423305882298634,0.4986331211183536,-0.10976215541700876,-0.1835416868668799,0.4169599854572477,-0.09210176730397748,-0.13186141716674427,3,Show_Desktop
0.0,0.0,0.0,0.026582907606153623,-0.296474030025123,-0.03157167836940669,0.13660340711856672,-0.5801257698253369,-0.09081108298677718,0.23022698869161828,-0.806197501966836,-0.14443979448541536,0.25233496580161774,-1.0,-0.1990962997829174,0.2797397719479719,-0.5061104833537364,-0.18152771373779558,0.5348712117796147,-0.6491723136788818,-0.2503706547313691,0.6818421497164324,-0.7250844443965868,-0.2797358613517829,0.8031700214484393,-0.7732747870130272,-0.29403159609374546,0.3350492533426117,-0.33131882664182855,-0.20247840806960637,0.6589062170862022,-0.43267262897834224,-0.25854534846690386,0.8408240790530114,-0.48519707730523615,-0.2657174437580057,0.975938983329172,-0.5094640312970888,-0.2702110078802248,0.3643532592273043,-0.1424009465040794,-0.21255352135195787,0.6199164271355397,-0.23706683339065032,-0.2608470429407172,0.5410907207738936,-0.25599859747262416,-0.21441534868226317,0.44128363558785344,-0.2441672964804235,-0.17136028408793613,0.3759814831390501,0.03793049144316971,-0.2226920436439999,0.5595912615276107,-0.07412195661990903,-0.24460672317255147,0.49610300634838805,-0.09671583812788169,-0.18807663411475511,0.41300813856216717,-0.08330198285336253,-0.13777541292663137,3,Show_Desktop
0.0,0.0,0.0,0.01882825313965867,-0.3015120132594406,-0.025561539354442192,0.13268592371511037,-0.5739499475017271,-0.08277539568624122,0.22605243991380766,-0.7750771060611009,-0.13499459790149756,0.2363975756458415,-0.955304431126129,-0.1902865303270272,0.28778520289799087,-0.47771521680634427,-0.18376094858929706,0.5478957833433665,-0.6097091216018498,-0.24950291174451206,0.7029070265784009,-0.6713256638714562,-0.2783221051395944,0.8301546166565008,-0.7061252295607802,-0.2928281206806747,0.33705913843810303,-0.29733768351391754,-0.20511306469329355,0.6657147399864083,-0.3871452926382881,-0.25856170301260606,0.8555945186928834,-0.42869461258131514,-0.26631777778314475,1.0,-0.44288348732439853,-0.2707088400951876,0.3596721083714228,-0.10583180955984181,-0.21349925551709614,0.6110029681875222,-0.21115629331853578,-0.2558932273260293,0.5360419336275271,-0.23713037958083283,-0.2085061582980539,0.44076515341548805,-0.223697519757107,-0.16519601577763612,0.36276861947862493,0.07442204234446195,-0.22147396947072756,0.5482797593418823,-0.048289789802983506,-0.24142656683790562,0.48891600889776504,-0.07274886195714689,-0.18383625994392824,0.409100231164825,-0.05178470087755758,-0.1324778536631685,3,Show_Desktop
0.0,0.0,0.0,0.02403123330472686,-0.3036097058235725,-0.025226662233338637,0.13491854339497442,-0.5796471476472809,-0.07738068259797973,0.23244228742059744,-0.7848316463351712,-0.12424955453470325,0.26209048005318974,-0.9594679587910042,-0.17349518127117494,0.30158129136672324,-0.496814754147612,-0.17319523783100493,0.565144384314248,-0.6218619417655811,-0.24111311929309612,0.7250312189361788,-0.6900358038092327,-0.2742624005064808,0.8547780647133278,-0.7281555617383854,-0.2903690121938578,0.35941518703277725,-0.3195290773694062,-0.19014957344240624,0.6732099075057376,-0.4174922050626926,-0.24022782079957308,0.8604167401421964,-0.46209054536477173,-0.24677916435678143,1.0,-0.47625238223995214,-0.2501081160993598,0.38969967775265457,-0.1294429836420612,-0.19558741575673522,0.6201943737990833,-0.22704395861335674,-0.23182524086146233,0.5506785220250248,-0.2521360152881351,-0.18718432557189035,0.45786064075886834,-0.23789907009369599,-0.14626671131580887,0.39833370560935055,0.0479243326135997,-0.2010779155340227,0.5634041572128152,-0.07445324409158774,-0.21442799067499776,0.50774497394721,-0.10329418557110406,-0.15906345448846265,0.43414796469517125,-0.08692612345717715,-0.10937152513861333,3,Show_Desktop
0.0,0.0,0.0,0.021773082875438374,-0.30216646595442864,-0.026121768072745254,0.13081500785423775,-0.5760286340854557,-0.07807038400536015,0.2320012429960464,-0.7776082587600243,-0.12551112750867288,0.26068695860939334,-0.9520430053398491,-0.174744798825926,0.3044410970892208,-0.4806306236535823,-0.1696427913485884,0.5686230946858369,-0.6122310552817006,-0.23314254078097937,0.7240861784777106,-0.6790740389368835,-0.2600942696490785,0.8515223151995311,-0.716706938189666,-0.27188609346503767,0.361576643032962,-0.30168307860304283,-0.18589410953105195,0.6759399270207721,-0.39674936527174887,-0.23422086485960694,0.8622794585545362,-0.438165787017855,-0.23879834220364834,1.0,-0.44867284679654235,-0.2401585145063921,0.38878202521875055,-0.11526626317698431,-0.1910132396661552,0.6185791445141021,-0.22351889212007625,-0.22645026394265533,0.5528174899740688,-0.2594502549884413,-0.18361076580714938,0.46437454581595655,-0.25358377832075496,-0.14354404915603633,0.39351167035176915,0.056109719248110014,-0.19621848729084523,0.5602677217289391,-0.06984914958676512,-0.20810586723459418,0.507811804202953,-0.10932008245336183,-0.15410761975575932,0.43310086854832774,-0.10082111312038475,-0.10546514399611835,3,Show_Desktop
0.0,0.0,0.0,0.02959465354961794,-0.305900456208632,-0.036089809110273936,0.1411120305066124,-0.5749735450948212,-0.09054414660686441,0.2387263137868831,-0.7711886408558477,-0.13806731804763867,0.2699815331391142,-0.9442102150697836,-0.18701764089298692,0.3271852515718225,-0.46147378844174686,-0.17049977112981657,0.5863465947857286,-0.5834519506338098,-0.2379684320952124,0.7429305999017444,-0.6452606944670473,-0.2719446864779402,0.8694896438119207,-0.6788537251944674,-0.2888632955267784,0.380246953197166,-0.2764295772334243,-0.18086413444333832,0.6787614290920676,-0.36625110499369284,-0.23532488988082415,0.8606139371698868,-0.4043715345984317,-0.24902129147889143,1.0,-0.41268521298777305,-0.2564968555509527,0.40263884336480416,-0.0877790944743821,-0.18117003719166871,0.6024706016284761,-0.19100586706763517,-0.22519852520883823,0.5315497569968927,-0.22532198580259788,-0.19150177597230578,0.43964377371868485,-0.21779740852715132,-0.15636690179832916,0.406738837940116,0.07811550918338578,-0.18193098341008804,0.5462408821306952,-0.049171512594062945,-0.20781123456550843,0.48741800889496045,-0.0804886192334992,-0.16356589272993147,0.4159248978668751,-0.06560847045951693,-0.1195818909756943,3,Show_Desktop
0.0,0.0,0.0,0.03329680969032104,-0.29869636246503073,-0.03324177829438386,0.14760970468619106,-0.5515271402427271,-0.08406889222542965,0.2500311855721105,-0.7288678721178998,-0.1302729558044193,0.2938410877058486,-0.8897534690742466,-0.17694800947218706,0.33876253011368257,-0.44049125887836016,-0.15520770796523864,0.5985476538262242,-0.5504321638682715,-0.2216363479737991,0.756680418612253,-0.6082360692840071,-0.2546681352698744,0.8831620630996626,-0.6399346825338076,-0.26935919655410434,0.3868012104839224,-0.2561374012120963,-0.16652266538648866,0.6818784341691262,-0.3298397186189226,-0.2165323948452376,0.8633097163395541,-0.3683755578406245,-0.2284444955068408,1.0,-0.38478114764371196,-0.23369129394690255,0.40553366172852356,-0.07387176756597892,-0.1695418758454919,0.6073133281491748,-0.1734800240103253,-0.2104937540524571,0.5479443540921993,-0.22083606649892665,-0.18016213891832983,0.462745224503138,-0.2284862428018496,-0.1458674642120642,0.4070562212467926,0.08565500328712787,-0.17321453580988685,0.5567097352487846,-0.04377970599811054,-0.19545710459221302,0.5087669202800031,-0.08889742328752365,-0.15308890302861022,0.4409787945438808,-0.0887012949891272,-0.10939842038149385,3,Show_Desktop
0.0,0.0,0.0,0.029548799644587863,-0.321535194454262,-0.027199272945962465,0.14555352412341216,-0.5617847865295816,-0.07492519599079751,0.2560056514662257,-0.7319986149717649,-0.11779175349967529,0.29964021122111073,-0.8924357397553184,-0.15879917930014542,0.368824897102246,-0.46234831164168466,-0.1364779128028907,0.6245528828375457,-0.571785631723977,-0.20325694261156252,0.7828651114228812,-0.6268825485437903,-0.23932950577908135,0.90427118772485,-0.6470231435462951,-0.25379987238824897,0.4311670957929552,-0.28425107238523184,-0.14420954916094375,0.7103744096374547,-0.3732742931326449,-0.17779495921152483,0.881727026317689,-0.4195318254433934,-0.18089091417428677,1.0,-0.4315786437600331,-0.17955548191762205,0.4511476921959858,-0.10377781805246261,-0.14453196786335942,0.5935117195745444,-0.2013611791164949,-0.15367165467650445,0.5489362532575499,-0.2602992102957018,-0.11487271178653369,0.4769838068502647,-0.2778129583367952,-0.08180664248145424,0.44094006854253903,0.059130603484582954,-0.14783557123271468,0.5226121070007494,-0.05314364243771283,-0.14526415876364357,0.48875611635901733,-0.10554368600325077,-0.09865150848513837,0.4404616512056361,-0.1258030961092215,-0.054288354211044845,3,Show_Desktop
0.0,0.0,0.0,0.035245068803869455,-0.326018724561402,-0.0264829407241692,0.1497752820745142,-0.5708044570869781,-0.07395708351075632,0.258793522219121,-0.748429604455164,-0.11538618127952634,0.3050533466470185,-0.9133289840453525,-0.15448290974114812,0.36982507548333515,-0.47173514250139487,-0.1353113921903006,0.6295945010068686,-0.5678761815966299,-0.2002049940568182,0.7885403331418854,-0.6218308240090877,-0.23793036593083813,0.9094652440140025,-0.6406563409253577,-0.254168402914491,0.43571014286195026,-0.28668170536203863,-0.13973886236954047,0.7105342413108268,-0.3675733716115922,-0.16947832078986663,0.883414762297838,-0.41121075637172105,-0.17373163740474057,1.0,-0.42181221652214757,-0.1747958767841215,0.45954412788150933,-0.10807075709000397,-0.13641870380151386,0.6059618614386981,-0.20586384692542384,-0.13446637580128987,0.5873605958467976,-0.2928530000048074,-0.09688184146496209,0.5312870187893199,-0.34073560655741414,-0.06909912077889444,0.4537266017214471,0.044368393175633465,-0.13658259744360704,0.5249525551501311,-0.07879224401485092,-0.12574798696646075,0.5112856670600255,-0.15892122953070392,-0.08211714169167368,0.4787449052106902,-0.20856532599440475,-0.04242045521708266,3,Show_Desktop
0.0,0.0,0.0,0.03804537976148348,-0.32208914088106416,-0.026323912691526202,0.1495352769814417,-0.5632630653553131,-0.07212657673493258,0.2533012942555377,-0.7515144371815033,-0.11462040115691464,0.28739333141278145,-0.9194006161595847,-0.15424070618709182,0.38311005248713853,-0.46710177561412125,-0.12279375783344058,0.6376613742778977,-0.5602497823644702,-0.17662532145067325,0.7904359376265011,-0.6197127010750608,-0.20218034926768377,0.9050182190190138,-0.6461015991026235,-0.21191499770226707,0.44726897806136595,-0.2811587851088378,-0.1287875765695782,0.7162564800746555,-0.35098152694174806,-0.15840151059318497,0.8849688587373048,-0.3867715932637262,-0.16169810240505406,1.0,-0.3867787452693059,-0.16109028921086252,0.4621540181540788,-0.09878292890648982,-0.12754762442221715,0.5698205962312364,-0.19446675075518027,-0.13599279307079992,0.5060221317382263,-0.23131445566228573,-0.10254630487718769,0.42334609155768677,-0.2263881542189824,-0.07327707517250544,0.450120053565661,0.06311959612338411,-0.1290281342772517,0.4908561608663425,-0.03961066770265852,-0.12690652758205903,0.439200657526785,-0.06709983026860358,-0.0864192474955026,0.3813698264894838,-0.062120890064233596,-0.04703417639884554,3,Show_Desktop
0.0,0.0,0.0,0.043101973589158266,-0.3190100268731759,-0.026521911289028692,0.15459444621030427,-0.5607885687866616,-0.07147959461537885,0.2529837894067674,-0.7534022018666744,-0.11555898516497864,0.29725749125899387,-0.9260889415436183,-0.15604676581629195,0.4019253330251105,-0.4670390383448435,-0.11220131005589666,0.6547718669633311,-0.5677796399572341,-0.16451625898241443,0.8035599734157829,-0.6337495304418181,-0.1882763183634645,0.9149747160978993,-0.6664969514838038,-0.19756197588939856,0.4604374837460629,-0.2823680180310342,-0.12284256399296142,0.7248969861588695,-0.34994885427803624,-0.15600233838831495,0.8900150258618199,-0.38204120553645216,-0.1647482568441187,1.0,-0.37394457768659517,-0.16822199409380806,0.4683818302655532,-0.09484555147802468,-0.1274693103881994,0.5550530239546912,-0.15208743895743634,-0.14086408059364913,0.4821524547056954,-0.17259687346490593,-0.11027968834641592,0.40089895107926143,-0.15916519779235414,-0.08304802278742497,0.452035137399948,0.07402433033779293,-0.13529272761592787,0.47897332909526974,0.008847343023087815,-0.13524490492109734,0.41362325541075506,-0.0041696766550119915,-0.09572130781646533,0.3526844280058948,0.007812581269685323,-0.05796037794678579,3,Show_Desktop
0.0,0.0,0.0,0.03343943954590536,-0.33531063481253714,-0.024530736125661264,0.15149498813346762,-0.575503240021312,-0.06709725342562774,0.25964907402058646,-0.7583769892048026,-0.10770016583260085,0.30711663689701035,-0.9222746071974959,-0.14527238490210473,0.4090233235378478,-0.46595644738224595,-0.11273386507875316,0.6561292929547758,-0.5636268170874053,-0.16522733300313705,0.8060760487263886,-0.6231322055122577,-0.19451552883869158,0.9201785233323534,-0.6487152366218232,-0.20906380291294507,0.46662857603188374,-0.2796834960666355,-0.11955141440223109,0.7254300713138675,-0.34977551992498074,-0.14355284143929048,0.8891209907540383,-0.38482310861148883,-0.14795771910943945,1.0,-0.3731946666039786,-0.15160156947631503,0.47377730710774973,-0.09551164557132584,-0.1201313385831379,0.5842194112302105,-0.18790561186570098,-0.1149214098282014,0.5240770128418284,-0.24336532765089103,-0.07531220841708959,0.4471063134367103,-0.24334583319656158,-0.047396991949091964,0.45581488754208327,0.07081876564842067,-0.12533994142849686,0.49560966254096167,-0.031183959848304476,-0.11305124124560734,0.44187405923131934,-0.06556128332566218,-0.07026555467601063,0.3853662298427701,-0.05819581978695715,-0.03259042083439763,3,Show_Desktop
0.0,0.0,0.0,0.03795249665481787,-0.33093979319464223,-0.02366584993150057,0.1736065446664309,-0.5810717500582918,-0.05062149568005517,0.2973005375791055,-0.7691480279502297,-0.07906304132235475,0.35117496136277704,-0.9434411282420897,-0.1028115917668851,0.46118315246811753,-0.4839475583512477,-0.049209164112385115,0.6881982087075629,-0.5865703865861187,-0.08225707637961018,0.8286976874234239,-0.6340816118902034,-0.1009810728566328,0.9405762817616407,-0.654656891750624,-0.1090508981951368,0.5220942437256991,-0.2938216044519312,-0.054348533919331976,0.7549467817370856,-0.3648330420268011,-0.06445475514897153,0.9028397848782993,-0.3889808314626252,-0.06882277446906054,1.0,-0.3789201671880446,-0.07093652923600663,0.5213425363776684,-0.11013736881883586,-0.05886740128829575,0.5809221684575886,-0.1813064088328287,-0.0610623010833985,0.5038759646289469,-0.19970227210652125,-0.04623126954306966,0.420223122838859,-0.18622726356151398,-0.030567926505459947,0.4960566321850354,0.05582925689464938,-0.06725925185613593,0.4948293031903659,-0.018731894188536703,-0.06543157365949058,0.42537925549452055,-0.028952412365656235,-0.04343400214421771,0.3591538662763004,-0.016318325406540417,-0.018824680297663102,3,Show_Desktop
0.0,0.0,0.0,0.03125949000996971,-0.33878243190356117,-0.010629302268519386,0.15837352445415728,-0.5986918656055294,-0.03810658145836518,0.2905209359667103,-0.795325895162773,-0.07040531889793966,0.3461941022885337,-0.9765073022110207,-0.09946671617522201,0.4455589456944181,-0.5026742281799553,-0.050839946192457845,0.6922490786561254,-0.6063075483703707,-0.08041369896949599,0.838234842800862,-0.6555791686407836,-0.09251610134679554,0.9510291372351529,-0.6795053196666473,-0.09516504719027713,0.5108461223472179,-0.3119200224705899,-0.061313350453218396,0.7581070807786726,-0.37747872849430386,-0.06486784784475352,0.907033779832061,-0.40041170750470356,-0.061911956351572886,1.0,-0.3928918930215198,-0.05968854018034746,0.514722065283377,-0.12226157952931596,-0.06892540253570838,0.5655205633079935,-0.18854748154316367,-0.057420267956223785,0.48615682472559896,-0.1952363401582002,-0.03547380014341479,0.40300950411254466,-0.17493506239183765,-0.018573819815776164,0.49356440317172023,0.05273778475875536,-0.07965912900450252,0.4868065661589058,-0.014996955889776028,-0.0611058672323598,0.4137634116949366,-0.023416704638884935,-0.030571241812095758,0.34502468462112007,-0.010293272180281473,-0.0027330782197234537,3,Show_Desktop
0.0,0.0,0.0,0.026570502244904617,-0.3363436677177433,-0.02192066470281217,0.15792361983760705,-0.6006722733711559,-0.049479672655025564,0.29282285821838894,-0.7954006085910001,-0.07867391528947808,0.35058761854202014,-0.9764554207525432,-0.10337879072924296,0.44618334460621,-0.5053375122363395,-0.06054681208968431,0.6948401979522913,-0.6163119824183539,-0.0951322971568034,0.8424502181972808,-0.6730242226839146,-0.1091920714048188,0.9553672027706162,-0.7021469272967296,-0.11207450338433883,0.5133751743254389,-0.31459553178388294,-0.06395688434001896,0.7566170053870205,-0.3954681015118934,-0.07506889065369592,0.9063643976863034,-0.4193567849582586,-0.0758499947359784,1.0,-0.40922447516171023,-0.07418107042677767,0.51888199622005,-0.12573630937276906,-0.06520505592561474,0.5623303475365805,-0.19674013233577756,-0.06365060598281629,0.48625300838580776,-0.20653699827399413,-0.04675452960063314,0.40356378788285563,-0.18662456586434384,-0.029659114280288588,0.4989034565439987,0.04412645598367468,-0.06988286220794125,0.48917038844802946,-0.033346641390019305,-0.06154452391944972,0.4197239833987045,-0.04257394559631785,-0.03641803648791332,0.35295651036772674,-0.03002742152504556,-0.009695956857597283,3,Show_Desktop
0.0,0.0,0.0,0.01933722590184886,-0.34438169739871866,-0.03620793150031152,0.14102929994445962,-0.6102055516570514,-0.06971906115109232,0.2789238928433625,-0.805147051351768,-0.10086716393766311,0.35070830675592224,-0.9829020994146631,-0.1263388452404145,0.44083120689850397,-0.5103434880576575,-0.08163799571651427,0.6916182224698426,-0.6357750292436202,-0.11762575796189009,0.8391027485373835,-0.69457611775373,-0.13018002814013319,0.9524103449687473,-0.7253770750340921,-0.13167495307642724,0.5086430176338521,-0.31729872274551213,-0.07761269740836185,0.7577858870535757,-0.41778645029629763,-0.09236290651948065,0.9058374301499184,-0.4538154032948538,-0.09395674370052631,1.0,-0.4462000132971735,-0.09235371571926661,0.5125108112117819,-0.12778728935375447,-0.07141589336079514,0.562152818202379,-0.2067501446575702,-0.07384038653670309,0.48399882590022303,-0.2235077769593661,-0.05885984943976641,0.4033549523696986,-0.20487460445989522,-0.04287666680773317,0.49191703144375076,0.041273787932147254,-0.06927878280757174,0.48450690567513494,-0.028565696602049565,-0.0636758287519193,0.41048316644606325,-0.040895195917012864,-0.04142503299011755,0.34519694768897735,-0.030559691970104004,-0.017029930768458896,3,Show_Desktop
0.0,0.0,0.0,0.0191249025089166,-0.3363981316764961,-0.04022711278675334,0.1506357733124184,-0.6103856119226848,-0.07212375343388966,0.3018186651243358,-0.8096094806609823,-0.0980188776747737,0.3597039776362027,-0.9968136846809741,-0.11844632678223735,0.44620858272063657,-0.5076608274254467,-0.0888030126988288,0.7024849637347775,-0.6349764414805208,-0.12275949479698296,0.853026678234148,-0.6909306272437554,-0.1343685285325492,0.9683267170845273,-0.7209269174706943,-0.1354111262938326,0.5164424736883615,-0.3178051580450956,-0.07720091653099516,0.773010670709443,-0.40118332997409,-0.09164506947588312,0.9159561136767941,-0.4326614846687056,-0.09222495885453995,1.0,-0.4249772885940544,-0.08931025844062275,0.526416213168818,-0.1339517262129059,-0.0624700275218551,0.5836045557181624,-0.19752438372490427,-0.0635354781789523,0.5066714572397536,-0.22464691431592662,-0.04728152376534474,0.4197584850104721,-0.21708277467656328,-0.02936020253843223,0.5120053514206678,0.02959405735250731,-0.05160659518577887,0.517527947443908,-0.03604614139785418,-0.04262511958703026,0.4456196927606846,-0.05281577617507792,-0.01816950527818727,0.3762781920844543,-0.04929178387504783,0.008442902420212561,3,Show_Desktop
0.0,0.0,0.0,0.036279066138405064,-0.3247465743156294,-0.02033508897643747,0.16538363150687757,-0.5856737369678534,-0.04687439198892749,0.3029641428223504,-0.7826301765633978,-0.0727039896190511,0.3768057746892543,-0.9528844744478806,-0.09304887144150906,0.4444779143884038,-0.48168686288289725,-0.06213980102012773,0.6875076979323006,-0.5884915285125839,-0.08028926128709342,0.8235664569113639,-0.6287314420616693,-0.08157144595888702,0.9300255863943471,-0.6470821980334535,-0.07718699456997104,0.5084603410887621,-0.2886706499925041,-0.059442973250948106,0.7578190092809894,-0.36410286276697545,-0.06201885030667918,0.9083331614941206,-0.38115953013771847,-0.05992620137224021,1.0,-0.3595141984703895,-0.05717345038899481,0.5080877750983246,-0.10166258618200949,-0.051809463239038255,0.5610498279843037,-0.17693930769046426,-0.03802125171323423,0.48013055693181733,-0.1967075978382813,-0.018277313678175682,0.3980542971042399,-0.1834574012449333,-0.0021175216834035202,0.48919642225185905,0.06093725007844228,-0.04667827758469589,0.49143822733268944,-0.007924481403188853,-0.025048570368758655,0.41724102762450027,-0.018301154815241263,0.0035072248954838453,0.35219747056394285,-0.0027475696826584884,0.029760557396993476,3,Show_Desktop
0.0,0.0,0.0,0.032923066245217486,-0.34705964007160395,-0.04057998430592014,0.16113519438042054,-0.6235434120610427,-0.07027894805859156,0.2997750086034628,-0.8187095673398093,-0.09657191205273831,0.3715226827765905,-1.0,-0.11713947490139545,0.4565940119899014,-0.4975152621091931,-0.07302887051897948,0.7012067983261565,-0.6115216995237007,-0.10010351604185312,0.8435543435196404,-0.6585420094797146,-0.10790253698224775,0.9552851288784265,-0.6879068570321379,-0.10918380225520165,0.521826479000321,-0.29495128560315337,-0.06714556148982603,0.762407350104543,-0.367609914659433,-0.08117322288789597,0.9001792990563664,-0.3943772394307544,-0.08612747993912055,0.9837132834573485,-0.38715322261134616,-0.08776078228070838,0.5186829616733808,-0.10228230347232867,-0.059605683716835986,0.5570428380148702,-0.16539412535317577,-0.0669182430012014,0.4737060825758912,-0.18121321838914256,-0.0576394174244802,0.39302873701166313,-0.16643666260833856,-0.04577640804887471,0.4889843865224948,0.06607141307899858,-0.05579219431861568,0.47675792603046346,0.019801267239459675,-0.05503507151900551,0.40126058804306647,0.005955620591629048,-0.036791627502243934,0.3381817340532287,0.015749686949631424,-0.016277693959294584,3,Show_Desktop
0.0,0.0,0.0,0.03370408108665689,-0.33643477263122173,-0.03215082027204088,0.1686706273754739,-0.6044982458369208,-0.06073411925104672,0.29697533126799625,-0.8156796798927788,-0.08872586791743355,0.3648673511636764,-1.0,-0.11167154530250732,0.46283552070788014,-0.5133607395383294,-0.05285411103032977,0.704938353206981,-0.6286862676256836,-0.07517680550264873,0.8441920906573683,-0.680363760286984,-0.08018586674713309,0.9532377692871382,-0.7097142664204744,-0.07859751113660106,0.5309936480440102,-0.3139650037240735,-0.04824218116194422,0.7667216335906564,-0.38529066801265527,-0.05441373222352692,0.9059135654419715,-0.4114496016829436,-0.0557069419556769,0.9901563137996165,-0.40181508165349433,-0.05479813944345099,0.5303106389468555,-0.11879551188341404,-0.042450669259645135,0.5691794934745019,-0.17438192254900026,-0.04179982375332709,0.4825503622637903,-0.1820220674602391,-0.034333270132248635,0.3980166125438469,-0.15950279684642654,-0.02460846269174153,0.5072236724600832,0.054015804492866464,-0.039819840433685416,0.49052929342179546,0.006621210937645304,-0.03286014950531667,0.4037882826312818,0.003283422450712181,-0.015397285755402154,0.33209722135188874,0.02367068603356559,0.004029695518663758,3,Show_Desktop
0.0,0.0,0.0,0.030721264224844648,-0.3406045204873137,-0.02753580826867345,0.1720688170583385,-0.6105214599625033,-0.04354877042423801,0.311226040758643,-0.8167914496636999,-0.05544641283661406,0.37526038199040984,-1.0,-0.06196982111643781,0.45971689650838643,-0.5073798504099534,-0.03991508366690008,0.7157774733736677,-0.6209353016002115,-0.04381605920601986,0.8582630425385731,-0.6699907940604578,-0.034435910792958754,0.9669368436885534,-0.7046388904786542,-0.022283907925916852,0.5257370863043171,-0.3045267856603615,-0.021297337712149814,0.7731257889110561,-0.3720663437350001,-0.008582275754501451,0.9156378168837679,-0.40442604087368134,0.002339727890666667,0.9998098992178259,-0.40691058044584816,0.011366826697848968,0.5259602605962492,-0.11586254419267994,-0.0002514247938955156,0.5754876976609551,-0.19772580794989392,0.019577525464178295,0.49683572790337244,-0.2223555068687928,0.02626753930256617,0.41512604026973027,-0.20963313424997765,0.034146790722498224,0.508052824434594,0.03950328765066781,0.019030307169235636,0.501325960145558,-0.026449604742798817,0.04315681016253207,0.4214088567407983,-0.045645182210593126,0.059676942906658426,0.3525282397444079,-0.03201745821162042,0.07640440521508013,3,Show_Desktop
0.0,0.0,0.0,0.013804737703427326,-0.33085675860038183,-0.03444855170833249,0.14353814389731565,-0.6087165852686562,-0.06012013651590908,0.2788817558139502,-0.8139547346675708,-0.08054888496484298,0.33351691000552725,-1.0,-0.09775511810550633,0.4283778749061806,-0.5065932245955114,-0.07683931423494612,0.6775378833552684,-0.6252624305494388,-0.10032507571183755,0.8240833780160094,-0.6862127362872644,-0.10532596330789817,0.9345888381392509,-0.7273604211545319,-0.10303919195976982,0.49920169802720643,-0.31159859649362853,-0.0633904211324405,0.7510557796578233,-0.39199548697845626,-0.06447577099423064,0.8972423876255641,-0.41992052042276223,-0.05615637516387259,0.9865316294909653,-0.4126059592294455,-0.04942807366284824,0.5091647232909482,-0.12185899316176896,-0.04648071847818978,0.5816239181019996,-0.2068481510208887,-0.03412789382398523,0.5115073212600315,-0.2430729024583596,-0.016790329604218866,0.43068854649749105,-0.23286643856409975,-0.002705511204377471,0.4956530241263646,0.041979481031028165,-0.0326801809106776,0.49618864612489316,-0.037997235517753206,-0.013960151753271722,0.42419722975960295,-0.06577603474958175,0.011017755888135765,0.3579713751517572,-0.05254682701689903,0.03410334084173277,3,Show_Desktop
0.0,0.0,0.0,0.004095575661007735,-0.33520269013951803,-0.03454395383066518,0.1342229314994404,-0.6133649839954042,-0.0518759865213411,0.26239421638902855,-0.8194044572736907,-0.0642350751709879,0.3171127859169562,-1.0,-0.07265645671071423,0.42739344235413335,-0.5168715983111865,-0.050121249761298316,0.6619054487887674,-0.6458669454859869,-0.060590167257516384,0.7997136765712561,-0.7095634860085897,-0.059537637872678184,0.9037659229539284,-0.7521117812002072,-0.05327423470110842,0.49677809711928395,-0.3267939196710199,-0.03390707519169368,0.730962424149444,-0.42183901241485267,-0.018863665313674352,0.8693151166930562,-0.46458435993706554,-0.004113821382194782,0.9522285673628534,-0.46785615124280544,0.006121311161466623,0.5059447825462219,-0.139090318616109,-0.016968121209874742,0.5871881521799852,-0.21324980982643552,0.0012106873464469965,0.5163877222779472,-0.24697605272219875,0.014376896089874648,0.4343136200403054,-0.23903476042021896,0.026118236583169727,0.49378173438846656,0.025745484541675457,-0.0031165552726630076,0.5106228993707388,-0.051047948751941685,0.015233364355208251,0.43961040892110653,-0.07690655078099704,0.03603004567712089,0.37275158149086624,-0.06321683343852982,0.056476917422734946,3,Show_Desktop
0.0,0.0,0.0,0.02390267601688614,-0.3411413435857249,-0.02670135149303558,0.16260887382319214,-0.6104756672068823,-0.04362618419186208,0.2928084033627387,-0.8206307997025818,-0.05720854705418839,0.34717957382045467,-1.0,-0.06575062203945711,0.4441299868904843,-0.5105073833312549,-0.043744553669226256,0.6889093386151142,-0.6295529021912883,-0.05434780517339179,0.8297048741350996,-0.6864232037046203,-0.054264090642844355,0.9362854307406393,-0.7212423651103829,-0.048771758990622305,0.5116336237372655,-0.3206688203399073,-0.029025656745386152,0.750492816588169,-0.40854267035388503,-0.015187414993859729,0.893916062046362,-0.44831778727080124,-0.001637714235285799,0.9800274135707959,-0.44948826987297236,0.007367848520956014,0.5185735652324913,-0.13185142253868912,-0.012522778591781674,0.5975862563829737,-0.21477650639838936,0.012070417006838745,0.5294314297114552,-0.25267050043730643,0.03009310100909565,0.44767516937157004,-0.24585886131094606,0.043822785200004044,0.5031117472155759,0.03059181956262718,0.0008462403617782267,0.5247564121459207,-0.053332308389122285,0.028378677023133698,0.4609052451059144,-0.08628389608945994,0.053189895053653624,0.39782333925164876,-0.07813061236453248,0.07526934325392257,3,Show_Desktop
0.0,0.0,0.0,0.03298866006044452,-0.3369652968564249,-0.022381421657360144,0.16972264750813623,-0.6077451343956474,-0.043686958812170266,0.2924700736790314,-0.8219425277748013,-0.06355324638452108,0.34450879991203176,-1.0,-0.0790782573454902,0.4531995370445693,-0.5119761386083622,-0.05385973573407767,0.7025331830542155,-0.6314328896957633,-0.07397932916417235,0.8482830760392513,-0.6913752951677484,-0.08133679203432771,0.9581710343171603,-0.7251409708262901,-0.0812320211585554,0.5204141913904428,-0.31824651422948386,-0.044968605016491144,0.7644955485702072,-0.40497407797421653,-0.03750415786308919,0.9105890675868925,-0.440179336322085,-0.026736257033141156,0.9979444150531204,-0.43561037240085476,-0.020499985857362277,0.5278550274031241,-0.12632618609888238,-0.033442465296603864,0.6137023474847416,-0.2033023443430179,-0.010672201362708536,0.5439616911674365,-0.23672327192572518,0.012900454557252685,0.4592027539452476,-0.22814356106529118,0.02939642930263281,0.5126274852577419,0.03903535617329075,-0.025377286205728943,0.5409116945616201,-0.03884320610661327,-0.0021569428460074696,0.477192207851953,-0.06860795271256986,0.024704001074189103,0.41216301506737035,-0.06027509157283105,0.049000127854803094,3,Show_Desktop
0.0,0.0,0.0,0.022927989653204958,-0.3255513174562711,-0.022900247136853406,0.15420882807491576,-0.6018067715878396,-0.04110142624083819,0.27831804138438193,-0.8188015279543394,-0.057393182719547596,0.328739079494536,-1.0,-0.06918180908008986,0.44739115312086997,-0.5034685660415478,-0.05000165480858108,0.6960947956258935,-0.6243446857247752,-0.06392972400193345,0.8380260387999218,-0.6787397930473097,-0.06375029083846298,0.9442874783800506,-0.7132290165815673,-0.0584927622970516,0.5140557304303954,-0.3158251734143108,-0.04074571231309954,0.7592383397781607,-0.3981700029689392,-0.031403081025685245,0.9011606285644409,-0.4294683863941436,-0.01938068524496477,0.986340081490525,-0.4230875456498885,-0.011559202437529156,0.5185609067660752,-0.12653333396760247,-0.02900597000149077,0.5921472258047547,-0.18425527616311202,-0.006326677755948583,0.518446458497672,-0.2077571861060362,0.01272798719849457,0.43762275556172414,-0.1964254084110243,0.026226748589804953,0.4995339521001817,0.039099893750592876,-0.020385885225824765,0.5188989349035599,-0.013502936899269014,0.005431956543043181,0.4511570328181109,-0.032291201166756725,0.029974094278421154,0.38698961039179086,-0.018726423027103534,0.0514031093664246,3,Show_Desktop
0.0,0.0,0.0,0.023418589617782627,-0.3232096346586921,-0.017799186154478844,0.15437691061562156,-0.6048736013766967,-0.033829567186466306,0.2786119713616944,-0.8187073178033617,-0.04922064541193475,0.3258067413338301,-1.0,-0.06048894196470461,0.4472747705043637,-0.5159263706813295,-0.04900017443721447,0.6986225272184763,-0.6357034669114916,-0.05991651958407061,0.8404868112774694,-0.6910543549007672,-0.05621134074157797,0.9460270837560666,-0.7266476616892253,-0.04883871286408135,0.5181667182262613,-0.3236074197028615,-0.04671277183217982,0.7699438610263797,-0.39753888868560733,-0.03957815662614657,0.9119503497736368,-0.42531565005560673,-0.029264667620952912,0.9958225640309181,-0.41630020546221236,-0.021421768510189596,0.5278053131885008,-0.12720500427445672,-0.04115337933726093,0.598605507008224,-0.17749529033595787,-0.02538558559448898,0.518060827015897,-0.19287723605091206,-0.008213890338408275,0.4344239573596609,-0.17372977671923528,0.00622126828253612,0.5136178314145402,0.04695831656260499,-0.03772670200108462,0.5338189360095535,-0.0056593585099388045,-0.017377132930839936,0.46023008884882394,-0.023656429037920142,0.007773350030619822,0.39261522460579085,-0.007260477962985755,0.031069212199037573,3,Show_Desktop
0.0,0.0,0.0,0.013613985550440577,-0.3271961969372165,-0.03469834703672947,0.1359095836410844,-0.6090109516068588,-0.0598980516376116,0.26075354231622755,-0.8148376681173235,-0.08396377123438992,0.3068224467000281,-0.9961644644125175,-0.10353903666882266,0.4408540850480064,-0.5214436480875838,-0.06740182027838443,0.6822435521782348,-0.6466942154534218,-0.098089275058887,0.826148376122261,-0.7034679669202172,-0.10851366170155397,0.9354917408133683,-0.7374042827772016,-0.11065213871866143,0.515530076607313,-0.3311049500346386,-0.06756846347073493,0.7646003958775748,-0.41318094030844693,-0.08876467060810075,0.9089394946706316,-0.437876200368938,-0.09685292614224066,1.0,-0.4224189220873474,-0.09803547975101155,0.526384153271635,-0.13626980261174124,-0.06598540990793457,0.5800986983212231,-0.17364622361130558,-0.0816620219646787,0.49314899288197256,-0.18340203762653426,-0.07157517031341425,0.4079662886463396,-0.16291454873840922,-0.054881198161498536,0.5121676602729895,0.04182731901791286,-0.06773527695667367,0.5155102352210317,0.005143390345181436,-0.07204118090088975,0.4378365175963753,-0.0028336853083477183,-0.05143288836116716,0.3715984248733854,0.012889076310810007,-0.026621044873515347,3,Show_Desktop
0.0,0.0,0.0,0.009157085209496695,-0.32519873955614126,-0.03726184470352356,0.12595202090602145,-0.6028723251472067,-0.06697024034096855,0.2540881353259385,-0.8090590882338862,-0.09472039926925334,0.30205624688479443,-0.9958016180764996,-0.11803570665028416,0.43196672608437314,-0.5187185487436393,-0.07858377515242293,0.6804515745692217,-0.6450597415470568,-0.11277225881818566,0.8287511299220248,-0.7072816258486735,-0.1256503602957435,0.9410398943434907,-0.7488241770929254,-0.1293197292712527,0.5081678226367382,-0.32723724560914413,-0.07853423986365568,0.7608862531081656,-0.40700706535666115,-0.09953685910034936,0.9079025549613785,-0.42966126275298283,-0.10643553466277597,1.0,-0.41568740091182244,-0.10765038563978892,0.520125706465266,-0.12742253874118942,-0.07636385677432919,0.5727416343530087,-0.16224103313593138,-0.09073702813105226,0.48584732183840074,-0.17053642080126608,-0.07774153444312758,0.3998476541269962,-0.1507114636749429,-0.05973116256854118,0.5063492465778499,0.05599766834782168,-0.0777788465099908,0.5168061997167099,0.014947073185155148,-0.08015222836309108,0.4395344580457488,0.0013753368646036615,-0.05547257533715286,0.37087490460782907,0.015262465750338624,-0.0281823140330046,3,Show_Desktop
0.0,0.0,0.0,0.005860501944260177,-0.321841994626782,-0.03701915759573803,0.11905302535353161,-0.5957749778994857,-0.06833051211974743,0.24696715193535868,-0.803873364123141,-0.09770302189398368,0.29763409572329624,-0.9910778838001907,-0.12259486658831399,0.4297961459154934,-0.525359521664912,-0.0788764728311207,0.6794025436277942,-0.6561876006990811,-0.112290345114248,0.827047909011354,-0.7166085817139524,-0.12278635678287374,0.9394422228617805,-0.7535931270953001,-0.1237534545291367,0.5081468917329729,-0.3330511971332436,-0.07811974962205638,0.760862824135071,-0.41941329229263896,-0.0954663286602654,0.9097557924521416,-0.4474202786461809,-0.0992351785252663,1.0,-0.4352041898061535,-0.0983537263661582,0.5237318985435253,-0.1332539117144009,-0.07555766932635387,0.5780081982947569,-0.15224210517810938,-0.08588112738190425,0.4936849504483207,-0.16033174313644258,-0.07385104365766182,0.4070227953605219,-0.14258948096318957,-0.05722138182826581,0.5159108379027232,0.05072489408051692,-0.07656767257769961,0.5197269203905069,0.01896980539010159,-0.07574926399860457,0.44373124103059025,0.01242532282909985,-0.05292549860451332,0.3762230506761378,0.025854467312831003,-0.027094044679732247,3,Show_Desktop
0.0,0.0,0.0,-0.0008770434158280733,-0.3189371105396105,-0.0333475143696365,0.11142618699110372,-0.5978788623276079,-0.06254433351770049,0.24490729215296728,-0.8095315008391835,-0.09132824898406151,0.29080689628498574,-1.0,-0.11516866208240532,0.42071745419899514,-0.5344176894754246,-0.0697377365373991,0.6609148597847267,-0.6674191444958989,-0.10229405797762424,0.8047878399292264,-0.7270409372271156,-0.11382645540303878,0.9145871386213422,-0.7678022109120544,-0.11672562693747798,0.5015615186033983,-0.35404227131365307,-0.07144020854691258,0.7479205627459194,-0.4406663786768411,-0.09088229658028163,0.8946828834354825,-0.46724542452986934,-0.09776021846948761,0.9848797170363777,-0.4570673629265577,-0.09878416495513107,0.5207516098649407,-0.1613103464430442,-0.0712808358671963,0.5614524165814591,-0.17912331611749768,-0.08018374579919547,0.47904601645246286,-0.17820868512670554,-0.06659420746313749,0.39450093778275797,-0.15671975957025963,-0.04914949558551828,0.5171181442850816,0.021716629996083266,-0.0752888493747544,0.5164519181375302,-9.941641204262322e-05,-0.07237458663324742,0.4425005433855946,0.0004747474142199788,-0.04856657749728771,0.3754470333870273,0.015553901944367121,-0.022180187117228304,3,Show_Desktop
0.0,0.0,0.0,0.009780334797946245,-0.3188015393807989,-0.026291723564295183,0.12699143020988032,-0.5975933473511983,-0.04907669356468284,0.2512727695620732,-0.8144187955240859,-0.07171957519838346,0.2885315061095345,-1.0,-0.08943580499868904,0.4292645433121283,-0.5434949932695534,-0.06155383544410157,0.673428571046648,-0.6737157011227214,-0.0891359258392797,0.8199769280022671,-0.7323880854385751,-0.0975276715847953,0.9296124947031986,-0.7692463370195951,-0.09815197564859486,0.5083648690737649,-0.35970821809587844,-0.06250980782988783,0.7536517518543817,-0.44351196976846463,-0.07901317873430747,0.9047535533683646,-0.47516979840741724,-0.08620351135338022,0.9981879258327507,-0.4729278311653765,-0.08746843596836794,0.5272355175091867,-0.16510300189949645,-0.06035368803595847,0.5645926375464013,-0.20832971301696446,-0.06660662049221724,0.4816649801562105,-0.21325931401577078,-0.054295083022945376,0.3947709709889011,-0.1940552845702339,-0.03751764859968517,0.523641579322357,0.01666798111999444,-0.06129662310552869,0.5204729893208465,-0.029915264545985594,-0.05799901756049619,0.44413167881533444,-0.03452164369937962,-0.03521587094637201,0.37476169406744886,-0.01803225000100255,-0.00903297678247795,3,Show_Desktop
0.0,0.0,0.0,0.021178564319426847,-0.3162453664248456,-0.012391567638231162,0.13767552496759752,-0.594312729410781,-0.033872422035700074,0.2552314006840481,-0.8145057953709082,-0.05949940503626096,0.2963492279281158,-1.0,-0.08102298943089785,0.4314825152795896,-0.5465497959609766,-0.04732392375186824,0.6678845811500496,-0.6779507166675125,-0.07893475803468403,0.8110779292596351,-0.7384608628724708,-0.0916080725466588,0.9205627001571675,-0.7770054239486252,-0.09509674673082483,0.5109926533329793,-0.3708887497570964,-0.057035248272654604,0.7529259529906922,-0.4490646600835299,-0.07165433894413087,0.9020318179391835,-0.47985576456586715,-0.07772646053976626,0.996116960811202,-0.47816470849332976,-0.07993431127612902,0.531492533820464,-0.18005106037446203,-0.06372314199670928,0.579600462693557,-0.20635406890810262,-0.06185466604554612,0.5042094963671614,-0.2055197164095548,-0.044523038175963855,0.4207119264549696,-0.18287728812560988,-0.028112685479937692,0.5266912598617547,0.0032827155978163262,-0.0737291103912368,0.5256933500817392,-0.027092658881305007,-0.061857579080929974,0.4534147052721454,-0.028579662782750963,-0.03535133599825913,0.3845139653463667,-0.012365666749672426,-0.008776104513429858,3,Show_Desktop
0.0,0.0,0.0,0.02477385956989414,-0.31730051410172033,-0.014961921664955106,0.13837559326386123,-0.5953553387268784,-0.039210665268939585,0.24859128814572018,-0.8153413078449941,-0.06791642099557443,0.28947974579188646,-1.0,-0.09260044990292707,0.4275130518378337,-0.5431716659850301,-0.0523040598557238,0.6654452897556014,-0.6734765423413367,-0.09009813236062822,0.8090104413387192,-0.7358696351378745,-0.10623412338802002,0.9195994687049901,-0.7746283348831849,-0.11124061658443671,0.5079021384795159,-0.3702645280336783,-0.06363218655145637,0.7494753547283454,-0.4452491073499274,-0.08231828394835024,0.9000788365602213,-0.4757871257647692,-0.08905897099325262,0.9965538438709869,-0.4756397922966433,-0.09123926789123853,0.5316420328177407,-0.18142538026833896,-0.07300561661140399,0.5789873797045254,-0.1973726496200967,-0.07718292329772565,0.5042972042290493,-0.1910641462295195,-0.06212390539105272,0.41994879372696187,-0.1661945199053435,-0.0461608420888335,0.529039492341488,0.004486567199912968,-0.0860282015165903,0.5250741172850704,-0.018131751112203248,-0.08151900810550085,0.45127583548271377,-0.01531531401168907,-0.05831986952614014,0.37997354048769744,0.0013820405501168604,-0.03295948586123854,3,Show_Desktop
0.0,0.0,0.0,0.01678198051870904,-0.3219521738372821,-0.02002958687032391,0.12479743290930433,-0.5974700829066377,-0.048890079825820665,0.23938189381550593,-0.8144701943218379,-0.08014963394324595,0.2805265767494959,-1.0,-0.10807266419115269,0.4202665833076797,-0.5404666871191884,-0.0743183798542817,0.6665295538058852,-0.6793013791723276,-0.11746592922151201,0.8159735074719469,-0.7431444009637679,-0.13544733925215383,0.9279027487872377,-0.7834962406610565,-0.1408272479233718,0.5026700045463738,-0.36322120880739794,-0.08263221112731389,0.7535947243054635,-0.44469977827847146,-0.10850761579946543,0.9048625078347063,-0.4792126166361375,-0.1176721595489407,0.9995918296223976,-0.48056227185625644,-0.12029407173739395,0.5258525506952362,-0.17021127173322448,-0.08701744376858811,0.5710842177464877,-0.19938568510051394,-0.09348677759281716,0.4955948753232229,-0.19681996729356638,-0.07518213642368625,0.4132666989471528,-0.17201081202671642,-0.05613844961947021,0.5218339469969907,0.011119870610518334,-0.09484403980453034,0.5166106334455758,-0.020855763782878706,-0.08670850255357103,0.44338946160056647,-0.022873910203572996,-0.05720428237284606,0.3750470610412727,-0.005532213513766113,-0.02714711145823288,3,Show_Desktop
0.0,0.0,0.0,0.003360366351517767,-0.3178780515892489,-0.022399534380640764,0.10478761426438686,-0.5913100967648564,-0.05403391510618007,0.22154763596826585,-0.8111466848154807,-0.08799998807613596,0.26063692377601844,-1.0,-0.11858130603692581,0.40508080337551344,-0.5554678316766661,-0.07726629587749775,0.6501009458616865,-0.7010907962895911,-0.1232660842983953,0.8044778256282142,-0.7709701281172092,-0.14394591525298212,0.9216956311087549,-0.8137603319075033,-0.15119084604333738,0.489482904045408,-0.3813533385276014,-0.0858378594126986,0.7410787927580422,-0.47625463878914764,-0.11394812571317282,0.8936307622398154,-0.5110978199636262,-0.12330465712051168,0.9871109875368691,-0.5065534406146804,-0.12514867144849548,0.514856834283829,-0.18777979277567922,-0.09067495939008174,0.5633845082857567,-0.22227827443787265,-0.10072313497259539,0.4858782134346181,-0.22005679112506393,-0.0801771620044032,0.400626165208848,-0.19364876234978726,-0.05800991472179731,0.5144397712170461,-0.0023496108967582165,-0.09913926632619328,0.5133413495206368,-0.03782409275814596,-0.09420291772371767,0.4409785731255764,-0.03772138319692328,-0.06307385596259106,0.3718363639570363,-0.018332100472775222,-0.03051124122485837,3,Show_Desktop
0.0,0.0,0.0,0.00843806847752794,-0.3109638806213592,-0.029211308526789072,0.11078827083012287,-0.5805732761825426,-0.0643136984767431,0.2243357198187715,-0.7984184313615521,-0.10092190669088724,0.26040827604233263,-0.9905516478275042,-0.13370864511590977,0.4067903310164812,-0.5512894559260844,-0.08684599790507228,0.6621976127256126,-0.7056485586542105,-0.143122668352692,0.8250902296279393,-0.7803134632200909,-0.1689918448467066,0.9486803153155355,-0.8216460806678214,-0.17839421071656034,0.4905389131590802,-0.3822391766252203,-0.09387547859815724,0.7516881153642617,-0.4688372373024422,-0.13511788410498804,0.9063582527211671,-0.5018727680564091,-0.1501036302806642,1.0,-0.49730758237593925,-0.15368496635062204,0.518231285761586,-0.192000724461137,-0.09813805511229003,0.5794580279478377,-0.1849717020231658,-0.1215052310413484,0.504950956090606,-0.17403017781970642,-0.10513303803883002,0.41964925893234084,-0.15288213845697496,-0.08279095468052045,0.5185366605377323,-0.007199589815043734,-0.10634420630444794,0.5279297005140432,0.0033429147777980445,-0.11209373222747343,0.45792041063774447,0.010782533797681364,-0.08558876294117827,0.38806959663516616,0.019843443330854145,-0.054407557485183236,3,Show_Desktop
0.0,0.0,0.0,0.013603933648041378,-0.2984653426247137,-0.011377549342781037,0.11576177978132449,-0.5657839045264089,-0.041997070644240055,0.22112138536344325,-0.7877578773205668,-0.07832688221305155,0.2565194586373587,-0.9761495754276607,-0.11273857378651077,0.4021630608901337,-0.5549936612858477,-0.07782780182023354,0.6608699328258312,-0.6998031555860678,-0.13084339160163905,0.8227648438306895,-0.7792971874740527,-0.1534127121112271,0.9436601213873886,-0.8272353586841397,-0.16121331436501463,0.48564878663240113,-0.3921071870487716,-0.09559095496852908,0.7580580650518134,-0.46831858012802985,-0.13477221884079488,0.9128766016391551,-0.49617069772434086,-0.14858578697994687,1.0,-0.485416147722417,-0.1517951090919335,0.5165216660489964,-0.206703088958689,-0.10857505875687273,0.5989429232205529,-0.17532797276580578,-0.12522418257646442,0.5244440461652804,-0.15886123886421583,-0.10375698573863222,0.43528081718783856,-0.13748250778163232,-0.08043303643619454,0.5220703192241252,-0.02258040345004263,-0.12450288171233365,0.5404034804198538,0.005887106083342953,-0.12539212749141831,0.4686008351711554,0.0193680119726767,-0.09658447215241861,0.3941495491007329,0.029071256867784143,-0.06478478678452006,3,Show_Desktop
0.0,0.0,0.0,0.027875368889597865,-0.2798597570878214,-0.014417403552527162,0.1375937779580117,-0.5316137544528614,-0.045741139617665544,0.2540093770750791,-0.7379218987087542,-0.08234193068224897,0.29725246318791726,-0.920955763999066,-0.11677616352882261,0.40836811217895436,-0.49849969681623413,-0.08049248268330987,0.6742439384868487,-0.6110022553797101,-0.13689999349654386,0.8387182485876249,-0.6695407462644973,-0.16117651162558772,0.9602058094045586,-0.7043688011892876,-0.1690999502772416,0.47779046782552376,-0.3453243874102341,-0.098760851127021,0.7520968208467428,-0.3900694583917519,-0.1444605185377932,0.9090897952476545,-0.404340476810526,-0.16185283424674832,1.0,-0.38934513267533005,-0.1661041036786175,0.4997141135646627,-0.1710552236496791,-0.11299063823532055,0.5790317434844319,-0.10081148504309438,-0.13912897675945465,0.5102993591339035,-0.08025601010164103,-0.1234207558787899,0.4267818412623976,-0.06764961950677623,-0.10114203438214797,0.49907387209392834,0.002920846454479672,-0.12995664681864036,0.5206931328636788,0.06198810712428997,-0.1357366729424143,0.45346801867727315,0.07510476897012655,-0.10903659910443453,0.3814830154628525,0.07388626812976458,-0.07769311544128274,3,Show_Desktop
0.0,0.0,0.0,0.03438990982764525,-0.2714824791690446,-0.012120375804141319,0.15188677091656203,-0.5137194384202717,-0.04046757860633285,0.26508275311037555,-0.7101874215272229,-0.07337103925580209,0.3034114827074535,-0.8834904691245291,-0.10432434795343934,0.415787238899669,-0.4836446752653807,-0.08290118706997855,0.675380436023285,-0.6017809610775026,-0.1340962846615777,0.8328110946239013,-0.6649480652893506,-0.15483575504167127,0.951734961762356,-0.699421641365141,-0.16117076246091566,0.482556329186166,-0.3261524940075334,-0.09769827787011552,0.7479504622759959,-0.3740372103641137,-0.13602147870335374,0.9052247460335578,-0.3897816459308298,-0.1467643876178612,1.0,-0.3746661340029677,-0.1481281588768499,0.5038242209793402,-0.1501031845679717,-0.10824066030362768,0.5854626184225545,-0.09767857550507933,-0.12970376383062232,0.512483278164593,-0.08266522086519804,-0.11170608947837941,0.4226286953544116,-0.06778061865083894,-0.08876078500400435,0.5032722291975802,0.01984910398356352,-0.12123328386258214,0.5249113114941216,0.04866179659856181,-0.12707385571511037,0.4549766008446524,0.05629562835292775,-0.10168722747632486,0.3808083552105924,0.06009565118137199,-0.07179634030591052,3,Show_Desktop
0.0,0.0,0.0,0.041207269894251226,-0.2632211805771624,0.017564115661901438,0.15500699892325986,-0.49464381871856467,-0.008000799260070284,0.25769494039963614,-0.6893400254616582,-0.04487484138003077,0.293482565818072,-0.8569171175174366,-0.0820405307509454,0.39652006032260867,-0.4730672312232626,-0.0675181440810468,0.6513877996557936,-0.5836157351879713,-0.11615838617123013,0.8043588094439523,-0.6387768205007011,-0.13824713708976158,0.9253468403978166,-0.6680378460794011,-0.14659694183653893,0.450687750075875,-0.3322331923065086,-0.10181425806678476,0.7265178879718488,-0.3544558688178705,-0.13028014738607516,0.8921426724497175,-0.3590597023542486,-0.13532601891994575,1.0,-0.34485484226419605,-0.13800343561523637,0.46344194263421457,-0.16216295146761725,-0.1290042142468531,0.5800902143348642,-0.08429597077233472,-0.1342847872756919,0.5026222093323919,-0.06693513657167106,-0.09943267533290716,0.41282998895403444,-0.06306174755397123,-0.07191951317871699,0.4541848528968084,0.0062342198486363505,-0.1575417453690913,0.5237205202229681,0.053630105950960585,-0.14546312693924485,0.45255727469049617,0.059741892380350534,-0.10142071605898002,0.37574546788548946,0.05365167220462601,-0.06364563259645509,3,Show_Desktop
0.0,0.0,0.0,0.0489640874400277,-0.2597311258479901,0.026627536930323555,0.16487434662221503,-0.48134370689570893,0.0038161481606517416,0.2606024477951406,-0.6815194945355099,-0.03191190553503216,0.28195591713427043,-0.845159098954209,-0.06908967271826258,0.38543167892428515,-0.4860157658686881,-0.06840663275840364,0.6366090718880961,-0.602461322513254,-0.12398820577131785,0.7922395622678606,-0.6676750811471849,-0.15076365070252037,0.9137542460604084,-0.7048059003898839,-0.1612849200520629,0.4392453863133453,-0.35618356667482853,-0.10887791732908235,0.7217562667543331,-0.3885547968859306,-0.14396260777618816,0.8911726276910094,-0.39987845826146207,-0.1524752612124023,1.0,-0.39353559824748907,-0.15642224164136323,0.4552890776809945,-0.18809357031471488,-0.14073385694834706,0.5829974793616626,-0.09294419060727445,-0.14854732141307572,0.5090868705139424,-0.0772185630110704,-0.11226250292199846,0.42350066124980645,-0.08273113789758256,-0.08345721319636767,0.4442998493346238,-0.02002255774653523,-0.17358489681681097,0.5311771838010735,0.05340470329697312,-0.1594329062127649,0.4601030035541751,0.06291842494092857,-0.1123775282181854,0.38314816747296626,0.048467553289322764,-0.07307630454796592,3,Show_Desktop
0.0,0.0,0.0,0.05421532806530109,-0.2621461190775928,0.03546296399612417,0.16349725281783448,-0.48563727928033734,0.016841487980978887,0.25576596283504793,-0.6842256781704538,-0.016380240957405874,0.27638428068604315,-0.8466022430733205,-0.05077772948271317,0.38347644250002755,-0.4920518441171397,-0.05754837667510951,0.6359740476618672,-0.601525080653745,-0.10650135110883581,0.7886454391637703,-0.6688351727403188,-0.12871050730458491,0.9073745875556501,-0.7101766399594804,-0.13765925077153982,0.43455370676904215,-0.3624064545017452,-0.10222589689245254,0.7217425154425771,-0.393899149786575,-0.13880594584900044,0.8935888989616863,-0.4022376138236298,-0.1489334847444754,1.0,-0.3865524561313362,-0.15384486713039486,0.44797030584193703,-0.19484061480358658,-0.13683142300444656,0.5810872932272876,-0.10692895038188951,-0.1440362242191158,0.5048584935091628,-0.09058567097676365,-0.10447619028306625,0.41745768201687583,-0.09178309005692557,-0.0737711722369055,0.4389123580989573,-0.02487099071059711,-0.1715358451511024,0.5222637368283901,0.033912192937704845,-0.15704387714925994,0.4481769867981106,0.04327981802900232,-0.10783603897471386,0.37068562106136294,0.03275354087373973,-0.06703225622002602,3,Show_Desktop
0.0,0.0,0.0,0.05218261337889537,-0.24481298517995767,0.01744548102210306,0.15923350852431006,-0.47065299650856146,-0.007076580809903961,0.24818951268432196,-0.6665857259592171,-0.04410155169040112,0.2733547988708539,-0.8360464333469524,-0.08089606753187495,0.3791221724919214,-0.48022833636667533,-0.0627826993731445,0.6279960442744122,-0.5954935139100398,-0.1110012227430327,0.7768645767559336,-0.6590563830182372,-0.12946351712190948,0.8936963748467853,-0.7019736842105263,-0.13504434891535746,0.4264337183820525,-0.3552083720239201,-0.1040128322404884,0.7133366452475578,-0.38643260409315455,-0.14607297975608846,0.88620928202652,-0.3945042342978123,-0.1563921799984463,1.0,-0.3826954416298332,-0.15864514737299593,0.4376994112840322,-0.1967966515618616,-0.13848047926858706,0.5744110518887197,-0.10428908368309624,-0.16472051740976745,0.49203794153697583,-0.08062843572410207,-0.13284687835115586,0.4044840842402407,-0.07961930784087955,-0.10146431714651671,0.431226785647959,-0.03068867696764848,-0.17337778768053966,0.5270711844890985,0.031857751736433536,-0.17529581548204767,0.44943426624076066,0.04665666901905434,-0.1311798412221212,0.3708803810868031,0.035209207740593544,-0.09103233142566465,3,Show_Desktop
0.0,0.0,0.0,0.04387046107563426,-0.25133769856993665,0.017466493599327365,0.15025707972962252,-0.48353517449708083,-0.006316377430197192,0.24100971491896372,-0.6855566677396688,-0.04318171017236668,0.2657229171585917,-0.8570246419599771,-0.08046383676939066,0.3801465684460633,-0.4999672380899735,-0.05521224838264191,0.6282979032139314,-0.6159407064230261,-0.10310394724731664,0.7778332678492247,-0.6810893728226732,-0.1250436974395397,0.8950110639948515,-0.7274795226148912,-0.13380307062199828,0.4285994080935499,-0.3690829309972225,-0.09771790413073689,0.716486770025926,-0.4064752306855436,-0.1358579125106378,0.8875835220220794,-0.41750336613733746,-0.1463095872637381,1.0,-0.41114576857892177,-0.14958287436981782,0.4382664351015155,-0.20362182319671895,-0.1344242066525462,0.5741116101775886,-0.124178837616963,-0.16143966276862295,0.4932442558840986,-0.09582394059300725,-0.13233526259392453,0.4037804146680909,-0.08857164505532236,-0.10272814580164673,0.429258935125938,-0.03444801661779384,-0.17155125400387086,0.5244791035007114,0.02156925021926653,-0.17725078392407237,0.4492101043925501,0.03826853186375716,-0.1355346715928945,0.3702481827862015,0.033321364315536985,-0.09655402983115674,3,Show_Desktop
0.0,0.0,0.0,0.04267945934347157,-0.2591303508281979,0.017877887647128846,0.1461863585441021,-0.4856463884664418,-0.011738208470609314,0.23047979698835774,-0.6859287715963462,-0.05540762284630826,0.2610989582986095,-0.8513187139073197,-0.09902676585326389,0.3707520611425158,-0.4966979989466191,-0.06410112523172469,0.6202443221508528,-0.6190556264641094,-0.1202639754605128,0.7705192604999189,-0.6891866965840678,-0.14911076501915213,0.888107536710918,-0.7353629805988764,-0.16235619376321636,0.42085630042048816,-0.36611530842010886,-0.10817737222634198,0.7094905769816265,-0.41377400509702045,-0.1500523662075515,0.8838883337197706,-0.4315869087418024,-0.16269073048425833,1.0,-0.427788465503503,-0.16873743889108264,0.43260127556380945,-0.19841044669425803,-0.14591443232066229,0.5885727676090056,-0.12675350515838124,-0.16744376932527263,0.5120932624856877,-0.0931342082864485,-0.1284130550979384,0.41827618383744253,-0.07954705113836008,-0.09382759574261444,0.4242727510897406,-0.025127061296843785,-0.18516119026058897,0.5327722215596409,0.022555340154876133,-0.18434731089270642,0.4664803372596836,0.043258250928375284,-0.1348992741048713,0.389319813710101,0.04531710939037492,-0.09088670668515826,3,Show_Desktop
0.0,0.0,0.0,0.049419991396712076,-0.24618116048087207,0.021574949574501342,0.1590725518047479,-0.46636839217745346,-0.009803264007980865,0.2357228284054225,-0.665015176765467,-0.057258308636103934,0.2648051006262414,-0.8336394926837023,-0.1051240294187764,0.3656997330229322,-0.49726634793484786,-0.06442370407590277,0.6138400076326475,-0.6144195895108163,-0.12460256622802149,0.7616267627728063,-0.6857021736358522,-0.15358499591677838,0.878699499788994,-0.7381539514682337,-0.16604148428495222,0.4047424064265058,-0.3815965812057265,-0.11698187658163393,0.7008218725793699,-0.4244167272680026,-0.16450102252761156,0.8766603906229002,-0.44542344952612495,-0.17655388943892547,1.0,-0.4513421906182381,-0.18144788518721472,0.4121824544133377,-0.22468274898105048,-0.1639939520745301,0.5913400022189707,-0.12983653116042354,-0.1984102086710954,0.5065001699894541,-0.09109090939199059,-0.16054383171893943,0.41443479875834455,-0.08549316749394019,-0.12508818896709487,0.40181265187752047,-0.0538265969996511,-0.21186055257969622,0.5399765645112208,0.016924937268222976,-0.22021269366342772,0.459828670501588,0.043781869838138705,-0.1706147037552857,0.3767930575517162,0.03652881661991161,-0.12687957464800867,3,Show_Desktop
0.0,0.0,0.0,0.058631690164061695,-0.24496685692165515,0.030985000698510328,0.18001429305223665,-0.4628040331079838,0.004430106905878428,0.2664277046995854,-0.6554059694762511,-0.038566461069170145,0.2822625242338488,-0.8271020570722427,-0.08348881587744225,0.33657426165856835,-0.5057846183786957,-0.06842179343314952,0.5875529209830301,-0.6247806590756096,-0.1292949775229299,0.7330589046034476,-0.6967430930207579,-0.15359462028967769,0.848292384376758,-0.7476428161992179,-0.16368511703173383,0.3744622824005096,-0.4001816674589527,-0.12764182823923087,0.6847818342112287,-0.4448842783869695,-0.1889397651982564,0.8669844850194137,-0.46876691583795677,-0.20781531461403852,1.0,-0.4804673583483017,-0.21650656580911423,0.3841361477033809,-0.24862506473880616,-0.17802115676620636,0.6052105300659246,-0.15351551657579307,-0.22372711948941565,0.5206653713588077,-0.11012363383837578,-0.18252396007615396,0.43346472519373785,-0.11260378149071004,-0.14384470018294773,0.37744531897221895,-0.07818786111492189,-0.22740327338219862,0.5411536747713803,-0.0020817447733051725,-0.241979524662352,0.46845877507266165,0.03253171536832791,-0.18937369466034207,0.3920672496615503,0.016517966813319337,-0.14360992231016653,3,Show_Desktop
0.0,0.0,0.0,0.062047050541025016,-0.264147848619484,0.042001169502141666,0.18452340103294662,-0.5198565647721424,0.02401695682443758,0.2703993646135916,-0.7274492548704083,-0.010049163998074267,0.28873357549798556,-0.9025965651271068,-0.044493934391522806,0.31931450444001397,-0.5910031296034455,-0.060217289131185944,0.5652588874230171,-0.7491977802888228,-0.12010491237041425,0.7117227017529328,-0.8343400027213943,-0.14256704579564394,0.8271609941371701,-0.8921308813176281,-0.150298079600094,0.36304686714271345,-0.48533523436529397,-0.12007537821691579,0.6829726499872805,-0.5646992267690542,-0.17964987010006148,0.8660358159154238,-0.6052988800870847,-0.19206334750953075,1.0,-0.6307908016872644,-0.19632905912455995,0.3842676787098225,-0.32825798226360847,-0.1706802691097106,0.6340467133247747,-0.24449109926581514,-0.21293927041716307,0.5559915045169229,-0.1914320450094953,-0.1680836854948707,0.4646282338742598,-0.18374573303121913,-0.127028411240444,0.3907613100555519,-0.14589483585851115,-0.21933428819496714,0.5832098845773852,-0.08123154924244665,-0.22763838625981916,0.519484295780064,-0.04117425206027297,-0.17422155739410813,0.44122365128290075,-0.051544539167371665,-0.12892825690484877,3,Show_Desktop
0.0,0.0,0.0,0.05868893770245488,-0.27050646226446995,0.02004866006372385,0.19238416153478705,-0.5445125621158775,-0.007536472904829518,0.28933088527766865,-0.771568034368685,-0.04618464211561129,0.30830838861746335,-0.9726922218595018,-0.08360620669952483,0.2965384173215615,-0.6370802048694298,-0.08958073895920562,0.5489916986198794,-0.817949375290868,-0.16426555256085373,0.6988736300386635,-0.9222959036565296,-0.19599160394297235,0.8197018069011562,-1.0,-0.21023660439483596,0.32864763060549107,-0.535805119522537,-0.141238115909366,0.6580766471350925,-0.6409359540193422,-0.21427300293116672,0.840718690616053,-0.6918722031332899,-0.22905443773032103,0.9796255618324637,-0.734650623356615,-0.23541772255133078,0.3475550489764828,-0.3845288660928306,-0.18542103083850947,0.6348133557359321,-0.3261814389181832,-0.24602744948430802,0.5541985814556402,-0.26765111456617713,-0.20266946422428356,0.4568886761748608,-0.26111092667698266,-0.1607358483686045,0.3567430961694876,-0.20754280255035512,-0.22898366113353644,0.5799983032060184,-0.15104632554959832,-0.254729628020233,0.5084346337783728,-0.10822225787948705,-0.2063120190488652,0.41553670023982586,-0.12256539265718552,-0.16325006977685744,3,Show_Desktop
0.0,0.0,0.0,0.057381135295074284,-0.26947268199261615,-0.00031604397375350004,0.17401712700342978,-0.5462351419118843,-0.038249937554415914,0.24804981904505305,-0.7751716705382045,-0.08266964190667973,0.23674195533289155,-0.9676010544175581,-0.12528561850814923,0.2448131709957498,-0.6166631470868802,-0.1104558994191621,0.46895017610035417,-0.8006896859321182,-0.188972955196613,0.6026107696714169,-0.9128547493695097,-0.22494480523338656,0.7133736143171651,-1.0,-0.2441130321965232,0.270541602646724,-0.515139199380554,-0.1553790496979371,0.5756591323386273,-0.6418387619817418,-0.2354225525384807,0.750123943822652,-0.7036454654462221,-0.25670853872473687,0.8894885322381372,-0.7515382990963175,-0.2686089661716337,0.2891589660688236,-0.3670360404970132,-0.19405821701693968,0.5685010352419165,-0.3321519985144946,-0.26552009875420424,0.4898188569375772,-0.2775932021136897,-0.23000848687161743,0.3966778807760552,-0.2695494452414068,-0.1929921408508058,0.3025992096722907,-0.19488702148885506,-0.23298118540019036,0.5278512540626874,-0.16341014512805202,-0.2703135729981621,0.4632141712845981,-0.12149589422813188,-0.2298104725821235,0.37197103749930216,-0.13122389139304969,-0.19288251428428937,3,Show_Desktop
0.0,0.0,0.0,0.05328331605529245,-0.2641085243748846,-0.005000045391331959,0.15773271578372144,-0.5453377411790732,-0.04156051666745719,0.22023211848103852,-0.7788779984398846,-0.0835695340579346,0.208654238279668,-0.970024570486495,-0.12331613045099407,0.21828800595845657,-0.6092095691884878,-0.10899545591335336,0.4346301760292132,-0.7921538632910853,-0.18837099965463175,0.561073788070898,-0.9083186990912069,-0.22655283927169376,0.6654110123971053,-1.0,-0.24714787494613505,0.24927270075284422,-0.5038353490699546,-0.151383951448506,0.5398043291245102,-0.647343879178945,-0.2320094244926472,0.7090920513544005,-0.7237188777885026,-0.25573076199318184,0.8448086210870016,-0.7846722653054797,-0.2698802162896172,0.27400377354293004,-0.35596388516058863,-0.1883073134800464,0.552020794436852,-0.3503761087700327,-0.26311683071690933,0.4781633189254787,-0.2901485713068168,-0.23028474726718356,0.38695218335476833,-0.27397431966636904,-0.19437712292756532,0.29577692511242215,-0.1854945611380226,-0.22551220091218696,0.5200855854451476,-0.1744239769595484,-0.2656634356014587,0.4548881763209319,-0.1316860887304298,-0.22729416044412726,0.3615096741100895,-0.13502565698986707,-0.19164034078551334,3,Show_Desktop
0.0,0.0,0.0,0.046615940317593085,-0.2679595226984155,-0.005481844796957493,0.15089529957285241,-0.5535240593283157,-0.04777557189794598,0.21864898170384012,-0.7912094519636863,-0.09590147320203717,0.2118992015911389,-0.9823627504067873,-0.14251513781553157,0.22794003432012316,-0.6136676199291884,-0.12849299032919498,0.450368438581377,-0.7918070643868093,-0.21247041751585016,0.5831581528331138,-0.9072120695662282,-0.25463259613214856,0.6911285788683045,-1.0,-0.27898722315218044,0.25872575936696507,-0.49987155842555014,-0.17420613377722158,0.5625450338875306,-0.6440578317792849,-0.2584326252945659,0.7416370170955903,-0.7151372988653382,-0.2834169751313332,0.882252314036142,-0.7717636648306259,-0.2993343978885078,0.2821737792789166,-0.3397789067868261,-0.21285315336481223,0.5717990071416188,-0.3476110034176482,-0.2904441823638799,0.494328694849877,-0.2803600639902939,-0.25245242984958177,0.3964802665972737,-0.2549840842683624,-0.21257770965679584,0.30301321595321185,-0.15704011819965333,-0.25163417851898384,0.5329426749719984,-0.1613186089293117,-0.2947015236600341,0.46652952870126363,-0.12343151792553328,-0.2524358944583327,0.36944189547027156,-0.12308110125037622,-0.21324367671495598,3,Show_Desktop
0.0,0.0,0.0,0.04616211440592227,-0.26863955173386306,-0.014123804578485938,0.15904028371908763,-0.5622945140950478,-0.057437059766643477,0.23037978779874999,-0.8009877764104574,-0.1043671664605537,0.21844222785040932,-1.0,-0.1501252792880937,0.23105397555908433,-0.5898306040182982,-0.12755599583920313,0.4629933553794181,-0.7550321809391201,-0.20797768984425596,0.5980447337062738,-0.8630013934373606,-0.24725180188678042,0.7071984288554449,-0.9488269741913966,-0.2697687814142644,0.2613167417610341,-0.466299920123974,-0.1701092484080325,0.5647036696866219,-0.6013779179933667,-0.25073709163180175,0.7377879368932418,-0.6679921922967915,-0.2743066304891135,0.8730136471261246,-0.7215009524750694,-0.28937722795169696,0.28383652677952076,-0.30227551852868045,-0.2066964721237135,0.5686158725198807,-0.3056194898199388,-0.2871909240369018,0.48851314544343893,-0.24827890738782776,-0.2536561506501113,0.3888636708836314,-0.2312263936417918,-0.21653830854505876,0.3026382750397249,-0.12338940893654579,-0.2433359018948359,0.5299500300731237,-0.12860788317744082,-0.2902463212187447,0.4596516458793557,-0.09597267199486678,-0.2502973689761179,0.3616885976320438,-0.09931942702913553,-0.21319577262129016,3,Show_Desktop
0.0,0.0,0.0,0.03682207812169905,-0.265280110501503,-0.01857809437369402,0.13855185758894198,-0.5590734550038357,-0.06231581065315389,0.2021532141521094,-0.8048799917460767,-0.10811966715139888,0.17954072812798072,-1.0,-0.15307181141678217,0.2054516250613254,-0.5751012263673543,-0.12313730236729582,0.4164214820986021,-0.7505335922744402,-0.19975179186284495,0.5450975836920444,-0.8558844647267607,-0.2366495397209308,0.6506405914750167,-0.9352625007281842,-0.25618439500003765,0.24272430001326523,-0.4502623919392298,-0.16034365115029836,0.5348900213858029,-0.593924522925342,-0.23519983917130094,0.6976391744111534,-0.6647331477136422,-0.25694589574717214,0.8188179623899038,-0.7189163637537663,-0.269768055811519,0.2732590784382398,-0.28931264331190076,-0.19178604968003318,0.5383675831375717,-0.31469731754513164,-0.26904074901192865,0.46388996313107245,-0.26322996511032953,-0.23825143514035435,0.3655226396832627,-0.2403877940196957,-0.2023065995625762,0.29929824105807434,-0.11619958772495625,-0.22281325165620208,0.5116312938796738,-0.1468970231832771,-0.26474713850305603,0.4442074092998413,-0.10975752696737805,-0.22246258274450573,0.34803621900128934,-0.10095264030792186,-0.1833662342457582,3,Show_Desktop
0.0,0.0,0.0,0.02364035325178266,-0.2795005472451435,-0.01673521115042541,0.11682347991293618,-0.5849525101619867,-0.06042731129168649,0.18042440603643417,-0.8109288376074364,-0.10347995523945244,0.16802920622383866,-1.0,-0.14658003307105238,0.1879393398309184,-0.561858163542256,-0.1409708035242733,0.3954570691227411,-0.7160464731970192,-0.2065560683162582,0.5177356613102815,-0.800937588575687,-0.2384561430869655,0.6213175072797935,-0.8667418266204242,-0.25866453679773344,0.22848962109687532,-0.4124423694069264,-0.1749126750495851,0.5048655808105739,-0.5393706875472625,-0.23768486006338388,0.6652250393050464,-0.5994204473998866,-0.25209414493624005,0.7884863018861115,-0.6445691448573642,-0.26625661216434166,0.26320545171521453,-0.24106670516668063,-0.20034123983063573,0.5315544416029453,-0.3182518021226671,-0.2583389409764004,0.46577692002011345,-0.2805207268434624,-0.21514494637701817,0.3743206322211854,-0.25022532062408237,-0.17947074009479252,0.29566011423322164,-0.06487323127291025,-0.22592326945370714,0.5081736449711303,-0.1412603729759626,-0.2562433574375626,0.44501097498100656,-0.11524313926566178,-0.20794067991728907,0.3552505632573277,-0.09264596653966616,-0.16939390107332986,3,Show_Desktop
0.0,0.0,0.0,0.04275960118251746,-0.26546335708250157,-0.038131042737119945,0.14636682119050826,-0.5686027167202522,-0.09474289173552404,0.195582639656471,-0.8058552522179727,-0.14565644286006685,0.17553623735825177,-1.0,-0.19627028621863915,0.2036221557242167,-0.5201669790501185,-0.17540567613488628,0.4010110012648332,-0.6575059686432726,-0.2491027958929954,0.5229011180342942,-0.7197739853682651,-0.2870140030600324,0.6330659451373898,-0.7557020952891171,-0.31239903039954114,0.24795828382977347,-0.34772679903899767,-0.19957415505822054,0.5334257190776123,-0.43527266899367884,-0.2679572330422224,0.6942781158274198,-0.4757033142241441,-0.28796547308062637,0.8212140216654414,-0.5019924320688262,-0.30735606293983936,0.28206739657298674,-0.1605341192705351,-0.21504823425438555,0.5530394746841492,-0.22243419820034024,-0.28222643822886617,0.47462169749493804,-0.20550905962172383,-0.2462538409416738,0.37013808577540447,-0.1844918357688207,-0.21496118762109162,0.31605499202801446,0.024254549750231183,-0.2309293540418394,0.5272112196197374,-0.04467810709924313,-0.2731835345375246,0.46355967401764747,-0.038639487926900015,-0.23371367063688736,0.3705829594388083,-0.02805995956446398,-0.20020974596707203,3,Show_Desktop
0.0,0.0,0.0,0.05217703819501582,-0.2893217596401733,-0.03991115061100149,0.16635774535437198,-0.5829402300111531,-0.1009270171343302,0.22945997050201428,-0.8123080193077725,-0.1538399098948297,0.21348386295625887,-1.0,-0.20827269741638946,0.2260298392847348,-0.5196315494365519,-0.19682372980779847,0.4423667486393749,-0.6412269394620884,-0.27638553768692986,0.5767798971836737,-0.7106569091718014,-0.32139501101989754,0.6971182707720062,-0.7586311319547291,-0.3530976083586794,0.2729378835804704,-0.3361490501526704,-0.2215940957595656,0.5673212294077853,-0.4408082387142779,-0.2953986255135256,0.7399503440415898,-0.4893523089487381,-0.3210686628888143,0.8802756598955381,-0.52295807202628,-0.34648113093012367,0.3099257827022349,-0.13758006813790918,-0.2360451185900314,0.607765733274825,-0.23393685358882002,-0.3050865321392973,0.5312014334558353,-0.23862590581366294,-0.2674585783411269,0.42299898219759996,-0.2206029565026603,-0.23461861919797028,0.3386383236124062,0.044915863699803146,-0.25136864890926786,0.5585927739076908,-0.06930160166748944,-0.2951697675777142,0.5000384723212599,-0.08768108654977176,-0.25530949066842046,0.4084465409954961,-0.0676960488545152,-0.22155738516588816,3,Show_Desktop
0.0,0.0,0.0,0.03785263648290916,-0.2782671576026379,-0.040142411042573,0.15400588368474827,-0.5766359372097344,-0.09451958474679084,0.21904661521224225,-0.8100389101105332,-0.14019155267715322,0.1967422397478172,-1.0,-0.1856647056442487,0.1971569567968605,-0.523338446846554,-0.18606151919863867,0.4068390578557496,-0.6446371969626602,-0.2590829007107486,0.5292881670304663,-0.7163404322636077,-0.29862501934522284,0.6349443197914731,-0.7761057669979565,-0.3271346394745652,0.2422749425274011,-0.3582600170676203,-0.2072574200308303,0.5155361061443433,-0.4597488621586476,-0.2724171831522891,0.6715460927340702,-0.5054871093024336,-0.2910656627408085,0.7933324891440646,-0.5404006246516813,-0.3132414595925872,0.2805729553687535,-0.17568074551829835,-0.21942646729914025,0.5524992598225896,-0.2648456367267323,-0.28147567113674243,0.4785366692597065,-0.2485363354542077,-0.24300086837225238,0.3772023906279027,-0.22119947926342187,-0.21282940935921363,0.31308996493590935,-0.0007474340516440646,-0.23273210868463626,0.5149169332272896,-0.10265789000092886,-0.2735437767107137,0.4535228453580717,-0.1032928461127624,-0.23649617386959354,0.36632214552758685,-0.08149861253018763,-0.20666711493986104,3,Show_Desktop
0.0,0.0,0.0,0.0322010241867609,-0.2870500857623906,-0.039170996678459066,0.14547786172538968,-0.5904749052441174,-0.09704354198141288,0.21462193314405337,-0.8221660538812603,-0.14424318754197338,0.1854835829771334,-1.0,-0.19158412584229548,0.19810886692526325,-0.5041599364271948,-0.20243153879901357,0.4102624295321843,-0.6405933712419515,-0.27128097233118736,0.5381333457632101,-0.7156259714756883,-0.3042481583962931,0.650299200415599,-0.7696842823832434,-0.3271864027087787,0.25537852169921926,-0.3273228864729987,-0.22077826244263146,0.5558977948371153,-0.43674051040933265,-0.2848269380029251,0.7329041893320833,-0.4850655406601693,-0.2982647374335816,0.8745632470847742,-0.5136127825243952,-0.31341745576117175,0.29921676740254793,-0.14369325971137376,-0.22711075682193393,0.5794532257597668,-0.24818654738997023,-0.287958778272493,0.5012823948964329,-0.24494212401283033,-0.24597641529026987,0.39593956523749396,-0.21571825579257944,-0.20867313500569587,0.33434833551795934,0.02872090929560565,-0.2334812879397921,0.5464242740457032,-0.08257134555044869,-0.270014106949384,0.4860128175586043,-0.09505547772264109,-0.22737306700474708,0.39467371009643054,-0.07373197401604431,-0.19097049856868997,3,Show_Desktop
0.0,0.0,0.0,0.005163992568083333,-0.2931633518352835,-0.04100276010759321,0.10032485444856842,-0.595080952721509,-0.10305451681832059,0.16025471682967163,-0.824224297346724,-0.15474883272294335,0.1217229947179681,-1.0,-0.20929521460771947,0.20952728806558535,-0.49478547127429934,-0.2074766198923785,0.41947254846727666,-0.6428600619131786,-0.28146796288438175,0.5446471445064095,-0.7250095963967172,-0.321852236542966,0.6561846405109516,-0.7832177630397882,-0.3475204996900295,0.2758933041233126,-0.32362516109540496,-0.22215527560869297,0.5822440389226932,-0.46060624415276585,-0.2818688769867793,0.7585712607257066,-0.5365265130562079,-0.2944082979263359,0.9094295361765912,-0.583264249007156,-0.3064080355761747,0.32180567698017815,-0.14800015470996988,-0.2244558110365463,0.5906209999810261,-0.30585832653436534,-0.27708511427246585,0.5058081917469529,-0.32134282415752397,-0.23027346691048978,0.40689013986656997,-0.2842941649529375,-0.1875512916262832,0.3510788831107796,0.01709654631885141,-0.22753644138480428,0.5492191160222607,-0.13824758849483254,-0.2564826676291614,0.4819239279401827,-0.1594822616262353,-0.2047351245621384,0.39489154247299507,-0.12363005051426469,-0.15941078186058122,3,Show_Desktop
0.0,0.0,0.0,-0.01381634764558581,-0.30345225546177973,-0.03466504847734139,0.06160653677749313,-0.6064364537505742,-0.0899717256178549,0.11027600216381712,-0.835709767021565,-0.13770254488210656,0.06903969608401789,-1.0,-0.18746462108195866,0.21947244146488543,-0.5078073885188499,-0.18145801893163832,0.44617775562796347,-0.6751939441990683,-0.23813309568110577,0.5742429978177782,-0.7644517614214792,-0.26053039376062787,0.6836898855984546,-0.8271685355873215,-0.27209802802212424,0.2978597481296659,-0.3391826646346899,-0.19413533798892715,0.5910003107149004,-0.5042668265110181,-0.2395794897823584,0.7597074949414099,-0.5974567570386308,-0.24190707729587776,0.901105509902639,-0.6536496009244219,-0.24411774073534373,0.34901962411797205,-0.17058536738518434,-0.19534828992844133,0.5847517294117095,-0.35992802673663826,-0.24009529546320837,0.49760792831832507,-0.37558033495860205,-0.19871793167524368,0.4017217069904357,-0.33434727676974874,-0.1570387508546893,0.38062990318758844,-0.010792019859770505,-0.196291802248233,0.5498323907833516,-0.19466523085828405,-0.21909492881240825,0.4825308576705621,-0.21461991195328523,-0.16937639465054996,0.40221484509905886,-0.17017180260473636,-0.12361500961993499,3,Show_Desktop
0.0,0.0,0.0,-0.004653875805385715,-0.3048172493274379,-0.02638709577427313,0.06694204153640448,-0.6097992660879672,-0.08005641245048868,0.1056200348620725,-0.8413875776792668,-0.1277643636496632,0.05765609212393799,-1.0,-0.1779454402886792,0.21225637383693313,-0.5107168527061353,-0.17695269193215393,0.4414373295809725,-0.6862874537641496,-0.2347035432007738,0.5707987074513123,-0.7779778496813483,-0.25735928863401747,0.6818943108057056,-0.8391626812129027,-0.2681874755167427,0.2918192075937414,-0.34623070371420106,-0.1924490064671077,0.594208728527962,-0.5160348020271041,-0.23799824405138123,0.7668846409946377,-0.6099336534086665,-0.23984292000816712,0.907668405004784,-0.6640895991719453,-0.24157326845375973,0.3479682674364868,-0.1791851196065025,-0.19567885918074868,0.5972751541075878,-0.3694668433240418,-0.23638704819365594,0.5149098443358783,-0.3815241738128435,-0.19264002142377312,0.42076473533739617,-0.3376320596679704,-0.15073051117977793,0.38597021390815844,-0.021178155055089867,-0.19806238004277185,0.55534684616905,-0.20544962030220706,-0.21422929088214576,0.490350204065002,-0.2207454707720087,-0.1609362073257569,0.4153490335371422,-0.17434574640898137,-0.11403377028675274,3,Show_Desktop
0.0,0.0,0.0,-0.0014179780902900975,-0.3023369859006465,-0.026759896528409776,0.07934752011308237,-0.610898555758443,-0.07851341943171858,0.12674507035085927,-0.8389387566561696,-0.12327955180172599,0.08197457853007861,-1.0,-0.17069837660411832,0.21698694691470102,-0.5093692604271834,-0.18291915155788144,0.45540210684248716,-0.6893665344359244,-0.23934543573642034,0.5891657150015285,-0.7821374262585556,-0.26021608389244383,0.7013804690199634,-0.8431014093659508,-0.2696973110297936,0.29581275642912225,-0.3406933911082151,-0.1972438841989933,0.6065367918072219,-0.5104902620545931,-0.24209518155374976,0.7797199773522084,-0.6025227162972641,-0.24367659456384552,0.9191014050954684,-0.6527286425168515,-0.24501788190787951,0.3508606979320545,-0.17159509990615615,-0.19840271963132805,0.6025520758636962,-0.3545713912555467,-0.23671702055158142,0.5194842538417438,-0.37585974597035504,-0.19299973645026708,0.42439288865037456,-0.3387204282439741,-0.15164817726155908,0.3875489459559777,-0.015679431968902348,-0.19858510481673994,0.5607196759273263,-0.19222330921815653,-0.2129976270099031,0.49648646061351887,-0.2156362289220555,-0.1595250375459661,0.42052080667988856,-0.17666273900911286,-0.1127134998057559,3,Show_Desktop
0.0,0.0,0.0,0.0012203204170404443,-0.29851691191883917,-0.021622477732318842,0.0815532582696294,-0.6008475898142417,-0.0711427289571387,0.13021962238529236,-0.8329322062249751,-0.11608436209557838,0.09374411101880874,-1.0,-0.16363895493627115,0.2294405300241876,-0.5134245832806927,-0.16777586497063635,0.4613769293802198,-0.6905114970557741,-0.22304207868127854,0.5924978526171956,-0.7809344873560266,-0.24296075251271057,0.7023582744993969,-0.841700303703803,-0.2517074335093785,0.30525443574825967,-0.347851664371655,-0.18616208032578205,0.6097120283786254,-0.5132901292382137,-0.22867666470751577,0.7781222451919446,-0.6015533853128191,-0.22918298475330778,0.9119560698765775,-0.6516673359960645,-0.23000836847667547,0.3560007791982304,-0.17704774212491028,-0.19249619791554687,0.6045247843618303,-0.3530854908913562,-0.23081526918042417,0.5249156397930326,-0.3688317884646195,-0.1880381288732196,0.43286314413543936,-0.3346532885482563,-0.14755375421508932,0.38794296607735096,-0.014673841313174873,-0.19760225339389625,0.5581799580898633,-0.18862984625656654,-0.21177145092558824,0.4942560597837019,-0.20821390685334487,-0.15839025157082648,0.41892138920316396,-0.17146101785592033,-0.1117443704345522,3,Show_Desktop
0.0,0.0,0.0,0.003015211698155828,-0.30036603357600694,-0.02320728125151576,0.08420742629805049,-0.6070049178614745,-0.07209983330565621,0.1315852529600586,-0.8403501790408393,-0.11594123174532507,0.0857893612761599,-1.0,-0.1623621368436524,0.2290047918977907,-0.510364383381379,-0.16820098680577533,0.45826502970174404,-0.6912753260014025,-0.22255882447377234,0.5874173891106155,-0.7853789941131329,-0.24271215623080036,0.6965137263470638,-0.8490884697840215,-0.2521044333551269,0.3044679459369499,-0.3451619565748997,-0.18537363252517397,0.6071942152409724,-0.5142404055608393,-0.22830393836710924,0.7768803158521778,-0.6072769008993033,-0.22996361105856966,0.913008529993255,-0.659738312206268,-0.23176829152424122,0.35638222448346973,-0.17574291304740985,-0.1904014923142235,0.6060278196777089,-0.3522690527988392,-0.22921163337595662,0.5267993014997068,-0.3697561899011607,-0.1868865601639636,0.4343922727261532,-0.3349983058236389,-0.14637170911601965,0.3889830684401509,-0.015963961719706876,-0.194475278356814,0.5630571386047376,-0.19342990314518652,-0.2080647542669632,0.49859276046598117,-0.2138057604811109,-0.15441842009164355,0.4213453554762008,-0.17535974418816583,-0.10792291097845252,3,Show_Desktop
0.0,0.0,0.0,0.0027597166093077117,-0.30625392795705825,-0.02460301796944487,0.08388609784117886,-0.6115110897327057,-0.07524007810471724,0.133037446435338,-0.8407520693000624,-0.1209211165156621,0.08678831089605096,-1.0,-0.16879191344652972,0.23071964604166498,-0.5126327352618089,-0.16851788693297465,0.464282840556757,-0.6876761488244221,-0.22353999160547564,0.5983292823460729,-0.7721623622933137,-0.24561843341747744,0.7125447915599568,-0.8250593823807044,-0.2566169790321139,0.3067774783304379,-0.3425926483886027,-0.18629482806599154,0.6109981734224279,-0.5002578760302192,-0.2309296906721239,0.7900543506965134,-0.5866819702650328,-0.2354451132538405,0.937310957374067,-0.6300239301866668,-0.23965533822453478,0.35746314499580484,-0.17155544086521574,-0.1921216743254421,0.6094962892436806,-0.3385999121626388,-0.23316654369129394,0.5239144128065313,-0.35878726308636666,-0.1927691779968524,0.4254809166420606,-0.3233737061446807,-0.15356666006339115,0.3904907726462122,-0.01149967583830978,-0.19725245469198407,0.5692766674831264,-0.17405728144430427,-0.21672513011237518,0.5019745682836232,-0.19176157863375684,-0.1665739691208126,0.4204664241863967,-0.15185264875016083,-0.1218191077588656,3,Show_Desktop
0.0,0.0,0.0,0.01241953658794328,-0.30336620168751266,-0.02826384258644809,0.10445726410622967,-0.5994848109561025,-0.08177511502787986,0.16504376770177628,-0.8322838547942539,-0.12984581868187872,0.1291017289105384,-1.0,-0.18083257990682333,0.24622161568892234,-0.4994292534048618,-0.1716059241052095,0.48729360788226683,-0.6606281107258858,-0.22952381027116997,0.6249781588722759,-0.7408458209944767,-0.25410839725326495,0.7413272848958444,-0.7916919663362393,-0.2665521508999922,0.3184277736139646,-0.3262623299923238,-0.1876763621344754,0.6273293279349854,-0.4694511939293348,-0.23423159777975383,0.8019026281546697,-0.5456333961916049,-0.2389762231185311,0.9411925238299346,-0.5838076767073659,-0.24244233597673867,0.3649935810625826,-0.1516194520483926,-0.19203702393546773,0.6174182514054177,-0.3188588416198252,-0.234140614878436,0.536780284707165,-0.34132215811616307,-0.19245224513508535,0.4417409497516302,-0.3105991461644887,-0.1519755130421072,0.3924945689267627,0.009645669771914106,-0.19577824345336212,0.5713210037188334,-0.15763696610431358,-0.213053289428718,0.5056139981313411,-0.17865327519262916,-0.15957653065555988,0.4251242546551683,-0.14113361817767744,-0.11231409586069907,3,Show_Desktop
0.0,0.0,0.0,0.019848647222008728,-0.324180915657479,-0.0284287916182274,0.12710979565852307,-0.6171004566541132,-0.07986268261054738,0.1876902423355632,-0.8431728832435929,-0.12852443903401323,0.1392120722583714,-0.9911732631844555,-0.17987198060273393,0.2890229719206301,-0.5072620185300929,-0.1553566521822873,0.5334396901886798,-0.6379921285534259,-0.21250213255370126,0.6794172838288758,-0.698696744834907,-0.24024989260654495,0.8029567955033564,-0.7297250069244947,-0.2556507755340038,0.35247581502390585,-0.3177889907059504,-0.1737742900304879,0.6637885904629043,-0.4292465279640825,-0.21931163444687987,0.8495207597077066,-0.4971435552893714,-0.2284055398401549,1.0,-0.5273738690596174,-0.2357237745725504,0.3872054189428073,-0.13130654701913191,-0.18268289268195306,0.6486618323300671,-0.268426044221056,-0.22633399204518956,0.5660263261313754,-0.31474873872685005,-0.19339956791662455,0.46235812036584534,-0.2978174427659695,-0.15745389492824463,0.4056521278863542,0.03984303511842699,-0.19151694825337975,0.6017583503605812,-0.11560969632283952,-0.21225102898501244,0.5355308150891629,-0.1567607721210416,-0.16756221840655974,0.44360651613080987,-0.13204503894393843,-0.12607651911960144,3,Show_Desktop
0.0,0.0,0.0,0.013101169058129044,-0.3184269133626772,-0.03994510920713229,0.1285422419250028,-0.6135760616824146,-0.09915272732304689,0.1958661313828702,-0.8349771789366247,-0.15066326677428987,0.14225906445907666,-0.9943930494422492,-0.2056619835056939,0.2750052049269102,-0.4784063880751444,-0.1932949807795039,0.5393669476976698,-0.6142921334452129,-0.24447196459270698,0.6898631156797634,-0.6699417398686185,-0.2636112431793222,0.8171926271596942,-0.6979438961454099,-0.2741345495101256,0.34173254316584334,-0.2820702360197766,-0.20335735753489617,0.6658035600999066,-0.40477367155193744,-0.24261926472526613,0.8511420696191395,-0.47142407501263556,-0.24629423666773081,1.0,-0.5015134595554397,-0.25275104050612784,0.381277544928859,-0.09847231013933783,-0.20097781216160301,0.6585192911765798,-0.2693873888651717,-0.2375937281621442,0.5797890760325909,-0.31693658681572734,-0.20208775844395332,0.4768841660164889,-0.2952111868425056,-0.16844896862976744,0.4062042378269553,0.06043848968092571,-0.19877662754126826,0.6068029971967,-0.11524023629316672,-0.2166128123683981,0.5445459375983591,-0.15874185875826216,-0.17281222424670725,0.45504415250120395,-0.1319285989177958,-0.13434892064629983,3,Show_Desktop
0.0,0.0,0.0,0.026924022044090192,-0.3127132340640799,-0.03636047441711987,0.1410745002147217,-0.5930797594714728,-0.09517689629379084,0.21968862169456818,-0.8106540178099997,-0.14647136974959654,0.1756819048110734,-0.9665721399522819,-0.1996362979695252,0.3011769296708506,-0.4590669378540771,-0.18551933130150638,0.5647235889801004,-0.5957566567915918,-0.2401368157488503,0.7130369425239806,-0.6493210872125437,-0.2617944781285701,0.836830788241498,-0.6725049959251488,-0.2727498731745836,0.3606439438257204,-0.2686052744766808,-0.19554661235494009,0.6763168507752945,-0.3885084837698224,-0.23487217419327963,0.8574309965600948,-0.4572495977949205,-0.23649073744532936,1.0,-0.48453215981194336,-0.24081651635204898,0.39531068603330083,-0.08541498278035932,-0.1940482119561377,0.6605387452810675,-0.22588152391054303,-0.22369246118617353,0.5945797941688896,-0.2986636298325372,-0.18620169287808996,0.5011359632522508,-0.30343946943459305,-0.1530334034506778,0.4138800059404659,0.07568629646478581,-0.19354262701300626,0.6062418138401459,-0.07608590342854059,-0.20414612404327614,0.554881591293932,-0.13896365688646503,-0.15916649662313134,0.47452254175507247,-0.13446606709977535,-0.12059947981985966,3,Show_Desktop
0.0,0.0,0.0,0.041659761054496064,-0.291893077266651,-0.021275606858685514,0.15825988368868862,-0.5637437902813114,-0.07147933986278243,0.23571944418682803,-0.7714528075599034,-0.11865364038417524,0.21297982286769046,-0.9273378979627273,-0.16852995751284777,0.3185604053974844,-0.4430990459906661,-0.1573692605076215,0.5714702815894036,-0.5612007344148167,-0.2085995581838758,0.7164660181473959,-0.6096347627647707,-0.22729151648066664,0.8336047390326371,-0.6324973026639363,-0.23467324724063052,0.3685478212523697,-0.2645824015035881,-0.1761117272022951,0.6807907172141152,-0.3535403789905288,-0.2186818441155599,0.8621882066732149,-0.40491939748408734,-0.22295806380992872,1.0,-0.42085331089410943,-0.22452160236725957,0.3919320541480044,-0.0847578906855681,-0.18310212896751965,0.6385116234684748,-0.1958841866826724,-0.21736732232808362,0.5710138397157516,-0.24618948452086953,-0.18020467497785586,0.47966226777196486,-0.24285899137563427,-0.14311902948230834,0.3992727264683991,0.0819926966140355,-0.18928899791372034,0.5832924263037546,-0.04583725485208455,-0.19836935127461924,0.5301704286651184,-0.08903950189220357,-0.14612869802398368,0.4520495093289357,-0.07554373697446184,-0.0997555703006775,3,Show_Desktop
0.0,0.0,0.0,0.04682673124801532,-0.29103395436185475,-0.016794189954822077,0.15915614606016582,-0.5504946199981119,-0.06418451380237972,0.2389182728130259,-0.7536849365408668,-0.11045337365237476,0.22976832949595496,-0.904021952249021,-0.1590605457398748,0.32932976825147403,-0.4378184757480547,-0.14167690959044407,0.578739649416279,-0.5479735755341966,-0.1928459706199746,0.7238577785129177,-0.5942867664671125,-0.21332551678203707,0.8408123330818427,-0.6141935926834159,-0.22084372905004862,0.3787413658986448,-0.2586976112027002,-0.16116902001331512,0.6810201522831946,-0.3355117575140966,-0.19975163274914615,0.8634742695392259,-0.3749970936832669,-0.20450619137521123,1.0,-0.3824519326421111,-0.20608775432603169,0.39897276332594983,-0.07751447111667321,-0.16990701731531693,0.6248999173747807,-0.17709479117821691,-0.20009818663771992,0.5616011971684283,-0.22024809411940943,-0.1659303177832144,0.47295221703203033,-0.21688971834865034,-0.13126924307800075,0.40168730216565457,0.0874191985431746,-0.17773653706695752,0.5703533847081707,-0.03325544144415463,-0.18357127024367484,0.5197773878415313,-0.07148056746907015,-0.13222112032454458,0.44565452983597453,-0.058585415673512574,-0.08610266236548893,3,Show_Desktop
0.0,0.0,0.0,0.039403719006766334,-0.2897091648247267,-0.01767849505664593,0.1542921330934078,-0.5410539119421762,-0.05824897091993068,0.23655358625415268,-0.7248313854490567,-0.09900179893731843,0.2406819387561497,-0.8748506004381984,-0.1412025111306188,0.35602187487537446,-0.4361207353902637,-0.12026978579861643,0.603317123455701,-0.5408523962541648,-0.1740457728629407,0.7507368767062367,-0.5883258064555112,-0.20077639835313443,0.8667449566695953,-0.610987106621437,-0.2118012627303573,0.4000809990344166,-0.2578624351796239,-0.13811552757877035,0.6839037606996673,-0.3385904657399161,-0.17737525690422756,0.8642355274272822,-0.3720958477496106,-0.18531203309431818,1.0,-0.3753182860229686,-0.18758627887578214,0.41486052818258834,-0.07933252686775133,-0.1484739192267759,0.6223195694392244,-0.19151029814653905,-0.18065694894716763,0.5685843689084557,-0.24451889413507774,-0.15140435613212339,0.4871221807441639,-0.2485987559805143,-0.11823208302912015,0.41349568992083185,0.07744184444559922,-0.1589057549591631,0.573561534492114,-0.05212096016938194,-0.1739425413912055,0.5343838030934924,-0.10316576009783934,-0.13177658272337223,0.46928441688550404,-0.10316696858772247,-0.08923149812001673,3,Show_Desktop
0.0,0.0,0.0,0.0417652788415339,-0.2893938294744754,-0.02252086663478779,0.1547335033228834,-0.5378602367167914,-0.06536832737624035,0.24042783015950792,-0.715838760471721,-0.10687734619055134,0.25178512813438053,-0.8673251977793529,-0.14894488187824786,0.36658991765338306,-0.4375246778206452,-0.12371663247824596,0.6076758725839522,-0.5325904813780571,-0.1839244290194264,0.7580634035650233,-0.5844983445047548,-0.21430033615232746,0.8722565993844221,-0.6129777388218393,-0.2263748332897003,0.4103772911721192,-0.2614154246488019,-0.14061136953160713,0.6920100947152595,-0.3419436132610878,-0.18689446419870037,0.8716203278641733,-0.3839416961214791,-0.19737973198575992,1.0,-0.3971398703195391,-0.19918719652105574,0.42428101318211875,-0.08509566669362396,-0.15096511828582318,0.622933901498033,-0.178060287618513,-0.187149530287688,0.5829466150355123,-0.24442102859535034,-0.16023108245719547,0.5104671124928047,-0.27312817243790705,-0.12775717033283354,0.42356208582886556,0.06881990067028529,-0.16198997182444427,0.5709569107412147,-0.05516771403698224,-0.17879540043953687,0.5420502630715145,-0.11630181153042923,-0.13892052070674712,0.4862190724469457,-0.13722741414497,-0.09729193617896763,3,Show_Desktop
0.0,0.0,0.0,-0.0695712418585776,-0.29614515452271906,0.011497541255937122,-0.2018467188352923,-0.5888316933297593,-0.00947252281928856,-0.27885035395492175,-0.8183292570017524,-0.04041496497371829,-0.28290879597926955,-1.0,-0.07676640342321607,-0.32523701749139433,-0.5405953261763627,-0.07457364722993769,-0.5572739415361638,-0.6711732086000742,-0.12045819838765986,-0.6907011424251696,-0.7417874020403279,-0.13933401841336343,-0.8017066062975449,-0.7935044837734069,-0.14811486390729026,-0.3788485745658721,-0.3997644318496864,-0.1154057379805012,-0.6513436396312418,-0.5371344144748134,-0.1656262405172786,-0.829134740504807,-0.6114095573855839,-0.18817886666591727,-0.9686023932208722,-0.6575450974674701,-0.19895179380682365,-0.40545101485445456,-0.22690855260476728,-0.14748021215668713,-0.6228467240012605,-0.22779135917197565,-0.19975072514020023,-0.5447212127856566,-0.20044358447018118,-0.17779415844841165,-0.4511313757375137,-0.18782714211176743,-0.1455376197676507,-0.41069619457561857,-0.04409326065007396,-0.1773773473259673,-0.5658973774675391,-0.048303237741874935,-0.20069154122541805,-0.5007329934891581,-0.04276044085224699,-0.16119674565139,-0.42118885000381706,-0.04760554503547585,-0.12092805037119075,3,Show_Desktop
0.0,0.0,0.0,-0.09864442657971835,-0.28794954362611025,0.008339720745611118,-0.24771498675864506,-0.5479453818435499,-0.020476315974260494,-0.3391041388777858,-0.7661368627644716,-0.055724967511799624,-0.3772491216093823,-0.9395307964424244,-0.09780461250276497,-0.3645925120848884,-0.4659801222486201,-0.1091424291088762,-0.6143015615666866,-0.5254442104065523,-0.1608285779330229,-0.7581010295172183,-0.5573342435361379,-0.18602188375068596,-0.8810044567002454,-0.5747131289269337,-0.19950607795922118,-0.39526484955455454,-0.29948606476512124,-0.14822298018577487,-0.6835862589317393,-0.38019201087452825,-0.2001082826560473,-0.8632794547166619,-0.42055022358353433,-0.21990805675209465,-1.0,-0.43312778918026357,-0.23240899240464868,-0.3964436220682263,-0.11355618331604247,-0.17590656270209637,-0.6307528784415172,-0.11745059380253689,-0.22420316980137886,-0.5520409950552634,-0.12967575522131553,-0.18939133701521513,-0.4536369937558291,-0.13173688551954166,-0.15150014068237433,-0.3779623134121677,0.07201440755228801,-0.2016144212853238,-0.5661488391171632,0.034330214990501255,-0.2206969989856545,-0.5003777042230116,0.019058269446976944,-0.16737324299186424,-0.4136748989120981,0.01432701131615625,-0.11861990645485655,3,Show_Desktop
0.0,0.0,0.0,-0.09281560850751568,-0.28606674852187897,0.0008318973874120751,-0.24955279128987076,-0.5588077105856822,-0.03180993831409317,-0.3447905585585134,-0.7858807898422733,-0.06862394077569771,-0.3707762491320363,-0.9756722844554196,-0.1127495346538378,-0.348949896971378,-0.47303066940741795,-0.12053694568951495,-0.6056320434980518,-0.5363157891441456,-0.17090532349431342,-0.7546306528777575,-0.5668164562787351,-0.1950520502145721,-0.8817387324380185,-0.5870177048942196,-0.21071998859024493,-0.3789380820209263,-0.3036135465576043,-0.15700099892190883,-0.6774806543491477,-0.36091167338392827,-0.20577173456693185,-0.8589278010730504,-0.3864650256804554,-0.22380546102234028,-1.0,-0.3911681523533791,-0.23854419299076612,-0.38363244296484506,-0.11307853028778514,-0.18257064999580455,-0.6434586686485563,-0.11485703409054622,-0.23173175407694013,-0.5585412950362807,-0.12727181085560402,-0.19574303619629305,-0.45929414593310874,-0.1277968154106525,-0.1592569218936913,-0.3698442643017565,0.07623178841533777,-0.20658324932247132,-0.5659890340730148,0.047153673873556866,-0.2352286733927875,-0.49876559751904825,0.026544505797590552,-0.18854238114588698,-0.4141656685214532,0.02092536044364607,-0.14457360185504697,3,Show_Desktop
0.0,0.0,0.0,-0.08756422357746148,-0.2904332533188369,-0.0018193305777932773,-0.23443752477587118,-0.5792534118069373,-0.03564737705613723,-0.32057104267195907,-0.8155170877650131,-0.07216107444090279,-0.35206948736059335,-1.0,-0.11550190637591931,-0.3383696411485416,-0.498236474472621,-0.1297041297803532,-0.5563530821506554,-0.6388907898967386,-0.1858968950968452,-0.6847731208106987,-0.7264049775128706,-0.21339740594786974,-0.7929347285726644,-0.7985987993951782,-0.23065953014551888,-0.36933124839400705,-0.3320047440547594,-0.16310669499496552,-0.6585510489474371,-0.4052583598792939,-0.2194994931899263,-0.8348132141422933,-0.44164709345942826,-0.23875563114972448,-0.9756450765259677,-0.46049483306066424,-0.2538770030583091,-0.37548373476162866,-0.13677830389066722,-0.18545165574417496,-0.6337561318263578,-0.15240824695942762,-0.24517292477236682,-0.5464395055543145,-0.1560014746082023,-0.21083790511953246,-0.4452667917458096,-0.146108235209047,-0.17335941654774603,-0.3646249627151385,0.052518390636883544,-0.20536951929255748,-0.5625488254138781,0.018541067580183434,-0.24640879284141776,-0.4890547141623076,0.00646787433032515,-0.2044662289600217,-0.39937090270039244,0.006173469190114702,-0.1614952142274978,3,Show_Desktop
0.0,0.0,0.0,-0.08705139670345668,-0.2816597582065627,-0.002882152968966529,-0.23249125310560745,-0.573955931970199,-0.03705129805152809,-0.3138748862143825,-0.8119556088110463,-0.07598739652868058,-0.3401886801508289,-1.0,-0.12282055181785204,-0.3311562218535577,-0.5079911499186502,-0.12266939092458894,-0.5444649396316306,-0.6517560180393198,-0.1802924473702542,-0.6704957293398115,-0.7379080084277347,-0.20798758670464235,-0.7756897928101888,-0.8091457239804889,-0.22511384194597983,-0.36084462923886423,-0.3562618485023493,-0.15795552075777802,-0.6402982662991398,-0.42994981434346696,-0.21542422671334524,-0.8087896089934232,-0.47369724466827395,-0.2344953561225879,-0.942820667467632,-0.500581526495051,-0.24870186042044468,-0.3657780856499738,-0.17191842951050987,-0.18398894013356892,-0.6165383895475612,-0.17594480057720704,-0.2433713741939037,-0.5345106778503197,-0.17031063273602218,-0.21079081237691735,-0.436701600917644,-0.15836174307567524,-0.17487079266740865,-0.35562192938812537,0.013892643969802217,-0.20837813733904215,-0.5521471685978893,-0.0007055108234319183,-0.24710058282193312,-0.4861164748775755,-0.010982291838311637,-0.2077294993268869,-0.3991639456772664,-0.01732836969407067,-0.16769831926804632,3,Show_Desktop
0.0,0.0,0.0,-0.07777577821725565,-0.28251875704765317,-0.002503728030916005,-0.21592541469077114,-0.5789595605901937,-0.03527164309316469,-0.2876661363576899,-0.8132406217952522,-0.07199656178390777,-0.3060406085215739,-1.0,-0.11622874669677692,-0.298843466957156,-0.52359492052066,-0.12348652320568464,-0.5076199209833243,-0.6619873759660908,-0.18025133093517728,-0.628166936926416,-0.7465132663395471,-0.20799642972516663,-0.7306521779362111,-0.8195162637658574,-0.2258448605913188,-0.33051108128787865,-0.3741668054659476,-0.15947769525233907,-0.6022178529697622,-0.4706658089828342,-0.21413726089993185,-0.7611940822368191,-0.5285364940003612,-0.231862746713369,-0.889590436825268,-0.5662260826503451,-0.24635379049034314,-0.341447188309463,-0.19261606970212716,-0.18648313945470907,-0.5939371197777169,-0.22403575980002693,-0.24471761419674978,-0.51736841668629,-0.21774958822879992,-0.2136833513549446,-0.42123635379713353,-0.19947562588903334,-0.1798458615415355,-0.34105759308645567,-0.007571740083509305,-0.21197939075734828,-0.5395660911123151,-0.04877981073521501,-0.2525196294665852,-0.4810377846741344,-0.06089778565689711,-0.21724626508050238,-0.39857888681062226,-0.0636089982776126,-0.18086222725307166,3,Show_Desktop
0.0,0.0,0.0,-0.07894721647315145,-0.26961819611908855,-0.010224232521031407,-0.21863199346124285,-0.5746705921450228,-0.04875005626020191,-0.3006035134271633,-0.8037971881804522,-0.08874869936544434,-0.3127161247855593,-1.0,-0.13626443517450648,-0.2624561655629734,-0.5306549150384999,-0.1438538133991364,-0.47928409847655684,-0.634624810580058,-0.20649680059492573,-0.6093384512537964,-0.7037728731396428,-0.23505656828042895,-0.7211151429454945,-0.7598738953978492,-0.2530088392667471,-0.28911385469742207,-0.37596313865475595,-0.17989895677447465,-0.5508495508453807,-0.4815539299906461,-0.2456668116489667,-0.7153642187814764,-0.5565908516423238,-0.26972069833446094,-0.8513565098228916,-0.6038746242075157,-0.2884336563906948,-0.3042886214590821,-0.18922394601676007,-0.2061955691567969,-0.5701527420822143,-0.2200196829934574,-0.2767871969236753,-0.5022935691528743,-0.20767129914172397,-0.24732261219762694,-0.41100951686847936,-0.18660574861455592,-0.21227938162688428,-0.3157237477753983,0.004998697637655851,-0.23045565653055436,-0.5241142332165271,-0.04584443762967487,-0.28078037299408243,-0.4712550025469845,-0.07018610308807434,-0.24819877967244258,-0.3907491213865861,-0.08247482206394278,-0.21275355299082332,3,Show_Desktop
0.0,0.0,0.0,-0.09114691257520759,-0.27362930638396377,-0.0017640922894253694,-0.24394522221198073,-0.5764016174687754,-0.03557330276019265,-0.3362365636035752,-0.7976781428520165,-0.07404541805990073,-0.3544045909432162,-1.0,-0.12121436946512422,-0.285980201698103,-0.5423589939158463,-0.12898677993546934,-0.4876645842025903,-0.6584954754076214,-0.19196500685181592,-0.6099689494966695,-0.7335704279312399,-0.22142721062135967,-0.713304574267555,-0.7967528899202312,-0.24051140986947733,-0.298029950050414,-0.396694982455375,-0.17013495242020618,-0.5625347849367416,-0.4614225816597279,-0.23614946235629689,-0.7342613772688926,-0.5024169154529905,-0.2602578641806283,-0.8752945505768582,-0.5237656316733428,-0.2797914091728991,-0.299237352355314,-0.21062415522296485,-0.20276762067375784,-0.5715431600589066,-0.18020022051275195,-0.27286188477401446,-0.4973811472151294,-0.15966277169190415,-0.249036907623892,-0.4022049867966758,-0.15116029532103462,-0.22007099387153753,-0.2994357716152102,-0.016988417803414358,-0.23281492379013638,-0.516958865998749,-0.004093980367751101,-0.2850680114260131,-0.4570745964947338,-0.009630722056130135,-0.25887515195117683,-0.36786860423308493,-0.025590455611430356,-0.2292435090397049,3,Show_Desktop
0.0,0.0,0.0,-0.08307406076952496,-0.26896149419807636,-0.005242278993943215,-0.22962817798734592,-0.5727211604058339,-0.04231268903175837,-0.3182299075344261,-0.7950452582059194,-0.08349042787271765,-0.3242462741626607,-1.0,-0.13307642664411226,-0.2659983456750944,-0.5418600142774361,-0.13257228106844623,-0.46551408093666735,-0.6551844368205859,-0.19648321359823692,-0.5856672555200164,-0.7315483137109478,-0.22834238171416774,-0.6881203498499603,-0.7980636447149034,-0.2505244571988107,-0.2825644639610843,-0.39938717500625387,-0.17288359769574851,-0.5485976412324475,-0.4756683708347656,-0.24012023300576907,-0.7170157977121623,-0.5265277789016929,-0.2668870173492832,-0.8535728949665529,-0.5570596081199136,-0.2898873494808678,-0.2904891798636783,-0.21503268364783215,-0.2043899419719497,-0.5690483620881648,-0.21124905752385348,-0.27527615453546017,-0.4909629599397941,-0.18385699765009866,-0.24615100285089514,-0.3950747419207409,-0.16686586352276914,-0.21429687036346529,-0.2972078077661794,-0.02227181522225197,-0.23375407710869187,-0.5185921561356208,-0.026665170198086233,-0.28927676303289196,-0.451907592830602,-0.025789454611087635,-0.26006132186961517,-0.3597727431852334,-0.032111565251014426,-0.2279555179053573,3,Show_Desktop
0.0,0.0,0.0,-0.08384875422116278,-0.26755333169935397,-0.007366866704126012,-0.23592693764400333,-0.5686440307164407,-0.04392697126205693,-0.3236417487183993,-0.7962974359448663,-0.083080343207639,-0.3368929894103196,-1.0,-0.13063866422091017,-0.26235756187985415,-0.5279298418111131,-0.13653041676339037,-0.4551702107299797,-0.6629718337766303,-0.19850687340916273,-0.569063078836896,-0.7509203584462208,-0.22653149462061023,-0.6673469380495337,-0.8250577258350992,-0.2446330705688133,-0.27796408067494494,-0.3891253099728828,-0.17254007461309012,-0.538254860228954,-0.4746872524352281,-0.2371704434003371,-0.6977425116492176,-0.5302883214703822,-0.2580825409425025,-0.8284705846361592,-0.5627154602788271,-0.2754673685191415,-0.28636211804991085,-0.20900860969580592,-0.2002234855367284,-0.5516914354461351,-0.20047930852079926,-0.2664338222586124,-0.48532566762227186,-0.18072179437970384,-0.23797456757375757,-0.3980249244699557,-0.1647819580219079,-0.20638772607604117,-0.2939405570636466,-0.025771103679548425,-0.22579291341509627,-0.5074825701950068,-0.03171425898383321,-0.2726109801874617,-0.45147846081989007,-0.03303614592408115,-0.24134923003191947,-0.3694414316220542,-0.039094912976369314,-0.20890719509440495,3,Show_Desktop
0.0,0.0,0.0,-0.08419048730809461,-0.27832576394689557,-0.006995311308356605,-0.23245069103201207,-0.5753608018839889,-0.03959164108942867,-0.3138779756301465,-0.8025495207281131,-0.07616263696348727,-0.32596147104598466,-1.0,-0.12135643506996026,-0.27501767930121296,-0.5451929917719625,-0.1171818244327687,-0.4748245683029615,-0.6662332998669293,-0.17945377078948024,-0.5929208768079243,-0.7548440573524717,-0.21342118482109762,-0.6939407776330058,-0.8340722397423573,-0.2359874737480361,-0.2893785747867362,-0.40689405551958996,-0.15411965246076945,-0.5451687906147913,-0.472149272737432,-0.2180225410468275,-0.7111997616897817,-0.5189176530714293,-0.24491556534799241,-0.8481669224989973,-0.5487722717377107,-0.26597980322686066,-0.2940693284855094,-0.22986935290020616,-0.1840411802086418,-0.5514557529887539,-0.18859285574722318,-0.2524721987250183,-0.48337398297306233,-0.16310227515790365,-0.2317823447398529,-0.3941809741179301,-0.15552233037213195,-0.20471283883850752,-0.29665066661731526,-0.04144483755507098,-0.21213120531022436,-0.501122328663815,-0.018602504179148355,-0.2598425632691842,-0.44199890169454364,-0.016386318801131616,-0.23068810988257035,-0.3550469911733397,-0.02925884312062533,-0.1991451713353587,3,Show_Desktop
0.0,0.0,0.0,-0.0981672813958692,-0.275616687611084,-0.016647814268857242,-0.2752159761106991,-0.5644526330158132,-0.051951893148687416,-0.37285378357497984,-0.7979453596974998,-0.08657048963642824,-0.3782758780823826,-0.9983721754940467,-0.1289742713819965,-0.35676199777374684,-0.46076721300402046,-0.14533189355502787,-0.5954157760012159,-0.5670377323176815,-0.19905264187935723,-0.7384792805064937,-0.6250124892522069,-0.2224286301134262,-0.8574596368477269,-0.6738394846125376,-0.23777114873472535,-0.38195827252885195,-0.28029716680434164,-0.1728496850225115,-0.6813597734907002,-0.3231926468911964,-0.22574901215085597,-0.8618312269300644,-0.33955286366239756,-0.2407608954104734,-1.0,-0.3444285973619885,-0.2539381558947609,-0.38780042808231224,-0.07771903333891539,-0.19077829241108274,-0.6447504330780132,-0.07821438170813567,-0.24929448481452146,-0.562277392272284,-0.09291335203085795,-0.21976811155967457,-0.45875486025406303,-0.09215449803056806,-0.18608783061130763,-0.38193716393357263,0.11987923069020885,-0.20791027020906222,-0.5780813975578762,0.0899841826259374,-0.24860557502421426,-0.513243180868295,0.07139313914363836,-0.2133855319908247,-0.426687385925633,0.06875913826270631,-0.1766016059046819,3,Show_Desktop
0.0,0.0,0.0,-0.08669443782247833,-0.2691346277678677,-0.03626790437431767,-0.24578466188241033,-0.5398852436107161,-0.08160830386640146,-0.3327853085516527,-0.771940857165561,-0.12458627502556976,-0.3471884273606852,-0.9678367680786525,-0.17435950194276598,-0.35245460299714754,-0.4302823423675219,-0.14879684318683703,-0.595351859311078,-0.5295162722258301,-0.20971228090793076,-0.742764360304373,-0.5821869339931551,-0.23818163313578852,-0.8682257286674503,-0.6227828972426133,-0.25499392026241235,-0.3791875943630171,-0.2512436737389265,-0.17006740824491395,-0.6682919026598383,-0.29266098912992844,-0.2308371591436746,-0.8511102297045873,-0.3125837450369506,-0.2506273401494097,-1.0,-0.31730463601564063,-0.2642684048108537,-0.38047476756898946,-0.06114826262443588,-0.1848042762867118,-0.6295242870882621,-0.05708157622887707,-0.2564326779792863,-0.5464197541012804,-0.07735746560459464,-0.23321843385616708,-0.44422854551482815,-0.08116315519787805,-0.1989280094931774,-0.36524961158743596,0.11833396356183226,-0.20044286987016363,-0.5546390982800242,0.10738819609422738,-0.25405973067460924,-0.4872067039871543,0.08819671075526035,-0.222874316251419,-0.39627637711777325,0.082862032021088,-0.18514086197586666,3,Show_Desktop
0.0,0.0,0.0,-0.0880902305786502,-0.26361116948048363,-0.022523150340040952,-0.23541597320752822,-0.5194819403095168,-0.0591067300450721,-0.32998582399061793,-0.7365490621953041,-0.09514980629334505,-0.363438912680865,-0.9110763787517302,-0.13547984984102932,-0.35166854791670926,-0.42521209777045527,-0.12260089960334715,-0.594493299092723,-0.5213185610265737,-0.17952375448241717,-0.7419110897055642,-0.5657780472066691,-0.20921813967936578,-0.8675159875261035,-0.5990237954885951,-0.22703748264891432,-0.38197836841384275,-0.2535624429348988,-0.14573947125727896,-0.6671566594701879,-0.3052912404411113,-0.20222173745385008,-0.8512492182119881,-0.321968351609662,-0.2256513391867076,-1.0,-0.3240851453149436,-0.24139687129533785,-0.38400745309736817,-0.0711834643389994,-0.16157257679509643,-0.6283430928990404,-0.09360598132138755,-0.22766258376223003,-0.5460714106400031,-0.11018019710045751,-0.203823724915489,-0.4477350307353487,-0.10877189393840782,-0.169259803789144,-0.36747569716275263,0.0995221562906584,-0.1772277848824261,-0.5457785306910293,0.05986993031006844,-0.22555198857438705,-0.47453246132590005,0.0449764425344746,-0.1918626201475274,-0.3890025283752632,0.046271312827397944,-0.15173036741723542,3,Show_Desktop
0.0,0.0,0.0,-0.09346419664110621,-0.27944295266473185,-0.01221904381935561,-0.25142332575173426,-0.5412173568246662,-0.04616800948444719,-0.3536580246770071,-0.7563542712042601,-0.08099753409752086,-0.38597927265729237,-0.9408761202878166,-0.12132467158052039,-0.37535147234137084,-0.4511406625568459,-0.1247799215795517,-0.6444378573651941,-0.5429551833209987,-0.17199424495735427,-0.7967314525284698,-0.5936466329046566,-0.19091405598567485,-0.92189467647754,-0.6319272502302249,-0.2012640849817394,-0.4105565048699181,-0.26856619950067356,-0.14941072426359275,-0.7005843126770278,-0.3284737479060192,-0.1928708261792704,-0.8734722173787816,-0.34791531857569263,-0.20172731971553742,-1.0,-0.3477396631290176,-0.20820362544255078,-0.413199731867127,-0.07347919193328192,-0.1655296845738571,-0.6473468278047073,-0.0848735474521565,-0.2112174563716002,-0.5641610579624227,-0.1021597870436026,-0.17749609079257656,-0.4588378583984615,-0.10324568643177917,-0.14187384630667224,-0.3972948415419965,0.10894318708725813,-0.18162922066911402,-0.5667403515433785,0.08164878468387832,-0.2094995485248389,-0.49784079416927246,0.06892086851285707,-0.16922998239702114,-0.41301148347482636,0.06766286553446399,-0.12920002531313404,3,Show_Desktop
0.0,0.0,0.0,-0.08227772772337916,-0.2586185144674404,-0.01815042068283668,-0.225752710376257,-0.497284267856229,-0.0590171060033627,-0.31493893693978914,-0.7017398895735167,-0.09977345168776766,-0.338233771365525,-0.8781312596926674,-0.14616820717368348,-0.3594323712177025,-0.42445759744440886,-0.14633832166766525,-0.6166616281657754,-0.5118043744502777,-0.20583774189292192,-0.7638443722127073,-0.5595693628994153,-0.23161246347607445,-0.8879804379211066,-0.5923869640096311,-0.24517289930243422,-0.3968414550397109,-0.2513856869281847,-0.17224292350509146,-0.6907576437430746,-0.3198577238433367,-0.2281825015147725,-0.8669676575850663,-0.34879825802758163,-0.2434444728143606,-1.0,-0.35586445797830746,-0.2519404341781836,-0.3974222712054435,-0.06561972965863958,-0.18847551910469487,-0.6130368830167211,-0.08104587376531933,-0.24486729761021203,-0.5246805213539205,-0.1018600399668173,-0.2111540360179902,-0.423545311397208,-0.10623490681352112,-0.1720055907724109,-0.3755574585484119,0.10794402979301283,-0.20452415487106873,-0.5361073057866191,0.07388416050045406,-0.2373767738104365,-0.4632449294629712,0.05532095449043498,-0.192875826413576,-0.38127873582028976,0.050601525594592696,-0.14801707602527422,3,Show_Desktop
0.0,0.0,0.0,-0.07369977012625127,-0.2622807020143365,-0.022159465867224733,-0.21425258730209062,-0.4979432270813028,-0.05921406417936999,-0.3013367171823885,-0.7026310275922585,-0.09557459794313256,-0.327852359236038,-0.8724865986004876,-0.13614790172409194,-0.3655816440018124,-0.41611178792702,-0.13010251958750776,-0.6179632836177392,-0.5071924079134416,-0.18399851586661722,-0.7636123220864014,-0.5580897215881292,-0.20903316214049622,-0.8863996353788057,-0.5926958409061477,-0.22240287140665754,-0.40595283217082667,-0.24432583455550383,-0.15010490848754246,-0.6879443857848705,-0.31263392879633223,-0.19997447469381957,-0.865200694273841,-0.342480176834167,-0.21482943967933874,-1.0,-0.35266906329633085,-0.22384584259524146,-0.4113086504778096,-0.06451815564026374,-0.16230971875205583,-0.6225364584151365,-0.07218337980495255,-0.21322431296428704,-0.5430271678943689,-0.08910845317222514,-0.1842417213741042,-0.44445349938849493,-0.0942580163172726,-0.14933684137993625,-0.3939799570953702,0.10371048887511221,-0.17520194435490025,-0.5456770725754424,0.08034646125707187,-0.20476207262427423,-0.47908777135074315,0.06965497600950196,-0.16553343729555062,-0.3981714413057374,0.06362290155375926,-0.12515159001682966,3,Show_Desktop
0.0,0.0,0.0,-0.06579569664374324,-0.2733320725402512,-0.026248201486069545,-0.20093255415927475,-0.5166830363241175,-0.061343354545562945,-0.2961039428500788,-0.7228672558956583,-0.09658634899354948,-0.3169554148358368,-0.8970779792653628,-0.1343301586667041,-0.3640265639857898,-0.4172306552101684,-0.11432031769480377,-0.6175669388189831,-0.5151547426816715,-0.16323871433775042,-0.7664780591024786,-0.5572893263440944,-0.185360598853628,-0.8864737456559434,-0.5825619335097854,-0.1961419286520201,-0.40828099124299544,-0.24153471365589377,-0.1304905882676867,-0.6816846103485542,-0.3280995668556184,-0.17906219612701052,-0.8655007182685082,-0.36041294612233843,-0.19845832246319794,-1.0,-0.3681750846240973,-0.20860305378888058,-0.4146523235226519,-0.061672844257731674,-0.13954583873819756,-0.6073913945266435,-0.10139874272769732,-0.18439582661216114,-0.5292595948369638,-0.11921280485843959,-0.15570936033095098,-0.4347263720049649,-0.11823033037401004,-0.12045025407589294,-0.3957967794309378,0.09881834577850186,-0.15067334880561067,-0.5241185684432146,0.048744306147310394,-0.1703437123890285,-0.45735013354867127,0.034004238507040034,-0.12876414014307708,-0.380653100651118,0.03405409982471829,-0.08668401853751904,3,Show_Desktop
0.0,0.0,0.0,-0.062390709177325074,-0.24482926497456922,-0.06746681231883059,-0.18784491493026625,-0.4694924331467648,-0.12882739005161725,-0.2876485441801514,-0.6585727223770277,-0.18258107033235227,-0.3240548079644958,-0.8262562930869832,-0.23842981317043388,-0.35763595874877585,-0.3266396185340007,-0.18273077666733625,-0.6030419198530501,-0.4067244877681904,-0.2588033527539473,-0.7577017820103481,-0.43059938079796445,-0.2942245510818701,-0.8804363226777473,-0.44968782961755677,-0.3103597713982079,-0.3906854144147596,-0.14383333169963325,-0.1852794416224793,-0.6663457188592259,-0.18973198704564945,-0.26604129389381254,-0.8548594111966675,-0.213445589321661,-0.2973734894292963,-1.0,-0.2256321008402862,-0.31149769920113973,-0.3891761725733836,0.024894618918662827,-0.18199332816230548,-0.5742524114155833,-0.004601687582483289,-0.25952596800480493,-0.5140983861716496,-3.207992892513525e-05,-0.24790076241850115,-0.4359769274022297,0.01665482976696605,-0.21672735139233254,-0.36865274100714934,0.1656197619491052,-0.18202290184678335,-0.5083828121681546,0.1413114928424629,-0.2269934113324916,-0.4631477360926825,0.14539455490732317,-0.2008547483645219,-0.40254667109844944,0.1646431063351622,-0.16501639957193023,3,Show_Desktop
0.0,0.0,0.0,-0.05672624409627802,-0.23894393884543824,-0.05367390924232481,-0.19253921081654474,-0.4742767902995549,-0.10155112881327591,-0.2994740019748228,-0.6566505345371494,-0.14276016431919497,-0.33363711367979726,-0.8218474094582227,-0.18660539133962994,-0.3413638184077059,-0.35074482811705093,-0.16211892645286954,-0.6047541574109375,-0.441214744541876,-0.2285041903899831,-0.7607232157139129,-0.47961314159190926,-0.2536382117943203,-0.8816316522483755,-0.511174526469481,-0.2626523435938986,-0.38039122418568627,-0.17254382915978625,-0.1678254818543467,-0.6723223832094358,-0.23283605963916787,-0.2374229523492671,-0.8576594140236473,-0.27210220008731556,-0.25915167850436405,-1.0,-0.29243433593876844,-0.2659166794003708,-0.38108848577273663,-0.0002369306298385865,-0.16701464089493398,-0.5873176566237746,-0.017827225855024914,-0.24309613300466293,-0.5061565882951458,-0.03075257346352892,-0.22425317606830827,-0.41082538453119605,-0.025914738648677577,-0.18630770589330434,-0.3588338442776442,0.15107454655446337,-0.1677706465451883,-0.49844010646243325,0.12524700318834062,-0.2160898372045891,-0.435648979454386,0.11410074001734284,-0.18513812399769092,-0.36314489931650923,0.11572648102690786,-0.14425981982266053,3,Show_Desktop
0.0,0.0,0.0,-0.07542729675526133,-0.26534041177724405,-0.033021664259909475,-0.218580432498209,-0.5129799348673538,-0.07421385797576922,-0.32835473285476935,-0.7170141446479594,-0.11347418634688691,-0.3533100073746388,-0.9021747796715104,-0.15631348117575974,-0.37686496364834104,-0.4411160472052957,-0.12592110204061865,-0.6266816217300367,-0.543423544042803,-0.1802952477799251,-0.7736955805856671,-0.5972439244079771,-0.20576461479423797,-0.8922988201894526,-0.6379511699723316,-0.21853079705007578,-0.4203064286047625,-0.266946418223799,-0.14238308871067737,-0.6997844662691101,-0.3510287116443075,-0.19373558554745324,-0.872275966270061,-0.3969653529491021,-0.21201367394627302,-1.0,-0.4215762533411532,-0.2205664665439555,-0.42840024466070153,-0.07801083417976125,-0.15250258975148012,-0.6368526545408157,-0.11938342109216923,-0.2105296394322026,-0.5686336612689851,-0.1389796841208563,-0.1933940824231431,-0.4739898785605747,-0.14011813758843605,-0.16443328255644543,-0.4159588881075208,0.10177996365785011,-0.16356335020679716,-0.5494733518940358,0.04091644480087963,-0.20109093195578762,-0.48486502041009194,0.03174912944590437,-0.17131385276041763,-0.4095705578553655,0.033788456269094005,-0.13537788586714772,3,Show_Desktop
0.0,0.0,0.0,-0.0653526110635004,-0.2817901118866969,-0.015145640766034654,-0.19858814020986698,-0.5428945803347873,-0.0501156906159198,-0.29508775672694465,-0.7518413186891441,-0.08599104629108349,-0.31088733996879164,-0.9338268700889545,-0.12719023082358677,-0.3575418476914965,-0.4818878678277151,-0.13313892009936634,-0.613074198553982,-0.5955745245759796,-0.19009250252749713,-0.7595818986797448,-0.6627074111421799,-0.2172558701603227,-0.8790739904209599,-0.7213916601763805,-0.23150838675343116,-0.4064105549784536,-0.3075036586108959,-0.15500663752419638,-0.699634956679239,-0.38856524702480505,-0.20594086242336115,-0.8717356369036927,-0.4440910267890937,-0.22212555688828198,-1.0,-0.48522696992912046,-0.23197603473304282,-0.4212693422229388,-0.12295161573028277,-0.16710688425880202,-0.6358411722144441,-0.16671976133308186,-0.2175657900725305,-0.5601186734544856,-0.18085312249467836,-0.19113749168156666,-0.4618454393756125,-0.17379628408739098,-0.15841989967931686,-0.41474484961231245,0.050802694381841304,-0.17923828581470494,-0.5597362760660196,-0.011548053760846473,-0.20960222333832434,-0.49512703857828066,-0.02973117984647078,-0.1744625701330975,-0.4146157434539053,-0.031020794052085073,-0.13601305187130638,3,Show_Desktop
0.0,0.0,0.0,-0.06138204505509314,-0.29224595940626136,-0.0043287944798896475,-0.1911667474259762,-0.5581862701527928,-0.031264667313455466,-0.28112239192827426,-0.7722727963460474,-0.06131344501055357,-0.2951707844357218,-0.9483434784229284,-0.09518031095917918,-0.3517786640594312,-0.5077844328546074,-0.11261594423641108,-0.6119306827076637,-0.6323425265143804,-0.16068728110881805,-0.7606764285079407,-0.6947401318335995,-0.1798360361730002,-0.8803190040513457,-0.7395922276093619,-0.18849462284685398,-0.4005470606956387,-0.33658282034446474,-0.1378313870172456,-0.6908711396811107,-0.426817156144541,-0.18771026597289872,-0.8696527540836017,-0.47529137863309373,-0.20348687783792266,-1.0,-0.5057140317627798,-0.2119359980393144,-0.41892835741298784,-0.14655578270106917,-0.15300104966314995,-0.626495456930439,-0.19379137719949652,-0.19748331319845802,-0.5414630719694472,-0.18679714312747833,-0.16164420724702258,-0.44420726375034764,-0.16747626679817532,-0.12221509612030118,-0.4154951788125801,0.03252631367680411,-0.16773683411320775,-0.5585403686638587,-0.02384387552935577,-0.18672995428019315,-0.4865537183210856,-0.023968598486694786,-0.1407687739422656,-0.40811444693253207,-0.010769182247479019,-0.09548426940779763,3,Show_Desktop
0.0,0.0,0.0,-0.06542032527494678,-0.29446431182927035,-0.008493679904780359,-0.19054459152212527,-0.5559856757646447,-0.04007750904646141,-0.2750119542075798,-0.770280388472036,-0.07276615188513794,-0.2933431084883364,-0.9512506593300057,-0.10942301737962586,-0.3669311837486314,-0.49855536208514245,-0.1172092477346042,-0.6248037072558342,-0.6144961130339478,-0.16013790432541208,-0.7673974115374946,-0.6709188773506518,-0.17839639879635144,-0.8839254659950037,-0.7095757447621948,-0.18890901520951953,-0.4100739599839406,-0.32265844049214637,-0.14106986489213738,-0.6949924331098413,-0.4096428964620475,-0.18041361997575658,-0.8695390632830827,-0.4487464377009142,-0.19079243621617062,-1.0,-0.4661212553752854,-0.1998847544670277,-0.4199339218509769,-0.1306831781705489,-0.1555480466147154,-0.6428527805788082,-0.18593462184993623,-0.1851821746038835,-0.5728168713990175,-0.21104639985277018,-0.14717850946848737,-0.47849557187669284,-0.21051701879316456,-0.11399820619585532,-0.40882047984435704,0.048914207404542984,-0.17097604353318635,-0.5673028733368862,-0.012649276968993551,-0.1829790504340368,-0.507388330173844,-0.03309466910808192,-0.13898732690843016,-0.4295610984615907,-0.031059578236933765,-0.09935683516189989,3,Show_Desktop
0.0,0.0,0.0,-0.052475055252961464,-0.29136257171656055,-0.013692566016479136,-0.1711257865207874,-0.547486370055471,-0.04283433671867063,-0.2615052320228066,-0.7643324134414305,-0.0733149730821869,-0.2924120146953722,-0.9404240309760058,-0.10614591619376419,-0.366182413375378,-0.4942657135723467,-0.09516833674244955,-0.6159503707529859,-0.6237400805576949,-0.13155204857893513,-0.7566127193440189,-0.6780899715049282,-0.1469355728261672,-0.8720342733492475,-0.7177851785995009,-0.15421875862011228,-0.4196929084656916,-0.3192296158515561,-0.11282529082139292,-0.6911748503579388,-0.42445609024364145,-0.1478665340361443,-0.8702667070027597,-0.47142421196000384,-0.16121806704987135,-1.0,-0.4898145640597485,-0.16954029254536457,-0.4316527802180527,-0.1308102138385385,-0.12241120901134157,-0.6111330258807117,-0.16954686626867801,-0.15244189537664127,-0.5362695895362186,-0.17061189765024645,-0.12523237964754655,-0.44149170445973634,-0.15940938448266978,-0.0953131156843669,-0.4182463575319067,0.043750833913494935,-0.13299859125615082,-0.5402906048168165,0.008473221634060925,-0.14016434386555698,-0.4755754828771964,0.008271100818655355,-0.09939210859428574,-0.39794761504043075,0.013619772435740772,-0.060866432150079676,3,Show_Desktop
0.0,0.0,0.0,-0.05717136377459601,-0.2927845265737949,-0.006761910810882617,-0.1708538312153101,-0.5435548192998435,-0.0307129964861686,-0.2628386521883449,-0.7527794747982478,-0.058379807802094306,-0.3008784447744457,-0.9200697562357291,-0.08804720740771577,-0.3787239616843047,-0.4940788476284284,-0.0779444210997535,-0.6320732103003153,-0.6145769614561891,-0.11153314957351576,-0.7734899512559046,-0.669356395809319,-0.12452015419649577,-0.8874381456969679,-0.7121756678306874,-0.12932226325482393,-0.43224367230335076,-0.32459525578767706,-0.09648747718180402,-0.7047118691092942,-0.40997335388048367,-0.1314146057703583,-0.8786924685909526,-0.45027755784134876,-0.14729357317558628,-1.0,-0.46948924642888284,-0.1555973004250465,-0.4432304468786223,-0.13918968335208107,-0.10683607384570007,-0.6113944201451722,-0.15394468061044306,-0.1360341643724359,-0.5287372222731006,-0.15021651662687202,-0.11005270852336986,-0.4322615763523321,-0.14348073002664868,-0.079533035129289,-0.42861906843043446,0.03371731722123492,-0.11772704082792881,-0.5358068743046885,0.01384717181073179,-0.12302400685158252,-0.4628599824797932,0.01288164122681635,-0.08289505970111495,-0.3854102867391407,0.013167333173871372,-0.04350915875970975,3,Show_Desktop
0.0,0.0,0.0,-0.06025928702530828,-0.29106015562391746,-0.009291958300172366,-0.17067678308300804,-0.5395271824832614,-0.0345422166097011,-0.26504898792751336,-0.741117545174883,-0.0649804097436359,-0.3129917534834423,-0.9056882868443502,-0.09654261083972462,-0.3915603753586847,-0.49486880541840084,-0.06931785287110792,-0.6384977897267533,-0.5983837861592948,-0.10258120498960958,-0.7783718946307163,-0.649897629449629,-0.11685298619840932,-0.8909324509474447,-0.6913683013209937,-0.12240207268342858,-0.442817516738619,-0.32254452860429644,-0.09007346580185269,-0.7060848434712923,-0.4049254194348939,-0.1262531345193772,-0.8806762660600264,-0.44768761471447405,-0.14691927823884052,-1.0,-0.4684295426931727,-0.15861320709647825,-0.45179497453661815,-0.13423752035777992,-0.10379310685864766,-0.6090830597420055,-0.1438789649199907,-0.13693939366422117,-0.5318138458754491,-0.13731380709872554,-0.11676653834017701,-0.437327249696249,-0.13088255822971331,-0.08958595352255688,-0.4368770519349585,0.041962877749915986,-0.11827734412049395,-0.5449519168627045,0.024052426130341493,-0.12577217389067724,-0.4731825349636791,0.028950184835715948,-0.087630104053798,-0.3952159863505933,0.032167360339167075,-0.049529569742860366,3,Show_Desktop
0.0,0.0,0.0,-0.05439853687507562,-0.2935283932283783,-0.002810486607222031,-0.16959000472413036,-0.5407291828258532,-0.02188334421441486,-0.2645442720295838,-0.7434076793977211,-0.04438454877980239,-0.29818023084480605,-0.9085290885440591,-0.06813640379167296,-0.3786011453380464,-0.47623024437459494,-0.07535816393437082,-0.6365711699527236,-0.589560675957289,-0.10225218847424504,-0.7745871908292631,-0.641760057352248,-0.10898250539260594,-0.8853922710014203,-0.6792056934556486,-0.10928657265046665,-0.43561552506876594,-0.30573959247974675,-0.09146599415535067,-0.7071061764615811,-0.4007892460518871,-0.12151092673483128,-0.8810319890396159,-0.44196373213327367,-0.13561985772587953,-1.0,-0.45542725265964523,-0.14172313544901938,-0.44812945020861983,-0.1249238792490189,-0.09784055795144295,-0.5971408719610061,-0.15917683659981094,-0.11510706460764725,-0.5176493460267353,-0.16244256115138253,-0.0870101925743484,-0.42481403443243415,-0.15525369985757323,-0.056844874054502295,-0.43290203679801353,0.04098697676239934,-0.10511386276177238,-0.5162076328090602,0.0071825858815272444,-0.09944650655280417,-0.4439424951340453,0.004942765729822918,-0.05878854181208663,-0.3694879916220736,0.008949741980148612,-0.020046364348824147,3,Show_Desktop
0.0,0.0,0.0,-0.07133736176322664,-0.2812503710185447,-0.00909502926058498,-0.1947486761426803,-0.5430769265745774,-0.037607792582708396,-0.2835200572309525,-0.757668495467069,-0.07330768243914348,-0.31963219210765564,-0.936790059961649,-0.1131089573283305,-0.383981395898701,-0.4899811730981179,-0.07888838550886566,-0.6405428351803636,-0.5876721557623632,-0.1256130795811829,-0.7831906559153176,-0.6441091601605275,-0.14733517336608232,-0.8982744827401542,-0.6880251254390017,-0.15771320937136385,-0.42802391797098893,-0.329611738407865,-0.10708881042140633,-0.6991972358581624,-0.40423427203445983,-0.15760618236222423,-0.8730689668848108,-0.4281287504449065,-0.18216797314843494,-1.0,-0.43543797365648346,-0.19365319164330838,-0.4350065185590107,-0.1522463073076823,-0.1297185892349907,-0.6148937390257451,-0.12730400937480185,-0.18216852572924627,-0.5329960843176429,-0.11122144483399463,-0.16418203610905052,-0.4356883085520311,-0.10954362003457198,-0.13342090435281861,-0.42035295957230373,0.023157114575831392,-0.15282730562576272,-0.5516312564462499,0.03372397533834997,-0.17739681675530863,-0.4816802094224438,0.03736279892095808,-0.14249205516329994,-0.4016695392448576,0.028051654370112186,-0.10367733437259533,3,Show_Desktop
0.0,0.0,0.0,-0.07336705829353929,-0.28134385111987803,0.002151450670504352,-0.21154432736454806,-0.5313838955108773,-0.016886366636887112,-0.3163223929356334,-0.7334601706956829,-0.043354587221212375,-0.34459616369124896,-0.9097848796617748,-0.07366817173083282,-0.3753153534744882,-0.48345727254131493,-0.07580048101638229,-0.6386886530836924,-0.5748330257965655,-0.12032405528959685,-0.7877940208769328,-0.6252953156975135,-0.13691813929020166,-0.9034680250056498,-0.6614568031026332,-0.14263781833175895,-0.4189709071422615,-0.32869059391223043,-0.10360504681240183,-0.7031433569253487,-0.3970264562228485,-0.1507949698486405,-0.8771151384999926,-0.43151436855074954,-0.1697482761566324,-1.0,-0.452128535452281,-0.17642303729573544,-0.42778727970754693,-0.15578084568019807,-0.12391331819482895,-0.6193885654659416,-0.12732408608104337,-0.16928952636682648,-0.5419810437020488,-0.10697941637278965,-0.1448414440288274,-0.4482548560913658,-0.10203747107922408,-0.11016096804094007,-0.4137609604770275,0.016209969476513545,-0.14370278099168876,-0.5434080575173326,0.028370749856619266,-0.16107162267854175,-0.48102905546219826,0.03484641090693285,-0.1236116764184261,-0.4069305404017054,0.0253988016225177,-0.08336407182091866,3,Show_Desktop
0.0,0.0,0.0,-0.07111144798006167,-0.27630394921264684,-0.0016903056015861817,-0.20259196441630675,-0.5196460519012808,-0.025388933127091794,-0.30572883319465743,-0.7179329279928088,-0.05515948846786649,-0.34150891674891976,-0.8889944429538262,-0.08940529934304557,-0.3649934181403607,-0.47538704143714106,-0.08994905042670347,-0.6276178511269558,-0.573795045055953,-0.13222965117032284,-0.7702405502609012,-0.6279491235326424,-0.14741274274098992,-0.88446572153939,-0.6722572921096144,-0.15411599930856223,-0.40806536915078995,-0.3198839481084055,-0.1179474561782511,-0.6962295000983162,-0.37648067626065135,-0.16320823724254604,-0.8737902987554037,-0.4046691005179279,-0.18141724676226886,-1.0,-0.4202062122293761,-0.19046642594286364,-0.41270027693210753,-0.1461785500148685,-0.13762271084391298,-0.6121945537654145,-0.14147583793998933,-0.18110486269550294,-0.5298602844099525,-0.13073491136525883,-0.15477916465030073,-0.4361082563351004,-0.125356093620294,-0.12172787094437956,-0.39324335057822535,0.020113659368664535,-0.15681741014640052,-0.5244376360323639,0.021825475622903514,-0.17514076373707374,-0.4617777510865638,0.018375205713383504,-0.13753143234068307,-0.3911043672745483,0.00953183072561249,-0.09867376790074169,3,Show_Desktop
0.0,0.0,0.0,-0.07704855880862684,-0.2634440024592261,-0.005184874568763259,-0.2072772891229037,-0.5066408825710057,-0.030347497825704964,-0.3089719311065782,-0.6958068677658575,-0.062135342391804016,-0.3416607647927595,-0.8636369563923637,-0.09782205807188364,-0.36737333456310445,-0.46207108472214087,-0.08250336843963658,-0.6242187772297287,-0.5575496130844485,-0.12986251301685572,-0.7626666622407552,-0.6130868195487135,-0.14976601471107093,-0.8745145031981557,-0.6591076840857106,-0.1586680539576828,-0.4034795251407973,-0.31516717971674324,-0.11143743370017536,-0.6922024370807288,-0.35542147678281444,-0.16208606288079452,-0.8701610660313587,-0.37674528112875916,-0.18486272700177175,-1.0,-0.3920578283269557,-0.1954213562606347,-0.40247705619350593,-0.14762445919906336,-0.13390942123712482,-0.5985012283089833,-0.1110680111637294,-0.18905687581245426,-0.5142772395685021,-0.09564236612072258,-0.17039786534035256,-0.420932158601589,-0.09899973610502878,-0.13865326232445746,-0.38095669395794324,0.018374961796875797,-0.1554881551197928,-0.5175729629288026,0.037716827181039775,-0.18282662496048607,-0.45131232621875966,0.040981015922137466,-0.14850986101465638,-0.37801354186647484,0.027122617743273583,-0.11001205557519537,3,Show_Desktop
0.0,0.0,0.0,-0.08581350207603279,-0.26342215639838235,-0.0064267146015826,-0.2204803158292513,-0.501734995411369,-0.033006022222934875,-0.31928586349585614,-0.6916393030913994,-0.06522413461153441,-0.3458170697072899,-0.8644154600483978,-0.10190770889689328,-0.371853267081795,-0.4553494518287631,-0.0877922922116452,-0.6316258775316685,-0.5462118562714029,-0.13484915778940196,-0.7738114741593182,-0.5981455358840332,-0.15549592884840166,-0.8885150439029886,-0.6439215308893494,-0.1648698946460841,-0.4074054166969837,-0.30448347975486617,-0.11405309485826429,-0.6957488857020137,-0.32645422048430595,-0.15998788759531812,-0.8709414086979789,-0.3355162385900346,-0.1785104657722116,-1.0,-0.34414849795682695,-0.18717683181117858,-0.4064721994681413,-0.1385405102182123,-0.13355587678915082,-0.5993179252346539,-0.10355096666377188,-0.1828997964423395,-0.5191126456098185,-0.09264504650829826,-0.16330066499625182,-0.42847321812075023,-0.09674383234010792,-0.13280255208541678,-0.3854623720523033,0.02454037408491432,-0.15258926289369648,-0.5180540918618106,0.04500355589562801,-0.17568619860357296,-0.4552466477175375,0.04441231489978946,-0.1409953854887727,-0.3850931691597055,0.02807021661624258,-0.10315230904053738,3,Show_Desktop
0.0,0.0,0.0,-0.08658122551263871,-0.26399780316994687,0.008292325841054625,-0.22341258944295372,-0.49495976432467326,-0.01499432579571531,-0.32687713044007305,-0.6836148941882898,-0.046641636132373876,-0.35922986918384425,-0.852015824129566,-0.08411727870281538,-0.3752442716693254,-0.46140807128328276,-0.08342644559401192,-0.6333177748028385,-0.5481147359798809,-0.1350469601154767,-0.779242774855692,-0.5936984897733004,-0.15849880215700646,-0.8978586779602649,-0.6320187510438584,-0.16962003407784917,-0.409656186230677,-0.31442623436032946,-0.11713215546116619,-0.6958132675662426,-0.3434891308356528,-0.16817636766433164,-0.8691733910134335,-0.3530859331230622,-0.18927700312890175,-1.0,-0.3617445254840038,-0.19933288287923548,-0.40809900205377303,-0.1507391398207629,-0.14233787777827692,-0.6061733461466092,-0.09713150654104269,-0.19327164800328991,-0.5308917480983866,-0.08635242819957421,-0.1732234449430906,-0.4424298744457127,-0.09488088327977895,-0.1425462090072544,-0.38532615244901214,0.013945595569506815,-0.16572523844153542,-0.524023835324191,0.047050969417034315,-0.18968685334652935,-0.46646204889168374,0.04909346699105459,-0.15472273623519173,-0.39785104355300144,0.0296907971096369,-0.11643040661813124,3,Show_Desktop
0.0,0.0,0.0,-0.08338550442531707,-0.2820937376440889,0.015337378808394007,-0.20688415097782778,-0.5455903160071779,-0.011823893394227729,-0.2901114997414763,-0.7591354968216795,-0.04954208547732028,-0.3086210651175522,-0.9440861340065088,-0.09439156766960106,-0.3602299340004258,-0.5243653395784543,-0.08752237304689356,-0.6154929286170504,-0.679385869399921,-0.14007108955287,-0.7573553940204995,-0.7653371452903068,-0.15987692306362156,-0.8698527327473463,-0.8272431643298154,-0.16604070541709948,-0.4035774810669424,-0.3819576021168527,-0.127624071699529,-0.6882183764713039,-0.4982623559110679,-0.18217965429024038,-0.8665885215487089,-0.5514474284497703,-0.1994960720645036,-1.0,-0.5846204568265458,-0.2045786323613496,-0.4177092977280331,-0.20710921865020226,-0.1583382509628886,-0.6336251102527449,-0.178386447276377,-0.21145399353413466,-0.5652967547674808,-0.1483811551446212,-0.1857145854012839,-0.47214574652513763,-0.14420803552419478,-0.1498578075187449,-0.41274345326804346,-0.019335624562790837,-0.18597494915930574,-0.5734288755740746,-0.0046570759451321515,-0.20674720500650304,-0.5095532102557864,0.00796690896925089,-0.16234422742202662,-0.4281738495696341,-0.0003727607287326257,-0.11698428642625425,3,Show_Desktop
0.0,0.0,0.0,-0.037321110160178535,-0.2911139318862172,-0.007686936754980117,-0.1415570762123033,-0.550666815363005,-0.030343474077499967,-0.23321884550659297,-0.7626628506842329,-0.059255534159800886,-0.26835938234214274,-0.9392963071097317,-0.09053583077766926,-0.35772304137475613,-0.5465076618294411,-0.07723019213733855,-0.6031634728280415,-0.7018333506673166,-0.12655820007421445,-0.7431359305905542,-0.790559954488896,-0.14701445139775804,-0.8567179627265061,-0.8528304723907238,-0.15239107708521757,-0.42406637704295613,-0.3993002918374482,-0.0987363424643243,-0.6918443399950128,-0.5463079242200021,-0.14832186186355767,-0.8668985661245515,-0.6260368123681939,-0.16887849887867082,-1.0,-0.6684914547639424,-0.17341908358107558,-0.45050479483037964,-0.22593431213951057,-0.11385576838786013,-0.6137516963286623,-0.22845571752039667,-0.16571413324607023,-0.5320489895958509,-0.2123817268907721,-0.15210378197603225,-0.4366444582837853,-0.19822316229495254,-0.12003275420448498,-0.4518357941324258,-0.04777387797961774,-0.1286934204935632,-0.5459472938310651,-0.06007064746813157,-0.1503050627276672,-0.47663834335571714,-0.059343873230524015,-0.11916949051199568,-0.3996260871853412,-0.06099139524363853,-0.07988408501582817,3,Show_Desktop
0.0,0.0,0.0,-0.0059545784917708795,-0.3330759297478032,-0.01620019884646947,-0.07724212094685638,-0.6138948968065633,-0.03869994987933918,-0.16707964032090075,-0.8293925917285692,-0.06118031483213997,-0.22095337629689868,-1.0,-0.08213107078438009,-0.33265433623712454,-0.5635102769779957,-0.081159325252446,-0.5788301460955627,-0.7372546710910373,-0.11173289290740672,-0.7140080186673078,-0.8223708933490839,-0.11794741681072714,-0.8190564668455562,-0.8840176307242495,-0.11258573428260761,-0.4204735712450392,-0.40056335346895117,-0.08765014593063797,-0.6772216808830107,-0.5809225703971754,-0.11787085254061899,-0.8395045086434235,-0.683273095208882,-0.12881546822065137,-0.945426129939384,-0.7384854765505976,-0.12885964785057344,-0.4588114831893542,-0.2206547532914555,-0.08566540679041913,-0.5826171974939326,-0.29352206784120466,-0.10586203992951225,-0.5023240600184098,-0.2826519703616323,-0.08392778644025856,-0.40779027779229704,-0.25469062326513925,-0.05420607581186551,-0.46511777933424264,-0.045587944818980264,-0.08467593438615593,-0.518938008009864,-0.10500773311163795,-0.07367555900974788,-0.44905939943075934,-0.10578627120966114,-0.03178258815650865,-0.37895933390151026,-0.09397780148543969,0.009459194165820979,3,Show_Desktop
0.0,0.0,0.0,-0.0014758024626252352,-0.34279693714202936,-0.024575806480892817,-0.06914192514785822,-0.6206499884521753,-0.05040247367226807,-0.17286823503174778,-0.8271146100155061,-0.07595761509102714,-0.23202724841864691,-1.0,-0.0976497004073724,-0.35014227491828365,-0.5807361317297053,-0.08080150164564232,-0.5949469451317897,-0.7442673072029516,-0.10657867461426558,-0.7240262102263215,-0.8277563323219324,-0.10873876908087204,-0.8234585401325824,-0.8924873696660407,-0.10037938298674028,-0.44541675257379887,-0.40470121949476123,-0.08310991993834965,-0.695404283464627,-0.5653776837573413,-0.10379741797267798,-0.8503625889873463,-0.6636469714042822,-0.11105534292547803,-0.9484403129952897,-0.7161817903988812,-0.1076761647017209,-0.4837185202646056,-0.21256829021351245,-0.07841096692258838,-0.5561667448699543,-0.26986074943634863,-0.08710844854375682,-0.482652848246335,-0.25912778501921513,-0.06973467087385052,-0.39945847532498313,-0.22897573177786623,-0.04447103459252327,-0.49005441614547907,-0.029193599677741038,-0.07671832506304233,-0.4872187659934195,-0.0856248167358636,-0.05487272376765279,-0.41221286500735915,-0.08565626748256469,-0.017422592014041748,-0.3412992144620064,-0.07219757168467036,0.02022894538740861,3,Show_Desktop
0.0,0.0,0.0,0.0066968451108443934,-0.3483507019836781,-0.021898455255677657,-0.08408648642615298,-0.6284106403083141,-0.040087128062499686,-0.20694173976707628,-0.8296532862309628,-0.06253660513253272,-0.2684137516319625,-1.0,-0.08202731903481274,-0.38874349613020404,-0.5890039125243682,-0.05936270947802638,-0.6332502833153176,-0.7360788322909353,-0.08690516688131984,-0.7663659286341882,-0.8149037983611137,-0.0932839199154708,-0.8709083216397094,-0.8734967894418697,-0.08953092391484715,-0.48072444310969126,-0.4078680212783843,-0.06637339562778778,-0.7283415075339725,-0.5462758816259945,-0.08677122649107197,-0.8851989590320295,-0.6334954918943392,-0.0982986511783787,-0.9901660198113185,-0.6713587659625379,-0.09849818835154583,-0.5105781516016864,-0.20643737048504907,-0.06906170286716123,-0.5641881416015015,-0.21494014364409247,-0.08238882619730999,-0.48629378220106617,-0.204804971978903,-0.07722864404186729,-0.40281020193257844,-0.18576276436222922,-0.05973175405750413,-0.5094447159295237,-0.010133078846591863,-0.07497739798639434,-0.483501787790287,-0.01697938608561651,-0.06002110257877083,-0.4049506321532976,-0.015290132674234996,-0.03600739620837054,-0.33559148460016874,-0.010258647962449253,-0.00844270873878181,3,Show_Desktop
0.0,0.0,0.0,0.005478046552067139,-0.3646033348315269,-0.01758868694867566,-0.09866286223741702,-0.6363467900588716,-0.02315205167192738,-0.23054804412057264,-0.83374730140953,-0.03258933281439822,-0.30423669493586014,-0.9994724393784216,-0.03809019765277752,-0.41801921617459603,-0.5831136392104275,-0.024244635429544224,-0.6583385524502833,-0.7265331309543984,-0.032234026077684864,-0.788251092330477,-0.7973249876583235,-0.028556692879127554,-0.8882151725255859,-0.8525991202410864,-0.018756159757843872,-0.5077126268245419,-0.3979542289583625,-0.023161585674627814,-0.7450399354548737,-0.5221151791569345,-0.022409003881087484,-0.8987783582254512,-0.6034059343201762,-0.022716149872989873,-1.0,-0.6390214339922929,-0.016127749621367034,-0.5343354651891039,-0.1954461055563333,-0.019909810061964885,-0.5900130048114118,-0.23522240806371988,-0.019436297521808386,-0.5038533661462286,-0.2313231750897074,-0.015812776393134435,-0.4161327817033724,-0.20873864381553062,-9.417479258476939e-05,-0.5277402206028633,-0.002574805296237078,-0.01950747658710138,-0.5040716480374893,-0.04258909953654241,0.0012835335693385796,-0.4261566177174898,-0.0429715073055357,0.019731934208365724,-0.3565217471393099,-0.030500519455639964,0.043072201771768785,3,Show_Desktop
0.0,0.0,0.0,0.006498355285399397,-0.363117232822621,-0.034848272718432646,-0.09053663673612895,-0.6325123564889316,-0.05629918398836192,-0.21805209502494963,-0.8265907923028033,-0.08077330688471616,-0.29244606079865854,-1.0,-0.10502931466752932,-0.424764237853115,-0.5594746886367632,-0.05623623810462786,-0.6557720523604106,-0.6932856597114228,-0.08216280441848944,-0.7868571160529554,-0.7604218785920026,-0.09162425811039197,-0.8887996287982258,-0.8165881215432257,-0.09005845531682817,-0.5198014425482427,-0.3665630197839051,-0.05338517188204541,-0.729848442845745,-0.4661709421357963,-0.0525885231517972,-0.8743168856238759,-0.538359207021055,-0.05067214024453172,-0.9696004594382615,-0.5704776264722985,-0.04535374130467959,-0.5446207014293635,-0.15172069602023017,-0.051546984362183745,-0.5622090477896929,-0.16137135052536208,-0.05580490066049407,-0.4754596495557749,-0.15172661225980066,-0.06456775606802155,-0.38391175844162867,-0.13391999891817333,-0.059878317443090856,-0.5371193322424914,0.05569716967098946,-0.05431705554827991,-0.47724804426023343,0.05942144248062854,-0.048583925573356314,-0.39812721436395354,0.05925113929870587,-0.04695696959588366,-0.3254217011048155,0.06112531947693681,-0.0355405222702775,3,Show_Desktop
0.0,0.0,0.0,0.025458380264581814,-0.37020738090505534,-0.03670558028993164,-0.06752401775657589,-0.6433472470681773,-0.04974699780688211,-0.19231873495439386,-0.8259069325735993,-0.06537107298522085,-0.2643790719759712,-1.0,-0.08015523065213045,-0.40798405441816293,-0.5545630424700192,-0.03154645575096215,-0.6233070518341837,-0.692029859316681,-0.04456540493270202,-0.7503416594889463,-0.755848848251949,-0.046703061186152854,-0.8475949115483999,-0.8005764261578215,-0.04217988957238046,-0.4994461008414497,-0.3526429470615517,-0.026601125479202608,-0.6996753461869741,-0.45335188497979195,-0.02020898936201804,-0.8374917732282073,-0.5208789946774443,-0.020826908264820667,-0.930728372976435,-0.5424656021555246,-0.017608285600340442,-0.5212283840190817,-0.13507409615936747,-0.024258402100263143,-0.5375430111089026,-0.15600521212924315,-0.03486433628056748,-0.450487864131275,-0.15326266039444333,-0.05212828590401323,-0.36685306654298905,-0.13444113165043398,-0.05090558884798284,-0.5117246405618499,0.07287616775988869,-0.02545956599522549,-0.4601755780825548,0.06077342697497736,-0.02861032469407043,-0.3838938580799046,0.05835862099427991,-0.033315680998869564,-0.31447978091388945,0.06423684268645509,-0.02537551592510468,3,Show_Desktop
0.0,0.0,0.0,0.01607894212737517,-0.3429745296349488,-0.031573827445058655,-0.09263136288566695,-0.5933584957403579,-0.041851374528882615,-0.2220921363026572,-0.7592499395896132,-0.05678236814883072,-0.31392875296767997,-0.9082870432391156,-0.0703205514039758,-0.4487971235192095,-0.5331197185601528,-0.02114522646286673,-0.6787239980340599,-0.6326163091850917,-0.038136723937512766,-0.8094527060803869,-0.6847772344640153,-0.04363400013359111,-0.9102813746522854,-0.7157279625117009,-0.03881337350385137,-0.5290936212730366,-0.34432259083482425,-0.02376209473320747,-0.7571111279823225,-0.41741148274744544,-0.022832885782775113,-0.9026821791146413,-0.47024244281307775,-0.027102716175750725,-1.0,-0.4832204235688206,-0.022781758432421997,-0.5441826532494268,-0.13254406908803135,-0.029112863254274975,-0.5737428382934344,-0.06320997977487589,-0.0442103600455318,-0.47975310921588055,-0.04725995520062452,-0.056008264772515755,-0.38879830543870136,-0.048024207057152955,-0.046620699648646596,-0.5300095037263062,0.07805085071915174,-0.03842391315525241,-0.49285601171151827,0.1400616659134208,-0.03930020222563067,-0.4070429783361728,0.14321331102127308,-0.03287777696994595,-0.3296247279429532,0.13039600401852627,-0.014530713001497726,3,Show_Desktop
0.0,0.0,0.0,-0.03401697694628873,-0.2900459754529294,-0.015436276267813869,-0.14476539322046064,-0.5053003559191085,-0.03152347152091452,-0.27267348292063226,-0.6552747414900455,-0.05558296379688615,-0.35849287817356973,-0.7848855653175192,-0.0788445260468373,-0.42957373456925524,-0.4315010708027776,-0.03865034821290799,-0.6562645134835587,-0.5060196627451634,-0.07310219433254858,-0.7883856601253494,-0.5425665404133332,-0.08741602402143026,-0.8907505625929271,-0.5642639377480548,-0.08932332915508391,-0.4856064311251025,-0.26910776586707835,-0.054139648274614656,-0.7268945341745066,-0.3227813245614639,-0.08525699322211867,-0.886598052143219,-0.3532514372540752,-0.10487041406809455,-1.0,-0.36398919444524,-0.10960690812166769,-0.48697235273153505,-0.08984845611883935,-0.06716285992339714,-0.5593266795034898,0.0023696519229312045,-0.0972871245735635,-0.4805609505581698,0.014460460059074523,-0.09217798181762496,-0.3984718718038613,0.0007892797179041052,-0.0718969860471781,-0.4565810954999454,0.09006163777898066,-0.08272493983679029,-0.45965718358747754,0.16450735639876718,-0.0867186573678276,-0.3817496195903794,0.1563560583291126,-0.061752712503565954,-0.309721047447059,0.1262561131109984,-0.03056862082693208,3,Show_Desktop
0.0,0.0,0.0,-0.006180847147902923,-0.33687611986291427,-0.04199568320904266,-0.1046266905071217,-0.59490040303357,-0.06703859860383854,-0.21203855559812038,-0.7810837416276637,-0.0976657253482021,-0.2697046699629936,-0.9518191772045786,-0.12854772188640318,-0.4437190735192052,-0.49957991969300886,-0.05260730632067162,-0.6598512812683521,-0.619435340883227,-0.08960317482851078,-0.7923973425822809,-0.6806316284410759,-0.10815968382534777,-0.8965126309765439,-0.7229809685356572,-0.11291719867333677,-0.5202495567380039,-0.3141736125876104,-0.058581813019009006,-0.7408794805053702,-0.39795364224143986,-0.0799667573782718,-0.8948294998468603,-0.4564239504782921,-0.09607382236099558,-1.0,-0.4800653395813059,-0.09936047659228608,-0.5278746933694749,-0.11204801560057434,-0.06645505226434434,-0.5577076072469238,-0.06954244497041642,-0.09726549582606335,-0.4715376625176907,-0.05695933041915304,-0.11011117227712001,-0.38302856827077714,-0.05385794822849746,-0.10117872887088222,-0.5007924859481498,0.08375193063663944,-0.07952336074097485,-0.4492755605051454,0.1458028029706281,-0.09261606853086539,-0.36991419496784067,0.1426227435318404,-0.08874378394963908,-0.29860750637145217,0.12667823721752292,-0.07160059697784207,3,Show_Desktop
0.0,0.0,0.0,-0.006111260963929132,-0.34034153642364845,-0.03435354540374956,-0.10362375182285545,-0.6120793964346877,-0.05373870613938253,-0.20644370431443765,-0.8166399883083734,-0.0792333074301217,-0.2557770746811972,-0.9911941844596435,-0.10459861017931302,-0.4424410147929275,-0.5227178632657554,-0.04183855385650482,-0.664478836235766,-0.6521925621346017,-0.06709128543674038,-0.7963302608638271,-0.7146223438691567,-0.07753741457068201,-0.9013451894977429,-0.756501183795838,-0.0772735863607927,-0.5202158700782903,-0.3378723513721537,-0.047018423762925206,-0.7401616136234294,-0.4345005138387886,-0.05971972486182999,-0.8934045021337405,-0.4912451675573019,-0.07381253190171033,-1.0,-0.5118930424941789,-0.07694654190595489,-0.5353324051364865,-0.13435640037334168,-0.052614095433081154,-0.5688649298362595,-0.09907274141615201,-0.07192969325044535,-0.4851298055763765,-0.07862954450936271,-0.08411891771644167,-0.39806241859714275,-0.0682722396753635,-0.07717145123153704,-0.5181856802552622,0.06361534846621032,-0.06270844002811785,-0.4770319746974708,0.12065452976900276,-0.06163918140064994,-0.4003360597018598,0.13229358882420675,-0.05384592676272593,-0.3294550139872641,0.1275639977683011,-0.03642859592548281,3,Show_Desktop
0.0,0.0,0.0,-0.002754785814432868,-0.3402638119923814,-0.037903610047397285,-0.09696979103612763,-0.6105750220434601,-0.058847082730321056,-0.19990535909221593,-0.8199963932242875,-0.08407809098673324,-0.24457505456356904,-1.0,-0.10868898834587867,-0.4336885416135443,-0.520707918424785,-0.04938710315886218,-0.6573546443519592,-0.6499417224866945,-0.0720290037763008,-0.7886907995438316,-0.7161655983071805,-0.08160331762971935,-0.8946289344712415,-0.7648108770895093,-0.08117246660618588,-0.516409536078474,-0.3396873191530877,-0.0495032332067776,-0.725564279321128,-0.4305300260382599,-0.058302711582383385,-0.8757968350543123,-0.49374874816058134,-0.06954921844227863,-0.9777206766547747,-0.5191162808229657,-0.07188468424479731,-0.535290600432074,-0.1432640137648752,-0.049741267469668685,-0.543808466905985,-0.14373185987676357,-0.063261254448691,-0.46387995201805754,-0.13332542503412764,-0.07330942532190765,-0.3810920696019021,-0.11722094974977994,-0.0664336107024188,-0.5242537189331334,0.045653798311762896,-0.055093851044500784,-0.4722457500282703,0.057868794664337045,-0.04967700099028828,-0.3970771813047807,0.062005500332961566,-0.04037451759956435,-0.3281537669002941,0.062295224939375865,-0.02249367467372276,3,Show_Desktop
0.0,0.0,0.0,0.004384279128667848,-0.3444816803934578,-0.04094555054708574,-0.0913144610249917,-0.6138815317942325,-0.060945440753127154,-0.19105252433526657,-0.8207956461485054,-0.08418537860997463,-0.22749344702226015,-1.0,-0.10558692893259329,-0.42543907094290456,-0.5375315198730941,-0.05194023832088656,-0.6504890038215139,-0.6746506978745714,-0.07521530340373528,-0.7799377911763145,-0.7435933685999585,-0.08403430075481637,-0.8836146642954515,-0.7931878583524312,-0.08259173583295318,-0.5092340025527836,-0.3541980922894952,-0.050131043666299495,-0.7210077822140263,-0.46266093308857453,-0.0609119040003577,-0.871741502289643,-0.5354993625337682,-0.07115247088651803,-0.9738398050734249,-0.5634592206767813,-0.07176679259745587,-0.5302876268798595,-0.15879211778340158,-0.04911108857442282,-0.5352383197014006,-0.1753861235759621,-0.06775947272658725,-0.45644898929359545,-0.16733192152516144,-0.07913094588924978,-0.37428999906783444,-0.14328241569146524,-0.0707873062133661,-0.5221960287559384,0.029757423530959115,-0.05331288512738049,-0.4707342892256076,0.012954364568661836,-0.05091996399423934,-0.39828404926139105,0.0111086403353315,-0.04281693612540871,-0.32977900380144765,0.014933255306274752,-0.02501641102069515,3,Show_Desktop
0.0,0.0,0.0,0.002498398896220041,-0.3373519120045097,-0.04713413051709028,-0.09373770963853192,-0.6092639706741877,-0.07206136435587142,-0.1919109393638642,-0.8196062661266919,-0.10070950019265858,-0.23319400683950012,-0.9965230209161248,-0.12836767096713245,-0.4360882247674394,-0.5414948780475696,-0.05717423596652992,-0.6572589013020506,-0.6688971543003684,-0.09184069411735547,-0.791772380136113,-0.734828418994078,-0.11164177812892946,-0.90178317150789,-0.7833965425185012,-0.11822155868180334,-0.5180450601829975,-0.3589429600854644,-0.05917497818363102,-0.7328808268781433,-0.4592652569732075,-0.08299893417144323,-0.8879918796168544,-0.5303335937524682,-0.1029744245334529,-1.0,-0.5660340332154,-0.10959063894189752,-0.5381885931002921,-0.1591035443630992,-0.06261310878044217,-0.5661699747118126,-0.1358649503375745,-0.09498589832070987,-0.48106211289733664,-0.1255604765895835,-0.1060155513494476,-0.3934141490184184,-0.1121291678909074,-0.09496779986783423,-0.5250564279070019,0.03546141351173624,-0.07184013784944603,-0.4858754889628774,0.054794713446428354,-0.07982943132827106,-0.4081897078927759,0.05429138689662985,-0.06911607810017956,-0.3355927965449557,0.04959391314277152,-0.04765940313349921,3,Show_Desktop
0.0,0.0,0.0,-0.009384873907101859,-0.32833614101426845,-0.04424777753349688,-0.10953114946188358,-0.5868198248133468,-0.0704573322504535,-0.20397892677200707,-0.7817868505051193,-0.10038450184655115,-0.2435214181181599,-0.9545057399201681,-0.12994863175974414,-0.44880004549390906,-0.499312325865569,-0.057551359007260834,-0.6727915532975537,-0.6109963622424425,-0.09117020267390141,-0.8047605725071462,-0.6712673669311936,-0.10902842135392513,-0.9107103052479821,-0.7162205092579754,-0.11349154583768685,-0.5209881024300979,-0.32002964124753003,-0.05976189764847431,-0.743769598625073,-0.3945174925133384,-0.07810073021017806,-0.8949457530768942,-0.44624680515864423,-0.09192483091564958,-1.0,-0.4673911173844653,-0.09463550966300849,-0.5323115574537873,-0.1259559951739949,-0.06343783007176565,-0.566403731062195,-0.08776112047004757,-0.09237238733810124,-0.4810124360549058,-0.07824987459337186,-0.10286807305171498,-0.39257645416400905,-0.07069177771310965,-0.09229264794167484,-0.5121382031941919,0.0644198666565101,-0.07244399943723444,-0.4816063843119029,0.09562145697754054,-0.08027024732533065,-0.40180845309125146,0.09281950958548942,-0.06917326359607277,-0.32584380494767323,0.08565702717664309,-0.04742459826836393,3,Show_Desktop
0.0,0.0,0.0,-0.008091485687798132,-0.31534474697132314,-0.030412442636059172,-0.11448484174174002,-0.5517526342202752,-0.04977520536480449,-0.21242233978794473,-0.7247380569745199,-0.07695606949863534,-0.25403070072091266,-0.8800040269191816,-0.10499321593731609,-0.4479781201816887,-0.4713930753796918,-0.03971318580937233,-0.6624631636055246,-0.5691100676677046,-0.07800108737943383,-0.7929600511465795,-0.6214117813940871,-0.10007117489097593,-0.8954387577189621,-0.6619680340600723,-0.10742241375686372,-0.5132404295963098,-0.2939361924907705,-0.05008596386091488,-0.7391376544170564,-0.34849103136526344,-0.07489077130661449,-0.8913177202259243,-0.38765450109059596,-0.09265801331907912,-1.0,-0.4017796428142854,-0.09664197001255494,-0.5165026374976093,-0.10635974237129069,-0.06170873497963538,-0.5592410904413107,-0.040158602800221446,-0.09754173476719691,-0.4710068541660294,-0.04097003709942154,-0.10850912310842553,-0.3820890836540359,-0.04950858476648071,-0.0962320931697268,-0.4877227704800605,0.07790979364896357,-0.07746368337590977,-0.45724944613054413,0.13348968177590498,-0.09232862023764897,-0.3766961044094765,0.11943849015404814,-0.08314688525733482,-0.3031606273523275,0.08926247882758163,-0.0613417050779117,3,Show_Desktop
0.0,0.0,0.0,-0.021564696958160247,-0.30487276100822686,-0.0203810988090014,-0.12037009013153514,-0.5256642784300145,-0.036811466365965606,-0.21609410686756358,-0.6998950573409365,-0.062352722805013326,-0.25814619780385023,-0.8579776014007646,-0.08817757421589315,-0.43467223897106494,-0.4616823894812666,-0.029422485878801013,-0.6549678752488565,-0.5801194511250433,-0.060036289426557414,-0.7945478242557721,-0.6406096231844904,-0.07665056275121031,-0.904134530499478,-0.6849848527664688,-0.0823311237802728,-0.49952530491194724,-0.293753108217418,-0.04159420107242086,-0.7281699994615874,-0.3589950099670039,-0.06476769921999496,-0.888273183518714,-0.3937307433884373,-0.08263750023354861,-1.0,-0.4092938926494581,-0.08870702649740836,-0.5045161343763033,-0.11009724240384318,-0.05298258723496346,-0.5769847113137043,-0.04579549179844765,-0.07808119896687735,-0.4940696565660685,-0.036542601335454276,-0.07781238594831677,-0.40692838189187974,-0.04390754341468885,-0.06238113183256699,-0.47752940003319677,0.07000796786855852,-0.06821243443730496,-0.4850318125355822,0.1371349507161365,-0.07280645345441851,-0.4111418583261359,0.12583816338240322,-0.054483870186050436,-0.34143830062981523,0.09401049490308096,-0.028637862586787393,3,Show_Desktop
0.0,0.0,0.0,-0.024226002314439544,-0.2850205228368096,-0.011883981967440125,-0.12260181838152905,-0.5053825188557745,-0.02966816271636264,-0.21614540953413425,-0.6880295431766819,-0.05744905348698264,-0.24995915969477278,-0.8488308159628495,-0.08605986058631902,-0.4042284729584281,-0.4612113561252834,-0.04026964229838818,-0.6385908367735132,-0.5716040236024292,-0.07853136358267497,-0.7838226961322597,-0.6294572331214409,-0.09654486021447777,-0.8937028761220971,-0.6745495975557427,-0.10206931857868118,-0.46983169437947164,-0.30295167277222745,-0.05752039274872061,-0.7117010508327222,-0.36935505301149407,-0.0941185668525754,-0.8810347579780174,-0.40685812186871545,-0.11719630509002296,-1.0,-0.4291759095408243,-0.12498077843056078,-0.4815131107492617,-0.12615033526389993,-0.07152222398911147,-0.5706244786054366,-0.03715363142659153,-0.1027184460586212,-0.48885145237460315,-0.016456698230128974,-0.09689643689919092,-0.40179143470669815,-0.025741216533898076,-0.07644977212077252,-0.46097829411678676,0.05217477348021945,-0.08831193115089851,-0.4815188672875223,0.14154689696138795,-0.09484274325531153,-0.40498973624786344,0.13585616993549876,-0.0715988044233536,-0.33387144000893665,0.09718530172195174,-0.04160740539163445,3,Show_Desktop
0.0,0.0,0.0,-0.04695013445824895,-0.25211234269502847,-0.005904776916639345,-0.1486840067131302,-0.47251457446218537,-0.026714981391037115,-0.23282864233576211,-0.6483010276078877,-0.05921699098324049,-0.2692565968831223,-0.8019013180453547,-0.0938721777648053,-0.39376489128233055,-0.4450181898526056,-0.04673641943160804,-0.6183418674346549,-0.562239804790247,-0.09382218159680288,-0.763076195263298,-0.6323101973353715,-0.11627534296538353,-0.8752114769871997,-0.6863972617913361,-0.12586537659428818,-0.44596655408978586,-0.3128616401743978,-0.07607902149182527,-0.6927029204528788,-0.3899092103422452,-0.126637549848828,-0.8670168862379213,-0.4259442564240387,-0.15630885970503466,-1.0,-0.449368132284381,-0.16822160975390918,-0.45134105940537694,-0.15473209041278338,-0.10170808876007878,-0.5753261132909122,-0.03676158105425094,-0.15476370413696566,-0.48827239574576187,-0.0025330901449112913,-0.14979393977466082,-0.4032467684345194,-0.016960818449957716,-0.1266554870543765,-0.43069225587858584,0.014857559280855413,-0.1282503353933269,-0.4991508558152439,0.12661067095850395,-0.15692607977540515,-0.419723181202294,0.13357740436518217,-0.13398557988580492,-0.3460473275972522,0.09412180397795182,-0.10211784955664002,3,Show_Desktop
0.0,0.0,0.0,-0.060894984449912454,-0.2534092763707477,0.014364236380084501,-0.1707734554972929,-0.4773295418680918,0.0001750218505518625,-0.24213126901111223,-0.6652207464155755,-0.029801782307032045,-0.2588309086494199,-0.8274656797711245,-0.06409934463390972,-0.3848383660949519,-0.4843462736371851,-0.0369340970359419,-0.6101343693613517,-0.6132595986035914,-0.09006516440273687,-0.7530697846075458,-0.698796311197371,-0.11631054863689862,-0.8621131741569998,-0.7653949847342439,-0.12890931116951854,-0.43213662012918885,-0.3674563309527208,-0.07678371314937536,-0.6830786102560632,-0.45139055143812007,-0.13534152853978237,-0.8610971156848037,-0.4998639473964053,-0.16814793229557348,-1.0,-0.5384666345561672,-0.18230826097705458,-0.4376409928627117,-0.21284470213720585,-0.11146401227744451,-0.5959991151604965,-0.09566929066693355,-0.17000267972109429,-0.5103749706427767,-0.049435004955897345,-0.16046485197932867,-0.42326036061190403,-0.061562026054997665,-0.1336551408799952,-0.4170996087030448,-0.04013423856888015,-0.14556160073438337,-0.5172691555526238,0.08339114739686018,-0.1835697152699194,-0.43945189993124867,0.10193908369069059,-0.16256926019741771,-0.36399516409052884,0.06588471724089301,-0.13092986826299138,3,Show_Desktop
0.0,0.0,0.0,-0.07045302780117582,-0.24848013408523978,0.013074205502735565,-0.18326558306521254,-0.48178960611118027,-0.00701956797923478,-0.25840171135391365,-0.6812392518372334,-0.04187582175078498,-0.2788934315339598,-0.8501239995740683,-0.08167243649997337,-0.3720639816049059,-0.4995597676067109,-0.06607508740125806,-0.6023223752595438,-0.6489581390489826,-0.12637935532573924,-0.7464531314642557,-0.7363247651500838,-0.15055363256781254,-0.8581562769270557,-0.7996574015774781,-0.1611890348792575,-0.41371183248261123,-0.3872279297341566,-0.10854642697666643,-0.6833037853271893,-0.47821255845986743,-0.17723730830486442,-0.862031423072528,-0.529105356735945,-0.2075800759184235,-1.0,-0.5678851509754737,-0.2195278837061258,-0.4192046329340022,-0.23104916033576633,-0.14459282083755623,-0.5996735955767555,-0.10456905767171917,-0.21053351696199382,-0.5159793549336577,-0.054746057009591384,-0.1959506091239773,-0.4294482102878087,-0.06624943619772417,-0.16508299681369115,-0.4048260803418411,-0.05316049528930526,-0.17930345313803198,-0.517716382915841,0.0757742202005236,-0.21707165953713242,-0.4449987465092599,0.09685179791661379,-0.19274715811022086,-0.3734489310953387,0.06116484269329035,-0.15982228013925648,3,Show_Desktop
0.0,0.0,0.0,-0.06767328790157891,-0.23332025271896592,0.0013636098444824013,-0.17811158075795488,-0.45698279730871033,-0.019800903013767756,-0.2660631877220291,-0.6410245475373094,-0.05238831088365891,-0.2972651290897027,-0.7962055245083204,-0.08864572577767788,-0.37183111517786455,-0.44963907355332955,-0.0707796749473332,-0.6021210047857093,-0.5867961111296077,-0.12906949248086802,-0.7416083619167826,-0.672058772734114,-0.15272246820841018,-0.8506387118101238,-0.7297358027637879,-0.16196648164515642,-0.41346911734283714,-0.3303572129986641,-0.10577193163512462,-0.6855857989169152,-0.40409247408286375,-0.17154655090382975,-0.8617437668503315,-0.43950964031303197,-0.20151855290245785,-1.0,-0.4616367028322585,-0.2116104058743572,-0.4152056343655297,-0.17695926467245282,-0.134755078466829,-0.5798007881038982,-0.06086613119694106,-0.2042347599332943,-0.49456518553959905,-0.02358999643494028,-0.19583196155469193,-0.4096439416866461,-0.036002240039623414,-0.1661808180483815,-0.3947113417655288,-0.005078370836290188,-0.16234446650980075,-0.49025394472798245,0.10357577111094568,-0.20450005075375807,-0.4143532122509867,0.10664179728888369,-0.18228311356527216,-0.341527484066652,0.06479505395659904,-0.14824321507283478,3,Show_Desktop
0.0,0.0,0.0,-0.07730874557077963,-0.24070823580567866,0.014179572380898531,-0.19407617796445523,-0.4608062568809037,-0.0076444704434753645,-0.2884440137294267,-0.6463591346020409,-0.04356885281731775,-0.3284691319190667,-0.8047377623995041,-0.08449493210730101,-0.3768297421569262,-0.45115044084041855,-0.0677599310317984,-0.6127311752352228,-0.5896308828835497,-0.12605675413590706,-0.7531138691263681,-0.6748389059016181,-0.15104923718228552,-0.86449499949116,-0.7345141503760789,-0.16268066764699515,-0.4113302463710461,-0.33426551267936605,-0.11078789872508821,-0.680777414908085,-0.41221863464367325,-0.17863816274362848,-0.86051899360712,-0.4488116274551527,-0.21185289204078175,-1.0,-0.4705936774324862,-0.2269735911868558,-0.4064724440044778,-0.18301180046073143,-0.14608347979716768,-0.5934664952030272,-0.08371619683779108,-0.2117734869903141,-0.5095194700663342,-0.05196990443060811,-0.19543741208907528,-0.42243452155168426,-0.06519372924164346,-0.16309304483153753,-0.3781240459251173,-0.018996845192387753,-0.1793043961253787,-0.5059948283359084,0.0702351765674583,-0.21601823842200463,-0.43619170313352884,0.07646106449314917,-0.18695815830284357,-0.3652305044916689,0.04033504796972865,-0.15018222886043964,3,Show_Desktop
0.0,0.0,0.0,-0.08690651239680819,-0.24173474295347944,0.014716609326729756,-0.20513515563454454,-0.4680693628266412,-0.009367806577490399,-0.2936704567589884,-0.6574435795686673,-0.04720113715227246,-0.32655931902452817,-0.8201053595100232,-0.0908114152961213,-0.3728363979872748,-0.44768860248677406,-0.07655871262515773,-0.6130522453538904,-0.5830176958123388,-0.13775113239023637,-0.7537218221058456,-0.6677616835801548,-0.16498515759067284,-0.8652892171988368,-0.7307385336204059,-0.17802524466913566,-0.40378058261464655,-0.32619182343318237,-0.12092014944134227,-0.6790010584217794,-0.40624692945636076,-0.18978230239449417,-0.8602611750550327,-0.446054750055593,-0.22270142567563617,-1.0,-0.47014537354186886,-0.23825647653676746,-0.3961899832617663,-0.1707625204918386,-0.1568775621861885,-0.5919004014762743,-0.08961742534592637,-0.22321007200330908,-0.5072953962100226,-0.06522696596674073,-0.20307208662038967,-0.41678740547035126,-0.07631992435904288,-0.16817922327488047,-0.3661773046099957,-0.004192100105325034,-0.19057256336269154,-0.5065856158066846,0.06800403027706863,-0.22759614158247438,-0.4371546985135552,0.06802234580053058,-0.19425724266434002,-0.36359890986004356,0.0373757345602292,-0.1543428553466118,3,Show_Desktop
0.0,0.0,0.0,-0.10846944965473712,-0.2327414545716141,0.0175426859996385,-0.24886970863439847,-0.4609560617679782,-0.009559291160371967,-0.3519450006245289,-0.6516729333029142,-0.050843411558612425,-0.3822738957419071,-0.8256790102531562,-0.09816253219688963,-0.38078427154073347,-0.4310117069554414,-0.08436825625219216,-0.631989342657577,-0.5302805025545977,-0.1489140759196423,-0.7758505606844182,-0.6052754923594162,-0.17868303778697697,-0.8900248434416328,-0.6609149016061227,-0.19444314723410086,-0.3997144790644143,-0.313153714906845,-0.13048408137138953,-0.6812249472184003,-0.3643526611142501,-0.2019924472176233,-0.8628853311982182,-0.39394146300781013,-0.23519217695117917,-1.0,-0.40793322153768546,-0.2527442316993948,-0.3870825274727709,-0.15908874444845816,-0.16766607361760089,-0.602062611405217,-0.051541305532151103,-0.23008327057205707,-0.5159303983011273,-0.027119673700264843,-0.2029369448484101,-0.4246675142026153,-0.04059582271545934,-0.1660205940656014,-0.35734069914685596,0.0043090086150318185,-0.2029991569788703,-0.5153464132251048,0.09235862654491452,-0.23462843970863842,-0.44734605073832606,0.09214463992899728,-0.1979885645450788,-0.3734176233868303,0.05916373606763672,-0.15831352469705356,3,Show_Desktop
0.0,0.0,0.0,-0.12062719749277705,-0.23358268449145486,0.025295865445440345,-0.27149875128544143,-0.47759433916066796,-0.007367940348840053,-0.37815719112678126,-0.6737339993144312,-0.05467742032655907,-0.3952874002252583,-0.8637030507810587,-0.10895231504278256,-0.36994956172567456,-0.4640057783654082,-0.11086343594773335,-0.6226645120219382,-0.5751701679643504,-0.18409540304043204,-0.7676399784535527,-0.6489490230644924,-0.2164657693300359,-0.8809541158611234,-0.7029639097007983,-0.2359168735854592,-0.3744120268351207,-0.34703276039371234,-0.16533699258061127,-0.671092111062142,-0.40077635767102493,-0.2484157228092974,-0.8582457274374419,-0.4329722344645218,-0.2848838928303542,-1.0,-0.4506749914303903,-0.30794593680469434,-0.35791587091719307,-0.18322501346652956,-0.20782273030158477,-0.6154260809950541,-0.09051995494833749,-0.2724944163110848,-0.5305364085989912,-0.06789481416189216,-0.2347987598789806,-0.43869839870721317,-0.08232877919788453,-0.19391015256298236,-0.3290914254933647,-0.010241418147984918,-0.24811470914689107,-0.5221750159149895,0.06997482983203565,-0.2855835647367251,-0.4586694089417756,0.06401331962195779,-0.24862920402960983,-0.38254874883698153,0.030695068801723714,-0.21023235764598514,3,Show_Desktop
0.0,0.0,0.0,-0.1185658540489546,-0.2573313545785525,0.027434831412877916,-0.2710359768952282,-0.5274124375466165,-0.0025942426233837874,-0.3877129034565202,-0.7420964753643327,-0.04875202034590643,-0.4144265187198376,-0.9502311030621315,-0.1016153191968408,-0.3560528269628328,-0.5530892074422977,-0.10185971009967747,-0.6117523900020094,-0.6781459348679751,-0.18156074539116066,-0.7578739369727436,-0.7691223575449818,-0.2183017180674861,-0.8745404333507028,-0.8380833239674544,-0.2401962826435183,-0.35518094878056256,-0.4353352048062285,-0.16250256540280839,-0.6700268885869103,-0.511669885123238,-0.2523082000007057,-0.8560268579349429,-0.5688719905728171,-0.2924364412333916,-1.0,-0.6067742124998723,-0.31702134122283365,-0.3407987902690221,-0.26290000817385795,-0.21291926453075993,-0.6247371168078361,-0.16763816374280957,-0.2902630517814147,-0.5411843239027447,-0.1289245161246377,-0.25666713858267753,-0.447544266549508,-0.1395435070618727,-0.21500804178121033,-0.32250084292910197,-0.07462987749430385,-0.2605246567439682,-0.5504980518971865,0.0031786515858987325,-0.30573500480557186,-0.4865350590390949,0.008722826179504732,-0.2697359188302092,-0.4049116371896914,-0.023162882851586578,-0.23076886032922664,3,Show_Desktop
0.0,0.0,0.0,-0.11990380285175956,-0.2562853874737391,0.01885758454782135,-0.27561280496130053,-0.5387959189246239,-0.017718431053441168,-0.3900869345860259,-0.7662211866915576,-0.0668334079571751,-0.41377798544256367,-0.990076337035902,-0.12266872191989166,-0.33633655045192373,-0.5598519940515019,-0.1304871783011122,-0.5963039906169422,-0.6951789165532866,-0.21604175308362403,-0.7431754161109635,-0.7958129491226572,-0.2548506886821602,-0.8626880414990528,-0.8740384727911693,-0.27861547811599097,-0.3334188650262208,-0.4389856345765336,-0.19036557141344146,-0.651657877273868,-0.5272177161564311,-0.28577957912082946,-0.8480970137447408,-0.5892665888501637,-0.3262446392798057,-1.0,-0.6280224147937465,-0.35266203993698386,-0.32156607951760124,-0.25908929552081217,-0.23945650099412957,-0.6123166938070864,-0.17425146404396444,-0.3188278170451486,-0.5323132089685181,-0.14167277452530994,-0.28232825069950035,-0.43582002282482574,-0.15659711581930333,-0.2405153078616888,-0.3105587141119058,-0.06351703431569083,-0.28615929757708064,-0.5532287419429363,0.006809088493661191,-0.33346083407014543,-0.4951142910022248,0.006001377464797279,-0.29676069445988384,-0.41385557077884844,-0.02952468795741215,-0.25856443650034355,3,Show_Desktop
0.0,0.0,0.0,-0.08297012971620006,-0.28700341110727645,0.014834369620595419,-0.21641074646949526,-0.56260174930366,-0.012384547008868476,-0.30213812979986543,-0.7868079740079552,-0.05011746756711919,-0.31805633991849597,-0.9736708969974587,-0.09520459667238768,-0.344125513757726,-0.5386632102406426,-0.10088220645487511,-0.6027506736806144,-0.6641092077237091,-0.1651774511782913,-0.7489049421837362,-0.7432544787123898,-0.19970892069097532,-0.8696011863053716,-0.806274554917607,-0.22144566038183175,-0.37251487675043665,-0.39187513290594267,-0.14646867925534712,-0.6674383926486019,-0.4713361099781424,-0.2136650251262863,-0.8534690194068821,-0.5102180703277243,-0.24364337670913072,-1.0,-0.5352867456607299,-0.26378565361016504,-0.37597261004612054,-0.21541003008467632,-0.18237484014300195,-0.6357499119770478,-0.19757710287704328,-0.24935631686746745,-0.5472325932433233,-0.16947228932882935,-0.22097821547461316,-0.4454678202030977,-0.16049220517540097,-0.1848452021177838,-0.36354590440533086,-0.030738312120673367,-0.21559184809469914,-0.5548219583276685,-0.01709235786472005,-0.25754732645586864,-0.4843730935622976,-0.016406476049041857,-0.2209103871446439,-0.3976371502177043,-0.03161614497815985,-0.18100363482554413,3,Show_Desktop
0.0,0.0,0.0,-0.08252936576127058,-0.286347628816027,0.020366672253453448,-0.2116369706172465,-0.5440288871648808,-0.0013872587363951165,-0.2973729634634241,-0.7596916550761762,-0.03488232628803161,-0.3162042875814922,-0.9453518189060481,-0.07498487072473169,-0.3665449969215963,-0.5161249767269345,-0.07834572421919421,-0.6174156128546132,-0.6357092327300301,-0.13089902970338135,-0.7603586251701044,-0.7057996792121956,-0.15581555680115242,-0.8766478529254843,-0.7658332424649997,-0.16983277042568973,-0.397288377728161,-0.3752671059898668,-0.12152418020948844,-0.6791875933137864,-0.44463032781194406,-0.17903100002560984,-0.8615837943989106,-0.47698911477285594,-0.20262784266549375,-1.0,-0.4960966925247018,-0.21651409643062228,-0.3958041138648676,-0.2097813801714941,-0.15502607082681003,-0.6163299881971938,-0.18360754720757613,-0.20627083321428358,-0.5293513752322876,-0.16341747219793853,-0.17535783007041297,-0.4322274778752113,-0.16056299031110746,-0.13925348688375538,-0.37382057941541397,-0.03786592921193491,-0.18645830049386497,-0.5387844464825824,-0.01310067704032073,-0.2100694118945501,-0.4720413600685693,-0.017498009410136985,-0.1684146901570169,-0.3931366504757713,-0.03652448326497185,-0.12682435375931844,3,Show_Desktop
0.0,0.0,0.0,-0.08879845844055684,-0.2782602733988264,0.016624698780062,-0.2162050872545234,-0.5652302659615148,-0.015522258272745412,-0.3018087733603791,-0.7942248618762655,-0.06008004026073944,-0.2970658982486579,-1.0,-0.1106568981768293,-0.2776972132691309,-0.5916011517101128,-0.11073406627611794,-0.5192933532856392,-0.7401398314612244,-0.18764431340783505,-0.6539526633556841,-0.8459332450747347,-0.22738333180773151,-0.7635134952093002,-0.9320268476738969,-0.2537527067547232,-0.28336303187249584,-0.4698457544495191,-0.16547612607593776,-0.5742944504401851,-0.5738872633589767,-0.253186390587083,-0.7677266520198792,-0.6372609104361382,-0.2920323819719713,-0.9192540099279463,-0.6758847097916824,-0.3184584640758073,-0.2830212781298235,-0.29617067015199916,-0.21075070853726072,-0.5617468784233983,-0.2561479727022114,-0.28690927977322356,-0.4866800436861309,-0.20217109484354034,-0.25262215828372736,-0.39532426699552825,-0.1915035851843084,-0.2128148151836,-0.2817492873705113,-0.10770535909461931,-0.2542137096310811,-0.5072969633721258,-0.07083429798884174,-0.30216702148533064,-0.4459402885360166,-0.052715098034353335,-0.2670625563268121,-0.3632039996857533,-0.06560296508881325,-0.22996763610026272,3,Show_Desktop
0.0,0.0,0.0,-0.08138973635474253,-0.2825242353128425,0.021005481672498626,-0.20122878464025687,-0.5753593452248627,-0.0046556263073949545,-0.29198069998036436,-0.8046571504444835,-0.04372167460699268,-0.3045700010639577,-1.0,-0.0889321761776278,-0.30908403622300207,-0.5909512992826503,-0.09545137693779529,-0.5605333542088177,-0.746106823082865,-0.16455043534604538,-0.6986953975612014,-0.8473884596055052,-0.19795631477195802,-0.8161416222846373,-0.9203182185023109,-0.2187643917246448,-0.33129804569136057,-0.4744907491905704,-0.14891766380544327,-0.6154673066559636,-0.6077434495238573,-0.2307694486593567,-0.8049352499565334,-0.6769846054836207,-0.26936551430814165,-0.9536004155490065,-0.7164438122209814,-0.2926408594240136,-0.33537719895403445,-0.3073747838565612,-0.1925526612233996,-0.6035520616991664,-0.275218608706634,-0.2635977066405532,-0.522390903248185,-0.22251745366377726,-0.2314580477038708,-0.42611051665958805,-0.211639351210706,-0.1918479649530471,-0.3293664867165314,-0.12256857553364399,-0.23402289938557272,-0.5374082768988834,-0.09296871012861778,-0.2773981516430228,-0.46468049696339553,-0.07533707131371095,-0.2410202864179179,-0.3773548714124947,-0.09029951706700598,-0.2015239519900633,3,Show_Desktop
0.0,0.0,0.0,-0.07456730167664329,-0.293972864352081,0.008416930581658185,-0.19207069566112342,-0.5921703265613076,-0.019881616935245545,-0.26978600068413505,-0.8174837069527677,-0.05896887752802164,-0.2884177904146789,-1.0,-0.1044182492405329,-0.3140845978656866,-0.5734990346521651,-0.10535594555034614,-0.565727568207451,-0.731405897483092,-0.17492700900878108,-0.708807021394807,-0.8286771296905634,-0.20912300408574203,-0.8324309042838725,-0.9034295577933955,-0.2287488608025857,-0.3441993506268889,-0.43625971166398975,-0.15588799986007654,-0.6301583973304214,-0.569901133520353,-0.23189851896994937,-0.8198064350543613,-0.644930717449244,-0.2676726260819216,-0.9739860004279047,-0.6935728460743162,-0.28877252794569847,-0.3488123509860384,-0.2592905921184399,-0.19782926449776894,-0.5924235675549177,-0.24151461174910094,-0.2762147586785642,-0.5074300395064492,-0.21337496791782523,-0.2533355505755357,-0.4072920167591729,-0.2052990144099677,-0.2168343898520608,-0.34181726249475264,-0.06450129246857869,-0.23729902728825408,-0.5417266850668526,-0.05810962644604664,-0.2836766401438431,-0.4714992849038047,-0.055604761272320335,-0.24535298769127026,-0.3820832210546185,-0.06880468115763162,-0.20337211411233444,3,Show_Desktop
0.0,0.0,0.0,-0.07817734546334992,-0.2893628351989656,0.008193877481237132,-0.19817842156559742,-0.560808144314632,-0.02367161530501189,-0.2824151971057086,-0.783034273644752,-0.06538881473408457,-0.30980898973275595,-0.969247624472514,-0.11317330185167904,-0.3478403072737945,-0.5278442515698277,-0.09968061076780046,-0.6118331846631705,-0.6829641787168582,-0.15655814863738493,-0.7558838750103003,-0.7710958936319531,-0.17979000196295394,-0.8744076406648872,-0.8409474275330928,-0.19077061390501981,-0.3922422348525369,-0.38604575002102426,-0.1417224745345269,-0.6832893395337724,-0.5128847356802672,-0.2022426608781539,-0.8650264863079759,-0.571273874165094,-0.22503820822972434,-1.0,-0.6080716989133698,-0.23578975126078663,-0.4006769276264044,-0.2085954302513101,-0.1745622342247959,-0.6275614358000153,-0.19694132764326616,-0.23253075548025132,-0.543213660736736,-0.16929905707599718,-0.20231848319079507,-0.4416920987616139,-0.1614524075775392,-0.16367248460709816,-0.3874554863314891,-0.025156855671599015,-0.20549127693228608,-0.5573866475623213,-0.01641013561218461,-0.23229999192003906,-0.4893263578747489,-0.007879059664573846,-0.1874995437488727,-0.40794760822506465,-0.01744048233105777,-0.1422011732176362,3,Show_Desktop
0.0,0.0,0.0,-0.06904230976151195,-0.2787698168781481,-0.00542760727682758,-0.18994532139774858,-0.5508949396560094,-0.03819998626054464,-0.2723739081261129,-0.7736813855635322,-0.07810420416192146,-0.28686867592437093,-0.9618235340938025,-0.1233351229091268,-0.35802545278308295,-0.5197134259492703,-0.11059380737221093,-0.611957157246092,-0.6748560941367086,-0.16991418893475793,-0.7514228063237318,-0.7697920829584537,-0.19530570029116315,-0.8664941560446714,-0.8434350463961755,-0.2078245232780959,-0.4092483557038729,-0.3675943123585476,-0.14276968111093796,-0.6936625162158456,-0.48025427779530344,-0.20313032766530256,-0.8687198889508885,-0.5438762340815925,-0.22466514521646297,-1.0,-0.5834406055193675,-0.2351983866061771,-0.4199792553858694,-0.18668360796263136,-0.16692866057427005,-0.6227305629674883,-0.17228093658307284,-0.22578861213405416,-0.5342632015632222,-0.15563982215806496,-0.20004507159350238,-0.4325966731106378,-0.15094415498202035,-0.16437165664162795,-0.40646629375257065,-0.0028872852351104887,-0.1908584798735955,-0.5415723650735376,0.010614216436585364,-0.22190686268548668,-0.47171869003054184,0.011441834027251373,-0.18678072601356788,-0.3951013456495277,-0.004308945562682031,-0.14805005375971847,3,Show_Desktop
0.0,0.0,0.0,-0.07736491119771995,-0.2550560996104744,0.012041218355357777,-0.2019354319379461,-0.506424559064391,-0.014096896816284517,-0.30170300529143174,-0.704314352099651,-0.048450743451003836,-0.33316309412534567,-0.8795182376416701,-0.08968236450300428,-0.3506006893860575,-0.49128640980110627,-0.10239990981909487,-0.6032954378325639,-0.6122814204977546,-0.16160003471958184,-0.7568171361287799,-0.6827476043625232,-0.18648254143887177,-0.8778885549319292,-0.7315867900214712,-0.1969911137957426,-0.3942187193242136,-0.35348219968523753,-0.13798838461498059,-0.6801423312687571,-0.43107740588930327,-0.19509148416578853,-0.8643253860142407,-0.4695107807944866,-0.21223217066488492,-1.0,-0.4892277710081169,-0.21891491126111537,-0.4061446133890947,-0.1874406681319503,-0.1633825701430127,-0.6268976585928119,-0.12633170326128293,-0.2107077802726057,-0.574802124904575,-0.09864413085000173,-0.1793705040863066,-0.49007225092149637,-0.09119643317225336,-0.14242364402634228,-0.3981897994885816,-0.010036618463371658,-0.18723830034705932,-0.5536564491021269,0.037342442347650266,-0.20605034117449,-0.506848161713426,0.04133746696322745,-0.16515486104006236,-0.4391774438597521,0.020234618634486883,-0.12331901368535479,3,Show_Desktop
0.0,0.0,0.0,-0.09595131078009872,-0.23388630737829505,0.019563387906678543,-0.23328882037028995,-0.4553852542667304,-0.0005339663703375252,-0.3421165009192108,-0.6332642115777131,-0.03388797687479176,-0.3740531043268048,-0.7961847324155701,-0.07295135333684355,-0.3686109422272405,-0.44916800567449805,-0.076344194485278,-0.6214483722007499,-0.5387012166876565,-0.1342364129498341,-0.7633965924060161,-0.6018948770284159,-0.15756498285328077,-0.87692192860555,-0.6429076916952563,-0.16891723600537759,-0.3932027257856719,-0.3283812661947569,-0.12404067126615842,-0.6836651901391121,-0.37332687352528193,-0.1890416302852809,-0.8641768358883051,-0.39641607316049277,-0.21760093702302355,-1.0,-0.40726737453134726,-0.23087471164991083,-0.3883377846296377,-0.16698495244712727,-0.16314958417274633,-0.5912275082873728,-0.06629590625497604,-0.22528833478796614,-0.5096471895311301,-0.04841544708385808,-0.20231317700217846,-0.4219144916836757,-0.07053929445144107,-0.16780183343448257,-0.3662182799901565,0.011840086275531621,-0.19962181649784297,-0.5170551598847729,0.08773450731749685,-0.23478986198068194,-0.44513288747991486,0.08464628479610892,-0.19993189180798612,-0.3709093310751147,0.05070931225662628,-0.16071545114412775,3,Show_Desktop
0.0,0.0,0.0,-0.0989927991890919,-0.23669919532487957,0.020300739879482464,-0.23747886302738408,-0.45578993030723725,-0.0021677130093126266,-0.3440519046953126,-0.6375691950891504,-0.03635655370676498,-0.3775977493491654,-0.8060138268119283,-0.07772569452788913,-0.3672283534624452,-0.4675419067195628,-0.09130392655629273,-0.6198227367510809,-0.5637504180835929,-0.15603114184985975,-0.7670834597615881,-0.6280420483667455,-0.18429171570508668,-0.8865432492009748,-0.6744125626663998,-0.19811647234415347,-0.39014843634848745,-0.35163298606773913,-0.1356794260649947,-0.6750175727234756,-0.3911228951425796,-0.20231456850870683,-0.8587881192198659,-0.41113671507558053,-0.22781357806898983,-1.0,-0.4239977927031861,-0.23969822550256686,-0.38551136814065023,-0.1996675800260443,-0.1710361064221251,-0.6039513733652795,-0.07313893764025776,-0.2317538822333499,-0.551232280155561,-0.03535785480815636,-0.21263220466092675,-0.4763215992533176,-0.046562117595600104,-0.18249598008642826,-0.36625238465989113,-0.025761751032657036,-0.20375270476230703,-0.5270619102630494,0.07483383824940357,-0.23831975555555224,-0.4799937720539882,0.08902657556170428,-0.210368051833977,-0.41695930770474265,0.05520490269547416,-0.17726442993606917,3,Show_Desktop
0.0,0.0,0.0,-0.11107853937418947,-0.2113371153811028,0.02680260773079039,-0.24956080556060434,-0.4218992213824437,0.0064064825540496246,-0.3555840050879781,-0.594389674686201,-0.028651262517682723,-0.3852439651375284,-0.7589828250794922,-0.07070814437340536,-0.3793789564554471,-0.43949784063357783,-0.08332135559216956,-0.6270609650090714,-0.5241145968858292,-0.15040995309543115,-0.770946962199784,-0.5833538944502052,-0.18133099705919128,-0.8869472939723688,-0.6244505390855354,-0.1980958243443124,-0.38971570862342225,-0.34118094271922367,-0.13288328215784123,-0.6748573273083273,-0.3601976801670361,-0.2033775548138215,-0.858296725063233,-0.3723207791745031,-0.23359219715369256,-1.0,-0.37888840912949523,-0.24978108235289237,-0.37513118940771106,-0.19651791497099835,-0.1733680433010433,-0.5834607174372544,-0.04531046338269698,-0.23429764433253267,-0.5144289633873382,-0.010566792139385208,-0.21184460527469492,-0.43665314523704224,-0.03036160816280332,-0.18004509757370826,-0.3494700172503778,-0.026326139637331842,-0.21147633920266376,-0.5054137620346163,0.10057627520595801,-0.24935612973079602,-0.44704140000844406,0.11134585884633569,-0.22220113878417516,-0.38138456365167833,0.07385944939524865,-0.1895114332862423,3,Show_Desktop
0.0,0.0,0.0,-0.10897068403160338,-0.2259339101093389,0.033265194418485626,-0.24780707549174932,-0.44254293651404564,0.014869955516809063,-0.3553060443720395,-0.6197151524621071,-0.021719852012059417,-0.3787456356924816,-0.7923361883956237,-0.06376513369515123,-0.3723679161501494,-0.4642215821684649,-0.06458089676538341,-0.6236246471502609,-0.5572394584524818,-0.1293677781079185,-0.7625082862962754,-0.6235138879474457,-0.15923702193240183,-0.8756574465225129,-0.6705740909775015,-0.17796967025566907,-0.38209390254970915,-0.36464004731087424,-0.12206026467751248,-0.6721790402946647,-0.4035015561578239,-0.19880159142412587,-0.8581545484729662,-0.4198855887952041,-0.2372395405643616,-1.0,-0.4266878912654108,-0.25988809217147224,-0.368397243607345,-0.21642061010118185,-0.17092175880443844,-0.5951256759722109,-0.07917534549690779,-0.23287982856557482,-0.5101444659029679,-0.05271958541519945,-0.2042594889968873,-0.42653961395337614,-0.08585895431249303,-0.16941843150463937,-0.34285434041081647,-0.04904934496612528,-0.21777521730632202,-0.5158344372154368,0.062172353813649384,-0.25242807391002625,-0.4436824817644038,0.0664502081195938,-0.21966814055080483,-0.37163909546387747,0.02160669705071041,-0.1849171983256772,3,Show_Desktop
0.0,0.0,0.0,-0.11088019990421684,-0.22771683486700925,0.037519747556760664,-0.2459668203598099,-0.4452644437882739,0.020128758912155112,-0.35382510291556923,-0.6205390005559073,-0.01571088944901612,-0.3702318542738637,-0.7952549766822613,-0.0571871171929406,-0.36828838858021784,-0.4704586014432489,-0.06775448912573727,-0.6213715070620476,-0.5689682950326637,-0.13496313127469048,-0.7631317243720521,-0.6384386389666369,-0.1667529407762716,-0.8796561159287053,-0.688910967713604,-0.18835179026625265,-0.37718105227168486,-0.3771706441581469,-0.12642854055094307,-0.6708280110565533,-0.4133028380359234,-0.20624018292416973,-0.858397900469634,-0.4255608155341522,-0.24641464571936986,-1.0,-0.429768616229899,-0.27222673164932554,-0.3639335198144105,-0.23152919853676182,-0.17541119022567525,-0.5999702869745025,-0.10120257910201932,-0.2350904221468177,-0.5123214242177412,-0.07077025315526239,-0.2010289260218439,-0.42741260428252525,-0.10214429951185948,-0.16472105958388958,-0.3389653108981931,-0.0674646790686706,-0.22258671336526417,-0.5200958572999158,0.047426422835458136,-0.25804038378650335,-0.44585193189557837,0.051091361992905655,-0.22498927666976323,-0.3719785638485725,0.005616175292022438,-0.19084344630975228,3,Show_Desktop
0.0,0.0,0.0,-0.09251649811229648,-0.24575877021272982,0.03091066973956087,-0.2271940215574367,-0.4617918642944587,0.018365583031025343,-0.3301306126885692,-0.6561657626679239,-0.010808000076029188,-0.34696065887617056,-0.8373175183678949,-0.04517895082267499,-0.38802640250442444,-0.46382790734966484,-0.03931971164844005,-0.6403956052546727,-0.5486453554496445,-0.08667139938707905,-0.7809964895047359,-0.6036101617557048,-0.10958640531962474,-0.8946446042217516,-0.6411992837437751,-0.12419694358704793,-0.41463484198834927,-0.34942338528647177,-0.08759008763461658,-0.6870215954884338,-0.38158785875396306,-0.14752168743028368,-0.8667524890552974,-0.38255876452223725,-0.1809306108546923,-1.0,-0.37709906836829893,-0.2001330365238414,-0.4098736123640592,-0.19538306303608635,-0.12784655896430583,-0.6065043020883625,-0.09740749030423625,-0.17527554572583062,-0.5219246599499057,-0.06400153643299897,-0.1481434462579538,-0.43731532227973563,-0.0772826212839754,-0.11571861894265019,-0.3845549257877586,-0.027970083202045703,-0.16666050941406538,-0.5258334206358946,0.049751341357526395,-0.1892800448060633,-0.45307425754437425,0.05739055142047195,-0.15479158521481057,-0.3822458564892299,0.024888170425833234,-0.11924521367384797,3,Show_Desktop
0.0,0.0,0.0,-0.08764211847853208,-0.2471468203073277,0.03161419844504736,-0.22561589487913034,-0.45712334004664434,0.018004624294940846,-0.3245960747230768,-0.6512285399653251,-0.010373920149828653,-0.3424685846030216,-0.829737875485366,-0.043451191814208416,-0.391667206609741,-0.4441739962109171,-0.049179500814520084,-0.6441124731039096,-0.5326999772919874,-0.09057248840997262,-0.783171585756394,-0.5850055972784978,-0.10809441251980806,-0.8963057286282368,-0.6190326521762837,-0.11829904103570735,-0.41763798428248794,-0.3175629417666158,-0.09473462186322623,-0.691757680574812,-0.36548711794917393,-0.14532988630009352,-0.8694543313895607,-0.3701982366934323,-0.1698774945166781,-1.0,-0.3641808498282846,-0.1839014996087861,-0.4115145906581763,-0.15644543729409674,-0.13093142026992236,-0.6054345321105554,-0.07814495333168975,-0.17302798634682703,-0.5182880577271327,-0.06313165316561249,-0.14343142618170784,-0.42826379373260204,-0.08341488782167461,-0.10981974177754521,-0.38341948887986393,0.012470016268558023,-0.16455758010311677,-0.5266552273054493,0.07014634135135848,-0.18178972537926572,-0.4507887098815258,0.07102169098279751,-0.14206693541919357,-0.3764341231501263,0.04082131793899889,-0.10332196322384089,3,Show_Desktop
0.0,0.0,0.0,-0.07894193580430736,-0.25841297143506353,0.03820025562244439,-0.20828616954713536,-0.468020114332521,0.029494343456614495,-0.3153913846694449,-0.6483135212784344,0.00597209555276494,-0.35260772051619554,-0.8198184448490307,-0.023452829744080562,-0.40565010593882234,-0.4311712393544083,-0.03326968396696225,-0.6599166924909631,-0.5126413112469917,-0.060052374654352446,-0.7991042825924145,-0.557797730122369,-0.06908544875535319,-0.908580065201396,-0.5910031382911157,-0.07043215648458778,-0.4449095879597668,-0.2896191242200338,-0.07107312138609878,-0.7108399030631057,-0.3204564217239625,-0.09341419771444093,-0.879965328267588,-0.31930516828333294,-0.1010276064372342,-1.0,-0.30592624607514407,-0.10428254679057963,-0.44735538731564123,-0.1231091518805278,-0.09915971632197805,-0.6024880168514075,-0.050267571140098805,-0.10870747385119083,-0.5386569962617132,-0.032524669313438476,-0.07830437810957358,-0.4587784137257458,-0.03340387953418923,-0.049345773266991785,-0.4268446432684708,0.049426408457788513,-0.12491487031922388,-0.5471247979845031,0.09123062671467075,-0.10863112977209496,-0.4902241398417687,0.0985245987960112,-0.06099200941259155,-0.42476896080486015,0.09249489396058076,-0.019856627705144184,3,Show_Desktop
0.0,0.0,0.0,-0.07906477622402677,-0.2591399394686204,0.010484646456959538,-0.2131065872716792,-0.4721912984025217,-0.004403320687169659,-0.3209398887482607,-0.6584302244900168,-0.02793055052850397,-0.36061267458392454,-0.8284263562635972,-0.05545802739750241,-0.40740957957666163,-0.40627221223470844,-0.06715072506743286,-0.6756594473790846,-0.4764086688417474,-0.09865336843024541,-0.8218517170153798,-0.5214463690507797,-0.10775482327922899,-0.9361965236200387,-0.5552030504881764,-0.10895471498683144,-0.44712682842944007,-0.24813469793491433,-0.09067108640990647,-0.7178399922355124,-0.29161044543364534,-0.11585255915847842,-0.8878677471385413,-0.3057854571395298,-0.12475855615416899,-1.0,-0.3016503965478757,-0.12791711245065646,-0.44023528505419696,-0.07957461508231517,-0.1054849736399205,-0.5780235398314342,-0.03945097537449719,-0.11813374882957937,-0.4978304234353854,-0.04544501620881627,-0.09101617941695041,-0.4053892877321826,-0.057787568488044914,-0.0629223650300301,-0.4067933771074447,0.07645721370961343,-0.1206717712973643,-0.4804389918344482,0.10029914695486926,-0.11228186489565983,-0.40864400301271986,0.08583470511740171,-0.07478809630620784,-0.3365086730637716,0.0668441187735586,-0.03937002311582039,3,Show_Desktop
0.0,0.0,0.0,-0.08221803117076212,-0.25420032526604364,0.015839732701481885,-0.2155846580581175,-0.4642972352386291,0.004466661187581737,-0.3241069005905654,-0.6432274233978904,-0.01582505506699657,-0.3646104016236083,-0.8045804650691999,-0.03965023855013317,-0.39842410983512994,-0.39120950229361895,-0.06945811114838282,-0.6631507659998316,-0.4573850128396729,-0.10431045092253388,-0.806961269609315,-0.5007420078458524,-0.11310463275169605,-0.917548109433651,-0.5333915226261491,-0.11363339474609406,-0.43740978417951554,-0.23517738652476539,-0.09541179922641266,-0.7128469773819316,-0.26779021956308535,-0.1318901103756208,-0.8862586898515123,-0.2756101821710998,-0.1456127766300343,-1.0,-0.2676752302762805,-0.149997826364097,-0.43100977711960925,-0.06788562398939142,-0.11115767619861448,-0.5687186716658742,-0.016032154045453887,-0.12990209286535204,-0.49036492910748325,-0.021483114065119553,-0.0997230468904768,-0.4012584389271324,-0.03680151583843192,-0.06775697542848928,-0.3964245296018468,0.08755028056748038,-0.12673661801860728,-0.46202695438194774,0.12140593355352303,-0.12120491829513447,-0.39028374018524176,0.10710877274161679,-0.08252168225524854,-0.32135810906789675,0.08674647196068908,-0.045223434494217014,3,Show_Desktop
0.0,0.0,0.0,-0.08472445232405058,-0.2504569555636356,0.006940014252865336,-0.215404087143767,-0.4555495946982402,-0.009447466239942017,-0.3260992953556779,-0.6301139014395731,-0.033192996608265586,-0.37363995106459763,-0.7888738980112973,-0.05899515079528764,-0.39849004489851353,-0.3841546528249505,-0.07837300014511052,-0.6604731166900978,-0.4421692969080062,-0.11612917216396938,-0.8060180439639847,-0.48156985910767325,-0.12799602811656396,-0.9178658585790256,-0.5116386261048596,-0.131262102935867,-0.4401406741447762,-0.22439344623050939,-0.10040367893434453,-0.7107115562023765,-0.25079905240115546,-0.14076231062633335,-0.8855013785656967,-0.2546361324621504,-0.1594366143935012,-1.0,-0.24430171792742975,-0.1677810969310601,-0.4338876721850008,-0.058214818231955436,-0.11230246618696242,-0.5645480986378867,-0.008566305246629689,-0.1296870951507368,-0.4881184245923885,-0.019481250911483984,-0.09958481138031394,-0.4018996866008801,-0.03767606321181223,-0.06897822316103498,-0.4004823387940424,0.09116593638335056,-0.12542877508318181,-0.4593715377310263,0.1250751762237165,-0.11871751264354592,-0.38975243024987893,0.10397290618101235,-0.08167006020017381,-0.3248191203424017,0.07794974485756004,-0.04606100060005651,3,Show_Desktop
0.0,0.0,0.0,-0.07997664793457952,-0.2507464431815754,0.007050186548625245,-0.21726597620237356,-0.458905135286017,-0.00801807049831398,-0.33059106114245973,-0.6360182586852674,-0.029992624364428414,-0.37458338412953673,-0.7996396963053612,-0.054057516454017976,-0.3930134513700573,-0.385479497688592,-0.07949309624041104,-0.6600393616366834,-0.4515220577058791,-0.11872753494731612,-0.8060414635153157,-0.4948323061390672,-0.13061918716751578,-0.9174657398012601,-0.5267978817595023,-0.13367678398534713,-0.4331603076780248,-0.2276675930716281,-0.10079149592041237,-0.7080315075129927,-0.25753276241345435,-0.14235150394500784,-0.8826263171074064,-0.261299578633781,-0.1590817120442704,-1.0,-0.25012345016701043,-0.16600127928792305,-0.42827926770158675,-0.06289804078976625,-0.11230610512266595,-0.5693444604725763,-0.012080046571351305,-0.13366586179774217,-0.49219034139171264,-0.019449953278200913,-0.10281367336880409,-0.40378213940705476,-0.03532106975117811,-0.07062395866437535,-0.39562144490155227,0.08631965484602205,-0.12472080430982498,-0.4590130186586836,0.12391703699039763,-0.12152789818501017,-0.389735510125323,0.10540949717407135,-0.08495285153950578,-0.321579828047289,0.08072021333388159,-0.04919584462153136,3,Show_Desktop
0.0,0.0,0.0,-0.0811415407918301,-0.25385226666574795,-0.006494021413068368,-0.2229206177498879,-0.45489555359951217,-0.025411435555778766,-0.3400125515973429,-0.6314284877621926,-0.04930084563357456,-0.3846603518236851,-0.79338124299858,-0.0750849364839424,-0.4038272036637343,-0.36725531705989456,-0.0787801431058574,-0.6607412332604697,-0.4261912103219376,-0.11355088841006138,-0.8023421992626367,-0.4637842778898388,-0.12415393782810019,-0.9120743954878557,-0.49262671170542677,-0.1258626144499176,-0.440762833950865,-0.19991180579360143,-0.09295029218047854,-0.7105128527552939,-0.2274569924053075,-0.1287616114130741,-0.8841569098954933,-0.23442651659871233,-0.14384317957037215,-1.0,-0.2267554580213377,-0.149214714890257,-0.4329162482322402,-0.03494178665614767,-0.09908182069057637,-0.5702474318317925,-0.009201940042868355,-0.12369673182744907,-0.49409736158074335,-0.02440154546566369,-0.10196729569044718,-0.4031826280380636,-0.0391219393997856,-0.07417625193842678,-0.39989199654802365,0.10861828502461227,-0.10674982893122253,-0.45985871701545294,0.11934375701577447,-0.10993590205547359,-0.38955019232193644,0.10006654758152078,-0.0803552723970711,-0.3180775730056827,0.08017806502140834,-0.04829527162766853,3,Show_Desktop
0.0,0.0,0.0,-0.08216333859684555,-0.26392975510160094,-0.006799554776457877,-0.23448127471675592,-0.46477114754365995,-0.02403677277036142,-0.3641241251863492,-0.6274706233585536,-0.044269264763333004,-0.40876062621616815,-0.7835060093128517,-0.06785171558522722,-0.4016373155870855,-0.36943612523532593,-0.09281270956064101,-0.6556173936578047,-0.4408963229240954,-0.13162232495862394,-0.8002725096775308,-0.48047144709896,-0.14402751940172742,-0.9142023062308051,-0.5058878913348848,-0.14672382320703567,-0.4409581815750373,-0.1950183889188581,-0.10760596678912729,-0.7119837616577251,-0.22791430931531975,-0.14093826967637663,-0.8814425386382208,-0.23477475256380193,-0.14924591838377635,-1.0,-0.22389107367550265,-0.15033923815327188,-0.43724034910981896,-0.02158369497792571,-0.11391894503382238,-0.5748824159514712,-0.000478288538210567,-0.140510249263532,-0.4995989072318566,-0.01520957551509603,-0.11830251528685169,-0.40975419093954424,-0.02713821920167776,-0.09070018880212131,-0.40458848341145487,0.1384493541223466,-0.12116150096695663,-0.45955333845080815,0.14077957588050846,-0.12774327737012606,-0.39296900543597246,0.11889513306975596,-0.09798882783591215,-0.32250945114094454,0.09847438072953797,-0.06580909271082916,3,Show_Desktop
0.0,0.0,0.0,-0.06865354597061643,-0.2733728724259977,-0.004820289307832015,-0.20114207930146616,-0.49350818119567397,-0.01905372077401512,-0.31607907983458977,-0.671051081567187,-0.037292511098538025,-0.3651718565151643,-0.831142423463435,-0.056948345582534095,-0.3931588458830334,-0.40101083207959176,-0.07688509181416063,-0.6608627231040878,-0.4856660178037242,-0.10716747962008732,-0.8063535209915881,-0.5351977647080309,-0.11257689811805827,-0.918196192549963,-0.5728199067357445,-0.10944998107950143,-0.43931569540836274,-0.23003436744667255,-0.0884113526457127,-0.7095784496107223,-0.2743234288660503,-0.11818216333050843,-0.8839690300795378,-0.2934925956790283,-0.12727480612989422,-1.0,-0.2941686956821643,-0.12786240084446865,-0.44069925562786677,-0.057071804483404515,-0.09176911468776172,-0.5639162983539381,-0.04470511176568987,-0.10952577129320855,-0.4877713722581733,-0.04939502801645778,-0.08467520343687412,-0.3987824379022302,-0.054209803028028684,-0.055034731364526475,-0.4141734630166677,0.10034293229926608,-0.09655884154758063,-0.4667614846230542,0.09874581703141894,-0.09283619869507892,-0.3951907112067068,0.0883384464063051,-0.0588029274734007,-0.32326995490022975,0.08002078650978217,-0.02330950771563688,3,Show_Desktop
0.0,0.0,0.0,-0.06491066579719322,-0.2897698212606257,0.004146613796624362,-0.18805094452009952,-0.5217666483169705,-0.010194142899106116,-0.2952498910873219,-0.7146792676874432,-0.03144992281146306,-0.3423746044506051,-0.8823897917408947,-0.055327500243498084,-0.3874447755060105,-0.4526114123067052,-0.06722729400699927,-0.6485839093756195,-0.5570687110368019,-0.09858971479429639,-0.7941258445067284,-0.6139091127128878,-0.10695908554918182,-0.9060648514714945,-0.6568463533648251,-0.10678709747062404,-0.44026544854361854,-0.28770947242714867,-0.08577842252137872,-0.7063474679758016,-0.3546422607642904,-0.11689242784499494,-0.8823755980116521,-0.38255551965904083,-0.12860326254756616,-1.0,-0.38901915040530355,-0.13221595978999875,-0.4462989125184014,-0.11424532667432376,-0.09572494038829993,-0.5851464881568652,-0.09755317850017767,-0.11356206282905361,-0.5073975942596688,-0.09800608749692133,-0.08735173893944276,-0.4144624584732612,-0.09859964344706973,-0.05836446434352452,-0.42116028575202813,0.04728205407778583,-0.1064632828607282,-0.4892197013478075,0.05738895705283987,-0.10174144850187106,-0.416465064635501,0.04804383797793552,-0.06503790119054241,-0.3409082954444097,0.037947902884569014,-0.028767809503083813,3,Show_Desktop
0.0,0.0,0.0,-0.05421214147466192,-0.3075116116705497,0.013529438111875474,-0.17372703368162498,-0.5415254278450189,0.00607526261581487,-0.28839038023532576,-0.7287321453531641,-0.012236331075511767,-0.3405397738056111,-0.894348414338441,-0.03237244810661552,-0.4056085731447547,-0.467493708677357,-0.03892188688861473,-0.6590744447544608,-0.5700534661234605,-0.06433216700155903,-0.802048878121668,-0.6257808498776815,-0.07043050335620235,-0.9109153390981979,-0.6681484487700416,-0.06829804675144241,-0.46378565555051254,-0.2982631110372349,-0.05962759989438734,-0.7158876651938793,-0.36626462286153944,-0.08354853956946744,-0.8876946064534605,-0.3954302034216808,-0.09524938103893044,-1.0,-0.39805610767844485,-0.09818444338189472,-0.46916177041749846,-0.12025749224614385,-0.07218970360042566,-0.5781331092580889,-0.09991874214203053,-0.07697120325314141,-0.5031199815357393,-0.10012490000174497,-0.05366857412879242,-0.41199865727551055,-0.09930620504575859,-0.028712201656227516,-0.4395924190753946,0.045470580499877046,-0.08599001934036238,-0.47312428278741975,0.06382510617759403,-0.06577940394655858,-0.40287257411474,0.05489141902988156,-0.030348478477661887,-0.3313636802739849,0.043579181078378305,0.0030998827140789526,3,Show_Desktop
0.0,0.0,0.0,-0.04388046908331956,-0.3088389380667033,-0.006747179291777977,-0.16462253091283677,-0.5548147920374221,-0.021478398656407233,-0.2814710359115491,-0.7444919993696356,-0.0416415970179404,-0.336952226838915,-0.9177462937267217,-0.06369092314788771,-0.4052162649375209,-0.47082585416290307,-0.05729969174651858,-0.6592569388123782,-0.579937886050114,-0.0809351054903831,-0.8001549005062133,-0.6371630529621358,-0.08627569562095308,-0.9087176698043948,-0.6800666494982069,-0.08287546975641223,-0.46775436546525884,-0.29733152167646165,-0.06658070163632014,-0.7203461622726941,-0.37320394208335417,-0.07934500903310758,-0.8872783635126669,-0.4071584789769648,-0.08382028957406781,-1.0,-0.41226923476074984,-0.08263152788446075,-0.4776480107008191,-0.11893822045071051,-0.0696918463529829,-0.5872906633047235,-0.10820107853801597,-0.07390636289428137,-0.5079893875856661,-0.1066597608459182,-0.05723458332577345,-0.4147092060099859,-0.10201485968627842,-0.036326840654719854,-0.4537857414660583,0.04714702479561205,-0.07473743365844439,-0.4848554005696341,0.04894702248940104,-0.05760734870339628,-0.41356811202035615,0.041846198787701745,-0.026906458145600713,-0.3405886411420357,0.03297785653061303,0.003737476432357867,3,Show_Desktop
0.0,0.0,0.0,-0.041023715373391764,-0.3187474834872204,-0.0073781140901582635,-0.1616044758888708,-0.5669147330531852,-0.02178698682053716,-0.28263263895808877,-0.7499463278964505,-0.04149234361799768,-0.34406745023887125,-0.9183098431802402,-0.06262388308279161,-0.4004114118639248,-0.47720859693424944,-0.05873368724442526,-0.66139272425015,-0.5789964248302949,-0.08234240631815412,-0.8047895972526364,-0.6322707472047974,-0.08719166188607788,-0.9151433916070603,-0.6724016828331093,-0.08366282234581895,-0.46508143577130256,-0.30092490199271354,-0.06775541087643473,-0.7202019569861635,-0.3741411450750883,-0.08018285733192901,-0.888886593478171,-0.4065894760549505,-0.0858653533196861,-1.0,-0.4110997555792658,-0.08607325676985043,-0.4749469760124179,-0.12194403194563604,-0.0704033570171877,-0.5812917680360546,-0.11415631098872521,-0.07168971531027708,-0.5047728677592281,-0.11252852722937716,-0.05541133340065199,-0.4110415264103206,-0.10734481470769565,-0.03636974324204991,-0.45004403137853455,0.04269018355454342,-0.07533701956305203,-0.47255755472326666,0.048047267097501754,-0.05605555054542571,-0.40358576235045734,0.03944778089143491,-0.026669114969570615,-0.3320385191522319,0.028343934080124956,0.0020205544055878683,3,Show_Desktop
0.0,0.0,0.0,-0.04330018152873645,-0.2848956768666145,-0.024925005872317774,-0.17269799350740858,-0.5169503750641068,-0.041651314917956664,-0.28779662197054945,-0.6926387377941361,-0.06390974202890252,-0.3491420122851388,-0.8495166704241851,-0.08633979824263863,-0.4167895784865146,-0.4487406826241263,-0.05117131316506598,-0.6579539694910266,-0.5320559327842055,-0.08753820238915937,-0.8038317345064651,-0.5739146509072599,-0.1032404978751433,-0.9190398074133707,-0.5998681105473412,-0.10764537953110892,-0.4682226834064761,-0.2845800230745369,-0.06391112537775345,-0.7209755059108341,-0.3199661700995778,-0.09672649582661916,-0.8854696150970157,-0.3333535390317926,-0.11419896343067452,-1.0,-0.3322437456782514,-0.11778048836326442,-0.4670002201123518,-0.11116418968902095,-0.07569419197547606,-0.5596374897493155,-0.04544991954609919,-0.11895178860440923,-0.4725082564376746,-0.03671127009720869,-0.11767134978557726,-0.38011701435112516,-0.046771705897420524,-0.09701177850749194,-0.43879847796590826,0.05669711572737789,-0.09005965806032241,-0.4635215774058619,0.10946935794706247,-0.1110700368749034,-0.38392376794085287,0.10867677552199383,-0.09349972688352659,-0.3109642533758995,0.0825046494424395,-0.06583215898709663,3,Show_Desktop
0.0,0.0,0.0,-0.058990698047749424,-0.27360481864314573,-0.00041573204411971015,-0.18681272128925236,-0.47342310505052304,-0.012515341566091378,-0.3023948290777422,-0.6398949405584738,-0.031919561885182676,-0.3592474381727862,-0.7899442150418722,-0.0519940017502464,-0.41519036449740027,-0.4166449650842348,-0.0544212786884504,-0.6612903225806451,-0.47345510002051244,-0.08372478679198478,-0.8020722038402882,-0.5023014082246025,-0.09160072629585093,-0.9127096952562719,-0.5222094143248281,-0.09153433952014126,-0.46390354241172954,-0.24738254390111214,-0.07277727442877165,-0.7199226100760745,-0.2611529783192273,-0.1025391669145244,-0.8876697851543339,-0.259493699109046,-0.11565858869741345,-1.0,-0.24720718471019468,-0.11929593323753314,-0.4638398869139458,-0.06755219527856805,-0.08486529738488391,-0.5583657370660056,0.009902833394276134,-0.10650136630673146,-0.4795945668750613,0.005052083797836382,-0.09043743879596242,-0.39188018942805924,-0.01234470734078322,-0.06705111541934483,-0.43731527642762225,0.10505520525832315,-0.09833180745828282,-0.47402164509886113,0.1554823994220839,-0.09697626446908307,-0.39843704014198184,0.14071588466649423,-0.06851044000218394,-0.3279879065702284,0.11055365790576757,-0.038078123298802946,3,Show_Desktop
0.0,0.0,0.0,-0.06394213951081791,-0.25863436197675005,-0.0020958172274359137,-0.19691305741618723,-0.4505557149043626,-0.011016287350940613,-0.3081200402683809,-0.6155262728688972,-0.02802943134274071,-0.3617579735331005,-0.7583731799085526,-0.046074086151044094,-0.42886624261137074,-0.38118735482855004,-0.04248436527391328,-0.6708303947538623,-0.4315710855028205,-0.06971691236148575,-0.8100631583683432,-0.4621375986322248,-0.07632998861832603,-0.9185390901370587,-0.4816430174290101,-0.07524333286236592,-0.46821474970051796,-0.22064643124286445,-0.06276240550854971,-0.7282901123127886,-0.22827357753069338,-0.09403968227493123,-0.891334874330032,-0.2224585083826846,-0.10879597702148226,-1.0,-0.20868964663933365,-0.11142537293952824,-0.45915458896443895,-0.05106008199902141,-0.07820241208871809,-0.5586494344992042,0.04405855787454937,-0.11149253846169553,-0.4750157192911415,0.04849842807088585,-0.10234372120478213,-0.3886461162946341,0.0277233179796071,-0.0794507951669996,-0.425322850056522,0.11627078798922427,-0.09404200923618697,-0.47617191674118564,0.18784974719780437,-0.10539765749525438,-0.39582952302215324,0.1757447119629711,-0.08016842720623314,-0.3231369968561418,0.13926043406615038,-0.04939357722844825,3,Show_Desktop
0.0,0.0,0.0,-0.07376878386261439,-0.26681135523644905,0.01226014400763755,-0.20191406510662754,-0.458444531503936,0.009074782922118102,-0.31555769855842397,-0.6221170093916623,-0.0033244810133500067,-0.3736719182195664,-0.7633871547547039,-0.016779841961643126,-0.42223615413261123,-0.3979544128758118,-0.029239519956029223,-0.6705583335665284,-0.4400922591435786,-0.048132255517128845,-0.8096012149104208,-0.45902949235945334,-0.049030936610677374,-0.9195412443145249,-0.47380580806395717,-0.04545533311081407,-0.46391776322162215,-0.24096846269919342,-0.05268122419400874,-0.7238907269443625,-0.22996861553165246,-0.0799890279592839,-0.8889938027514148,-0.21061367613725646,-0.09359774941889847,-1.0,-0.19424166040627602,-0.09672882370193127,-0.45895124644556906,-0.07180359522215597,-0.06939388410304113,-0.5607312064508213,0.0308427741459141,-0.09092124407299126,-0.47940582614554383,0.04050350761256326,-0.07710128824372449,-0.3959753401598498,0.016983991338058942,-0.055039593170311096,-0.4303319693215746,0.09309261862274276,-0.08595615337446082,-0.47833352347700303,0.17325475018350658,-0.08645017488078614,-0.40025777023899983,0.16748866133833878,-0.059511126510389145,-0.3333923854994285,0.12903558413211613,-0.03024047166097217,3,Show_Desktop
0.0,0.0,0.0,-0.07474073839624477,-0.25225397428267216,-0.009531586489683703,-0.20374421521479963,-0.4506840791002597,-0.028422770506516908,-0.3195574198435794,-0.6243936461125396,-0.053949337619334264,-0.3849643060833257,-0.775375789948608,-0.08088098292591883,-0.42537355578186836,-0.38697060850220427,-0.05203443498763065,-0.674106855644074,-0.4383285164284693,-0.08105248883911689,-0.8145097545167922,-0.4605526832032242,-0.09028047019499545,-0.9278146932458037,-0.4766182038664738,-0.09189852149684234,-0.4645085029696834,-0.23170439822615435,-0.07005129924876172,-0.7213609302573822,-0.2233711631547841,-0.09922981423950336,-0.8861809960535927,-0.19914483130696478,-0.11503287202767416,-1.0,-0.1762180397793388,-0.12063027425029771,-0.4567872847778566,-0.06303484245090574,-0.08388810929721624,-0.5585562690408412,0.04089280199055982,-0.11214534080881415,-0.47606835060778646,0.052489989174634676,-0.10219126172717252,-0.39110319636856883,0.030594224223870127,-0.08190758124983867,-0.42712696293786306,0.10064031632491156,-0.0992692612459992,-0.4749353384566087,0.1796802741901818,-0.1053171105295247,-0.39757907347036636,0.1751438813723659,-0.08012088785384937,-0.3314000550680728,0.13862115089789714,-0.051332159323312546,3,Show_Desktop
0.0,0.0,0.0,-0.07685297961521337,-0.2492773219915656,-0.013698534700136359,-0.20453502065909498,-0.4586997942094455,-0.041185305201474405,-0.3175077702584526,-0.6330971606911385,-0.07533795214369712,-0.36315679113770577,-0.8001559387659958,-0.11188426618447064,-0.4195807153321572,-0.38152715049943686,-0.0667655752025159,-0.6757598173438374,-0.4234425738028802,-0.10241368624957342,-0.8209554982125491,-0.4441347715681367,-0.11532601587651604,-0.9375938611845576,-0.4635955461651277,-0.1197863922520845,-0.4560742996194268,-0.2262050842302538,-0.08480578380730021,-0.7171113077295075,-0.2137554770267741,-0.1209783885350877,-0.884935451568271,-0.191394899485158,-0.13942378496698424,-1.0,-0.1697274050844674,-0.14733487842767465,-0.4476010766010033,-0.05799497193576521,-0.09810070367783774,-0.5624188858535347,0.04742510818678027,-0.12945938082382136,-0.47722904688321083,0.05464912147215839,-0.11790762458829641,-0.3896043260087601,0.029480341794533953,-0.09677791438479638,-0.4182992921540103,0.1035145461491198,-0.11323241368410454,-0.4724662000921344,0.1832784947190701,-0.11953251374341285,-0.39310462314320616,0.17350537025797833,-0.09375666255253316,-0.324872890291085,0.13460763529795164,-0.06532769818910147,3,Show_Desktop
0.0,0.0,0.0,-0.07507109427209605,-0.24236771989911202,-0.012527591216782869,-0.19961059649754176,-0.4512287445830359,-0.038138784168585,-0.3133538806316098,-0.6224821171925339,-0.07020715910376653,-0.3689577465981986,-0.7847101247949545,-0.10412254681330942,-0.407187729673337,-0.38420439567543496,-0.06880532583340607,-0.665226808708177,-0.4395283139885514,-0.1070619050867249,-0.8094607204434444,-0.46975271505482047,-0.1195069596042282,-0.9238907051209149,-0.4939962739335675,-0.12291094810316823,-0.4454000318440456,-0.2389470174202032,-0.08886664288766057,-0.7129820106927112,-0.2341332070130939,-0.12814929590368673,-0.8819224079034379,-0.2186505362793281,-0.14723389838676718,-1.0,-0.20418147864482866,-0.15480835870708806,-0.4406250825914644,-0.0755436901134184,-0.10411698699765863,-0.5599677802351984,0.03432766012660449,-0.14126911405190115,-0.47232869390698534,0.045118260847303936,-0.12874147958102572,-0.3862884401970574,0.018948404266144393,-0.10583295560779128,-0.4144430703885093,0.08617433390185422,-0.12087498505146992,-0.466797793901985,0.1706740467252893,-0.13553624194460534,-0.38483436998379156,0.16112129349076582,-0.11096060206853005,-0.31716393136015053,0.11928376129563457,-0.08173350300675067,3,Show_Desktop
0.0,0.0,0.0,-0.005023990038085046,-0.2902420839759529,-0.04144996387856994,-0.10580010072078311,-0.5830688265241887,-0.07836151588969054,-0.21282478518145478,-0.8122100834880867,-0.10739442454902216,-0.24476355206005476,-1.0,-0.13704030898864478,-0.2803482834188411,-0.5162567179975449,-0.15083541080122542,-0.5146023004469484,-0.6927325135343553,-0.20704180652177245,-0.653318621935098,-0.7964092647382833,-0.23089258816521302,-0.7638376733105663,-0.8802278414277172,-0.24144011480113886,-0.36540939457366783,-0.35176241698404204,-0.15155642136313724,-0.6346621624280003,-0.5103160114569891,-0.20123795889441576,-0.8035788582748419,-0.6052269070063895,-0.21602924912863092,-0.9241596601460451,-0.665608475496522,-0.22236708473342776,-0.4099741607912877,-0.18354346337855276,-0.14383685632642923,-0.5701713531994587,-0.28603251589499856,-0.18309032868526276,-0.4898012830096629,-0.2799855804035126,-0.15083995995768887,-0.3988938910484404,-0.2465960014635989,-0.1142418425215836,-0.42456146131692424,-0.032483927953164835,-0.13907897657268367,-0.5199538297504013,-0.12166411586037582,-0.15252188760987168,-0.44837223804727583,-0.10757279633942904,-0.11221744484219438,-0.37547458767429415,-0.0779563123603286,-0.071250385161196,3,Show_Desktop
0.0,0.0,0.0,-0.013579476063130034,-0.29459790731555985,-0.036910215563481785,-0.11799967798813268,-0.5939074471134778,-0.0757532690471495,-0.2220362636413259,-0.8146289107752239,-0.10757029494603385,-0.24929240837387934,-1.0,-0.1408672914981507,-0.26888260900298055,-0.5280312312241556,-0.16182007540364413,-0.5059724365695526,-0.6905635305852369,-0.22688342301643663,-0.6437007410199922,-0.7933398030229846,-0.2567106926110551,-0.7544114644078712,-0.8819387176073733,-0.27007298860475626,-0.34958732412065235,-0.3555185274632926,-0.16722781004524884,-0.6251214907578667,-0.49810106263916215,-0.2236401873518552,-0.7969262347387973,-0.5955128431684397,-0.23837071164706153,-0.9272331719347022,-0.6612292803034765,-0.24500140723196467,-0.39144862143578024,-0.18235124622519625,-0.16350729364326022,-0.5583533609006908,-0.2894663340519696,-0.2087315379707463,-0.4782273835750386,-0.29799204002371893,-0.1743823271452571,-0.38925908799956016,-0.26914866149091493,-0.1351172658501018,-0.4064575160318713,-0.025433783364552775,-0.16236282616056838,-0.5163656641102066,-0.14553881028395949,-0.17842907384365372,-0.44783505923840267,-0.14717169515686299,-0.1343977552443268,-0.37589976791583707,-0.12177767240397566,-0.09068515046775198,3,Show_Desktop
0.0,0.0,0.0,-0.036864492555140516,-0.30162421462597266,-0.025235456890052632,-0.14665948163080572,-0.601782406243323,-0.059243252332745376,-0.256160142911078,-0.8227130692007277,-0.09076825529389232,-0.2950354074040416,-1.0,-0.1243368285647931,-0.3036617900490657,-0.5281060070184288,-0.14051350571630247,-0.5551703795450096,-0.7111738114122093,-0.198851610495466,-0.6966327930176155,-0.8127707630645931,-0.22487190749850453,-0.8120309868711424,-0.8996257978185026,-0.23709156856970964,-0.3757981375917349,-0.35533508058021124,-0.15412575143738133,-0.6658253775909079,-0.5016624542649578,-0.20809514338883078,-0.8454244280838239,-0.5950156749334572,-0.22574300481532247,-0.9823132735198669,-0.6589590904786107,-0.2363088270275494,-0.4154427897475903,-0.17508445012394697,-0.1587348819552936,-0.6177498805968549,-0.2802850665530539,-0.2114627460417121,-0.5352186309239212,-0.2879010854390449,-0.1844576602718356,-0.4388054733227464,-0.2639796130138324,-0.149409614386311,-0.4310679453035316,-0.003992698220069888,-0.16400746255145926,-0.5666466108524504,-0.11758586879413162,-0.19319108135892882,-0.4980169249969559,-0.13174398025629747,-0.15726531705754634,-0.4206194362027273,-0.12252077333926244,-0.11785477260473183,3,Show_Desktop
0.0,0.0,0.0,-0.036993318993364596,-0.30874130037674086,-0.018122038224308582,-0.14761097640999135,-0.6010917124608248,-0.05092999166564772,-0.2548602613117271,-0.8222550740940611,-0.08023056111568712,-0.2986693725123575,-1.0,-0.11286364128269961,-0.2912250032302933,-0.5394050179756322,-0.14782748891673145,-0.5451901565995526,-0.7191542458721919,-0.20166040611227948,-0.6853342150133899,-0.821325002976937,-0.2248551155252275,-0.8039351306431958,-0.9062997053465788,-0.23621922405294848,-0.36338190174334495,-0.36832285704875334,-0.1630342213547035,-0.6574371486264287,-0.519594072475114,-0.20902058191624248,-0.8326110144134421,-0.6110992878153336,-0.22154970206035157,-0.9672707948548395,-0.6708244975310425,-0.23112391139855948,-0.4006237633043747,-0.18844264392540175,-0.1670277506338287,-0.6129695643031053,-0.28634460008968815,-0.21010896907512983,-0.5313840096680779,-0.2884479644085016,-0.180234187278276,-0.43327936843332043,-0.262831611777016,-0.14748370020071605,-0.4143919067851361,-0.0165195933124061,-0.1707346072164064,-0.5620451937035883,-0.1158753081446462,-0.19519704840606641,-0.48787335223371614,-0.11680385912374176,-0.15671747779438822,-0.4036017137022708,-0.10026805100569798,-0.11769207470445431,3,Show_Desktop
0.0,0.0,0.0,-0.04308219889954709,-0.3196311036950129,-0.005601372440482548,-0.15070108499217397,-0.613069701038972,-0.034379315728337696,-0.25913101346428596,-0.8238491962743242,-0.06394724951191115,-0.30111182870536746,-1.0,-0.09847172485513694,-0.30230551141690165,-0.5510946357445018,-0.13614707689716948,-0.5440969714017718,-0.7354954752780736,-0.1976536340080488,-0.6880204102421441,-0.8401843188821111,-0.22836616007542143,-0.8091400365369809,-0.9275372285774415,-0.2448896296304366,-0.36845135633070675,-0.3795135400383985,-0.16119966085699017,-0.6472397412317192,-0.5302764162733831,-0.21930563128716582,-0.8264746777418636,-0.6191128328776984,-0.24161839412617092,-0.9727698402890279,-0.6772299528783602,-0.25663185634379915,-0.3977983185542814,-0.19755461802928853,-0.17422402354107766,-0.6117586408201741,-0.2815645956344875,-0.22855486251620138,-0.5285783205295329,-0.2949037478586361,-0.20145276127784284,-0.42847676571708093,-0.2779636398609878,-0.16779627999696983,-0.4036480619008641,-0.018810908972450413,-0.1857615344450344,-0.561866478173213,-0.10615606244483386,-0.2174290131451535,-0.49349692414052,-0.12301007636777113,-0.17922549463802992,-0.412354422158805,-0.11997739319551731,-0.13832767434351062,3,Show_Desktop
0.0,0.0,0.0,-0.04535997241083194,-0.3264906004729644,-0.0007786321043380878,-0.15924471861053316,-0.6154127831334565,-0.02419540670128155,-0.25804423960654477,-0.8293757646211551,-0.04920933911061122,-0.30911186072849917,-1.0,-0.07789809217892918,-0.31567291610045684,-0.5638411876943987,-0.11292228503969903,-0.5591742231093795,-0.744835722389833,-0.1585335784798871,-0.6964341406311657,-0.8468615925639174,-0.17920204483731755,-0.8089338456310934,-0.9327770329818963,-0.18840382666313074,-0.38148927202102584,-0.3847696728252531,-0.1356437298574296,-0.6604220543830412,-0.5410491649023759,-0.17956952611020544,-0.8375142139282159,-0.6404059505511362,-0.1983843769594377,-0.9751400584214337,-0.705126301901932,-0.21098808058701235,-0.41216927954257604,-0.19896860361810928,-0.14629710236169727,-0.6242292885207288,-0.2941705194310521,-0.18762063319155214,-0.5434388558108163,-0.31404908344429144,-0.16357367057573763,-0.44444520573495366,-0.29978148424750367,-0.13371149524393552,-0.4169331817857693,-0.023778909055474477,-0.15480122487668643,-0.5726896672830583,-0.12100864902147525,-0.17461860016524727,-0.5022464414109555,-0.13466391688534737,-0.13399555176518807,-0.4159909578988585,-0.12371529054525403,-0.09264029256733959,3,Show_Desktop
0.0,0.0,0.0,-0.06368937283184341,-0.2809556387040555,-0.0276656919716961,-0.20545875422483983,-0.5577022986441019,-0.061925219518989466,-0.32781572118159197,-0.7588878654574038,-0.09789062169571358,-0.373438513213095,-0.9411104783671639,-0.13750725371009428,-0.3415910240387494,-0.49651196714147944,-0.12686814994305956,-0.5946026516642652,-0.6257693253378279,-0.1942377754945341,-0.7442169538857061,-0.7011462007972574,-0.2270931588927768,-0.8667504946231628,-0.7673313026074571,-0.2427266268859126,-0.3965049602454197,-0.33113444195168806,-0.14801739077772103,-0.6780035696950472,-0.42866406519725686,-0.21193553876591376,-0.8602758678677761,-0.49663987484409655,-0.23882450239502728,-1.0,-0.5470905456588457,-0.2530863864092398,-0.41825920674292716,-0.14842262029885048,-0.16272779576357346,-0.6038142994186825,-0.168825172847386,-0.22907208151243866,-0.5206990079509161,-0.16007699941779063,-0.20873475679631348,-0.4219641985830782,-0.1471629077854259,-0.17465294364092984,-0.4187509634482082,0.03366571500278365,-0.1787469615352684,-0.5517586672119306,-0.007898428034718533,-0.21522355659145734,-0.47973898675187054,-0.0047771743353959084,-0.1799460803225403,-0.39717583869360884,0.0006158424645928802,-0.13951270698620039,3,Show_Desktop
0.0,0.0,0.0,-0.06952444642749268,-0.2847579839182325,-0.022690537916586997,-0.21791224234356735,-0.5506934957548755,-0.05341585885775299,-0.34079087237282907,-0.7489913126236682,-0.08288242366651308,-0.389552044241288,-0.9325671159966636,-0.1158262126614079,-0.3713893125240448,-0.4629784972333298,-0.11476598306911155,-0.6107354329857464,-0.5894046227397931,-0.16531044109107745,-0.7518107090963624,-0.6634886964484242,-0.19178207609727213,-0.8676154121708054,-0.7261001766726406,-0.2043995277666537,-0.42546232167138465,-0.28576322686695926,-0.12683837062974673,-0.6926207377857948,-0.3880926667606377,-0.16796753547263313,-0.8652749236131939,-0.45879722707680437,-0.18488720969867026,-1.0,-0.5054856483949497,-0.1955461565198875,-0.4452897717457313,-0.10468065916805945,-0.13148402580227014,-0.6254211475137061,-0.16606009413355688,-0.17529408138473346,-0.5452091721397738,-0.18622006394977283,-0.15859145577705694,-0.44927364970489203,-0.1786547761492995,-0.13212404350662804,-0.438902478186175,0.06193239807408805,-0.13636434088525967,-0.564534000739757,-0.018155047994124335,-0.1593730427679308,-0.4946648465957927,-0.0347272490257569,-0.12760723973407898,-0.4125642650704306,-0.027752548081559806,-0.09190601256401008,3,Show_Desktop
0.0,0.0,0.0,-0.06653126428334573,-0.29835276615194345,-0.01918758833972773,-0.21542618142873787,-0.5833223174196324,-0.0467269204028702,-0.33192450999722173,-0.7971210376318549,-0.07279539605760757,-0.3750159637393463,-0.9741194177324096,-0.1022837571613125,-0.3558816017063837,-0.49244018918991583,-0.11523196014838019,-0.6062103987237971,-0.6500233014581336,-0.16233070630868077,-0.7489437325799195,-0.7404634861669998,-0.18108732986018147,-0.8629823849938609,-0.8108686178650487,-0.18622389054815702,-0.41767975730635143,-0.31234736424660114,-0.1286832309740584,-0.6949977762791156,-0.4506359169571881,-0.16845138251587555,-0.8705433160663554,-0.5334286303223668,-0.180526218425439,-1.0,-0.5814506389976788,-0.18538113814183338,-0.4477072709511476,-0.1276931108342818,-0.13385893082999265,-0.6340262343051236,-0.19228380055744257,-0.17446986978633378,-0.559935299244495,-0.19935769754707341,-0.15273497610483783,-0.46321730402129396,-0.18420810890743047,-0.12254896283308905,-0.45303775956480047,0.0465802309532985,-0.13918443952714987,-0.5729094783162008,-0.023655741120800135,-0.15521646236818015,-0.5036457539814126,-0.023643698299889767,-0.11716856127782875,-0.421754431758095,-0.009851867701490397,-0.0776415287157214,3,Show_Desktop
0.0,0.0,0.0,-0.053075015088726196,-0.30568805713298497,-0.025693141355752402,-0.16705042887881227,-0.5739313928520946,-0.06097512708891305,-0.26862167571242346,-0.7827276714898238,-0.09658710640165241,-0.30922016526923,-0.9675028662970583,-0.13480840290465781,-0.35558280064707637,-0.5041937123202535,-0.10672799948596755,-0.5882295034518967,-0.6792442511392269,-0.16172717773935494,-0.7223931000208662,-0.7803762982474641,-0.18916853644268927,-0.8326783666930673,-0.8569400848558549,-0.1994213153765838,-0.42667538148114076,-0.32832507286340273,-0.12053910076385364,-0.692112859184603,-0.47491176741149255,-0.16756378730818758,-0.8667281247125289,-0.5514138529090391,-0.18640313472358414,-1.0,-0.5933156382026354,-0.19311395437796816,-0.45593194479657706,-0.14273682569099636,-0.12788084933407062,-0.6068116343614608,-0.19313485394786145,-0.17332554922267207,-0.5306720428901249,-0.19860830339894592,-0.15325978705689577,-0.4399335479036206,-0.18808293526768186,-0.12155423303140313,-0.45711211877127284,0.03387419031314996,-0.13667567659339702,-0.5562573901103216,-0.029771627361189327,-0.15195815654894979,-0.4854633585148655,-0.028970073839402106,-0.11087228956700915,-0.4079095495370173,-0.018185841502186464,-0.06736685383937356,3,Show_Desktop
0.0,0.0,0.0,-0.02260372602830116,-0.3134677808592738,-0.03342078463852551,-0.13258876855853963,-0.5965590140299872,-0.06141063252967586,-0.24836638206992154,-0.8119221187672587,-0.08554399110735388,-0.2967573092936826,-1.0,-0.10944241711736705,-0.3627853374133845,-0.5431361880608162,-0.10161405422508898,-0.5921280875912159,-0.7293437456359826,-0.13993410909474227,-0.7248886437849708,-0.8368910533625297,-0.1580085627517569,-0.827778487239222,-0.9196872896205854,-0.16316697356254617,-0.4438743629423354,-0.35478924871066836,-0.10117359065729302,-0.7063307440992797,-0.49840200525089956,-0.1282426930868082,-0.8775317700468918,-0.5905871183733418,-0.1390807081546316,-0.9975577145304751,-0.6444954435036259,-0.1436855553532275,-0.4767402670501361,-0.1604854877844486,-0.09438149081227164,-0.6167147662564716,-0.23750152518409576,-0.11678018801352683,-0.5400606489988962,-0.2396244107954308,-0.09521620913601113,-0.4491912471355692,-0.2132598438723436,-0.06799565930323387,-0.47985548222979213,0.013258933739176882,-0.09070966342983454,-0.5513700490533335,-0.07076655112715727,-0.09113586172680473,-0.4815434948374118,-0.06778415850651698,-0.055169034374231374,-0.40802734608866004,-0.0519640531529146,-0.01810031817359081,3,Show_Desktop
0.0,0.0,0.0,-0.019570785206395293,-0.30739468382009416,-0.03227054969066612,-0.1317165859951586,-0.5922046904321473,-0.058339795615556314,-0.24816426324668533,-0.8080779107250178,-0.08225463630187183,-0.2904496251869048,-1.0,-0.10589266521037015,-0.3576865674970201,-0.5469659261836188,-0.08683353360821282,-0.5844310679525048,-0.7288369699625465,-0.12221056140671133,-0.7135555172732919,-0.8333037853725329,-0.13882327516948245,-0.8146429937324873,-0.9125765041305819,-0.14370600600316982,-0.43989233949603446,-0.36278428762096543,-0.08765219157049624,-0.6930479780832182,-0.50738030009578,-0.11650196855308077,-0.8639717811399269,-0.5995144656780923,-0.1322090181529568,-0.9863206879211281,-0.6526765434906957,-0.1393257734356304,-0.4769064567311927,-0.17032810501679774,-0.08311113516678412,-0.6122872686199541,-0.2539822846037284,-0.11105510860929996,-0.5328884135198089,-0.2523841859313796,-0.0957957472020588,-0.4406438612160157,-0.22167939459015865,-0.07072181109590023,-0.484448991857028,0.0005561149226122181,-0.08127803786869425,-0.5477081096329697,-0.0859391289707163,-0.08694793613450771,-0.4779452348059368,-0.08221218334899932,-0.05672884375448079,-0.4036329496558499,-0.0649517141719825,-0.022414438416251417,3,Show_Desktop
0.0,0.0,0.0,-0.01579992342197282,-0.3087883569843359,-0.03076324343185632,-0.1258315322846257,-0.5950129616340702,-0.05813062141063029,-0.23532191086689538,-0.813449671077933,-0.08593170030008548,-0.28800733999545264,-1.0,-0.11362331723188737,-0.363394716905008,-0.5447965963067302,-0.07878813326289724,-0.5789045284999582,-0.7287551619027978,-0.1208290088275475,-0.7087127368868581,-0.8384051484776948,-0.14363538679392474,-0.8117161000653365,-0.9231669944758448,-0.1518068528996954,-0.4446671630996464,-0.37128538106302583,-0.08346864116849384,-0.684967631837188,-0.5205680185026939,-0.11724827993602148,-0.8556966247910516,-0.6157741156688843,-0.1370925244408155,-0.9836154577171239,-0.6745935349324561,-0.1463566379149138,-0.47972147348746425,-0.1854371582621014,-0.08392313831034152,-0.6002308610576502,-0.25528150313820586,-0.11906164614043072,-0.5239731768414296,-0.24727180212778727,-0.1070463814602285,-0.4315005602480024,-0.21284465394930466,-0.0819669014695486,-0.4851044749122438,-0.014639701509105544,-0.08706039329516821,-0.5462547625306361,-0.09201562777782003,-0.09727045354331144,-0.47752654662680555,-0.08234307350617202,-0.06611077891822117,-0.40054900641559327,-0.05878673695616711,-0.029626848699596264,3,Show_Desktop
0.0,0.0,0.0,-0.014122017551237839,-0.315205932654835,-0.028755153844697918,-0.12377660021868954,-0.6089264586312277,-0.05289639872792331,-0.24470448874309586,-0.807194605657891,-0.07797885852970086,-0.29217357781702974,-0.9911666246109849,-0.1030797483578333,-0.35700577564695657,-0.5439658507864412,-0.07755161661140103,-0.5716180222614742,-0.7335884711357837,-0.1259042867967264,-0.6982633807160681,-0.85057055541537,-0.15214471036753416,-0.7989118793282306,-0.9405562564835843,-0.1629234589306317,-0.43523144643508005,-0.3768937673479687,-0.08765147257069113,-0.6890178596461716,-0.533400342052878,-0.13185398294442596,-0.8637359463930243,-0.6289587013205484,-0.15705751492076261,-1.0,-0.6845072475958168,-0.16868089928165644,-0.46752207923290434,-0.198895898169176,-0.09340808933128215,-0.6074160989149634,-0.2681032887543107,-0.1423987617315401,-0.525857935907141,-0.26091232792216895,-0.129097294338712,-0.4360652704180335,-0.2293167353576135,-0.09986376789970675,-0.46904491546807975,-0.028467210586816945,-0.10126897965006422,-0.5532357641517369,-0.10601816805450416,-0.12289495744466428,-0.48003462584461826,-0.10102559789160849,-0.08990019863399895,-0.4021794656124709,-0.07978131045504247,-0.05023083076594165,3,Show_Desktop
0.0,0.0,0.0,-0.03270607288510503,-0.3076990700572184,-0.01468569051588632,-0.14649779431397678,-0.5877682301492353,-0.03813411430457456,-0.2656946614153193,-0.804525000778092,-0.06468288166353378,-0.29770536577694806,-1.0,-0.09453219237641347,-0.34402777542681756,-0.5293763852084986,-0.08277297007525965,-0.5689229787217778,-0.7116071667459319,-0.12918955274439364,-0.7003059949120974,-0.8208430913348946,-0.15180704019800162,-0.8044586581981137,-0.9055268010372376,-0.16146993593968162,-0.42110433913234824,-0.3702426500338811,-0.09880315806501395,-0.6714322298259858,-0.5304528822984346,-0.142116919768473,-0.8398024629205041,-0.6259692705537776,-0.16490162874568884,-0.9667423008480384,-0.6846051906652987,-0.17593980207509802,-0.4578084397590263,-0.19378694913134903,-0.10794814485929134,-0.6153936353713519,-0.25243788505315323,-0.15048052986685112,-0.5403383362373,-0.24768387951750653,-0.13561861457567817,-0.4499621328566132,-0.23052490358484726,-0.10932477045726187,-0.46484443893561384,-0.022034200009500914,-0.11742626081738468,-0.5645274415297998,-0.07386768504802056,-0.13459011688838599,-0.4959122869188267,-0.06367331493942076,-0.102207438485544,-0.41769738828646674,-0.05608678155490627,-0.06559409392812,3,Show_Desktop
0.0,0.0,0.0,-0.04040004340332825,-0.306716383206294,-0.0299945035877442,-0.15277886990697878,-0.6002987501814344,-0.062439094765031296,-0.2718530825522848,-0.8163946208056955,-0.09804108430736574,-0.32813141625905584,-1.0,-0.1387410052513036,-0.3262659186638539,-0.5854390288928064,-0.10484087447763925,-0.5605007165776758,-0.7752981512718725,-0.17029171069630747,-0.7075673984636913,-0.8924141410298144,-0.20391433496299557,-0.8218952880614072,-0.9860297651006239,-0.22010708801637743,-0.4030867094217634,-0.4200357091018752,-0.12428309943370748,-0.6693937485115335,-0.5732057726426567,-0.18779315160225332,-0.8388852954315179,-0.6708621338372629,-0.22148833200085932,-0.9687738418850573,-0.7433406188920032,-0.23957887092082106,-0.44178894990720424,-0.23168245674111465,-0.13970450981640364,-0.646083765605117,-0.2875848161629485,-0.2156155305274009,-0.6069684889018535,-0.250317422067774,-0.22197968445138588,-0.5354333216369819,-0.20137706923253615,-0.20474091823326723,-0.4541208500851861,-0.03957735304520851,-0.15470012192311383,-0.5912701533067558,-0.08706707646172686,-0.20520926551062438,-0.550774988973018,-0.07996245893946503,-0.19409482516694893,-0.48779281393077734,-0.05595590898265699,-0.16897090373260984,3,Show_Desktop
0.0,0.0,0.0,-0.05781989093737329,-0.3109084706535028,-0.0121500151471382,-0.19096297710878027,-0.6001415740691052,-0.03983100850849585,-0.30578507441996966,-0.8032385104863805,-0.07251351012463653,-0.35186961265118283,-0.9815109997729141,-0.11063042183590614,-0.3465988226336608,-0.5385681132557459,-0.10741262580579979,-0.5611924742020666,-0.7109009839851097,-0.16793635371921412,-0.7009334793428635,-0.8105581910805412,-0.20104325676378773,-0.8174266244352281,-0.8905693274997759,-0.21911621317748642,-0.41400808296983266,-0.36899156477657047,-0.1355861872505104,-0.6742727513199274,-0.5124969603687652,-0.19042935068667474,-0.8535667614149394,-0.6041998747445284,-0.21655157230287977,-1.0,-0.6632454151832852,-0.23339392587746416,-0.44234190590983274,-0.17965489090739736,-0.1560534061710761,-0.6384627881142705,-0.25655087139994703,-0.21527962463001266,-0.554341587726426,-0.26172690827061906,-0.19584961818007238,-0.45797939206790406,-0.23771312695181612,-0.16548428704048884,-0.4392340611827503,0.006079993589540188,-0.17618033444513728,-0.5830067542324169,-0.07462716903186412,-0.20958579032548394,-0.5161709843930746,-0.08751827617120665,-0.17325484931414326,-0.433591569777431,-0.0731845231262748,-0.13328846913439596,3,Show_Desktop
0.0,0.0,0.0,-0.07031939980935208,-0.31899755574853894,-0.008016141395868452,-0.23643047097167139,-0.6120778718725474,-0.03655316348731984,-0.3644515983511597,-0.8197252383560027,-0.06652662673412409,-0.4166314810000473,-1.0,-0.10273750803212794,-0.32110931034249635,-0.5251056645542975,-0.14501392194278892,-0.5689165826205547,-0.6911174783339264,-0.20634606318881019,-0.7102203759734445,-0.7964636714906369,-0.2328319969119208,-0.8285425513019311,-0.8833593615076797,-0.2461884913255432,-0.3787824591615793,-0.34223023656445306,-0.1713751597376648,-0.6729392415752607,-0.47712071234227144,-0.22431537544884855,-0.844819840167957,-0.5728908728073491,-0.23915350909046362,-0.9859613799664799,-0.6284593348956384,-0.2506800799537816,-0.4129061025159749,-0.1498362406834808,-0.18697499007821902,-0.6576591360121149,-0.25426975759687737,-0.2410768321477385,-0.5692140474702274,-0.27598254053419524,-0.21127614742544715,-0.4696204803319806,-0.24713521068070898,-0.17592067923482627,-0.42666323721654026,0.026138494471394515,-0.20122996739037827,-0.6170797679036656,-0.09513067249796107,-0.23462093453833568,-0.5552992686912714,-0.12091331542398268,-0.19713137500142208,-0.4731390469939149,-0.09914829175893301,-0.15768908779173454,3,Show_Desktop
0.0,0.0,0.0,-0.06632743178542472,-0.2964421986871014,-0.03075387434927182,-0.20076136321834956,-0.5945166282955089,-0.07001301671589417,-0.31398814907324,-0.8111987032139657,-0.10345407544063814,-0.3645450502118495,-1.0,-0.1428547226936169,-0.24120323600648513,-0.472570525053027,-0.1744855240068195,-0.4574809773199249,-0.6196193609522573,-0.23406546775276665,-0.5777042545927585,-0.7174361722923253,-0.2610950742449659,-0.6830225183416971,-0.8031448642183913,-0.27865385006265464,-0.2853588977561917,-0.2924861135727495,-0.18885844362681886,-0.5535038242966799,-0.4069654215725051,-0.24603493950155206,-0.7103165567315008,-0.4965034263472897,-0.26730742827825443,-0.8391186986659727,-0.5448668936812386,-0.28846329113072766,-0.31915541094126737,-0.10790539080058965,-0.19371354399123594,-0.5699933391358752,-0.19268350741465748,-0.25710364794145363,-0.503317207617402,-0.2499024887189404,-0.24856217653802387,-0.4101733375124606,-0.25021409920401,-0.23180091455508067,-0.34868909269059084,0.061014245007316004,-0.1969096225328867,-0.5417422765441211,-0.053275968629792454,-0.252537756308332,-0.4830299969933388,-0.11920149889203471,-0.2426230136970726,-0.3919971739209081,-0.1350459040245786,-0.22460199032567818,3,Show_Desktop
0.0,0.0,0.0,-0.05165568702279038,-0.29202939230474834,-0.0478311201385711,-0.19284562741747915,-0.6011482754820016,-0.08725821272715885,-0.3137082575640968,-0.8081065022778169,-0.11891476776896354,-0.33866543100819385,-1.0,-0.15401553268611734,-0.23314227542608848,-0.4613086047395686,-0.1613327702985501,-0.43232375880109425,-0.6063851494760073,-0.21891186366092397,-0.5458392767798929,-0.6952870062092481,-0.24408302929839296,-0.6411618231660899,-0.7751486116033858,-0.2596541496590904,-0.28708911490499106,-0.2766648532393136,-0.16632669135372702,-0.5434706814427255,-0.3796288590092903,-0.22574250250685152,-0.7007497820513109,-0.45729314315589703,-0.24686522906824943,-0.8265623297903483,-0.496775837564039,-0.2646485928913699,-0.328844966742942,-0.09667345871796364,-0.16579946319189648,-0.55969737507194,-0.189786472945924,-0.23394600520658748,-0.49277901368618154,-0.2442786259897666,-0.22726093326986313,-0.398801916855909,-0.24415266080564377,-0.20767605844294476,-0.3683048460284495,0.06532612289767482,-0.16582189672357142,-0.545314207619544,-0.06922718752841849,-0.22259983986635776,-0.4883458104204699,-0.12923931489078785,-0.21556265989263693,-0.40165059378766704,-0.1400973852262762,-0.19821589637845252,3,Show_Desktop
0.0,0.0,0.0,-0.055316827617937374,-0.2878272694711564,-0.04206677388607179,-0.19595384456594925,-0.5875661301192906,-0.08364438015532519,-0.307323905655927,-0.8042341395294962,-0.11706373501882318,-0.3451934796373751,-1.0,-0.1563851302296614,-0.21466586555028058,-0.4625136741442922,-0.18307249172890092,-0.4225872759033833,-0.6088681901467214,-0.24017189228288777,-0.5412340363161977,-0.6960814860903094,-0.2608864817900103,-0.6392559324189088,-0.7749911265683002,-0.27237565474734954,-0.2637766295972384,-0.27799062150259796,-0.19197488139178168,-0.5279923201540628,-0.3837755165760881,-0.2478885625571666,-0.6856935043891537,-0.46810207568737955,-0.263147204891379,-0.8061981041755442,-0.5169539976063574,-0.279693526146168,-0.30548871496854907,-0.09184171674452961,-0.19334189138017585,-0.5611441728004162,-0.1976165816855605,-0.25914718402223247,-0.5111889363109238,-0.25905017234032435,-0.2547208016354039,-0.41653910603047156,-0.25710432664323496,-0.24008637327044813,-0.3495387918608387,0.07937846828229451,-0.19376153918016337,-0.5527884253565631,-0.059840417357047156,-0.25281952531722607,-0.5203665075111132,-0.14033934850083493,-0.2504384406263467,-0.43861736888918224,-0.16198372724251922,-0.23838171585932885,3,Show_Desktop
0.0,0.0,0.0,-0.0573954889952526,-0.2990232434292988,-0.04192649710327717,-0.19400470193987493,-0.5991239065067314,-0.08475270788120792,-0.3062284467362433,-0.8060810240357451,-0.11965769593964447,-0.34068346982380715,-1.0,-0.1605154488637445,-0.21341416686691042,-0.47077978165853784,-0.1847469491819697,-0.42141233544834034,-0.618215146221238,-0.24808257449451235,-0.5452847466212926,-0.7077948941089369,-0.2764887816721145,-0.6486566349956813,-0.7954234018924659,-0.29330276279941103,-0.27356555114658493,-0.27327038102598405,-0.19387081915774562,-0.5376551347911078,-0.3908357633183746,-0.2507623027366752,-0.6973356756440814,-0.4809058378090519,-0.26787072336546225,-0.8186629345560109,-0.5363234596925555,-0.2861828592736056,-0.31879152351944096,-0.08096039070262828,-0.19537301263867485,-0.5654602250956299,-0.21399703855720587,-0.25915488386786845,-0.5142896109209697,-0.2817913481708545,-0.253088593984183,-0.41855902428253206,-0.28083115229998895,-0.23761858671046387,-0.3610450126315926,0.09129848875496009,-0.19641213566843865,-0.5592752907864059,-0.07071191526117197,-0.2521011622564799,-0.5272917086096156,-0.15829139038440307,-0.24717398874580634,-0.44807603634261817,-0.18195727988881602,-0.23342288469915062,3,Show_Desktop
0.0,0.0,0.0,-0.06375189033138697,-0.30145108975464613,-0.039033860648648576,-0.20115063930506863,-0.6031734957613295,-0.07669166819369515,-0.32430657702894494,-0.8082643576361637,-0.11071761801859926,-0.3522557039397058,-1.0,-0.14829391965831842,-0.22749996931542388,-0.49337794547706115,-0.14109284516521148,-0.45640432323067887,-0.634572861010498,-0.19601632873345945,-0.5820030762095052,-0.731784182133308,-0.21862755063204015,-0.6864346395918887,-0.824103089839917,-0.23138312892648158,-0.28644116410175907,-0.31853593874454217,-0.1501746621152421,-0.5651013656897343,-0.40197279214784926,-0.20795085236994995,-0.7311291471819609,-0.46885967717241955,-0.2299518953225426,-0.8570941771010375,-0.5169168913100635,-0.24712173251341163,-0.33675676304207536,-0.1423444566536758,-0.1544332674431181,-0.5567331972876127,-0.22701095407068048,-0.22629740268070395,-0.501161168959612,-0.2479769174468624,-0.22589468780630723,-0.4145289206974895,-0.23199348324202249,-0.20761733928959963,-0.3866379329835938,0.02114619488646384,-0.15802374640674172,-0.5693145194892277,-0.09715931884116953,-0.21184181812014907,-0.5245980482025622,-0.15285893040673537,-0.20555672869237443,-0.4430936771039445,-0.17146767234557422,-0.1881911360181716,3,Show_Desktop
0.0,0.0,0.0,-0.06049760218083888,-0.29471166866775633,-0.03712178320523656,-0.19476913260532994,-0.5983470555440332,-0.07821302262657598,-0.3160779784364354,-0.807480586893275,-0.11278754985725183,-0.3507000008245377,-1.0,-0.1522591325606066,-0.2438890654245323,-0.4765837625686507,-0.16949192168317795,-0.47734265441530443,-0.6253969673502084,-0.23044694410109048,-0.6110423996331441,-0.7192655144703202,-0.2565662778619149,-0.718209789038849,-0.8024423441988379,-0.27019136753039363,-0.2979045324839326,-0.2921923887555886,-0.17824877010333195,-0.5810346172654396,-0.4053874661384551,-0.2341702671340447,-0.7536642774100129,-0.49104012898307225,-0.2523233176699625,-0.8840224248893692,-0.543105881427668,-0.26789251271816944,-0.3360457453535713,-0.11018488038811626,-0.17865354677728626,-0.5792222198966029,-0.20041277627563917,-0.2376838285598861,-0.5247494515238409,-0.2473648091100003,-0.22474132135628047,-0.4334832723492539,-0.2455327496874685,-0.20197851025977848,-0.37043087170763667,0.05654552938811055,-0.17867546838150689,-0.5645806496215688,-0.06051694710463574,-0.22328922319316025,-0.5180595963190099,-0.11859484816137598,-0.2060631235293814,-0.43442927083591,-0.13442089860659465,-0.18173975584453747,3,Show_Desktop
0.0,0.0,0.0,-0.05675699931130328,-0.30339041690539104,-0.042743941707762696,-0.19560482725027914,-0.6130360079782167,-0.08675475754674683,-0.32027389189087246,-0.8167461908697934,-0.12251759281491259,-0.3663690985226512,-1.0,-0.16232598278634372,-0.2656932132482098,-0.4803523083696487,-0.1819751071692643,-0.5112337556342741,-0.62682197352257,-0.24315317445473916,-0.6478106402668423,-0.7188224911831862,-0.26741788583618414,-0.7620068323397414,-0.7964650803446995,-0.279895433282446,-0.3187153822591984,-0.278216242967522,-0.19382590157670873,-0.6217084491187088,-0.39979852856920817,-0.2493360200208394,-0.7952001935374364,-0.4860192613971504,-0.263059269615848,-0.9324687013677035,-0.528865757465596,-0.2750954073343824,-0.3504464822815046,-0.08179655547585432,-0.19688957366992405,-0.6215910650216852,-0.18489848714335233,-0.2599350357828248,-0.5464473589228497,-0.24327155006187864,-0.23710679603052148,-0.4437505812301203,-0.23827573491874485,-0.2067931049152295,-0.37048046839181187,0.09515850755062637,-0.20031200294194104,-0.5791825644620784,-0.0359852167573765,-0.25072408290359777,-0.5187349571141592,-0.09053207837485783,-0.22450170312149645,-0.42950288322656044,-0.08737668979447703,-0.19237762244057763,3,Show_Desktop
0.0,0.0,0.0,-0.06922304022285272,-0.30406507623651186,-0.04274667007379186,-0.2144519784124487,-0.6127283845202545,-0.08784930295525044,-0.34079017597865546,-0.820272072134459,-0.1250959584004496,-0.39428606706617964,-1.0,-0.16577750739414332,-0.2890852990500406,-0.4714630001888029,-0.18165884486654968,-0.541704204032542,-0.6150485693772183,-0.24194769938837862,-0.6812693825100592,-0.7030653355954837,-0.2651691877038323,-0.7968376497765397,-0.7798231785911908,-0.2774650160094996,-0.3357901661791981,-0.26537747183145977,-0.19479050563938713,-0.6456931058204204,-0.3792915906936513,-0.25116355824222103,-0.8259678434072844,-0.4607626460364135,-0.26669388119313814,-0.9677976764833275,-0.500851246196994,-0.28043704852148593,-0.3608588113780846,-0.06597876653576769,-0.19904624665148815,-0.6390699792316833,-0.16869373886536657,-0.2635311267420613,-0.5646205617440944,-0.22881961616178773,-0.24148849273284848,-0.46034028942370697,-0.2256455719191976,-0.21153602255096401,-0.3749246258403851,0.1112022823589515,-0.20363698619693707,-0.5908870272823427,-0.014692326436910767,-0.25677740196831444,-0.5324009258527325,-0.06810426883962012,-0.2321943198821798,-0.4419927653872713,-0.06295236745090635,-0.20083305520994224,3,Show_Desktop
0.0,0.0,0.0,-0.07077150661383885,-0.30199122278300855,-0.037657216373969675,-0.21885507025542714,-0.6031371318544424,-0.08132541670864818,-0.3376654587228225,-0.8200699509982208,-0.12015876197484307,-0.3893571653384009,-1.0,-0.16263633973871125,-0.2995284090158635,-0.4748092326039818,-0.17341295197971715,-0.5552319410032882,-0.6171589019039854,-0.2350291819707647,-0.6951912796097383,-0.7028760961454146,-0.2590333611837145,-0.8114641162074407,-0.7781315667651255,-0.2708243841067281,-0.34859687266141415,-0.27306145630414286,-0.1904081387814837,-0.6531266137550967,-0.3855097637921598,-0.24899465683315156,-0.8358210061101621,-0.4590385265254224,-0.263649747738201,-0.9790733312866261,-0.4953705866264541,-0.2752802407873964,-0.3736811704760012,-0.08039693663980713,-0.19934069102647775,-0.632982762236512,-0.18792058303451514,-0.2641625252154872,-0.5631696429290507,-0.2493617462686519,-0.24312564196187988,-0.460096135105872,-0.2480895877903712,-0.21219032923929645,-0.38730154537134365,0.0893336163931585,-0.20883768507287917,-0.599700789872214,-0.04713590383010225,-0.2583862081416643,-0.5504622326139683,-0.1078171223060055,-0.2335791580835651,-0.46161054812344543,-0.10982055446007681,-0.20190365224030185,3,Show_Desktop
0.0,0.0,0.0,-0.0659856943787266,-0.30405022414524807,-0.041578988654611446,-0.21056417610971004,-0.6033700648614723,-0.08806708759477921,-0.33035741289066883,-0.8218899745204495,-0.12661175729557742,-0.38577632954635993,-1.0,-0.16841738669901124,-0.29255076804503394,-0.47251444301897716,-0.180849328087915,-0.5522304769245028,-0.6149605774280776,-0.2378934603929607,-0.6911423196309612,-0.6997305704199817,-0.25894362193688814,-0.8093677591816625,-0.7724430612533597,-0.26968615083512115,-0.34503116244961407,-0.2747749197971392,-0.1928571150417998,-0.6542618491291913,-0.3907190696630748,-0.24508824236963397,-0.8313302536735593,-0.4692227517589345,-0.25651513784819263,-0.9729028964086354,-0.5095298722120055,-0.2674836615789712,-0.3743250032926669,-0.08066887478597666,-0.1953831799553043,-0.6364190093381659,-0.19147256192246218,-0.2527095263308504,-0.5568782591304433,-0.23490519558441178,-0.22404663769453484,-0.45653338276398653,-0.22061095636931852,-0.1911368592056494,-0.39009305645663517,0.0910824825244755,-0.19879619176175076,-0.5887385915190657,-0.03750225608655568,-0.24290113921729162,-0.5245089861350269,-0.07735539501433326,-0.2114791380238015,-0.4362977091168661,-0.06270766158864266,-0.17659778378650512,3,Show_Desktop
0.0,0.0,0.0,-0.06338666061534388,-0.3110950372849732,-0.021546364547581996,-0.19990859981215686,-0.6095062498818101,-0.056552683275007724,-0.3062325472917179,-0.820660224529289,-0.08677639114424872,-0.3372878097363262,-1.0,-0.11973483597005258,-0.28220816550367805,-0.5041278215868333,-0.1548067033074075,-0.5195845388702937,-0.665604533449317,-0.20704719965770346,-0.6579912129750446,-0.7565678914291838,-0.2291733334927923,-0.7757449115309216,-0.8314410342719187,-0.2419049659946991,-0.34636321804302744,-0.3121770264051991,-0.1713872587841698,-0.6413267525198086,-0.4455245425263012,-0.21333131714161388,-0.8089042693342915,-0.5355802020889671,-0.22130328486158893,-0.9398350384195961,-0.5819229338829952,-0.2315941580800732,-0.3823354954205354,-0.12298241964662797,-0.17763073864145945,-0.6426693897619182,-0.256189053409227,-0.2190452077639546,-0.5666007954968073,-0.30562930605195315,-0.18880947407258467,-0.4659386168945368,-0.29134849946105407,-0.15864697872138733,-0.39920135146208785,0.0409841594019276,-0.18387626712364902,-0.5914294989378668,-0.08953184193440618,-0.2126813514954776,-0.5378516543434,-0.14118240325762876,-0.1799283108633665,-0.45989265205524354,-0.1392557503325076,-0.14687496939856817,3,Show_Desktop
0.0,0.0,0.0,-0.05366715198171361,-0.31780671611778194,-0.015305388217767356,-0.17955932385945453,-0.6137770895395239,-0.046840983948679846,-0.28229116572296353,-0.82974417503843,-0.07293541209260647,-0.3097894123215853,-1.0,-0.10190439594178781,-0.27597482660458666,-0.526256614818895,-0.16389077609936245,-0.532303999329818,-0.6976824238164029,-0.21667374768245007,-0.67836209793412,-0.787182580811569,-0.2366751404830958,-0.8032915130964202,-0.8566065675943711,-0.24686258357825314,-0.340613688907701,-0.3361658599603119,-0.18059564439821196,-0.6501319420758698,-0.4732505116908647,-0.22809343355354647,-0.8295353730422451,-0.556319378242454,-0.23538248921108854,-0.9697659118616225,-0.6003331383884832,-0.24276819058896124,-0.3797651654653466,-0.15017335604645546,-0.18445724127052812,-0.6445900284606884,-0.27625574874726677,-0.22709119184523752,-0.5692452610922517,-0.3143748679240767,-0.19087983163093045,-0.47063403056823433,-0.29583432144232735,-0.15524296231610019,-0.3986430074793946,0.014669993641459574,-0.18771485159939283,-0.5816622087597949,-0.1197200730523545,-0.21613205924589202,-0.5246284001578455,-0.16350676496422178,-0.17834531473985674,-0.44779241491318655,-0.16124647548214208,-0.1402887593964625,3,Show_Desktop
0.0,0.0,0.0,-0.05443397433110068,-0.3189016527008142,-0.02605378621802751,-0.18660560434778606,-0.6136931266169227,-0.055851543835397324,-0.29670377104994794,-0.8117696572243095,-0.08122588195047857,-0.33008787679791635,-0.9853954455906236,-0.10722728590190338,-0.31119057239099984,-0.523540615762851,-0.1397645356250567,-0.5715248324081835,-0.6814649370401957,-0.18962936954403434,-0.720717335187759,-0.7671920273237901,-0.20743033654746632,-0.8393810060809462,-0.836228334308261,-0.21350086825493977,-0.38349127373589226,-0.32642578811239925,-0.15145444371101072,-0.6845027122879929,-0.4600437812890692,-0.19846432116212337,-0.8647978947909661,-0.5413330726472952,-0.2052729122799872,-1.0,-0.5923506210284127,-0.2072642404489016,-0.4221168192960144,-0.13452066090258522,-0.1544265482154306,-0.6477421721981514,-0.28784531245982986,-0.20333992504334067,-0.5623718324503969,-0.29979550322932236,-0.16712776194486706,-0.46580162067578834,-0.2671871077212052,-0.12464176654580635,-0.4367055040196327,0.03094525244067832,-0.1584266512890396,-0.5980475208218212,-0.1364681887388075,-0.18796717865774096,-0.5508783712370198,-0.18149556553370863,-0.15029060063173308,-0.49313429785051455,-0.18325265714083488,-0.10920228813159422,3,Show_Desktop
0.0,0.0,0.0,-0.05933652237634095,-0.319166643029888,-0.010552809536273043,-0.19191329177624003,-0.6021484429181146,-0.03405609884078135,-0.2935419853086252,-0.8045112688212396,-0.05422281819668485,-0.3197482636318497,-0.968859297373637,-0.07695682776007354,-0.32691472712611785,-0.5175341780027098,-0.13534388216653534,-0.5828773513010255,-0.6638236037598998,-0.1843913147915861,-0.7265407569234202,-0.7488611488347172,-0.205403274637946,-0.8444161772814505,-0.8202966888457573,-0.21562515541694358,-0.3868718318274887,-0.3224631164952403,-0.15227188394131974,-0.6851291207087169,-0.4478999163725576,-0.199244108051021,-0.8632047669200633,-0.5271789187778986,-0.2095022427133335,-1.0,-0.5769417665619272,-0.21633199899684644,-0.4164902220101319,-0.1306346054283966,-0.157806279817985,-0.6569114823938207,-0.24771832357368145,-0.20212893143129645,-0.5825164098985218,-0.2737893267944133,-0.16838556622311773,-0.4892436033422301,-0.2542832180637769,-0.13140370259351217,-0.4217285477532021,0.040841859976554394,-0.16259937047069362,-0.5880991572735147,-0.08885579393549871,-0.18844473661270691,-0.5299049926175328,-0.12245607221570956,-0.14915912474066467,-0.45622151703235103,-0.11709525081531302,-0.10888395328570614,3,Show_Desktop
0.0,0.0,0.0,-0.05177862977470147,-0.3246967513273322,-0.017926924129641537,-0.17571479001867069,-0.6029518528884856,-0.04609778328096002,-0.2744484593237695,-0.8089007222174259,-0.06920154200989176,-0.3068494674234071,-0.9716511149406253,-0.09297521235805359,-0.31879814565214787,-0.5168476946771835,-0.14073510210061213,-0.5765634346666207,-0.6662720744541124,-0.1882532458663368,-0.7188366114800834,-0.7531114461338617,-0.20662035226828565,-0.8365503403089003,-0.8259064893265008,-0.21488244035441714,-0.3878612047239232,-0.3204267986384572,-0.15378887599159347,-0.6892968833769556,-0.4569556017705341,-0.20374215514197794,-0.8661192557415317,-0.5456098108753219,-0.21446803788203528,-1.0,-0.5998294231016791,-0.21987856228003125,-0.42172280823893793,-0.12946485492207443,-0.15521677007661216,-0.6620260860989352,-0.2711509055599405,-0.200513037984959,-0.5861706745990659,-0.3062239368668846,-0.1642700748196761,-0.4936108935716289,-0.2857685346455137,-0.12423927796256773,-0.42830193954413076,0.031619402139031846,-0.15665622388028957,-0.589212916038499,-0.12110529651715278,-0.18124302538524972,-0.5338522328460688,-0.16910155562321555,-0.14023025731114955,-0.4668160033820434,-0.16720990943632508,-0.09794267501440167,3,Show_Desktop
0.0,0.0,0.0,-0.05095948767742818,-0.3348995081770339,-0.010890794108777658,-0.17642725324212466,-0.6192007388050461,-0.03650422075123642,-0.27995522732188444,-0.8266278272683236,-0.06067908233390156,-0.30963900399099953,-0.9962842525107052,-0.08779105025881453,-0.3233289919847969,-0.530167717558505,-0.12445569171276599,-0.5736935380314855,-0.6908978461139345,-0.1695052122559714,-0.71152561318057,-0.7848146517254766,-0.18984285140643248,-0.8272112250702172,-0.8621871645656588,-0.20125161435173491,-0.3897447975966493,-0.34208926544941337,-0.14398716354163432,-0.6908469539652586,-0.4886899957517469,-0.188805089897592,-0.8670284353674367,-0.5859622696781165,-0.20174763824746061,-1.0,-0.6406182651300961,-0.21122434205608628,-0.4204786903091729,-0.15121981343062424,-0.15249186416081179,-0.6741900157672566,-0.2833708973247797,-0.19818592484535463,-0.595800590907497,-0.3251663847427821,-0.16805845164984592,-0.4967477124134329,-0.3069867162182417,-0.1335720775571769,-0.4257565785084318,0.01763847396789016,-0.16008959260216835,-0.6075504708920183,-0.12028948943693113,-0.18881160657516635,-0.5495039411935015,-0.166150142389405,-0.15074305748860284,-0.4710341439769918,-0.16242167186294124,-0.1111993440033316,3,Show_Desktop
0.0,0.0,0.0,-0.08520876026713357,-0.2954393587162082,-0.01721611171890712,-0.2420327298556321,-0.5993484251642167,-0.05947631134539451,-0.3654098500721138,-0.8040091713988041,-0.0975642824762744,-0.4015356226974267,-1.0,-0.14392546751485624,-0.2738390057346747,-0.5013829785877423,-0.19222460190989718,-0.5122599872222725,-0.6508839841005283,-0.2601623490639198,-0.6502176804471439,-0.7441700024356745,-0.2906144185584344,-0.7666850086141267,-0.8228601450947937,-0.3102478407641354,-0.3045154346531459,-0.3139635566970212,-0.218854411729619,-0.5951347718691061,-0.43402701175882485,-0.2827358361401794,-0.7630184256870579,-0.5198912362897662,-0.3027766320956843,-0.8980718001165553,-0.5653777782311902,-0.3232847770999372,-0.3260733864931004,-0.11342305372384041,-0.23218303524191278,-0.6274272262512163,-0.19028102073894032,-0.29933687933578446,-0.5637509133779746,-0.23831960131449914,-0.2780445323911533,-0.4629302440647966,-0.23548478213464563,-0.2533444527216399,-0.3439111960692548,0.07816443226465454,-0.24225486054410858,-0.5761674341379561,-0.009542488494306771,-0.2987628499712405,-0.5234446432374323,-0.06054309167445615,-0.27618697185316254,-0.4298324867982611,-0.06980917573455993,-0.24907421143682795,3,Show_Desktop
0.0,0.0,0.0,-0.08732267940741785,-0.28461342752951335,-0.019241927905341457,-0.2456672965258012,-0.5925338664425474,-0.06270871338724722,-0.36939570685726975,-0.8006338612651879,-0.10153978809749772,-0.4044207027042651,-1.0,-0.14832658141571825,-0.26463707821592636,-0.4995818408721087,-0.19419943578930063,-0.49350559011892997,-0.6623827987153796,-0.2606981122275187,-0.6256940599805039,-0.7579587609022327,-0.28773796407880586,-0.7358689054458516,-0.844292342304141,-0.3062950061929727,-0.28822296822784704,-0.32650525374937706,-0.2199798671491071,-0.5760565227900695,-0.4447710733619136,-0.2846196372743452,-0.7391725690153139,-0.5307101590275204,-0.30316339850850066,-0.872094127572044,-0.5876852533872795,-0.3239642740857524,-0.3075313428768268,-0.1295781913101038,-0.23271204234205903,-0.6179620070748777,-0.19922129972051789,-0.3014782950423061,-0.5494487065018424,-0.21870055899601154,-0.27286181017083644,-0.447635137817816,-0.20578892318227832,-0.2434201240731902,-0.32711065541877377,0.06479322483747697,-0.24260707217222577,-0.5677355849447467,-0.007061537205680612,-0.303970613968922,-0.5179522558517662,-0.04730550200852962,-0.2819346959579682,-0.42827276616789317,-0.058619461853183424,-0.2549281951954988,3,Show_Desktop
0.0,0.0,0.0,-0.07995699817293005,-0.28181078561469575,-0.007646278933527801,-0.23221970278223597,-0.5893944268972113,-0.05041421829716771,-0.35311728342176757,-0.7971622348003836,-0.09005275957314667,-0.3768882314229378,-1.0,-0.137442138626383,-0.2377592976537477,-0.5166873235360753,-0.19409276012526575,-0.4601731750084246,-0.670927820265563,-0.270640462580038,-0.5825602079521649,-0.7747544497942881,-0.30998890335130397,-0.6822291268839478,-0.8674511200084786,-0.33835558832674734,-0.2497202913919557,-0.34292148422303836,-0.22737507003923035,-0.5272588175639871,-0.4691178215792256,-0.30150530795178865,-0.6870795248221955,-0.5575289053382301,-0.3304780546871466,-0.815675993671573,-0.6172224982817673,-0.36090556779680183,-0.2666265587051728,-0.14136120836657154,-0.24631922002016005,-0.5833363477766418,-0.22576720755298915,-0.3164369165793158,-0.5196544876810808,-0.23122461918061718,-0.2841603201460051,-0.41956957557272834,-0.21632089415369346,-0.2550987861560943,-0.2893196052411967,0.056207944549474,-0.261855303858492,-0.531556461792407,-0.00860893277918346,-0.3247938458642835,-0.4832396952048774,-0.04164088524363366,-0.3031934160363987,-0.39412703942955307,-0.05551240141977107,-0.27774806376855365,3,Show_Desktop
0.0,0.0,0.0,-0.07279218240548992,-0.2866066360192089,-0.010685872688698873,-0.2206686379572625,-0.5972455152928584,-0.047382232087596184,-0.3374336850880628,-0.8035160116611378,-0.08224712546309422,-0.3649523422460028,-1.0,-0.1254505825947812,-0.2350355409747507,-0.5119310832937066,-0.17289409402794062,-0.44681696311229574,-0.6778814190136878,-0.2400736675362436,-0.5700398749321192,-0.7814723085840755,-0.27189476739270396,-0.6736361287016523,-0.8736964601649838,-0.29500778018253243,-0.264131903763743,-0.35001083883768536,-0.20326317222818238,-0.5288421944118298,-0.4858276280868205,-0.26837246068609816,-0.6856749692899599,-0.5692693235019133,-0.29071547424269156,-0.8173641650671362,-0.6236351663012174,-0.3138268304416075,-0.28516934618932027,-0.15685360059246,-0.22152430633347656,-0.584247114139745,-0.23866805041968547,-0.29168625623879846,-0.518728154693406,-0.23072430256733725,-0.26422185243324625,-0.42032223690890863,-0.20613796909527102,-0.23487832233582923,-0.3043734946716148,0.03968055878546958,-0.2368672372182949,-0.520224450713896,-0.03286550154157617,-0.3005108765876039,-0.4890193265784393,-0.059333406749235366,-0.28371554934147963,-0.42173838548334114,-0.06520941360152646,-0.2605347346521567,3,Show_Desktop
0.0,0.0,0.0,-0.06300665313438125,-0.2809578716861232,-0.010179729340040798,-0.20078184942738006,-0.5876961007205665,-0.04541823476482494,-0.303618399396031,-0.8036531632999006,-0.07898409624974202,-0.32462010436554645,-1.0,-0.12162561514161643,-0.24034686377287418,-0.5137498930933044,-0.15988435849417348,-0.4533594544589783,-0.6868652126535688,-0.219088334700281,-0.5864369090520899,-0.7874534917418807,-0.245319911369456,-0.6951504046456881,-0.8758393329268315,-0.26256294228348825,-0.2848169726608046,-0.34821741160892883,-0.18844466486876593,-0.564773151683219,-0.4868297104012985,-0.24311119212089777,-0.7303311677164546,-0.572256005079837,-0.26027244710398034,-0.8650637533079547,-0.6306596712257629,-0.27746794683971315,-0.31292097395537544,-0.16187642631990545,-0.2050117224396366,-0.5903329274468097,-0.2361019757587914,-0.27010982433048536,-0.5113730265331651,-0.2502831873762113,-0.24783617964588625,-0.40686719388844417,-0.2374626903323737,-0.22074012005747856,-0.33327170175154697,0.02327243394704442,-0.21789144117811915,-0.537991716961524,-0.0512881410786901,-0.2741620687865656,-0.4734486838632111,-0.06723246714811085,-0.2494383572199072,-0.381503080451057,-0.06079714554508263,-0.21946114295920008,3,Show_Desktop
0.0,0.0,0.0,-0.07723311627493734,-0.27957158423013373,0.006044146847085517,-0.22295870707728835,-0.5829865828542377,-0.02467739500618319,-0.3436747653264329,-0.7928900109948284,-0.05817558520930987,-0.34471439976998475,-1.0,-0.10003540947715425,-0.2683561806113421,-0.5337359834448241,-0.1454014548928291,-0.48741332780506946,-0.6953001119226635,-0.20803608485392147,-0.6247656966291164,-0.7928890855042258,-0.2396674255442881,-0.7364906136743088,-0.8703273521960658,-0.26367409262434055,-0.2925358565909122,-0.375855924558942,-0.18174104585374748,-0.5924265870004356,-0.4808469719798465,-0.2418904925337659,-0.7645662965938244,-0.5489936215187671,-0.2652846005212434,-0.9015910417445622,-0.5923840144327175,-0.289554955298811,-0.3100794564531992,-0.1860513758343298,-0.20475670530899137,-0.6211137107113814,-0.23876392709108432,-0.26089183650036923,-0.5548994855506237,-0.2425929902107774,-0.22582050508341847,-0.45608207744258566,-0.2310373145471081,-0.19400865516344257,-0.32835573637585286,0.006466094343278038,-0.2248860680716919,-0.5570790159196723,-0.04508496620725313,-0.274395226418198,-0.5107646896953408,-0.06925662126826765,-0.24891105215325351,-0.43130669401182903,-0.0802489816518403,-0.22059377762435908,3,Show_Desktop
0.0,0.0,0.0,-0.0714976537260467,-0.2892017460816388,0.0029807245555612434,-0.20565281841160135,-0.591354651598932,-0.026815052604675413,-0.30446322124907704,-0.810345180327381,-0.060585399901423115,-0.3230601314458987,-1.0,-0.10203025800749119,-0.3054846207306587,-0.5286342137517879,-0.13353006690194327,-0.5399815125143911,-0.702303744056819,-0.19215901711406577,-0.6822102278821289,-0.8020437909141014,-0.21698545669836394,-0.7943022338115157,-0.8813220598109217,-0.23099548501236353,-0.3439834765772485,-0.3638383045574566,-0.16802037538628564,-0.6504591182920093,-0.4783751595646079,-0.22187618167810644,-0.8272929720896004,-0.545413063869861,-0.23542673521772836,-0.962101894440301,-0.5827513371188661,-0.24633621938464148,-0.3583531258543952,-0.17465063177975218,-0.19077857789058977,-0.6455337718996419,-0.2214087191247521,-0.24903973129394244,-0.5619547757167931,-0.2252643084273052,-0.2144071979690407,-0.4517930443160281,-0.21043929167263387,-0.1764127065515862,-0.3600881100420773,0.016623547799325844,-0.2106053328842878,-0.5721145232156818,-0.02732917829884134,-0.25674269530534244,-0.5072573610509225,-0.0424654196603436,-0.22135556242793455,-0.4164408428359133,-0.04417157527388695,-0.18158117779399854,3,Show_Desktop
0.0,0.0,0.0,-0.07125500443678491,-0.29188942589137007,-0.002234771740174178,-0.2074389397546073,-0.5728590498775782,-0.028108004851468107,-0.30336688421930785,-0.7848371159883587,-0.057043650975800726,-0.3106996633772198,-0.9648825639425146,-0.09281192862007381,-0.32854287867675797,-0.492549662452268,-0.11886758766911595,-0.5617014458488462,-0.63942126661109,-0.17442487336524362,-0.707963476935581,-0.7195990721838351,-0.2010186175283502,-0.8214562560457535,-0.7865211250039534,-0.2152065948855302,-0.3698926996239922,-0.3227461162467485,-0.14681251671039447,-0.6740222215193915,-0.4014944237341438,-0.19485625671121798,-0.8609719870888664,-0.4512099861376579,-0.20866472410786058,-1.0,-0.4802472067947556,-0.21890636478139255,-0.3807474565317411,-0.14317985299830585,-0.16495566068421413,-0.632396705262021,-0.17301312894484483,-0.216105234042738,-0.5624190294212248,-0.18988395137021166,-0.18879034449690127,-0.461381770572569,-0.18343703733761874,-0.15552439713441624,-0.3769154707437746,0.03270390860760143,-0.1813337038502227,-0.5758884162020524,-0.008754221211472029,-0.2160094567759049,-0.5202522671762057,-0.026940862162489563,-0.18004561523029255,-0.43573971975750747,-0.0310747999567958,-0.14111744303350818,3,Show_Desktop
0.0,0.0,0.0,-0.06420003025120131,-0.29256285850582336,-0.013437595481388325,-0.1985470697057489,-0.554614762586245,-0.04891122516923374,-0.3072591248094756,-0.7573815839994416,-0.08274534405209179,-0.31680017918019243,-0.9395167952342723,-0.12159909440114411,-0.32379140633180914,-0.46778508848476386,-0.14282442076506605,-0.5733632354823321,-0.5970874492419747,-0.19545113039425613,-0.7196961499528779,-0.6618125123622698,-0.21681118731887247,-0.8375239973472024,-0.710889268968085,-0.22827962862572437,-0.36789096768938995,-0.28777793291214354,-0.16144092643134877,-0.6772179366353683,-0.35987090881589817,-0.21075925633233425,-0.8630164519994881,-0.39122220670878566,-0.22092813220932822,-1.0,-0.39828993449451405,-0.2281435345793935,-0.3810391869407891,-0.10335904685445682,-0.16827369837219602,-0.6281621231689297,-0.15502344468102436,-0.2125334783819695,-0.5590110765937147,-0.19095227291237624,-0.17533329978353093,-0.4638887919299103,-0.19140342303978033,-0.13730793967788443,-0.3753246186603372,0.06874585500366505,-0.1743384824833343,-0.5629114454256693,0.000799911573411521,-0.1984490898925516,-0.5020140319033823,-0.022367272854200846,-0.15354868979132644,-0.41919758688494074,-0.020571980406529605,-0.11025797538302828,3,Show_Desktop
0.0,0.0,0.0,-0.07026670191930402,-0.2837085100876994,-0.02326547680712371,-0.20967095480196493,-0.5289175475615897,-0.055211249774525684,-0.32476407958339015,-0.7140643427993401,-0.08533973402479246,-0.33519672711820353,-0.8952042379508114,-0.11905605912540002,-0.35906214512298285,-0.42374343714336876,-0.11415922992611202,-0.5970769501079752,-0.5256415222178624,-0.15881759931200323,-0.7391091523817703,-0.5738009472181571,-0.18015346165719054,-0.8537335518098693,-0.6127113263692534,-0.19218175765247972,-0.4015511160434865,-0.2478754391844291,-0.12450365815696292,-0.6938235470777079,-0.28121023202185663,-0.1634938363960937,-0.8706576244774554,-0.29324721136482157,-0.1745298976548486,-1.0,-0.2915118048620572,-0.18154590223993683,-0.4053618250986428,-0.0716102877075513,-0.1261659140338526,-0.6162896374647965,-0.10811613386347013,-0.16672897106622048,-0.5408616238554822,-0.13028964981444652,-0.13727411724678248,-0.4490515188104817,-0.12492569159443524,-0.10316157713147042,-0.38674416633406816,0.09006740102176514,-0.12856184262087864,-0.5353505925305948,0.03224100678837808,-0.15029704247751044,-0.4728888694288343,0.013382529848262095,-0.11091123688457848,-0.3982896857407011,0.013514165890603431,-0.07076214748883,3,Show_Desktop
0.0,0.0,0.0,-0.08246182449148165,-0.2830760129816493,-0.013158701712147709,-0.22725301267223788,-0.5125731444515171,-0.04378639883925583,-0.33941233638337576,-0.6906578195899685,-0.07422156573059789,-0.3577338543803525,-0.8667998816876145,-0.10917077012069619,-0.37396800386014606,-0.40700660123137566,-0.11163623905619821,-0.6149504328352309,-0.4926702205817207,-0.15200966763463675,-0.7543172434849813,-0.5327222344139108,-0.16993150649262234,-0.8672853986432241,-0.5655999923669429,-0.1801931124878435,-0.40491405313970813,-0.2268337397481909,-0.12913423878631514,-0.7029860246902138,-0.23921946538613045,-0.16619602804305983,-0.8749206366514869,-0.24327316394307374,-0.1736337436598858,-1.0,-0.23458865318795993,-0.17892544570895272,-0.39739930839050175,-0.048961972381963634,-0.13688056503680754,-0.6161433706217261,-0.07505557819726273,-0.1741901049270278,-0.5457106989563157,-0.11373745827375686,-0.14122286300954934,-0.45615149437539104,-0.12022064987303227,-0.10653992112028592,-0.3686540330484113,0.11352318745561582,-0.14435802196114894,-0.5440826769131372,0.057886379218456734,-0.16099967105588198,-0.4846312483728639,0.02991258786534742,-0.11471242071477974,-0.4064153119126124,0.026894531596085878,-0.07135120400547246,3,Show_Desktop
0.0,0.0,0.0,-0.08427312293558066,-0.2810825389490199,-0.013974482254700679,-0.23944016359945106,-0.5087578934789085,-0.0369920137761964,-0.3522220422357824,-0.6897281373349526,-0.060622604479357745,-0.37425896065231473,-0.8611232853208085,-0.08812973307299943,-0.3968015770101219,-0.3968314529318558,-0.09539714525354977,-0.6346884667704376,-0.4796688870780608,-0.13125837557141587,-0.7722758572676469,-0.5191741747050712,-0.14837033223049845,-0.8809291027931794,-0.5516967193771117,-0.15877967552758873,-0.4233815541673759,-0.2192602118778442,-0.11025756405641336,-0.707251598841472,-0.21551612847523438,-0.14296221651858676,-0.8763619240422506,-0.21096539518581042,-0.153379791111774,-1.0,-0.19947385486825403,-0.16141557465441694,-0.41185712292680976,-0.04546841196867797,-0.11682557302905716,-0.6186947072748966,-0.049439716831080165,-0.15440076304951258,-0.544424536299656,-0.07569654066976335,-0.12821832066276082,-0.4540605626047199,-0.08083711784516215,-0.09798362234241803,-0.37897058537346134,0.1102278984646243,-0.12366887217501693,-0.5270967757850447,0.07635326276585802,-0.1478368140501778,-0.46253463482715684,0.054904269598125,-0.11230440730896385,-0.38467387142335197,0.0467396461430048,-0.07509344999946328,3,Show_Desktop
0.0,0.0,0.0,-0.09771049529388927,-0.2718647889217969,-0.001999414231937527,-0.2536365401112028,-0.5018550068918847,-0.025583555374989617,-0.3675353730998515,-0.6860911897746338,-0.05405920618973402,-0.38865810504078196,-0.8601752631767304,-0.08769804099760171,-0.3914053697054221,-0.41190262650756587,-0.09088085237414589,-0.6330781727341641,-0.4934687056378979,-0.1337090475435366,-0.774761983257763,-0.5363713657644136,-0.1557530471574609,-0.886220188938498,-0.5718596918552129,-0.1695498303662053,-0.4177919073765398,-0.2436216176354166,-0.11604872853223737,-0.7034873695774532,-0.2272795545814495,-0.15794141372656031,-0.8742908841675352,-0.21445311186759772,-0.1743169771150902,-1.0,-0.19724292077098013,-0.18633795452640936,-0.4077647844754197,-0.07000088927544657,-0.13211172380172578,-0.6163123482402649,-0.06587280758356749,-0.17125709349630305,-0.5476066018941567,-0.09006381093570213,-0.14024416301107315,-0.46335317574360235,-0.0965140402494743,-0.10727768178183422,-0.378180379763995,0.09016493890569234,-0.14810143179403465,-0.5367509345525806,0.062968564112964,-0.1669122848043947,-0.47832770667791635,0.040200943716455606,-0.12451689125120789,-0.40615703953696947,0.03335406501904893,-0.08353104503241794,3,Show_Desktop
0.0,0.0,0.0,-0.08933563388221959,-0.2616871649040052,-0.013000924924523583,-0.24590814113103457,-0.4939223193607227,-0.04144047573876401,-0.35888291717834375,-0.6821476918792412,-0.07304993226930764,-0.3727170939830569,-0.8594004864961953,-0.11095651744149528,-0.3885549047447602,-0.4148841611868795,-0.10668247308901499,-0.6258972127111015,-0.5056992224675744,-0.15850267877303953,-0.7681433037149855,-0.5554606475291991,-0.188035622920253,-0.8816875279204333,-0.5974695045882297,-0.20792128696805412,-0.41123828425432496,-0.24982817673915347,-0.12903914627914106,-0.6942304498721722,-0.22558734838984604,-0.1778068731298679,-0.8688494790307895,-0.20524650847277634,-0.20025246333362576,-1.0,-0.18162226623570657,-0.21800474552850976,-0.3991157028174138,-0.07714180369859559,-0.1434283877319328,-0.6050860768841704,-0.047364703912694005,-0.19285192306223575,-0.529342970064961,-0.07057337361190238,-0.16829333681616968,-0.4389648830369196,-0.08237140752576401,-0.13862179794076748,-0.37153376879050243,0.08897072109962552,-0.1582047987347982,-0.5351387711568819,0.08526686990168486,-0.19103513081626666,-0.472180073486445,0.062037069395466576,-0.1576095296786707,-0.39520027264159197,0.0453196210650306,-0.12169913696533151,3,Show_Desktop
0.0,0.0,0.0,-0.09185650854940257,-0.24996423543379412,-0.015984814439377857,-0.2495232950997865,-0.48777814470811437,-0.04611911247453275,-0.35795397267453444,-0.6815434783480647,-0.0792409488145408,-0.36659175048499426,-0.85748615877863,-0.11818191822814898,-0.3703532469546639,-0.41623751415541477,-0.11198478795020149,-0.6082436322359739,-0.5115405235932493,-0.168061781039284,-0.750361723491103,-0.5666572631483247,-0.1959280436220606,-0.8659939808569324,-0.6143055590837319,-0.21326483352829725,-0.39219436671314944,-0.2622003965521621,-0.13666422713506352,-0.6826780507174973,-0.24593213155477595,-0.19451659668798638,-0.8630515263782059,-0.21983536266607126,-0.2161668272524515,-1.0,-0.19605934645101858,-0.2293977112589386,-0.3831637803213329,-0.09633276154593842,-0.15413489183456763,-0.5917344410767073,-0.042233741160804174,-0.21795955120214314,-0.5069519631738613,-0.04734533329233221,-0.19421883160570114,-0.41251532528374335,-0.060606433343539046,-0.15985255966397266,-0.3567851732809945,0.06863908806372644,-0.17139271558411137,-0.5170235324160669,0.0882832607123232,-0.21395881652441864,-0.44039323641915806,0.08203896800174344,-0.17943446185757728,-0.3566431846106743,0.06640069416683268,-0.14038184516147448,3,Show_Desktop
0.0,0.0,0.0,-0.10213789237580434,-0.24138664991709116,-0.0029969623090292533,-0.2610155803918326,-0.4786498993538667,-0.03147125424515724,-0.3745898575512249,-0.6679400134959983,-0.0660209218142525,-0.382325667776726,-0.8467657729589129,-0.1068007180648482,-0.3797584544969141,-0.40917394004636215,-0.10328714322687713,-0.6163166462731194,-0.49864400952701665,-0.15710742499431557,-0.7573863462962562,-0.5497871654464883,-0.18360618442671153,-0.869103945531883,-0.592774554487289,-0.20100526897337617,-0.3980990831641986,-0.26032304317806504,-0.13353798548776724,-0.6822271475109483,-0.23320975478444095,-0.19150286935149366,-0.8647322228566495,-0.20222556158768656,-0.2155197436532505,-1.0,-0.1761086920854343,-0.23249975189066113,-0.38867327346299124,-0.09494489568772337,-0.15522017957347334,-0.6004151571485622,-0.025984361440258296,-0.20672701534616358,-0.5224427704722999,-0.02968832695268758,-0.17526918082004034,-0.4341470145646706,-0.04788679638023449,-0.1406539113265524,-0.3637526283156686,0.0674001735646938,-0.17688735075328288,-0.5280438445179615,0.10296606776326653,-0.20597516903673482,-0.45794629719523733,0.09328411058788975,-0.1671479429860672,-0.38138402584011544,0.0699994704894373,-0.12824128219966316,3,Show_Desktop
0.0,0.0,0.0,-0.09223162855555753,-0.23846192727814666,-0.005514865456198303,-0.24783433157655033,-0.4727032502743562,-0.03207826281743477,-0.34950740944160563,-0.6687152625430033,-0.06376648490774772,-0.3531998845254758,-0.8379177483718405,-0.10102408888041528,-0.38073425330816796,-0.4021019906849161,-0.09970105456582641,-0.6157210018769821,-0.5058461583355828,-0.15009583570095766,-0.752544764616438,-0.5624476951472561,-0.17204464221234514,-0.8588412527526813,-0.6087974808211197,-0.1846905616782442,-0.39995091290532025,-0.2548086593386895,-0.12864657147325606,-0.6876416725463488,-0.24272500075558692,-0.18241100155489073,-0.8674531197402031,-0.21652749971600355,-0.2027852398451174,-1.0,-0.19221688158337666,-0.21558370970345267,-0.387402438096588,-0.09363259091273857,-0.14978542626664734,-0.5929074880226447,-0.02312955762210024,-0.20586717139102736,-0.5114210870238108,-0.025470313771796076,-0.18159374637286724,-0.41888461823059264,-0.04381023200165916,-0.1493564027142216,-0.35886105434076865,0.06682098009523521,-0.17008166323537854,-0.5208448191229147,0.11371895710246488,-0.2058116096981375,-0.4464554636229194,0.10320170835595752,-0.1709520211959817,-0.366105309014204,0.07603028183912981,-0.13304562616889,3,Show_Desktop
0.0,0.0,0.0,-0.09370201491864122,-0.25759575336546586,0.026207854451076703,-0.23678496154714493,-0.4769559472968373,0.016769217371295813,-0.34024908259875614,-0.6573192994907009,-0.0031779858300738217,-0.35792329165011616,-0.819415614286291,-0.027713457273218993,-0.40565008524866647,-0.4157844845931912,-0.05498776245671668,-0.6425808242581672,-0.4985551833730961,-0.09194866073619376,-0.7843408092667618,-0.545219421246031,-0.11136412394968721,-0.8925779585473687,-0.5887236522811307,-0.1236449095332182,-0.43263934954843875,-0.2638768930511746,-0.08691515652758595,-0.7071408030867942,-0.2391022002179934,-0.13064714148584378,-0.8814572563036915,-0.21547279493521748,-0.1516497023099325,-1.0,-0.19810858103457643,-0.1658032921983093,-0.42576513232357316,-0.09586101651496673,-0.10736281294929499,-0.6130724755704384,-0.04169659050188813,-0.13310585905285033,-0.5410678784719333,-0.04676291800129879,-0.09307317188331038,-0.45749079359256967,-0.05986893484769121,-0.05626143073598942,-0.39646411158230593,0.06756523728334603,-0.12646279878271596,-0.5401610678984073,0.09000998264126833,-0.13006271558988552,-0.47329481485763897,0.07684092015731007,-0.08100791422849846,-0.40206072017555095,0.0567236303522133,-0.03623712078669007,3,Show_Desktop
0.0,0.0,0.0,-0.09340779939989773,-0.253624251078158,0.024187558392592613,-0.23441567212418837,-0.46675148819573753,0.014753248960941079,-0.3380452295728854,-0.6503591448060281,-0.006095319773742807,-0.3567451205510907,-0.8156668178178275,-0.03076425199933109,-0.41990877866646087,-0.4063973120821233,-0.03769463950306967,-0.6474423294001872,-0.4949427876776428,-0.06625159615484634,-0.7836580671304113,-0.5385861175698753,-0.08023290265563264,-0.8896735617323852,-0.579332772144449,-0.08855984924942516,-0.4451326110237436,-0.2592552750147131,-0.0689221326530277,-0.7085237194763094,-0.234875637970458,-0.1089562863834062,-0.88083314841436,-0.2095111867938909,-0.13090819106893137,-1.0,-0.19240561896400352,-0.14456556776817595,-0.43535682929888375,-0.09612996748642051,-0.08979476378067969,-0.6015689972889271,-0.04060748294725468,-0.11813382005473924,-0.530411291956507,-0.039009783017684686,-0.08690229436466988,-0.44947394572065336,-0.04910225858426034,-0.054342276600388505,-0.4049481905276462,0.06311710677382319,-0.10900148851994393,-0.5339923684743703,0.08218844368976064,-0.1115385517091691,-0.46443091587955504,0.07578534283977656,-0.06462670107626381,-0.3938072243822902,0.059628891740393056,-0.02118726131140839,3,Show_Desktop
0.0,0.0,0.0,-0.08577533024957483,-0.2493037724433943,0.013726459971513115,-0.23009665725024653,-0.4679497134581763,0.0014101910944465236,-0.3355214203709085,-0.6527286975328344,-0.019708271635205256,-0.3485113163774254,-0.8164518595444866,-0.045054740418105164,-0.4010656592843838,-0.4129527384632974,-0.05519072571229287,-0.6333805742269564,-0.5056779584311895,-0.0912152690437048,-0.7721351772367173,-0.5561164650790551,-0.107993395934333,-0.8804367916843324,-0.597639900532115,-0.11666599034069361,-0.43131975971455383,-0.266088263456509,-0.08272855911787698,-0.706067398066855,-0.2541106723133429,-0.12647900572296375,-0.8792136892200251,-0.23125163755198483,-0.14775104419531235,-1.0,-0.2095956973470467,-0.15920592874492004,-0.4288335389701644,-0.10414378063710895,-0.10084425335655227,-0.5982362076439736,-0.05191218433952467,-0.13726704933067538,-0.5261424753593087,-0.04546130137149445,-0.11124336348103003,-0.4442860749724891,-0.050559030473949225,-0.07911157895428851,-0.4082542147610722,0.05654234768980121,-0.11755131793445686,-0.5416147810801412,0.07695493933316501,-0.12703358503288148,-0.4727299361176084,0.0762067864918039,-0.0840863874500273,-0.4006350128860454,0.0649354268591872,-0.04185191948173508,3,Show_Desktop
0.0,0.0,0.0,-0.08895444339314876,-0.2448618587906868,0.0274684230173875,-0.2285046174628398,-0.4597898535403737,0.017025213194288992,-0.333915080395419,-0.6347295342547531,-0.0047266696233606905,-0.34710615715924387,-0.8026837059480268,-0.030047855207350392,-0.39132818187819235,-0.4171442142755324,-0.059157635709248944,-0.6257240945171156,-0.5176520012513501,-0.10638823278646624,-0.7675411448322971,-0.5705148473458079,-0.13044329841059624,-0.8763464211673336,-0.6112374207262997,-0.14526593471735305,-0.419660069015595,-0.26855093081124415,-0.09360085665386522,-0.699929013624218,-0.2658985086164258,-0.14975245065436843,-0.8775932270195959,-0.2411986939272208,-0.1769722757045229,-1.0,-0.21526761959338775,-0.19342780195082648,-0.41435068034988054,-0.10073272864166326,-0.11655885331214809,-0.5974398026923161,-0.03940963635267792,-0.15249475683621028,-0.5207027651202415,-0.04490031771664956,-0.11481483788456999,-0.4346413513816034,-0.06566096256377532,-0.07620147380243243,-0.38841147415359273,0.06283346615375343,-0.1378421272788993,-0.5240860982462922,0.10167124123791821,-0.14899769722200495,-0.45291555969695896,0.0893744301716971,-0.10430688707564101,-0.3798180089182614,0.06383918620147311,-0.06074202222839087,3,Show_Desktop
0.0,0.0,0.0,-0.12866133265416815,-0.2133684985040706,0.042554336523305786,-0.289664818206505,-0.38561194595790205,0.0400231623191015,-0.42946371530751665,-0.4758176888157984,0.023968825427555615,-0.5030720424300841,-0.5784479729461648,0.004339166736862687,-0.4052746330619286,-0.37850161875883354,-0.05431377436719807,-0.6396778495299101,-0.42127548265194675,-0.11299338116572383,-0.7830901176002694,-0.4670321772716139,-0.14387308132174334,-0.8920526508230165,-0.5028667723585792,-0.15981887149154017,-0.4167595410788415,-0.25063855860496176,-0.09776441772494128,-0.6943861248835556,-0.2308625453156253,-0.15873259130121872,-0.8687632882079709,-0.22751811615292525,-0.18709282554668133,-1.0,-0.21422711660409177,-0.20313440544674996,-0.40065700677747607,-0.0996557687423573,-0.1294383812001731,-0.6000721296223482,0.021137590580764625,-0.17284238441797153,-0.5310678866614604,0.022832256576185487,-0.13883882687856097,-0.45487420199477846,0.004070477008207714,-0.10118882262585926,-0.36567580300630376,0.05998447645084245,-0.1577303257278369,-0.5114329965462835,0.14301336940131226,-0.17862700907190496,-0.45723290716827325,0.13121152819529355,-0.1397796183419869,-0.3944775223332175,0.10064624435358815,-0.0991076196030674,3,Show_Desktop
0.0,0.0,0.0,-0.10008338299619525,-0.24989744777175074,0.00485340312775415,-0.25175844490079446,-0.47729262117421983,-0.016126251290690573,-0.37869520161856646,-0.6384690426392047,-0.042089517063552254,-0.46068687850249707,-0.7681340302582849,-0.07238221795141035,-0.3682696699728847,-0.42654337623951544,-0.10394540239738158,-0.6135718162942269,-0.5247938516744293,-0.16054624521094404,-0.7548777787478379,-0.577827461727964,-0.1847426716358886,-0.87358429211126,-0.6140184657275641,-0.1948423105204544,-0.3919813141109589,-0.27720379740589046,-0.1352834748963029,-0.6843512005759627,-0.3437059756126879,-0.1957227508181026,-0.8605937527282942,-0.38037905732928945,-0.21851356008867218,-1.0,-0.39545480426505925,-0.2294043568328129,-0.38925207097297454,-0.11397354772506134,-0.15628121760851518,-0.613539171661422,-0.06427019633595629,-0.2198187443853385,-0.5365421235966288,-0.06890219136587421,-0.19709773199682687,-0.4429750142029459,-0.0806975322935132,-0.16210632335561542,-0.3696986951003949,0.053692829188856796,-0.17430507223108374,-0.5290983881396228,0.062408186970236444,-0.21313443949459046,-0.45865430725685125,0.05341674163544549,-0.17749183053047551,-0.3774881093822952,0.03526404826344472,-0.13651495570998937,3,Show_Desktop
0.0,0.0,0.0,-0.07114266646547017,-0.2931635193415689,0.003737237968641388,-0.19326868080953588,-0.5382537803421689,-0.0221079783808718,-0.3034675801402464,-0.719443152396494,-0.05015708892901299,-0.3760437716461244,-0.8572632713202172,-0.08086427484598417,-0.3511464829763392,-0.4880811817494035,-0.11930539673942989,-0.6033281426711324,-0.6052890306943923,-0.17510824822011684,-0.744686312363784,-0.6722509065509683,-0.20357672609602112,-0.8640753024558936,-0.7212746627754849,-0.21866662540961956,-0.39306665463636065,-0.3176576371960468,-0.1467786925065771,-0.6788758716138189,-0.41930257412250066,-0.20559528634322316,-0.8615692911920011,-0.4727137622033713,-0.2310836869503388,-1.0,-0.4949532347781627,-0.24805127979500316,-0.40652504092637504,-0.13583537770753185,-0.16126492130640369,-0.634032387450524,-0.1745807412431558,-0.20633906195623725,-0.5563054619144884,-0.19249163712241302,-0.16908505773111082,-0.46149679822739664,-0.19273457670694227,-0.13099193804201126,-0.39733041287284226,0.03587701708562726,-0.17439075649224858,-0.5550832450505921,-0.018657604527543437,-0.19557504937212233,-0.48400824905637285,-0.03372400714973531,-0.1484609745882141,-0.40355220712038553,-0.033082045131278125,-0.10263721656174433,3,Show_Desktop
0.0,0.0,0.0,-0.06383232297175287,-0.2919876176963756,-0.007066004302783672,-0.1917466787050174,-0.5338374822649297,-0.027892586553202866,-0.30718276796078936,-0.707238746291758,-0.048826277543787155,-0.3917299110021927,-0.8387713143299368,-0.07222855327576187,-0.35648677931123435,-0.4884591770927383,-0.10431801864400643,-0.6066828324519541,-0.6067981426544563,-0.1546992904097745,-0.7473094286082806,-0.6785971881852186,-0.17823829144163314,-0.8620901586482652,-0.7369905842899522,-0.18627911434889485,-0.40452573197471947,-0.32500580420482394,-0.12216292545427342,-0.681739197729911,-0.42836244034567267,-0.17223995208912443,-0.8628029150006449,-0.483232297175287,-0.19222213640487318,-1.0,-0.5130083838514123,-0.2005163450982822,-0.42279814265445637,-0.1507132722816974,-0.13030940907351757,-0.6195477879530504,-0.18780394685928029,-0.17827442261666218,-0.5487904037146911,-0.1949895524313169,-0.15435045769985578,-0.4592880175415968,-0.1895823552173352,-0.11950691326544328,-0.4188399329291887,0.021442796336901843,-0.1369379238419943,-0.5646763833354831,-0.04232193989423449,-0.1589979651163397,-0.49874809751064103,-0.05000438539920031,-0.11732733761730708,-0.41803224558235524,-0.04645092222365536,-0.07210417400322221,3,Show_Desktop
0.0,0.0,0.0,-0.0394860526650072,-0.3150927434939013,-0.04680658608027485,-0.15838799564323147,-0.5982783737253344,-0.07619334624719422,-0.3283873740199298,-0.7501658112589493,-0.09650790284059042,-0.4570074513714902,-0.8655909880837516,-0.1153253270093044,-0.3322898169995054,-0.5086846180665353,-0.1370433502336915,-0.6026729801972438,-0.6477139127403047,-0.1885365552828943,-0.7499705404609202,-0.7167781534544688,-0.2083474365285193,-0.8677308587320506,-0.7723034386579423,-0.21433339865274126,-0.3994351336084692,-0.32585817799507566,-0.13246554225312937,-0.6874532093329982,-0.44419120051675814,-0.1806390170463045,-0.8655196365395582,-0.5173397765939908,-0.1968724899746097,-1.0,-0.5593193495117554,-0.20525406668157378,-0.4278733185765367,-0.14563498820267082,-0.12162654336394318,-0.6374438849834729,-0.20709001916221395,-0.17256065061828713,-0.5559363673955876,-0.2206322179249133,-0.15382600538951624,-0.4538460914759229,-0.2086670504514877,-0.12405781682684444,-0.4316646801748113,0.01600815137338209,-0.1129402361036533,-0.556872315871124,-0.0741831734680364,-0.15015506641400547,-0.4953443117413831,-0.10664947743102009,-0.13079690598654486,-0.4199705945151203,-0.11445571474517499,-0.10127851539630003,3,Show_Desktop
0.0,0.0,0.0,-0.04496656402899047,-0.3127067898318781,-0.04783460869518856,-0.16786437309088853,-0.5822390385043401,-0.0829892137002564,-0.3225099421909168,-0.7491061235142756,-0.10916574076260385,-0.4435810354609702,-0.8783599428047146,-0.13378804992617885,-0.34080538818444467,-0.4923718269986726,-0.14277912937510578,-0.6151815694117307,-0.615197047792436,-0.19413889844834042,-0.7670565083655311,-0.6816363957576427,-0.21536299417732144,-0.8899213591512724,-0.7348070352976466,-0.22279867149791766,-0.4023645094607599,-0.3070064758342447,-0.14068704608647295,-0.6924621887177549,-0.4246835338317372,-0.18450569137055728,-0.8712450916186704,-0.5040238452460822,-0.19770519742340475,-1.0,-0.5535026241192668,-0.20501004239674722,-0.4275515710289547,-0.12098649591344063,-0.13262592042657353,-0.6348633979529041,-0.21360485615513822,-0.1749299611245738,-0.5544130464602278,-0.22976561995451492,-0.14833977100202236,-0.45725591794536774,-0.2129077952861392,-0.11584425339429685,-0.4322102967525824,0.040427662321511584,-0.12772461945533184,-0.5612406135630111,-0.065901607670018,-0.15337801728013897,-0.49609571190143364,-0.08677020102146638,-0.12318628484369776,-0.42376390452294294,-0.07979585617061659,-0.08821777067217275,3,Show_Desktop
0.0,0.0,0.0,-0.04205997265333363,-0.32255945769806826,-0.03753050982526924,-0.16384058746588037,-0.5943037231115399,-0.0671907790173011,-0.29465085562551874,-0.7897637792188598,-0.08892960067864178,-0.38604146484353813,-0.9502954801681782,-0.10718631179180897,-0.34808205463557096,-0.5064067857787403,-0.1293528865885222,-0.6222693028508044,-0.6422039066031496,-0.17008847970054958,-0.764185772807304,-0.7206467331083761,-0.18293019704924282,-0.878340005339696,-0.7823010117064275,-0.1837254340822171,-0.4229274471744501,-0.3185004523582416,-0.12387255963080682,-0.710044313204143,-0.4540725375356715,-0.1538238224898233,-0.8800516876301355,-0.5418610082093579,-0.15957195101523475,-1.0,-0.5890607323119956,-0.16018820172533196,-0.4580152352530756,-0.13413143885205162,-0.11109123403493606,-0.6310536647290339,-0.2541977577197224,-0.13377813842392836,-0.5460729123337177,-0.27754579416608804,-0.10438102747913279,-0.4509855502807653,-0.2556611428386979,-0.07105658220441745,-0.4670307748662103,0.018749050099965747,-0.10133701033669607,-0.5578446812328242,-0.11660557902835043,-0.10456319102568412,-0.492121857456253,-0.14791167050285797,-0.06988853186909212,-0.42219091935425485,-0.1379996474180165,-0.032949686335285215,3,Show_Desktop
0.0,0.0,0.0,-0.0347429293584064,-0.3201087855877278,-0.04616016694379728,-0.14705079436351315,-0.6034398527742381,-0.08108132067998827,-0.27338584469832317,-0.7983806536410656,-0.1071268658174169,-0.36080456644395187,-0.9635442852520218,-0.13231689935638988,-0.3468999111459641,-0.5070395479511398,-0.1403378239284834,-0.6169659825011304,-0.6593788965867613,-0.18384362684538327,-0.7607797442310753,-0.7406149900869252,-0.1994197959926902,-0.8787951371651241,-0.8047991192594022,-0.20183141429029744,-0.42008670383147456,-0.32270246967842847,-0.1338524443963215,-0.700990885873684,-0.4622243864802735,-0.16406382121753937,-0.8738736459772731,-0.5519703883121633,-0.17204004867860118,-1.0,-0.6015721261832712,-0.1751119951511592,-0.4502607122868373,-0.14188477012312029,-0.12026194523005272,-0.617308671331767,-0.23294961670498035,-0.14588304897267326,-0.532888378039667,-0.2603626151123534,-0.12387126164949859,-0.4353476216525586,-0.24854703097875408,-0.09656363248176472,-0.4528364780073086,0.019722328502751525,-0.10972806804783239,-0.5551129542438605,-0.07147848688849609,-0.11627570897581424,-0.4866724216255756,-0.08774784004587102,-0.08245855658956164,-0.4085644012576588,-0.07440550536655188,-0.046675871802416065,3,Show_Desktop
0.0,0.0,0.0,-0.03990731935790624,-0.30876786043767324,-0.034601012504552865,-0.16747600866992837,-0.5759939192901851,-0.06351105946328554,-0.28820136496627125,-0.7710977212038143,-0.08815676693886842,-0.35671934655179754,-0.9327517898454782,-0.11222922393644952,-0.36610754482470564,-0.4797485396361306,-0.10897386643876603,-0.606460450041464,-0.6313077986776129,-0.15277477926756333,-0.7464940622345139,-0.712404374299218,-0.1721377164389688,-0.8583530684368784,-0.7732416326878198,-0.17785927545976973,-0.4303247776252588,-0.3071632850026054,-0.11019329688165014,-0.6908552632912881,-0.43217697116174203,-0.1485070578457843,-0.8682588062830622,-0.5056407251434005,-0.1640584472190393,-1.0,-0.5439647586471181,-0.16976495780097478,-0.4556413841066182,-0.1336308974673509,-0.10509483827265052,-0.6129067577184869,-0.2131117459686658,-0.13746579648373775,-0.5431722286541538,-0.23362096232960733,-0.11784142832808454,-0.4563381109856265,-0.22108976295572375,-0.08959464527246196,-0.4517514735431337,0.02481959614678862,-0.10238553317977726,-0.5419743095586163,-0.057275562197003645,-0.10724495921774571,-0.48573648770577393,-0.07118247401150449,-0.07170297812846937,-0.4171512158378261,-0.061335282512738266,-0.03425559539097396,3,Show_Desktop
0.0,0.0,0.0,-0.049378598836670715,-0.2925002803496814,-0.03719761371019702,-0.17431119302197454,-0.5376477930385517,-0.0652916190721894,-0.30096220886295044,-0.7036894018069146,-0.09108581619945841,-0.3763247131900868,-0.8483751907596745,-0.11611425493208283,-0.3767101330563966,-0.4466414108171096,-0.09590156856049029,-0.6174578622239775,-0.5621771712473367,-0.1419218143784044,-0.7569095226254382,-0.6277473049863238,-0.16152200525997007,-0.8668373142988088,-0.6791702624560583,-0.16604549307816693,-0.43321522079365776,-0.2768245888610977,-0.09851463328226151,-0.6966377540821351,-0.37266810010677665,-0.14723573593412573,-0.8707680606140389,-0.4307302255961697,-0.169722538168147,-1.0,-0.46510694730888685,-0.17549736069460958,-0.44969393128263635,-0.10560041150457579,-0.09611406295349666,-0.5878280700727934,-0.1391770396048776,-0.14796453845093452,-0.5089791127298258,-0.1464168872896768,-0.13697161606147762,-0.42130816036976904,-0.13775261944115338,-0.10702099112547048,-0.4403181846992457,0.050413942399110685,-0.09561471293813838,-0.5149577525219282,-0.0049775476472567175,-0.11752133607746973,-0.44588958610635737,-0.01573468681283855,-0.08809654963079223,-0.3753388574409681,-0.014460436565399486,-0.05019770269074807,3,Show_Desktop
0.0,0.0,0.0,-0.04838890382168829,-0.3146304525260646,-0.04165814347179689,-0.1942374190619068,-0.5636470580719916,-0.06298719217003078,-0.3234354261801839,-0.7503106813959214,-0.07960460823937182,-0.3975414770105595,-0.9010016004575825,-0.09454826514244463,-0.41736796224944633,-0.4809021234440746,-0.0865187588248877,-0.6568293642935309,-0.6062137261964489,-0.11396441660705742,-0.7957758140737076,-0.6704504523983031,-0.1255284535831803,-0.9085589346269342,-0.7162629978826001,-0.12660646366699668,-0.4777467847116744,-0.2922825217943798,-0.0812463656248423,-0.7241049697721375,-0.3899848799263701,-0.09948754191694031,-0.8850746642699933,-0.4509349433894026,-0.10880591842053261,-1.0,-0.4840615161448677,-0.11083437678726,-0.4935544359504934,-0.10643853717095904,-0.07248081834893708,-0.5960118533121904,-0.1752085828161862,-0.0976464337069418,-0.519615678882461,-0.18330693749468685,-0.08995643956431189,-0.430107619347601,-0.16034132939697096,-0.06945075338225087,-0.48389051238720754,0.056585782216886815,-0.06727956922299723,-0.5282809748983192,-0.03083890610665229,-0.07213706025635623,-0.4601272552963254,-0.04254578404485802,-0.0467923063310092,-0.38752006714354437,-0.028857621190313914,-0.015952939546130453,3,Show_Desktop
0.0,0.0,0.0,-0.042083355569903655,-0.30702318615837915,-0.042583444945920056,-0.1743515236009493,-0.5586093507414028,-0.06781784333057417,-0.3022451221920402,-0.7439982326353554,-0.08687597579084175,-0.3822895700939236,-0.892470540564206,-0.10405381795731426,-0.40785847111967166,-0.4781222068170791,-0.0990794412030931,-0.6491281697187861,-0.5999494654857694,-0.13231200572710694,-0.7858958390603951,-0.6706218248772694,-0.14721661908372832,-0.89618283675459,-0.7237915100794863,-0.14995631211281082,-0.4692273751496465,-0.292148355558302,-0.0925302649413209,-0.725400725386437,-0.3874526880075052,-0.11402349266916188,-0.8875069716990844,-0.45132841169337884,-0.12379600736453268,-1.0,-0.4886506783995971,-0.1264452759146867,-0.48577810023688206,-0.10772253596309833,-0.08169024984935554,-0.596428658223161,-0.1616061524610907,-0.10357691221810532,-0.5214403484512294,-0.17092120951147974,-0.0913318028489844,-0.43374684601982083,-0.15386941358836206,-0.06921045815951093,-0.47673720941280434,0.053993527234598236,-0.07482891946293259,-0.5263278346620116,-0.016787521663100876,-0.0756135065704276,-0.45759332367991407,-0.026082062042656846,-0.04766108436372044,-0.3858923219168237,-0.01834459043168419,-0.01581447419249539,3,Show_Desktop
0.0,0.0,0.0,-0.0349624657687434,-0.32101910667964195,-0.02800679885972783,-0.1623495442428979,-0.5786801545723033,-0.04433316856546624,-0.29885779586831324,-0.7728429203887301,-0.059449111143024105,-0.37853038202679196,-0.9343447168425636,-0.07239666577953355,-0.4050558285958761,-0.506094498686035,-0.0638821138438302,-0.6547429962173636,-0.6217063390099055,-0.08221427498501659,-0.7909909049616554,-0.6816854688590587,-0.08728245636057438,-0.9009867774212862,-0.7278995971093396,-0.0843152134507401,-0.472487650361521,-0.31888484790610566,-0.061295690718798396,-0.7210228761229014,-0.433654594605801,-0.06946213849598912,-0.8879554351288239,-0.5050717230816204,-0.07500857583810441,-1.0,-0.5443289668521443,-0.07507560125106263,-0.49000299670739134,-0.12676235607794456,-0.05459445302210414,-0.5901417750433957,-0.19604321541048922,-0.0614634505763637,-0.5080020882715658,-0.19659129246042242,-0.04712128046390236,-0.4137687710421317,-0.17441213961766536,-0.025568086865924794,-0.47822738161278144,0.04179734593500098,-0.05140354469936189,-0.5084085599030499,-0.03361614628455401,-0.03739498994788443,-0.43461655652562875,-0.040592129276826025,-0.0079704154866164,-0.36018512992328555,-0.033465871146608095,0.022894111822057653,3,Show_Desktop
0.0,0.0,0.0,-0.03556400154360023,-0.32614523790405625,-0.02611548405332027,-0.16215115847298178,-0.5878279506495272,-0.042152307256431494,-0.3037308656840352,-0.7855535403974281,-0.05819663075578479,-0.3740351713158765,-0.9589522216521473,-0.0723858639682212,-0.4053628170528369,-0.514035465358904,-0.052520979880862274,-0.6464963202525653,-0.6397466505169188,-0.06809508978183135,-0.7785986688395693,-0.7029892740894437,-0.0717933248576712,-0.8868704636166362,-0.7503148710753267,-0.06771503288576211,-0.4763509612128345,-0.3303492992414318,-0.05045106697288857,-0.7174364625166137,-0.45082626719036484,-0.05574545933360045,-0.8844390796252183,-0.5243649204657591,-0.06390759585275176,-1.0,-0.5648674626185235,-0.06543692196393597,-0.4961198258008683,-0.14104665997907267,-0.044480414917395864,-0.577863410479417,-0.19849613327135812,-0.04858888085596676,-0.4992790291151604,-0.19861802290243338,-0.04155579809378687,-0.40738806981988857,-0.17808075100097148,-0.02489962909305943,-0.4867156009554639,0.025779279994179456,-0.041794291806857925,-0.5014898808359216,-0.036984581212987803,-0.023681088162835463,-0.42967389245992,-0.04154802847291518,0.0018809128387250378,-0.3555452682382387,-0.03583705944909154,0.029659760153183886,3,Show_Desktop
0.0,0.0,0.0,-0.029624418213494937,-0.3237742944504973,-0.03322191633993983,-0.1642902330158507,-0.5837064632903385,-0.051930267141512346,-0.30222296418655326,-0.7797809420046091,-0.06888195375753577,-0.36558861480838073,-0.9562499058597889,-0.08401550263011259,-0.40959188335651275,-0.5077922990796853,-0.06788049803607028,-0.6507676820420644,-0.6470663399792138,-0.08818330943933683,-0.7874627832365153,-0.719096906678181,-0.09395775231756709,-0.8978054033970809,-0.772885108775876,-0.09078985576134153,-0.480074408422913,-0.32318108559981124,-0.06252276288009878,-0.7209941457340677,-0.44647764985866417,-0.06895659125496259,-0.8854607347455202,-0.5228070351607412,-0.07453982751927818,-1.0,-0.5626755401137716,-0.07416887586215942,-0.49878973344513006,-0.1369145106466303,-0.053574739730393256,-0.5715862249022197,-0.20931109448664714,-0.063201725618148,-0.4934748281627345,-0.2108431950434551,-0.05896771078290592,-0.402304803410135,-0.1824703395574657,-0.042968468140904825,-0.4872215332553434,0.028490844550662496,-0.04800096063479199,-0.4928458460318018,-0.05011999738917814,-0.03814177007115572,-0.42214692399997994,-0.05630387958086268,-0.01698049604343582,-0.34854296057156914,-0.043633862359480045,0.009110162431254272,3,Show_Desktop
0.0,0.0,0.0,-0.032514715397518566,-0.32287341715667284,-0.04440695765106374,-0.16348593670452172,-0.5902073643921861,-0.06608550382987763,-0.30171775137367374,-0.7810737270826192,-0.0846838178469276,-0.3711429127765349,-0.9552623012001518,-0.10129414130424484,-0.4160026905547634,-0.5031527561706296,-0.0708712564905148,-0.6581616198904306,-0.6436766892282478,-0.09733702506325308,-0.7962380152163904,-0.7213731768017995,-0.1086485044424276,-0.908545477778837,-0.7790750799661678,-0.1085118390544421,-0.4833260145105381,-0.32474250589731474,-0.06293124623359876,-0.7271556384007983,-0.45051199644639883,-0.07534189199589895,-0.8891141300269156,-0.5306992501333615,-0.08394330203979161,-1.0,-0.5747759730315747,-0.08483857165051813,-0.4996663428129836,-0.14721203559280435,-0.05361310946178783,-0.5754650917506556,-0.20434170146910577,-0.07294122726762166,-0.4984985426584263,-0.20111491194087067,-0.07199653341837386,-0.40920835522219134,-0.17731394808740397,-0.05577219123771624,-0.48760080706501346,0.012758077242145872,-0.0484701006890885,-0.5077164562969935,-0.052082467075438975,-0.04611138476344841,-0.4365000425945345,-0.04931686479886252,-0.025610302928825747,-0.36308582697288755,-0.03732979933917622,0.0011087008626186725,3,Show_Desktop
0.0,0.0,0.0,-0.03161773062068766,-0.3309576539579303,-0.036008838677731865,-0.16189509603946375,-0.5942248440316872,-0.052328363718975535,-0.29730932891231376,-0.7880516539289473,-0.06628671018790988,-0.375363019283147,-0.9454920015630518,-0.07752942342511265,-0.42626427829236846,-0.5089365730979671,-0.06289842427960468,-0.6572794153352464,-0.6504883519846156,-0.08389061893599134,-0.7889971629644187,-0.7348468766040793,-0.0927918450850238,-0.8941055304015858,-0.7987222534793029,-0.09098419305929803,-0.4947724968989388,-0.32909739861710086,-0.05734913205756692,-0.7295322971801763,-0.46330324094260056,-0.06481014283952247,-0.8919094274038976,-0.547758630026306,-0.07350524201246265,-1.0,-0.5948586579670004,-0.07521927904621344,-0.5126136091775648,-0.14762678249046418,-0.04919884782646611,-0.5864698394312606,-0.22700301601873832,-0.059830282893842845,-0.510799879288064,-0.22200419949401665,-0.05635947310183703,-0.4218695299226025,-0.19018307892216546,-0.04069393414770376,-0.5014318652561912,0.010957379381496244,-0.04511433269158425,-0.5120858122542954,-0.06949275308892132,-0.03495412671730952,-0.4443078906911216,-0.06502732671112602,-0.012546641894013437,-0.3743460695273294,-0.0467522311242049,0.014338254218848665,3,Show_Desktop
0.0,0.0,0.0,-0.02574547221508473,-0.3306474878712097,-0.030527274978783693,-0.14503463733199687,-0.5959333253619556,-0.04849609653037844,-0.28416133898792334,-0.793305314788856,-0.06353421842503923,-0.3641014518931598,-0.9559939247925958,-0.07495014418819264,-0.41420156052438095,-0.5229718143957992,-0.061169000959072344,-0.6527553406110316,-0.6718825765188654,-0.07670168747658944,-0.7825205496180099,-0.7557530026229224,-0.07956705853997971,-0.8839547615837262,-0.8185278561488578,-0.0724744351595898,-0.4891700778226945,-0.34008364858435963,-0.05406118081497697,-0.7310680204440396,-0.4825676146669957,-0.053407203214124205,-0.8931497457215326,-0.5709674793231792,-0.05722941785364409,-1.0,-0.6181202982652078,-0.05526123223672306,-0.5121263734726119,-0.15576114360436866,-0.0428021040976751,-0.5862091774301466,-0.24274829357396718,-0.03932623892759218,-0.5148584359648208,-0.24431721334205098,-0.031868064412298586,-0.4284285616157813,-0.21201201812385995,-0.015637950588021674,-0.5062409526983538,0.004140961093740857,-0.035290466628299176,-0.5141055223838829,-0.07940560659215973,-0.009870845344530007,-0.44902346383496194,-0.0838630483396214,0.017418540350048355,-0.3793226703436766,-0.06823109193457703,0.046556659255442515,3,Show_Desktop
0.0,0.0,0.0,-0.023593115744822712,-0.3258279876422188,-0.030791123218682177,-0.15039672966412154,-0.5900123984733614,-0.04605393766518468,-0.2764998570087391,-0.7786969180486312,-0.060924661528271466,-0.33336324165422,-0.9399617417814146,-0.07468283929515868,-0.40487555337238856,-0.5476028207000797,-0.060708752938546946,-0.6416282629082944,-0.6997162037343024,-0.0857726235268432,-0.7799050457148685,-0.7858847721699957,-0.09757786955585014,-0.893152102388567,-0.848788036907542,-0.0973920772762156,-0.480716273113182,-0.3765797122255064,-0.05915126659727691,-0.7192998773800968,-0.5193098861364949,-0.07075543708936526,-0.882988917956126,-0.6151636956119817,-0.08113498031600887,-1.0,-0.6698112527993241,-0.08239665072184751,-0.5090107241550088,-0.19684039230786632,-0.05488514870828034,-0.5816358781565336,-0.2692158328921856,-0.0733599015886728,-0.5039096704680143,-0.26249277935203663,-0.07227990843557205,-0.41837119874192963,-0.22470871296365216,-0.05424299125765213,-0.511120903628945,-0.02924048071854783,-0.05355785507601039,-0.5328500148678055,-0.1126912673979546,-0.04833694826877967,-0.4669575187686298,-0.1078890862978482,-0.022938155167466664,-0.3986245036851053,-0.07904592287874075,0.008682339423065887,3,Show_Desktop
0.0,0.0,0.0,-0.01008752930103406,-0.3282259983450718,-0.030444290038315204,-0.12447118317540891,-0.601682161831521,-0.04731793386761096,-0.23784283422262525,-0.8208741139779206,-0.062175305112798944,-0.30130652159865207,-0.992208434792894,-0.07545957030162741,-0.3717678167733233,-0.5723169486036339,-0.07317465176382411,-0.6162142402679125,-0.7412846389584811,-0.09661372337404607,-0.747967208286784,-0.8360516370852555,-0.1053017815013521,-0.8568354845426457,-0.9023067089086102,-0.10405288574205207,-0.4543062584577626,-0.3960727639354137,-0.07227508844669701,-0.7123184828573599,-0.5567033346589051,-0.08513051759497332,-0.880585555870328,-0.6528803850195869,-0.09424825809018961,-1.0,-0.7007926851619399,-0.09647849994425337,-0.4878333553562145,-0.20729632120470912,-0.06702579614957027,-0.6002271400918512,-0.2914230556010779,-0.08009246073361556,-0.5210183313088658,-0.28396491975462523,-0.06614249806334395,-0.4329680390259731,-0.24655684114037124,-0.043171886359658476,-0.4931032271855652,-0.03558712854337977,-0.06487962018880686,-0.5517023981091141,-0.12459777800255532,-0.054445285618455214,-0.4835347996583325,-0.12258611691844762,-0.019170562089591024,-0.41091559803207395,-0.0987160009437298,0.016848404004157422,3,Show_Desktop
0.0,0.0,0.0,-0.008932477585881523,-0.3153056283378686,-0.016071511975899597,-0.0917004374644901,-0.5975050276126058,-0.03844269974136797,-0.19137783598687583,-0.8252051816260391,-0.06298104422385997,-0.25860963738618925,-1.0,-0.08848922855901772,-0.3280973624225818,-0.6011408905037111,-0.07985273493905372,-0.5564737281327435,-0.799345549705329,-0.12418433573643572,-0.69365461639498,-0.908294536807552,-0.1468804603724788,-0.8066167729147438,-0.98770983356548,-0.1540616759352485,-0.41902320956556854,-0.4439740642283007,-0.0944998657007053,-0.668455867700727,-0.6285230667092513,-0.13150333477224982,-0.8347196385094394,-0.7453473695214226,-0.15203828644861905,-0.9596464199352536,-0.8178615879340313,-0.16065458292435247,-0.46783006405541566,-0.2578560294789099,-0.10259383984031953,-0.6122067896076993,-0.31286136554556915,-0.1354193505862054,-0.5381822143005581,-0.2960030636837631,-0.11657348325486946,-0.45188104202438334,-0.2620914617153865,-0.08751758258536711,-0.4847225408673351,-0.07084366643942,-0.11193703719085626,-0.5725406034843874,-0.13176503817166027,-0.11389052194267199,-0.507268459059038,-0.11598576010240423,-0.0704872045099043,-0.43343360498230565,-0.09178662869896718,-0.026193002195958635,3,Show_Desktop
0.0,0.0,0.0,-0.0060783670908192535,-0.3032739532236035,0.021529236660853424,-0.07157868459467533,-0.5612204735504258,0.01647318736697073,-0.15795429353513302,-0.7832622863659335,0.004480484888250766,-0.2137132075967964,-0.9462122165714468,-0.007942985024824335,-0.2933116826389267,-0.596397881178409,-0.04203802183131795,-0.4990042778478123,-0.7981643016699951,-0.0739346688074225,-0.6223751918643864,-0.9130903646033925,-0.0880107366959467,-0.7218255250555632,-1.0,-0.08967010237866453,-0.3839287391715216,-0.46285463208066474,-0.0650062231860637,-0.61720706511835,-0.6579858795326493,-0.09976418432518862,-0.7624275048517971,-0.7823447659771134,-0.11591810300850576,-0.863445630752409,-0.8576070354345575,-0.11972629257662537,-0.437240853916288,-0.29487019916321766,-0.07692919603431751,-0.5758099166411473,-0.3571136363209382,-0.09333171501174843,-0.5118070572277217,-0.34194343358815055,-0.06048011266231384,-0.434941299361047,-0.3032326213606825,-0.023450133807906264,-0.45834628868051785,-0.11861939366157095,-0.087666754615188,-0.5541160899306188,-0.18833379988239207,-0.06798542709446101,-0.4922670667716246,-0.1723336721293612,-0.01081902439788573,-0.4244430061791135,-0.14161517405411092,0.041661759955233045,3,Show_Desktop
0.0,0.0,0.0,0.010420044484948762,-0.29102954658389446,0.01612532846957733,-0.056891291629503606,-0.5495048151352773,0.011121958972262223,-0.1351613906981127,-0.7671434611351006,0.0019624332959095464,-0.1603410557932912,-0.9357216669449895,-0.009006501952119012,-0.2647415993023777,-0.5765189250849149,-0.057206566807642356,-0.45395640583488145,-0.797874818911278,-0.08195865307061516,-0.5638249192091775,-0.9155522643914549,-0.08877318607469148,-0.6531076756761154,-1.0,-0.08804020892299816,-0.3563401220748706,-0.442666593150276,-0.07548588230639645,-0.5714740887488964,-0.6588133686242138,-0.09870515111809966,-0.7055617710550454,-0.7796706992967961,-0.10414552409025059,-0.8035089915592487,-0.847827398579582,-0.10378135526347501,-0.40986046875286,-0.2822848623047795,-0.083145545444653,-0.5448536229156014,-0.3857038942069009,-0.09481951140008624,-0.47708220676620455,-0.3715451345067483,-0.06347722281375447,-0.3998206230197746,-0.32797424455694363,-0.031413735892930485,-0.43149586797962725,-0.11766027156924577,-0.08935930933998523,-0.5157625996058588,-0.204128427409833,-0.07612164890797551,-0.4555313212590194,-0.19251547403270772,-0.02971973295483588,-0.39025498060364944,-0.1590347086999643,0.012961286951478176,3,Show_Desktop
0.0,0.0,0.0,0.011256091760010552,-0.2864651198219338,0.007260924809812626,-0.06048685995372633,-0.5525609715268851,0.001787963842788065,-0.14296551000465343,-0.7673383022366805,-0.006155911806959412,-0.16464845694137642,-0.9367313046528251,-0.0149755080199457,-0.269529639393872,-0.5745035534377311,-0.052678686290194815,-0.4540656185547668,-0.7983956333689025,-0.07243510253774929,-0.5626300000516798,-0.9162654177224518,-0.07785810728622693,-0.651585143981131,-1.0,-0.07631423554792639,-0.3597234140414998,-0.44249371809191773,-0.06448455384400194,-0.5681504170674663,-0.6506998460165748,-0.08038697833583754,-0.7021163339946105,-0.7703799972991672,-0.08527263923885495,-0.8014337333127513,-0.8365762426920788,-0.08544811894564605,-0.4126778263643082,-0.287055618058191,-0.06706348270761416,-0.5397474069645087,-0.38519067273432817,-0.07448428505271004,-0.47420401264672857,-0.37126790172473567,-0.04782722816624905,-0.4008135978172237,-0.3270690638018964,-0.01963833476286483,-0.43516585518098166,-0.12898072319855908,-0.06903527186783713,-0.5163192546240528,-0.21893575949914604,-0.053709877960799256,-0.45828752365756587,-0.20478986643909566,-0.010528092605503792,-0.3938214291090914,-0.1708366672441326,0.029419351640104376,3,Show_Desktop
0.0,0.0,0.0,-0.014821515080679859,-0.30925329011574987,-0.03764647695379941,-0.10373340609231374,-0.587661932381577,-0.0630635429870043,-0.21089967052586345,-0.7983666755530607,-0.09078233737825633,-0.2646532338786869,-0.9732141670490944,-0.11720405782324317,-0.37916549723283943,-0.5698550058413057,-0.06689065770123115,-0.6088886873597168,-0.7505219127793904,-0.10815195593044122,-0.7408878628274317,-0.850612418488182,-0.12917020802363005,-0.8484088012306483,-0.9245242847429995,-0.13480489201068666,-0.4593762793736369,-0.4098058361979576,-0.07325541531766572,-0.7132754128068836,-0.551192796443983,-0.10715887370158765,-0.8800919233622779,-0.6462269178519319,-0.12802951327700043,-1.0,-0.7029148154431457,-0.1346821747520324,-0.49322158367009117,-0.23069365732969851,-0.07879524160820597,-0.605201355005711,-0.23061130834041507,-0.1236377273411133,-0.5265145503627916,-0.20983538801879537,-0.12426058929684446,-0.43310616999802204,-0.182765242576408,-0.10256657384025188,-0.5008448589343572,-0.0505961571687792,-0.08762096521737454,-0.5534611723212538,-0.06171379191817638,-0.10390437845007533,-0.48465767968171597,-0.0484608166048919,-0.08147899451745766,-0.4083325450241796,-0.03616136962005062,-0.04886188076874664,3,Show_Desktop
0.0,0.0,0.0,-0.04080041564301411,-0.2808168126581662,-0.053405003446699364,-0.17536302441587753,-0.5331028674062201,-0.08124045390005817,-0.31496563180294124,-0.6932097387319278,-0.11122762647004197,-0.38817898282056523,-0.854555108010613,-0.14217249538295595,-0.4232366879337665,-0.4285275599107031,-0.07305884484361458,-0.6657127583580744,-0.514766943976017,-0.12699919955020358,-0.8085843510502096,-0.5594204643616278,-0.15521647175119396,-0.9221840736964427,-0.597337108264757,-0.16568499865212297,-0.475588786215072,-0.2539468339866418,-0.07415211546547162,-0.7073413831662398,-0.3020936841813261,-0.12395100036910948,-0.8728512987208851,-0.3346863858863564,-0.15186125251319244,-1.0,-0.35333581016772414,-0.1605702891994545,-0.4822756333886159,-0.07578701372389951,-0.0779046089056359,-0.5565356023946717,-0.014965668143843591,-0.14199481865442215,-0.4726174329004607,1.938181460058744e-06,-0.15347381948796132,-0.3787783181939153,-0.005051869975643116,-0.1358275403905579,-0.45868420979312213,0.1008552104556168,-0.08588644899330954,-0.48065349664288803,0.16100158434220727,-0.12225391051223085,-0.4033276879760431,0.1679545680574855,-0.11316356690778752,-0.32169984328591533,0.14703044556005632,-0.0877948611975052,3,Show_Desktop
0.0,0.0,0.0,-0.061838465540035165,-0.3007690604625468,-0.018862560507742942,-0.2060160682275,-0.5343176203005422,-0.028142231211308447,-0.35293256798245565,-0.6846797989106996,-0.04115736512634076,-0.44221823605241195,-0.8231742078291376,-0.05477432563055569,-0.44082514185632804,-0.43897760391092194,-0.029288773791970153,-0.6819850168848851,-0.4705620915094191,-0.05511870235089526,-0.8179133420590925,-0.48878125080142326,-0.07178678780631896,-0.928098834633531,-0.5031844001683665,-0.07782685755749365,-0.47589848223081416,-0.26856108027502373,-0.03693545637906913,-0.7140486526560431,-0.2725533150865678,-0.054659854449912476,-0.8756805186328995,-0.2719533505197693,-0.06892389070918281,-1.0,-0.2641533405909439,-0.07502866987398978,-0.47095524476083883,-0.09129743161050959,-0.04372776479214873,-0.5908235772428498,-0.027421204065359906,-0.06762428363891802,-0.5176114304778706,-0.023879530879470413,-0.05817876427429696,-0.4331668882614227,-0.034133984087057444,-0.038111662649004716,-0.4387858505297687,0.08097945274290859,-0.05327008726322162,-0.5110627584112091,0.10797785824884225,-0.05572295342924334,-0.4459889545346851,0.10537777651249303,-0.027129221185547617,-0.37449188294997166,0.08458465158881205,0.004170809407498536,3,Show_Desktop
0.0,0.0,0.0,-0.11004798385708944,-0.22596042621079904,-0.018661397686662903,-0.2753506394821633,-0.3938297431300347,-0.03821928845480226,-0.4175671552898585,-0.513354981520551,-0.06357717148998757,-0.5083448515456608,-0.6284280210398726,-0.0908488945191313,-0.4446454709282697,-0.30853333847192815,-0.0608177293498044,-0.6864870512422238,-0.2812144296644249,-0.11039633765421179,-0.8252679857038648,-0.265638917994598,-0.13672241675077554,-0.9382015281898894,-0.24977202126442627,-0.14829330524464113,-0.4569172819521373,-0.15625947126755063,-0.07984131149026158,-0.7038818259818568,-0.08826917831083769,-0.12929046869573182,-0.8681240894913025,-0.04828058866465333,-0.15703915932867119,-1.0,-0.016546795204309826,-0.16920746516625232,-0.4316269299944051,0.0037479069229681933,-0.09698882384043246,-0.548489826751755,0.16903831011813458,-0.15588932447471848,-0.47474356499596615,0.15739493736279367,-0.15613460976753651,-0.3968980857360441,0.10888623073040855,-0.13602352701028086,-0.3821572987000952,0.16119987377769482,-0.11504919791157296,-0.4557508506249463,0.2723784227580643,-0.1482187325007952,-0.3855151328091001,0.2575336014536283,-0.1283990904967477,-0.31251248216296823,0.20715160967411766,-0.09883898252610762,3,Show_Desktop
0.0,0.0,0.0,-0.1323720114075136,-0.2159418588660774,0.010121951284145994,-0.3231867524100879,-0.34241936706892273,0.007907177512762797,-0.4858037974493746,-0.43751871585360785,-0.003255045267692262,-0.5849219942499757,-0.5398384749540645,-0.01757514161497882,-0.49235354295660577,-0.24177477057951352,-0.02615946808897412,-0.7325351900888122,-0.17097240185395657,-0.05496152848489984,-0.8700370054462866,-0.12993000752703973,-0.0700566408999743,-0.9791532701496112,-0.09527199517104201,-0.07621622511992324,-0.4923017062004043,-0.0965675927738705,-0.05003777965711739,-0.7284927799109865,0.013355247571919216,-0.07858489846524899,-0.8820021925662664,0.08591449677005601,-0.0960388510393295,-1.0,0.141266513326973,-0.1048363063044231,-0.4571489955450378,0.052368618456198585,-0.069523948614526,-0.577600695040936,0.20358993098856978,-0.10210641564570645,-0.5053328669453285,0.18875240923105527,-0.09134850818416954,-0.4324714865710671,0.14423341791435454,-0.07093191497075761,-0.398897333662918,0.19904885978414488,-0.0883751039208748,-0.48617329498841383,0.3000622041074417,-0.10045088593831851,-0.4214283296869103,0.27981930820635825,-0.07256099749016105,-0.357285056319993,0.22879801700845367,-0.0420420202572071,3,Show_Desktop
0.0,0.0,0.0,-0.16273742371883285,-0.1810857357390166,0.011837349102051286,-0.3663021150263388,-0.2777458847511825,0.0012388024329247742,-0.53945984027884,-0.3482912731630003,-0.019422564014833235,-0.650158549174081,-0.4502843997191648,-0.044793395974228226,-0.5207749409537582,-0.18005633036849578,-0.04089094896245032,-0.7563925654154668,-0.07012095733816606,-0.08019796274112066,-0.8886083626826428,-0.005498401927618942,-0.10115606098753391,-0.9985318172116843,0.04915212002548794,-0.11248207895445389,-0.5037927319654867,-0.05183952135298826,-0.07149553935666798,-0.731734289815133,0.12306481612069999,-0.11210150079237066,-0.8791964987857475,0.23688650342292736,-0.1332851884031548,-1.0,0.3209655707604732,-0.1460969841218084,-0.45079722634403724,0.08402068875253241,-0.09714867874508555,-0.5653575296566522,0.28272373509939036,-0.1389568086417411,-0.4939167086573124,0.26175644277761995,-0.12334870353115397,-0.43221650354873375,0.20061408974322473,-0.10080877600005606,-0.37910104041894854,0.22316389418048274,-0.12213205078044112,-0.47076159885370505,0.36886735171563517,-0.14206061260799763,-0.40960798945698207,0.3472308576178315,-0.11220563593846389,-0.35796291624538074,0.2860717303964381,-0.08103247854428088,3,Show_Desktop
0.0,0.0,0.0,-0.1591498501639052,-0.17672139553133584,0.007191217760382493,-0.36074086629582264,-0.28019684704391107,-0.007151113729282401,-0.5276346487064341,-0.35357622435373065,-0.03119702583222345,-0.6250392762846276,-0.4659257155095041,-0.059879213107578176,-0.5106829260993954,-0.16620997866630577,-0.05459388346147006,-0.7512164761417925,-0.08378304260508235,-0.10058223599133176,-0.8890586487886155,-0.03393225340578705,-0.12337736670347696,-1.0,0.010081973821169913,-0.13507645151858977,-0.49343485876058224,-0.03404112157213225,-0.08640291800628835,-0.7329337704138977,0.13837344929858753,-0.13597444640145098,-0.8810640406101709,0.2522674168409116,-0.15739150851079572,-0.9956581142068379,0.3374923206070355,-0.16762066371839,-0.438722743040086,0.10045382951312146,-0.11297261272655076,-0.5586924475417345,0.30321660209388657,-0.1629050809655194,-0.4833342377765614,0.2771581411168154,-0.14449495761062905,-0.41820427598426313,0.21241027867347434,-0.11673619221583288,-0.36258012417893865,0.23488357135822585,-0.13905591797748015,-0.46040302883521333,0.38187770453648623,-0.1644756298821639,-0.3946038907137799,0.3509446295389372,-0.13184027548669264,-0.3393893065332289,0.283058907392383,-0.09645588823134732,3,Show_Desktop
0.0,0.0,0.0,-0.15899144481088073,-0.19619607057770935,0.01641103947728945,-0.3491122734192667,-0.32066332192410263,0.006078154946225304,-0.5025326151413323,-0.42343623748539166,-0.013095491516197925,-0.590781302559621,-0.5411895120039673,-0.037189681987496254,-0.4968310341479316,-0.20434747176302093,-0.051405884335968495,-0.7482703008014204,-0.13298927913775346,-0.08662450147391615,-0.8877816328724559,-0.09019837843273928,-0.10341982677787331,-1.0,-0.05696346705367887,-0.1105103770348411,-0.4851061205841249,-0.059110608850650045,-0.07916732076765355,-0.7275808832964007,0.08883052784164404,-0.11119027908104674,-0.8758927549650961,0.18845019125199836,-0.12573137236017756,-0.9865773564916442,0.26189819775768736,-0.13428234858198826,-0.4384079268144665,0.08678124447311202,-0.09916631752911394,-0.5674679137059886,0.243218183331426,-0.12754775429457968,-0.49312953638296175,0.21212781286087326,-0.10652454933026388,-0.4202290168988393,0.15501728723865404,-0.08180697195166468,-0.3713737112597663,0.2287297174047988,-0.11781174826658719,-0.4694661112902834,0.3349617062521891,-0.12588650451999003,-0.40476435083557877,0.2997476271227585,-0.08981799966456475,-0.3447104864354997,0.24113162056158383,-0.05438636705219769,3,Show_Desktop
0.0,0.0,0.0,-0.15936504145979796,-0.19783753955179206,0.0134732516280195,-0.35045757181174775,-0.3209642919187144,-0.00019794783524627752,-0.5111474335909074,-0.41400839361233516,-0.022924943887857423,-0.6030292517873941,-0.5322179499384436,-0.0507582855577915,-0.49933323329412443,-0.20477176269623953,-0.05224494686214143,-0.7454542129684161,-0.12755515468159295,-0.09128540613354404,-0.8859875725485956,-0.07774380388872844,-0.11316111037461486,-1.0,-0.03941308179388588,-0.1250627374101573,-0.48535861636092853,-0.06041625992122719,-0.0804514892381587,-0.7219885643351615,0.09081527114659456,-0.11693218516683182,-0.8712174825509568,0.19276297000275916,-0.13560228489946896,-0.9844640184244254,0.2682121110908523,-0.14802871439791218,-0.43726514316632703,0.08491984223924323,-0.10121490269429284,-0.5795100337713007,0.2424699788250341,-0.13330611613224783,-0.5058312639738909,0.21317785304025072,-0.11056554334861382,-0.43200630784861377,0.16056906174516786,-0.08495719335552512,-0.369095844554129,0.22624899759099132,-0.1212024744361207,-0.4728090740940939,0.33224796170111837,-0.1336112895039618,-0.4120447207534566,0.2984663343858964,-0.09857837875560935,-0.35431973069014683,0.2411660268997903,-0.06363939594998284,3,Show_Desktop
0.0,0.0,0.0,-0.17005210681383923,-0.1895289654170786,0.01517038013077554,-0.3690866379038062,-0.29851864609749607,0.0017549396723667763,-0.5337031363971845,-0.38156365794044456,-0.020892670274778632,-0.630081035247012,-0.49303822516125795,-0.04897032345158816,-0.49825117417152004,-0.18772490668987565,-0.061388564048902534,-0.7482417527239862,-0.08375315915443453,-0.10490211338624272,-0.8875880392428935,-0.01526350088032494,-0.12672798316941986,-1.0,0.036082470330538935,-0.13847604232423233,-0.4780600132710132,-0.03765933449486194,-0.0942106601239113,-0.7200193072185566,0.1412613509545897,-0.13914348034379545,-0.8682738018429323,0.2541139870972061,-0.16061459483354984,-0.9824389617078898,0.33163873256964715,-0.1734274935241036,-0.4235211161904741,0.11178134467002528,-0.11881411571649875,-0.5715096506397676,0.2750584318715962,-0.16205210796013683,-0.487059574323343,0.24026310944482568,-0.13670761772523773,-0.409111322636256,0.18427044791559247,-0.10578817488102961,-0.3477178230571166,0.25208672914877084,-0.14183125195278973,-0.4564953187013844,0.3643320733609516,-0.16332227566190294,-0.3913938181266491,0.32828091787035335,-0.12611037893824506,-0.3333620206062445,0.2717980171227385,-0.08725203026693913,3,Show_Desktop
0.0,0.0,0.0,-0.11884776419908971,-0.19681390025527787,0.00871659531987406,-0.28652105766052754,-0.3463012557476431,-0.010056281727970167,-0.41556294035229413,-0.4827152957443175,-0.03376813719919192,-0.4726937038145879,-0.6273610541710882,-0.06487848411376168,-0.41901695285939483,-0.32020899366126143,-0.07877042407206042,-0.6471348508571857,-0.3562357140838604,-0.12420212674438937,-0.7799675056201679,-0.37956120300468577,-0.14473420839153578,-0.8904211614017226,-0.3970973762446998,-0.15611817142805245,-0.43043933761267467,-0.19366961644426953,-0.10945221909985511,-0.6939191400252206,-0.2156205242923544,-0.15554079618267563,-0.8616813077042479,-0.2137580565297362,-0.17873783728556783,-1.0,-0.19751936495480726,-0.1906795295530604,-0.40649551758583224,-0.04976853795359128,-0.13230812348102639,-0.6276075060624913,0.10095537736115656,-0.18770481580380935,-0.6567560992491562,0.15185204449608525,-0.19291853525944044,-0.6592685365201362,0.1656639989384241,-0.1852079545585792,-0.35640035664363445,0.10098179389126956,-0.15096429872378203,-0.49887944765288106,0.16240084074190722,-0.1911632822607547,-0.4669955149237013,0.14759959748580162,-0.17802003463302055,-0.4258416326971933,0.10352576717494255,-0.15898560641983875,3,Show_Desktop
0.0,0.0,0.0,-0.10828754673655373,-0.2011866942039924,0.018031688456507225,-0.26905140672815053,-0.4080622886910428,-0.004559587144766371,-0.40433845741445257,-0.5595837982143679,-0.04008956632157698,-0.444665737914342,-0.7292762438696554,-0.07982431947253771,-0.39390599023991635,-0.4144858577848269,-0.07886219907932408,-0.6366028540055128,-0.4965249378714863,-0.1478677434798606,-0.7828984576525397,-0.5494927309559272,-0.18050871629530768,-0.8949832812889781,-0.5853161260122821,-0.19774060336633767,-0.4047068547087201,-0.3027753836205206,-0.12276424733001622,-0.6836689564482334,-0.3706107604109171,-0.19936485704560733,-0.8618908729836068,-0.4025445135215943,-0.2318075877942712,-1.0,-0.4173028322481769,-0.2467871734185287,-0.3890959927919126,-0.15068405935554283,-0.158517611293682,-0.631593883754604,-0.048845909913150284,-0.22819110829702616,-0.5582201117500136,-0.013228502726469473,-0.19475239750048765,-0.4741094611886648,-0.02154539582567389,-0.14959912307458317,-0.3579476082927017,0.020347520030407126,-0.19229465291460457,-0.5380084289215897,0.09106003079614311,-0.23301269123408794,-0.4918082620692895,0.09639700856295189,-0.19873955950314467,-0.43404620229263013,0.06950676959257661,-0.1578533987312067,3,Show_Desktop
0.0,0.0,0.0,-0.1189358372456964,-0.1997378755751525,0.027695020750735915,-0.28117879018135994,-0.39144694242780265,0.011281419223549086,-0.4165340181854021,-0.5272345717152143,-0.01991415842795129,-0.4570463882218758,-0.6803903365542392,-0.05506365418949295,-0.388477759210631,-0.40930250458847767,-0.06774579555881223,-0.6340706622958459,-0.46457872080160145,-0.13397953435286306,-0.7777959808628366,-0.5163724267988938,-0.16693778011635504,-0.8903028005186319,-0.5462101957039679,-0.18618816667186847,-0.39605377919449786,-0.29796161853510933,-0.11725762132304275,-0.6764936281400972,-0.3223457431565502,-0.1963287933052703,-0.8597552153138914,-0.3304462200253699,-0.23544151512936504,-1.0,-0.32502170067783087,-0.25677989955875813,-0.37831086812592996,-0.14731517497585492,-0.1575231185195076,-0.599797061606001,-0.018496830842891252,-0.22348312842198587,-0.5239003906382054,0.013233954890674872,-0.1914285748162408,-0.444272399286231,-0.0036897133326156115,-0.15012153609931903,-0.34747151347210326,0.01720555599763048,-0.1954268434428076,-0.5214751156025923,0.11781515131184433,-0.23380105310386096,-0.45681297266260684,0.1164142418857148,-0.1985024496965555,-0.38799844597662414,0.07851562682843488,-0.15864920036785926,3,Show_Desktop
0.0,0.0,0.0,-0.11581116658462387,-0.21455561856698366,0.007753661084214849,-0.2881633085626987,-0.424325460529844,-0.01383997333152901,-0.4277520667695107,-0.5782962839996498,-0.04631249065993828,-0.4628932523503209,-0.7501284484230137,-0.08194158500339918,-0.38597836863519275,-0.4405502102459994,-0.07939291400610952,-0.6350850403726268,-0.5102040664014642,-0.1454422512612912,-0.7804953721784395,-0.5643610561227117,-0.17755366399563427,-0.8987267746646294,-0.5993156596406259,-0.19685691113125312,-0.3945410992839407,-0.3234855320536789,-0.12015575716917233,-0.6729471255220699,-0.3476046221601277,-0.19894949560308353,-0.8563515359595345,-0.34303922562686506,-0.23585146943873417,-1.0,-0.32808643248805264,-0.2557929338477792,-0.38009687553942206,-0.17025911770566754,-0.1541813952505074,-0.596331199580862,-0.03819686667943954,-0.22396248704557717,-0.5180275056078572,-0.0067738884480221286,-0.19728253147129945,-0.4365489312526128,-0.02504293786358847,-0.15965466011995166,-0.3565344396903335,-0.003001945464515237,-0.1876735419048618,-0.5285208808251319,0.10649400469184586,-0.22686466441560385,-0.4629883558932371,0.11324273121595743,-0.1954488029571569,-0.3931755318201848,0.07608539317265313,-0.15976994118024102,3,Show_Desktop
0.0,0.0,0.0,-0.10814862910604138,-0.2342638775481204,0.01623088327624764,-0.27606370943147496,-0.4419774583780132,0.002458966984919421,-0.4125993478648202,-0.6034833375417149,-0.021524733205195584,-0.4590474191690141,-0.7637336979868633,-0.05119440565374129,-0.39215076718249403,-0.43070850563103313,-0.081745243859506,-0.635118889511948,-0.5036903680530278,-0.14353921953396748,-0.7809842366050495,-0.5536440758558044,-0.17724812359489173,-0.900556490144189,-0.5890656409146507,-0.19891408795372564,-0.40640985701340454,-0.29797636966423674,-0.12200632474678587,-0.6846300067443414,-0.3087633807404784,-0.19012894113586332,-0.8624069100532223,-0.3072201617548842,-0.22259046996983556,-1.0,-0.2978294588895775,-0.24302213514443968,-0.39271348791757255,-0.1375996484635035,-0.15361322419707285,-0.6137068627225933,-0.04310606979792117,-0.21737291030646236,-0.5266279058328168,-0.03308093974799992,-0.18804318251769905,-0.43663653028231136,-0.05222787347746767,-0.15135697147118934,-0.3632556914261604,0.031577946331657634,-0.1833005277831605,-0.5370815256421607,0.0959010363549513,-0.22584393150030915,-0.46553138742142075,0.09053944893156297,-0.19328152448094732,-0.3884600712036299,0.05574957834202884,-0.1561118414431298,3,Show_Desktop
0.0,0.0,0.0,-0.11455745154393154,-0.22542766912512036,0.016987838930777963,-0.27743387807522546,-0.4468385440762222,-0.0024494562837498817,-0.4095361685633497,-0.6052288433954883,-0.034218398749787986,-0.4416671727663588,-0.7689845437154029,-0.06990373690401859,-0.37829604867130967,-0.44435255261799417,-0.07691050572690811,-0.6247756043276882,-0.5168176183424819,-0.14394562180757087,-0.7687847087634436,-0.5796798889676816,-0.17993217068251127,-0.883507163692289,-0.6230470878130598,-0.2020860660350871,-0.3871124541607647,-0.3220797973338668,-0.12135689006511727,-0.670765106629251,-0.34554700743252054,-0.19712365621758665,-0.855137745450908,-0.3536202278520355,-0.23533731818526654,-1.0,-0.3439568124293321,-0.2581843700950188,-0.37370922250583655,-0.163820004751383,-0.15751459646001437,-0.6016952255745869,-0.05684556397665749,-0.2230317553607301,-0.5183866018144567,-0.04518167788124043,-0.19239091704529185,-0.43326762968506904,-0.06520469350900351,-0.15299480989713982,-0.35106200554804345,0.005618599699555406,-0.1922569773896421,-0.5349423135662702,0.08768735364043463,-0.23107864278063983,-0.4675691317294141,0.07933313625215911,-0.19576246202177608,-0.3930938826837097,0.043664048642729936,-0.1566992084542198,3,Show_Desktop
0.0,0.0,0.0,-0.11925144411197298,-0.23018624198736273,0.02154596127861045,-0.28378906740018106,-0.4449883092261309,0.001411516013136578,-0.41822486294896133,-0.6067903513759723,-0.03214979758538514,-0.45666820382599477,-0.7790842275241514,-0.07086434310169416,-0.39088126298990294,-0.44814629464302563,-0.08000224927310394,-0.6375860100591055,-0.5063806913842183,-0.14959364556957866,-0.7812181184681367,-0.5595602244149007,-0.18926472030149905,-0.8980421533936992,-0.5987935334511995,-0.21559453611547152,-0.3929889548774539,-0.3302591996987553,-0.12845730701204988,-0.6721958517124524,-0.3393681453665748,-0.20570516940217204,-0.8576929421740199,-0.3319316098054631,-0.24764827681896948,-1.0,-0.3160635296034906,-0.2758554742770393,-0.3728383280650287,-0.17204298687893527,-0.16794527975792636,-0.6062761393869731,-0.06311530315749696,-0.22861069360643674,-0.5228463543013855,-0.045579697418660255,-0.19404808796373726,-0.437119045182049,-0.06892705316787667,-0.1561344037525098,-0.34367522583919685,-0.0011465417578545548,-0.2064455702788191,-0.5339964950991113,0.0824362191742013,-0.2413267830908682,-0.4658232198684763,0.07667065055143463,-0.2042716314127631,-0.39101647676421225,0.03805235326363644,-0.16615726353937826,3,Show_Desktop
0.0,0.0,0.0,-0.13010075388557352,-0.22984243854138228,0.019115185369726433,-0.29996472141164454,-0.476361374283092,-0.0018204166856007036,-0.4331111238422256,-0.6591677825076188,-0.03553723500585021,-0.44981638202188295,-0.8391225628259239,-0.0737391000277909,-0.3727230408148449,-0.5258038171850099,-0.09125081084913256,-0.6290559649227385,-0.612556208579261,-0.16253800760925463,-0.7808074737724222,-0.6797490465387437,-0.20062727136761416,-0.9048681900553347,-0.7242292927327267,-0.2276369476975833,-0.35754744923745135,-0.40820423171422165,-0.14365449664981386,-0.6567479172064182,-0.41834699982395496,-0.23282660838065192,-0.851035058937973,-0.4060746435552096,-0.2766202586754404,-1.0,-0.3835948069732386,-0.3056391880387071,-0.3345583809609739,-0.2431281554447433,-0.18700045272855123,-0.602317299937816,-0.13503720487814042,-0.2600551232912482,-0.522088084210292,-0.10683080217386615,-0.22675850562880606,-0.43379396515792906,-0.12594502431578442,-0.18873923078587232,-0.3139854668915899,-0.0675783278598561,-0.22871312149925363,-0.542842146060778,0.005125716792028199,-0.27340520448302896,-0.4784477050014183,0.009712397165002435,-0.23770634921639497,-0.3950174386631526,-0.017912523481368105,-0.20036389965770204,3,Show_Desktop
0.0,0.0,0.0,-0.12320283973366192,-0.24396138323969296,0.0052789000529782784,-0.28613979357668523,-0.5080383002294848,-0.029826060295883906,-0.4122158288020439,-0.7053387445031032,-0.07204307962122107,-0.4241277880147865,-0.900876790377463,-0.12032030409809737,-0.3448682440452639,-0.5591724979934207,-0.1385431672324308,-0.5993658078884003,-0.6438268576402627,-0.22893463390060473,-0.7595830836884885,-0.7048529827377655,-0.2822547878702404,-0.8902194236878102,-0.7460710611695814,-0.31904327180064884,-0.3265725364293062,-0.43155834906566887,-0.18610329395780636,-0.6362599622423948,-0.42939825229767464,-0.2851583646685311,-0.8419240552120191,-0.40901389344215966,-0.3308983685121197,-1.0,-0.38826688070179405,-0.3635737887633095,-0.30642014944776674,-0.2523199448331996,-0.22424816898465497,-0.5978432946336721,-0.14688341491538454,-0.3004017542614499,-0.5426801116901615,-0.10818435659458055,-0.2637874188066064,-0.46100453317356066,-0.12123141794503668,-0.2252875064178161,-0.29443403158525416,-0.0641386405001187,-0.26202230728601494,-0.5450348749138019,0.00810251076770029,-0.3079652865193321,-0.5414133101210731,0.017291852722730306,-0.2757171546164166,-0.5061924733492352,-0.016646355938909552,-0.24256086187062476,3,Show_Desktop
0.0,0.0,0.0,-0.11349045995229043,-0.24442060993754453,0.019381691436280025,-0.27241742183316414,-0.47952702733531966,0.0008117992559721581,-0.3987109041382723,-0.6559190853632991,-0.029840204838748108,-0.4221336822024882,-0.8260537730257168,-0.06684811822111282,-0.36800974101525735,-0.5057708173551343,-0.08841346953893314,-0.6134178710547415,-0.5825030891760828,-0.15947343102741204,-0.7610572593667676,-0.6449456143239879,-0.20091732323165482,-0.8821739088955413,-0.6867906249987038,-0.22917448298571533,-0.3686995429388217,-0.3800531724044388,-0.13627414899382786,-0.6595373308108345,-0.3680431319081298,-0.2155706495452961,-0.8519731943719132,-0.350190203651263,-0.25535086902923465,-1.0,-0.32843448146846926,-0.2822951678350021,-0.3515165065079058,-0.2167652769556797,-0.17557104308081922,-0.5983239430952818,-0.10214429677327833,-0.23938017088580976,-0.5202224372697117,-0.07597931755651668,-0.20873070142769212,-0.43257279525741477,-0.09502042236783324,-0.17434645541686683,-0.32772580643154225,-0.043570967261577616,-0.21361899333626994,-0.5280624529986888,0.03960761345540988,-0.2530396903804915,-0.46362093331071325,0.04278783675545049,-0.21980315261373248,-0.38505755469988223,0.007693178759078279,-0.18444831526886013,3,Show_Desktop
0.0,0.0,0.0,-0.1052878602134407,-0.22675643317628016,0.013211181523916952,-0.2697885562988323,-0.4338442737063179,-0.0011327068600804414,-0.39789540468980966,-0.5933060186304364,-0.026952851512190627,-0.4254481557320267,-0.7577192382331949,-0.058024667745647254,-0.38811122460387154,-0.42121077771418364,-0.06927280092775599,-0.6261607713600754,-0.49737666102600214,-0.1276832037017781,-0.7692128645371008,-0.5444858284276114,-0.15770529019982363,-0.8847519556798561,-0.5797848584944872,-0.1766186278074493,-0.3996800969264271,-0.29506128131309317,-0.10964428454992256,-0.6790170146775123,-0.28253566183531487,-0.17260759697999153,-0.8591002773831011,-0.26096179222161603,-0.20162984304737183,-1.0,-0.2391698763672082,-0.21901707195865988,-0.38235793790555217,-0.14360026639479365,-0.143726335675173,-0.5896893366597648,-0.025900014045923483,-0.20646121074767196,-0.5045253672244586,-0.018622123571639466,-0.1849327992842874,-0.4167914715445834,-0.046330526378148745,-0.15289276983562333,-0.3514200237538543,0.019767965166109767,-0.17645537977841724,-0.5175462249430758,0.11026537240329573,-0.21772307931413737,-0.44686503587443516,0.10476185471164293,-0.1907073937440783,-0.37146250550609755,0.06468348419164754,-0.15796339598760406,3,Show_Desktop
0.0,0.0,0.0,-0.1068018915894157,-0.2168225349608275,0.020432603048655282,-0.2752216324896897,-0.4221912872256136,0.008618714811077424,-0.40558786604818536,-0.5761696862903491,-0.015193503952364405,-0.43228597054179424,-0.7408729007061304,-0.04388590545500727,-0.3909749971260332,-0.4203517662553114,-0.07256410080513842,-0.6335627587822689,-0.4895084268716174,-0.13758564234812432,-0.7780075129410492,-0.5406584781839955,-0.17524273811307226,-0.892572121082273,-0.5771351751862704,-0.2009593669854807,-0.39321332085002375,-0.3014751147263883,-0.11489799690763856,-0.6759329552267846,-0.28836445142576994,-0.18432610164355334,-0.8572431889718377,-0.2736280611390674,-0.22015168118739514,-1.0,-0.25348187232882774,-0.2443972808298755,-0.372631345750692,-0.15086458578713624,-0.14959626181505492,-0.6003096414619318,-0.027603199094030913,-0.21070416419455373,-0.5131826263374877,-0.02595059983468542,-0.182969917222148,-0.4273179704091636,-0.05793179325147037,-0.1488265875306909,-0.3429838498548624,0.010922167147725904,-0.18286706245758463,-0.5251541785291812,0.10588659463439953,-0.22840427017151207,-0.454370424540015,0.0974324863739356,-0.2027925798035004,-0.3792610543878414,0.0554383195701748,-0.17099936704742358,3,Show_Desktop
0.0,0.0,0.0,-0.11007495652096343,-0.2504783637540773,0.034736338245311915,-0.2771994868633096,-0.46780089569045463,0.02334291307076962,-0.413872051376799,-0.6320725699344306,-0.003076874901701435,-0.43655560255991943,-0.8053300546931799,-0.0357226456438566,-0.38487670618121106,-0.4770863161376274,-0.06919969449803087,-0.6333952967502143,-0.5426871674312596,-0.13080288039891755,-0.780916777229851,-0.6004623496760988,-0.16915684375884438,-0.8977891823402203,-0.6404646930323408,-0.19786419072961897,-0.3868882870957925,-0.34974960741063255,-0.11830793251028837,-0.6722807718185165,-0.3406033130185276,-0.18751692626351135,-0.8604073322690448,-0.33138814179398157,-0.22964735359493638,-1.0,-0.3089713489531922,-0.26246735724549425,-0.36975725505494195,-0.18646116496027101,-0.15639258573988274,-0.6219229725422465,-0.09138325951589622,-0.2029471808796315,-0.5341133312953339,-0.08456067903121604,-0.16286944183756671,-0.44572985940205645,-0.10542306843801068,-0.1267105736923555,-0.3430508851402051,-0.018592112942222717,-0.1929853865069116,-0.5455660989431567,0.05158119935236907,-0.22159298858786686,-0.47433664662633895,0.03677122221295859,-0.18443303685482967,-0.3966295126333663,-0.0027384330666436105,-0.14840850212083492,3,Show_Desktop
0.0,0.0,0.0,-0.11246826190659383,-0.2547040119626268,0.024789562259649296,-0.28344919061589463,-0.47561268319444955,0.009440678968020125,-0.41809012782213956,-0.6468012267044904,-0.019000038486425886,-0.44190482084494415,-0.8263381432504491,-0.05399408942334778,-0.38306080667444997,-0.4991259688690701,-0.07957225900930574,-0.6349309706922334,-0.569765723528172,-0.13860267175505644,-0.7813495422020467,-0.6234131371453613,-0.16947034063182065,-0.8992821085802409,-0.6642153624080473,-0.19179220378753217,-0.3801298627442453,-0.373894310058174,-0.12732699275220963,-0.6728405551782853,-0.3597535886207854,-0.19783258183464003,-0.8592732102056997,-0.34825068326804515,-0.23401601546982673,-1.0,-0.33218016866768585,-0.26029856478722774,-0.3587558667384781,-0.2105276803008052,-0.16518930462351103,-0.6136663644787593,-0.10773514623776055,-0.22264482947707256,-0.5291965369934868,-0.09198761587122112,-0.18990288819296353,-0.4407262880062623,-0.10945151222188398,-0.15556799987425451,-0.33067547360427657,-0.0386638555385691,-0.201156864863165,-0.5399634029257588,0.04063722062950982,-0.23832424211744777,-0.4744608287531236,0.03243097905536729,-0.20599899398326293,-0.397766039654636,-0.0031449565284296377,-0.17239947603430483,3,Show_Desktop
0.0,0.0,0.0,-0.1452522479265936,-0.26675978922986987,0.012179849149846414,-0.33180922244045574,-0.5466620617826664,-0.025296506625592782,-0.4690196180047613,-0.7724251695069789,-0.07201877123167699,-0.4712329789622419,-0.9963466781505151,-0.12400768760333522,-0.33904547793494155,-0.6167228837660629,-0.1394454258524209,-0.5949522375423997,-0.7244522241028937,-0.2260712971723409,-0.7487620667910578,-0.8032357689650285,-0.27348725239925487,-0.8804467949291873,-0.8583355684166579,-0.31019842349074195,-0.3017917472150733,-0.4787630665356105,-0.19687598856550717,-0.6271382109136138,-0.5082320358763264,-0.2985464925817924,-0.8371242086886503,-0.5202994554002739,-0.3465798674196723,-1.0,-0.5147880009769265,-0.3861006204342308,-0.27689946147222344,-0.28259607168071754,-0.2430786778783539,-0.6098451440163934,-0.1975384045972006,-0.32066040216118225,-0.5294604608764376,-0.16682439554612835,-0.27478131246630544,-0.4339245233471293,-0.18630578144346482,-0.23424474066966006,-0.2635549021226878,-0.08617527320388736,-0.2883203095620185,-0.5373870622225927,-0.0231554954720467,-0.33939971461152135,-0.4756190922976934,-0.02378270465128736,-0.30035652332635454,-0.3859717855457049,-0.05851319227717637,-0.2639482729005929,3,Show_Desktop
0.0,0.0,0.0,-0.1505721487260297,-0.25738991173548886,0.008231326280011131,-0.33246945866032024,-0.5430305976815462,-0.027336956835143648,-0.45844386361714173,-0.7745057967964519,-0.0721156417574237,-0.45488381125815897,-1.0,-0.12236403224622414,-0.33218044245244815,-0.6139985377083408,-0.13404705163256167,-0.578880115150249,-0.7227094689011483,-0.21968340437226067,-0.7306910211534303,-0.796404222875083,-0.2656827321397067,-0.8631085118888467,-0.8463315181900213,-0.29974942288426815,-0.2930326980900336,-0.47480647854576574,-0.1915482417367404,-0.6111645901985927,-0.5179460683331876,-0.2903056298917706,-0.8193796875070809,-0.5348700142476436,-0.33648200300008546,-0.9859821538092728,-0.5353016036376936,-0.3730458375709964,-0.2660476682232433,-0.2802309502242905,-0.2393105123613133,-0.5881015448975426,-0.18982784135495034,-0.3191138907041516,-0.5165385655111296,-0.15049475185570454,-0.2798987550536612,-0.4248743968454258,-0.16934577800326972,-0.2425463634878222,-0.2517600022852444,-0.08290895322413212,-0.28627768290027605,-0.5252522310538954,-0.016115861485468966,-0.3384550121654534,-0.46515844946979834,-0.012075744854495666,-0.30084484319433735,-0.3733557811414073,-0.045948077800352434,-0.2650983348497581,3,Show_Desktop
0.0,0.0,0.0,-0.1804636700522278,-0.24388733719798886,-0.003197570252672968,-0.3567151786679521,-0.5410277018177823,-0.04229986334995852,-0.47070782211714834,-0.7800861395210356,-0.09214941229933284,-0.4537541714000131,-1.0,-0.14546287573101935,-0.3435370547922142,-0.643188456010449,-0.12543230521730137,-0.5797625735699387,-0.7680488924412371,-0.21307329765162672,-0.7164972113869694,-0.8587147037087579,-0.2615316934193504,-0.8389476286598885,-0.9192591522687277,-0.299426193108323,-0.2786262602811829,-0.5234415844496942,-0.18512771437338038,-0.5740561958249669,-0.5796606700114664,-0.29568666480660344,-0.7676570068000688,-0.6108212274859595,-0.35158370189418203,-0.9246556102782587,-0.6170349077285431,-0.3943394997636001,-0.2329008044178294,-0.33178524844087554,-0.23784950026868734,-0.5488694021716978,-0.22013140242335524,-0.32651631262790537,-0.47654822519445855,-0.16273090017172964,-0.2877545250445438,-0.38394248031489087,-0.17436507437187532,-0.25072526410231694,-0.20423976400908095,-0.12651437549068778,-0.29180887442133707,-0.48395794307224166,-0.03144544437926555,-0.3505660785598621,-0.4179636478992803,-0.02030694237929745,-0.31550053795705385,-0.3198768207507545,-0.05248409861428883,-0.282321763892307,3,Show_Desktop
0.0,0.0,0.0,-0.17285102985774684,-0.23535932652273206,0.0037986771053054812,-0.36562826189933895,-0.5160710767429284,-0.036979637576469965,-0.491334206200712,-0.7345944031222009,-0.08676349926471844,-0.49506252366732856,-0.9540660528648355,-0.14215671431613797,-0.3606313989120365,-0.5979700477002926,-0.1456287667235798,-0.6206203506653867,-0.6969557236391956,-0.2377911780453311,-0.7761817129160618,-0.7748944198436198,-0.2903353692852639,-0.9111193709020298,-0.8312571293096662,-0.32975305751883466,-0.31300237034263073,-0.4637464269029464,-0.20415073419646104,-0.6337820635535018,-0.49290329477159894,-0.305389595123163,-0.8350376138768214,-0.5135151217053798,-0.35238077026628484,-1.0,-0.5187432433124805,-0.39149293745066344,-0.27786270457538076,-0.2694764938305417,-0.2533926489945441,-0.6041187788985941,-0.14610025305701538,-0.3320002601745127,-0.5252530686598226,-0.10794653990061236,-0.28960238076714956,-0.43096056865865806,-0.13152141156721614,-0.252955400194271,-0.2553274486980815,-0.06360660044239565,-0.3028661863012405,-0.5303810480649965,0.02335781926614863,-0.354056405482245,-0.46946175196686274,0.025833427653314218,-0.3146020954783185,-0.3790671125090652,-0.013776539430176898,-0.27941544438725757,3,Show_Desktop
0.0,0.0,0.0,-0.13842962995169147,-0.23092166628056987,0.009797342231836516,-0.3234374798318203,-0.4873527821954347,-0.023583699284382607,-0.45911687772914395,-0.6909964263967023,-0.06767665281112213,-0.4705496455948393,-0.9002677994588304,-0.11674509096011293,-0.3527529834186709,-0.5463438444507699,-0.11974160833299706,-0.616631691504806,-0.6448018123225342,-0.20305783055808765,-0.7686899724206866,-0.7212462615979064,-0.24615925445138814,-0.8942477464288311,-0.7715993986400788,-0.2762071530997323,-0.32930456606455943,-0.4243383874650107,-0.17516090719479274,-0.6435171629652325,-0.46163771620005567,-0.27057973560726006,-0.8431176603394346,-0.47289792936625097,-0.3137040592302022,-1.0,-0.4672758617488124,-0.344084782379321,-0.30352235772219643,-0.24522876065644156,-0.2217698676750111,-0.5873562695213826,-0.11847306754021918,-0.29788379940630316,-0.5099634487479707,-0.08602372604473152,-0.2603867800509648,-0.42030271347926207,-0.11346105551392655,-0.2217083158059063,-0.2813040153387994,-0.05337125913526545,-0.26755581073965956,-0.5234639291610875,0.03877430909619155,-0.3130942583950103,-0.4544843954618567,0.042193473673293264,-0.27273386703551705,-0.3660005194756964,0.006204722790422354,-0.23407374521914562,3,Show_Desktop
0.0,0.0,0.0,-0.11799370760762361,-0.22989778994870214,0.005618765880561449,-0.2887022353971866,-0.4709385141799228,-0.024601259506652103,-0.4182970868757886,-0.6552636247926872,-0.0630935544942271,-0.4366126872703029,-0.844872692008882,-0.10696103406599179,-0.3530076202965469,-0.48191130040939123,-0.12205534418947034,-0.6062320030415066,-0.5692326256687733,-0.19815692610352575,-0.7537203907674845,-0.6365437023731466,-0.23781997730773097,-0.8736683765958267,-0.6894718688184959,-0.26392687634844414,-0.34720693816154147,-0.35038443101234784,-0.16690488052500582,-0.6520207836287598,-0.3733255459008535,-0.2525505119406839,-0.8498227440781535,-0.37952382789039557,-0.2920121873039291,-1.0,-0.37126239055810545,-0.31922975971878614,-0.3279508950955705,-0.17934883105863164,-0.20171284409304577,-0.5937494834397677,-0.09515772305759577,-0.2741012119831107,-0.5234488040597501,-0.0733964041897856,-0.23893213837534386,-0.43716104006303413,-0.08178964014347977,-0.1992136430395384,-0.3070848370975651,0.0018160880273735598,-0.2354398330565642,-0.5289528290970803,0.05437861247789122,-0.28032051453037254,-0.47041638887205284,0.05247127925108409,-0.24264429172899066,-0.39068725928293174,0.03215225165161525,-0.20331273444452713,3,Show_Desktop
0.0,0.0,0.0,-0.11082021943361853,-0.23687861050972445,0.010569589784679848,-0.2741858435306895,-0.47119711208558035,-0.013120277049167902,-0.39972878075106966,-0.6429270099750939,-0.047094555515659435,-0.43647143842943376,-0.8103006470951505,-0.08676585058650055,-0.3741862510888775,-0.446232028024559,-0.09379286429396945,-0.6226598920485612,-0.5249591851925101,-0.15793946640627918,-0.7655309163988759,-0.5796564970888548,-0.1922437463464153,-0.8836151097693629,-0.6213675035838307,-0.21404147317989627,-0.3810353736911751,-0.3146735319485936,-0.13695760671397703,-0.669810942336737,-0.3399020273016795,-0.20861385723012804,-0.8557426342973944,-0.3389322533184353,-0.2436849632636838,-1.0,-0.3234767888104256,-0.2661883422428192,-0.3632746313689815,-0.15213761052066416,-0.17104191248472211,-0.6092767536746198,-0.0833797556409807,-0.23677433155063737,-0.5287868000912073,-0.07060752554049188,-0.20543415259827214,-0.43963130141266105,-0.07800384863632102,-0.16677736571409524,-0.33503063443296105,0.01878800346038352,-0.20363317441571996,-0.5334584894477823,0.05654805507870056,-0.24332188790681833,-0.4696142847857885,0.05320951000566077,-0.20463645129080402,-0.39124277576298644,0.03656740765750354,-0.16338188315340285,3,Show_Desktop
0.0,0.0,0.0,-0.10813325564054707,-0.2404136147260656,0.0014901214527773664,-0.2740390761741852,-0.459489607853831,-0.022883751996704234,-0.40082213334705247,-0.6390152549741673,-0.05607007493001614,-0.4327096639860595,-0.8131645995572041,-0.0952962839246416,-0.3858597215380434,-0.4254324789261261,-0.08949488276070709,-0.6340965641255841,-0.5068310550637687,-0.14838305554649028,-0.7777336419553411,-0.5637822373358587,-0.17991430871361583,-0.8991830113344178,-0.6062567717145855,-0.20029457519486787,-0.4004500823480238,-0.2896338642806532,-0.12688593226247893,-0.6788475648544507,-0.31010130606460795,-0.19200410316703095,-0.8583927529323029,-0.31017107942703703,-0.22083058973157385,-1.0,-0.29859731253321686,-0.23850657261413666,-0.3866296573443419,-0.12512748542763452,-0.15722500761969757,-0.6121521792362864,-0.06374657784841473,-0.2248646520493434,-0.5278549173329177,-0.05559126411006174,-0.19869494910060184,-0.43660394497707966,-0.06378256853852847,-0.16231450244509746,-0.35546083649871085,0.04885371860005489,-0.18662947044319148,-0.530835741360744,0.07972534025002269,-0.2294115817012339,-0.4621646214165803,0.07534882817183412,-0.19511471724106888,-0.3825039760880504,0.05885846804633923,-0.1565541428119905,3,Show_Desktop
0.0,0.0,0.0,-0.10129686208036123,-0.23569290740048027,-0.0017908655158363782,-0.2592398698912454,-0.45829487789071877,-0.027701001139761663,-0.3788014177993509,-0.6326484817457666,-0.06122730909646888,-0.4112596646403706,-0.8006645545269636,-0.10144025810221685,-0.38280916063129344,-0.4233249253982946,-0.09653022549051889,-0.6280171491629353,-0.5025308314426229,-0.15651539938843964,-0.7706346159919192,-0.5494386135491552,-0.18959813945159035,-0.8915883435863883,-0.5874242140522971,-0.21137040643162347,-0.4008965993008856,-0.27933929731843066,-0.1325776647361087,-0.6835455480717867,-0.29197744224122246,-0.1959637615312933,-0.8605027058546716,-0.2876930426153763,-0.22383573815512858,-1.0,-0.27769025380814516,-0.24229100081673594,-0.3873439746863481,-0.11406977711336658,-0.1616365384805339,-0.6165036452423704,-0.046507474848472584,-0.22722105879901836,-0.5360358817634692,-0.0432736593821124,-0.20079590102236045,-0.444424453791866,-0.05644087706430669,-0.16643816844273154,-0.35570746968895683,0.05962932437475342,-0.19005972985898303,-0.5376604620524287,0.095964769403004,-0.232572861049012,-0.4715236984120701,0.08865760519296366,-0.19776172490140004,-0.39212898077769026,0.06450150849118412,-0.16008437488652197,3,Show_Desktop
0.0,0.0,0.0,-0.08329085958144049,-0.2660779659157934,-0.0008768365421394195,-0.23604482631649046,-0.49851515344832026,-0.019822457041544565,-0.34760384244756254,-0.6691741289523253,-0.04080060649263148,-0.3811069588681724,-0.8160406404974633,-0.06619666093849731,-0.36835677503908815,-0.440681460291239,-0.10580761759960154,-0.6253785983773795,-0.5326434566359222,-0.15527293937604522,-0.7731791967032758,-0.5749567148259696,-0.17805786886066347,-0.8964999166193803,-0.603557498491874,-0.19085780126080537,-0.4022697435794125,-0.2764668553642838,-0.1281659279053342,-0.6815339347929978,-0.3196573448253092,-0.18220727182185062,-0.856019465177679,-0.3296388444005717,-0.20215628093552024,-1.0,-0.3274691575647487,-0.21290124480205305,-0.40804057782209824,-0.10482320510625154,-0.14005716544161037,-0.6336228711360917,-0.09188096605121697,-0.1933913409751624,-0.5533431151671026,-0.10653110880555304,-0.16786489588829545,-0.46387626987564534,-0.11516755027739445,-0.13385206646489764,-0.3904420068204228,0.060586037047856,-0.15011008415501942,-0.5308818311950961,0.04004866294419766,-0.18612963047491227,-0.4662467417204164,0.01640415761511282,-0.1551423144019268,-0.3923997166178135,-0.0024472491670332057,-0.1180131902789622,3,Show_Desktop
0.0,0.0,0.0,-0.08269921811598868,-0.2713648922019243,0.010988875739270904,-0.22480389427745776,-0.5024144284485001,-0.0034157784312144716,-0.3395993014456195,-0.6778817861738098,-0.024583150206427467,-0.3753965864773872,-0.8365394990610682,-0.049846124642411,-0.3838932165690861,-0.42887806943652307,-0.07569276494062951,-0.6276754569301872,-0.5317142237967301,-0.11776341842537676,-0.7665834125977355,-0.5892032816822611,-0.13813085143297799,-0.8743368312434431,-0.6331125113229463,-0.1478865925861186,-0.4312455739634347,-0.2640195983312312,-0.09829694738083665,-0.7048596408030474,-0.30307820925620826,-0.13630875248742877,-0.8752747429611851,-0.32186251245637437,-0.15341072258941008,-1.0,-0.3266233636699131,-0.16357308105824853,-0.44063443862215046,-0.09251447841000898,-0.11061976849007282,-0.6259657940479613,-0.07059193960369915,-0.13668131028999284,-0.5567691043832836,-0.0827547560908157,-0.1074151706711511,-0.4708563910381204,-0.09241745696827036,-0.07629329054522271,-0.41868991131152133,0.06584491621246426,-0.12219546215937842,-0.5394048731966026,0.061910787424207664,-0.12480814134302005,-0.4790268205348148,0.04837017579015804,-0.08297316297109425,-0.4047616672817403,0.03335248071132131,-0.04266179526572389,3,Show_Desktop
0.0,0.0,0.0,-0.04656918383505063,-0.30981086392019064,-0.017971697457576475,-0.1619605117740333,-0.5605940060648531,-0.038889780792253865,-0.2764900403192124,-0.7576321604275681,-0.06103436166285902,-0.33577040412373416,-0.9189701545389265,-0.08324068877494759,-0.40480246137610104,-0.4949480019614362,-0.05813364992007195,-0.6477656165633029,-0.6207136613739827,-0.08351877254233012,-0.7889814373706548,-0.6863531658730329,-0.10073947431183537,-0.8999279988271826,-0.7374075581732645,-0.10972122793638789,-0.4704042922424333,-0.3126925959155042,-0.06096971166294327,-0.7138935542942043,-0.3850122493469703,-0.07359981207701621,-0.8802668159810346,-0.4259626455700743,-0.08591664510145786,-1.0,-0.4441042449879023,-0.09679748683151773,-0.4913056958921778,-0.12614552517886551,-0.058927681158855626,-0.6490575934757453,-0.16580731465475426,-0.06418078703692931,-0.584096334728662,-0.18078793981558938,-0.04774810211536147,-0.4935628640530714,-0.1721769269340957,-0.031195580738283074,-0.4809832408905036,0.03796250402313474,-0.059730709535165384,-0.5677429690529764,-0.004984955823152024,-0.052225900730656874,-0.5111197398039864,-0.017861634977885697,-0.024183271179700094,-0.4370852740871125,-0.021498765436259462,0.0037227886316452776,3,Show_Desktop
0.0,0.0,0.0,-0.039272205133260386,-0.30267429820785413,-0.017205634168551386,-0.1608148871549221,-0.5424910277622362,-0.031883485917877645,-0.29171138787466566,-0.7099207206758975,-0.04908046749934666,-0.3559581087488807,-0.8594102392027126,-0.06568170839008268,-0.40897071492748105,-0.46612741211171016,-0.05677027509769544,-0.646989451394145,-0.5737545087870562,-0.08467113589545941,-0.7805512644249508,-0.6369777906527841,-0.09850004453678832,-0.8832480913106611,-0.6817826577771774,-0.10120044892539337,-0.468573133749552,-0.28635879256051444,-0.060180178811428245,-0.7177133415225504,-0.356485521604572,-0.0748608658989038,-0.8850753786544149,-0.39841652921421994,-0.0842699673336365,-1.0,-0.4118084216103727,-0.08725223448585932,-0.48218519805416393,-0.10238737724457066,-0.05954818357267483,-0.5875390837105453,-0.12374986471749817,-0.06465678723173665,-0.5141499975181255,-0.138490455361773,-0.04932439013275148,-0.4256151997199841,-0.13425580790593847,-0.02888670968100615,-0.46666133480207606,0.06686739431893703,-0.06233741160392994,-0.503191969560943,0.03615678425326791,-0.044297875053010076,-0.4426133080317759,0.020169327774709502,-0.014630509586590299,-0.37640468573249997,0.014444858154771086,0.014963079872604023,3,Show_Desktop
0.0,0.0,0.0,-0.04368691119211279,-0.3199968701942342,-0.027488741935967877,-0.17093834786315204,-0.5578649195978433,-0.03920256272249322,-0.3012913611387058,-0.7309361504396429,-0.04878008901865976,-0.385830319782516,-0.8730633009072806,-0.055568224975688654,-0.42755594849923356,-0.46912110439038424,-0.05056359220135128,-0.6686794878597622,-0.581807933706216,-0.06418798400055738,-0.8029562374205996,-0.6323746780440729,-0.06882249337714856,-0.9078753620448502,-0.6677663154888722,-0.0658317762615738,-0.48559850097296897,-0.2773520953007114,-0.044562951744933764,-0.7310259917952704,-0.3535197605886003,-0.05303946388212608,-0.8918655621919463,-0.39281592443299507,-0.060343704458535104,-1.0,-0.4071743769174014,-0.061361121938898554,-0.4964442384457516,-0.0889675400956582,-0.03486410081821491,-0.6096818292402807,-0.1399016149305791,-0.04402350462535656,-0.5353638182505862,-0.14976097162664745,-0.03289920916841253,-0.446087748649422,-0.13535004335694625,-0.01292517505522812,-0.4787424459174366,0.07728254145850588,-0.027940390214440003,-0.5295476739581068,0.02341731918782946,-0.016103453021629795,-0.46604143174089235,0.012436761114880856,0.012775072314510992,-0.3953925089176623,0.014109426771154388,0.04381447735389653,3,Show_Desktop
0.0,0.0,0.0,-0.0475579040364246,-0.30999123188361,-0.039519415108554556,-0.17689316137078426,-0.5468108586536946,-0.06328083410169205,-0.3046508109603671,-0.7353147464507325,-0.08594096770319731,-0.36302136436650095,-0.9235827804318785,-0.10621055899606231,-0.43727122500629,-0.46259891542237835,-0.04820012517667805,-0.6758034164276732,-0.570081068625412,-0.06495756722773376,-0.807223798793133,-0.6261832495500173,-0.07508688061435076,-0.9145544316663725,-0.6692082578696381,-0.07699165241995169,-0.49290613076449413,-0.2698802196216611,-0.04016712369308523,-0.7262404400178372,-0.340955968472107,-0.046855524409418293,-0.8861867698606818,-0.3786809146322331,-0.05699271489940051,-1.0,-0.3879086076961363,-0.06115259824157739,-0.5017447000253233,-0.07711253341408196,-0.031388013622488886,-0.5973724578498787,-0.12502375159904106,-0.041703392136952774,-0.5212688935294987,-0.136126377519842,-0.03764525501700315,-0.4342389521091945,-0.12139472888883808,-0.0229875002496825,-0.4863295185747711,0.09105916909703798,-0.026900095035913445,-0.5257384516488596,0.024433382203208242,-0.017483841759825793,-0.45764516878186634,0.0167775813366146,0.005409509780490923,-0.38549116440515674,0.02460671492843843,0.03183826915923774,3,Show_Desktop
0.0,0.0,0.0,-0.0495319786873679,-0.3117074419364604,-0.04329858080038125,-0.17049612986121948,-0.5514789070160688,-0.06483243294222012,-0.2998019843727836,-0.7257404503463383,-0.08473109430295711,-0.38471312941459007,-0.8788747505899106,-0.10141523142024281,-0.4418889100478322,-0.450760885531568,-0.04405627100686886,-0.679528859843847,-0.5504167586164068,-0.061504640082011446,-0.8111548268629362,-0.5956839880498566,-0.06999409318901895,-0.9154166085177656,-0.6295533454008058,-0.06964431895570791,-0.4912390516790767,-0.2652634849879589,-0.0367971362155392,-0.731340390031892,-0.3188030973943105,-0.04847280894389938,-0.8914296998691735,-0.3465317016350669,-0.061416671966171045,-1.0,-0.3569822335915259,-0.06583924679034366,-0.49256519036059654,-0.07926629034302009,-0.029915752654961103,-0.5951792670465652,-0.08522257107743554,-0.04894135875270122,-0.5195540718323973,-0.0937577985410412,-0.048297989858593626,-0.4304772884714848,-0.0950894370200997,-0.033925504297280855,-0.468767222673282,0.08667291352003771,-0.027240409083754653,-0.5073457816667457,0.06862670284616815,-0.026968084961550984,-0.43989672296855237,0.0633640840763216,-0.007943452786291686,-0.37053625546742897,0.056105267958156624,0.017039218196684837,3,Show_Desktop
0.0,0.0,0.0,-0.04605663176991966,-0.2978787040295579,-0.023753320634509568,-0.1722026187335624,-0.5214036963508408,-0.04080427015377262,-0.30034563181737994,-0.7037282298295996,-0.06164746772828304,-0.3760446861038951,-0.8557518292360774,-0.08099165043966268,-0.43362913184379653,-0.4436928405701324,-0.04256623700343006,-0.6739258526957894,-0.5273751861473257,-0.06430818238178261,-0.8059601620097374,-0.5713059550130157,-0.07364577801874898,-0.9137045959472492,-0.6035182851969557,-0.07378755025098563,-0.48843983691568993,-0.2627039113549197,-0.04645469988769053,-0.7283554202787978,-0.30417055079907906,-0.062102608013743274,-0.8887944906659933,-0.3214628873946359,-0.07471731444720976,-1.0,-0.3238394839185725,-0.07829804099040803,-0.49386016048742615,-0.07723781994281483,-0.04811012593671969,-0.5697337208958713,-0.0630214475747343,-0.061926387892459835,-0.4930648647874182,-0.061269446407032004,-0.05565007555381364,-0.40473432086560407,-0.0628266812808548,-0.039018608137542994,-0.4691725253263343,0.08880604232204405,-0.053577525025392536,-0.4807142191931213,0.08823092208184125,-0.04422568570400308,-0.41014042873658013,0.0852933090838104,-0.02039920054664982,-0.33991464311203407,0.07257439848556893,0.0066244692562299,3,Show_Desktop
0.0,0.0,0.0,-0.03632282917051799,-0.3149792486388775,-0.007358776346144418,-0.16879435797761475,-0.5387102745026022,-0.010601202854827794,-0.2976181336938004,-0.7153057378828352,-0.017189236069500284,-0.3588129576363062,-0.8765265682220429,-0.022052001839619428,-0.4382909467810328,-0.4591959054599195,-0.02094578379734029,-0.6894425361786752,-0.5424498490611981,-0.026743995298211577,-0.8127333129737632,-0.5790670880768372,-0.022637316477791995,-0.9009459645191388,-0.6019933975715547,-0.011106878351368362,-0.4958111104557047,-0.2696636108908397,-0.022794451775852907,-0.7519007770246415,-0.32511447899598456,-0.01877985412386731,-0.9021448158209551,-0.35445248398863155,-0.017839753756610496,-1.0,-0.360120774287432,-0.012064434967584556,-0.506190481310118,-0.07856268021052687,-0.02134105923413879,-0.5962530448550776,-0.08989623883577352,-0.0223574535068038,-0.5237782441817589,-0.0965596878767477,-0.013448583661990799,-0.4354321609339754,-0.08852589060285733,0.0051513855807232695,-0.48789389157686225,0.09610708940185578,-0.020890694548907723,-0.5259659197067758,0.0566052615444429,-0.001207250715932424,-0.4588986479870032,0.05005409039939723,0.029182884303213516,-0.38651828394975274,0.055482250125746015,0.06088903868067123,3,Show_Desktop
0.0,0.0,0.0,-0.020385545926394792,-0.29297525807523367,-0.009183114410558945,-0.12793587904682077,-0.5140469524150646,-0.020731671559157925,-0.26311414136533623,-0.6627827658813826,-0.03755298841080442,-0.3313397394223673,-0.809457800000778,-0.053687690661960046,-0.39168101850940906,-0.47554930295627007,-0.03370752309791207,-0.6369549741249623,-0.5655012615169697,-0.06266747521264368,-0.7803728019297987,-0.598623925754211,-0.07519807582958075,-0.8855935387869602,-0.620785309606557,-0.07639395309819566,-0.4612448940713072,-0.29663585890246585,-0.04192494558006081,-0.7209787529206637,-0.3392681470728471,-0.060109302820377776,-0.8843405632943468,-0.35268283285445623,-0.0706819671393692,-1.0,-0.3548135226410315,-0.07169819149189281,-0.4815550607575281,-0.11114045971413734,-0.04641841442275381,-0.6023564666790213,-0.09104662073513195,-0.06052281743298458,-0.5322156608518283,-0.09272086300603953,-0.04524014866509575,-0.4404425353381768,-0.09236093700060197,-0.021402767733427513,-0.46803618586908174,0.06768706215415828,-0.05291718529574182,-0.5034337583643753,0.08134688550964626,-0.04510808699890108,-0.4430687435554837,0.06944857971585804,-0.016340647586022477,-0.3764708183958497,0.05609049883861282,0.016472551958838007,3,Show_Desktop
0.0,0.0,0.0,-0.02538971088574183,-0.2721268863894182,-0.026200736856285562,-0.14514255353737918,-0.4960477141053527,-0.047885894236066144,-0.27857751250064566,-0.6648854229535133,-0.06797761725561302,-0.34327105129753804,-0.8292602207215658,-0.08889767366700585,-0.4022463594895224,-0.4445603267822295,-0.06280523820960443,-0.6307418499546844,-0.5538037048110128,-0.09718803049863863,-0.7759935276832196,-0.6144859233147636,-0.11725097005613556,-0.8870392437872445,-0.6574583813080994,-0.12339525739354779,-0.4702155806536226,-0.2788738025688461,-0.05782698506205353,-0.723389126802981,-0.34557417549182473,-0.0762200016504959,-0.8857124233195713,-0.36947282058529474,-0.08219774462009162,-1.0,-0.3686027340529418,-0.08018780084588388,-0.4943059198308396,-0.10755195306586428,-0.049415837617829306,-0.6528276470610597,-0.06539535493202212,-0.06520506896648132,-0.6122025890608812,-0.04446139944172243,-0.049558193116044966,-0.540657594003894,-0.023966847712942555,-0.024779456459440234,-0.4894213823933037,0.05930474920555129,-0.043412833124730175,-0.5801766514928882,0.07882299720771767,-0.040745024073504645,-0.5305575128092346,0.0744781549245981,-0.009091229276962003,-0.46447839866510704,0.06191187819056885,0.02719171000269311,3,Show_Desktop
0.0,0.0,0.0,-0.05150401693965249,-0.2637571735797604,0.006069537068540829,-0.19129601238849012,-0.477580755084833,0.00602286340621221,-0.3187549496761758,-0.647528066016589,-0.006210258760491558,-0.35946143989696283,-0.8119845214543755,-0.01959503942965686,-0.4096989139311769,-0.45358203068236075,0.0029546609317026283,-0.6265029016751935,-0.5518792316556664,-0.024215826462951808,-0.755584603961861,-0.61769209160451,-0.03767981006006175,-0.8580015476778869,-0.664008582898601,-0.03977762871872325,-0.4688193037481278,-0.3195385057753031,-0.019050324874969812,-0.7164269510613122,-0.3646123053642675,-0.04943906948802163,-0.8792446854887972,-0.3931764366041721,-0.07214842464100721,-1.0,-0.40817630188905923,-0.07743784929484457,-0.4909305258703811,-0.15811402375491213,-0.03895140478223281,-0.58179940301329,-0.08513752204579696,-0.07887285510526199,-0.5043424091567408,-0.05711744110189012,-0.08192678874238894,-0.424588356992399,-0.05353446078840585,-0.061885707258296584,-0.49375727958509513,0.016991550933134043,-0.05850859537805788,-0.5449829773099998,0.05901007801550946,-0.07060021534716615,-0.47061233981600126,0.07600184979309084,-0.04808578992589433,-0.4001585442287383,0.07163023395819061,-0.016281284025593232,3,Show_Desktop
0.0,0.0,0.0,-0.07183692076205521,-0.25301258713359104,0.0173482612725551,-0.2160225579538818,-0.4393332549755523,0.018151836453591592,-0.33629464804636255,-0.6007962960749297,0.005426420721705669,-0.3706272558400121,-0.7632408468114216,-0.009986079463551165,-0.4179273011075871,-0.42090276926242415,-1.2706861646020329e-06,-0.6467628707658604,-0.48633602387557623,-0.03268059180319785,-0.7833596307888095,-0.5392614943211073,-0.049030988093258024,-0.8889941592441781,-0.5763911828132287,-0.05429669047601789,-0.4637727692142844,-0.28791086382313746,-0.030800275506768095,-0.7238072664707794,-0.30086164170441265,-0.06748349164870177,-0.8805272999067982,-0.30531397192977633,-0.08792961228135304,-1.0,-0.3145961776944606,-0.09260519727510597,-0.4732883174552451,-0.13624755765233237,-0.058597363642558055,-0.5977207621850181,-0.043145532305627586,-0.10457693335665186,-0.5203404160581814,-0.013181199519879195,-0.10181879716047931,-0.4450857906818463,-0.02667157511634535,-0.07962843610870297,-0.4604212702539133,0.029952865793404716,-0.0849371667575449,-0.5482484791225284,0.09904603818930349,-0.1035304080365321,-0.47671597455344583,0.11630061629133993,-0.07691333493981078,-0.41018307864620474,0.09618945894565224,-0.04364120419900576,3,Show_Desktop
0.0,0.0,0.0,-0.06160126869605561,-0.23861751596540465,-0.020890673581480897,-0.19859439031028397,-0.42825431790680674,-0.038923562439759765,-0.32230156807684013,-0.5992506888640436,-0.0616956845234855,-0.37110346291719165,-0.7577260585447134,-0.08430502419512559,-0.4106379122167426,-0.41386175713960255,-0.05381956835864148,-0.6555439212840836,-0.4856155875340968,-0.09671738838317508,-0.7956563456697876,-0.5300882400057204,-0.11964890468227206,-0.907053768256768,-0.561648329293365,-0.1283158010164788,-0.45748986866822944,-0.2558689664461821,-0.06595830621448528,-0.709186239680897,-0.27757692800172057,-0.10843863665858988,-0.8736865852908196,-0.28490297146930504,-0.13097708056585003,-1.0,-0.2883912204547861,-0.13828599597151625,-0.46815250294198024,-0.09033151391558027,-0.07666597786787539,-0.5786122057119037,-0.026197509280471737,-0.12656192073442563,-0.5104979498984789,-0.008287764743575175,-0.12530601529463076,-0.43258322769180796,-0.012424108550893901,-0.1035411057047453,-0.4585819627650346,0.06917708254229218,-0.08912727343669612,-0.5339339056360193,0.10115966402391942,-0.10900680745363682,-0.47222221914274326,0.11470247336974386,-0.08626834215015694,-0.4051104815424346,0.09817550110667235,-0.05515813817655744,3,Show_Desktop
0.0,0.0,0.0,-0.07251163466598698,-0.24699116902263304,0.026258292971488555,-0.22361995349800953,-0.4227173729676008,0.03232310579398609,-0.3407918815886224,-0.5787189673477545,0.02653655131688594,-0.3751121979708556,-0.7237653868228469,0.01883614542726032,-0.389194934290267,-0.4248719407429683,-0.010783478704093592,-0.6078424204139338,-0.49266530119023827,-0.041457532045174966,-0.7039419880334389,-0.5225418215357759,-0.05208922452807136,-0.7672235918753542,-0.5425058402539272,-0.04962210833223124,-0.4416371139427123,-0.2758375079994059,-0.04005680154928515,-0.711594944008743,-0.3162832147251413,-0.07300216990473565,-0.877232842764228,-0.32450048409012144,-0.08358233684477266,-1.0,-0.32106211481370783,-0.078752272934333,-0.45501869889777813,-0.11686169325189373,-0.06441067331903795,-0.5796803859151779,-0.03193802912975632,-0.09550027692211706,-0.5174756075422707,-0.01433245989295007,-0.0844809878675964,-0.44282063635846874,-0.021889033341707116,-0.05739820702427107,-0.4378968759684094,0.04237851446677657,-0.08659768596268344,-0.5101884696701036,0.0926370167579531,-0.0833125431285925,-0.4556076522912682,0.1054152081312471,-0.048404974515923266,-0.39391022878759263,0.09151985044549127,-0.011768292740254574,3,Show_Desktop
0.0,0.0,0.0,-0.06835768396453586,-0.27692134328017826,-0.03457411159223486,-0.20992945002139707,-0.5144675079719195,-0.05923346253310247,-0.314903632673266,-0.6948194932045842,-0.08918918685426519,-0.3519939524756885,-0.8723363325011504,-0.11884848371553568,-0.40974324851863825,-0.46655523195368037,-0.044790487414077054,-0.6471010652926034,-0.5456946268524567,-0.0934672267480713,-0.7872089763076028,-0.5895051037724586,-0.12273245522724235,-0.9032386719593684,-0.6221067331697586,-0.1350100413554987,-0.4633722326338256,-0.2871251319709858,-0.05619044971766331,-0.717262408626442,-0.32914227914395605,-0.10271255728927643,-0.8779972338076464,-0.3519565243638227,-0.13216345066745194,-1.0,-0.3635884839468279,-0.14164803940762707,-0.47219533986469536,-0.1096506843710132,-0.06865653049128494,-0.5713542134797546,-0.07436764601323533,-0.1258560340657367,-0.49630051956658516,-0.05431020258133236,-0.12971529665144238,-0.41393130667038713,-0.04922641861263782,-0.10686571942812534,-0.45292656980074564,0.05504293500789478,-0.08412539137542012,-0.5129738714216914,0.05373469505479395,-0.10658391861275593,-0.44220214131728175,0.07407358715585254,-0.08112407434858054,-0.3675177649380424,0.07894729075471976,-0.04544936136451365,3,Show_Desktop
0.0,0.0,0.0,-0.04031401261016925,-0.2905797858436678,-0.049927483451845826,-0.1854812535895227,-0.5276993456834034,-0.07214321049060443,-0.3283907270666639,-0.6938556957874639,-0.09201759369348657,-0.3958299915384605,-0.8617851149786452,-0.11018598719401043,-0.418026972790507,-0.4181286136935904,-0.06445235753498481,-0.6638575782452749,-0.5144925942323778,-0.09742403780553345,-0.8058310099172763,-0.5606236444186242,-0.11101854142268237,-0.9161578766873917,-0.5906468438890935,-0.11134405659202905,-0.4699466956496446,-0.24022078925474435,-0.05487975260798799,-0.7201332835284153,-0.28358993831224494,-0.08045005623523534,-0.8847447969608057,-0.3132856282061123,-0.09405898852709522,-1.0,-0.32409423214795396,-0.09391507932209978,-0.4777731765060598,-0.06257428961839948,-0.04593421640659087,-0.5623223869538779,-0.06780787689421906,-0.07745764923091646,-0.48568619658099177,-0.07645707126202611,-0.07786866948168453,-0.3998902435829495,-0.0788743913446599,-0.05855794844781532,-0.4585525403036056,0.09621217577914351,-0.04143209235465657,-0.47854953441178183,0.07582411370018914,-0.046583145641344526,-0.40988466974815446,0.067517136636562,-0.027756294071402943,-0.3420387103450282,0.057264799962757934,-2.968341365564682e-05,3,Show_Desktop
0.0,0.0,0.0,-0.05357683975280543,-0.3086770463172162,-0.036028810180182655,-0.18858413635716503,-0.5453934402490531,-0.057194910405576144,-0.3198524396721249,-0.7253064499327504,-0.07525098372300545,-0.3974683160211975,-0.8784968060338644,-0.09128861260902468,-0.42219928717736077,-0.4284773606137248,-0.06897147524714575,-0.6725349255594639,-0.5206298230026519,-0.09140566780706115,-0.814322042978781,-0.5634856054447718,-0.10359490174962109,-0.9262194296795766,-0.5920489024885668,-0.10746771353028109,-0.469297029436072,-0.2315171315438309,-0.06402833142730123,-0.7184649943831115,-0.2955600910893648,-0.07711508732842069,-0.8838514421376498,-0.3315585690500706,-0.08770530628886353,-1.0,-0.34740750082529587,-0.09400014301845135,-0.4709911041436016,-0.04432688841715364,-0.055827237336257114,-0.6045165933574553,-0.10224918015643301,-0.07112758610757884,-0.529076897255981,-0.11805286797257349,-0.05882688896454521,-0.43828216002246484,-0.10816259270101153,-0.04008232264211643,-0.4474714248501226,0.1131537870616094,-0.05127668899708293,-0.5078691300873547,0.04809947602347864,-0.051129553000650425,-0.4414778194199806,0.03205493862873688,-0.0258107363293081,-0.36902341185237303,0.03231312720962217,0.0024996961195475997,3,Show_Desktop
0.0,0.0,0.0,-0.061943268037925055,-0.29394819230025165,-0.04030966118946824,-0.2126748683336054,-0.5241743016664173,-0.06445493428133998,-0.3605439202834232,-0.6903676204082544,-0.08654276328354983,-0.4338618439057508,-0.8602870249190508,-0.10643462323673779,-0.43608185302643865,-0.39903477399291065,-0.06087669871330443,-0.6826768029034324,-0.479313405526078,-0.08443325326182302,-0.8247029726730982,-0.5164055398485955,-0.09587467289649014,-0.9346900189432756,-0.5419308985562119,-0.09861817400529144,-0.47980901370496326,-0.20658050544547313,-0.05518697276310242,-0.7235952944095745,-0.2536751813141144,-0.07354434583386368,-0.8873081657430333,-0.2799158094463427,-0.08550934937210768,-1.0,-0.2877720079377526,-0.08984267047232843,-0.4837301607992514,-0.021374389530915614,-0.04790865514631062,-0.6112959893172172,-0.07924463270513961,-0.07061479111515108,-0.5384026817121919,-0.09257190697112277,-0.0619982470202617,-0.44822565720893315,-0.08008477346481456,-0.04182533046974275,-0.4656684714184354,0.1349845762509962,-0.04414723623760854,-0.5369209375938792,0.0633017451638094,-0.04679888037462529,-0.47670006506946333,0.03993716859461858,-0.02257274256480166,-0.40606647406533336,0.0382135698241333,0.007017996877888481,3,Show_Desktop
0.0,0.0,0.0,-0.06970648659760093,-0.2847944784625723,-0.036937732061128506,-0.21747716928499952,-0.5052606544763266,-0.06212560011500964,-0.3693097037896702,-0.6619442344420013,-0.08678193034876397,-0.44772984688747847,-0.8222180989901403,-0.10861313285048017,-0.4396323487485296,-0.3906483516150684,-0.06193320700413155,-0.6830324156713078,-0.4684523363516182,-0.09315434309927831,-0.8268235502336305,-0.5034763104295107,-0.11116951845157433,-0.9391586086962477,-0.527760508634184,-0.11801685642753822,-0.4826784966262729,-0.19897898648468026,-0.059144498655890276,-0.7184241884888871,-0.24354255107470846,-0.08466555674688972,-0.8825643512816397,-0.27020183630730593,-0.10216026824084395,-1.0,-0.28064057819594784,-0.11002071528552906,-0.4828222976372783,-0.015324552429229688,-0.054066027517424786,-0.5995713360338601,-0.07403645092257172,-0.080937685082181,-0.5283474327239743,-0.09358522389303839,-0.07064807748379878,-0.4409600060680866,-0.08603830453340588,-0.04870324238945176,-0.4583217394865593,0.1397424513358021,-0.05271641980315897,-0.5124945564337982,0.05473156025282114,-0.05889091274986424,-0.45187834803189486,0.029023047272475393,-0.03402955167329507,-0.38222229713687184,0.023784581871564892,-0.0028307571725940416,3,Show_Desktop
0.0,0.0,0.0,-0.06670616402771355,-0.2750342422916566,-0.040083233250411784,-0.1999200969943079,-0.4896691823527244,-0.06888676732350318,-0.34219947880092033,-0.6401515328453515,-0.09406738113896383,-0.4291688011331227,-0.7775984566445098,-0.11665804860284398,-0.41808332957044414,-0.37667299351070294,-0.08138251947574604,-0.6624275773585141,-0.4369575924983041,-0.11700505348577661,-0.8010748628102502,-0.4676235823639352,-0.1366929276661804,-0.912999666270655,-0.4907679459970904,-0.14452959855247316,-0.4646717904241996,-0.19074266976209717,-0.07754301818312873,-0.7115428831827918,-0.2193471153691446,-0.10817911578676519,-0.8778038065906096,-0.23448664589551832,-0.12781900502028282,-1.0,-0.23694783493736216,-0.13692415071935238,-0.4690124777405641,-0.009228420868516347,-0.06954344825541253,-0.5951629486726343,-0.04011162026894537,-0.09818358454206891,-0.5217466449301426,-0.056634336960758515,-0.08468447096198348,-0.4351821575731908,-0.04962472316813471,-0.06080852138392013,-0.44858375231158176,0.14633538709230393,-0.06527429638209059,-0.5055589551313092,0.09311204430763098,-0.074057025732782,-0.44379073976325456,0.07001672798878503,-0.04705272442604736,-0.3763700160532638,0.06520412246569413,-0.014029285494689727,3,Show_Desktop
0.0,0.0,0.0,-0.08305581224038323,-0.25908366018153145,-0.04808207030921882,-0.2399229342558849,-0.48338843985614705,-0.07859840178249052,-0.38049312480219444,-0.6533774698671684,-0.10795809201853322,-0.4538449035222119,-0.8139098074729089,-0.13689059605354176,-0.41513409467699597,-0.3837777070477978,-0.080597488557528,-0.6571795697778408,-0.4474657349809228,-0.12535081165853387,-0.8017578923047535,-0.47112760736086134,-0.15082019530577107,-0.9187952691649915,-0.4904027670389227,-0.16326244442676718,-0.4499462020245794,-0.20200533605100665,-0.08373198875592688,-0.6961590157055194,-0.21568863653595177,-0.13076927228594643,-0.8670154073758198,-0.2173941099716058,-0.15928348214846813,-1.0,-0.2188124727145418,-0.17316702566401926,-0.4484364975420477,-0.023059427423279034,-0.08632051519429308,-0.5820722849277278,-0.02284826379494395,-0.14542474651057757,-0.5099813301076357,-0.025881014811858467,-0.1463884371427766,-0.42589971934224197,-0.028933522328629363,-0.12634758480632033,-0.42463774084167566,0.1374416076761956,-0.09222618521994959,-0.5044592601088173,0.10101447060983312,-0.12543482489128355,-0.4410281949627853,0.09373612474715849,-0.10734847891622779,-0.3720074515359588,0.08288801028056411,-0.07865150539391455,3,Show_Desktop
0.0,0.0,0.0,-0.08491837079206396,-0.2595587977674462,-0.04355089006707851,-0.24699590500286128,-0.48289699017179455,-0.08146576964050657,-0.377743313645779,-0.6593136500258525,-0.11578827826951597,-0.43644287335661297,-0.8183324114192769,-0.15162228191488095,-0.38653290596158113,-0.38243286572295226,-0.12830798949099725,-0.6436367757710368,-0.4400205546135871,-0.18326720308857486,-0.7909308606925928,-0.4737814543450818,-0.21166368775595854,-0.9139318024251472,-0.5028684621518005,-0.22820576884157337,-0.42356996265982644,-0.18842720046375286,-0.13682787549570485,-0.6933394452165401,-0.20515489748704985,-0.191540441693027,-0.8645391509118455,-0.2137324141797106,-0.21483505109697507,-1.0,-0.2130614164634386,-0.22967450533800976,-0.4272023217370347,-0.0004477741880343695,-0.14041951651776602,-0.628904553759976,-0.025471105160843038,-0.20553350119311248,-0.5493272239274388,-0.049091127223078075,-0.19251210106400912,-0.4532077300635643,-0.050036841172080126,-0.1652071157473927,-0.4086827316826648,0.16157800189195876,-0.14595667434343615,-0.5372070622509638,0.10607709466482496,-0.19254985795686502,-0.4721766868638395,0.07323563167746244,-0.17083521526314893,-0.39240095086321947,0.06215859540642608,-0.13959035789794036,3,Show_Desktop
0.0,0.0,0.0,-0.08638634067705091,-0.26810419776736355,-0.04878111060640456,-0.2451150851253316,-0.5176742708085404,-0.09574946640786446,-0.3837790589993025,-0.6884537575691826,-0.13705639967530797,-0.4360740171492285,-0.8660249009074563,-0.1810346413218275,-0.3538220152577836,-0.3927797845848343,-0.1541200690151049,-0.6094137469652113,-0.46325824341201477,-0.2147541904825504,-0.7585205425130285,-0.4931311373817899,-0.2423796530484832,-0.8804605742506924,-0.5149589281739073,-0.257683774036055,-0.3844343822217382,-0.2012769040363978,-0.16492001159526062,-0.6756976421701456,-0.2205939516389062,-0.22777397860387513,-0.8586084460245902,-0.2233494441646327,-0.25117906199258644,-1.0,-0.20691713873726117,-0.26569152887752,-0.3855283292544069,-0.017252628202246,-0.16946351489600792,-0.624878880016038,-0.05051131298806352,-0.24148181485886927,-0.5547053953616151,-0.08543429325947953,-0.22550611131796514,-0.4611459741415451,-0.09039335480802509,-0.1953978867365243,-0.371089218420495,0.1440495592655705,-0.17521373211104374,-0.5564747405622662,0.0793403097894097,-0.22757884944566295,-0.4955247308891675,0.04860171816783947,-0.20104496204383254,-0.41038001184421785,0.044309529810400386,-0.16614008016082465,3,Show_Desktop
0.0,0.0,0.0,-0.09811552690206521,-0.2810086924022506,-0.03202400338597086,-0.2768262950277824,-0.5469018900208186,-0.07098875446485653,-0.4123527299165214,-0.7455943798670299,-0.1085873770607226,-0.44519990773264656,-0.9368403687190313,-0.15106084472189119,-0.3379931266661411,-0.44664640288715063,-0.14075116329244797,-0.6122303880776564,-0.5143504933091569,-0.1976254552281061,-0.7661603641640607,-0.5455295591314021,-0.22321661595725178,-0.8912667198079904,-0.571633044559876,-0.23910231320353845,-0.363904193784801,-0.25495163263578047,-0.1601754759590621,-0.6774380042221074,-0.2641129632711697,-0.22018443990763764,-0.858208144637836,-0.2714987313238905,-0.24238161830773342,-1.0,-0.2648963598193195,-0.25891993918789385,-0.3754799508296762,-0.06164977531731502,-0.17267790308683192,-0.6522119346069732,-0.08496655308438666,-0.24350158265632882,-0.5749400700180739,-0.11347220153993044,-0.22365214852383172,-0.476228017157056,-0.10955113100504259,-0.19265624872734546,-0.3834485215324556,0.11543288280002219,-0.18530028142385888,-0.5943515444562212,0.05290744358114125,-0.24102773723918403,-0.5276694025688866,0.02165362952321721,-0.2155185513817838,-0.4346948607668118,0.023976664535174008,-0.1820017417883149,3,Show_Desktop
0.0,0.0,0.0,-0.08255488629052637,-0.3134545417218531,-0.03481699164527318,-0.2659648692719194,-0.6065238899034706,-0.07654976300404757,-0.40911559700832395,-0.8060485644682764,-0.11198941469019391,-0.4344273406320826,-0.9918508738905224,-0.15246293093606494,-0.3187168145466973,-0.49453227814146067,-0.1754111615534355,-0.5884060325029127,-0.5723028134592213,-0.23425466690341287,-0.7435516024269856,-0.6118426197001018,-0.2615004014584308,-0.8706899857106498,-0.6487621582504015,-0.28005119627900177,-0.3516541741779095,-0.28327572407575863,-0.18938813027899032,-0.6692611714610309,-0.2992853513480385,-0.24577639891273462,-0.8560383448506562,-0.3199902664557732,-0.2632024697158154,-1.0,-0.3220242269848022,-0.28095294167496593,-0.37064243505259403,-0.07972267852403965,-0.19328090641320936,-0.6568862259178561,-0.12365254266199754,-0.25328504407523256,-0.5747334823354588,-0.15896411419766038,-0.22600666561607316,-0.47066879170305925,-0.14917652827060218,-0.19579237366952432,-0.3830125500527284,0.10375976260296227,-0.19752038722644336,-0.5878523315068849,0.03463137069375957,-0.24743416203316881,-0.5190297733539396,-0.004547352454836687,-0.21980904115637695,-0.4261758673919325,-0.004740574176460341,-0.18763762450603852,3,Show_Desktop
0.0,0.0,0.0,-0.07389144800196383,-0.3074232774361343,-0.03679866693078546,-0.24071049966152805,-0.6033937935690629,-0.08612397836855365,-0.36452453328277534,-0.8045783402585126,-0.1275330477945154,-0.3863991661541263,-1.0,-0.17617205400599414,-0.2550870697702928,-0.5083365057254793,-0.20480082117784987,-0.49324964027026075,-0.5981398915267233,-0.27979128897824485,-0.6393718753690065,-0.6518963894221279,-0.31900194322816366,-0.7630041286668171,-0.6975142367044219,-0.3454926695772666,-0.28373745152399515,-0.2982672579384669,-0.21996475548093866,-0.5843203804587054,-0.3338156771557419,-0.2875720126321916,-0.7725441403187856,-0.3652955222248229,-0.30974481781506413,-0.9208813911933593,-0.36637538748504067,-0.33383270124009384,-0.30878077082669186,-0.09393806188523322,-0.2245355728884628,-0.5948966901859357,-0.14425876143601046,-0.2885369694420881,-0.5102937239517059,-0.19205436703941148,-0.2599792055143352,-0.40202686562948725,-0.19096608880554702,-0.23145849247275374,-0.3375005596129792,0.0874318286229194,-0.22904550891080286,-0.5581313944233403,0.0029144944418788214,-0.28389612529633096,-0.48992381150972913,-0.0448775056013879,-0.2579312098001443,-0.3935171427858901,-0.053901321227464875,-0.22835093155305947,3,Show_Desktop
0.0,0.0,0.0,-0.07374340921193245,-0.31976121454500256,-0.03580490453729652,-0.2242948603124585,-0.6208497988796726,-0.08915232507085334,-0.3469212931653208,-0.8122985598054232,-0.13397236853014732,-0.35706626308561595,-1.0,-0.18749438087885015,-0.2438055426593213,-0.5238672739879097,-0.21527486864286247,-0.48547041197680385,-0.6101022600295131,-0.2905307167296909,-0.6361041146501627,-0.6614342480926774,-0.32954042911726517,-0.7580049058493663,-0.7072538575987659,-0.35493038534724297,-0.2617546636641796,-0.2904062374718669,-0.2352440463891206,-0.5798123567451773,-0.3259096719319859,-0.30248044228360954,-0.7738986514397681,-0.37002667388043425,-0.325675481021054,-0.9166822030748685,-0.38224895296794137,-0.35052977388295786,-0.27748664782801014,-0.07300619141098613,-0.24339279729236474,-0.6014204541992779,-0.13722791484342348,-0.3105585177613084,-0.551372199943216,-0.2109076552452742,-0.29357341565359657,-0.4487785946069776,-0.22120616143485736,-0.2732005388103998,-0.2982898984101685,0.11837128481830932,-0.2501827027091487,-0.5483218851329368,0.03289758277859217,-0.3094707407105939,-0.5086230111874325,-0.0404878797737899,-0.29190591733213794,-0.4211112979541901,-0.07002076395260848,-0.26840829942907785,3,Show_Desktop
0.0,0.0,0.0,-0.0705598640679896,-0.32368573982353616,-0.019467096181067508,-0.2230122745897408,-0.6140660721607821,-0.05672495438167932,-0.33512019422229955,-0.8170212954249793,-0.09036815921924234,-0.3513140389329573,-0.9986085258397666,-0.1270169156094923,-0.2928207957096459,-0.5347529300015045,-0.15879117975358967,-0.5603233695091049,-0.6559415681149758,-0.2163812147985611,-0.7143852527928305,-0.7154711159227477,-0.24568346071514344,-0.8428761065862717,-0.7684863699250427,-0.2646620974421555,-0.3446050508417578,-0.32874189142548665,-0.17824161825821955,-0.6614558412710587,-0.39758343092630233,-0.22899384618033003,-0.8506019298333594,-0.4487210650367412,-0.2439256994929353,-1.0,-0.4719150542931565,-0.26016692718790246,-0.37745882658343977,-0.13504143153398449,-0.1867392126038255,-0.6503311277813996,-0.25988176747012476,-0.23352046988642425,-0.5714557527736561,-0.3145041343036582,-0.20159313289126507,-0.47070234488617757,-0.3015649290693318,-0.1702592816023004,-0.40031977061473245,0.03210980757714761,-0.1955752173295868,-0.6025024115542209,-0.11933166761555548,-0.2321082541474562,-0.5456333906599842,-0.17950134663547626,-0.19950758097721374,-0.4664689241370766,-0.18047540804677384,-0.16551471460534176,3,Show_Desktop
0.0,0.0,0.0,-0.07530986832763738,-0.30226690843703286,-0.023011985360727964,-0.22184031832110104,-0.5741829800895167,-0.0701593188464276,-0.3331344271100586,-0.7774749225495924,-0.11165539785933103,-0.3533964793894913,-0.9564451693207753,-0.15821945403744428,-0.28620322998806264,-0.48608056620983453,-0.19325296128773917,-0.5630860285719452,-0.601060516996107,-0.25633280183075613,-0.7142725442121698,-0.6611915579574494,-0.28120087824157486,-0.8425990729369259,-0.7112249214379704,-0.29577231536719906,-0.32639503368807415,-0.2817745280868334,-0.21340060914012998,-0.6663364408354773,-0.3509440931224987,-0.27392846208825516,-0.8541134014475986,-0.3968813519931678,-0.2861602128869185,-1.0,-0.40942667282060585,-0.29819205700254026,-0.3491148080199226,-0.08527089041512115,-0.2199215688463535,-0.6525941254781086,-0.17926549356459814,-0.2771051441723774,-0.574812899201974,-0.2353721665867781,-0.23994160249737356,-0.4736191357865496,-0.23110146322057928,-0.2019564425023655,-0.3623733454989241,0.08765895082451224,-0.2253429306336519,-0.5890760465031486,-0.02764677930509695,-0.2679087512522532,-0.5328623613399818,-0.09117790131109141,-0.23048825816046498,-0.4500803183922448,-0.10092638127921898,-0.1913630001530073,3,Show_Desktop
0.0,0.0,0.0,-0.0656804982492808,-0.315797312961328,-0.03400987868729919,-0.21067728509396227,-0.5996795853528165,-0.08481911945548355,-0.3299796400064864,-0.8042239479168544,-0.1276217453841455,-0.3451580452003868,-1.0,-0.174504815809303,-0.2699681086827264,-0.49605622721512527,-0.2008568560127828,-0.5412902470225762,-0.6170885809865287,-0.26465831529579875,-0.6984733007813673,-0.6678086881317453,-0.2932209950973639,-0.8320892116057969,-0.7031140580049609,-0.3122065764382406,-0.3164702738088803,-0.28277448454382204,-0.2123729398070688,-0.6527840339213107,-0.34526284811685076,-0.27073221111148976,-0.842722053056101,-0.3876125355098707,-0.2821819672720394,-0.99461030732179,-0.39153799030648095,-0.29697265422662883,-0.3452901749518027,-0.08575190837402329,-0.21113527441965838,-0.6522438034149535,-0.19605262367645027,-0.2609665086917135,-0.5757487853071717,-0.2659165300324919,-0.22168818112404207,-0.47365512933700893,-0.2627270980102461,-0.18608488118350044,-0.3653060305219726,0.07973249731236073,-0.21070705390711506,-0.5935989141336793,-0.0503291231989814,-0.2527813708863887,-0.5408148802123686,-0.13017513197960398,-0.22044640545033048,-0.4572977664066113,-0.14815558878819,-0.1866920399133732,3,Show_Desktop
0.0,0.0,0.0,-0.05851801619445411,-0.3080110722234523,-0.048527221951909255,-0.20395467580020524,-0.5943018351341584,-0.10614387506135667,-0.3212582829003771,-0.8087048961647223,-0.1508813317049019,-0.35056389786670256,-1.0,-0.20038352999556103,-0.2607713150256323,-0.4808323594659607,-0.22914984767884067,-0.5256500677835825,-0.6037686103189116,-0.2998821818654769,-0.6752722957306901,-0.6606863065096975,-0.3304824949309057,-0.8035814588523187,-0.7037649300353971,-0.34887327889766007,-0.3081664284537802,-0.2667185928526481,-0.2341679104801639,-0.6398607284186063,-0.32899834145911777,-0.2964747144495608,-0.8238712841957163,-0.37521154088644154,-0.30739695503633074,-0.9705462687053427,-0.3861878356373316,-0.3210345736576,-0.3391860902176254,-0.07235346890854254,-0.22749805649692065,-0.6357306659925513,-0.1754804429130711,-0.28467946234712344,-0.562325299656527,-0.25317333954356036,-0.25316128431069346,-0.46118055048594825,-0.2556668824559678,-0.22154785631363044,-0.36324669785053343,0.08827612503552076,-0.22177544187871384,-0.5844314354131359,-0.04220591367261525,-0.26945504197669384,-0.5360743200072882,-0.12059172925662497,-0.24369477308070048,-0.4561017592358525,-0.1382926863113363,-0.2144047502991422,3,Show_Desktop
0.0,0.0,0.0,-0.06571236733229417,-0.3098516146417209,-0.04114393685765854,-0.2123037619640999,-0.5983266264401955,-0.09937284717734138,-0.3229935521522353,-0.8080979965669044,-0.14652249203208986,-0.32822418441648543,-1.0,-0.1983546518452199,-0.2416678948990393,-0.488104011183614,-0.23488269201809547,-0.5065221372136544,-0.6078919512816047,-0.31153170563584276,-0.6589649797453316,-0.6646550453552718,-0.3459855776942262,-0.7869834166298197,-0.7088127533694508,-0.36688611022600764,-0.2823609454858366,-0.2722534118806545,-0.24379777947568423,-0.6143713608963566,-0.3317081958085268,-0.3118273002268563,-0.8014941260717258,-0.3764054328067566,-0.32400732708420416,-0.9478636944932015,-0.3868443658375726,-0.3393007927391051,-0.3174550429732454,-0.07859079317013475,-0.2399183703075623,-0.6230660550813835,-0.19238883008261165,-0.2932430836827895,-0.5535251757861059,-0.2663709976373275,-0.2532426444966684,-0.4562244583495237,-0.26490128733640317,-0.21713711625997834,-0.3500617093719341,0.07625402525245759,-0.23746024930955278,-0.5806633050318819,-0.061880877836286305,-0.27882774834557644,-0.5378317902268434,-0.14864529691214937,-0.2482002109291521,-0.4630450932488905,-0.17207550428243687,-0.216620253746077,3,Show_Desktop
0.0,0.0,0.0,-0.07108853482463112,-0.3136928857635851,-0.028749874689471995,-0.21799228975825044,-0.5969530837731356,-0.08100396476210922,-0.32894511585658925,-0.8094056595504104,-0.12469799734032205,-0.34132791941720786,-1.0,-0.17420538548857567,-0.2553245437597106,-0.49844453844149106,-0.21240655655581409,-0.5113503394777202,-0.6069582784499743,-0.28053830250258366,-0.6587044370070425,-0.6630616707563226,-0.31155388388575606,-0.7810440770977111,-0.7033310056317827,-0.3309554944708955,-0.28908258947874976,-0.28604579198819635,-0.22694812191255542,-0.6095291434313224,-0.3440476239501076,-0.2917493990500355,-0.7921685099043014,-0.38749847777731367,-0.3060751323495613,-0.9292091442784723,-0.3924693069901054,-0.32198967638577225,-0.3153792437656524,-0.08915989191777703,-0.22807763688387292,-0.6221908005391169,-0.18642389151302757,-0.27813861403611934,-0.5647284384142528,-0.26725965206842855,-0.24268909947072786,-0.4713095586171923,-0.2758067486088208,-0.21041648938976032,-0.3379193171970865,0.07007930853733078,-0.22900806792439082,-0.5722589549345606,-0.05160084879725288,-0.2655764161642307,-0.5374116743155293,-0.14157171036646887,-0.23496977586118636,-0.4640776036479221,-0.17596600104599494,-0.20392836449160953,3,Show_Desktop
0.0,0.0,0.0,-0.07129716906959362,-0.30540612272430284,-0.033587242271301415,-0.21722924049520487,-0.5917751738598699,-0.08863871843425428,-0.32504308103702517,-0.8056317048216373,-0.13398268557539283,-0.33113482637820374,-1.0,-0.18475691713401965,-0.25401367130381164,-0.4905453913797953,-0.214922625921787,-0.5079374036867316,-0.6063438094541089,-0.28644906943411935,-0.6555436322803132,-0.6633145313961784,-0.319191814875524,-0.7776583490799924,-0.7056546010371192,-0.3387063930634546,-0.2880117590730295,-0.28086367228843706,-0.22688220616567434,-0.6142825357720301,-0.33429180006871806,-0.29139310156053705,-0.796252780097281,-0.37994902873313385,-0.30386810383105395,-0.9349045016193415,-0.3914629741155198,-0.3185465545537837,-0.31572881828193733,-0.08785827507142943,-0.226092650455126,-0.6189919845610731,-0.18660356834138228,-0.277126374905198,-0.5597821949740602,-0.26378732795874804,-0.23941474289293807,-0.4683069644761837,-0.2687615969037498,-0.20494269391090852,-0.34162799440027347,0.07160725260404037,-0.22577905827405131,-0.5742679456804188,-0.0541505783278356,-0.26279208383992436,-0.5368962666236371,-0.1364743766659642,-0.22948979192581545,-0.46434377359610784,-0.16035462975291193,-0.19610129017597439,3,Show_Desktop
0.0,0.0,0.0,-0.06293839254956288,-0.3043971949973609,-0.038945425264324894,-0.21094708019214534,-0.5937332467920333,-0.09707389603371944,-0.32049298971114626,-0.8072928294421783,-0.1444300217384076,-0.33109705882787793,-1.0,-0.19765443673449698,-0.24610630682044995,-0.4911090642155174,-0.2352522762082707,-0.5078420907116444,-0.6058131506306524,-0.3087344521995653,-0.6561047839695549,-0.6613942513117956,-0.34079367927141874,-0.7794350075329372,-0.7041420065852213,-0.3605507106288407,-0.28047365098327376,-0.2758432971643925,-0.24592751642691066,-0.6112120266779821,-0.3332961738001635,-0.3163967208334202,-0.7915030834034387,-0.38441842620013217,-0.32917691430940865,-0.9298911974782772,-0.39948282209405306,-0.344161878004939,-0.30927534474830826,-0.08092488796696448,-0.24316208203738907,-0.6223255855213842,-0.18617813215684478,-0.3011005337267925,-0.5527082350749524,-0.2664164065745761,-0.2636226372422125,-0.45390123350922507,-0.2705168674217839,-0.2287981605928393,-0.3362111765427736,0.07849956310442766,-0.24063485183703806,-0.5714824731689936,-0.0590410770547768,-0.2863379912754757,-0.5256674300634423,-0.14589946522799146,-0.25691904390549836,-0.44538627926128427,-0.1711489244680741,-0.22577382306994112,3,Show_Desktop
0.0,0.0,0.0,-0.15953436036816868,-0.26864807766587845,-0.024537483057580498,-0.32095878828417196,-0.5534247317399456,-0.06005950814057272,-0.422046195370571,-0.7834026750638265,-0.09468464584759693,-0.43933943022412314,-1.0,-0.130608873790332,-0.25239114153014214,-0.5724487620940771,-0.13516730013540065,-0.5445440638925264,-0.5164895145411552,-0.21817916067726711,-0.5083289565414001,-0.4080173014781388,-0.2471515667214794,-0.4169527282918971,-0.40395836669901175,-0.25871535031875487,-0.1872553510697429,-0.3615116300978831,-0.16599314814865113,-0.5206882907665784,-0.28847317870500344,-0.2360951315714045,-0.4649822298322138,-0.22293405607318154,-0.22578716096224927,-0.3549043425626725,-0.23785734641581957,-0.22232148511884342,-0.1462347028177904,-0.14426043599913327,-0.19814698389648197,-0.44370336655769826,-0.06963279697023939,-0.27456989269277393,-0.3822773488652529,-0.027192242833052275,-0.23179997514917872,-0.27675387669929435,-0.055958953149877054,-0.19819894603389518,-0.12738760869360416,0.06364964389007696,-0.22913485478543785,-0.373075192892875,0.12484278877405862,-0.28205015885667867,-0.3249294021498488,0.1273864310814248,-0.25196987735437526,-0.2317708578669204,0.09569070487154606,-0.22424964106060344,3,Show_Desktop
0.0,0.0,0.0,-0.1132567986604335,-0.24039170077896108,0.001933069612824471,-0.2949774147569434,-0.4685010560539307,-0.027506579415734946,-0.4196683459591301,-0.6422243270548796,-0.06064534688040145,-0.4570876116332077,-0.810853841410836,-0.10000174450054237,-0.3743460047719177,-0.39125715739671774,-0.1376789785136902,-0.6370917535230057,-0.46195102631209073,-0.20153963570064748,-0.7808782469952636,-0.5174886071370605,-0.23086476733148353,-0.8983995712226956,-0.5656567380037157,-0.2480414263961544,-0.38148191357014904,-0.22609876850227176,-0.17132954036679987,-0.6860684273466248,-0.24342901553763202,-0.2294709051770738,-0.8634520028127314,-0.25317376038165107,-0.24751403926958296,-1.0,-0.2468195213110041,-0.26106835763758457,-0.35880730636185315,-0.052647428989090965,-0.19358611956252678,-0.5871743033915082,-0.01590361980266945,-0.24565082869927546,-0.5008301908361861,-0.041828821367885766,-0.206606585766135,-0.40449584861925986,-0.055099291250567055,-0.1666272850843441,-0.31749334194414164,0.11380833970150667,-0.21466530206609227,-0.49450645074808885,0.11678209713989926,-0.2442083921163644,-0.42641352653336834,0.08634688519009931,-0.19960660272186304,-0.3450232592065871,0.0710856635373573,-0.15673280463237904,3,Show_Desktop
0.0,0.0,0.0,-0.11151516909197418,-0.2362798763416245,-0.0025697788590727747,-0.29678329993510855,-0.4648561608795721,-0.032342307961656575,-0.4220523392156432,-0.6421294028559481,-0.06510655688757862,-0.4569947653960414,-0.8089223480078671,-0.10337386928405995,-0.3695542536515025,-0.39195086078708635,-0.14066872316744858,-0.6293101995981977,-0.4662360900854294,-0.20612394360106323,-0.7722897164673045,-0.5219755485330548,-0.23470628172274308,-0.8897438483754004,-0.5714211991331033,-0.2511318321856943,-0.377299215609087,-0.2294250124377022,-0.17428458550804818,-0.6809623294893921,-0.2498168730944939,-0.2382481213425983,-0.8603032261682857,-0.25500370945271766,-0.2586356370669886,-1.0,-0.24679898434139674,-0.2718665426617901,-0.3557982509807819,-0.05614079159017275,-0.19693738371915157,-0.5725076987937188,-0.01730082776560012,-0.25572679812035803,-0.48245980111191883,-0.03666931023371791,-0.21826345815429435,-0.3876204292643939,-0.048298801694299724,-0.17694870879878377,-0.3166541952001665,0.11247627880157061,-0.21863104476665665,-0.4861272439310091,0.11756203550540147,-0.25146783140605883,-0.41606496905448515,0.09168479098795979,-0.2071252239433522,-0.3370080976745069,0.07642730762825121,-0.1635807112571092,3,Show_Desktop
0.0,0.0,0.0,-0.11015161930850373,-0.2389986259990259,-0.010022486222328507,-0.29139972973043615,-0.47444854815058773,-0.04185415175116423,-0.4155009004629085,-0.6579408456422736,-0.07600908873945342,-0.45232556417246716,-0.8265084169539697,-0.11527194799888693,-0.3743960973841705,-0.4023161108366594,-0.14033668374547828,-0.6332743915667531,-0.4765444006193024,-0.2055410538657927,-0.7792007879812816,-0.5279289440231829,-0.2367027555707911,-0.8995600495929837,-0.5724341163483463,-0.2562974350852817,-0.38364577261634353,-0.23665794520201822,-0.17100889215798876,-0.6796153407165193,-0.25053365605366357,-0.23538704835236327,-0.8603282703532062,-0.25246244150476194,-0.2596823936517901,-1.0,-0.24333626953072246,-0.2774246059763261,-0.3637014122499549,-0.0598326454615711,-0.19178787970136738,-0.589388478082637,-0.02054946098560392,-0.2533721558633653,-0.4999788715766509,-0.04138513587100945,-0.22030259292549506,-0.4019501752570044,-0.05561698045642622,-0.18299649521895275,-0.326145313018681,0.11133938521080068,-0.21242449543328645,-0.4878491962050738,0.12079751303209865,-0.2528737047728337,-0.41500928343714577,0.09248999993901073,-0.2155665724270037,-0.33340172843572125,0.07229144503604029,-0.17636927662559168,3,Show_Desktop
0.0,0.0,0.0,-0.11019038046590701,-0.2327445369553717,-0.00272583700390537,-0.27912030632308454,-0.460248283078112,-0.028276670184045918,-0.4040749209637065,-0.6176381592113614,-0.0557895972231333,-0.46920446933824234,-0.7527654847816726,-0.08696871671467668,-0.37634621043831845,-0.38613805179890043,-0.12747081644988925,-0.6268561400466778,-0.4706930132694063,-0.19350206767139314,-0.7737367426556131,-0.5201790044371943,-0.2261639364394601,-0.8959558276505556,-0.5633729791998991,-0.2440336262192789,-0.3830815096025249,-0.23198215877425607,-0.15878162870430373,-0.678108658807646,-0.2495068452677968,-0.22560860815832892,-0.858940119656523,-0.24999550007290414,-0.2515192682566286,-1.0,-0.24279029136202515,-0.26761513470347875,-0.36217500807590464,-0.06766441854924267,-0.1795782015385261,-0.5852857602815879,-0.025599845607235074,-0.24314325307041312,-0.5030969616598756,-0.042227102853209394,-0.21174041863822776,-0.41074439870909074,-0.058776609879539345,-0.17328055356787606,-0.32509220057724747,0.09370158251518979,-0.19893426516632365,-0.49175906250702284,0.11197352317451803,-0.23725383369307734,-0.4260335001199803,0.09281288685393961,-0.1963709043289389,-0.3485834176248671,0.07459803402711736,-0.15319029621358396,3,Show_Desktop
0.0,0.0,0.0,-0.10286382509927541,-0.2612476911941433,-0.015260091573847244,-0.2641282527095309,-0.48142149973817,-0.05168728002201051,-0.39725760018772394,-0.6490675486930498,-0.08652073461887425,-0.48480113428040744,-0.788166577377024,-0.12600821638351364,-0.3757008374246969,-0.3679345795924424,-0.15300527144287185,-0.6460282500351551,-0.44306167714418077,-0.215426886890929,-0.796082298306775,-0.4808788602673168,-0.24515711624453237,-0.9233570274399581,-0.5089516101898893,-0.26121914213594066,-0.38767578628804406,-0.18999283094753133,-0.1740754029574571,-0.6817080892965443,-0.21393906219131448,-0.23068097900937107,-0.8585687646713235,-0.21645491649477333,-0.24735377085925403,-1.0,-0.20506056598418324,-0.25943493988929245,-0.369232730218462,-0.01597098388559193,-0.18420183784632818,-0.5893910101289825,-0.013199769831143364,-0.23844475657377392,-0.5069443186337563,-0.05462002727863286,-0.20579678864644102,-0.4100327050275676,-0.0747026482359041,-0.17012595383573076,-0.33130965044183275,0.14393533531927302,-0.1937636748060288,-0.48340787077416275,0.11545237066158018,-0.2294456708220716,-0.4182393721600933,0.07499467281600554,-0.19112417106233406,-0.339967079296967,0.054662299669844,-0.15078708972076366,3,Show_Desktop
0.0,0.0,0.0,-0.09234412551360571,-0.28391856926893555,0.015427329214088343,-0.24256798007597488,-0.5748825005814404,-0.009359305620734124,-0.36814772462981626,-0.7682313066904412,-0.04402833618087929,-0.4360463989456547,-0.9430752868439414,-0.08385371175505171,-0.3550224339096054,-0.5698087061012481,-0.10946738880850546,-0.6163673056050857,-0.713853060314753,-0.178195683213595,-0.7679917047833166,-0.8033343185518257,-0.2077466809895854,-0.89433568009148,-0.8674759186758664,-0.22115177477108008,-0.3861798879758121,-0.4226117334677107,-0.157137092189097,-0.6712371114039848,-0.5926469590665943,-0.22867384225208637,-0.8517755736878828,-0.6849729145670207,-0.2541923387198358,-1.0,-0.739560237227692,-0.26630831549129097,-0.3927082525777192,-0.23448571594697262,-0.1943707197958882,-0.6567066729979069,-0.223655661291573,-0.2686170276492102,-0.5670667299790682,-0.1890623788665788,-0.2366022669361704,-0.46197597681990854,-0.17547484301108612,-0.19282133248873262,-0.3841811865260873,-0.024592991704783317,-0.22793106725499357,-0.576957273819676,-0.028468534382510274,-0.27233000927569284,-0.5056511163656098,-0.0210299732537406,-0.2296951786928957,-0.4203358787502907,-0.02527448833242887,-0.18293080378980245,3,Show_Desktop
0.0,0.0,0.0,-0.06916669216938455,-0.28485183632616623,0.0018365590426079343,-0.19750135045787462,-0.5885540955348418,-0.029697194371642557,-0.2986624476868086,-0.8176610235675954,-0.06617915293352176,-0.3547670036109476,-1.0,-0.108948908524963,-0.31157512614355964,-0.5672278925241926,-0.14271386942751724,-0.5788730265937597,-0.7641817055600907,-0.2126891608524122,-0.7203505995036578,-0.8825140792795281,-0.24403693856929978,-0.837929990650585,-0.9769284621481544,-0.2591048635756517,-0.3603602834194139,-0.4130363251224071,-0.1808839355471684,-0.6569049379667146,-0.5914341233956715,-0.24454914286528598,-0.8324916250260661,-0.6965117263869149,-0.26572311540822957,-0.975654275192593,-0.7645551127967419,-0.27921316353600983,-0.38301998203185256,-0.22242711382539107,-0.20766178931909154,-0.632523153502401,-0.2687502505790303,-0.2664244698041983,-0.5468276160984542,-0.24660084355873704,-0.22703648580709446,-0.44465969529115446,-0.21770472217813613,-0.18425499451728086,-0.3886633183377352,-0.018485556090914936,-0.23329033049008618,-0.5757189927873569,-0.08323114453588257,-0.26636720730626523,-0.5153658026820319,-0.08253248868331721,-0.21931561210533107,-0.4390353377520647,-0.06839639147217583,-0.1725449916159019,3,Show_Desktop
0.0,0.0,0.0,-0.04769829501665322,-0.2860239139350727,-0.005056610967013484,-0.15865494255878204,-0.5787559886244305,-0.032595553750861886,-0.2513953551259921,-0.8043104575016112,-0.06260608665956438,-0.3054806899255901,-0.9779100320444927,-0.09566525122673838,-0.2825258361539398,-0.5725886631902974,-0.12087953609596891,-0.521309587658138,-0.7827703387882584,-0.17936805911977918,-0.6477066328945056,-0.9036948066288383,-0.20378915406341963,-0.7520540474763272,-1.0,-0.21406718003703587,-0.34452854934446253,-0.42266911244417005,-0.14742624060608478,-0.614017662780164,-0.6108601985767017,-0.20182917531374076,-0.7701368764056085,-0.7258778433290217,-0.2197232329983346,-0.8944604942333434,-0.8070684922863363,-0.2299082888170466,-0.3826847065292344,-0.24437396058211908,-0.16455065019419363,-0.6030987610364208,-0.3113516826738898,-0.21957632015394646,-0.5200433569648322,-0.27731691597672603,-0.18872542563486172,-0.42373861428977055,-0.23925382753663033,-0.15169430450577787,-0.4014316361620523,-0.06263278633849981,-0.1808817078878014,-0.5420082567525544,-0.1135206576557493,-0.21323219509028563,-0.4768087561238333,-0.09346242771961294,-0.17561884502110378,-0.4027765133248302,-0.07312476620139806,-0.13518229232796922,3,Show_Desktop
0.0,0.0,0.0,-0.11198502519549719,-0.2535947303196611,0.0026812104742658647,-0.29049738977239853,-0.47969635863534105,-0.018576998817369857,-0.43953167032976526,-0.6276956159403081,-0.0449752851538323,-0.5154450340905656,-0.7730008765528588,-0.07725716099314245,-0.393495373269024,-0.42518167961345316,-0.10668556108986553,-0.6585468221720375,-0.4806832362504264,-0.17006304501613145,-0.8109235542275324,-0.5207639395653507,-0.20397356375838605,-0.9341096727392061,-0.558662976220805,-0.22263894456231026,-0.4067399574245754,-0.258911908596695,-0.13626228429347192,-0.6862672665800189,-0.2647403374080807,-0.18964521698889356,-0.8593026870879014,-0.273836840264434,-0.2120201867629329,-1.0,-0.27682575597286574,-0.22780785370739054,-0.39150283476330916,-0.08186032151786138,-0.15689355348155942,-0.5968670791790629,-0.03208680032298598,-0.20697335541515732,-0.520505723501548,-0.05488732193670684,-0.18045670037109218,-0.43160296905293427,-0.07336380398032721,-0.14919566249796348,-0.35938494488080175,0.09931559789109154,-0.1767320389018514,-0.5012286853002518,0.10134721424592705,-0.2053704079521949,-0.43962062101395144,0.07005600438708229,-0.1702194778562059,-0.3651285251026603,0.046885430655169286,-0.13314395019729292,3,Show_Desktop
0.0,0.0,0.0,-0.14287485586043572,-0.21044139677014656,-0.007295475208563972,-0.3537971123617923,-0.4189210301174195,-0.0423113723019326,-0.5143837477075751,-0.5649513447953641,-0.0806834448456986,-0.6124829653242196,-0.7172709350388486,-0.12381773078703281,-0.40435704454997456,-0.3914782097048901,-0.13894707314991847,-0.6708049609935514,-0.38232519238334417,-0.20972096593826242,-0.8263002994946802,-0.38394519145904743,-0.24210782976568496,-0.9556335321322736,-0.3852694155852207,-0.2611955150899947,-0.3853413303785897,-0.2489356497862282,-0.17700511729297705,-0.6745627907448591,-0.22084694886272052,-0.25005728877030753,-0.857046917075931,-0.1929697089930689,-0.2774649689997135,-1.0,-0.1567967933667057,-0.29688838819870894,-0.34585898162791195,-0.07785757038463142,-0.20594862360130214,-0.5746134016260859,0.04720744036313589,-0.277185256523624,-0.4956685426884184,0.02936625933736943,-0.24496748545388586,-0.4066134557312596,-0.005214611553032651,-0.2081982434560974,-0.3004805215738744,0.10118839759637765,-0.23386796405923482,-0.4798563056761963,0.17141150253448922,-0.28033578387998886,-0.413783969313349,0.14422297643832405,-0.24235102124953062,-0.33413348873541554,0.10878882187111472,-0.2035872286572052,3,Show_Desktop
0.0,0.0,0.0,-0.12018794451624536,-0.25231497591490887,-0.0007162802745074107,-0.304854011138041,-0.4958175128716164,-0.03404372912154942,-0.4460492089730218,-0.6688873309104225,-0.07327112736653495,-0.5200473994967657,-0.8356772294181417,-0.11816841395786748,-0.36502306685206715,-0.48375278089036133,-0.13504600422032562,-0.6362782240228758,-0.5444078355833459,-0.20586378858344276,-0.787468746365517,-0.5971049781148657,-0.2385759600670498,-0.9147082301276396,-0.6415296286556769,-0.25819958468526855,-0.3606397343984052,-0.3373082802922626,-0.17752887748552412,-0.6599487797712325,-0.36380304827153914,-0.2525575826030163,-0.8489654830960633,-0.38657026713829507,-0.2850871395615828,-1.0,-0.3941729633233082,-0.3082102458353836,-0.3405668789243659,-0.15566306748729886,-0.2096226030075001,-0.5881631574006131,-0.08203223707595363,-0.28384014698678783,-0.50005418152961,-0.08749616408782826,-0.2544304944538714,-0.40439972703719046,-0.10400167962741791,-0.21798027910564527,-0.315757810430972,0.035722209429361065,-0.23961796196246918,-0.5054459443490299,0.07123259710287624,-0.2879227661125875,-0.4322583748997525,0.050047385484301134,-0.2511365727340375,-0.34642128661515376,0.026683702709683687,-0.21196611472262109,3,Show_Desktop
0.0,0.0,0.0,-0.09672493804575044,-0.28291852363706865,0.006895380186335849,-0.24818064541787116,-0.5837700994002183,-0.027144669457069906,-0.35947160544153434,-0.8075833989953096,-0.06769486568177555,-0.40191641831111596,-1.0,-0.11411801755606248,-0.32436684869740723,-0.5700056920855155,-0.14605967430093525,-0.5944222533201761,-0.7222891132029042,-0.22043180495542566,-0.743252393037262,-0.8208752886434194,-0.2538676652184547,-0.8680286244789505,-0.9038954744191712,-0.2738817307594638,-0.3401309428231253,-0.4221782542448293,-0.19241120905124162,-0.6473260869024864,-0.5455563205762677,-0.27317267462655237,-0.8412164160740518,-0.6239616915187925,-0.3067665430822075,-0.9990134546982076,-0.675043312048082,-0.33032705442536575,-0.3423652728099763,-0.23468220017747377,-0.22603341365313118,-0.6191239159559845,-0.2147280848493586,-0.30259448053389315,-0.5218747592048977,-0.1849433152793969,-0.26761425369558567,-0.4158839013404986,-0.17401674815380064,-0.22655794306182542,-0.33826175142239995,-0.032873160946824985,-0.25696531555538143,-0.5436945860561304,-0.020757221367442763,-0.3082912887404388,-0.4631595300176728,-0.017983013226020535,-0.26921944045316004,-0.3715701456328779,-0.02593875912535762,-0.22741590377897847,3,Show_Desktop
0.0,0.0,0.0,-0.049616285029575144,-0.26469082027732754,0.009564102596309665,-0.14706274501655378,-0.5539268015210074,-0.018974466664480587,-0.22334535905747413,-0.7697060840294228,-0.05457004398040649,-0.23730654081646788,-0.9521369252933273,-0.0953343585909687,-0.21200014025682584,-0.5653023227222984,-0.11935074266610479,-0.42674416289185335,-0.7698353021235922,-0.18111005188825083,-0.5430984550970369,-0.8975339473465487,-0.20663456209323358,-0.6415381844879414,-1.0,-0.22166547270634637,-0.24626328110931028,-0.44725802234412443,-0.16150975570392911,-0.4971113154358697,-0.645668834586987,-0.23046537102014766,-0.6473908767263711,-0.7594491543032872,-0.2563975973202072,-0.7702409214007674,-0.8369533879815484,-0.27345287063054535,-0.2706409130892518,-0.28888750363628807,-0.1922969271176833,-0.5258340952222638,-0.3475057661139509,-0.2591279788966939,-0.44574225297482994,-0.2899498192245356,-0.2234948178108637,-0.3546302933965009,-0.24935888778068682,-0.18318449471368128,-0.2890864172519359,-0.1157722696671238,-0.22026271505802048,-0.4840107218551303,-0.15953478022967488,-0.26558671914797877,-0.4166664502209478,-0.1370947703251188,-0.22788087385818392,-0.3360343594591974,-0.12316821988114533,-0.18813510883511947,3,Show_Desktop
0.0,0.0,0.0,-0.03133623637588666,-0.21631108250316058,0.008772782826121966,-0.06721752641894714,-0.4797461163484847,-0.024788412280884242,-0.10001468633394317,-0.6911281567861112,-0.06627189936941538,-0.07874601649645752,-0.8598641673948719,-0.11112699663676064,-0.10130091583677597,-0.5316210309054247,-0.11560859678524116,-0.2528601212252502,-0.7485282168477636,-0.1858689068831394,-0.33093763686168276,-0.8895608372451447,-0.21933367444322785,-0.3986610050003112,-1.0,-0.2401271774422675,-0.12193512100429703,-0.43801248206753496,-0.160602254018994,-0.31103210703385137,-0.6546159749328161,-0.24258767900783823,-0.4325618024814075,-0.7841116432164839,-0.2762026712161833,-0.5348915138752007,-0.8782425817559628,-0.29859279590710747,-0.15864136555451064,-0.3019829935637753,-0.19659454952307656,-0.3879044406697495,-0.4078900777736345,-0.2688660623226585,-0.33805326908203265,-0.3293808102456078,-0.23296171323094525,-0.2690323887256343,-0.2802914099613962,-0.19312259957470437,-0.20431078689602922,-0.1566932167753662,-0.23063848469710962,-0.3848789806593581,-0.23995325947292045,-0.27813746878265216,-0.3377693207561149,-0.1976609427573338,-0.24525434868322887,-0.2722426972157456,-0.1687790729707708,-0.2100381746857122,3,Show_Desktop
0.0,0.0,0.0,-0.031609016094831535,-0.21495707733552538,0.005118431517960103,-0.06734776232333517,-0.473671732693152,-0.02941749563377782,-0.10115475512129506,-0.6846462966941609,-0.07096965320993169,-0.07928540068937816,-0.8546744136082127,-0.11574911408445179,-0.09034011190718616,-0.5277227167851438,-0.11798555304459303,-0.24162891278151943,-0.7472629445228065,-0.1909606448215633,-0.3216765527355609,-0.8883336291369696,-0.22633746751686376,-0.3918926139388901,-1.0,-0.24816737886918458,-0.1151623961962766,-0.4302584701035935,-0.16188765060374596,-0.3027352806553763,-0.6524700849112122,-0.24724045482221718,-0.4272311845534455,-0.7784299365734729,-0.28187684987887135,-0.5299554426312201,-0.8672281953798586,-0.3035997114521108,-0.15745453186739278,-0.2943448572202554,-0.19747288642151847,-0.3822596284083585,-0.408939123611669,-0.27207373833599074,-0.33986287166170026,-0.33385538004539805,-0.23758902048595384,-0.27356599067751486,-0.28341344941290764,-0.19778777717656504,-0.20911455073655105,-0.15340980635759857,-0.23145689434282848,-0.3859932930417644,-0.2480384482452617,-0.27880159743382077,-0.3456499117259675,-0.20983512839434673,-0.2463622216106304,-0.28369106890979234,-0.18091375300085005,-0.21114118623562925,3,Show_Desktop
0.0,0.0,0.0,-0.026566701921705065,-0.20873480412609732,0.010386998373989997,-0.05766840210581471,-0.44920076001381454,-0.012925998708350104,-0.08745082353397798,-0.6467903360225632,-0.04819144504665975,-0.061821201251643705,-0.794731402248488,-0.08377365833173574,-0.07459621121541475,-0.5324202601829021,-0.06664884237848945,-0.20004574889284446,-0.7551467504450006,-0.13181621194473028,-0.2682674825997878,-0.8959696051974767,-0.16480236984992694,-0.3279895535835255,-1.0,-0.18562660641303147,-0.097639924947378,-0.4615349921529688,-0.1131639135031036,-0.2547534105925398,-0.691255169211606,-0.19589629847231024,-0.3661009329108479,-0.8255362557280453,-0.23809675463153795,-0.45657862250910214,-0.9213539516010495,-0.2623588965062938,-0.13750075918724378,-0.34894527778346796,-0.15431675864939046,-0.34888328497894583,-0.4648288764999114,-0.22669605326830722,-0.31536170914701134,-0.3768553368257743,-0.2000854846990544,-0.2537214550088569,-0.3289379536480699,-0.1643649387383079,-0.18490441068921265,-0.22597257725830802,-0.1946478397571821,-0.35986194112588277,-0.3017015497482373,-0.24034262366464068,-0.3257646408136906,-0.24980548634523128,-0.21380550309205,-0.26666088067157795,-0.2204397643770298,-0.1823353050996106,3,Show_Desktop
0.0,0.0,0.0,-0.07202583865051485,-0.2176688182199307,0.007975582316621049,-0.14450393373042514,-0.4749078727638571,-0.022322245770654437,-0.2033112774943393,-0.6792055095239,-0.06367056995796865,-0.1952348981872722,-0.8442691005800289,-0.10510106729996155,-0.16444664124558625,-0.5492620315719012,-0.09254335957968415,-0.34827607253312626,-0.7582455252127956,-0.16851434762990863,-0.43902312611250577,-0.8938045872009429,-0.20782336084039899,-0.5174317838214267,-1.0,-0.2339284749400935,-0.1695727477479731,-0.45837709981559543,-0.14415587387528978,-0.3849712787150314,-0.6627161600627556,-0.23784794728091074,-0.5281064363494101,-0.7772084772065762,-0.28419422562072943,-0.6412019615121775,-0.8543420119207591,-0.31324747381245416,-0.19446626237076423,-0.3172516817035259,-0.18907736936323144,-0.44164821453764286,-0.3773707692261512,-0.26452702431759056,-0.39638074788405026,-0.2961923410573795,-0.23141787643073872,-0.32414298907480543,-0.2632182447447703,-0.19344540854144548,-0.2278836100068739,-0.16589406193311607,-0.23374319488630302,-0.4282416129945679,-0.20425281134403206,-0.2800508263133221,-0.380852943619032,-0.15710647937380495,-0.24684549889267463,-0.3117913857157008,-0.13649799436280372,-0.21191689437391248,3,Show_Desktop
0.0,0.0,0.0,-0.12845850990442992,-0.24262584494874323,0.007462380495120415,-0.27570765787948365,-0.5386871677002515,-0.025537694560380814,-0.38844271932597474,-0.7724578646549042,-0.0711852433824247,-0.4133071192364013,-0.9888764592633635,-0.11678074219086725,-0.3152362049108098,-0.6285814980710145,-0.10071043454010155,-0.5687724278064472,-0.796349881545613,-0.1848240158027166,-0.711403633135567,-0.9108438491138089,-0.22558548163129363,-0.8311457637715436,-1.0,-0.2515658864351964,-0.3045319761718568,-0.5130933552825045,-0.15974905188509012,-0.6107376935435471,-0.6498018412656108,-0.2664944831627593,-0.8002208777297236,-0.7241230142170313,-0.3162254434172922,-0.9475111052553269,-0.7755764037057762,-0.34534671175342513,-0.2993840071298069,-0.3348306495528591,-0.2117611483098166,-0.5975504063619198,-0.27031145813868557,-0.3071911359809417,-0.516808800241668,-0.19407758123606364,-0.27021684777182475,-0.4213141248026804,-0.18939025422731118,-0.22334450134797498,-0.3025010432702929,-0.1385963919129394,-0.26327286950791673,-0.5438391445033307,-0.08234420956181646,-0.3223802058647718,-0.4700449921272544,-0.03697911004660525,-0.2826484528250103,-0.38218009174766937,-0.042991002075519244,-0.23961679389248744,3,Show_Desktop
0.0,0.0,0.0,-0.15295334497402746,-0.21600696649749832,-0.005374585746360484,-0.32261115236898746,-0.4761408908913891,-0.04545299911034729,-0.4577343751555466,-0.6873781758886316,-0.0935858696136812,-0.4939371661347387,-0.8960789310736847,-0.14242300465154,-0.349030683250342,-0.5643393076508031,-0.13215621233638913,-0.6219729383726788,-0.6774010424858788,-0.2226043931626926,-0.7792728780454784,-0.7645193435285639,-0.2694109526506879,-0.9137428050356289,-0.8270911438475215,-0.30129247192054953,-0.31503615650030564,-0.4406600850951995,-0.18499477634991993,-0.6398899177917458,-0.5059807052508556,-0.29416215272395657,-0.8460775373759858,-0.5363038340623699,-0.34606292617640455,-1.0,-0.5452722787554678,-0.3813335884914161,-0.2912044235964966,-0.2567614248368876,-0.2301956280983137,-0.5884303678764626,-0.15247500801376176,-0.3190838630000879,-0.5126530329848425,-0.09682465889248817,-0.27791297525447356,-0.4213090902936919,-0.10984005327907204,-0.23330226737550225,-0.2805909178693946,-0.0644916188993372,-0.27634584307618376,-0.5182629150979272,0.021126217245615326,-0.3290268694748092,-0.44586330612968156,0.04579168002293628,-0.2871219572379443,-0.35955882499337993,0.024567157314623275,-0.24540808735754346,3,Show_Desktop
0.0,0.0,0.0,-0.15344614128299966,-0.19863201049424326,-0.00023498176779694646,-0.35683690697816933,-0.4155702488109569,-0.03433246198672782,-0.5134536733960273,-0.5844753007503704,-0.07475151971187471,-0.5698661007251068,-0.7745968218145771,-0.11828496265764468,-0.3894917162018146,-0.4845280584123818,-0.13230008135534047,-0.6583806379615209,-0.5393859308675055,-0.213895649030836,-0.8142488889076722,-0.5896369582566445,-0.25715274965568674,-0.9455093415341327,-0.6264611958826014,-0.28696869420919185,-0.35675026889502637,-0.35175413943378137,-0.17917848950148035,-0.6641743543290984,-0.3489230228848979,-0.26989902545076727,-0.8553054790722071,-0.3407727036975209,-0.3106988417028977,-1.0,-0.3275508869603111,-0.3414375757584968,-0.3237453854655106,-0.16930513674612246,-0.21700534575763042,-0.5981641178869606,-0.052279391617518926,-0.2948009295398265,-0.5225274277622698,-0.021718453465605504,-0.2554055189633592,-0.43522911077160253,-0.04147733662792841,-0.21507370097471049,-0.2978272154872265,0.022229125093887272,-0.25438511487300863,-0.5120568984458442,0.09939806489497656,-0.3057519010720551,-0.44580153962213115,0.10224632122724606,-0.26796243537075737,-0.3655241944477902,0.07340663995208374,-0.2293867261300427,3,Show_Desktop
0.0,0.0,0.0,-0.1677411164892264,-0.16924661333603647,0.008358673670628038,-0.38360040884939306,-0.35394756478376316,-0.023184413594572177,-0.5435308218567356,-0.5008618594012365,-0.059819980772793345,-0.6191742950492243,-0.6684955074434805,-0.10239670852166258,-0.41486058667447573,-0.37678179400035106,-0.14738331133611574,-0.682719589949213,-0.3913020013534454,-0.22353505983366928,-0.8393747964434983,-0.41533785920976435,-0.2637707448253487,-0.9720347390581634,-0.4294732450496467,-0.2917138902625388,-0.37023842039216126,-0.24589555005542368,-0.1928649318852091,-0.6748992659294988,-0.19236546968404278,-0.2703835153619119,-0.8590243929909923,-0.1572171866919335,-0.30104886237236494,-1.0,-0.11576909395182598,-0.3280133527325861,-0.3199521038004409,-0.07085760759281003,-0.226568315686476,-0.5805534671949046,0.07321768977566782,-0.2924788403436798,-0.501922230387947,0.05894761640616127,-0.25150089272821224,-0.4128921307754904,0.02272347570790733,-0.21411034981075833,-0.2769325783322962,0.1157001076561648,-0.2583172197664288,-0.4868311262411667,0.20104225621791785,-0.3061341672120117,-0.4200526266884044,0.17443888799722929,-0.26807860461703825,-0.3389348328232102,0.1358720290136649,-0.23098920213221757,3,Show_Desktop
0.0,0.0,0.0,-0.18889770523823518,-0.14529359766978833,-0.009163015215666686,-0.4247252632209742,-0.3154406365676981,-0.04915963353851546,-0.596346132602868,-0.4559341772480909,-0.09162120435325444,-0.6766455868475791,-0.6311202531599874,-0.1409654051407574,-0.43661770825135693,-0.3227720046332764,-0.16265306799553625,-0.704458722277535,-0.2942542030280911,-0.24074649955856428,-0.863545775263955,-0.29069982640856823,-0.2778950479053303,-1.0,-0.28098323072594816,-0.30287721465274,-0.37324179411666314,-0.20247095237510768,-0.20437326751136706,-0.6698629342463188,-0.09376127363597879,-0.289431399462515,-0.8538354368629456,-0.026291172010505494,-0.3218909274853897,-0.995587653805787,0.039864419147378,-0.347610671302654,-0.30256483566573505,-0.037256817368480966,-0.235955708159246,-0.541115755137168,0.16678278737347957,-0.31704472304411563,-0.46442915902857146,0.14468495670081458,-0.2841326551786019,-0.38097555352274126,0.0936219287878033,-0.24728063579739412,-0.2401340117189258,0.14260922385882224,-0.265885008096986,-0.4370184149391155,0.28205563252814153,-0.32287437360622406,-0.37348438411141427,0.24324917530231696,-0.28842277379981474,-0.2963925086861899,0.1863892573063991,-0.2520651097489324,3,Show_Desktop
0.0,0.0,0.0,-0.19468240956925845,-0.11787989397348395,-0.014062718056138035,-0.4475231211113691,-0.2304172112763372,-0.05534143013333138,-0.6305329494252575,-0.3316539122912264,-0.09677956576500592,-0.7345065865849821,-0.4752201323092118,-0.1456086377854852,-0.45299557908557436,-0.21161695151373006,-0.16981637067315203,-0.714837937126606,-0.12321445618981057,-0.2445180385046646,-0.869202927161575,-0.07889570248459869,-0.2820609099422102,-1.0,-0.03765827074005235,-0.30910173769390825,-0.38165067115161816,-0.09766178295679148,-0.2072682692148749,-0.6585745821581747,0.07152287596335509,-0.2829498366771333,-0.8233734488200484,0.18569608482121286,-0.30977530543431536,-0.9475725042930367,0.28520307802189127,-0.33532677060620775,-0.2961201790994818,0.05498669954164393,-0.23495355338031682,-0.524295228924637,0.27815955128484665,-0.3059969911333467,-0.4560101925001208,0.23035427423812593,-0.26814336806963296,-0.3744133831958108,0.16243931702706174,-0.2330799978973104,-0.21526824260696056,0.22120412461533565,-0.2620131355443845,-0.4039058678770064,0.37010302109569376,-0.31575302760854257,-0.3517294131651555,0.3195570363962299,-0.2802540040755118,-0.280205122886335,0.2565469252192484,-0.24572056022913946,3,Show_Desktop
0.0,0.0,0.0,-0.19353232223062558,-0.13765815763478367,-0.013870691934373899,-0.45168426546172963,-0.2660113503063792,-0.05982169358281393,-0.6389488859991665,-0.37337778693142354,-0.10590908957330808,-0.7466554893577614,-0.5234253210421522,-0.16001189408584107,-0.4485527057062156,-0.24463426468999366,-0.1840934167739131,-0.7119191722360277,-0.16651553504452915,-0.2634312178956313,-0.8675095791723904,-0.13594032165954098,-0.30057920983870806,-1.0,-0.10878679251107441,-0.3262772630865588,-0.3815961718038556,-0.12291944813162728,-0.22333299399767023,-0.6667096748676473,0.03627279515041133,-0.30539227971746835,-0.839456736483045,0.14053480336168175,-0.3329285718060173,-0.9689518571825464,0.23626599422741515,-0.35782619018066425,-0.29997303747549736,0.0330380157125438,-0.2516634506048875,-0.5349497503434225,0.2547213357977434,-0.3276286450726984,-0.46256815393045114,0.1993415645402769,-0.28860985667883526,-0.3781585705135131,0.12955565373751718,-0.2508795357042099,-0.22170285465125253,0.19755571933507232,-0.27879590774460256,-0.42349974532713885,0.3437179247248761,-0.3335884964749426,-0.36672988470265017,0.285017036070938,-0.2953986610090456,-0.29024602941857414,0.21706230996002407,-0.2582465390728373,3,Show_Desktop
