x0,x1,x2,x3,x4,x5,x6,x7,x8,x9,x10,x11,x12,x13,x14,x15,x16,x17,x18,x19,x20,y0,y1,y2,y3,y4,y5,y6,y7,y8,y9,y10,y11,y12,y13,y14,y15,y16,y17,y18,y19,y20,z0,z1,z2,z3,z4,z5,z6,z7,z8,z9,z10,z11,z12,z13,z14,z15,z16,z17,z18,z19,z20,label,class_name
0.0,0.0,0.0,0.02534352090893362,-0.22477732622227864,-0.01961988919500584,-0.06547564811309992,-0.4456080624189221,-0.06374129508837176,-0.21866447864983646,-0.5287143210083615,-0.10667109098931564,-0.343511087034867,-0.5117665591546519,-0.1542221610851849,0.030572850911887748,-0.43715790515521247,-0.13916667302370286,-0.03915326166369365,-0.7128637407985808,-0.2015670090837464,-0.08268497468594478,-0.8701552539980795,-0.23073644288150444,-0.1236536254517129,-1.0,-0.2474478369640371,-0.0411560223727743,-0.34438040062769487,-0.16600140371101668,-0.1667484906385972,-0.6503626169467042,-0.23062505877197667,-0.24767534544751216,-0.8219416684988285,-0.25476029725145605,-0.31446425697713687,-0.9511336359989211,-0.2725895745183692,-0.1277010032691812,-0.25085779175005835,-0.18512001296037428,-0.27922796853668064,-0.49860778362810365,-0.25312466778485315,-0.24480176008425678,-0.45521418161295224,-0.23836596161602078,-0.19878117791765168,-0.3801312054567447,-0.21226339681604375,-0.21912505014834846,-0.17037715335686057,-0.20248922871197997,-0.3183449647280505,-0.3886117350535256,-0.2466185476086332,-0.2775645922060967,-0.36986384581734444,-0.2242059946176006,-0.22792078714207678,-0.30497615167429376,-0.1992658704234685,5,Victory
0.0,0.0,0.0,0.030155454553980696,-0.22230034498730689,-0.020968728317259443,-0.0591875750112167,-0.43758083512765256,-0.06586658618448578,-0.21005424859598365,-0.518753295804152,-0.10919663493288949,-0.33450714132498965,-0.5053832602344268,-0.15727362491788044,0.03749585140888726,-0.4337810735903337,-0.14091423069235623,-0.02962736953758752,-0.7083842232218843,-0.2040655443700153,-0.07283957863323551,-0.867986158152008,-0.23520535332758366,-0.11195765396529675,-1.0,-0.2526598602631809,-0.03410860429142064,-0.3423904476968928,-0.16630546136491356,-0.15461772604867458,-0.6456366502800469,-0.22735033452315845,-0.2340112466527639,-0.8213759617394767,-0.2508147393845055,-0.2990318088401825,-0.9509490554524059,-0.2690670843028331,-0.120397786732314,-0.25047763633321724,-0.18411692866070378,-0.2641326653635225,-0.49566186705811416,-0.24729783461316435,-0.23069070978801268,-0.45852664431696716,-0.23197676996593755,-0.1859084650621313,-0.38448053285911066,-0.20665901889713642,-0.21098017480203998,-0.17080184513600571,-0.20058861280565837,-0.3081739876000616,-0.39004819172859423,-0.24033744794783288,-0.26839682707280554,-0.37310847692173177,-0.21580989570583894,-0.22026560664428066,-0.30701374352222266,-0.18990848665218363,5,Victory
0.0,0.0,0.0,0.025543541644355624,-0.2204761810428713,-0.018358384004066895,-0.06625183893868605,-0.4343571314626863,-0.06304318722291896,-0.22086254993639212,-0.5176163511792369,-0.10640920893107163,-0.3456518083449425,-0.5133543775789268,-0.15422561772306412,0.036543735126696675,-0.4402862704543528,-0.1386923854553334,-0.03345069871850345,-0.7116560524448855,-0.20264049614272298,-0.07361653051159918,-0.8688980637020127,-0.2341848017369841,-0.10925317752667606,-1.0,-0.2516681617343388,-0.03362094530497002,-0.3517349586842963,-0.16436409611775943,-0.1580341121729884,-0.6513406509079595,-0.22676555827230074,-0.2377774345373575,-0.8217437808236807,-0.2500099890268476,-0.30147051047612294,-0.948682495478337,-0.26780824190662894,-0.11975082334257947,-0.26202439128653243,-0.1822742455400456,-0.26326571679100524,-0.5072777809139427,-0.24498371177156814,-0.2350228060420707,-0.46549393628726304,-0.22708452858281533,-0.1940105076252746,-0.3906913396618989,-0.20024659901366432,-0.21118217710381512,-0.1830331030560826,-0.1986354005119534,-0.3100868049064977,-0.40058440901720055,-0.23728150596861716,-0.2734733625160509,-0.37864613301188554,-0.21107917110296526,-0.22880292222382256,-0.3105407958037419,-0.1839708838476724,5,Victory
0.0,0.0,0.0,0.026302789470007994,-0.2262192994252948,-0.018586770534291044,-0.06500130388038078,-0.43772924949955866,-0.06281662606642988,-0.2136660067587321,-0.5211719345370137,-0.1052912648111423,-0.33743977465134417,-0.5088369729541997,-0.15223921481481342,0.030941654815577996,-0.4351027235834654,-0.13978319192251631,-0.043423312249341844,-0.707461963701936,-0.20524359982931845,-0.08366399471716221,-0.867083729672758,-0.24007036766697543,-0.12013168968451159,-1.0,-0.2598628399507677,-0.04013047441736057,-0.3463274582017352,-0.1647749430733341,-0.16518086853773128,-0.6473555354897474,-0.22503430357176044,-0.23826191181479447,-0.8222184791199678,-0.2484341720369629,-0.2950889058768145,-0.9523984622700505,-0.26705091803108644,-0.1255549682757191,-0.2577000801093383,-0.18208045527790764,-0.2704268759904762,-0.49966036559584653,-0.24237568924140765,-0.24220095603994476,-0.46658886574023395,-0.2270272076626088,-0.19855633411089582,-0.3946362635420004,-0.2028697519316189,-0.214599796591682,-0.18091962065197592,-0.1981777372644167,-0.310273192353408,-0.39468630395410104,-0.23667175244602243,-0.2720210205473974,-0.38033125859231853,-0.21309661222489445,-0.22238435712888965,-0.3167517874926671,-0.18810071896407207,5,Victory
0.0,0.0,0.0,0.029371065812243302,-0.21980988164546295,-0.016440299410059898,-0.061802349379063086,-0.43066170679637616,-0.06196638578511129,-0.21655288414416046,-0.511692034142712,-0.10601467277313684,-0.34110230580533274,-0.508230601847328,-0.15488457952115114,0.03495099493851271,-0.4355816507614296,-0.14422386600469406,-0.03557510644643546,-0.7123491374037472,-0.20742723914877662,-0.07522119709630545,-0.8699784202714059,-0.2373597501499052,-0.10908682639898618,-1.0,-0.252968616856168,-0.03667022851517148,-0.3432274069907994,-0.1702014568292042,-0.16046210068608738,-0.6519644727751243,-0.2295808148589211,-0.23729761218059128,-0.825401128233901,-0.24975841270806293,-0.2984336722417926,-0.9535298098801445,-0.26567092962609284,-0.1239202067883459,-0.2517479400042418,-0.18762978569784375,-0.26444556218142434,-0.5020138028008767,-0.24579079040629825,-0.23484439465161355,-0.4607046155882881,-0.22559685053204218,-0.19419219062088589,-0.3851225805735011,-0.19820883599465694,-0.21506780495719852,-0.17257868975909266,-0.20323786438452582,-0.31098975109238275,-0.3976393334945396,-0.2372767078959951,-0.27403373414260696,-0.3768566304192669,-0.2076385222082619,-0.23098940286277758,-0.30808788774878715,-0.17868336187329503,5,Victory
0.0,0.0,0.0,0.03202432836966648,-0.22302762868589826,-0.015148522024613736,-0.055152528734018526,-0.43696437815070577,-0.05911678032073177,-0.2072756306190729,-0.522677166106956,-0.10167209586399954,-0.33109080693613024,-0.5236134355637824,-0.14866377017485055,0.03925924642630026,-0.4347835827114686,-0.14194748550831274,-0.03199654943858183,-0.7124444533390126,-0.20456702078770456,-0.07348468171169592,-0.8696352686088221,-0.23426279146038184,-0.10803853565007628,-1.0,-0.250557412115182,-0.03444617324315436,-0.3485867543485228,-0.16749964030207506,-0.15873911730504942,-0.65026251089875,-0.22788159015005263,-0.23616138782344906,-0.8216298406654279,-0.2492142223889658,-0.2972760816533303,-0.9492529707774606,-0.2663862876270387,-0.12230271806386227,-0.262074052656308,-0.18440367992618134,-0.26013311185858673,-0.5214996978667872,-0.2442759759982106,-0.22942977620635982,-0.47993778714229773,-0.22535462218453675,-0.1887466355383333,-0.40207613159566663,-0.19904369932961535,-0.2124555051718097,-0.18680255840968307,-0.19930982074266088,-0.31061176076306635,-0.40893707952630054,-0.23682599524930856,-0.2708109745297072,-0.3923124347157782,-0.21152157326165733,-0.22337740425901792,-0.3273158592904544,-0.18535505230992128,5,Victory
0.0,0.0,0.0,0.02609943468743288,-0.21266673418515722,-0.014094263850979696,-0.053874448334865765,-0.42424417988400087,-0.05635165281365244,-0.20270996813215697,-0.5178239232754075,-0.09927223956997422,-0.32361612524355676,-0.5334777462445788,-0.14686609543155954,0.047100633656611275,-0.4367020784933411,-0.12548441392040727,-0.023691029490396084,-0.7148439106650762,-0.18625727471570727,-0.06025199728687707,-0.870780960434312,-0.21692948394283137,-0.09047713607201893,-1.0,-0.2339958696559188,-0.025378402073200954,-0.3566311929234725,-0.15228133083153364,-0.14010617503770642,-0.6509538755834711,-0.2118247433044986,-0.21511169961288906,-0.8160589928806322,-0.236631707497733,-0.2731588791163982,-0.9435583748210871,-0.25576024501332084,-0.11136629562455119,-0.27659893146828984,-0.1717228508260732,-0.2408965394120024,-0.5347533739712091,-0.23292300010385383,-0.22425087276494263,-0.4919917615647897,-0.21992628035261672,-0.19369949288896143,-0.41758034073840167,-0.19762441063588332,-0.20326883843282212,-0.20708967738102557,-0.18932112892765962,-0.2930214038037677,-0.4226533675879108,-0.22959550313960606,-0.2609353787603045,-0.4023236680171839,-0.20823380629084734,-0.2210888550706755,-0.3375822807893531,-0.18426055909223815,5,Victory
0.0,0.0,0.0,0.024323469641593418,-0.1944025156372543,-0.011223072090093862,-0.04931769889032898,-0.3982377592070266,-0.05070195468307666,-0.19072002411938488,-0.49846966818674104,-0.09258789755089158,-0.30369271855039337,-0.5264858107901728,-0.13898019785668442,0.04144561916020107,-0.4448897433197191,-0.1139971093110976,-0.024901988405614747,-0.7141930392658784,-0.17626643122237043,-0.05331429555273008,-0.8702546683060312,-0.2101750275370828,-0.07744386187336441,-1.0,-0.22885516592570063,-0.027245240136954098,-0.3684991290306551,-0.143809668927631,-0.1378397316110585,-0.6685348856540263,-0.2001683776865145,-0.19900255280712287,-0.8301054356905807,-0.2215385827392764,-0.24628213936147758,-0.9541941394696745,-0.23734987134689403,-0.10590586054552177,-0.2837021371458738,-0.16774395477303808,-0.23357083450913815,-0.5258911840700216,-0.22770943056027265,-0.2184278361285956,-0.47510188662156744,-0.21126772821676257,-0.18502115081013143,-0.4003699359283251,-0.18538060912623602,-0.19231000095887926,-0.20403294593698842,-0.19015620022364219,-0.28985963131927656,-0.41353591063670647,-0.22833129644208675,-0.2644687816413065,-0.3932526507085449,-0.20406139335271753,-0.22578202987296445,-0.3316857629525823,-0.17779756083534334,5,Victory
0.0,0.0,0.0,0.04365872154026629,-0.21475239945261854,3.105500171409387e-05,-0.015932281230003308,-0.4266840350778588,-0.03126410015159973,-0.14287612112964002,-0.5381262974837344,-0.06474901447521904,-0.2547235395972424,-0.5726368476213461,-0.10151723233406543,0.07423012082847802,-0.43280886462227164,-0.10612540351731048,0.04256678387538986,-0.71570833332081,-0.16704919653245603,0.0294863745234983,-0.8730013077403743,-0.19818296400593832,0.017541784724474343,-1.0,-0.21567363459632705,-0.00014997987744930815,-0.37406198707407895,-0.13710569709315237,-0.08117127371387747,-0.6838699196570721,-0.1936477821530827,-0.12176833188412897,-0.8481072028512407,-0.21294559379939587,-0.15312765151048371,-0.9863558135837286,-0.22736535877281278,-0.09186778447260432,-0.3068334318672074,-0.16180249315929138,-0.19483392959601914,-0.5476032824854461,-0.2162024338886865,-0.17535668310634475,-0.5031035916123078,-0.2014070241746191,-0.14373302018897466,-0.43706661000092273,-0.17877550399481154,-0.18781959013715493,-0.2475156389338144,-0.18434040741107663,-0.24256344764965904,-0.45254339122236004,-0.22322862671712365,-0.2336536210221895,-0.4747366560738995,-0.2118882769904988,-0.22133333012735065,-0.46261428451633596,-0.19664814988931528,5,Victory
0.0,0.0,0.0,0.02854623936296397,-0.19274875896579285,-0.011136330337068394,-0.04285226635174528,-0.40590298385077755,-0.0460193168575092,-0.17749490883015062,-0.5181728287144529,-0.08341030271177015,-0.2890335316964188,-0.5601834095724576,-0.1235733526258983,0.061158307863000236,-0.4443399547315957,-0.09474660936708766,0.01848324658858983,-0.7213909007278463,-0.15068403001972916,0.0027634413411411715,-0.8784967200452545,-0.176460880007134,-0.008991728601540634,-1.0,-0.18784107272808398,-0.007091138487003892,-0.38452018635423574,-0.12156317770193079,-0.10498636084809083,-0.689068354734284,-0.17641526553539633,-0.15681552433893198,-0.8604840634004851,-0.19597877559564683,-0.19420332374618332,-0.9924296971299498,-0.20757124362283755,-0.09163294633258488,-0.3118081692467618,-0.14381087347588323,-0.20979922448445798,-0.5387244463364859,-0.20205048278117368,-0.19824736917278987,-0.4907421934172562,-0.18728315482439997,-0.16933281515911416,-0.42121863174660634,-0.1604245350449299,-0.18672764869641872,-0.24128966363710871,-0.16446910189013803,-0.2592226011712375,-0.4332069337395918,-0.1989683581154706,-0.24165365244460738,-0.417632198734181,-0.17627195266716375,-0.21996124816953103,-0.3729582889065373,-0.15066392643586848,5,Victory
0.0,0.0,0.0,0.025572477157268413,-0.1978738459009623,-0.00821488948449869,-0.04362172051786555,-0.40868352072398545,-0.04476607676445503,-0.18007418472865408,-0.5125860164345897,-0.08398316843885424,-0.29156048163321496,-0.5510742923510372,-0.12704747217688006,0.054032318190901124,-0.4456588834646713,-0.10288553180731083,0.0024338237596838288,-0.7119056903626143,-0.16524217108299472,-0.021274576493204925,-0.8703196384778157,-0.19701174814292607,-0.04592916348793811,-1.0,-0.21311323700400941,-0.01301865205588161,-0.3887617750730346,-0.1332176565481706,-0.10087205924222714,-0.6872983173232453,-0.1939144649801697,-0.15597726290367733,-0.8580139648387978,-0.2177465634115695,-0.20293559523682728,-0.991157636904971,-0.23184449946225408,-0.09473519886215957,-0.319063802904469,-0.1579286777319755,-0.22602465013584744,-0.5220273767815121,-0.2207577844359915,-0.21273527294196834,-0.4636257806000878,-0.20766443656436323,-0.18126772808513392,-0.393376978952273,-0.1815359236751919,-0.18685137444275213,-0.24938570192923853,-0.1807707833758236,-0.2650138390938863,-0.4185839851217222,-0.21732183652522494,-0.237941007355044,-0.38096670335153904,-0.193107018910191,-0.20408701166343668,-0.32501896109268036,-0.16585999629057316,5,Victory
0.0,0.0,0.0,0.024042337808667883,-0.22674987436100105,-0.005302799674115503,-0.05059763988499632,-0.42754228003407874,-0.04182150947838957,-0.1847196439684711,-0.5327463975654692,-0.08267102641555865,-0.29686813811573015,-0.5376086775037175,-0.12886147643261459,0.019718550213489547,-0.45691425458524754,-0.10385756489942442,-0.044453998803227486,-0.7188957552907979,-0.1682134814320055,-0.07436575572019112,-0.8752044916379805,-0.2027764383188932,-0.10336233365848049,-1.0,-0.22091841950999327,-0.04997658608754721,-0.36921979978478736,-0.13764672699464986,-0.18488808407852111,-0.6561853548880159,-0.19653968523974716,-0.2674867648275673,-0.8058554500050772,-0.2140155079102748,-0.33200596137929966,-0.916181694909257,-0.22577164625304896,-0.12870059143856147,-0.2724623824766262,-0.16651571938185716,-0.2679762363070999,-0.47168980629571633,-0.22898555358260791,-0.23920983528068407,-0.430421057888664,-0.2121696696802302,-0.19285600158193644,-0.36425173798311583,-0.18518134613663362,-0.2097599064991529,-0.18047620636014375,-0.1941923967477266,-0.30118418557456045,-0.36352932525729964,-0.23245785707114267,-0.26954250818381204,-0.34059640699184945,-0.20585855600545488,-0.22704860676624292,-0.28446033097191603,-0.1773900235297778,5,Victory
0.0,0.0,0.0,0.013906059138313893,-0.22590305153214033,-0.009643039314385985,-0.08439119173792892,-0.4226473698839583,-0.051158787822290705,-0.23814096462810577,-0.48592526168038286,-0.09309525693882374,-0.35827328022034965,-0.4824235425836881,-0.14031229707015935,0.004896466106108311,-0.4582989506767331,-0.1281733583267195,-0.07189744132327734,-0.718901564640334,-0.1946471975516105,-0.10861334872404389,-0.8734433491620027,-0.2281980666830168,-0.14359758437536452,-1.0,-0.24600645797362064,-0.0616639485758317,-0.37558717916807777,-0.15710221733997665,-0.18223812557102673,-0.6586854818392361,-0.2186136798275046,-0.262101430390785,-0.8188725986523878,-0.24039364737519114,-0.3321714777813961,-0.939458917079656,-0.2557160262459773,-0.14369861843511683,-0.27733892764270196,-0.17846485026155645,-0.2935398258485018,-0.47727904436522645,-0.23798755701605193,-0.2640620548593263,-0.43122615888885085,-0.21916043724125814,-0.22187469781926872,-0.36544908338692184,-0.1919717462697571,-0.22910622148660562,-0.17813865775601184,-0.19773616216063686,-0.3179233988378048,-0.3532569174725181,-0.23157983493516657,-0.2799905296829829,-0.329532776012693,-0.20284607897881848,-0.2396768557853707,-0.27614494788507093,-0.17383256870868463,5,Victory
0.0,0.0,0.0,0.03360762303017376,-0.2257696838095355,-0.015002157268344364,-0.05261351868563431,-0.4293748739484205,-0.0534061626537715,-0.19179395184539513,-0.5067894309596475,-0.09125824414993614,-0.3042330556567131,-0.5065844637007583,-0.13360761264931523,0.023233783334278606,-0.4483269000037884,-0.12452624645056223,-0.025105423464327703,-0.7073750767258583,-0.19022227672089784,-0.04391992875197932,-0.8660300272654631,-0.22692684061473267,-0.060532787863485676,-1.0,-0.2467974692663963,-0.05522882207549934,-0.3653464745959944,-0.14846943603016693,-0.16748890800846059,-0.6460252665943004,-0.20596303956261122,-0.239973301700637,-0.8186944154962256,-0.22696172720280083,-0.30087748322980223,-0.9503328856608979,-0.243265999456256,-0.14524207706287173,-0.2708335751260844,-0.16626295089675316,-0.275306613281747,-0.4797950677782491,-0.2218170572165113,-0.23946471574041248,-0.4430003790580397,-0.2036201088636619,-0.19463327393808455,-0.3712675319817903,-0.1775973008910487,-0.23241217777055623,-0.18168508050767937,-0.1831546016123977,-0.30573001738936967,-0.37770100751480923,-0.21685311590634568,-0.26783352016157375,-0.3512678954920999,-0.18906172626117773,-0.23003644081362368,-0.28055572405012674,-0.1605083062313655,5,Victory
0.0,0.0,0.0,0.037426705656645604,-0.2156436223850641,-0.010296863553861578,-0.03593248819632393,-0.40995475073061943,-0.04861014611041652,-0.16326500348377765,-0.4893034303921751,-0.08710948565346176,-0.27350753106847947,-0.4877669383747624,-0.13082114251951382,0.013667297907697157,-0.4401193072107557,-0.1336889095862616,-0.05146739192985345,-0.7119486932956537,-0.19814793967512226,-0.08045490079423047,-0.8670538219298269,-0.23171587466703478,-0.10708742909605044,-1.0,-0.24918229406074238,-0.0678570827811081,-0.36324114381228856,-0.15921810791457952,-0.1776569448465323,-0.6527198254835457,-0.21233426290417245,-0.24517627383643156,-0.8271583706721699,-0.22824871082059012,-0.3029358241236772,-0.9637018700847527,-0.24196585009909846,-0.1584556639495857,-0.2749541619854788,-0.17755424055399038,-0.27415747471715884,-0.49564837661274114,-0.2266662784222549,-0.24252570337337687,-0.4576470911120732,-0.206848405956847,-0.20189598068561806,-0.38431091586610605,-0.18219143853437322,-0.24510732868180404,-0.18824882405904803,-0.1947397471758239,-0.3105067324998827,-0.3885622755132485,-0.22217398423294812,-0.2758262130584557,-0.3650540804464901,-0.19350350688015874,-0.2424524422299364,-0.29948447173624926,-0.1659443966467058,5,Victory
0.0,0.0,0.0,0.025458525758184882,-0.2287472311654499,-0.0222142730665826,-0.07788457098970844,-0.43766966325791745,-0.06445082767920476,-0.23556056301231182,-0.5175708804753105,-0.10386607431521859,-0.3578032429851499,-0.517228992048504,-0.14574840602582062,-0.008007576499787727,-0.4517771779340074,-0.14162567190938713,-0.08929053646978803,-0.71982986658919,-0.21361884709117018,-0.12054494943181882,-0.8737442976366231,-0.24806921583743288,-0.1457642884250047,-1.0,-0.26562300752197665,-0.08739415929343058,-0.3558689157429711,-0.16258551015426978,-0.21663248908513313,-0.6397471196800933,-0.2304015317261232,-0.2897788198092587,-0.8060852986850359,-0.25380336380214946,-0.3525383188683898,-0.9402974519402394,-0.2698249356555879,-0.17578324093562114,-0.2499571513351779,-0.17772505265890656,-0.30152329537200634,-0.4609169501660456,-0.24543143288703487,-0.24973451845645708,-0.41516471116846787,-0.2295490628885326,-0.1958847263935388,-0.3519603967977802,-0.2021586732641031,-0.2545946043339651,-0.15201219807456906,-0.19131164074528856,-0.3118123802799296,-0.33485696653975355,-0.23487537433357425,-0.2555190319017037,-0.3099060932940995,-0.21453827752487076,-0.21358049299049897,-0.2581302666977474,-0.18980668696666694,5,Victory
0.0,0.0,0.0,-0.001302871478688745,-0.21599044039558493,-0.012546790774557885,-0.1248819405389209,-0.3940595227481896,-0.04682958021183627,-0.2882283070558166,-0.4469689301684572,-0.0796316313071443,-0.4148607786528385,-0.443834307638098,-0.11409556761905053,-0.06543918342960192,-0.44918075057105367,-0.11253544130687841,-0.162024837900757,-0.7222365595434163,-0.17593608808391936,-0.21000239302924656,-0.8771156020814662,-0.20601188242551122,-0.25573282442918654,-1.0,-0.2195730657706533,-0.1451210244935816,-0.3623678611033094,-0.1319320842845665,-0.29032036427669855,-0.6419880777540113,-0.18728263011197033,-0.37898142754584463,-0.7990628531030841,-0.20657697304445674,-0.45654350498123225,-0.9202147067846512,-0.2184238363774616,-0.22741654059133964,-0.25719165617063033,-0.1449264174304347,-0.34872670064276634,-0.4722425365305634,-0.2007359483899992,-0.29888968805489624,-0.41918230793929345,-0.18103524015612404,-0.25610663749450063,-0.35013995087475164,-0.15140703556932825,-0.2982073060456499,-0.15516102226813144,-0.1557963645581181,-0.3512654119685872,-0.3211854141850998,-0.18613317728000678,-0.3033827065987502,-0.29011066698931226,-0.15704973038391765,-0.27365294909014615,-0.23597659166050533,-0.12595434303157996,5,Victory
0.0,0.0,0.0,-0.00829747302823948,-0.23596784364501758,-0.018973264744847926,-0.13588592985960826,-0.39839054662753254,-0.04721539968974179,-0.29355316847870894,-0.44545560840878384,-0.07538803445681687,-0.41253979372137245,-0.44048574476893393,-0.10360206057904789,-0.09782840056592568,-0.4502822444907675,-0.08094188746599912,-0.18804540578820578,-0.7195493901887796,-0.13728803421368366,-0.23716372744414624,-0.8796559178952446,-0.16467255478485218,-0.28453137954440816,-1.0,-0.17463325230305898,-0.17868201470779035,-0.36464277433547826,-0.0950271877653403,-0.3116973150800715,-0.6304121174050438,-0.14678670957980358,-0.40609565876830045,-0.7871390936303744,-0.16522182860124107,-0.4909271530936821,-0.8988176874540396,-0.17302278495463208,-0.2593237714203112,-0.2580043317495047,-0.10671322616181937,-0.3660010048032069,-0.4343596722476051,-0.15956529325818344,-0.3169311992721918,-0.4026226115202257,-0.14743518450470305,-0.2725953076618565,-0.34523190376169055,-0.12059156623178427,-0.3277085204261727,-0.1548258956308743,-0.11810083236958466,-0.3709475497588671,-0.32096831554445593,-0.14167675424779305,-0.32121951634617657,-0.3040970817606115,-0.11567805838112376,-0.2857006292066188,-0.25390510599612887,-0.0862839037674171,5,Victory
0.0,0.0,0.0,-0.0013468888220419819,-0.22466730671225457,-0.01766410975367821,-0.12230120699061013,-0.39791232232583496,-0.044631787885599274,-0.27852479319515233,-0.4535027422133267,-0.0707300378944108,-0.3976602794373126,-0.45264442201600175,-0.09676813815605216,-0.07775500943553698,-0.46236081945638097,-0.08128454167028815,-0.16746210545146378,-0.7288399798099681,-0.13113162013409893,-0.2189962308836996,-0.8843165259667353,-0.15362784724934725,-0.26893718811909284,-1.0,-0.16173397991612284,-0.1595501311531882,-0.37970649084698604,-0.09461336680905028,-0.29356213300549283,-0.6483267965481873,-0.14037567268670376,-0.38828115838645555,-0.7985066735947057,-0.15516548620821727,-0.47183115919556423,-0.9007939683498861,-0.16170208662624935,-0.24140355302887054,-0.27336057406370057,-0.10454705287311794,-0.35850762235773376,-0.4588404209404414,-0.1510991887315501,-0.31109828852460036,-0.42249503839054325,-0.1353885846199924,-0.26703921871581376,-0.36028477964646166,-0.10839230020211726,-0.3124025051777412,-0.1694357763907414,-0.11403351936704176,-0.36150952631232436,-0.3316310278317861,-0.13602276509378428,-0.31430102876503196,-0.3146976028438063,-0.11003127170752709,-0.27932459156084155,-0.2664935691378914,-0.08141062546025063,5,Victory
0.0,0.0,0.0,-0.009518532396640142,-0.22371431832481162,-0.008370397566591432,-0.13644808334128072,-0.3919965414136688,-0.0321431302071527,-0.2937453447772793,-0.4368632315478592,-0.05748850599560803,-0.4074659024372253,-0.44374264957654797,-0.08251067593117854,-0.08479821675917279,-0.4568668586115155,-0.07117693402578293,-0.1666298577174072,-0.7314720226161168,-0.12055751933827018,-0.2146433856609647,-0.8856903172895053,-0.1406714914116259,-0.26093438572010635,-1.0,-0.14832516586498573,-0.16300366700063879,-0.37901440328364927,-0.09043155171210478,-0.2939716543447618,-0.6451712587285767,-0.13662395734570718,-0.3817403751326595,-0.7873905633929762,-0.14985034122216528,-0.46313663751121453,-0.8894365371886416,-0.15606348817127444,-0.2414785281978011,-0.27318816494803067,-0.10642652461715361,-0.36666263659593745,-0.46192336071235357,-0.1560092295249723,-0.31286599352846295,-0.4135738601756049,-0.13894971370959988,-0.2689841973943192,-0.34933817000016804,-0.11147464513474564,-0.3082713855448637,-0.16665462737595038,-0.12117380099132953,-0.3558116711575767,-0.31197548611273274,-0.14948680283606894,-0.3088551638409251,-0.2891284768362228,-0.12694521326996572,-0.280585672574794,-0.24317955994682924,-0.10070950056177783,5,Victory
0.0,0.0,0.0,-0.0029419099943381057,-0.22929598915526167,-0.016525782991137303,-0.12839643905908674,-0.40731255760086776,-0.045150672739266706,-0.2897747003896362,-0.46579726469119925,-0.07240361317369154,-0.4090220719442619,-0.4692787502108723,-0.09940583758130672,-0.07942470174179443,-0.4556249568060563,-0.08936539195287724,-0.15860365408959187,-0.7246950024660791,-0.14188068931608283,-0.2031612386456268,-0.8827309647241233,-0.164508628167624,-0.2465436259904559,-1.0,-0.17333270819564586,-0.16426157780125333,-0.3728434685820668,-0.10321238435589422,-0.29150846772999245,-0.6448534925818024,-0.1512143103228698,-0.3790523431185233,-0.7961557068160365,-0.16453202265141936,-0.4573620508849339,-0.8985246021971928,-0.17130300868383938,-0.2488189005107724,-0.2666419557960156,-0.11305291714487298,-0.3623462134632893,-0.47489535797638144,-0.1576901287971288,-0.3079008108227604,-0.44049215984313245,-0.13504849397772345,-0.26274774007140256,-0.37688127063382737,-0.10554136289907465,-0.31886992624084126,-0.16342334700801722,-0.1227474490384225,-0.35909180467623536,-0.34012982436108374,-0.14385828781007903,-0.30754452785853764,-0.3220948236377864,-0.11499571902707724,-0.2755579369756899,-0.26867255406379353,-0.08527491206977239,5,Victory
0.0,0.0,0.0,0.004984639405588664,-0.22433962896696133,-0.010431868473983686,-0.10508922853664687,-0.4057925893753415,-0.036193180370121855,-0.2567793423440564,-0.4619700637634962,-0.0618607481784927,-0.3747312403122129,-0.4587960889900188,-0.08820452926776139,-0.06519214782898546,-0.4654361535457274,-0.0833872941299132,-0.1485493436273979,-0.7251571452761821,-0.13348801428522955,-0.19275159739718695,-0.8785303369337363,-0.15772547239779505,-0.23452222860689967,-1.0,-0.16929045346690608,-0.1544902966782381,-0.3859010093128742,-0.10004321467975565,-0.28537287477255924,-0.6419791048084309,-0.14431006926733858,-0.3630020112801663,-0.796576916038502,-0.15852702701337235,-0.4351553793469991,-0.9184996990233152,-0.1677673128547415,-0.24125742272138015,-0.28140455216825994,-0.11195887922965617,-0.35372607854605304,-0.4834561049154116,-0.15618943964845686,-0.2964950256102438,-0.43628615056692305,-0.13619011815389567,-0.25374961003286933,-0.36817466769248575,-0.10975057357571466,-0.3097786780386527,-0.17624784677286584,-0.12317861527128854,-0.3404011072183797,-0.33264831509643106,-0.14681401324702548,-0.28928087391927587,-0.3090926988971164,-0.12137902773426436,-0.26079880642832387,-0.2594660317008845,-0.09475352141759759,5,Victory
0.0,0.0,0.0,0.01029537257930897,-0.2322092315869684,-0.0016317873764685182,-0.08674062400727531,-0.4228393639087347,-0.02571121020990203,-0.22028272799187756,-0.48549443658915886,-0.05257814253748198,-0.33235540218716064,-0.48411183711944256,-0.08189399366459434,-0.06320705356197405,-0.4790772565605476,-0.07309459231002474,-0.14299377736805716,-0.7295569826567753,-0.12451830874944181,-0.18502000502461438,-0.8800861243820451,-0.15178815753346436,-0.22408389029730352,-1.0,-0.16369921874447949,-0.14949525464621108,-0.39672922519200465,-0.0970427453489821,-0.27709782841149516,-0.6540594524000839,-0.13953649442762978,-0.3580533979473827,-0.8083670210888464,-0.1530162812552502,-0.43137788629837487,-0.92404942393419,-0.16048911044535297,-0.23383662528626806,-0.29094842710883273,-0.1164911109478144,-0.3426594951715947,-0.4843998181172645,-0.15957432437557728,-0.29548843611991804,-0.44034287802437144,-0.13816448402127968,-0.2566476478783462,-0.3723750023358228,-0.10978811704586913,-0.30307944496697664,-0.18321363539155658,-0.13467033966950684,-0.35038535885505234,-0.35233821053134257,-0.1526859310271701,-0.3032341283436006,-0.32576069962564547,-0.11725081136037262,-0.27221917700138487,-0.2699364033311948,-0.08310420292317304,5,Victory
0.0,0.0,0.0,0.017698056237721776,-0.22694613366943236,-0.011241616686622798,-0.07453728165018507,-0.40650644188677926,-0.043240515987210924,-0.20934989872162038,-0.4682505033188209,-0.07552741063454561,-0.3231062008346068,-0.4661095928971763,-0.10979317490576229,-0.043339197447461134,-0.4575945058297298,-0.09936786307550105,-0.12015158055528866,-0.7238967192033109,-0.15382497992270416,-0.16395604188481247,-0.878204118292164,-0.17980679734463417,-0.20453520629874283,-1.0,-0.19063489995918773,-0.13232834149508482,-0.37916384028931177,-0.11871083508120221,-0.25819861133789285,-0.6477952412785558,-0.16586439992241325,-0.33724727269523824,-0.8096747024902783,-0.17798602473615915,-0.40685953845249256,-0.9311030441697478,-0.184574868626093,-0.22025573738384024,-0.28022222855048484,-0.13250222917446108,-0.3296722399311139,-0.4855859364516325,-0.176185470414501,-0.2803767018957403,-0.443850065794582,-0.1507328624885433,-0.238587257260196,-0.3734192347177409,-0.1207117284247327,-0.2934535671357753,-0.1816307427361163,-0.14587667071951416,-0.3386385571615912,-0.357359333478246,-0.16590865223352091,-0.2896312737638496,-0.3339578509029008,-0.130550377020613,-0.25636234529873486,-0.27635322440572324,-0.09665200552614896,5,Victory
0.0,0.0,0.0,0.026167162240678082,-0.20299248582853627,-0.011350957912758104,-0.04848681073304266,-0.37860308346312654,-0.04441383493350386,-0.1622981492060237,-0.44211833884242374,-0.07716774108814248,-0.2657638715966923,-0.43088532791701045,-0.11252482850853734,-0.03032105302560547,-0.4349117650409561,-0.11037319608448874,-0.10618405569958939,-0.7188903210896443,-0.16684563222135504,-0.14636308486277727,-0.876058892746066,-0.19087153735595752,-0.18250316548916978,-1.0,-0.19863036797217817,-0.1225565108985595,-0.363493162055143,-0.12922170311691994,-0.24141015218760528,-0.6491458061744128,-0.1771636697930261,-0.3201994014051842,-0.813662544206992,-0.188165702745036,-0.3880836828391427,-0.9345201476468779,-0.19226878498753688,-0.21314371727706086,-0.2736313124655173,-0.14178443310313502,-0.31334965716694413,-0.4766392595522094,-0.1858578175237203,-0.2722125385921141,-0.4313941253729011,-0.16179665410880034,-0.2335671238316578,-0.35798000289695153,-0.13136315094575243,-0.2892935669773566,-0.1820522460325598,-0.1537480393358123,-0.3315486769231771,-0.34800362607191276,-0.17246920714091582,-0.2887068529178649,-0.3182325666176789,-0.13686117943189996,-0.25775402440274786,-0.2609337542050553,-0.10205522991941783,5,Victory
0.0,0.0,0.0,0.03339859545421452,-0.21284279830856323,-0.011520197307783175,-0.0325497287522604,-0.39736603391924946,-0.04131011005495116,-0.14356423662011739,-0.477048919042831,-0.07024324839720146,-0.24562619168960678,-0.47638973882689534,-0.1010454731796228,-0.022560393697843597,-0.44186856930345314,-0.10184821571366896,-0.09488151481581324,-0.7194222039444557,-0.153979329364209,-0.1342399848880476,-0.8758021829687509,-0.1780767935864649,-0.1710145668989211,-1.0,-0.18717338218126978,-0.11957893141967742,-0.37016707758846296,-0.11918314887082737,-0.23057828798107857,-0.6518772862239206,-0.16216814317432968,-0.29811307203560755,-0.8183307195689945,-0.1727387743344672,-0.35679860765396776,-0.9453519923967989,-0.17829930380375825,-0.21243371303425573,-0.28307540037819234,-0.1307751404215144,-0.28881656490367114,-0.5155847912366418,-0.17004009544968204,-0.24516673324058896,-0.47574570991741555,-0.14573473119850094,-0.21158553502804958,-0.4025881186209556,-0.11711181032177156,-0.28844230795719067,-0.19848211457142464,-0.14206505279973822,-0.3177127627128316,-0.38748954658239654,-0.1567670959632523,-0.27611721208090406,-0.3609674797867798,-0.12136241588210427,-0.25126060837414677,-0.301797692672474,-0.08818986635996073,5,Victory
0.0,0.0,0.0,0.0337891456578942,-0.21521959089140602,-0.010003397990838018,-0.042353708724035884,-0.39617585387456095,-0.04007570986893746,-0.16232747935921168,-0.4599817706304906,-0.07019453068758802,-0.265494134410463,-0.4610720579373013,-0.10210654225693215,-0.024904231388444283,-0.434879393921292,-0.0979793789834309,-0.08287589094628153,-0.7159511668416788,-0.15284331708166138,-0.11446035268305357,-0.8742093464854974,-0.1795081745741802,-0.1450842488525629,-1.0,-0.1905614379885696,-0.12125293045216372,-0.3674324836901023,-0.11631903393336455,-0.22567814992006838,-0.6582690141909141,-0.16039253179173574,-0.2871288703979285,-0.826787412325576,-0.1721640231895934,-0.3436112189685394,-0.9554672783988609,-0.17921131042397861,-0.21329113911695122,-0.28471354726390596,-0.12925090776535644,-0.28360461672740844,-0.5245771451964011,-0.16848271739045576,-0.23512138499479648,-0.48026248105662406,-0.14323674632904299,-0.2034287730041349,-0.40404173506584573,-0.11454005742520047,-0.2873079820548665,-0.2040274061332907,-0.1419524742651711,-0.3046735160526016,-0.39415633333938505,-0.15698178464332022,-0.259893454430383,-0.36504693115845904,-0.12140137600324719,-0.23795935307407337,-0.30375755758464174,-0.0885947212292041,5,Victory
0.0,0.0,0.0,0.04190671883812607,-0.19786697463985503,-0.011709119635370793,-0.01464974738304172,-0.38130146216755373,-0.045761919527689564,-0.12713383094304204,-0.47783935352516155,-0.0789564415788163,-0.22932197201157906,-0.5070836930450421,-0.1141971719884735,0.010351591960302456,-0.4373134927326538,-0.11031455895827393,-0.037612220662894894,-0.704360170479133,-0.1767137160912212,-0.0636458922487901,-0.8689220747308117,-0.2138093628991657,-0.09044837656760008,-1.0,-0.23177914968558974,-0.07597822969056325,-0.37736231006776977,-0.13046895806361233,-0.18902345363173573,-0.6696008994061223,-0.18144400743151146,-0.25342876838335227,-0.8368201399282665,-0.19440158593037546,-0.3117357711820362,-0.9679880137172481,-0.20152932656787126,-0.16402379464535474,-0.29858796639048846,-0.14514326831167454,-0.25849593422806083,-0.5158644477783605,-0.19291543375210896,-0.2187250479346535,-0.47091371287918493,-0.16873491171857655,-0.18253707806483765,-0.4010025602709447,-0.1386123632852524,-0.24291418179762217,-0.21754395467859813,-0.15940810275005673,-0.28190627206086294,-0.38676479687746185,-0.18682218758119767,-0.24150426346099368,-0.3636452596438157,-0.15726171855205454,-0.21242400585634055,-0.31409133511082155,-0.12611674704003575,5,Victory
0.0,0.0,0.0,0.039427278609825915,-0.21306958390977845,-0.004170034024787187,-0.03634806290941965,-0.4070894522687783,-0.037901603591951986,-0.171868904239868,-0.4937440364370757,-0.07141093037424454,-0.2892036205192001,-0.5090499270663109,-0.1063709042422839,0.019238708595834556,-0.43035008954157533,-0.11294925762520067,-0.014371892876000195,-0.7073433884161561,-0.1727203278037041,-0.03776786091992022,-0.8687410987213494,-0.20343637348949228,-0.06391382465519051,-1.0,-0.21930028322093023,-0.07175057305041434,-0.3651647235962027,-0.13597293140322841,-0.16648955504965915,-0.6762357207430932,-0.18559162324624942,-0.22741190378080098,-0.8538349332786004,-0.20164676603098458,-0.28329420948811673,-0.9898550883586551,-0.21352940996730432,-0.16594784026973713,-0.29133248518216187,-0.1509051445920836,-0.24909107075429573,-0.5416115681761564,-0.19724437868650727,-0.20392437693007923,-0.48074190248037213,-0.17594743300996307,-0.1666795273332905,-0.4000420680892,-0.14916243042085628,-0.24620427543395937,-0.22307446443483833,-0.16367160030464808,-0.269562053173438,-0.39919992291433937,-0.18886284315033106,-0.22492326686523015,-0.3625415393003693,-0.16114605833526613,-0.19686005192314623,-0.30607981812797785,-0.13291540583726769,5,Victory
0.0,0.0,0.0,0.0435906920342323,-0.20372314817374693,-0.005226166852730636,-0.008699357739303361,-0.4000999093379958,-0.03808889932903315,-0.13497675296558181,-0.49117146558800173,-0.07307282016994945,-0.23787650710090366,-0.5010390380484885,-0.11077161997089345,0.03729373440704094,-0.428553478665829,-0.1090513060572788,0.002361502110203432,-0.711824670551818,-0.17364563648834755,-0.011906657222310671,-0.8706843312986021,-0.2083412156908079,-0.0229228057363976,-1.0,-0.2289346466518347,-0.04198060729242834,-0.3714411826672552,-0.13603022356629496,-0.1319416254906092,-0.6768607875868368,-0.19176588233395903,-0.1804164350861003,-0.8459579141447027,-0.2140400519567536,-0.21988319759454922,-0.9864500820343372,-0.23200728779522461,-0.13225193550509032,-0.297349828542992,-0.15732511722672332,-0.231041678781945,-0.547168170867848,-0.2104530874560286,-0.2061309822861125,-0.490176757541582,-0.19832985672361117,-0.16992871926334024,-0.4141833126618879,-0.1790544091574236,-0.2217380983477779,-0.22468313581854635,-0.17724231307285912,-0.2983616965902125,-0.3920512969623939,-0.2199081287305972,-0.3188723782140443,-0.416232407424179,-0.2176152904569314,-0.33332920222202944,-0.4183755008575234,-0.20910719522655363,5,Victory
0.0,0.0,0.0,0.03457036412003016,-0.18654197903462857,-0.01792911953021206,-0.02332867386276599,-0.39021836869614435,-0.0544668721565924,-0.14503781358773493,-0.506155330327014,-0.09164352428768249,-0.25708541505850047,-0.5378991278279704,-0.13036297482267306,0.05469512163164826,-0.4257667349739561,-0.10499210143024658,0.02722570829817517,-0.7094393960607384,-0.16388582376074054,0.019388401437223306,-0.8709112022706871,-0.18979031665585905,0.011840470908506916,-1.0,-0.20141090085913074,-0.011548474092020925,-0.37318297493843733,-0.12693713621155966,-0.09858261750438557,-0.6840457806085662,-0.18568223964956015,-0.1447677165324854,-0.8591214564501722,-0.2035136522927228,-0.17989034770831167,-0.9939843040480492,-0.2127613412127913,-0.09074166068322763,-0.30705131132775443,-0.14468388615596797,-0.20136278283448047,-0.535692867266483,-0.21055809888762814,-0.18922881768991584,-0.48004856880380886,-0.19763574233855133,-0.1630092817552153,-0.40333333083763406,-0.1698017658323157,-0.17356543461480003,-0.2448254794924646,-0.16131253162391535,-0.22384485310688357,-0.4265590571048441,-0.20753778021428199,-0.20110962533813606,-0.3995431747241566,-0.1924432878919265,-0.1815475232305929,-0.34462138120483876,-0.16958268632981838,5,Victory
0.0,0.0,0.0,0.03285298647698708,-0.18055899010811452,-0.01854004112616922,-0.021182013161995198,-0.3857087114510705,-0.059548089635072514,-0.15218542917524475,-0.49151739301062214,-0.10200387852612709,-0.2591673247913673,-0.5168361454680679,-0.14649607390293046,0.0862201968650194,-0.43122144826840564,-0.10576396925193732,0.05865640054485617,-0.7068749371024831,-0.16608374022828262,0.04700357164368561,-0.8616245273567256,-0.1941556385903845,0.04163768860369944,-0.9850734137947676,-0.20831453604975506,0.02843136117896041,-0.3782990566027148,-0.13243633940620972,-0.07929108839921002,-0.6914714521030498,-0.19643843265428051,-0.1280028537234769,-0.8623938879139125,-0.22182057365021804,-0.15678064226735589,-1.0,-0.23564357732511654,-0.047805666968075936,-0.31155660739117375,-0.15420359175086082,-0.18301624879021652,-0.5079590377699356,-0.22505247721621266,-0.1758419101541003,-0.44277794342609184,-0.21627841388884142,-0.14773443611464127,-0.3739645993133555,-0.19080516502118378,-0.13422395593862924,-0.2469316299781631,-0.17454206503498848,-0.2122367984424985,-0.4031531624216844,-0.22018841815745505,-0.19555749927328817,-0.34859609000976055,-0.19920578310970533,-0.17271882630708055,-0.2850517340260883,-0.17245253469846386,5,Victory
0.0,0.0,0.0,0.015714518798219237,-0.1961247106621556,-0.0038890011648422436,-0.04720003442470403,-0.40236167813260326,-0.044315672160930915,-0.17695409501576903,-0.5071386437025204,-0.09113191651985149,-0.27880011976928276,-0.5168747389011706,-0.14101797433542473,0.07485777397671671,-0.4474770457149312,-0.09457503686825817,0.05137295401612582,-0.7103430099024812,-0.1537181463692972,0.04024606491566844,-0.865499274750376,-0.18340936394597732,0.02904602331915107,-0.9904344146634896,-0.20031889734780148,0.030031789062626067,-0.39373506245752943,-0.13081152024130543,-0.043829999336607264,-0.691872004647335,-0.1940978647501169,-0.09157258144042285,-0.8662263173276389,-0.21908356594727185,-0.12981000073511087,-1.0,-0.23340583406909943,-0.04040635494379988,-0.32415108141980387,-0.16146204629381386,-0.19565226745843486,-0.5203919754580547,-0.22170842721750755,-0.1992197067086935,-0.45809383959163696,-0.20726408138549654,-0.16971414944983226,-0.3904496547668354,-0.18136767195384482,-0.12628236504888488,-0.25380635028212123,-0.1910187587525087,-0.23279275790289006,-0.40627730892048075,-0.2228974690453159,-0.22082802170907898,-0.36250307043258584,-0.19818290721621662,-0.1870607936687232,-0.30978468423402344,-0.17226797433542473,5,Victory
0.0,0.0,0.0,0.0065425562607430215,-0.19087387778934758,-0.004435564308570339,-0.049181311408702695,-0.39047416372289573,-0.04458123418056373,-0.17125414964502703,-0.49366698835073125,-0.09128511067646962,-0.26731575205516944,-0.516068057266469,-0.1397019426848634,0.06961027878520945,-0.4487152136093358,-0.09496002135752754,0.04345646439391493,-0.7113052273572269,-0.15751308025888558,0.03335773756050545,-0.8652629030513401,-0.1884456036295064,0.02463785838525187,-0.9900029133318193,-0.20562177691610642,0.03966878011156067,-0.4003175549328919,-0.13037609357921745,-0.036077494273476625,-0.6931601639018248,-0.19827986310590778,-0.0803837833822212,-0.8664714681410137,-0.22693888258535133,-0.11211951330595049,-1.0,-0.24305579683228506,-0.019218637700631244,-0.33306811602718944,-0.16034712701442036,-0.18310140494588809,-0.5178329963855981,-0.22627566286137143,-0.196997344827142,-0.4491583012046301,-0.21368311252081512,-0.17127550113806986,-0.38044390283411955,-0.18764787832228752,-0.0989239376882262,-0.26412220394699115,-0.18920902979242604,-0.2119760348018749,-0.3924167966725551,-0.22834940456583114,-0.20246032724956947,-0.3411193934905474,-0.20871452303750185,-0.16900518453071978,-0.2865096855489742,-0.18478755026100838,5,Victory
0.0,0.0,0.0,-0.01872735548726896,-0.17274633203392178,0.0008390301082203152,-0.0658777110771867,-0.3569998697017068,-0.04143261897709625,-0.1761525782645166,-0.47549960063745933,-0.09296632568963575,-0.25238554746538716,-0.5262794722124201,-0.14504332627822458,0.06017776558127382,-0.46403680702131533,-0.0828536217702147,0.02310807396657382,-0.7167285727567352,-0.15115170680868725,0.01031706724463349,-0.8664190192651383,-0.18950346061680176,-0.0010607041430364204,-0.9913553822008384,-0.21293531460944215,0.050340762870585455,-0.4146803665356656,-0.12385103900401305,-0.03379339805852087,-0.696664190883889,-0.19379325974660272,-0.08139824239007853,-0.8678690630031994,-0.2228460421335914,-0.12016060215092414,-1.0,-0.24038783868092858,0.0042480008543697104,-0.34390368156617857,-0.16079980723583756,-0.17824737390183942,-0.49287524093951635,-0.21820278296199133,-0.18921696946907074,-0.41731657404658457,-0.19672656983131043,-0.15830879727762973,-0.3582757215570404,-0.16990980076930953,-0.06849058931809754,-0.2727993499601329,-0.19871439644541078,-0.200090828624565,-0.3720553708991032,-0.23098754694408688,-0.19523315618064943,-0.30860805132854147,-0.20736208161155492,-0.1575793687687088,-0.2613232500196139,-0.18332867807151965,5,Victory
0.0,0.0,0.0,-0.009291066047653476,-0.19054348559610337,0.00716250964020519,-0.058141306979880576,-0.3818099663563029,-0.035707238300018006,-0.17138644376300602,-0.4922378555711446,-0.0883597246508738,-0.2666604302796381,-0.5231592317024318,-0.14389215324496146,0.07309396538080305,-0.4534871097504588,-0.09151322257362188,0.03957125644616033,-0.7147493257194182,-0.15650631752969074,0.028235299803087806,-0.8694537218372327,-0.1917333033198758,0.017843776088622053,-0.996185505819602,-0.21385365017115332,0.051154712508023455,-0.40339937172427875,-0.13615464657205611,-0.018428868856892693,-0.6847451127062991,-0.2079672113270688,-0.06841425879705962,-0.8635365181595364,-0.2415012898741333,-0.11016468376598844,-1.0,-0.26359391385641273,-0.00418418996495139,-0.3361432169021737,-0.1741643180347,-0.17930418144572455,-0.5170186917291183,-0.23312844408128686,-0.20070735817152816,-0.4457369605863216,-0.21576991528410813,-0.17744448393005605,-0.38057367741850856,-0.19250244573438965,-0.08312597634119573,-0.27103671707381816,-0.21144954886070083,-0.2164983043528313,-0.397017373112968,-0.2435779161429346,-0.21517226667182146,-0.3420787155159871,-0.22062985287766473,-0.17900749281190234,-0.2918273586271756,-0.19830761450258644,5,Victory
0.0,0.0,0.0,0.033716152291840766,-0.20183219692077786,0.004320790809711171,-0.015292723414105628,-0.41548470824036515,-0.03136198486762412,-0.14245480882912911,-0.5325208031750743,-0.07269525418995239,-0.2532329974883913,-0.5673260260174836,-0.11812499875690972,0.09958415553925114,-0.4405349079967568,-0.09875061546610825,0.07937650842404394,-0.7119572236218439,-0.1580298185468374,0.07803370108228905,-0.8645594013073402,-0.1886742420938219,0.07401929766427223,-0.9909616782095295,-0.20749908502847011,0.034512233950928915,-0.39366737454792183,-0.13554209972294948,-0.04686350309925121,-0.7009608528640278,-0.19283463616388094,-0.09987258838337597,-0.8675420352319142,-0.21564959089867428,-0.14150417202513327,-1.0,-0.23285881125207988,-0.053229002185325634,-0.3329159877133917,-0.16524077107440102,-0.17538223923068688,-0.5552961334403187,-0.21777233659710846,-0.16789104598260887,-0.4889697217359031,-0.2006548505048811,-0.14017415666249206,-0.4163733127072892,-0.17781596556943416,-0.15075575187836196,-0.27435833768056184,-0.1932358530841296,-0.21903723359608293,-0.4339650877100447,-0.22864742449815673,-0.20004429879890326,-0.39723984137244966,-0.20995185940722239,-0.17135749708982476,-0.3474473255213476,-0.1893421630169612,5,Victory
0.0,0.0,0.0,0.051139179364971504,-0.19667367675707073,-0.004699360739526797,0.00783993275853189,-0.4072715657662329,-0.03529650639633649,-0.10913840809632981,-0.5290350615608279,-0.06930931283171202,-0.214308288454472,-0.5759877497263555,-0.10638375172511896,0.08917267804641375,-0.4377268955917799,-0.08873439200360667,0.07628565332123771,-0.7048069253172178,-0.14712474093125327,0.08056320788892693,-0.8592978339123619,-0.1810496651569225,0.08094754377771882,-0.9846604102439365,-0.20060318630989554,0.008197953757640732,-0.3939872208316977,-0.11698672625983665,-0.06593905419612124,-0.6914301320202434,-0.17060586757209267,-0.10704931747918937,-0.8616512852962525,-0.19381204040465252,-0.14112640712164015,-1.0,-0.21114719038870344,-0.08628790826490958,-0.3374548740758951,-0.14051261634583181,-0.16187015765994844,-0.5677046188257933,-0.19326795409181435,-0.14003884043092363,-0.5221118218343469,-0.18147264021966922,-0.11631042740488011,-0.451303993674039,-0.16058228588188905,-0.1831724071069246,-0.2848829182173913,-0.1630062204859257,-0.21429911286793776,-0.47493666897643305,-0.19802698890667308,-0.19008733686824247,-0.46068802183443347,-0.18170210562489472,-0.172349716227674,-0.413533470765153,-0.16189652634890908,5,Victory
0.0,0.0,0.0,0.07058067241426964,-0.17826655947420703,-0.005753781528279339,0.035065951862756,-0.38859080518419103,-0.030462094123353163,-0.0809300774125988,-0.5155095130437822,-0.05631228347670349,-0.17292300904744196,-0.5724793720958006,-0.08299021298609478,0.09264059818834182,-0.4208758032653863,-0.079503505433719,0.09291475005039176,-0.696292517970336,-0.1292558905075622,0.09835043065692865,-0.8545174053282758,-0.15099343599253331,0.10252143081441098,-0.9738478582875961,-0.15948627795113138,0.002351127746587933,-0.39572082006881176,-0.09834746368720976,-0.059554670263934024,-0.6990807044015236,-0.14368785714851565,-0.09704287092794292,-0.8694011650248695,-0.1570234531244416,-0.1294871595068745,-1.0,-0.16301274355071244,-0.08886722155439801,-0.35467639446561094,-0.11205568103625252,-0.14578507441147973,-0.5725411940295166,-0.15492479005389423,-0.116908376364011,-0.510588556002363,-0.13811865235853843,-0.09546994184002568,-0.43755239903974524,-0.11261455390013465,-0.16839847008795678,-0.30860992693215716,-0.12469151816077145,-0.17709728111785078,-0.455449246129736,-0.14616489972841554,-0.14817753158450736,-0.4098048553637975,-0.12217115502321016,-0.13540622219681228,-0.3522744659656909,-0.0958869313521428,5,Victory
0.0,0.0,0.0,0.06982540013982948,-0.1698457270111569,0.0025350004802650785,0.06864439852718485,-0.372309503106687,-0.019657035143626597,-0.001438983199338736,-0.4934915920511198,-0.04493351965884457,-0.08542081991049943,-0.5346230334963985,-0.07418729785545285,0.09066217467050211,-0.425129761275267,-0.08725513112697449,0.09443822864648316,-0.6853869533344207,-0.13711215587035208,0.10383187495822949,-0.8367748769566346,-0.16143800150455911,0.11466640903136398,-0.955775549786464,-0.17224146740926244,0.0024844146224655907,-0.3985202591728037,-0.11132724256428514,-0.06144861682046871,-0.6856743690618785,-0.15545481982630752,-0.0961492179348799,-0.861392553439414,-0.17176161516518623,-0.12349647811848662,-1.0,-0.18281783593232306,-0.0877897488159684,-0.3549276041336615,-0.12832934372908067,-0.1485681329370459,-0.5837505189931584,-0.17029791594470617,-0.12911943785639118,-0.5305756659993773,-0.15370906145913357,-0.11227687622736038,-0.4559644477133655,-0.1307189631040865,-0.16898728895288218,-0.3060123907344095,-0.14378666110841712,-0.1927131109705198,-0.4745301185711075,-0.1674467108070981,-0.1689133573169638,-0.43573211192037686,-0.14266934328929998,-0.15337974924189773,-0.3760628754800795,-0.11633334062568337,5,Victory
0.0,0.0,0.0,0.07762212908747457,-0.1818655280137955,0.00993057332725137,0.07379834545866319,-0.3791841294318526,-0.006343994222795834,5.78487230445732e-05,-0.4966205997436674,-0.027195480826829807,-0.0800585612293108,-0.5413866898740136,-0.051914218448093706,0.08851363558867013,-0.4377326354164811,-0.06924892865737546,0.09869755550975158,-0.6839900690198034,-0.11687949012927769,0.11044915886090606,-0.8379981288228294,-0.1412505867188325,0.12035978173558044,-0.9534887784504176,-0.15163330861152058,0.0015810853336522648,-0.42076955766084195,-0.0934551362409868,-0.05362135550924265,-0.6906399578603437,-0.13226590390711315,-0.0880452475407931,-0.8670820408554486,-0.14720413852015862,-0.12021745012668192,-1.0,-0.15695879462137524,-0.08942852756338973,-0.38173846439631637,-0.11113737880356647,-0.15860779668464048,-0.5809024570439303,-0.14394187768688255,-0.1378787840232345,-0.533853123618989,-0.12977764541662554,-0.11845620249428086,-0.4647724178645678,-0.10999616006159808,-0.17261600916758063,-0.333322985028038,-0.12692253102119982,-0.22064452977555205,-0.4811571780341104,-0.1425122105375777,-0.20129710069325163,-0.44372074165116543,-0.11864668591666921,-0.1844928100483741,-0.3863344691022506,-0.09375471755873321,5,Victory
0.0,0.0,0.0,0.054078007385042266,-0.19165335126332286,0.0031245136902456534,0.0081257621736874,-0.40329932259749646,-0.020207864196320743,-0.11550356085842381,-0.5241924474180049,-0.04744600507200984,-0.21239095217277557,-0.5775271783360731,-0.07674690165670475,0.08469721411935544,-0.43880768978391127,-0.07156061064206676,0.09367584385569767,-0.6872331486646674,-0.12839007036478253,0.1068318884522857,-0.8402008431526444,-0.15902408382761404,0.11743631828458405,-0.959749218758655,-0.17410059306999529,0.009940236208863926,-0.41358690974414825,-0.09664911013885104,-0.05407749607355386,-0.6930801659717092,-0.1464308333949167,-0.09028789393354485,-0.8636836754433284,-0.16720414088997615,-0.11881447318299071,-1.0,-0.18055952240078227,-0.07558973388793586,-0.3676818756268892,-0.11671200358238903,-0.16286719621493148,-0.5662077646058257,-0.16370405396702312,-0.1521632310795575,-0.507952853672026,-0.15090735482355508,-0.13365937962577112,-0.44092622371752427,-0.1281385796787474,-0.16150131279224647,-0.316010611417756,-0.13473209045421092,-0.21821871008042076,-0.46584584129061835,-0.15800598808794658,-0.2035430477403015,-0.4213484477009305,-0.13467769969463214,-0.18671408228535782,-0.36530615201460986,-0.10937790072526567,5,Victory
0.0,0.0,0.0,0.041773311835636644,-0.20227410474818264,0.006076370631995395,-0.012111149382630502,-0.41513911397203146,-0.014548670091864677,-0.13558825636973923,-0.5318232278938438,-0.041335411517128884,-0.2330321399455828,-0.5828024109537984,-0.06901948104360366,0.08054377705235384,-0.450747550807974,-0.05244409455307113,0.09082543339682317,-0.6987476716713267,-0.10205767259699398,0.10395767554452442,-0.846557306151683,-0.12377452554824157,0.11465695190896154,-0.9598000217925402,-0.13196216311787198,0.013512387776224878,-0.42834005917071366,-0.0813639855296006,-0.04476569263352214,-0.7126709273249168,-0.1290696085282761,-0.07798522141668224,-0.8738550370688409,-0.14583810102213016,-0.10356757050566205,-1.0,-0.15340562814527597,-0.06722888944725357,-0.3829678553279174,-0.10695954877265806,-0.17058393626450033,-0.5712277193009405,-0.15640471888487276,-0.17196542464098225,-0.5125048414972505,-0.14835946712237363,-0.15725081787437317,-0.4476130374083048,-0.12619621314331492,-0.15455654417239031,-0.3327950468982725,-0.1304275593576544,-0.2154841653393783,-0.47855456208092934,-0.15367458497553665,-0.20932975616071822,-0.4411768950795533,-0.13404577937301385,-0.19755469467612968,-0.3911303517165761,-0.11087005216092542,5,Victory
0.0,0.0,0.0,0.043670790056897,-0.19869646891061532,0.005445197907736843,-0.0029982750120396418,-0.4130695395671869,-0.020896696016526665,-0.12984327154263045,-0.5258190508369286,-0.053079430171843515,-0.23298474848049022,-0.5685251997992659,-0.08702273358339384,0.10371712614360268,-0.4406474640978613,-0.07081140577868801,0.1252771077293603,-0.687798408791282,-0.12374269216604587,0.14257254935518307,-0.8316533902635428,-0.1453292209784726,0.15800550043022635,-0.9438581985756234,-0.1535689963462716,0.05103501727192574,-0.41413510299058337,-0.10074844588192274,0.0013600018682062166,-0.7052080004298181,-0.15557083687233494,-0.028958339491282875,-0.8731319775011794,-0.17793349187098687,-0.051506314749308446,-1.0,-0.18847958945112092,-0.020607425041899913,-0.3701744470215747,-0.12543294724968157,-0.1579071909772172,-0.5657062333908873,-0.17895976009150902,-0.18509481718116097,-0.5225748388876269,-0.1772420596051385,-0.18059952762471135,-0.46289201915042016,-0.15912809380017107,-0.1039498353969881,-0.3275298639459226,-0.14745481587722445,-0.20348211429339427,-0.4825333333551073,-0.17341168570750673,-0.218707015130674,-0.4645874489529798,-0.15980669643744463,-0.21271895695303406,-0.42860014687628245,-0.14153097728828193,5,Victory
0.0,0.0,0.0,0.04282015211752407,-0.19200126110480956,0.004423593512390668,-0.0019863698183366844,-0.4058928106322034,-0.022003960729124365,-0.12704025382977874,-0.5204657070636466,-0.05452268795714917,-0.2307194168298459,-0.5637054165554388,-0.0894456445651535,0.10103045367012962,-0.44412442900787574,-0.06836232901746327,0.11863272625365268,-0.6874235933637602,-0.12154081062197263,0.13794469108284077,-0.830676001480371,-0.14604101715707743,0.1551103774848679,-0.9427425007565656,-0.15638909895114173,0.04546140120810467,-0.4203721621492755,-0.09911800707050945,-0.002593730609459389,-0.70745595782824,-0.1509879363377096,-0.030217537336065296,-0.8731674976183996,-0.172162092463004,-0.05076384742058981,-1.0,-0.18236151682444807,-0.027389620082445377,-0.37488951547691524,-0.12528641840605123,-0.16297282105058983,-0.5657367099890335,-0.1758032568960858,-0.19077859274585787,-0.5245797047107519,-0.17216823499703973,-0.18629709722086624,-0.46448115170526477,-0.1537155458078023,-0.1121646987312079,-0.32623675361521576,-0.14949353686913813,-0.20518317969024438,-0.48491993703557984,-0.17376695618227064,-0.21849484156884294,-0.46248845690138635,-0.15704296460390782,-0.2107864681637529,-0.41914543931241244,-0.13671520101500073,5,Victory
0.0,0.0,0.0,0.04200540868081326,-0.20426325044477797,0.008636275370448558,-0.00694163538182465,-0.42151731026438743,-0.014847193115002983,-0.13107318441651686,-0.5303223804910426,-0.045830777037123016,-0.23195554125063395,-0.5705425435649967,-0.07883598439356167,0.10001200924712028,-0.4391959227960368,-0.06369307939703692,0.12769816629772668,-0.6889850346056786,-0.11388178014015751,0.1484618963053164,-0.8334734681188386,-0.13411345732191005,0.16623881033557128,-0.9435250626853645,-0.14155711232335794,0.04392930943923595,-0.4138301007905119,-0.09684331778220641,0.006601373380083309,-0.7002474163170157,-0.14819393638756478,-0.013953970363631609,-0.8698455875540295,-0.1699252763741932,-0.02889934927313386,-1.0,-0.18093207822452118,-0.030145631491086847,-0.3683504040046319,-0.12510047902216762,-0.15380100742087535,-0.5624776238994348,-0.17689521984356785,-0.1796494591157772,-0.5221131561625032,-0.1756747841403344,-0.17493469971878348,-0.4603071784629003,-0.15865260448135185,-0.115762847069663,-0.32251220536587366,-0.15066975405749322,-0.20448212865842183,-0.4839097072487751,-0.17590030052988986,-0.2149947394978004,-0.46456158338694986,-0.16145432834098183,-0.20577731950375983,-0.41776264497856896,-0.14313925799487984,5,Victory
0.0,0.0,0.0,0.06272836712796648,-0.1802724873904009,0.009951998270271772,0.043789807269249394,-0.39148898432364004,-0.01042678631109304,-0.058886139208955135,-0.5112640550916764,-0.03796389494940282,-0.15147504327123706,-0.5576889059569659,-0.06847791622734005,0.12173949178845583,-0.43600147817188795,-0.05718023149127987,0.1471387645801102,-0.6742746982795474,-0.10527790714400245,0.17101639920576123,-0.8137196928191958,-0.1271444502263284,0.18952491358091916,-0.919372442475247,-0.13567964302474628,0.05146837207325071,-0.420062728367128,-0.08874936731320887,0.01743666461754213,-0.6972239377868595,-0.13543223949799119,-0.005819067876016343,-0.8672406125974826,-0.15517971196576605,-0.028606701990580397,-1.0,-0.16499002504874954,-0.03400416289123034,-0.37889076924326165,-0.11513412451742602,-0.13342825858964505,-0.5703434839033864,-0.16090597615380403,-0.1400929286734299,-0.5175408722328659,-0.1529279836239536,-0.12818030257942906,-0.45409459503997224,-0.13209708830301087,-0.12635567420416507,-0.3298046039545397,-0.13900418637805978,-0.1947373641698713,-0.4839755117676589,-0.1600045782910393,-0.19131515105486924,-0.4460152807053829,-0.13770462626316232,-0.17672417430391463,-0.3920618475779332,-0.11292515592762335,5,Victory
0.0,0.0,0.0,0.08374800689670957,-0.18205472737398629,-0.001424007207007971,0.07996285898110779,-0.3892929664751762,-0.02373858177183914,0.008316199638380494,-0.5053316307717347,-0.049182667615306465,-0.07715455419333674,-0.5489799570735776,-0.07869751842024046,0.12085930407317837,-0.4292254425515791,-0.07540112981532376,0.1529856178683776,-0.6694830773769108,-0.1234127669001416,0.17563149904254752,-0.8166055702627718,-0.14636961351192956,0.1914135711579199,-0.932738247366052,-0.15487516988337535,0.036548968672357976,-0.4190669733566275,-0.09721236918543955,0.004923314794611819,-0.6930504112086788,-0.14189391252446928,-0.010669301250410065,-0.8659580024209689,-0.15608965759861143,-0.027329673906685892,-1.0,-0.16165088663764957,-0.05519783536903245,-0.3880861376646297,-0.11396176791671962,-0.1348107092268921,-0.5759493147793536,-0.15748306169823736,-0.1240047198720345,-0.5222593399299649,-0.14744571445514107,-0.10448391022070996,-0.4553562346305352,-0.1259913840170525,-0.14271748031055537,-0.3448895178660889,-0.12905893925176187,-0.18580665690141418,-0.48854664942489273,-0.1488319960714175,-0.1702590207791349,-0.43682736737439315,-0.12394808559640409,-0.1486495851039211,-0.37445976410811965,-0.0969337082329714,5,Victory
0.0,0.0,0.0,0.0785784093258451,-0.18000246108677748,0.004072085772123503,0.07045558311793658,-0.38594087130530896,-0.01822213048555151,-0.0017312846594013979,-0.49475143798448773,-0.044771135578048384,-0.08547782123769108,-0.5307316587817869,-0.07591185995430702,0.10298392823545348,-0.4354418813117655,-0.07554629538595964,0.11494360112788446,-0.6834382963080289,-0.1244911683594763,0.12883293343256202,-0.8311661149885454,-0.14934779610646293,0.14158672525747648,-0.9468160387227518,-0.1591563330864615,0.015074621452927687,-0.41805727885012073,-0.10006977365787996,-0.022933361271111025,-0.692951063118197,-0.1422861876498712,-0.05612812157396728,-0.8657653840395733,-0.15745396193473796,-0.08705040609481632,-1.0,-0.16510039814780114,-0.07821498057942165,-0.3809971554920205,-0.11842610244791486,-0.14078780193644755,-0.5794653614434491,-0.15755354644811695,-0.1267972675117638,-0.525049926895804,-0.14295704883186858,-0.10995354621217358,-0.457353457625448,-0.12003402280789065,-0.16581851127806965,-0.3322563237376779,-0.13487069142007638,-0.19338066844232735,-0.49801501262934267,-0.15148047967982456,-0.17182570174293918,-0.4491190456190641,-0.12147399298038679,-0.15437337290083092,-0.3858529974890096,-0.09130927141949985,5,Victory
0.0,0.0,0.0,0.06413485030199433,-0.18986908566871205,0.011254778581380942,0.04835503009116969,-0.39317033298167825,-0.008047283069541942,-0.03506782091333286,-0.5013952426720815,-0.031716726163932764,-0.12112703249220805,-0.5398992189407764,-0.05934748185948206,0.08548827328532059,-0.45659620934263756,-0.0705659889062169,0.08129788393457531,-0.701959609987646,-0.11654014372357079,0.08910366447052653,-0.8499690848266646,-0.14061525977576328,0.09754579234867504,-0.9656978408698591,-0.15198394449452543,0.0007388967012186833,-0.4337555199222429,-0.09656347783780295,-0.05784310128508481,-0.7003353604625007,-0.13568774991779264,-0.09371086734503618,-0.8693382829688671,-0.1508245503116303,-0.12373211701573546,-1.0,-0.16127223615452588,-0.08922425770503556,-0.3874832041592336,-0.11550823140056617,-0.17252952278761036,-0.5922936712911114,-0.1455771469756786,-0.1681041119586386,-0.5510131936817566,-0.1286097390265094,-0.15495809610649255,-0.4878621856907256,-0.10875912652715598,-0.17371996747290713,-0.32977618376845136,-0.13286403376960673,-0.21559002871382052,-0.4788207004151294,-0.14464590444133207,-0.19824595486384694,-0.44628654035151877,-0.11890154194949694,-0.1797046698752687,-0.39605269172519897,-0.0943117713382787,5,Victory
0.0,0.0,0.0,0.06538295505748974,-0.19051404322751464,0.009838200719110964,0.046104651112827924,-0.3889797423123824,-0.009996436844836145,-0.03808840004686375,-0.4915907350705577,-0.03483510167297422,-0.12489791522186806,-0.5241163561656628,-0.06372100521170312,0.081725256382823,-0.4513749899383295,-0.06843481280993297,0.08103604985547001,-0.6972603754084465,-0.11396868791230419,0.08949057439892798,-0.8475057512651925,-0.13744403331047564,0.0979942256753207,-0.9627636551549698,-0.14756036269275927,-0.0038360387410837846,-0.42888611793108566,-0.09463120451585089,-0.06052012463008143,-0.6962168978201194,-0.1331410668149075,-0.09723541100742458,-0.8673876122144814,-0.14794397730886463,-0.12754173552286743,-1.0,-0.15693000691208964,-0.09405936056186087,-0.3816708875553535,-0.1140657329035115,-0.17486180778929417,-0.579406274071025,-0.14510843921645425,-0.1688533075754568,-0.5392763933014626,-0.12867105331436568,-0.15413233166359733,-0.4764986589690948,-0.10746440873038031,-0.1778359086913068,-0.3212452924988492,-0.13194292237314617,-0.216131557666907,-0.4752611093016814,-0.14265690961337246,-0.1982204951000739,-0.4431721145778639,-0.11390365407214911,-0.1805261344193349,-0.38831388172517045,-0.08623453457788807,5,Victory
0.0,0.0,0.0,0.06015617862074256,-0.19280470292629223,0.008848115206834768,0.03750636488891569,-0.3950123824941628,-0.012007800538145338,-0.05534005955779258,-0.5083844926718059,-0.038899279216047265,-0.1425237253417573,-0.541756011381951,-0.06942558151115143,0.0851939745469559,-0.4589741660969609,-0.06461947992023273,0.08402216348093816,-0.7038206833335244,-0.11420602582533435,0.0884577627429875,-0.8547669194127568,-0.138845886895588,0.09127767900014319,-0.972555229803776,-0.1495029509879421,0.006492712367524338,-0.43323108587667186,-0.09362294841587246,-0.06292101785858785,-0.7014973420251019,-0.13937265415740074,-0.10264484323432063,-0.8683739954802929,-0.15680267395460473,-0.13376892110969885,-1.0,-0.16615740733265535,-0.08169427764013422,-0.3836448112869363,-0.11680036031282064,-0.17396469956469485,-0.5588219513937165,-0.15836411084349653,-0.16604134127193051,-0.5025727140442533,-0.14380978804698938,-0.14680548879125002,-0.43731397516284176,-0.12060733882891686,-0.171081838142613,-0.3248458877849142,-0.138197349906045,-0.23262430262624456,-0.4624041349547049,-0.15558604498155576,-0.21844047791930415,-0.4189769226610801,-0.12836205766446387,-0.19936415887386758,-0.36524135434933114,-0.10062481798223114,5,Victory
0.0,0.0,0.0,0.056818727375414095,-0.17521582288765644,0.005043918331424575,0.0479972470452665,-0.37628185928453173,-0.017471024153684272,-0.030349832613514354,-0.5082949201003225,-0.04518674568529174,-0.10778794991524407,-0.5519018619319059,-0.07656114631736051,0.09081279298693427,-0.4464594121584948,-0.07510877472008283,0.09032169918716706,-0.6955741759589478,-0.12818892937598675,0.09935918743297648,-0.846687890634236,-0.15660399127129312,0.10757351391892,-0.9652761053392925,-0.17008565571642295,0.018594102852909154,-0.41577587416890494,-0.10257919496420322,-0.04740345451543327,-0.6880277841982677,-0.15205819703645138,-0.08524846051787276,-0.8623070051471844,-0.17385770540557918,-0.11538647700062594,-1.0,-0.18672011550243625,-0.06784037080529232,-0.3624184476785666,-0.12363488256462185,-0.16680867429628282,-0.544837459938162,-0.16829641853023453,-0.1611500266669566,-0.4936923789224218,-0.1530475892662838,-0.14089885884550776,-0.4283337412682337,-0.12850043139141656,-0.15913954183398055,-0.30156722322872365,-0.1431028743243587,-0.2223600417056399,-0.457808931763571,-0.16604618324993284,-0.20925927296503744,-0.4176284466050767,-0.1392849606136918,-0.18976223344587184,-0.3590498245377788,-0.11043065369552414,5,Victory
0.0,0.0,0.0,0.053662122895794875,-0.18942409073566938,0.013111435677346468,0.031249994077132977,-0.39202758722993225,-0.009350253718282919,-0.06964874650337623,-0.5011465722899662,-0.038504155027081745,-0.16288952011383528,-0.5350004166539523,-0.07141516188099188,0.10406303623663746,-0.4488089604038492,-0.07150162784238565,0.11031000254414779,-0.6969342545334256,-0.11989968026471823,0.12026939031365166,-0.8432738626942329,-0.14286263571660834,0.1301873338082999,-0.9556035155106146,-0.15386392687003095,0.03757732184442438,-0.4156738204160184,-0.1036669180979332,-0.028244020605133164,-0.6915601450878142,-0.15421231780553626,-0.06438646078717714,-0.8644082948441743,-0.17803168824046675,-0.0903476347038437,-1.0,-0.19283972448752845,-0.04567879309722858,-0.36382020942878734,-0.12805786099498784,-0.16695472333008793,-0.5628725127986048,-0.1708033107642424,-0.18095707592445845,-0.5179662510930454,-0.1594989425566258,-0.17062026727387583,-0.4576249031571756,-0.1399418409695691,-0.1350264583156832,-0.3079883271189033,-0.14994616355689475,-0.2142035974009638,-0.4509166797601514,-0.1715781007425366,-0.20609757738628523,-0.42079010351149887,-0.15007878839529523,-0.18484500378210597,-0.3740243458580333,-0.1269861932299847,5,Victory
0.0,0.0,0.0,0.06472746931258867,-0.1863856375887199,0.024468457021450087,0.06157197969178657,-0.3855928940913762,0.005510114300413015,-0.022461371049249754,-0.49520060897041956,-0.0220883904551382,-0.10961418705202718,-0.5276572742614442,-0.05492817137025095,0.11193891831794085,-0.4554917517345271,-0.06704074388988071,0.11697927567469808,-0.7017580558862367,-0.1157096071876348,0.13421369539890168,-0.8454188036285932,-0.14151793885255184,0.15071578264415986,-0.9577190035271511,-0.1547086395367155,0.03983646894849842,-0.42706749444537967,-0.10295912875056444,-0.014523067709858836,-0.704240866924369,-0.14564367436769132,-0.04601800473042575,-0.8709685002393788,-0.16409420623682375,-0.07227646534117785,-1.0,-0.17758546608620407,-0.04739816509011249,-0.37941770836596134,-0.1302784914711045,-0.14916759001983598,-0.5774067309499984,-0.16179537892740437,-0.14732082262295557,-0.521209219280701,-0.14173579463751745,-0.1290696611579316,-0.4547454979778428,-0.11955623024284605,-0.13783957766751068,-0.32628947208866244,-0.155145892827098,-0.20046969658391994,-0.47975849269685494,-0.16873756294508147,-0.18554950610909018,-0.44129729944918755,-0.14093506167003284,-0.1636111599068178,-0.38888698590720966,-0.11480693749565468,5,Victory
0.0,0.0,0.0,0.062248989848186644,-0.1805130504195282,0.020543799781617317,0.055374860771446884,-0.3794959990544742,0.0007058896382366571,-0.035335360379657454,-0.49064789907123113,-0.02762427604769474,-0.12341495175019443,-0.5246354329441187,-0.06028974787680684,0.11403046142906155,-0.4476800700490889,-0.06535072411631528,0.12329871661005042,-0.6966544568842797,-0.1142039043451946,0.1402507134527569,-0.8419505209864317,-0.13917341401012817,0.15602838093005467,-0.9550551958024325,-0.15117353110083717,0.04058073080491551,-0.4233656587617401,-0.10017051259280503,-0.007968646090398672,-0.7007027031453522,-0.14511711195716626,-0.037409870404541065,-0.869327196541644,-0.16432693972993354,-0.06169580347143396,-1.0,-0.1770637016047098,-0.04554706355935466,-0.3801574760034325,-0.12713350532865877,-0.1400899887321582,-0.5751524959815765,-0.16126433934573423,-0.13717176559222294,-0.5139201663812529,-0.14185653905114964,-0.11811849164188674,-0.44692032490593936,-0.11864977623158093,-0.13419768602847504,-0.3320454170170934,-0.15197170045238076,-0.19574682055335504,-0.4857842956914408,-0.1646776160143349,-0.18282100851767685,-0.44358372859595896,-0.1352248262426361,-0.1610295475593004,-0.39038910171503666,-0.10764625935469081,5,Victory
0.0,0.0,0.0,0.06218945824886008,-0.18688570793228973,0.024853350526922828,0.059733862321609835,-0.38542805513053846,0.0032551441996689938,-0.026749518691615848,-0.48930024856728366,-0.027062566484720177,-0.1163450814072332,-0.5154391375063353,-0.0630761915580521,0.11308457010351501,-0.45007896278377924,-0.07512794442225498,0.1235360157909377,-0.6967802326333716,-0.12807765010132963,0.14291513498087127,-0.8407457554039892,-0.15694016506272376,0.1612843425527051,-0.9528581190000692,-0.172004664464953,0.039560662915002966,-0.41945929937241383,-0.11223189831528742,-0.01110578970536523,-0.6999546853690658,-0.15940914926213404,-0.03930995973492716,-0.8684853835251146,-0.1814125099052593,-0.06354497410178861,-1.0,-0.19742391820764446,-0.04773024885808936,-0.3728065884745907,-0.13991585613264038,-0.1441329073081347,-0.5769387572482705,-0.17311866211521781,-0.14112347281069212,-0.5161695144559402,-0.1522708183338118,-0.12316425772212186,-0.4497979336104851,-0.12941679645637877,-0.13617018573767917,-0.32335367375122137,-0.16494759723509048,-0.20105660243886994,-0.48312968733527367,-0.17625120644549938,-0.1867528215472222,-0.44174429633140794,-0.14486070548064087,-0.16423337414784425,-0.38910017796438606,-0.11661219847536756,5,Victory
0.0,0.0,0.0,0.03658093717102259,-0.19349385434384092,0.018058745006316778,0.005128989484986954,-0.3847244108597882,-0.00470218933923729,-0.10137843339859479,-0.48505291248202587,-0.03596377116284227,-0.19806086376285306,-0.5062872949613124,-0.0712320275243721,0.08216423073132453,-0.4488440233985522,-0.06698995651726303,0.08517187890892752,-0.6971071688487663,-0.11872322720502712,0.09616010153767379,-0.8458159014559948,-0.14299910280002606,0.1057643434069298,-0.961333369510853,-0.15362789075631794,0.03285181435874319,-0.42935086409518636,-0.10194528024580378,-0.026601025226004122,-0.706922312101895,-0.15045788854563424,-0.06551833542571991,-0.8738439264944816,-0.17072213419065413,-0.09499115249949276,-1.0,-0.18123373176514204,-0.03548963847664768,-0.38431061459230426,-0.1296853492783574,-0.18029888773825453,-0.5511186764772136,-0.17116500167932572,-0.20636957763741268,-0.4996832666622737,-0.16281040928739457,-0.19613345768402576,-0.43943930859930536,-0.1448196125688142,-0.11892207343193487,-0.3278133173898072,-0.1548862774859123,-0.2287261410263685,-0.4356138536092763,-0.17434544093499316,-0.23092932655864795,-0.3959037727963649,-0.1552799780731764,-0.20564479873278707,-0.3510495791090837,-0.1340709812832111,5,Victory
0.0,0.0,0.0,0.0010028200519399547,-0.19487612803232465,0.00764492799897612,-0.06395175377032557,-0.39034592342364194,-0.020969344999051304,-0.18899000459768842,-0.48086805307396746,-0.05697854148123564,-0.2934573778710558,-0.4951350754923014,-0.09544437610950425,0.04035684186123032,-0.47268684700137603,-0.06714128394462654,0.02028209494361843,-0.7126133922143654,-0.1210580853512143,0.018387585990532602,-0.8623779941315626,-0.149099835357995,0.015738652265547753,-0.9811347612366363,-0.16366258608363063,0.003204853448434585,-0.44313308806609164,-0.10150999054103245,-0.06085684361002812,-0.7111989777517944,-0.15733096465836305,-0.10837966492638189,-0.8750611996739713,-0.18302616622776718,-0.1479592486557519,-1.0,-0.1966206604051614,-0.052057025062648206,-0.38768775076688083,-0.1302122911736287,-0.2157198180431982,-0.5419303969236469,-0.1805131272903552,-0.237581770320552,-0.47774582207256033,-0.17313521333952203,-0.21808630442530974,-0.41876949703321403,-0.15397507117347956,-0.12741925553083702,-0.32148064176523783,-0.1573869261879791,-0.2607778243463934,-0.4247162014633544,-0.18302809650458474,-0.2577317485397703,-0.37563622418848686,-0.16469597710089443,-0.22079410334418315,-0.32976281616366954,-0.14401504077211463,5,Victory
0.0,0.0,0.0,0.030671738347346822,-0.19476389600141986,0.015818088896520376,-0.008509634883278794,-0.39130076559981697,-0.007533242492806127,-0.12252775682531994,-0.4836962835449072,-0.038970737135549154,-0.22279060405121343,-0.4943442328451239,-0.07451342735000767,0.06486348961129372,-0.46328467730410927,-0.06404944101750483,0.04710449445681421,-0.7024284391827564,-0.11715480723177796,0.04634481962477357,-0.8502272208436048,-0.14376818028844443,0.04630864463277163,-0.9649773543885086,-0.1560056015488197,0.00993176425635488,-0.4307418805928682,-0.10013390826061734,-0.059652694807485536,-0.7058586796008223,-0.152546484310392,-0.10543148220446412,-0.8731740024430089,-0.1775038041371537,-0.14085398117424158,-1.0,-0.19018857505735437,-0.060472882953352944,-0.37415355339831136,-0.12912859658812445,-0.20483597134807638,-0.5312569552905693,-0.17384720402648748,-0.22210447616982376,-0.47411602849392404,-0.16378312508201523,-0.20617138713738312,-0.4170535030126653,-0.14233401475075005,-0.14216053676772322,-0.31015919456912294,-0.15556425334676668,-0.25209487450236945,-0.4273738824404527,-0.17271733400975056,-0.2471611109792231,-0.38520315150678486,-0.14720911028365058,-0.21901124836107005,-0.3406685444413434,-0.12095854280508808,5,Victory
0.0,0.0,0.0,0.050176553651051614,-0.1953905013727564,0.009790370326700161,0.02627036425971423,-0.39596168527152914,-0.014178794779384926,-0.07631228868413915,-0.5053991873667467,-0.04331216400659644,-0.17350107385543911,-0.5332440176813943,-0.0766379160817902,0.08760950083537702,-0.46462218937233407,-0.07230736492967652,0.07940126662548833,-0.7062060393252506,-0.12229487224746419,0.08510106124900459,-0.8531488886163294,-0.1482314486998355,0.09142863490045902,-0.9689906468151456,-0.1607809234350753,0.019904783947860216,-0.43561481025877385,-0.10156668035879479,-0.04387226577040538,-0.7063096208574664,-0.1490829350647119,-0.08484331185488629,-0.8719390335695836,-0.17102154373589132,-0.11520447750577811,-1.0,-0.1842629504667772,-0.06032526876162323,-0.3822755403921471,-0.12348933024739446,-0.17803430489197242,-0.566971650042433,-0.1643903350083309,-0.1984773380938014,-0.5247398935907187,-0.15455239795097384,-0.1916559455096904,-0.46527700130661276,-0.13623248505046276,-0.14595601438337974,-0.31984183876223016,-0.14314041304577402,-0.22499688686641708,-0.4508623062187261,-0.1613247599357753,-0.22081307621827573,-0.4200803907780586,-0.13944787026703614,-0.1996148613804086,-0.3763964185681539,-0.11662689481940568,5,Victory
0.0,0.0,0.0,0.0695971872668353,-0.19041028310206615,0.012077859223386597,0.0516156719857177,-0.3831109474357997,-0.010553754457130627,-0.047578705347416594,-0.48297502647417834,-0.03893208208340726,-0.1451463143205656,-0.5166198911274568,-0.07175636706013427,0.09742315664588135,-0.4433975383335814,-0.07133682805622125,0.11383417278751909,-0.6927204355461625,-0.11791060466783576,0.12030093395008318,-0.8421031782941342,-0.13980120358580106,0.126718564524594,-0.9560867024704077,-0.14904264445297413,0.02092137209274819,-0.419340766889287,-0.09986222594574755,-0.03416395521110021,-0.7057603374921466,-0.14369629865243913,-0.062043534320130295,-0.8726820003092007,-0.15897881598059457,-0.0785686286078176,-1.0,-0.16736431207110852,-0.06225069463442888,-0.37511791866032224,-0.12094549452398602,-0.14324295894635464,-0.5709572017288648,-0.15372389016673274,-0.1424918628338369,-0.5175438541238655,-0.13505403925007284,-0.1288523157618695,-0.4516281016045756,-0.11177711091123471,-0.14172648945641483,-0.3238302038478489,-0.1401506991329391,-0.18785171324729322,-0.4687879742877657,-0.14962227341345416,-0.17413532089657585,-0.42905882520085625,-0.11893835778117184,-0.15616220400657846,-0.3763335857749731,-0.08990916140432176,5,Victory
0.0,0.0,0.0,0.06607260358965876,-0.1845037512360263,0.00780816272075481,0.05128752590328333,-0.3774275773450913,-0.017483430918937292,-0.03576180752731898,-0.47568330857067326,-0.04765222728572417,-0.1270052156879457,-0.5075523103670194,-0.08219492373355249,0.09548428756851865,-0.42369847964249313,-0.07659905612433976,0.11826978707483042,-0.6801426098086136,-0.12442770369306067,0.13150034272869826,-0.8280063157423345,-0.14517867138699853,0.1414518262130754,-0.9419276737713953,-0.15206734667737892,0.015466056857571487,-0.4025889920887093,-0.10399940297011619,-0.035215319575550914,-0.6968096978136871,-0.14904003022502904,-0.05729874891384978,-0.8670902441860717,-0.1613538859264961,-0.07651856982817339,-1.0,-0.16594789507218793,-0.07188331767158285,-0.3625747484429138,-0.12409367864244587,-0.13614195107611032,-0.5663288736468717,-0.16401489076803555,-0.12227072027921013,-0.49718760224980263,-0.14209787806215454,-0.110378431711036,-0.42288228695745755,-0.11390862320273833,-0.15493200681557007,-0.31262086694109037,-0.14206440874486,-0.17931088779373006,-0.46126067822000655,-0.15707145653258056,-0.1625178316432848,-0.4046683332406389,-0.12090166100690553,-0.1522213803479581,-0.3396440677598833,-0.0863251837523177,5,Victory
0.0,0.0,0.0,0.07010957171735367,-0.1834220950243687,0.0030760419133011086,0.05027460405527087,-0.3791238950820322,-0.026316407648617594,-0.05437967050767014,-0.4863526912720715,-0.061102610546448145,-0.14873186545077902,-0.521915415695102,-0.09970027990779952,0.09813396726195824,-0.41912585022770715,-0.08203090968284905,0.10884201321143104,-0.6751891496218116,-0.1360390821769812,0.11946797853687813,-0.82546864154127,-0.16659069207010707,0.12697221807505557,-0.9461472723092733,-0.18300934954315226,0.018312261166643706,-0.3975960285992557,-0.10907568961767113,-0.020809286853220397,-0.682488853118498,-0.1597309887834288,-0.04847341501020942,-0.8599529300897141,-0.18506284407395762,-0.07581779846603885,-1.0,-0.2018841033105235,-0.07089887674514683,-0.35779816581602303,-0.1285579601659083,-0.12994819529479848,-0.5603851991922971,-0.16701954484401435,-0.1147632798500424,-0.49198771097770666,-0.14618133566280112,-0.10235978836213587,-0.41945594744000514,-0.12118174051993315,-0.15425803589644502,-0.31009275923926494,-0.14726291426398314,-0.1704109111326394,-0.45556121739319483,-0.16162984267910463,-0.15000063963729535,-0.4032116743197605,-0.12882583139161385,-0.13841484863630438,-0.3430653593219815,-0.09806510077349276,5,Victory
0.0,0.0,0.0,0.07602278714036272,-0.1774165364441492,-0.00863495256036778,0.06784834680377554,-0.37657699808185247,-0.038099398531431586,-0.014951418230650184,-0.5047920630775401,-0.07000304404184325,-0.10620430119843667,-0.5503654212840341,-0.10468204454330918,0.10434088981410705,-0.4103422675961455,-0.08766549078655451,0.1286615641631527,-0.6719089830512514,-0.14087612384749618,0.14508424635161057,-0.8261252444002524,-0.16802550072823363,0.15698904577946432,-0.9493011265570678,-0.18016041097444394,0.022659371489382997,-0.39192310066611247,-0.10918610873894223,-0.016541225872381958,-0.6888833315664533,-0.15627091813461313,-0.04533104323131325,-0.8684502596621752,-0.17182649017592386,-0.07126235877484258,-1.0,-0.17977572057602878,-0.06630089815675334,-0.35320252066000385,-0.12566798589278372,-0.12804670528894715,-0.5472460772380521,-0.16776621524836657,-0.11041921336348638,-0.4905482168746703,-0.14958081077416507,-0.09055991748990591,-0.4188598849788009,-0.12462437673115587,-0.15046414618604148,-0.30662330930145865,-0.14229019163095916,-0.1661095292900917,-0.45699635674207206,-0.16177995140164556,-0.15109099780648058,-0.40116120534172295,-0.13243865990741624,-0.1392307867941106,-0.33498000401757,-0.10345645891098817,5,Victory
0.0,0.0,0.0,0.07662491420150871,-0.18079000386163227,-0.008160613781967275,0.06913417979843016,-0.37688506626948237,-0.038906287589586294,-0.01289533920350514,-0.5136230160324153,-0.06914026361609953,-0.09787925493702403,-0.575266221376031,-0.10134276890003832,0.09333123474771282,-0.42387631382315516,-0.10965580052461404,0.09915016884438935,-0.6751384658421583,-0.165763402835064,0.09909887779014133,-0.8305445989719704,-0.1960313661865255,0.10037595302539604,-0.9535814358710589,-0.21213445672459827,0.0011611302467907883,-0.39604647593649384,-0.12843657815780957,-0.07515555752575795,-0.6847347740385008,-0.18142753876964063,-0.11528516625903215,-0.8644912751596224,-0.2016775830591859,-0.1464301186191648,-1.0,-0.21517161129215068,-0.08988857278520666,-0.35174796872221903,-0.1388496523835667,-0.14849776423814862,-0.5666184376056728,-0.1756305494024922,-0.1100225120517974,-0.5237506387376607,-0.15086928285432574,-0.08295947942700611,-0.4553176500599409,-0.12479270282979886,-0.16226321096722765,-0.3046674219227728,-0.14947681274916869,-0.17870075358641294,-0.46788595878183664,-0.1647480540070846,-0.14547471271008328,-0.43475929932419033,-0.13392523107228568,-0.12805591861157917,-0.37948482656982235,-0.10469545147018584,5,Victory
0.0,0.0,0.0,0.06088770298231841,-0.18683272890239366,0.007894051948985866,0.03729542846790265,-0.3691490714224416,-0.01678653782708598,-0.04114116667355326,-0.4602904764780482,-0.045216949934033704,-0.12714456441242003,-0.4916868231936203,-0.07790133447924842,0.059331306556142153,-0.41531541124082627,-0.08685867422294004,0.06731138417333872,-0.681937315055257,-0.1362150327463698,0.06976075977128036,-0.837801831409855,-0.16169248220142843,0.0695251588419082,-0.9660872923295012,-0.17305238030104672,-0.02731174969248715,-0.3876529220872097,-0.111165240694981,-0.08653506917847188,-0.6774690818476834,-0.15113095539616114,-0.1266961677701107,-0.8579926324053385,-0.16387123457332986,-0.1644217169229009,-1.0,-0.1722047334497558,-0.1165296499597929,-0.3400351534067974,-0.12719752636567686,-0.173688739785329,-0.5596648030487476,-0.15634439076760806,-0.14407135887305678,-0.5068538018759078,-0.13022646833077137,-0.12310716703589399,-0.43495777459228724,-0.10315349799503408,-0.19210955403485463,-0.28562651571255576,-0.14195400121954865,-0.20683798919970378,-0.4529133465344017,-0.15050362322507277,-0.17789658032998434,-0.41371443737067776,-0.1139336509409595,-0.1594630523709479,-0.3567603561110034,-0.08069978583023898,5,Victory
0.0,0.0,0.0,0.05479351224032075,-0.19361737407442686,0.010620068243197231,0.026132056076894533,-0.3803624067611459,-0.011419088236832967,-0.051622661551739564,-0.459632872162423,-0.038473232059840066,-0.13824815991876668,-0.47750384629817255,-0.07004052960921012,0.04933308380904913,-0.43824033422142167,-0.07725983563663277,0.05270414726679502,-0.7033731962809977,-0.12373986743975363,0.05012367167607514,-0.856913057464673,-0.14642682262769383,0.046133768750002004,-0.9795064550777711,-0.15529361434515537,-0.03784863241128016,-0.4063084421634461,-0.1031967403905194,-0.09551415954095228,-0.6904922267412417,-0.14103257385775556,-0.1394715665795256,-0.8656213908380969,-0.15396680384281294,-0.1821587410633904,-1.0,-0.16162342884084852,-0.1269822828136461,-0.35171345888445965,-0.12106133008824542,-0.18911767828237488,-0.5655471108583796,-0.15080178634564415,-0.1598740255162635,-0.5088549048359923,-0.12746648496168242,-0.13984416919799111,-0.4362962578092602,-0.10169983522931164,-0.2022623642008985,-0.2886946255740582,-0.13723739128006707,-0.22243229729439343,-0.4468048222973361,-0.14616588252731322,-0.19086202301332325,-0.402847174714787,-0.10945607550131235,-0.17107535665455287,-0.3447311087185004,-0.07563214471126652,5,Victory
0.0,0.0,0.0,0.058689839322278496,-0.19350200187797212,0.005728169004491172,0.03361298640563076,-0.3881235046669306,-0.01719759265885278,-0.04459123139979796,-0.48378727141931405,-0.043515463569929344,-0.12935120232560993,-0.5133801653275434,-0.07376545164262002,0.05655332702032568,-0.4359024771172437,-0.08264369775027368,0.06120574978398769,-0.7057139004642263,-0.1297566305541293,0.06056846165831294,-0.85906845722875,-0.15206266995025552,0.05886921630140924,-0.9828306077433474,-0.1607264581596043,-0.03226656183096837,-0.40105734073262694,-0.10705730489615836,-0.09018898953704728,-0.6908819357303744,-0.14639169154433412,-0.12909680724419662,-0.8661443792056973,-0.1580148341656129,-0.16725493158682306,-1.0,-0.16504312818163103,-0.12334764095702291,-0.34647569750783036,-0.12393352307675888,-0.18164792257156528,-0.5738432927924022,-0.156017446713695,-0.15157102779757986,-0.522530098067272,-0.13125632206961443,-0.1318393162640465,-0.4489790345129598,-0.10453387636894415,-0.2018779396144102,-0.28521980019501453,-0.13948789262926004,-0.22330206928860488,-0.4604812683537314,-0.15107212418177635,-0.19340268213692194,-0.4179119495546745,-0.11403610159441906,-0.17613063780748175,-0.35340337136065686,-0.08001212083481485,5,Victory
0.0,0.0,0.0,0.058102248608390035,-0.19758912923839578,0.0031534700835202196,0.036227154243542566,-0.39458533537363577,-0.02479163502956403,-0.051627927504052686,-0.48920836076635055,-0.05793866957094808,-0.14402628683111077,-0.5079222596254725,-0.09439669238747563,0.06909894184905806,-0.4620705146618992,-0.07872539043347053,0.06893230051841197,-0.7196259181726543,-0.12923602201271675,0.07360075266477727,-0.8690062352419831,-0.15597874018660993,0.07882255382441854,-0.9918468771784569,-0.16944535131190178,-0.011692078824360467,-0.4252303061477402,-0.10696071315630212,-0.08964563725339643,-0.7023435689996195,-0.15426638652363647,-0.12316618184105033,-0.8680717705370384,-0.17019694715858383,-0.1482919435670037,-1.0,-0.18015050825456932,-0.09897488482004156,-0.3692747798540697,-0.12883611938218398,-0.17266588361587082,-0.5656094104432754,-0.1670514199813787,-0.15100440330574416,-0.49546812147903513,-0.14175772646532664,-0.13110534648535196,-0.416862450873284,-0.11379759959767694,-0.18063257806182798,-0.30391748217251774,-0.15052070967034098,-0.21080188548170314,-0.4532652796636409,-0.16536724134978706,-0.18690971696180764,-0.39836242416077333,-0.1297453986201453,-0.1690515647810215,-0.33449242401366097,-0.09691879860312844,5,Victory
0.0,0.0,0.0,0.05546717007528709,-0.20111132534874648,0.009366291988283667,0.027837300964517763,-0.38892746162779746,-0.015304904309689994,-0.0605063381955312,-0.4691152533708797,-0.04530570443120757,-0.15246375771815993,-0.4834164824472116,-0.07979111559557915,0.03708357808737607,-0.4605496540560416,-0.08036380082020732,0.02095806074085367,-0.717808916968966,-0.1299772426375005,0.014312259823418366,-0.8712796115024685,-0.15408019851899618,0.012132207539470793,-0.9932996731132265,-0.16403596342956192,-0.050709689569666344,-0.42306305013609075,-0.1079800720689686,-0.13403855380628035,-0.696730683861479,-0.1510279212974889,-0.1780132099922426,-0.8674430638572639,-0.16367828248719535,-0.21513095649132563,-1.0,-0.17109449813381683,-0.1371766668310816,-0.36262926376489263,-0.12818806442815842,-0.21217830350697045,-0.5640349217310202,-0.16163645084509376,-0.17590463336218068,-0.5143099281207822,-0.13944590589928343,-0.14778322339953276,-0.44457408312519897,-0.11422535821820654,-0.20924771201678827,-0.29476900449749566,-0.14701392883965014,-0.2430801791823795,-0.4497802370265411,-0.15793038886664407,-0.20932259554375754,-0.41510279669795036,-0.12434613593071657,-0.18559187132588684,-0.36049539712931533,-0.093070761849385,5,Victory
0.0,0.0,0.0,0.05694545896155047,-0.19675360115147741,0.011594625843902565,0.027262524849930313,-0.37842532014327357,-0.011068732076025777,-0.059631748554814644,-0.45237670069096547,-0.0400636811806019,-0.15291855762075907,-0.4551508385829728,-0.0735789524126734,0.03723348640614945,-0.46537609311847805,-0.07298296727753971,0.016340053039533172,-0.7267224464439763,-0.12240966618099892,0.0036394166872963456,-0.8800594062892196,-0.14786140899064262,-0.003657201925692196,-1.0,-0.15789989606688237,-0.04443075919254299,-0.42627928860483605,-0.09909170285667558,-0.1372767997493539,-0.6920033256599312,-0.1444164958921918,-0.183515455372166,-0.8628486849882169,-0.16167279186658393,-0.21739893942491523,-0.9932637062209171,-0.16987111308379846,-0.12577657716440063,-0.3647143385310543,-0.1175090470391241,-0.20424954018871036,-0.5221438793449428,-0.15132457890578008,-0.1786971827823083,-0.473512929509016,-0.13575434374181278,-0.15433104688224772,-0.40760640512904717,-0.11264655837047674,-0.19562477745995896,-0.29484889194371816,-0.13442763681703138,-0.22968728161433913,-0.4138026743968379,-0.14297943964736345,-0.20280345658802956,-0.37406218797236424,-0.11160702016868292,-0.17892875017919976,-0.3202941786219997,-0.08032975283822565,5,Victory
0.0,0.0,0.0,0.04782601050307934,-0.20706573098897862,0.009518545746951034,0.0003670041098296735,-0.3863945077549446,-0.010230557709096484,-0.08736565011936472,-0.45135341942868457,-0.034581653439340394,-0.17444106878412963,-0.45229191302047916,-0.06373389105406203,0.007250982409000837,-0.4652189053977793,-0.07694447545621515,-0.015087141042516461,-0.7268180571460477,-0.12493201331456082,-0.030932763288059523,-0.8809800867866374,-0.14734167492208777,-0.04175344756355135,-0.9979220624307619,-0.1541680963900063,-0.08291727750931016,-0.425080856017825,-0.1004498412484591,-0.17600724907895474,-0.7043224908348678,-0.13882551858359413,-0.2275139962804691,-0.874951212654454,-0.15108017239330346,-0.26712923022315554,-1.0,-0.15440608482316795,-0.16567230820296333,-0.35277551729995194,-0.1159430638635986,-0.2321499044556601,-0.5006550601881302,-0.1449920872374731,-0.19003461930098997,-0.4587168869204956,-0.13146456637062914,-0.15491144677570257,-0.39622593965832453,-0.10986547036637846,-0.23128691454958744,-0.2663574248402957,-0.1296166408547885,-0.2441143834611941,-0.36736558485807574,-0.1366651206565102,-0.20320697599671664,-0.3279435968433114,-0.10628375860990168,-0.17231327884136557,-0.27482870271253107,-0.07535925495372861,5,Victory
0.0,0.0,0.0,0.04379589276490831,-0.20296763757276803,0.011260836502799935,0.004885363969510274,-0.38372229186731865,-0.011034963954618568,-0.08129731113445055,-0.45450515015654264,-0.03881926095280396,-0.1688306371452147,-0.460234001472381,-0.0713183991514701,0.012990449493789583,-0.4598458447899769,-0.07927469771076975,-0.007463574000764331,-0.7212907934427301,-0.13089277935802102,-0.021528625647570798,-0.8780229426379585,-0.15799734473782182,-0.03340988746542582,-1.0,-0.1695381865185859,-0.07253083421915239,-0.4248229647872173,-0.10330230326696578,-0.15740879089556534,-0.6945339441929455,-0.14394993760812064,-0.21150862777172103,-0.8636943692771626,-0.1593716767425022,-0.2571091404725962,-0.991302149476633,-0.1676260314774055,-0.15745962525995877,-0.35694093319184433,-0.1188999996532779,-0.23179199304295414,-0.5152320634122386,-0.14431878177083782,-0.19416475962153815,-0.4537410007289285,-0.12099630444886475,-0.16288710141546472,-0.3841563810289783,-0.09556873978709937,-0.2264010086990306,-0.275262999753998,-0.13348442418557907,-0.24862706367094917,-0.3758378819498973,-0.13730538691582014,-0.2131325133871391,-0.32879122235767966,-0.10268262328744476,-0.18610923760254244,-0.278081402157011,-0.07036332583651582,5,Victory
0.0,0.0,0.0,0.04221621213851873,-0.20103907906587143,0.012465448707096892,0.002824632589598819,-0.38417583035408964,-0.004736958839716999,-0.08316733546194913,-0.4668368989960776,-0.027604239040765685,-0.1692656987193789,-0.48107250637570603,-0.05479745200073369,0.00678812088630409,-0.4682703875810107,-0.06512274088684705,-0.01077509441240134,-0.7253969982318469,-0.11003272106851597,-0.022805047331633146,-0.880477618398471,-0.13336020355511782,-0.033555144208204386,-1.0,-0.1426325101640393,-0.0768024824599141,-0.43637175267776096,-0.08830691565858663,-0.16028562308982353,-0.6962320796135043,-0.12300024837988066,-0.21381620032473667,-0.8628797090108911,-0.13720646586306826,-0.25775177144459427,-0.9868884810999058,-0.1448318485210767,-0.15908618616599005,-0.3682797105054057,-0.10372463515741184,-0.23323421499019492,-0.5169597160706934,-0.1254893713382225,-0.19908099806531526,-0.46020018667199,-0.10531597072682368,-0.16880951593028018,-0.39403108661530517,-0.08280540059441324,-0.22669064295085503,-0.2851706433209253,-0.11810899344308973,-0.2549376805204612,-0.37512476528114486,-0.12075459563817584,-0.2223833273374831,-0.3282578550085988,-0.08895273166711533,-0.19554931773629433,-0.27860385292980017,-0.058794566875886564,5,Victory
0.0,0.0,0.0,0.04182095877107796,-0.20039039463229452,0.012798077713899098,0.004329036814690562,-0.3793507548335835,-0.0042409078819117966,-0.08277098967069833,-0.4667165180542068,-0.026761335082957968,-0.16500909331685354,-0.49245607839675115,-0.05318384324928621,0.012425885053412201,-0.4668173391012625,-0.06648866800429637,-0.004504370089167476,-0.7223782113534034,-0.11479862430340469,-0.016489626556016598,-0.8784500750419352,-0.14118776087972676,-0.02918001235984815,-1.0,-0.15264933499467334,-0.07050410523527854,-0.43890103293016686,-0.0900956910465847,-0.15257773461640328,-0.6991906065154057,-0.1275363527398839,-0.20813781230687736,-0.8637259645095788,-0.1429639483079955,-0.2558215767634855,-0.9853279773991348,-0.15150828926323517,-0.15265003972808333,-0.3747834378034784,-0.10588803456207865,-0.23072795091374593,-0.5292287454754128,-0.1266805656824106,-0.19810205703187075,-0.47379200141255406,-0.1010185082091167,-0.16985300609163945,-0.4076330890791913,-0.07538770349471748,-0.22090633000794563,-0.293381301315441,-0.12122148560825152,-0.2516524675553986,-0.38923951620022956,-0.12199237595874149,-0.2199736911803655,-0.3448584797386775,-0.08609991215543965,-0.1948300520879315,-0.29590235719961155,-0.05325214796368544,5,Victory
0.0,0.0,0.0,0.043921962451513905,-0.20050239300534917,0.009088894100720862,0.0047358426845144795,-0.38370831621710005,-0.01138113627520954,-0.08770349010763401,-0.46459840193044377,-0.03583936711535001,-0.1741361166036522,-0.48900055158082706,-0.0645098885730917,0.010859459165642663,-0.4615061631805986,-0.07816766252118963,-0.00642400080553969,-0.720284006205507,-0.1284580834156773,-0.01938338788250883,-0.8757526315930171,-0.1550563200500897,-0.0324222596279369,-1.0,-0.16660815127170311,-0.07709095024277576,-0.42702175759136507,-0.10031983132987307,-0.15715170433129066,-0.6939888382852342,-0.13773041107785677,-0.21110254680640048,-0.860695633422412,-0.15149724253560737,-0.25937117112461006,-0.9856438391807733,-0.15957344623378306,-0.16079498925798566,-0.35928709737495645,-0.11440901232590864,-0.2316683136864223,-0.5254433809855208,-0.13739632151146702,-0.19425598518662412,-0.4691678792831053,-0.11266900427051174,-0.16460339199931565,-0.40156474302481937,-0.0876148987804558,-0.2269303769551491,-0.2783396258695863,-0.1276352121478701,-0.2535250826702928,-0.38453577656610194,-0.1298860562269306,-0.2199936020188393,-0.3385989846992013,-0.09367300389982092,-0.19516426682967558,-0.2862765086270271,-0.06090039799674766,5,Victory
0.0,0.0,0.0,0.04485005467359786,-0.20465799918684816,0.015377005509837147,0.0038347075277706914,-0.38879746072008914,-0.001352896278286589,-0.09058676139787367,-0.4691718074334097,-0.023616507717471702,-0.17816511131480145,-0.4916684125199633,-0.050124853432727455,0.008184631787692078,-0.46442201347092354,-0.06578974008907011,-0.0064397620703736695,-0.7256844661439926,-0.10852497068432428,-0.016809817695360985,-0.8781972028255909,-0.12913082335683895,-0.029275344357826874,-1.0,-0.13704418843832447,-0.08016913630021988,-0.43220299503480214,-0.09047735753179428,-0.15770532017161135,-0.700581554686608,-0.12171675890574729,-0.2087291681252701,-0.8656127524814589,-0.13224900452553326,-0.254178088481544,-0.9886227591492325,-0.1381485691843837,-0.16332334642656243,-0.3651284290816508,-0.10683258833628258,-0.22563282822958494,-0.5339809219589717,-0.12449627583059907,-0.18825672457534634,-0.4735574982141329,-0.09845717569122588,-0.1623905555640501,-0.4039567428967466,-0.07313023727768746,-0.2273036165406925,-0.2842612197116807,-0.12188455977349674,-0.2506039847659658,-0.3903942570412879,-0.11929674022310516,-0.21792594774350363,-0.34397771817287087,-0.08121763442546837,-0.19667965080788075,-0.2914617356795098,-0.04774298197992804,5,Victory
0.0,0.0,0.0,0.04832485590851945,-0.20138681975160455,0.008236078169476876,0.01093202543828304,-0.3872407069080144,-0.00928458685131994,-0.07934335920918369,-0.4693043704774255,-0.03048247584971847,-0.1697535838635921,-0.4809022015856337,-0.055117037119568495,0.006695080266032442,-0.4669565991901117,-0.06893106336971914,-0.013149463167117842,-0.727192864330453,-0.1101089073981801,-0.026932391609311063,-0.879193603741448,-0.13038782607322064,-0.04096741608020983,-1.0,-0.1380530298230099,-0.08621860905198815,-0.43265262987496106,-0.0887432001367188,-0.16602436521813507,-0.6934660738654619,-0.12148965581500291,-0.2191905605633096,-0.8598646510294672,-0.132859325879355,-0.2646711847788783,-0.9839165737984836,-0.13870403490239586,-0.17170911741118497,-0.36548640130577437,-0.10058892456863237,-0.22685536668529332,-0.5354572666746545,-0.11749838940048529,-0.1906607213357184,-0.4853842622095594,-0.09148406516805717,-0.16547183929191855,-0.41749223035267996,-0.06625223932126016,-0.2367202916361377,-0.2866458203662488,-0.11214388919036108,-0.24614106632820587,-0.40018799842645425,-0.10769213664139013,-0.21306868286938122,-0.3590670980133101,-0.06906693610443354,-0.19259712456777858,-0.30529315065781776,-0.03521769836577292,5,Victory
0.0,0.0,0.0,0.05002670908941463,-0.1981282172411404,0.011080671609356735,0.02083239169468605,-0.38379207641399804,-0.007745046772220782,-0.06415765849327229,-0.4740927068043521,-0.029207228390015022,-0.14992481142649922,-0.49583570306333447,-0.05474211804334483,0.012850815294736242,-0.4616276506873424,-0.08115566562470197,-0.007422526625759848,-0.7234461827990673,-0.12883666922331766,-0.02001689626943564,-0.8776566643846291,-0.15427393567148345,-0.03259250585357486,-1.0,-0.16455857114782055,-0.08347057262158657,-0.42900190026314694,-0.09989976820366045,-0.16222080886745258,-0.7014728304601938,-0.13062429566393755,-0.21306820511952426,-0.8661235033180874,-0.13778919868141024,-0.25986643884683047,-0.9867060982758371,-0.14135513697494984,-0.17068111580994855,-0.36765790167599754,-0.10984185808127331,-0.21949077694393918,-0.5508656764031085,-0.12106077724356597,-0.1800418183541093,-0.5104746574282244,-0.09147248223805225,-0.15442914534927654,-0.4429916693119805,-0.0654564679531831,-0.23669379516702474,-0.295355934173307,-0.11945163313681617,-0.23983636690767382,-0.42318034839262936,-0.11058332762043376,-0.20324644139121809,-0.38772174172232005,-0.07026870680661015,-0.18171595734154425,-0.33260067302368007,-0.035793443559346806,5,Victory
0.0,0.0,0.0,0.05060794775408388,-0.20543454536005681,0.009138810237090417,0.020609939889479793,-0.3915729208169487,-0.010558779008409954,-0.06129688014274083,-0.4877152805446325,-0.03332903477585846,-0.14640358930829594,-0.5144235799539211,-0.059226629813709034,0.009622793493512569,-0.46806849481178653,-0.07806307658038668,-0.004910527136348676,-0.7293358393819184,-0.12527170512508845,-0.012045576593275244,-0.8797795658877129,-0.14899347959803871,-0.02182289050184489,-1.0,-0.1575955851985376,-0.08766738268054809,-0.4319505603963483,-0.09867838657397719,-0.1614115145425884,-0.7120106709165556,-0.1338121303160736,-0.20839139397508966,-0.8762062812895179,-0.14367466214693267,-0.25225475080984633,-0.9965014637864431,-0.14746178732232718,-0.174695809586502,-0.3722263412268089,-0.11120009435369899,-0.20664896842032324,-0.5615103850884335,-0.1311519366458673,-0.16703440331214164,-0.5263592426420912,-0.10780112160264663,-0.14327966116375354,-0.4625747050773468,-0.08343871319756754,-0.2402425641380983,-0.30726003429937465,-0.1230197043282343,-0.2298955428135881,-0.4431260935091032,-0.1187912345480621,-0.193663710222253,-0.4102934502052766,-0.08116804154478809,-0.17374820274741457,-0.35616990316489683,-0.04782955283932963,5,Victory
0.0,0.0,0.0,0.0471878925197078,-0.20631586460323006,0.019446651895533823,0.020969270291011678,-0.384983929907529,0.0022361522163909394,-0.06308161115780671,-0.4807583525791842,-0.01954582212750012,-0.14564991441236716,-0.5155000515567478,-0.04448737336409858,0.013489681530279766,-0.45847194034721284,-0.07690911251560661,0.0040711815965915246,-0.7201201195018503,-0.1283687518173927,-0.002792814447693406,-0.8765567607195572,-0.15585690534635346,-0.010599415392803227,-1.0,-0.16686254459083522,-0.08271426632688968,-0.426277710894121,-0.10069279361250087,-0.1500805348999722,-0.7026771248800512,-0.13732387368433374,-0.19524064305075947,-0.8700304141919857,-0.14633060591471297,-0.2387728104295269,-0.9927184886615473,-0.15037422909991116,-0.17003561275923995,-0.3709248079575481,-0.11520139646924227,-0.20531758527752028,-0.5644993788312626,-0.12997270497607136,-0.16670162402897884,-0.5313819318733767,-0.0974446970516019,-0.14517295015603424,-0.46623908022075555,-0.06825572844562944,-0.23632214920780184,-0.3076198128206963,-0.1289104944251759,-0.23023004603734493,-0.45238875881032764,-0.11901160956074443,-0.19482990476670872,-0.42385806092755135,-0.07498495635201886,-0.17638361240031575,-0.37044938783010256,-0.03741546679899442,5,Victory
0.0,0.0,0.0,0.056350155203329665,-0.20634254665188237,0.02133012262496535,0.029288603433488217,-0.3838730187079696,0.008213558911109498,-0.05579056955332286,-0.4812477648008993,-0.009590381308129692,-0.1359774311289234,-0.5215404977232939,-0.03008571963227075,0.023188332904363288,-0.46391207166186244,-0.06753692963573245,0.010830317498564897,-0.7249911960634321,-0.11112301806446435,0.0018539375387110182,-0.8777161651908472,-0.1327525174491511,-0.007161960698474432,-0.9981735199656687,-0.14053552241724865,-0.07218235751843352,-0.43499803648905594,-0.09095009224155397,-0.14020793970092532,-0.708234762175671,-0.12390770469778341,-0.18373184778825524,-0.8761004493022843,-0.13033377647922714,-0.2245554257953246,-1.0,-0.13242225756002296,-0.15942117870019595,-0.380276171171622,-0.10511690282489079,-0.19838012699395158,-0.5747149915322254,-0.11767478705053741,-0.16067609784896542,-0.5400377887111678,-0.08439339950907637,-0.13952526573689228,-0.4751214053657438,-0.05448547859216338,-0.22530661521421172,-0.31320321897753217,-0.11813300019313604,-0.22709712677317953,-0.46528203860935696,-0.10705807781618522,-0.19335095574782651,-0.4368925187538604,-0.061953203407751165,-0.17557534377693626,-0.38216842946410906,-0.02344508531003102,5,Victory
0.0,0.0,0.0,0.05933216778804156,-0.19885253777519843,0.006732944829695258,0.03593248896129031,-0.3916448278192945,-0.01029539654744785,-0.047369683063997636,-0.4922663770609899,-0.030692098124071733,-0.13522590089891515,-0.5223293894613753,-0.05387609240128238,0.030574472760176177,-0.4706496782648969,-0.0670204269988745,0.02080520819989292,-0.7296315255279832,-0.10651628824988735,0.010757090991192372,-0.8796843311953477,-0.12689223970705235,-0.001840202737804,-0.9985294110020076,-0.135272740715192,-0.06362231491955023,-0.43987285149047867,-0.08631994110721074,-0.13320616407841965,-0.7076621550624722,-0.11729521592747352,-0.17935307914349882,-0.873630825716749,-0.12896626030411512,-0.22189319165613405,-1.0,-0.1358230122464457,-0.14923163388808242,-0.3806554748732673,-0.09806174131801851,-0.1883977676574839,-0.5618208369140745,-0.11651294175878894,-0.14995573451913996,-0.5207992438996013,-0.09451523006200083,-0.12707494981776038,-0.45581378382644266,-0.0719101105659479,-0.2158555477587456,-0.31292176895268786,-0.10937018432964786,-0.21788297766222595,-0.447014107039655,-0.1066695124209663,-0.18329167831434007,-0.41603103648993495,-0.07089644423622098,-0.1633272635772974,-0.3627717365466563,-0.039307508285545224,5,Victory
0.0,0.0,0.0,0.047453689173526464,-0.17849133636340328,0.007074341765222442,0.03556896031940391,-0.3683446393665674,-0.013338045861456553,-0.018668525612519415,-0.4843244715133051,-0.038630295511578074,-0.09209968641339855,-0.5230297398919819,-0.06708316016098789,0.03874682059256993,-0.4754745572257974,-0.07083829782700889,0.015332943744491016,-0.7264358721146629,-0.11624480004121143,0.004333277046291818,-0.8807043895935575,-0.14204254729235566,-0.006766910645942426,-1.0,-0.15497041353312688,-0.041496074199876755,-0.444104050279947,-0.09392606715387186,-0.13156589076011377,-0.7054045284840427,-0.13045911619344105,-0.1856847318600274,-0.8697979059452378,-0.14665094198887862,-0.2294260843580669,-0.9935583459389784,-0.15676531445761943,-0.123602806807844,-0.3775840835570817,-0.10953749914041248,-0.19455153225998956,-0.5370743881878549,-0.13651318534870224,-0.16362519195796685,-0.47567436148834724,-0.1171163356253781,-0.13494912506067067,-0.4017989456346747,-0.09492851431404327,-0.19483214231721668,-0.29665522359953567,-0.12485111447477076,-0.2165860524247485,-0.3878752408039204,-0.13810760789228121,-0.18363488158061086,-0.33849759571817695,-0.11173074876224313,-0.1565464628898946,-0.28146744737677337,-0.08407254533851752,5,Victory
0.0,0.0,0.0,0.04195980157455751,-0.19100997512747417,0.00710419721106171,0.007929524781476065,-0.37207724406145704,-0.01568866669394826,-0.07079862079871986,-0.4551140877849403,-0.0448555445304726,-0.15710289920097753,-0.4628861892368913,-0.07857230866511529,0.021584377553738723,-0.4634753559541412,-0.07063257343170279,-0.008148458485180502,-0.7217802020890473,-0.12233064701324024,-0.021244764638613495,-0.879530085957821,-0.14856830013399563,-0.0284953337671781,-1.0,-0.1583175368379834,-0.06271041186013676,-0.42693080884430923,-0.097070472990215,-0.16581404702418573,-0.6980622340892115,-0.1406651063856831,-0.22186485765526776,-0.8683890532067439,-0.15732903675629978,-0.2643765414742929,-0.9982728463308747,-0.1638106136337306,-0.14554065997839663,-0.35933964335510543,-0.11720788203276235,-0.2317400195140086,-0.49317036716560014,-0.15749869686780377,-0.19529795967477132,-0.4379653917238197,-0.14699218685476143,-0.1593966147499896,-0.3724880937349658,-0.12507374627873613,-0.21859751303560632,-0.27845629314169235,-0.13568722400324493,-0.25393274637606633,-0.3694467974889358,-0.15320538757545046,-0.2165268739094967,-0.3198937518608464,-0.1263141529568715,-0.18379065651112078,-0.2643364651690076,-0.09660995571588649,5,Victory
0.0,0.0,0.0,0.033783873522861135,-0.20319170090619618,0.00341486505784687,-0.008287952198825261,-0.3871977055672239,-0.024274672879364283,-0.09332680577932022,-0.46712211973831247,-0.05584013167645463,-0.18681852206978555,-0.4767525984473325,-0.09103375718423697,0.009569421237891344,-0.4610025378510205,-0.08551068465423303,-0.015079166268532602,-0.7175531190775637,-0.14148063077424286,-0.030012237319137994,-0.8749980170156657,-0.17427226274636967,-0.04195589031200552,-1.0,-0.1907532836494226,-0.07427650585985705,-0.411815672106254,-0.11133358510731267,-0.16982323954340078,-0.6802313248069312,-0.15759777405196287,-0.23122630333720584,-0.8564898557900007,-0.1772913794532064,-0.2860673491576098,-0.9944806628590908,-0.19121771702686732,-0.1613406781843316,-0.33829288475706687,-0.13038884248761143,-0.24795798729488103,-0.5419147549160488,-0.167072334853214,-0.21292289677302964,-0.5056951310079353,-0.1474778901976611,-0.1822505562501637,-0.44046269388514037,-0.12447418819648867,-0.2370136661746406,-0.26141931504216287,-0.1486413601398613,-0.27224032220636246,-0.4163737691201194,-0.1652650867411073,-0.23413308167571215,-0.38801063691243254,-0.13429218574385987,-0.20576515341289128,-0.33319135780379044,-0.1044857752812287,5,Victory
0.0,0.0,0.0,0.04172392169386421,-0.20163871196991778,-0.0007333998806499771,0.0005885741830241749,-0.39115022819548645,-0.027385102534745534,-0.08749477114481567,-0.47922345315845344,-0.05668205952844242,-0.18150293415615648,-0.4949518120700719,-0.08891836170829405,0.012384234270704017,-0.4518386828832395,-0.087353383155971,-0.01763679734681516,-0.7213668639762989,-0.1400558040409557,-0.031046843045884984,-0.8780437934426033,-0.1675297483182267,-0.0411480916740133,-1.0,-0.1790085964745211,-0.07476681929676209,-0.40045927715106483,-0.10957865320104038,-0.16703980826781334,-0.6748823413876445,-0.15577664295923113,-0.22525523935037753,-0.8499824580342203,-0.1724833506621032,-0.2784389749494731,-0.9858925861955224,-0.18301433996900066,-0.1632246181248988,-0.33194684334574764,-0.12556440204057187,-0.24675876573529323,-0.5549447727940603,-0.16452494873518572,-0.2103880485237761,-0.5226617459203685,-0.14459345236052532,-0.17974405222408138,-0.4611720956801785,-0.11999906815099329,-0.23918404745626504,-0.2629857400310658,-0.14049198708162305,-0.2804780410571958,-0.45385432222042305,-0.15753536090391246,-0.2452415543680994,-0.42699955920188554,-0.12487305461519269,-0.2192637959314634,-0.3696000356836569,-0.09344877701245974,5,Victory
0.0,0.0,0.0,0.027939872114868723,-0.21697546186626937,0.0072555113052597845,-0.025958284351927086,-0.40468557134221744,-0.01613492565731661,-0.12016825745295161,-0.4860253399686557,-0.04283253578460051,-0.21630284432854963,-0.4983027095760009,-0.07224851554251545,-0.010392933469460129,-0.4524202302130865,-0.0798646172219025,-0.0368278143002993,-0.72290066122274,-0.1300123618917807,-0.046162863915386085,-0.8763082306131451,-0.15489536957630246,-0.05532727786681753,-1.0,-0.1645776670614496,-0.0959040187752673,-0.397832850724524,-0.10603548636438957,-0.19186023984808465,-0.6849968306429586,-0.1456149438918559,-0.24567794560768724,-0.8500685119367664,-0.15549886917252198,-0.2941072672278557,-0.9734220638784341,-0.16208083212396926,-0.1807958340467011,-0.3251298424788514,-0.12579551135278005,-0.2692710936887136,-0.5550068111114738,-0.1591076035044366,-0.23248994652461533,-0.5169556307192293,-0.13302113960790823,-0.2005811728548816,-0.44776954947413106,-0.10590620933090013,-0.2538630177356113,-0.2504051642673651,-0.14433597567265283,-0.29385589455555805,-0.4407225256063244,-0.15584677315006984,-0.2565533924526739,-0.40961415535441925,-0.11790521042514426,-0.2292695323914779,-0.34989892604509093,-0.08401471777097141,5,Victory
0.0,0.0,0.0,0.026101565181387797,-0.21421742098017044,0.004553801098619913,-0.026351292981004734,-0.40674792337763516,-0.01768520291915697,-0.1165895140396249,-0.479827402776405,-0.044819976437834315,-0.2108070361950628,-0.47693495753362714,-0.07537260888209647,-0.013452224649563896,-0.4540010537793243,-0.06870864881597454,-0.05115723103527982,-0.7240641093190983,-0.11604393548052949,-0.06918899851272357,-0.8784313008259793,-0.14071986574820033,-0.08498839208373576,-1.0,-0.1510557097522816,-0.0947920809339878,-0.3940659927356158,-0.09562280826547213,-0.19226472275252762,-0.6703139702031055,-0.13577663917941946,-0.2519192169968223,-0.8363414167183568,-0.15107745270639705,-0.3063804042185417,-0.9675820823270934,-0.1616063687924085,-0.18268128467685008,-0.316216099475523,-0.11719965618309056,-0.267554589893836,-0.5515715632123614,-0.15502562295168482,-0.23785828691593658,-0.5157450118647458,-0.1355326754515311,-0.21359441481392702,-0.44726180812655314,-0.11138008398325228,-0.2657403422370163,-0.23845395630318025,-0.13762373231670105,-0.30482794756630677,-0.4307655699008249,-0.15406268247932084,-0.27023359423581156,-0.4084914456311352,-0.12078839885858489,-0.24768298909097136,-0.34838963996391936,-0.08939305061525993,5,Victory
0.0,0.0,0.0,0.046576977181870496,-0.19276308404268122,-0.0033772546406364372,0.0248260804050084,-0.4078091137002829,-0.027402167029809785,-0.030187324474954466,-0.5577696221452055,-0.051554403814297135,-0.0890455179360429,-0.6381481342894908,-0.07795520997801365,0.031067060806881746,-0.4478069292762376,-0.09992592706577187,-0.006832696378204707,-0.7104932247458837,-0.1520111544936429,-0.023020795514649292,-0.868685775657628,-0.1817230380638413,-0.036628038093928214,-1.0,-0.1974222332653898,-0.05812984985118611,-0.3860117979124592,-0.12306799098242396,-0.1664350098450778,-0.6690294179217835,-0.16654092435041143,-0.2327215597596729,-0.8450529368873373,-0.18220008441913987,-0.2908448361125747,-0.9814408905977737,-0.1953377263940615,-0.15036563820072227,-0.3101234907500766,-0.13910187837738705,-0.24330590330485155,-0.5619418720716329,-0.17922376873345827,-0.21573250513997,-0.5251529349658532,-0.15458988730520903,-0.189393104299169,-0.45035845791798096,-0.12887678915478917,-0.23282724138593616,-0.2362656866423481,-0.15443303352307095,-0.2795599599117735,-0.442677375738128,-0.1790484585907527,-0.24809353380143384,-0.4124878263868312,-0.14728312792861936,-0.2254826211874974,-0.344464254833291,-0.1165205591470729,5,Victory
0.0,0.0,0.0,0.03208355211810661,-0.19345408664544098,-0.003870547050152891,-0.03133804796651664,-0.40443948055809414,-0.036383300246872405,-0.16361428951253004,-0.502773412670807,-0.07230641792750922,-0.2716006087537416,-0.5328638394750309,-0.11166076182572499,0.05102162562407265,-0.44513868969283094,-0.09653603544566557,0.02202281968862837,-0.7180904115567914,-0.15181711471611406,0.01572067466076845,-0.8752409332572232,-0.17460081702143054,0.012450767469984,-1.0,-0.18236115263647862,-0.02382468502139882,-0.38411255654653276,-0.1255979514570897,-0.11475036617662054,-0.6876712119898185,-0.17697851117127658,-0.16630393660117576,-0.8594405907617713,-0.19122904745206568,-0.20449027356752755,-0.9888703272575492,-0.1987708206522254,-0.10984421888832875,-0.3125266234465487,-0.14886075667971652,-0.22228145426199092,-0.5379961252462222,-0.203952267481093,-0.21066090949028787,-0.48507590838961384,-0.1870864034329187,-0.18368791555209524,-0.41256579028871965,-0.1588712202302527,-0.20093304757103636,-0.24514326392257355,-0.16984080684376937,-0.27202744156659747,-0.4422489200529467,-0.20026267471142545,-0.2518944458368315,-0.3992908037969919,-0.17110319895627255,-0.22789270000581308,-0.3272760366586395,-0.14023312804618188,5,Victory
0.0,0.0,0.0,0.03895169903408665,-0.20062325292003153,-0.0028896966499587506,-0.023844779443099217,-0.41334634741543813,-0.03647535703962287,-0.15510900492229018,-0.5138209022104512,-0.07244223345838616,-0.2663279359458889,-0.5407593330875847,-0.11334813818183187,0.059621173644137264,-0.4460122485775467,-0.10756447796367063,0.029031142208997884,-0.7156734030563161,-0.16469431226120163,0.02274562818429333,-0.8718768284495202,-0.19299273821453108,0.018964309422291322,-1.0,-0.2062346274679219,-0.01939291880529818,-0.38149281715012795,-0.13610517939191444,-0.1106818919821093,-0.6832194411917649,-0.18537532999370848,-0.16289086715720522,-0.8569258356274501,-0.20170492171535953,-0.20364811869811744,-0.9877482055175368,-0.21358842436043765,-0.10703322451259638,-0.3081788510316524,-0.15743088524439106,-0.2142661828899891,-0.5392653502713202,-0.20592225354341923,-0.1978701235984568,-0.4973774404242419,-0.1885697826907496,-0.16985174846135856,-0.42461716572063524,-0.16347084772356613,-0.19610099815839888,-0.24011757332532002,-0.17665622771558812,-0.2654894510999271,-0.4460616380031382,-0.2036646505995824,-0.24024861614992585,-0.41431861894298305,-0.17455347528642315,-0.2130593588987634,-0.34343362855972864,-0.1453996992282973,5,Victory
0.0,0.0,0.0,0.04151823272563926,-0.2071118860088242,-0.005731500879041785,-0.02378039263458032,-0.42064281825899263,-0.04093789001206893,-0.1591672789289154,-0.5185547819267797,-0.07799536002390811,-0.27349649963644945,-0.5372938135499663,-0.11982453195666458,0.05871407797112153,-0.43878418041243,-0.11109784392109373,0.02900010278392155,-0.7153639121844628,-0.1683989403780939,0.018879027131148477,-0.8720724664715042,-0.19680395518659222,0.010587695622546986,-1.0,-0.2106830203858598,-0.024352556464537645,-0.37399300307971084,-0.13932204706019083,-0.11121239345685169,-0.6794458804584924,-0.18923219440284578,-0.1656938676066954,-0.8524928907787596,-0.20618267872449092,-0.21109571467183377,-0.9817421494021402,-0.21875619777948793,-0.1162331025136379,-0.30131753760178465,-0.16046540160381118,-0.21586802925154272,-0.5343241195795757,-0.2075607922207812,-0.18979860061594217,-0.4917873743276219,-0.18842446029343038,-0.15916033149718106,-0.4191920422403849,-0.16314216139778653,-0.20774695740558155,-0.23487915275594148,-0.18005940749294921,-0.265526463052987,-0.44376501311446703,-0.20446495002074846,-0.23728372549840684,-0.41421463566906624,-0.17321305851108107,-0.21287406685523075,-0.34480217901913685,-0.14368874583097127,5,Victory
0.0,0.0,0.0,0.03792600389647563,-0.21080152442683953,-0.003323103467619357,-0.02668006657248645,-0.4226210261950269,-0.038395312883972285,-0.1585228479358836,-0.5163213007334362,-0.07731716352619056,-0.27097731595616004,-0.5314949724384366,-0.1216430603542255,0.06532877282562194,-0.44140782496021963,-0.1030203099264134,0.032609900002770004,-0.7162861370414485,-0.16043785318467957,0.020985298960632053,-0.8726776189640791,-0.18954234859724123,0.012254969853097328,-1.0,-0.2036471272621905,-0.014133572784995184,-0.378731429415621,-0.1344478115499449,-0.10058008550086332,-0.6803983961663111,-0.18561477050999217,-0.15719228307002883,-0.8558571399991998,-0.20551887731374338,-0.20346552804015894,-0.9889097793536036,-0.21952969938238415,-0.10467575151811738,-0.3064484978871007,-0.1592492872131306,-0.2154247420046844,-0.536363643358602,-0.2098838975963456,-0.2017502400672188,-0.49671138688063426,-0.19593851452370065,-0.17555415516344577,-0.426524042116408,-0.17280863671560667,-0.19912450486136118,-0.23898345382861047,-0.18224401900726372,-0.26557753478666335,-0.4419485532872281,-0.20894603884204824,-0.2433081262753571,-0.41815419856021224,-0.18053459806170666,-0.21767614162734797,-0.3531190656460732,-0.15227360806142967,5,Victory
0.0,0.0,0.0,0.04627819590530096,-0.18763696027383076,-0.008944215928572684,-0.0020357526734836504,-0.4004356363611353,-0.041890339661469246,-0.11745044402353605,-0.5104172915653296,-0.07557551303239902,-0.21896831252715324,-0.5424622223682707,-0.11286927617437613,0.051052007744476595,-0.4442761065625918,-0.10747929833256628,0.01815020952653156,-0.7142042443308239,-0.1640708416720986,0.009959722455199303,-0.8711869400032326,-0.19160419120025793,0.005457872882524911,-1.0,-0.2035765609993975,-0.03312800357343325,-0.38192347916064057,-0.1314211840942765,-0.12401842350915578,-0.6828413685271165,-0.1798469218695392,-0.17843867484928877,-0.8561104676910356,-0.19365410558993715,-0.22324682252164713,-0.9869488680370686,-0.20303655302871554,-0.12364367536321817,-0.31005685320074844,-0.1490484847880621,-0.22221676663134754,-0.5518827965859804,-0.19764105856558836,-0.20255533720455268,-0.5068348788788773,-0.17611891575511673,-0.17577464826404585,-0.4329150190039246,-0.14799423696098998,-0.21255193266111114,-0.2414864443001791,-0.16552356389306838,-0.26738323199307934,-0.45543735391700174,-0.19252465499001534,-0.24334203510691832,-0.418897929036476,-0.16087293271516895,-0.2214704226945108,-0.3477015128629459,-0.1295309412635916,5,Victory
0.0,0.0,0.0,0.05813881496467792,-0.20561873674457687,-0.012352168467570028,0.019169305058789693,-0.4160283162146092,-0.04223033432176819,-0.07502346959080823,-0.5408159228464647,-0.07135340574547926,-0.1654881101252938,-0.5913365659983092,-0.10261620745285491,0.03887268424469457,-0.4316889520634844,-0.1064309988039398,0.005492260079066708,-0.7057425628199747,-0.16334167816996611,-0.013119926543048947,-0.8663916646457566,-0.19351192122116723,-0.027478608353156714,-1.0,-0.20860204969170948,-0.05632523769265735,-0.37247120845941767,-0.12609746258837323,-0.1508211488607012,-0.6586138837910085,-0.1744510999694478,-0.21281716585454433,-0.8328264903931932,-0.19008830826112663,-0.269796050937221,-0.9681515773582636,-0.2021963745013516,-0.15167527185362095,-0.30360907514581215,-0.14025804245836773,-0.23669522446739952,-0.5546640693520969,-0.18548387224142682,-0.19988495647691473,-0.5251728916632611,-0.1638738113332397,-0.16879511690091423,-0.45447532359946974,-0.13852174521802765,-0.23440434316992378,-0.2390466341659483,-0.15428840467139684,-0.27430610913547643,-0.45002371684734854,-0.1804191187205926,-0.23726084852906096,-0.42952694087482923,-0.1523243099804497,-0.21173259976603598,-0.36496825819437845,-0.12438576737379611,5,Victory
0.0,0.0,0.0,0.052006957799865396,-0.20588457321566583,-0.011471816547840677,0.009237058472279638,-0.4141704261552564,-0.03773872098468626,-0.08870276175127263,-0.5266457373490463,-0.061675545225349446,-0.17821603529226154,-0.5669712201911997,-0.08773715765153266,0.005912332520524911,-0.4434347246935992,-0.103242295868906,-0.02161900653641761,-0.7052760652882873,-0.15847429450889977,-0.038615289984882166,-0.8655039711782527,-0.18957231730747706,-0.054504396554650884,-1.0,-0.2050179989382064,-0.09199323791321921,-0.388317526506142,-0.11873949572391855,-0.18013152718115244,-0.6687548054552027,-0.16103497804683314,-0.23300241845454564,-0.8446613264953579,-0.17333519592742022,-0.2845806048333144,-0.9800568366774309,-0.18265424669898908,-0.1812722548743542,-0.31869499314005667,-0.12819721820276456,-0.2439685421172561,-0.5560735961081055,-0.16481977952786198,-0.196185092654169,-0.5313346633834798,-0.14150874101032868,-0.16340544761379816,-0.4653841468407315,-0.11591257748605525,-0.2490949268372566,-0.2504869860784091,-0.1376626044465312,-0.2698068631386388,-0.4517145864163137,-0.15242798340098396,-0.22662237160322968,-0.4357076525813158,-0.11968534660652465,-0.20089878238502357,-0.37791597518038555,-0.08966099979894455,5,Victory
0.0,0.0,0.0,0.07169474030973799,-0.21724380730767187,-0.027645726021380795,0.04787334633396494,-0.4267160431987825,-0.058363726394311186,-0.0561832465873342,-0.5224423550152278,-0.0817917540138924,-0.15201812563187989,-0.5191169447379091,-0.10591922820516944,-0.005594837687094747,-0.4226714240277305,-0.12793959916018283,-0.0341096086112233,-0.7074575691248913,-0.1826222810607521,-0.05171474489934897,-0.8656948919903058,-0.20555785513152736,-0.0678035654339975,-0.9909060248736534,-0.2122722188697596,-0.11841362898893927,-0.3751977579495609,-0.1314641881675746,-0.19260531756012203,-0.6847284124159363,-0.17608342046009312,-0.23612725411727495,-0.869256445787229,-0.183707095974205,-0.27740161388907997,-1.0,-0.18409095167464098,-0.20700968031654599,-0.31850489209025035,-0.12863352795928623,-0.22717261346598133,-0.5637717822799863,-0.1608377596707545,-0.1675086505936217,-0.558176454668577,-0.14160574395946965,-0.12915110422081555,-0.5035257893219623,-0.11703536593974764,-0.263767020215649,-0.2666871650999867,-0.12710083648559584,-0.24406030458790604,-0.46108717340910305,-0.1330353264518479,-0.19301205272604666,-0.46675696951632123,-0.1029825116308927,-0.16717148468036064,-0.42518806724661945,-0.07458151338070637,5,Victory
0.0,0.0,0.0,0.060971946644443345,-0.2181297358284705,-0.019638993295136374,0.03560101563615209,-0.4155132215000469,-0.04259034637359989,-0.060046344714366526,-0.49342728640027006,-0.05947839612230493,-0.1437841434422562,-0.48625470364192147,-0.07730992785741007,-0.044262648506044805,-0.43954480044535416,-0.11006187094591285,-0.07061763123838959,-0.7264737621126673,-0.15810317135494392,-0.09290942318375342,-0.8817446118003575,-0.17671362981476346,-0.11424976605396532,-1.0,-0.17928370739731914,-0.1545353809232796,-0.38945538303021354,-0.11138127469143831,-0.2257765745366067,-0.6845894425769447,-0.14832227877861603,-0.2718963991598111,-0.8643185449153868,-0.1534680023390916,-0.31171549264168985,-0.9883535114031926,-0.15028820382150368,-0.23294396828476974,-0.3279280164842126,-0.10591383249945943,-0.23669346872015706,-0.5283937742059982,-0.12834597248446417,-0.18293189649314942,-0.5155072100806999,-0.11160544237909985,-0.14785320858039058,-0.4553025516027482,-0.08862104607539824,-0.2815064460234265,-0.26861567194646824,-0.10146997763861987,-0.24631017318174636,-0.41855241497513096,-0.09968724056498272,-0.20205134300395128,-0.40925566683969894,-0.07037182961593626,-0.17801721850647756,-0.3640347158488232,-0.04133335148996393,5,Victory
0.0,0.0,0.0,0.06879562152365741,-0.21104975302265835,-0.021550818012734015,0.04562109182851134,-0.40877518546091596,-0.04595681727008427,-0.042694059588933436,-0.5037571993074615,-0.06482739529417725,-0.12696172671679337,-0.5152250394739595,-0.08425570733066891,-0.022137852451550238,-0.4456044328292067,-0.10811469182839528,-0.052080676386079605,-0.720967711289562,-0.1592853128002713,-0.06714449973773591,-0.8782140785049585,-0.18379241849682382,-0.07987683088256038,-1.0,-0.19101599234349997,-0.13005813184676715,-0.3994941268390873,-0.1107858654453001,-0.20723766346403164,-0.6872315103820303,-0.14880375784390235,-0.25050749491833346,-0.8680004613851882,-0.15702999041312884,-0.2864405533781783,-0.9975124736176533,-0.15771399539393932,-0.21306409089364975,-0.3354967001554776,-0.1075686441855765,-0.22272285585916007,-0.5420260682631285,-0.13284187432523764,-0.17412991754754964,-0.5266550706212981,-0.11609797266093069,-0.14172326983913125,-0.46391839239889016,-0.09388266689824121,-0.26753201339552435,-0.2728738328384574,-0.10560920856099743,-0.23657794214145295,-0.4329618261334021,-0.10939993458436953,-0.19276352646449013,-0.42496780955462704,-0.0816014170241913,-0.16922328567285755,-0.3773378496878453,-0.053644706144003095,5,Victory
0.0,0.0,0.0,0.06392971500057679,-0.20535051968594475,-0.012217222666265268,0.03727642080655199,-0.4045100175947693,-0.04114832380790932,-0.05995810555890925,-0.5133691127241206,-0.06644554411528954,-0.1547775977110747,-0.5419526796650684,-0.09278717677212209,0.024330751049880965,-0.4264700666794344,-0.11438021317459096,0.011322269497509368,-0.7132000341964962,-0.16225752447134376,0.0016826654750158384,-0.8719561478468341,-0.18202835381477475,-0.008674467649031951,-0.9964787128677757,-0.18842263894934133,-0.07855394366612573,-0.38041007422804957,-0.12703278843954846,-0.15292740300384114,-0.6937685098802114,-0.16333532308683363,-0.19283687935319344,-0.8725480533569872,-0.16766502042917603,-0.2305281566707247,-1.0,-0.16997706383035358,-0.16845862279958054,-0.32373591494480214,-0.132380610858189,-0.22272297440825314,-0.5982447416353914,-0.1616247166291464,-0.17321981291231325,-0.5997550246636629,-0.142035334510554,-0.13674351918531702,-0.5461294307515352,-0.12087577416325795,-0.23266123778623232,-0.27296270453965954,-0.13693242442979275,-0.2421110997869439,-0.48986686139256647,-0.14853678702166317,-0.1917547991758495,-0.49020322649168213,-0.11947768672177185,-0.15995523096261272,-0.4363724909347553,-0.09244123357414491,5,Victory
0.0,0.0,0.0,0.06621599319046852,-0.1894461598762509,-0.009056437607829086,0.04003620424090869,-0.38254203530041636,-0.04060822471509358,-0.05557962438649272,-0.4867674469758264,-0.06911653003313152,-0.14982598586119675,-0.52587227441848,-0.09894985615039237,0.044068722518091366,-0.4122937343651127,-0.11867610780410107,0.03964150185721568,-0.6988872083932474,-0.17446657347144695,0.03628387705753034,-0.8568289416438201,-0.1988438164990962,0.030070518267479883,-0.9814579584751489,-0.20759564618538376,-0.0593043992930873,-0.3716122942469656,-0.13216756984781913,-0.12806609470825114,-0.6888071026657331,-0.17401982154162052,-0.1658085947908622,-0.86683050965213,-0.18020406050425625,-0.20545220197155306,-1.0,-0.18294481408374094,-0.1536814738948585,-0.317749332314967,-0.13794490928097633,-0.20085710464748327,-0.5717597218117095,-0.17068945152735832,-0.14828415679094514,-0.5366097902850672,-0.14541585558817946,-0.11545355944751552,-0.46703507386527415,-0.11852182420769232,-0.22335486591057482,-0.2691862933922043,-0.1428320630273491,-0.2227076162456645,-0.4522749255882571,-0.15484048487046462,-0.17718402367042643,-0.43058423550258235,-0.12272164704929867,-0.1533075501385074,-0.3798913415093723,-0.09270133044892376,5,Victory
0.0,0.0,0.0,0.06326580836081822,-0.20585417268423215,-0.00526833300574076,0.03590684054017768,-0.39796740268598824,-0.03096227012512929,-0.050751249523574564,-0.4991390973839326,-0.05400314581361802,-0.13846543596166055,-0.5404266556072864,-0.07912688338980793,0.030649476588482442,-0.43925879935643203,-0.10897832829033936,0.033541746470744184,-0.7139905900469591,-0.16095183969039636,0.03004771276970216,-0.8728222156057475,-0.18804829916786683,0.02222338732661669,-0.9995904202480178,-0.20019177177081987,-0.0686308233058992,-0.3982245786410135,-0.12112867084120904,-0.1367982413631233,-0.6881274825047508,-0.15986739115005746,-0.17993636727099235,-0.865284377895465,-0.17032319016687414,-0.2247653291219753,-1.0,-0.17846894193502427,-0.158940672351116,-0.3422437939071457,-0.1251910564238622,-0.2066242175129323,-0.591294803292236,-0.1488531744144107,-0.16049079431341043,-0.5877761686348449,-0.1272169931597986,-0.12944805137307797,-0.5357278729446098,-0.10676300999016775,-0.22647317636469225,-0.2902595304933652,-0.12866496008704056,-0.22883853214642733,-0.48322105730199566,-0.1331201649296952,-0.18718815343564132,-0.4789527041379943,-0.10185383244637433,-0.16198604392980562,-0.4343834481276186,-0.07443370027991729,5,Victory
0.0,0.0,0.0,0.055893124195736096,-0.20922581991444372,0.0019523622336828932,0.021749208778214447,-0.39624926094668383,-0.021777910884556943,-0.06157713977671895,-0.4959983306089799,-0.04540006688784356,-0.14501834591173096,-0.5423569714464578,-0.07156314389285173,0.02241253086634438,-0.4413709873752304,-0.09989040539599922,0.020275536465760094,-0.7114855841129621,-0.14989086187010628,0.015165895732619205,-0.8669869231036761,-0.17598730180680852,0.006377334539004626,-0.9921689910618022,-0.18777844099228483,-0.07206195875213021,-0.3996428198796647,-0.11648939071926984,-0.14186771815114946,-0.6865116683476506,-0.15300785183637067,-0.1813632490522728,-0.8639787152644941,-0.16146245874695392,-0.22140646193440686,-1.0,-0.16839018150631815,-0.16026432024484402,-0.3400904253469203,-0.124932237987381,-0.2146136924842625,-0.5774894793586756,-0.14589026845376712,-0.16870343964108092,-0.5600057385316315,-0.12053031688349618,-0.13624256599311377,-0.5001864153305742,-0.09785419395719284,-0.22789048099328765,-0.28100528640489686,-0.1326654419139278,-0.23750191284387717,-0.4636883107849616,-0.1353290226707184,-0.19819384064271553,-0.4503109240774876,-0.10163610367096183,-0.17354415191458283,-0.4010094598824471,-0.07261614271036643,5,Victory
0.0,0.0,0.0,0.058435124212018956,-0.20496886627722827,0.0025198042809005906,0.02637484166341969,-0.3905534886968907,-0.021260616272863228,-0.059179000571882336,-0.479679689818453,-0.04551280504581508,-0.1468082490894086,-0.5117250773162658,-0.07295787527466527,0.02551417058180156,-0.443222913985375,-0.09817964286683738,0.015553937738862949,-0.7191936835872399,-0.1482279554021529,0.006287639026680278,-0.8743450887118559,-0.17384160520916997,-0.006638023191944546,-1.0,-0.18499765872866458,-0.07155354591140932,-0.4031568044929081,-0.11637902924331574,-0.14166560137847561,-0.6948846102320062,-0.15005894047231777,-0.18259588667039275,-0.8657675546716268,-0.15677177843773443,-0.22511196916338969,-0.9976195080304914,-0.16235092780241234,-0.1613024477737901,-0.34296169860355397,-0.1266664822570971,-0.21531093812797425,-0.5762386965183345,-0.1479118736626703,-0.17137710965394679,-0.5452773182459904,-0.12235597503418029,-0.14237232772931874,-0.4779157653335567,-0.0992397652498317,-0.22954412295181004,-0.2816277346546587,-0.13626865341227049,-0.2375466204137372,-0.4573039940552976,-0.13955548731764678,-0.19758109632305157,-0.43381870462649913,-0.10481474180984075,-0.17465375797312355,-0.3792626897289951,-0.0748111591120369,5,Victory
0.0,0.0,0.0,0.05701059490871949,-0.20405230881040703,0.002349701174338988,0.021605725305437546,-0.38972960990420175,-0.021277441561198325,-0.06979912605857891,-0.4792407344531307,-0.04574073719873432,-0.1577322910762289,-0.5156933095568139,-0.07331088317774793,0.02331916399625113,-0.44185287086038827,-0.09437955857213698,0.01062603823511255,-0.7181805490860725,-0.14323441768784126,0.0005312186074180495,-0.8749144157542357,-0.16705625759479295,-0.011512221009389013,-1.0,-0.1760518216826613,-0.07253273597400484,-0.40016615269351863,-0.11250069631998054,-0.1469114083799604,-0.693050348790877,-0.14627561790867669,-0.1882592094260524,-0.8666137084916408,-0.15266832700782532,-0.22915050270221735,-0.9979647434998064,-0.15657089407921662,-0.16081551614315298,-0.3391447608411388,-0.12276179578991941,-0.2130347086207187,-0.5686578566337611,-0.14448921119480304,-0.16908535695645585,-0.5360483298444892,-0.11843246936599398,-0.14195216963078114,-0.4678064687659594,-0.09355059272446009,-0.2283931347404693,-0.27722876809194835,-0.13219447746703392,-0.23522935174844406,-0.4511710309955272,-0.13413451491715653,-0.19563988604668128,-0.4275981833691571,-0.09716698747407707,-0.17527977980997492,-0.3721485363690954,-0.06480907814813017,5,Victory
0.0,0.0,0.0,-0.1006040023978221,-0.10475106394209688,-0.04386030484003993,-0.14472565371748658,-0.25551935478307497,-0.07777701958857958,-0.07858015274356735,-0.36182132044321036,-0.11828518912996736,0.007917307540544255,-0.41768030571709147,-0.15762370668220282,-0.10663004604884596,-0.49693791637203455,-0.04883117267995656,-0.14328711724607937,-0.7012282566714906,-0.10262354793362764,-0.16154320339207162,-0.829778018535562,-0.13598230717044288,-0.17414013148301744,-0.9383866075259629,-0.15777245997672573,-0.016286819870147587,-0.5025082274878842,-0.06947593083466835,0.001213414006354124,-0.7441031763826021,-0.12141531252791332,0.004295618852902395,-0.8849127705977257,-0.15155057741983624,0.01289234416377522,-1.0,-0.167235295955346,0.06451764212766468,-0.4446970920396801,-0.09660777720994841,0.05376742379937734,-0.594016393828169,-0.16779475402560096,0.003036605461578141,-0.48732676806715575,-0.17636740573566934,-0.016990278576964706,-0.39528238431736545,-0.16284558754054787,0.1329273028212039,-0.34726819180277235,-0.12754140697848124,0.09582926335957453,-0.4309420179648511,-0.17923657391404055,0.038045565936710664,-0.3816237353030177,-0.17568414990822473,0.008463846873868182,-0.33122648495899715,-0.1613754156792097,5,Victory
0.0,0.0,0.0,-0.09381961846095807,-0.10446580533498581,-0.042612587325760586,-0.13152076208082525,-0.2600922670388048,-0.07182920926288652,-0.05318390602370628,-0.3544629546441233,-0.10796761864696142,0.03650327365607964,-0.40423685459473063,-0.1432994113617294,-0.09827429804878102,-0.507204968151824,-0.04059049324755064,-0.13069151704619722,-0.7031412294098787,-0.08960119722131063,-0.14783663486283474,-0.8298654222665562,-0.11930976062579698,-0.15995306957560396,-0.9379138212638088,-0.14008188329144355,-0.00454938050461158,-0.5108917328225583,-0.06251109403403209,0.01753745018619038,-0.7424993169615849,-0.11492554302963223,0.020702651168271094,-0.8850264515121965,-0.14848786199868327,0.02643598639991759,-1.0,-0.16629664319595153,0.07585234207285362,-0.44600859149909167,-0.09100112801877674,0.07565546724176107,-0.5883695806997727,-0.1686233223189025,0.020864866752266845,-0.475330314542975,-0.18451307318655938,-0.00899929283539892,-0.3841174837670066,-0.1742979848566951,0.14052559524196825,-0.3410378434526846,-0.12208985259906968,0.10095607339849315,-0.41428352668533325,-0.18363995650272522,0.03797339265003637,-0.35095605729289503,-0.18708507277966754,0.00045920281283626474,-0.2933170851470116,-0.1761440407213457,5,Victory
0.0,0.0,0.0,-0.0944914866723168,-0.10484230602857537,-0.04741197706231908,-0.12652922255535018,-0.2593842888320046,-0.08021407500948118,-0.04574660326759798,-0.3516064208728661,-0.1192387377608476,0.04582082066953358,-0.39746441455654075,-0.15724595003303588,-0.0969373166511822,-0.49570317258169927,-0.04858149202008398,-0.1300184694570952,-0.6927434932111658,-0.10235784016246871,-0.14650592317894356,-0.8226467777749623,-0.13524838480114895,-0.15609128714712808,-0.9330054176130886,-0.1572856794958138,-0.0031732119683728394,-0.4975743000443632,-0.0696447757645307,0.01596767465560617,-0.7355547789382589,-0.1265670228745218,0.020145844269252502,-0.8813319052378835,-0.1631684697665684,0.02993147945895128,-1.0,-0.18244356190483607,0.07645730113369975,-0.4310186550649132,-0.09707354024287304,0.0807886647260381,-0.5717798683560794,-0.17598553853420065,0.0284780017434015,-0.45656474786599244,-0.1879649925333674,0.0015983109817187232,-0.3655041117341057,-0.1742867221409786,0.1394445940083018,-0.32618033645307964,-0.12785344712254323,0.11147183655398699,-0.4093156602448248,-0.18486442229418543,0.0547738575182807,-0.3463636109891662,-0.18123209466024265,0.02267926879009042,-0.2875739103065333,-0.16552369856261165,5,Victory
0.0,0.0,0.0,-0.09221615476055803,-0.10077740014693502,-0.05189988964018577,-0.12458927384672631,-0.2531587034775566,-0.08599159779069857,-0.04093668368539414,-0.3435698664159168,-0.12511917466165268,0.04906230359166186,-0.3927012310124111,-0.1631228110585545,-0.09771526611550144,-0.49905440538345996,-0.05107345263657785,-0.127833594931953,-0.6944489898153057,-0.10413488043548766,-0.14290422655926477,-0.8225393087251106,-0.13699407593405014,-0.15109955169615633,-0.9311066871410213,-0.1592513361654509,-0.0020161690366015594,-0.49873383862968534,-0.06973387545613768,0.018747872444324073,-0.730679475249747,-0.1264976487458664,0.025056775618991466,-0.8780918650517042,-0.16369069609362744,0.03610305757291283,-1.0,-0.18381041514933674,0.07756001800739933,-0.4306058015882485,-0.0952870351001849,0.08828818126555323,-0.5695524202661065,-0.17621517023144073,0.0368042329242156,-0.4537662341678291,-0.19185579673329212,0.00812136801604483,-0.36358351369508074,-0.18071294533324775,0.14024808362153848,-0.3253652051588571,-0.12414970342672078,0.11383946460198313,-0.4034067175227096,-0.18625233690579518,0.05471216378178063,-0.3358742028027945,-0.18719158589829046,0.018464155405814576,-0.275234388669666,-0.17423477183190375,5,Victory
0.0,0.0,0.0,-0.08979982029368443,-0.10160356089295165,-0.04948526434455915,-0.12194924937738737,-0.2571244014918086,-0.0826537031472248,-0.03750946227603382,-0.34571989714070017,-0.1213183997030589,0.055353801937381784,-0.386430506377933,-0.1584205706158685,-0.09236091736381502,-0.5011974010281827,-0.051022940294171634,-0.12312062273572094,-0.7020262605085115,-0.10344227871824367,-0.13749635869052357,-0.8304572330766296,-0.13458670959182972,-0.1445108798224272,-0.9381163942009839,-0.1556415879720932,0.002845478211634958,-0.4997284403707366,-0.07075419386496279,0.02146449364258137,-0.7347408618517957,-0.12839475257774452,0.027646513984679832,-0.8806298619174417,-0.16494346688778302,0.04121731540099536,-1.0,-0.18388824489099148,0.08295928708289056,-0.4303923946892271,-0.09681307608296133,0.09412631138427201,-0.5669170109670087,-0.17595012612481073,0.04113910417632554,-0.4494952939921471,-0.18761885620018073,0.012442123693744332,-0.3586761634753068,-0.17347781802694875,0.14660937673090416,-0.32360266030993184,-0.12643878280471604,0.12258814533235411,-0.4022712283213871,-0.1855236608311058,0.06330070343944759,-0.340939268086538,-0.18398187398413104,0.026840169079846224,-0.28515479155298257,-0.1691933494427309,5,Victory
0.0,0.0,0.0,-0.09043270622582622,-0.10426195096551914,-0.05324429286086533,-0.11993405499628154,-0.25422149296665053,-0.0885729792571573,-0.028682342819907176,-0.342997901912625,-0.12817727151326105,0.06185802976194738,-0.3900328829930122,-0.16573515976172123,-0.09918641572818772,-0.4955572923113435,-0.053569897275748554,-0.12994523592997645,-0.6923786797087024,-0.10854946784043173,-0.14853277097908357,-0.8221804457438288,-0.1424200870856522,-0.16258885671116877,-0.9318053832155055,-0.16486439851710838,-0.0049428064041278415,-0.498992130382167,-0.07112438834378858,0.015463548417125548,-0.7298393469639111,-0.1277722839396464,0.02075428849673216,-0.875816448554918,-0.1626720551294594,0.029299570255238314,-1.0,-0.18045912534633676,0.07535570815819435,-0.43438924789040434,-0.09583796482833117,0.08674506959696468,-0.5556948341631229,-0.17389120590532206,0.0357522630393931,-0.43708077892133146,-0.18623529108398684,0.006885404124772264,-0.34985530255524744,-0.1728898256789005,0.14099727688513303,-0.33273468963958114,-0.12454145411335495,0.11260826734400142,-0.3909200435371032,-0.18204883443746905,0.05383778132630629,-0.3261820026862884,-0.18055445226844974,0.017342339116798305,-0.27516016968831486,-0.16626353368262814,5,Victory
0.0,0.0,0.0,-0.08284407865463736,-0.1144610157145751,-0.059917215862961046,-0.10225183733513521,-0.27226060872511304,-0.09560671712458288,9.02286766195384e-05,-0.36234598097590276,-0.13380819927592266,0.09321734356919117,-0.40442160954058315,-0.16889513346850932,-0.08495661757207268,-0.49751308789701093,-0.05444560169089192,-0.11311175579823503,-0.6977588283515689,-0.11108888072231615,-0.1273351566939758,-0.8268857951376853,-0.14838073081078196,-0.1373135131849497,-0.9374885871465586,-0.1736907907901052,0.009257917155668604,-0.5047023167665985,-0.06792423689243486,0.024597676775858952,-0.7343285488966764,-0.12487670552501674,0.03509592230830735,-0.8758403493290411,-0.16034699312070938,0.0506622645856109,-1.0,-0.1791258680348247,0.0888646313318195,-0.44332116341411665,-0.0895248035765449,0.10631414971414317,-0.5662122418578414,-0.1638786907454584,0.06071290511443688,-0.4463551974434703,-0.16943887497876803,0.03514836614695876,-0.3580596133536925,-0.15239878185367509,0.1549150555140147,-0.34283902129940164,-0.11682950651252791,0.14137847934856412,-0.4097065583989945,-0.16984362452026355,0.09151993238662305,-0.3468894548330283,-0.1628274129292148,0.061938448119837834,-0.29554188196547376,-0.1452029027262344,5,Victory
0.0,0.0,0.0,-0.08307205879565274,-0.11276966827643166,-0.06101657359516102,-0.09548543961724175,-0.27398971020840573,-0.094809174996986,0.011311414266989499,-0.36512440308575744,-0.1311488696827027,0.10212761897516608,-0.41448906500937327,-0.16398148331060686,-0.07323495476074533,-0.508576395544982,-0.04776129245999236,-0.10086509019416731,-0.7052072501816838,-0.10125590060091151,-0.11310083571446236,-0.8327487688241635,-0.1367467119598793,-0.12020599669158959,-0.9428239041628048,-0.16184271976026596,0.022843648671771265,-0.5161647496490919,-0.059944641843271466,0.040562738591514005,-0.7397960445451588,-0.11640850564457401,0.05334595234427755,-0.8767052832002575,-0.15358926895915584,0.069542274628193,-1.0,-0.17430670781212643,0.1003162410512294,-0.4538344682534332,-0.08068321411868176,0.12720645954767149,-0.585162568940386,-0.15810333974638402,0.0856220982834153,-0.46152463312033415,-0.1672734326402313,0.05803489661186084,-0.3715397365147502,-0.1527165021581517,0.16435596407071817,-0.35055102721536013,-0.10689120792065342,0.1632791049791991,-0.41908260091725097,-0.1654240326018922,0.11548667239367899,-0.35422939609395665,-0.1636998560356667,0.08143693526254057,-0.300722002762072,-0.14952824665104936,5,Victory
0.0,0.0,0.0,-0.08021346753103734,-0.11597595817340532,-0.06592590283056195,-0.08776724557413801,-0.28081355093919713,-0.10033731901897759,0.02818368134636443,-0.3761426248086257,-0.13661184972543816,0.12329627890299968,-0.4266691521820303,-0.16925170729131989,-0.0711766820923335,-0.5092169412777499,-0.04882101156651323,-0.09691597983235727,-0.7131127224613294,-0.10314027689546697,-0.10680772721066371,-0.8438681260516036,-0.13925256829094862,-0.11117876257938382,-0.9561500876439761,-0.16465962017350325,0.024107109108527022,-0.5167250592967111,-0.05845592523982255,0.04131112696423795,-0.7401239600473531,-0.11670341882839416,0.05444788068620601,-0.8768762354857255,-0.15440867746067016,0.06992889300290318,-1.0,-0.17496386436079664,0.10071871771054852,-0.4551269194584218,-0.07733689160090039,0.13306790142441036,-0.5898236133141863,-0.15690908264621495,0.09164797027041867,-0.4618930306388196,-0.16569767818097905,0.06196165903873825,-0.37105675220248296,-0.1503875607686798,0.16518953972871783,-0.3514187909112401,-0.10230201293989884,0.1741743758837589,-0.42082907157384886,-0.16317167570917426,0.1270507152680517,-0.3491722674095037,-0.16200577277873782,0.09160306495742203,-0.29286490425262746,-0.14778459348345815,5,Victory
0.0,0.0,0.0,-0.07858458809051116,-0.11674383118100849,-0.0672928211222161,-0.08543185319938852,-0.27609427990820307,-0.10521938129656687,0.029052798349527686,-0.3702074241551235,-0.14432197347550094,0.12264123396769083,-0.4231327660086476,-0.17932575933195405,-0.0681347180908812,-0.5042413423076255,-0.05710099867913546,-0.09346270188822108,-0.7067364583262538,-0.11227439339041483,-0.10431406397845687,-0.836942105343973,-0.14837337793007457,-0.10824717615131947,-0.9496245734303862,-0.17394381449419838,0.029407470672827746,-0.5139855175887518,-0.06563807823573717,0.04919360502391206,-0.7403786007484618,-0.1242547159987491,0.06599862913735083,-0.8773230848386769,-0.1620709917077728,0.0855640057683967,-1.0,-0.18306866620013704,0.10863746673845698,-0.45393576781020173,-0.08280704501786743,0.14509093481203247,-0.5896694197193281,-0.163267680417488,0.1055961956170153,-0.4636453317042068,-0.1736935269679661,0.07534320022171426,-0.36941463460066387,-0.15929083203726313,0.1769029529428615,-0.3500795810184608,-0.10575323047801385,0.19231647343443886,-0.42267904218838614,-0.16704721242622464,0.1499396754987375,-0.3611192290546359,-0.16767336388414436,0.11497298675629883,-0.30836820273261306,-0.1545267476569668,5,Victory
0.0,0.0,0.0,-0.07766366699628942,-0.12100721966824865,-0.06732584982418748,-0.08060609254442933,-0.27987216010366067,-0.10339956235801513,0.03227876785155197,-0.3781083787210431,-0.14065875433795258,0.12252964279846616,-0.43760836477149084,-0.1741814502594135,-0.0718555694362211,-0.5055817428260553,-0.04850061523921765,-0.09843076837233525,-0.7056018921792611,-0.10194083443318153,-0.11049161321921566,-0.8367054257558333,-0.13935679613081103,-0.11627850745991054,-0.950244613147918,-0.16613801445370285,0.024365589864565346,-0.5159108592614177,-0.056059017364509425,0.04256671760836477,-0.7417048832732469,-0.11165932471964332,0.05938404977200232,-0.8769844168002208,-0.1507950569626383,0.07776435176430836,-1.0,-0.17331871695315262,0.10300994138088167,-0.45764922145999115,-0.07282646050458463,0.13792957646059562,-0.5959117892315656,-0.15140383092099427,0.10287379375122059,-0.4741938863762473,-0.1642751912503277,0.07590775936092452,-0.3813416989314643,-0.1520743703966771,0.17064778620606277,-0.357359132771838,-0.0953391158483481,0.18407915905899422,-0.43223586522872615,-0.15477040035411546,0.1447865563515411,-0.36822899584923324,-0.1557221938015458,0.11405587880629031,-0.3127669401812202,-0.14333723885859947,5,Victory
0.0,0.0,0.0,-0.07761531691735359,-0.11332185301570705,-0.0634332127714994,-0.08580581773527937,-0.27735185674462415,-0.09796575678615023,0.0252290910499119,-0.3737420526283244,-0.13387741455525842,0.11811947650251312,-0.4261873665288154,-0.16652831546037966,-0.07612150148563306,-0.5071679530493735,-0.05189375245885749,-0.10308475759852742,-0.7126450889162468,-0.10318560830404434,-0.11511535595543039,-0.8422223346518835,-0.13634474593106644,-0.11998381012878817,-0.9527113349710588,-0.15947694572357127,0.020542897849532886,-0.5150913085001196,-0.06068969090611642,0.04120684496761713,-0.7466072788211875,-0.11502795724698692,0.058341874864537874,-0.8815358641250068,-0.15132529559968003,0.07835323026031839,-1.0,-0.17130298455802545,0.10004016237341513,-0.45641820336152195,-0.07770388624390821,0.14258229695047037,-0.6017027472187713,-0.15618854990120762,0.10885677148234137,-0.48133698854654056,-0.1696741286110273,0.08193961153053621,-0.3878945734574807,-0.15738617563660692,0.1695266898646534,-0.3570666102019924,-0.09962522639297745,0.18645422457574978,-0.4356754305587567,-0.15984905667165936,0.14982476588084578,-0.3763559173292209,-0.16173845274324208,0.12010685814687186,-0.32317443899160586,-0.14961019673340822,5,Victory
0.0,0.0,0.0,-0.07865647046441916,-0.11760928688337986,-0.05876527600433818,-0.09075143946184144,-0.28388951245201044,-0.09158480300142588,0.015728914023141593,-0.38579616524898597,-0.12684232096924797,0.10893864322760761,-0.43912137989997635,-0.1585891508434123,-0.08937409806048488,-0.510031343163228,-0.04414919953815169,-0.11699877420210177,-0.7093910052329924,-0.09392260946097235,-0.13042906149449413,-0.8365210049522186,-0.12614219153436143,-0.13729605854872395,-0.9460479716692365,-0.14824739142272128,0.006822866594425765,-0.5227517002778174,-0.05410328340623112,0.026878673031783044,-0.7482604572299918,-0.10780137565017264,0.043270907533608724,-0.882155123400728,-0.14274578893539966,0.06259174347608318,-1.0,-0.16077926436840034,0.08832971849911067,-0.4699483655025998,-0.07207893832983615,0.12641281776642727,-0.608175006528147,-0.1489082791478277,0.09269974967740448,-0.48570597672081056,-0.1600481986754384,0.06772277716206558,-0.39181253529429594,-0.14532529798527394,0.16078709898071653,-0.3775932300899573,-0.09476330401738717,0.17074000521012142,-0.4486460595187263,-0.1512600545713887,0.13536138414939253,-0.3912778873360518,-0.15063042075689492,0.11020020415296138,-0.3423955934992114,-0.13616305216386138,5,Victory
0.0,0.0,0.0,-0.07848974358089504,-0.11665767780808574,-0.06158130951566747,-0.09006762349533162,-0.27690408920760173,-0.09637280630605337,0.011027825858037493,-0.38387277987928636,-0.1338043438026579,0.09876040024905876,-0.447887277248443,-0.16778843783663577,-0.0830208184922677,-0.5100924381679096,-0.045186847763835886,-0.11256585735716712,-0.7076165047275316,-0.09800891054542585,-0.12617177659449122,-0.8347505986136123,-0.13251885588757845,-0.1332628274873708,-0.9448622880572579,-0.15613476064577406,0.011647391563060622,-0.5191198937901448,-0.05597227254533021,0.032677499966723145,-0.7464927429345846,-0.1119595610339547,0.04919452760918875,-0.8796089057732629,-0.14746421467860818,0.06737453517166173,-1.0,-0.1658263976056599,0.09117783791165315,-0.4614714432836711,-0.07560656331945827,0.12013350673449558,-0.6002405423486162,-0.15515993372238426,0.08134132339333192,-0.46956129275890746,-0.1637487357162347,0.05547892293425923,-0.37606220947458563,-0.1470662019476237,0.1601815831598418,-0.36305860127773254,-0.10027008811712268,0.16333142217382152,-0.44849396357885407,-0.15753135627580842,0.11793366025171105,-0.37882295580291625,-0.15314274018864374,0.08620011368358987,-0.3210813301078614,-0.1363289477218331,5,Victory
0.0,0.0,0.0,-0.08062034623319295,-0.1203046311271114,-0.057322504903903525,-0.09347179392317634,-0.2853625607656365,-0.08930453798076507,0.012099762744409041,-0.3848630635810811,-0.1244434489501155,0.10356797146098283,-0.4397702996413555,-0.15691662397520673,-0.07710249535629321,-0.5149531568167585,-0.042805221814722315,-0.10227966939234487,-0.7139340424009245,-0.09190390872475611,-0.1147592986188857,-0.8392689947479868,-0.12487612281641586,-0.12166127944677177,-0.9495605905611351,-0.14879453256011493,0.019318216430290167,-0.5194734812831563,-0.05496623849368387,0.04408271283109239,-0.7429176816456391,-0.10721974486065719,0.062377964178145,-0.8777998747480661,-0.14386988801633732,0.08252846955657397,-1.0,-0.1650025921679511,0.09741693268463826,-0.45748615555061944,-0.0751537841042821,0.12915051800762753,-0.6022834457703452,-0.1528675729108996,0.089393800945506,-0.4788182338882999,-0.16666008161699858,0.06240111770883556,-0.3840554139516985,-0.15507868866097124,0.16368889975165052,-0.3556945675378585,-0.09973117954751869,0.16375291245414797,-0.43172834792005765,-0.16015841233410677,0.11923870200564055,-0.3703878971666269,-0.16246172432904718,0.08870266186360912,-0.3169003935109692,-0.15093468645309016,5,Victory
0.0,0.0,0.0,-0.07716208532983732,-0.11751941749230924,-0.05798243169842816,-0.08939328118901224,-0.28318856447650786,-0.0908857578474006,0.012778950329786074,-0.38594655791898014,-0.12724975342437642,0.10321855434429225,-0.44239377398172475,-0.16125625443775324,-0.07636753082904378,-0.5121260853782782,-0.04395655977050321,-0.09916653754276226,-0.7123159363325479,-0.09596163923061106,-0.10951735813423152,-0.8384855272028098,-0.1295063916092597,-0.11588460018115644,-0.9469277464033429,-0.1524442543917965,0.018759286441120588,-0.5163189533293939,-0.057301519171774035,0.04707148537411723,-0.7426783641020848,-0.11296627930717248,0.06369788297865403,-0.8771797227753763,-0.14889189275957512,0.08105101786381345,-1.0,-0.16742869276181085,0.09740738866129614,-0.45481221244054737,-0.078915630339227,0.12503036093728118,-0.5934547688019672,-0.1577494458558939,0.08091029092159069,-0.4606287811438318,-0.1653251944924852,0.05380874115527132,-0.3691786881280429,-0.14807013684629547,0.16305880504443362,-0.3532769162789586,-0.1052541898008626,0.15948511079762553,-0.43624731052244414,-0.16196509033219064,0.11438877090914511,-0.3605230496261203,-0.15575680265800146,0.08832025378048398,-0.30119950155585246,-0.13778977288145983,5,Victory
0.0,0.0,0.0,-0.08657662045691152,-0.12707464625661735,-0.03641845361714655,-0.11506855484110542,-0.29459762995330047,-0.06356390028279346,-0.03571850877559328,-0.39555255217026175,-0.09902344386313286,0.05316314839535531,-0.44050190023382463,-0.13396242718646142,-0.06096937838478364,-0.5140235017135566,-0.03234946834276366,-0.09120795295531268,-0.7126451088791463,-0.07880015569630879,-0.1024015453457228,-0.834913758618729,-0.10784733391323383,-0.10487476772264284,-0.9402043361459042,-0.12761209758281605,0.029454001661478112,-0.5073226175878176,-0.05606922495659881,0.06146601039455325,-0.7413529674894723,-0.10685554010307002,0.07419465861455268,-0.8841493881161545,-0.14108379119357228,0.09345273467120395,-1.0,-0.15929319127518698,0.10377885635761933,-0.4396243660645863,-0.08586438595191577,0.10587142816170177,-0.585463601200974,-0.1587169635450066,0.04576989786085951,-0.4794974506726672,-0.17112406832630989,0.01701379751402218,-0.3916724573522922,-0.1590336010443965,0.16281919424852834,-0.3381658932055005,-0.11808941780278327,0.12807017455583639,-0.44181015071548724,-0.16944023045276035,0.059871454326711405,-0.3839401938324041,-0.1649484341896269,0.020678785762410643,-0.3232727194049272,-0.14987897678148243,5,Victory
0.0,0.0,0.0,-0.09536357619636439,-0.11173570331434016,-0.04742047738118957,-0.13777497248718704,-0.27154531816049987,-0.0844099618515755,-0.07993558473866579,-0.38786926792451387,-0.12811735769797883,0.014615265995504086,-0.432587558110541,-0.17054204346765275,-0.06833636796387943,-0.5069534065284306,-0.05010001145605188,-0.09253602207027253,-0.7078881557459875,-0.10133123577702735,-0.10321664452551692,-0.8303526907962098,-0.13421116242229675,-0.10511232283488449,-0.9333177531154848,-0.15855515703051973,0.022187890403383974,-0.4991190472313666,-0.07164317855676171,0.0572557681127216,-0.7360469092263943,-0.12802900062237293,0.06850902742724949,-0.8815908551783631,-0.16876318486547287,0.08771368923276048,-1.0,-0.1939573389634054,0.09450411008062444,-0.4276578239352374,-0.09893165075996095,0.09636466904648108,-0.6027223876556146,-0.17406339618814076,0.02899695642998464,-0.5015341087045847,-0.1876514533126264,-0.00462694158088767,-0.40855315647870477,-0.17846096056588825,0.15011871934440488,-0.3207913218186584,-0.12980232792794985,0.10835824412221914,-0.42681623675801206,-0.1875374431529196,0.04740741024533415,-0.3834946747900901,-0.18933038141917977,0.017668477866991553,-0.32919199649317393,-0.17899094338614396,5,Victory
0.0,0.0,0.0,-0.09060509848799364,-0.11056608150650914,-0.03887306634434383,-0.1337507334946221,-0.26839923023442747,-0.07324283432180459,-0.09627859597410826,-0.38447362182155287,-0.11651217451417634,-0.014988597104371811,-0.42899904233858943,-0.15885115886437828,-0.05868988592075247,-0.5101449374412342,-0.043131614744221405,-0.0832793400911445,-0.7091872502402857,-0.09449693104360829,-0.09459448393990919,-0.8300689048120149,-0.12608068882754897,-0.09635622502805832,-0.9319658068518214,-0.14860971703236356,0.028377287776254496,-0.49610806995925183,-0.06993645881653068,0.06524077224918642,-0.7359418715707252,-0.12837064114564342,0.07487270672717004,-0.8829950269048503,-0.1677537090626193,0.09418209570978907,-1.0,-0.1901146162058269,0.09935912831599049,-0.42199656639730976,-0.101923956992667,0.08870834474289148,-0.5923481093102188,-0.17957655272705364,0.014221075295217683,-0.487396594263819,-0.1898757166608531,-0.019436922428394128,-0.39356034759505,-0.17660424328139665,0.15319810102828194,-0.31403544256330107,-0.13671951211035915,0.094657541427254,-0.4160262215985821,-0.19382037191660761,0.0287645303825868,-0.36252149225479324,-0.19136071081642983,0.0032038103744009296,-0.3018588999099077,-0.1771414408480482,5,Victory
0.0,0.0,0.0,-0.088848828325576,-0.12015317795206466,-0.030452844347662433,-0.12887590479187716,-0.27780488069998177,-0.06160903462777523,-0.10380429268878472,-0.39094605100790086,-0.10439134599833823,-0.031590202781044505,-0.4347484854570752,-0.14645409095986905,-0.04893174515097808,-0.5159315577741705,-0.02897410585684286,-0.07548749026882878,-0.7114247055803091,-0.07948491793860954,-0.08588289156576616,-0.8320410199923807,-0.11142536847630852,-0.08586995117850695,-0.9316845899657131,-0.13407843837613956,0.035206264596756826,-0.4995210115656005,-0.060820148181743895,0.06817125412021931,-0.7367619191318967,-0.12117037782185619,0.07634077940470077,-0.8848187776406672,-0.16363937815364774,0.09352237858811058,-1.0,-0.1872001676932598,0.10281732935252513,-0.42380907027976084,-0.0976867615167612,0.08296884575886572,-0.5925014467352956,-0.17754945333212155,0.002292648410713398,-0.4896862525466682,-0.18883942360028777,-0.03627048204495387,-0.39778802196346047,-0.17506483427641784,0.1505298312159409,-0.3152654901611648,-0.13653368275276487,0.08184911404932668,-0.4209012358587448,-0.19451637149090112,0.008625544531495867,-0.3674136979692909,-0.19172110226355613,-0.02362280634555182,-0.3065060126215361,-0.17646051974425941,5,Victory
0.0,0.0,0.0,-0.09534433117816958,-0.1182229957091256,-0.026274942842845296,-0.1396307454958208,-0.2752980154257603,-0.05544033663596066,-0.13224761158930584,-0.3880881857663992,-0.09673448877502398,-0.07229274059429311,-0.4393288095651842,-0.13687340831974334,-0.0494978004419004,-0.5144956307155011,-0.02607096655431961,-0.07274318296743584,-0.7152786883963163,-0.07392155994433208,-0.08094999783190375,-0.8321885024388638,-0.10328369624618586,-0.078315679378666,-0.9284195034766157,-0.12447197926718835,0.03426361507390926,-0.49864948795435066,-0.058075396806337165,0.06175924872367597,-0.7416791889168224,-0.11795734722572522,0.06686030646122025,-0.8870672895569162,-0.16184821438923913,0.08025086014735881,-1.0,-0.18684104989072306,0.09995999617893413,-0.42880940216946556,-0.09422768046374927,0.057115023537700586,-0.5995524918924611,-0.17230676837662895,-0.03277470350061147,-0.5066275605135225,-0.18745048055516794,-0.07942300601165816,-0.4179449251387337,-0.17788171000919567,0.14080692956165006,-0.3301943429315335,-0.13197340483122755,0.05014894658234674,-0.4203788006482771,-0.18940959189000775,-0.02721159673931365,-0.3754747560239658,-0.19218433125386547,-0.06333253673456014,-0.3234575299286941,-0.1819095438006548,5,Victory
0.0,0.0,0.0,-0.10167473160675647,-0.1224639981206369,-0.028971681233953103,-0.14400527383072667,-0.27263355652969795,-0.059311241002384954,-0.1616642921670548,-0.38156257691828005,-0.1005468009872603,-0.13212912438704585,-0.44703224942210246,-0.1395995274165298,-0.03319649440711307,-0.4989327619576787,-0.029721279774147256,-0.06220467504769346,-0.7060133020370105,-0.08044240823996535,-0.07357099445891434,-0.8270117532781622,-0.111704150135047,-0.07299807906390825,-0.9284675338044499,-0.13311355533114283,0.04428830010683599,-0.48718925014863995,-0.05871087836053362,0.05524641234994955,-0.7332118038256389,-0.12182431917214397,0.056205494629495575,-0.8841470971164842,-0.1674722705145886,0.06376887529224821,-1.0,-0.1928581734436367,0.099322888174596,-0.4290983214410386,-0.09185305567659459,0.02460751468087451,-0.5956397192305434,-0.1707517360311132,-0.07156004954444582,-0.5165347659077726,-0.18707984128600513,-0.1279612671711296,-0.43290337183344146,-0.17810748270510904,0.12106160259257084,-0.34663413855155745,-0.12718199701050686,0.008594390813820973,-0.42919743672821886,-0.18466776651005384,-0.06988723161500508,-0.38686992999240466,-0.18920367666488355,-0.11409278167515394,-0.3332625492689423,-0.1798878789946867,5,Victory
0.0,0.0,0.0,-0.10565698438815306,-0.12928118329136656,-0.02408860964375975,-0.14847494688354929,-0.2867879699906224,-0.05220402887683176,-0.17013332960725067,-0.400201577556609,-0.09225985684359546,-0.13838051441558985,-0.4679814377810545,-0.1293259566052404,-0.03879287049235173,-0.5006057081301454,-0.02193124197549746,-0.07280624906243763,-0.6986340391887228,-0.07114180828359898,-0.08760780484255411,-0.8182477516298755,-0.10185837813802602,-0.09023152946114253,-0.9169862178002526,-0.12355133038449795,0.03595032639693168,-0.4903356928048729,-0.0528441582334155,0.036219500717226974,-0.7349463404551604,-0.11829887202676713,0.03318436911840269,-0.8860642575257422,-0.1657848735121032,0.04101586546662199,-1.0,-0.1925059447204428,0.08845764169022491,-0.4351788163764497,-0.08733475440048917,0.00450807667961744,-0.6032033062304759,-0.16555453635347145,-0.0877529375196575,-0.5142322296834684,-0.17460165069139358,-0.1355939933789972,-0.427883032289582,-0.16068850528268758,0.10794470247273918,-0.35612171213849636,-0.1240941855858501,-0.0073088341641003715,-0.4478488595418869,-0.17978210294116098,-0.07839682305756192,-0.391364038890812,-0.17884101441708256,-0.11201171290568274,-0.3270423173140779,-0.16557277680233085,5,Victory
0.0,0.0,0.0,-0.10333127122967839,-0.11931528520780965,-0.029110486464264253,-0.15350631578644425,-0.2729276176183834,-0.06125336404457937,-0.1669350881761814,-0.3980928251844097,-0.10496242357338233,-0.11830210360675382,-0.4661624585629942,-0.14618024302693758,-0.06923501308776564,-0.49201043594450805,-0.028802519967525368,-0.11209169795462208,-0.6968381010361184,-0.08097620419513636,-0.13232534547598485,-0.8138190795521574,-0.1125722955148044,-0.13823322894310058,-0.9122706411656528,-0.13478764740466115,0.011698238403946496,-0.48885189015794267,-0.058723200173264545,0.015016880001697337,-0.741513934794288,-0.12150755931448438,0.010389896883439206,-0.8878947153189269,-0.16501865756170966,0.018341143693152016,-1.0,-0.18952760616124947,0.07530232306919733,-0.4334615505346243,-0.09318804428431883,0.01310978550173137,-0.6107099680323737,-0.17021526251318128,-0.07927741103655814,-0.5214525375152608,-0.18059823217402113,-0.12740440717264037,-0.4333432188480959,-0.16844318192421612,0.11213734400112228,-0.348283618296515,-0.13026585265565652,0.01423447196124664,-0.4367933103510174,-0.18665550270241024,-0.05935833304386244,-0.3961968410124775,-0.1886129450593847,-0.09376166458950383,-0.34668051843467795,-0.17801081413862563,5,Victory
0.0,0.0,0.0,-0.09637877200758795,-0.10769304258845666,-0.02724676026450134,-0.14724175102888862,-0.26226129994691055,-0.05624868827815734,-0.1475154317984392,-0.3843647033734591,-0.09784140743745792,-0.09222769750095842,-0.4418387537141175,-0.13798396129956172,-0.07724915306621129,-0.5091738855470016,-0.022660659559504578,-0.12447983982530157,-0.7030017921939603,-0.07225982559527197,-0.14655884197786684,-0.8197417466059026,-0.10269959833816433,-0.15562392206725742,-0.9149312797250182,-0.12378279069165156,0.006250291746966546,-0.5007903535898384,-0.05503670503433391,0.01926720783148886,-0.7446314815628846,-0.11500764584566198,0.013462480897803572,-0.8886652748096517,-0.15576332764760556,0.02159791735875058,-1.0,-0.17727839907474802,0.07521825394935232,-0.43564262653516744,-0.09235823159191567,0.03245328612215308,-0.6097950497123222,-0.16854237213835452,-0.047698706732478884,-0.5036515492631509,-0.17448186405565366,-0.08074167896823847,-0.4096969819039989,-0.15731861966879723,0.12285762462239606,-0.3376922655038251,-0.13208862269139787,0.04260873434960398,-0.43750164160829574,-0.18444773629504688,-0.023872965307322,-0.38668697520419565,-0.1784320499367472,-0.0445171507749684,-0.33098565768510163,-0.1612958197879593,5,Victory
0.0,0.0,0.0,-0.10018698593601832,-0.11233775233989846,-0.029222361178655062,-0.14912280820602838,-0.27805666320135475,-0.05352359760808403,-0.09000769432019888,-0.39757185193033406,-0.08846539618625386,-0.0073110268049304886,-0.4523903945510285,-0.12332909060617135,-0.09828799681984357,-0.5096987861291961,-0.027229936676546947,-0.1386633289837414,-0.7016551391867162,-0.0710193312843446,-0.1584169617014162,-0.81894677912288,-0.098643002679561,-0.1709305629264376,-0.9191463653719552,-0.11933696763090956,-0.009015727223003457,-0.5126713761127059,-0.05478945909893952,0.012156727842315617,-0.7498844632585033,-0.10474327319337873,0.010124419284765585,-0.8875945040415165,-0.13908461350629192,0.0147393855572502,-1.0,-0.15840264628851286,0.06636882958943709,-0.4490155429603609,-0.08732143510306592,0.04601092379398407,-0.6142859910667845,-0.15833070256557558,-0.014529515826873866,-0.4951569409637397,-0.16705418381800335,-0.03859299755892645,-0.39574236776682753,-0.15352491945544167,0.12597982676330882,-0.34624251212847873,-0.1219959215962755,0.06864027312059218,-0.440374031486421,-0.17512624243411773,0.0031504847259140613,-0.39318287836944904,-0.17349101309690368,-0.02767421660263314,-0.34304447138231803,-0.160713296438924,5,Victory
0.0,0.0,0.0,-0.0911558927368499,-0.10417237515977752,-0.045358185566479664,-0.12797013198014148,-0.26610340967882434,-0.07495574535257214,-0.04437148389162451,-0.3715720265925561,-0.1105891322333796,0.04679611632605571,-0.42449970580021484,-0.14500485889237896,-0.10075892100173416,-0.500794727476813,-0.039415500361039024,-0.1351026187003723,-0.6933798931514789,-0.0883739242683989,-0.15396718511513519,-0.816533777989594,-0.11927883722722528,-0.16681568491985704,-0.9230421902092047,-0.14034911276212889,-0.007183657619590273,-0.508415245139521,-0.058454680070475135,0.016165137042640356,-0.7378008378609933,-0.10886066738798478,0.02112029541788932,-0.8801535442688132,-0.14092174340807798,0.03116123608371875,-1.0,-0.1572773243313036,0.07293905256487884,-0.4492060420598484,-0.08448643223836515,0.07513677034276742,-0.582028727527063,-0.1572669651839397,0.019297085481842422,-0.4590129646537999,-0.16717144463711353,-0.007031065734610879,-0.36609279401924,-0.15273079321183297,0.13837650390155087,-0.3530302709413617,-0.11404753358081857,0.09743294408809708,-0.4225094340590612,-0.16890083029560737,0.03771347900684256,-0.35528928856269887,-0.1663931602513544,0.007722596371970081,-0.2996852003103929,-0.15140256964577903,5,Victory
0.0,0.0,0.0,-0.08463092610215524,-0.11044240473234304,-0.05177064677952973,-0.10909943136454195,-0.27419925277436474,-0.0820940635168577,-0.011147117495723561,-0.38254271344080043,-0.11605827370225046,0.07892935150070696,-0.4384127014427806,-0.1475475375898101,-0.0951487344294672,-0.5081428401539234,-0.042305926046275553,-0.12129969691521132,-0.7022880721728231,-0.08946505191275263,-0.13638286659032578,-0.8271444171028665,-0.1213238446864931,-0.14770565924230608,-0.9354606623082374,-0.1440021272386997,-0.0015729504629594996,-0.5183002693427763,-0.055596539220932,0.02119323415898937,-0.7427436615707114,-0.10137234818438925,0.03259741522770828,-0.8803528361992976,-0.13043551817164312,0.04717406776727195,-1.0,-0.14703703809710114,0.07850254599993345,-0.46146638967948445,-0.07660095805733302,0.09779418043154177,-0.5971753189045815,-0.1422742356733515,0.04837928704778803,-0.47991608609166114,-0.14986986448335482,0.01912718081616975,-0.3885164426528961,-0.13723189434916325,0.14546728430715242,-0.36627625163389504,-0.1023968216555059,0.12726749289882838,-0.43853923398924743,-0.15314540967611123,0.06710829663975475,-0.3829014157972982,-0.15149497253905392,0.024647276016110522,-0.33355527047395916,-0.13928890274313377,5,Victory
0.0,0.0,0.0,-0.07956927649472371,-0.11698368025723452,-0.06053426926789352,-0.09594194585340185,-0.278631016399164,-0.09623778958785326,0.010559763550288313,-0.37613708401028745,-0.13427178681274599,0.10298600564504395,-0.43041014226355073,-0.1688470233429437,-0.07299059491307167,-0.5108935142625268,-0.05336322871415984,-0.09049796032184129,-0.7092207332694498,-0.10639253160077623,-0.10036372783354418,-0.8346305777034732,-0.14194130427066104,-0.10733863856141386,-0.9459806762189668,-0.16761070197041494,0.025270851057739532,-0.5201389445209671,-0.06414077423431833,0.05480439114092761,-0.7413446073031558,-0.11852919445317887,0.07268293168730167,-0.8763664221416304,-0.1528235442293119,0.09147281179698061,-1.0,-0.172859078329728,0.10530738481309929,-0.4609492249824293,-0.08286785099084391,0.13885520342633612,-0.6030471687435709,-0.15751947969870408,0.09296327476937942,-0.47844068109572957,-0.16350923549039229,0.060517080914864664,-0.38438611634618103,-0.14799391430645759,0.1725205253399688,-0.3592218700950906,-0.10715856574350228,0.18508673917004462,-0.43949954868335234,-0.16550272032072247,0.138469496963736,-0.38173865925602496,-0.16351402706953955,0.10157746928081028,-0.3292077941267015,-0.1491855142736118,5,Victory
0.0,0.0,0.0,-0.0750140667021949,-0.12329693754879968,-0.06305185897617992,-0.07796324067074002,-0.28895633745212984,-0.0985714903914017,0.03796931352014575,-0.3774904259670083,-0.1356276688959935,0.13603529688797453,-0.4211397746848935,-0.1689558072578114,-0.06076864922478218,-0.5199916343401043,-0.050605131963154276,-0.07643845972709358,-0.7189938280020326,-0.10308240138078041,-0.08574751818756429,-0.8461376677779568,-0.13741575123887403,-0.09088180252085218,-0.9569682848538178,-0.16129896662673082,0.03767521409892548,-0.5265076778167487,-0.06025143108816822,0.06887292872457769,-0.7505981136986132,-0.11549244729895806,0.09018367271059774,-0.8824293256658445,-0.1493280481392421,0.11354951850979712,-1.0,-0.16688298263922352,0.11824271567910569,-0.4655416609862803,-0.07833998624575246,0.1668198098826329,-0.5960318266883141,-0.154850700487204,0.12038593577651914,-0.47233755127839677,-0.16113208720377545,0.08289042844572236,-0.38281309256757595,-0.14374778118173967,0.18583476892188333,-0.36221014537657864,-0.10214755437940473,0.21280751546097884,-0.43781160533915003,-0.1600727158056568,0.17223827878096842,-0.3796503773842131,-0.15610022023635814,0.13623037168317076,-0.3326522240261752,-0.13916401923743638,5,Victory
0.0,0.0,0.0,-0.07646162315187764,-0.12395673747237461,-0.06817563386871753,-0.0815140895408517,-0.28722644085471616,-0.10831927688759756,0.03127208870625373,-0.38705927998010864,-0.14853840379052133,0.12886045288098558,-0.44567530954499934,-0.1846303922171401,-0.07149083106436815,-0.5175696261355834,-0.05686264603215637,-0.08469323458101988,-0.7252160417979397,-0.1104931162348498,-0.08994198470482823,-0.853879306132775,-0.1458662546911283,-0.09025577326924374,-0.9642715949205581,-0.16997077499575775,0.028281144419829554,-0.519667280370022,-0.06225711224837177,0.06045671738556339,-0.7471374484393272,-0.11851106401179475,0.08375054183117644,-0.880500845636656,-0.1545981212167409,0.10802264827173197,-1.0,-0.1736767313445232,0.11044850773088885,-0.45865923128919567,-0.07612539657290178,0.1534169113578069,-0.5975176079298147,-0.15565144223016336,0.12000596934185594,-0.4827565885042395,-0.16652115169283693,0.09090566907720465,-0.38989839692769507,-0.15058207094976728,0.18095647242297974,-0.35849716148626,-0.09534495368344595,0.21171607599980746,-0.45637385886704834,-0.1553922891890503,0.18698263642956148,-0.4196336334532148,-0.15484358144660398,0.1599995946445304,-0.38013988624229567,-0.1391341719759319,5,Victory
0.0,0.0,0.0,-0.07524390681002519,-0.12434868083145122,-0.06411459875858701,-0.08057530129594839,-0.2834408827382685,-0.10203534123792023,0.027190147542095422,-0.38379579191096674,-0.14119811573617244,0.12070609028039601,-0.44173023110614934,-0.1761039817977101,-0.06899666370279951,-0.5126013292762888,-0.05274729198656763,-0.0844632593904055,-0.7204725155956693,-0.10583515009137322,-0.09059982556792809,-0.8495153961297907,-0.14008158345004176,-0.0918006286473383,-0.9614506072103701,-0.16315203193114952,0.030950191161406966,-0.5177807361632588,-0.06051302539271077,0.061310977148304885,-0.746959609042959,-0.11609230692706154,0.08447788158412567,-0.879844708736303,-0.15108152989477128,0.10723286812368307,-1.0,-0.1690913173730735,0.11234968488875334,-0.4592834019496615,-0.07653490408782382,0.1558489280119089,-0.597504383834725,-0.1548868815106812,0.12437126795996206,-0.4785305479916744,-0.16255313124669413,0.09439743514834185,-0.3843565470961542,-0.1442691627761857,0.1807883276377115,-0.3612036704559349,-0.09781105039796971,0.21153951430897563,-0.45924857021990534,-0.15440275910294798,0.18752630583174099,-0.415371111573817,-0.14966237466645435,0.16068958741102826,-0.3697920099934967,-0.13128229202015113,5,Victory
0.0,0.0,0.0,-0.07583151429805224,-0.12526097520295543,-0.0670838168359502,-0.07769274773386568,-0.2882480931581136,-0.10262136693738048,0.03441326165893566,-0.39167667522830935,-0.1394759212527689,0.12490439739021002,-0.4506748912300481,-0.17210292247130993,-0.06877993702210006,-0.515602526892056,-0.04677746421657151,-0.0876872011624857,-0.7228876077592686,-0.09982558351088136,-0.09542344520135175,-0.8514576986218104,-0.13384283246635298,-0.09798277252793296,-0.9636609963127356,-0.15699229548923962,0.02979503022300533,-0.5232748461265743,-0.05359687258696128,0.05707206532169268,-0.7510431272924997,-0.10975195994181183,0.07808085010765929,-0.8814105851653239,-0.14426947887012154,0.10017653170398834,-1.0,-0.1615470983407646,0.10960914740014902,-0.4642676981658718,-0.06997499854638065,0.15397494649727392,-0.604459406027064,-0.14971158135752033,0.11740540486264019,-0.4759574724330849,-0.1571985770382468,0.08826468441783564,-0.3825518910329028,-0.13877673275918695,0.17655096899787098,-0.36386313880363474,-0.09221720367541505,0.20334894752625893,-0.4498867772038427,-0.1514975061197186,0.16877853009261623,-0.390990198722076,-0.14890268447254978,0.13920685722251921,-0.3417827524572957,-0.13215583060914768,5,Victory
0.0,0.0,0.0,-0.07715829575071712,-0.12447468735301322,-0.06541390833993481,-0.07973446557929696,-0.28865273870480374,-0.10079736939430518,0.03572974791344448,-0.39049245747408556,-0.1379883023458708,0.1303112571623307,-0.4512738055795533,-0.171551061609914,-0.07113972649501979,-0.5144556178298021,-0.04570983744768599,-0.08942847670043319,-0.7197050315571566,-0.09797417660203757,-0.09655728877180053,-0.8470969933483591,-0.13174532292254806,-0.09819205029651705,-0.9580608490204885,-0.1551096028982091,0.027181548027702257,-0.5218556968425059,-0.05345916976031346,0.055829254032078786,-0.7498958064717663,-0.10965480089016394,0.07671842526133839,-0.8806851586264909,-0.1451025925705489,0.09866206155715539,-1.0,-0.16348579252038356,0.1066439382924872,-0.4623980020710521,-0.07047970154398771,0.1500692833552383,-0.6077878440768245,-0.1513899747775855,0.11220000260989053,-0.4765067700676042,-0.15993056729433644,0.08359548682946455,-0.38115072383466364,-0.14236583074950585,0.17379572894877882,-0.3620562565369963,-0.09289870457273104,0.19662695899134428,-0.4522444885405596,-0.15294366802098308,0.1600735942939016,-0.3889492730819701,-0.15065216103207732,0.13062756203773324,-0.3360271022119746,-0.13441976783289775,5,Victory
0.0,0.0,0.0,-0.07905464194496374,-0.12836085667998087,-0.055161073259329806,-0.08319752255371504,-0.296988037455248,-0.085005049938142,0.026802997376881126,-0.40004731138367333,-0.11924281040381575,0.12105629191940431,-0.45426940088811507,-0.15129761005339173,-0.0663292255748799,-0.5149968344048658,-0.03482143434882826,-0.08973898563841266,-0.7168417713161191,-0.08497180658807732,-0.09913397047070283,-0.8445257404754927,-0.11867165600375355,-0.10190145060636331,-0.9542083205459547,-0.14198361994035513,0.02856903597045506,-0.5180137546949043,-0.047297500430856745,0.06220463456010881,-0.7451743078826539,-0.1011172044891221,0.07975815865429078,-0.8800233980271165,-0.13792217978781762,0.1011271911278675,-1.0,-0.15815271379334914,0.10600970751833445,-0.4568936125375972,-0.0683858911628408,0.1461442085022916,-0.6121676642739123,-0.14624311108934193,0.101155488235535,-0.49402562935758204,-0.15754134960589253,0.07466214863849502,-0.40026488853470216,-0.14319258798394832,0.17054712802761798,-0.3575883065308344,-0.09398498176741886,0.17877123375849546,-0.45617335912434487,-0.1505663282450271,0.13155325354622574,-0.4013276979911814,-0.14865725122306073,0.10052881082670345,-0.3472293220611153,-0.13394087163783652,5,Victory
0.0,0.0,0.0,-0.08094337019297104,-0.11995116705378225,-0.055357837374989505,-0.09335650984474579,-0.2844889272108104,-0.08725163333780257,0.011068319826689568,-0.3886599772910527,-0.1229935722115873,0.10122843303221288,-0.44669918070848796,-0.15642227200746348,-0.07163357275366385,-0.5156570375962803,-0.041791627173519794,-0.0924555321315102,-0.7169005289433646,-0.09185853654377969,-0.10140972872571818,-0.8421951630950727,-0.12531113740354757,-0.10568243962119972,-0.9512347245199332,-0.1492687129506778,0.025912792875056326,-0.5205567198818805,-0.05520992581657539,0.05831131885626483,-0.7457165167940321,-0.10826886949297701,0.07862033289648176,-0.8794645497013778,-0.14433046808551736,0.10029112742084759,-1.0,-0.16526168333049115,0.10433761979611454,-0.4593678762366956,-0.07673419113354031,0.1360108484042541,-0.6102892067408077,-0.15187906438470153,0.0936930872479222,-0.49073993854740666,-0.16212653988227915,0.06630689441623015,-0.4001336912490792,-0.1494384484652436,0.16896999292694678,-0.3573889340409137,-0.10290808361396335,0.16999576900315788,-0.44452042361308797,-0.15935547760869823,0.12303009966908379,-0.38531408619406937,-0.1582975421747185,0.09022486166748948,-0.33239539742720553,-0.14550535184770325,5,Victory
0.0,0.0,0.0,-0.0817644284998129,-0.11833817330732149,-0.05550764440612759,-0.09836983754486699,-0.28424301237451854,-0.08687622592222972,0.004754803773333946,-0.39365654360261604,-0.12133399303407405,0.09913267794862493,-0.45583064897602366,-0.15375134522252926,-0.07807119506798009,-0.5190366220754495,-0.04090307637671666,-0.10339860961091447,-0.7152103572736225,-0.0913156026852546,-0.11274760722147252,-0.8417930793133096,-0.12321594904728336,-0.11502715517606125,-0.9484726068906547,-0.14451182986244354,0.018212189919318496,-0.5222146315538211,-0.053693640934840275,0.05044117470834218,-0.7500765140510693,-0.10685711288549055,0.069484697104597,-0.8851379413883911,-0.14054955491015939,0.09099359337869069,-1.0,-0.15760101432233042,0.0967486313085899,-0.45928046862208316,-0.07488790529731851,0.12550428424732862,-0.5931802567680362,-0.15266322426393783,0.08096614941142535,-0.4789349675716158,-0.16490750277633315,0.05374219731316842,-0.3935841896214972,-0.15149489772462818,0.16007790149828965,-0.3590834942792933,-0.10007246474193525,0.14741391026300332,-0.4422517831082078,-0.1568089540415822,0.0964670527855232,-0.37892535255669946,-0.1545836289782597,0.06377793302395286,-0.3258387141164151,-0.13986446380008405,5,Victory
0.0,0.0,0.0,-0.08562307815116227,-0.11855116019633183,-0.04448688527625247,-0.10711487638922226,-0.28259024320377635,-0.07197330255598769,-0.012676448388109307,-0.3817361360555835,-0.10529210313534468,0.07898820929192672,-0.4330438392820791,-0.13760991726780405,-0.08377378144597995,-0.5100382446207745,-0.03492512578489002,-0.10956934452013196,-0.7085536932959762,-0.0829829812798553,-0.12088459404209605,-0.837299021491973,-0.11491886467782471,-0.12843985932764,-0.9456787877047572,-0.13729858015872137,0.00964756249006549,-0.5100258965608847,-0.05311734913985906,0.04634017192576556,-0.7399886502691032,-0.10286266603621615,0.06298465771032372,-0.8812682203049983,-0.137266632466035,0.08045518210505181,-1.0,-0.15669288277553736,0.08573362823451458,-0.4463382731203297,-0.07824103505437473,0.10707095923282203,-0.5955465790078671,-0.14919723182630065,0.059498194649574,-0.48559345445654006,-0.16001223930881722,0.03262217633507136,-0.3986588026610535,-0.1484327296561,0.14744853261655563,-0.34577829442888736,-0.10673653491461449,0.12373711236775271,-0.41995495404454003,-0.15834811981780658,0.06841955142876663,-0.35799402039375283,-0.1547465343968114,0.03493895194909757,-0.3036223674387718,-0.14076871989973477,5,Victory
0.0,0.0,0.0,-0.0949862009030471,-0.0997033092391874,-0.03735646111503132,-0.15925808992411514,-0.23780545512087947,-0.07138759911185223,-0.11247688702142014,-0.332151056353436,-0.11404897241456839,-0.024851094921708443,-0.37485053522382317,-0.15600779766722112,-0.10778203939662533,-0.49910206650635563,-0.04516853577643953,-0.14553887712392627,-0.6966459722613728,-0.09697499091207469,-0.16138545070435434,-0.8155174076218641,-0.12955800205871248,-0.17123740552554104,-0.9182733600088737,-0.15135917281948438,-0.017420215066456492,-0.4942756898785252,-0.06874295505172236,0.011298392242383784,-0.7361177115886973,-0.12302354514883504,0.01451907195984829,-0.8784936596405926,-0.1572398962391774,0.01749997201510574,-1.0,-0.17613230754995932,0.061235019177284813,-0.43372184846841216,-0.09747789218238535,0.04218048628587536,-0.5629897992516331,-0.17109136946577463,-0.015297433632551215,-0.44483554040866086,-0.1813604900175757,-0.044463926453662615,-0.34667292680271056,-0.16879385734831542,0.12646577243905144,-0.34122337746127146,-0.1293802343781107,0.08065958869328861,-0.4017903208900621,-0.18060264000032683,0.01913925079858712,-0.3360737753047046,-0.17734106417601905,-0.015932436324189225,-0.2761232627740866,-0.16392006540531914,5,Victory
0.0,0.0,0.0,-0.11624984822222027,-0.0884906865634871,-0.03856575926998643,-0.19549829744925343,-0.18790740235629505,-0.08063879737720753,-0.20207565132464608,-0.27313749747037036,-0.13116807509095024,-0.14013264938013076,-0.3185135104220742,-0.179933958965551,-0.1589267683211178,-0.49603308315662586,-0.06245680042156184,-0.21022874891115942,-0.7037936174144105,-0.1238653730065354,-0.24079927498614204,-0.8326779935417455,-0.16291311481713433,-0.25928973278312056,-0.9495980924392668,-0.19011841516116396,-0.06645082839872243,-0.49905941770124856,-0.08989827139021203,-0.07102460999709642,-0.7347283397710576,-0.15134222799496508,-0.07914800313234142,-0.8788492692669793,-0.19094070757755421,-0.08163740508389572,-1.0,-0.2148050490379644,0.017455799670928175,-0.43819344847914266,-0.12135630593395483,-0.04829338424854601,-0.5385174874398388,-0.1989522162926783,-0.10386126191125619,-0.4196981337932127,-0.2117504354333961,-0.12834519106402822,-0.31527290964602783,-0.20233055210431547,0.07748145671473697,-0.33539873122574854,-0.1561929578481146,-0.009292706747732133,-0.34498693391287516,-0.2146524441793157,-0.07834739074199537,-0.2896738669458791,-0.21816772314247548,-0.118054499221314,-0.2430920785197047,-0.2089071844853349,5,Victory
0.0,0.0,0.0,-0.12664637587850153,-0.0707562464161871,-0.03863313360281363,-0.20954507774142356,-0.16773297125297432,-0.08191866455309016,-0.23705017476011234,-0.24644842235274114,-0.13464847725898016,-0.19008739675460648,-0.287420306673468,-0.18469223625889725,-0.1793916800217922,-0.47949264026947513,-0.054892989859699017,-0.24088370201320802,-0.6846323053335267,-0.11255249648745685,-0.28041799546354085,-0.8077493560571575,-0.1463535151361345,-0.30580522150196265,-0.914414954023374,-0.16882958517609026,-0.08890672960383013,-0.4743868367468584,-0.08537278318087298,-0.09046767115796743,-0.7142036533582968,-0.1506469937836883,-0.10624806425096804,-0.8696959387495247,-0.19181016604672974,-0.1139782098367197,-1.0,-0.2136356683177908,-0.01012245187181577,-0.41156946647308085,-0.12036702366954788,-0.08133100832903893,-0.5132841934411705,-0.20176630504109713,-0.13899051949441757,-0.3902565882986884,-0.21373329976685712,-0.16104313876160561,-0.29077335433562046,-0.20014853432409932,0.045130668232545156,-0.3111627359254256,-0.15868012538529128,-0.04864895789363788,-0.3203737431334907,-0.21560993267507708,-0.11800144594009267,-0.26205885432117265,-0.21576860419910346,-0.15297764484847903,-0.221752584519903,-0.2024487632089525,5,Victory
0.0,0.0,0.0,-0.1271864983111489,-0.0657936907518609,-0.03497711511285066,-0.21706430101968885,-0.16521302958689346,-0.0746016045865903,-0.25218326952972636,-0.2488497962224051,-0.1236731522544433,-0.19516753515475568,-0.2909851412561208,-0.17005501226054154,-0.18788917638872596,-0.46590659348191643,-0.0506102840200391,-0.2663581611112145,-0.6472114367694927,-0.10456180561665455,-0.3166689971614141,-0.755662994008969,-0.13561694685401596,-0.3571041633026011,-0.8547553420639583,-0.1579409310072289,-0.09591768028757872,-0.4781231479601533,-0.08117624683400111,-0.11268865643586688,-0.7119315126036475,-0.14594576451105631,-0.13372393291118911,-0.8664382637511095,-0.18679173446513475,-0.14972194960965296,-1.0,-0.2082622290307529,-0.015073899771986702,-0.4242426866116612,-0.11533025162688362,-0.11867838869448859,-0.5169372132968362,-0.19741141301847903,-0.16800175876594314,-0.3823566973007676,-0.20436067057191556,-0.1786940398065819,-0.2808889762403535,-0.1860786066799951,0.04065912452186978,-0.32713392869898217,-0.15249495079320144,-0.07995126596370863,-0.3310370384159331,-0.20980868906695277,-0.1390195673533906,-0.256052395871258,-0.20727828043959107,-0.15811829649059236,-0.204040226503887,-0.19151910337696973,5,Victory
0.0,0.0,0.0,-0.13729223192164852,-0.059943533003123745,-0.03757202836517464,-0.23544820140756376,-0.15866415761603184,-0.08001550320711351,-0.28387377906037053,-0.24541444973916332,-0.13255491330019958,-0.2257525927458476,-0.285695161033943,-0.18042402662764867,-0.20644827398381743,-0.4597987663817888,-0.04988041694452193,-0.29744798738924516,-0.6449725508890888,-0.1073171333083596,-0.35339411235902357,-0.7535659206846924,-0.14035259356128413,-0.3939542199677904,-0.8490186844522519,-0.16449776885074688,-0.11531476202483888,-0.4831991909454519,-0.08045896600866673,-0.1655659515555733,-0.7260917271827456,-0.15270497175450942,-0.19864350677771675,-0.8774673885505543,-0.19915743816721362,-0.21833133686795025,-1.0,-0.22390278679370432,-0.035829293527311304,-0.43967362354830797,-0.1146865172012697,-0.15566411650432987,-0.5367439917919077,-0.19916612060246902,-0.1939513555062446,-0.39092360481057375,-0.2015552188180282,-0.19593570011076414,-0.2838132246401279,-0.179630325890265,0.015012227391940414,-0.3541034005314244,-0.1528133816058231,-0.11790717393262816,-0.3367282891995997,-0.20944961176070737,-0.17425194883567058,-0.25474161146888846,-0.20613447987896835,-0.19268579780671297,-0.20094242269033494,-0.18983159364454646,5,Victory
0.0,0.0,0.0,-0.1383021164551117,-0.047397501157871655,-0.03463240368123622,-0.24026890093325767,-0.14716182161106284,-0.07259882127495901,-0.28598040824062,-0.22763995894166286,-0.12174800842668117,-0.23984857924788422,-0.29180680604750847,-0.16667077595676538,-0.23161167863069737,-0.4555418183423229,-0.041487145653724786,-0.33395865861900215,-0.6307146425506296,-0.09913317580144622,-0.39623224474621044,-0.7340387720711326,-0.13160290060224678,-0.44361832537729023,-0.8287211124333886,-0.15400807396198518,-0.14263790401849755,-0.4953193588269329,-0.07199763760680618,-0.2075131324483248,-0.7389793845601577,-0.1406601789425541,-0.2492754524573501,-0.8837794720969523,-0.18157709059752578,-0.2766400378050303,-1.0,-0.20127796230781603,-0.057601896177842914,-0.46662590258815373,-0.10728273446753486,-0.18545569676711124,-0.553001507355205,-0.19300406072713794,-0.21255151390657484,-0.39431236159363264,-0.19403202388698781,-0.20370052847716072,-0.27898201745457757,-0.16940734252354359,0.003183857671839188,-0.38945940936430723,-0.14626635542580657,-0.12677865059068044,-0.363878818333526,-0.2051432897582405,-0.17839588206670173,-0.2746943813014493,-0.2016634822527629,-0.19267447285394798,-0.21634598393317078,-0.18403859994977972,5,Victory
0.0,0.0,0.0,-0.13413116404178876,-0.050995475204805005,-0.04051483891415579,-0.23515188090488423,-0.14201023974354038,-0.08138226433203032,-0.2724974559619176,-0.2216159929401287,-0.13094825724098688,-0.21523193413446828,-0.2881292821783606,-0.17689238098449547,-0.22150681244224382,-0.4517524288179781,-0.051580849318488345,-0.31172801166337616,-0.6340597018600896,-0.10589183952403915,-0.37036487483363806,-0.7397303701491634,-0.1366886888289233,-0.4139783923923715,-0.8368877650978082,-0.1588634252410168,-0.13184679006998307,-0.48499613698980715,-0.07751264466669776,-0.1856603845927848,-0.7275152466941532,-0.14258228288725983,-0.21732802824696645,-0.8740678939042993,-0.18336553372606373,-0.23566816984027852,-1.0,-0.20496858242586508,-0.047686316402744955,-0.4565563707249133,-0.10773659833800694,-0.15461493729485795,-0.5410210846946086,-0.19165181527833144,-0.18587266701693786,-0.388467016969034,-0.19985299682796506,-0.1838229414956185,-0.2746878458648802,-0.1827988043358115,0.015357511189637251,-0.3852336844513723,-0.14138602194134992,-0.10137748225875357,-0.348346106386537,-0.19991877009007417,-0.1516379178803678,-0.2528782426257185,-0.2006011871670574,-0.1680180318489098,-0.19044679215851792,-0.18783156939543372,5,Victory
0.0,0.0,0.0,-0.12447666624456383,-0.07152772619099397,-0.042367916949541964,-0.21542856461041,-0.16906889372746192,-0.0884901405488373,-0.24827760870142562,-0.25424657913870236,-0.14325431848943473,-0.1793216820118371,-0.2841770322423707,-0.19461134705989555,-0.16725657142923125,-0.4796479585297427,-0.063273035029926,-0.2259170633342866,-0.6722837393282715,-0.12162828018379404,-0.2624204660092383,-0.7901768328661335,-0.15642480287746707,-0.28764086720195464,-0.8916654959406921,-0.1820688689518298,-0.07545944098444134,-0.4845964921329139,-0.09186020516906214,-0.08443198749241274,-0.7191390025722614,-0.16463867084190112,-0.09729383323139999,-0.8729627732233864,-0.21205493955796048,-0.10484772928555951,-1.0,-0.23803364402040866,-4.9266714983970994e-05,-0.4252322559960094,-0.12363683219270208,-0.09655383177649231,-0.5096480008683258,-0.2065103749275359,-0.14844646266910896,-0.37984868190368126,-0.2126332653595165,-0.16405523568542124,-0.2824808716205632,-0.1947367462453782,0.04492077488844746,-0.325445296048694,-0.15948535320976723,-0.06652815535026903,-0.3266173819898595,-0.2132427869989588,-0.12097303301678186,-0.2517769310916465,-0.20877675928566183,-0.14061559530164894,-0.197322738936832,-0.192804759715206,5,Victory
0.0,0.0,0.0,-0.13875095699683962,-0.061988328115604896,-0.03664107506587394,-0.22678658008223945,-0.14692970185040413,-0.08116962353091085,-0.27357422430291656,-0.20826143390875515,-0.135079505479468,-0.267049583999498,-0.23238276768499433,-0.18598358043427446,-0.19758204458837086,-0.4852049178074349,-0.06183947502537846,-0.25754778191825023,-0.6872254547089419,-0.11947338160534426,-0.28904733087233797,-0.807032402530256,-0.15191520048316015,-0.30690189193463924,-0.9133351424764927,-0.1733572261240448,-0.09765774720275525,-0.4943556997551188,-0.09215047494192931,-0.11513379519313466,-0.7285819498185951,-0.15855735288266296,-0.12954025661585217,-0.8773666163923248,-0.20018384481930757,-0.1385260809333885,-1.0,-0.22186030840588106,-0.02076768046607323,-0.43172581583677344,-0.1254833985765734,-0.1540286211191696,-0.4875516826810337,-0.20718593234194477,-0.2142579672109514,-0.35752771207324896,-0.21585255555898727,-0.23266384254891237,-0.25966304007855867,-0.1993335650544013,0.016379888365732412,-0.31981548680452165,-0.161928947356647,-0.12004815792461307,-0.29842436353039087,-0.21763630144272839,-0.18586617149189297,-0.2306709279642967,-0.21537213667657845,-0.21560132069606944,-0.18065415727189837,-0.19984343776856564,5,Victory
0.0,0.0,0.0,-0.15465657816588518,-0.062168188171493936,-0.03775988663410699,-0.2549997141084663,-0.1410334334449467,-0.0824105539305613,-0.3140342914500584,-0.1985106868899397,-0.13568800083984248,-0.3103304261634711,-0.22844154741023584,-0.18460660371931556,-0.2159737019450209,-0.48648311438668995,-0.061332472449491124,-0.27546421844360647,-0.6967279135569765,-0.11756449164851229,-0.3030098264059997,-0.817564845322765,-0.14928782391760198,-0.318298578507633,-0.9281371142406043,-0.17138448177947044,-0.11525758496679857,-0.4988109886790258,-0.08993244487665737,-0.13982211266902717,-0.7341869757071519,-0.15714065910228958,-0.14785847410599404,-0.8787348919544834,-0.19810456760972756,-0.1532182793427998,-1.0,-0.21953007237353983,-0.03906955691439416,-0.43853100667201433,-0.12164583084708395,-0.19188428300551655,-0.4907825594927061,-0.2065179588352702,-0.25409824687345384,-0.3490317531298513,-0.21434605737894202,-0.275998282006714,-0.24162428696503166,-0.19667521322552303,-0.00468721648401007,-0.32273799478652826,-0.15652710777748804,-0.1469344495332036,-0.2909660258399675,-0.2148179230079381,-0.21472528137180344,-0.2229180568762202,-0.21501616730341047,-0.24988167726117894,-0.17689927000158315,-0.20141545597883367,5,Victory
0.0,0.0,0.0,-0.16270941343353656,-0.046116150418450935,-0.034927411423476606,-0.2793231437035205,-0.12028045986997864,-0.07609312810320333,-0.34915612254956835,-0.16526798737546303,-0.1254404524064395,-0.3406858953045611,-0.19810782316960088,-0.17136464921287942,-0.24285191565151867,-0.46680278087339205,-0.060487723411273106,-0.310315454698864,-0.687959573412284,-0.11315496176874666,-0.3403367824138663,-0.8136016186674732,-0.14391435331485145,-0.356998965777079,-0.9265195474815252,-0.1661125323139442,-0.1426064756723702,-0.48357473555471275,-0.08785046958222564,-0.16359861123410027,-0.7251055525574044,-0.1542152303158389,-0.16830541154219514,-0.8773825973197086,-0.19695403305661316,-0.17234731845544904,-1.0,-0.22087860412142837,-0.06428848303389878,-0.43112610001052604,-0.11759269077226703,-0.21952425745634627,-0.46588434413725927,-0.19906725623991456,-0.28867400591796055,-0.3273113378567359,-0.21134681555067766,-0.3196972684150993,-0.2157218591953111,-0.1992751868417187,-0.028341801486006245,-0.324329467667585,-0.15013345402544112,-0.16998205564754218,-0.2851634957737207,-0.20565877744983843,-0.23454062290628336,-0.2129710601369719,-0.2078414431051164,-0.26847048621843655,-0.16129048966027698,-0.19784358590139453,5,Victory
0.0,0.0,0.0,-0.17084521154809768,-0.0430236862662553,-0.03696895293299647,-0.28649537946535253,-0.1191840322156002,-0.08349844894309864,-0.3526291910413268,-0.1661319214972887,-0.1376014465329569,-0.346210292319403,-0.1905867087335457,-0.18890428110144694,-0.2561699828527399,-0.44467223454427707,-0.07354156958956884,-0.3450211663833769,-0.6490077253427579,-0.1301900275268252,-0.3904800150406966,-0.7627418364004509,-0.16482659370514108,-0.42009929657432815,-0.8727429171591001,-0.1914502046013864,-0.15684930377661035,-0.46463629473970286,-0.10333988820221444,-0.18858064416212977,-0.704163218868947,-0.17728069268631372,-0.19421524349292535,-0.8651757748198555,-0.22592428229710906,-0.19545969794377757,-1.0,-0.2549653204848583,-0.07794234876997509,-0.41481082310678646,-0.13435776551562498,-0.229364503922621,-0.4508686951512904,-0.21961812218929297,-0.2939001582170713,-0.308105140331265,-0.23000785141845226,-0.31893716462552046,-0.1995428507482297,-0.2178234008876399,-0.041870571741308676,-0.3083737479893976,-0.16834307677328333,-0.18242806335543754,-0.27255134477849524,-0.22559945104283452,-0.24428763267394843,-0.19222999476606403,-0.2241453394056284,-0.2736903045291448,-0.13577675822696297,-0.21259383626018774,5,Victory
0.0,0.0,0.0,-0.16743134753681552,-0.03883200372918066,-0.033488232648704784,-0.27813423508817847,-0.10746812996569911,-0.07616915848281489,-0.3376917936745683,-0.14061185975291499,-0.12677332604661737,-0.3564492489779354,-0.172223100042275,-0.1755306121159594,-0.2511339517468554,-0.4418232905227103,-0.06882187794792813,-0.34033469295837326,-0.6421005327185503,-0.12413687776277606,-0.3892050809751298,-0.7558360185969762,-0.15640709398186342,-0.42089339814717225,-0.864583624815204,-0.17900082072789358,-0.15237555141388326,-0.4621263467719112,-0.09866320890148479,-0.18699991136158492,-0.7061520924614285,-0.16922208918885423,-0.19617633314103208,-0.8678552033681928,-0.21478487358788995,-0.19897707247589547,-1.0,-0.23979336880082908,-0.07388472683031205,-0.4127852452058598,-0.12988463495115882,-0.22841386499179717,-0.43481164001677597,-0.21531923839981315,-0.29406154455035444,-0.292620039285752,-0.228261138180764,-0.31913834077264885,-0.1872038299838122,-0.21595097561053817,-0.03808109057756892,-0.3083707002619106,-0.16310934782720396,-0.18235368336179872,-0.2620379429386433,-0.22031968494305737,-0.23977198144725922,-0.18073875511116078,-0.21842428480763665,-0.2633573399896482,-0.12990872924181313,-0.2050470472531655,5,Victory
0.0,0.0,0.0,-0.17325857771822228,-0.038908734446566375,-0.03614323600746389,-0.29150781846474644,-0.10960449719230334,-0.08216669038552639,-0.35582419225795175,-0.15079776657875607,-0.1365270343630865,-0.34164412165398367,-0.17186412902465312,-0.18892661745959416,-0.25597914229253566,-0.44826321825920773,-0.06954562561509091,-0.34699154066638166,-0.643142567580842,-0.12639854557388833,-0.3976254317904833,-0.7559984919935425,-0.16171280842903366,-0.43114334800466897,-0.8631768669370601,-0.18853187509091301,-0.15351527754161076,-0.46650613330479007,-0.10059830206404055,-0.19271040449936014,-0.7060071633693986,-0.17475261216124804,-0.20878666112059918,-0.8669763522096088,-0.2247014201349846,-0.21575077517357993,-1.0,-0.25434177482135517,-0.07379713451675032,-0.4145352921610085,-0.1329282228496672,-0.22892639729398878,-0.44489306770921894,-0.2188002059052568,-0.289283661366514,-0.29990292123748663,-0.22664794924743542,-0.30733566218487507,-0.19527802937564062,-0.21150310339807754,-0.0389411674246217,-0.3083234707723825,-0.16811552710859992,-0.18738970247019046,-0.26990605783672206,-0.22462706986153141,-0.24141347491160955,-0.18556337861191596,-0.21898940533402994,-0.2588686835293313,-0.1314495898371475,-0.2035419928251638,5,Victory
0.0,0.0,0.0,-0.17282645514836487,-0.03618084058235166,-0.03445853684850019,-0.291044116559744,-0.10680860356309527,-0.07754862936483091,-0.35696116394674443,-0.14494981713387659,-0.12976463449230416,-0.354571739059413,-0.17904545087203155,-0.17968162685611747,-0.2628663985432611,-0.4512570219043869,-0.061733863849581745,-0.35229721806204894,-0.6495748599058072,-0.1176098942447342,-0.4027102358603305,-0.765275554401597,-0.15139198179006386,-0.4372808744560012,-0.8757505936486047,-0.17587231357988214,-0.16276331604115046,-0.4739855529744331,-0.0925758701411393,-0.20595428260940588,-0.7129961329016306,-0.1629769418896558,-0.22498688900619526,-0.8701107169693229,-0.2091088870624888,-0.2356956908247116,-1.0,-0.2351733278119734,-0.08283998741344595,-0.425531102716254,-0.12563941074567217,-0.24497552327910685,-0.4440587853975339,-0.21064027263231408,-0.303786369037077,-0.2946863076518339,-0.21892300326114314,-0.3199699349866655,-0.18687851740022318,-0.2030546170052475,-0.04621887536044486,-0.3198833164538244,-0.16151346481970932,-0.19508316238890044,-0.27247052390671506,-0.21807852629952354,-0.24913028974866439,-0.1934831912760737,-0.21431096401585495,-0.26708671998184236,-0.14630992154037412,-0.19953038187053526,5,Victory
0.0,0.0,0.0,-0.18069125107217035,-0.030368385182859444,-0.03240044905320063,-0.2993891632612632,-0.1020440964373953,-0.07184084933072343,-0.36978320933624315,-0.13905081575721526,-0.11987766293033769,-0.38667277352113466,-0.16521417509318248,-0.16506883096993416,-0.28022941909058596,-0.4360384865324369,-0.06039968596337789,-0.37151572448279074,-0.647165492196273,-0.1140174476899713,-0.42047041290416975,-0.7686030788442791,-0.1448108408423559,-0.45457886821885074,-0.8807265999878611,-0.16629568619618948,-0.17803803550447939,-0.46480976285078146,-0.09117189824483002,-0.22195879626440632,-0.7096406958930648,-0.16142979270250807,-0.24510112263955658,-0.8707189054580257,-0.20654373510869414,-0.2628543412864834,-1.0,-0.2309731553740175,-0.09577633854649745,-0.42106200886855527,-0.12376197212335185,-0.26293194514973184,-0.43161417637471416,-0.20938566511677315,-0.32061978254187185,-0.28029162677454317,-0.2205285163859434,-0.3394300868397909,-0.1691360180354226,-0.20610162892560635,-0.05558136417980103,-0.31767372808425076,-0.15863080290545817,-0.2053399111506962,-0.25429557851989143,-0.21506923589834906,-0.2635448109803059,-0.1671432362626478,-0.2131766405350375,-0.2885137204876157,-0.11424374412297578,-0.19963305323950187,5,Victory
0.0,0.0,0.0,-0.1843341063351709,-0.03674608672367525,-0.0356822889368787,-0.30503072118379154,-0.10705226530529086,-0.0788319582721238,-0.37807020831029126,-0.1513691373619657,-0.12916901493604482,-0.40160034665021216,-0.18066249919959018,-0.1769091738064774,-0.27930891525551993,-0.4463310669608294,-0.06742483941817967,-0.3686164588996839,-0.6651141748211448,-0.12342340272804887,-0.42012087461507563,-0.7874937422505778,-0.15459544235779385,-0.4581387488575969,-0.899100157462439,-0.17568057885677224,-0.17864937757222607,-0.4686590443397929,-0.0963071896815145,-0.22307157628342075,-0.7218035634244734,-0.16482547558935384,-0.2522995410013563,-0.8744180656859949,-0.2059047922904139,-0.2773557334082323,-1.0,-0.2284441051458686,-0.09939188864698725,-0.42026299283414925,-0.12779060464452102,-0.2672475580224348,-0.44653226088120757,-0.21791366810755955,-0.3290708933883239,-0.2907552303142846,-0.23162389228779437,-0.34798480458358316,-0.17478840075209418,-0.21840623848541119,-0.06124217417499578,-0.31144364096235455,-0.16096881916308178,-0.21212760933598002,-0.2649780323889468,-0.22371547954410595,-0.277027565386205,-0.17946424933202162,-0.2253094774892357,-0.30673018221693144,-0.12601415561130935,-0.21390106820186236,5,Victory
0.0,0.0,0.0,-0.16263059999573445,-0.03377069029836086,-0.04031690832709725,-0.27156296058212154,-0.09547536471462477,-0.0853458965870823,-0.334125236803989,-0.13367026258255632,-0.13636527040867494,-0.3759203223565042,-0.13264746391954707,-0.18651000006766597,-0.2753697846528939,-0.4426993278751643,-0.07663112509755295,-0.35689111300774645,-0.6669988688785958,-0.13694580967632342,-0.41154480015296147,-0.7949560890663627,-0.17044005715880187,-0.450636541095852,-0.9065086813474227,-0.1922549756885012,-0.1697900970938449,-0.4680490943358244,-0.10495610707182564,-0.2066032719828749,-0.7206384568555574,-0.17524546396027268,-0.24104419754924944,-0.8773756636404897,-0.21812695738476423,-0.2674292038858492,-1.0,-0.2410457061616901,-0.08467433394610205,-0.41603640542115095,-0.1359775348628387,-0.23665142041234483,-0.43619079619646867,-0.22922786347923738,-0.30448680651463067,-0.28368191803467,-0.24982571801545328,-0.3279275483626428,-0.16917355548163585,-0.24064543585996917,-0.040810171786023114,-0.3042942951145508,-0.16817102079341711,-0.17823262935400358,-0.23590896998356264,-0.23729208464621193,-0.23586107599092856,-0.1606295291159929,-0.24412427494700492,-0.25694088721376324,-0.1251872262231583,-0.23489509321212734,5,Victory
0.0,0.0,0.0,-0.14776091207039987,-0.04367917063688109,-0.02975855397028544,-0.2483650941070309,-0.10247456975243754,-0.07155183939987002,-0.31017311610303905,-0.13423641075413137,-0.1226097583225508,-0.37489478421653066,-0.1335856691441307,-0.1729204309369895,-0.2675696938613877,-0.43725937392818337,-0.06863022381657669,-0.35145857469317676,-0.6538491601666275,-0.12960612528205434,-0.40487005226839484,-0.7767937442918849,-0.1623421834491252,-0.4452160320884361,-0.8877130754990228,-0.18282150926574944,-0.16659540841993722,-0.4702703374646165,-0.10242378418684585,-0.1988285897628833,-0.7176193894254395,-0.1708373632525165,-0.22802626396904918,-0.8751523498175946,-0.2122714753348953,-0.25267458568666046,-1.0,-0.23361558825165482,-0.0793368914741925,-0.4213112132667662,-0.13837360890097627,-0.22266183642484255,-0.4230044598872889,-0.22709682419737826,-0.2926254118459835,-0.2712242060057706,-0.2460951595796216,-0.3229533611322113,-0.1571091778675527,-0.23650759791690992,-0.027291217888820937,-0.3102116332258307,-0.17541703973505374,-0.14362206358734356,-0.24667420183386707,-0.24157921528008985,-0.20964719257261796,-0.18112276753720385,-0.2483335788745718,-0.2466893638308584,-0.14552748399185056,-0.23902759715598487,5,Victory
0.0,0.0,0.0,-0.14373822891416055,-0.057689393053487116,-0.04429047850192844,-0.24109043784986378,-0.11418047644733137,-0.09938397420987309,-0.2990048707687395,-0.1521737248830557,-0.1620782598547053,-0.3084906141617845,-0.14603798164654413,-0.22241878872417095,-0.23898920637352677,-0.4524260752329264,-0.0860566580533551,-0.31190893656877555,-0.6640821458122051,-0.15109466391654597,-0.36331277465866957,-0.7843797656381069,-0.1864661841087175,-0.40280294334464856,-0.8907363315444935,-0.2100054553147194,-0.13736842211880373,-0.4737816586616684,-0.1165301082294,-0.15952858752126323,-0.7123093675698402,-0.18955445111575542,-0.17705416554868014,-0.871902225887356,-0.23066446485570988,-0.19229159273530064,-1.0,-0.25120782379484763,-0.050251935996599724,-0.4180900008452807,-0.15006124383912267,-0.18011872234076817,-0.4236635127323394,-0.23760195865192063,-0.2396382677528738,-0.2833563130588129,-0.2493799273595933,-0.26172292878151227,-0.18015582997814608,-0.23437640259443493,0.0004156423700344134,-0.30952668149621676,-0.18695437283061075,-0.1261471830699305,-0.24738381948635296,-0.2444022324565621,-0.19512797899284162,-0.17397607321640715,-0.2424839839886103,-0.23036227919344388,-0.12549950286815334,-0.2279113636056337,5,Victory
0.0,0.0,0.0,-0.1322546024703732,-0.0649633718530747,-0.04675537948197657,-0.23099196318023701,-0.1377702891928542,-0.1013585119900097,-0.2832770768233005,-0.18135759978774837,-0.16430690969282793,-0.26321496742526973,-0.16843162254584046,-0.22462499695920374,-0.22718221213371853,-0.4728415556276163,-0.08587664250818375,-0.29613405385885266,-0.6934786053298744,-0.15196210258018716,-0.34315175254996755,-0.8188741819468192,-0.184977423113322,-0.3857563859737044,-0.9262976460703968,-0.20696891278079443,-0.11881771048287247,-0.4951775396497848,-0.1170206606324836,-0.1331554743234479,-0.7274762690879075,-0.19139286469621805,-0.1484723225340487,-0.8763120172749248,-0.23016974852161162,-0.168058984582277,-1.0,-0.24738728065415097,-0.024796039443429042,-0.43238606214256237,-0.1520836014415456,-0.14995624152467427,-0.417367969164554,-0.24621160557603058,-0.2100918098873887,-0.2710447865691881,-0.25884078520134746,-0.2333239674842285,-0.17300148133954366,-0.24057017081392928,0.033766987500736985,-0.3132590943930193,-0.19040129764533661,-0.06884028064382997,-0.24753662814692529,-0.2545722841179798,-0.13634127557337422,-0.18877590501739283,-0.2564767450872622,-0.17502008283709686,-0.15592296297388125,-0.24246523522640495,5,Victory
0.0,0.0,0.0,-0.15369660086261902,-0.06965600209510592,-0.03825660596240206,-0.2543723871632488,-0.14672405040435044,-0.09217498559072139,-0.2979651355459725,-0.19555366792213,-0.1557794011661572,-0.2681234901569789,-0.19131992747379595,-0.21724850731042789,-0.26231170289334554,-0.46613133032418613,-0.0831280131495325,-0.32329288097484044,-0.6878539387310494,-0.15149665743365148,-0.36499079092039566,-0.8141062822008787,-0.19106631119662007,-0.40009169670977374,-0.9234654011959443,-0.21928604528153564,-0.15697557775734103,-0.48226755090072,-0.11945760043910386,-0.15927847461385816,-0.7170731069439076,-0.19579259230838758,-0.16655715845169952,-0.8720172595455755,-0.24044608210352364,-0.17932528489750355,-1.0,-0.26569239050039145,-0.06444385291697283,-0.4161862695327964,-0.15869777792839457,-0.16066252350635035,-0.4338753691424002,-0.24796388226380928,-0.2163692151270373,-0.2985640571109822,-0.2633070713961997,-0.2443563263564539,-0.20416803551935375,-0.25249674762566826,-0.006115681516673252,-0.29284496968580936,-0.200898875584047,-0.09505602652845464,-0.2450964024580952,-0.26494651506103,-0.16938266744098648,-0.18909101135792455,-0.27135829867040884,-0.21787883423549234,-0.15752434288801465,-0.26309592176415086,5,Victory
0.0,0.0,0.0,-0.20608862245030451,-0.08396426130823448,-0.009539025811717979,-0.3043560621556695,-0.17443991987395552,-0.053886973094310626,-0.35399595029794695,-0.23929171479482375,-0.11767730091776298,-0.28821434961977127,-0.23494497293024616,-0.17947438822007586,-0.30943668800965896,-0.4823191943568839,-0.0243804116938693,-0.37258566219067396,-0.701356529237433,-0.08756786375840271,-0.40532354038727586,-0.8348627622710347,-0.13513395934083375,-0.42495395882921494,-0.9492643551158971,-0.17288737476506175,-0.20462023193295367,-0.4967844995732943,-0.07397459605900984,-0.1961498837987372,-0.7339135155248658,-0.1451591085633187,-0.1966358195862004,-0.8722799957738527,-0.1875129836522083,-0.20550059034439186,-1.0,-0.2155365554509996,-0.10370949364139148,-0.43493938787031705,-0.12790495302971602,-0.19361321716882995,-0.49356810980583554,-0.19621066951642163,-0.2514144964677164,-0.36273594654848634,-0.19382001040464536,-0.2796217171320112,-0.27413395108127825,-0.17702436561303392,-0.03823507125931718,-0.2988674067641835,-0.1856664787969414,-0.146498967831122,-0.2867165219234946,-0.2225596571442688,-0.23172289138196794,-0.20962704250444048,-0.21123519219834608,-0.2694176881338109,-0.14751139334438726,-0.19592045539518457,5,Victory
0.0,0.0,0.0,-0.14098003968095446,-0.06906208249555032,-0.03192763154767868,-0.25658690528502376,-0.17747897220113895,-0.0693447326409023,-0.2732481124915112,-0.22786188897322202,-0.11745189784949361,-0.19386001589013613,-0.21566589879137316,-0.16588511045330104,-0.23230979551436548,-0.4933954735304953,-0.05692912679617289,-0.2877365433183753,-0.7027003466535284,-0.10643289848421135,-0.3216436969866443,-0.8279018362428261,-0.13082788598959313,-0.3468238813654864,-0.9377154600371953,-0.14849697390465635,-0.12136823836979631,-0.5142497236980519,-0.08805739304028622,-0.11166486903953449,-0.7400721714004181,-0.14309100977730446,-0.12234250788958574,-0.8807295259146815,-0.17415537148651497,-0.1354611912275796,-1.0,-0.18894299626625016,-0.026035144720080606,-0.4600970274792829,-0.12302893615892517,-0.11583163557437516,-0.4629327509909142,-0.19824900122858877,-0.16080089836970754,-0.31679054758829456,-0.21469775553956494,-0.16997039463463784,-0.22451466286723748,-0.2029952251019648,0.03571925058922223,-0.3545348584313151,-0.1600379842154905,-0.07823326542297501,-0.2811497711909169,-0.21095236612026508,-0.14158004767040838,-0.19922981664203251,-0.21560480268178167,-0.165736427915152,-0.15323435287642534,-0.20636377861133243,5,Victory
0.0,0.0,0.0,-0.13069110959341762,-0.07715158025014603,-0.022734307863979012,-0.22926460039533636,-0.190414801752603,-0.050615201664954715,-0.21737252557690315,-0.23389777160185188,-0.09057251346877199,-0.13759880561378346,-0.24047397602570053,-0.13271009120017774,-0.20863649961698394,-0.4997228369231341,-0.0457228527503772,-0.25657765026348456,-0.7047364129191818,-0.08771493191509198,-0.2844378409005075,-0.8309086164506407,-0.10669306131230655,-0.30446420951040015,-0.9372877135001288,-0.1185072141370303,-0.10456706566583018,-0.5069024384216899,-0.07653453879742886,-0.07796125044623868,-0.7336369070808814,-0.12155128709707763,-0.07815192602488562,-0.8795506926272869,-0.14916226755686166,-0.07867978893194862,-1.0,-0.1622558132060498,-0.015159760022166036,-0.4426477477235912,-0.11084462552677661,-0.06794587547517739,-0.44557903423870937,-0.17519566172061166,-0.11437143567669764,-0.3225519262351896,-0.20154077671919124,-0.13100253468832165,-0.2422175709999269,-0.19944194332776144,0.04618975690090495,-0.33700173518281634,-0.14584852359806158,-0.035239756138553145,-0.2743073245184434,-0.18720234123684948,-0.10233539028118864,-0.20891944605239338,-0.19568032863508647,-0.14032145308811192,-0.17139561379572862,-0.19159237041126453,5,Victory
0.0,0.0,0.0,-0.12410006400542717,-0.07715779980221528,-0.03011723265725549,-0.21836584438287612,-0.2002668677443389,-0.05702437925783503,-0.18555451393698316,-0.2397352116548598,-0.09410490062400721,-0.08478940211055565,-0.23397645028595193,-0.13274112864567303,-0.18391862778996135,-0.5078246893767916,-0.04569299210859116,-0.22353999061161625,-0.710448670099863,-0.08695894661845224,-0.24992884447924693,-0.8373424518327209,-0.10815131561198503,-0.26889006368419105,-0.9441805664601199,-0.12335540026702066,-0.08507696022233682,-0.508824493526402,-0.07381949466449056,-0.06977921409072743,-0.7277268539899077,-0.1187992449172481,-0.06033124621986296,-0.876434984060818,-0.14978259521622217,-0.04684295734779195,-1.0,-0.1661579178771485,0.002644843798088265,-0.43999102611442154,-0.10590453039077945,-0.020486054381470272,-0.46403606548656734,-0.17031732075107162,-0.06771259525254511,-0.3312923327853898,-0.19344373932791287,-0.08970932278942076,-0.23679572873442997,-0.1892374031705804,0.06540574017803388,-0.3316838608571062,-0.14004118638181523,0.005969982732696688,-0.27586684522327115,-0.18715981740140822,-0.052649904130025314,-0.20268218317572614,-0.19522195810488763,-0.08635361461410047,-0.15356259457898555,-0.1894036773880683,5,Victory
0.0,0.0,0.0,-0.1347923823626619,-0.06399709363784553,-0.026565644547327835,-0.23864892128918908,-0.18966929775283323,-0.04509168887021363,-0.19703754712699026,-0.23771608949317288,-0.07330570861587242,-0.08261627821686743,-0.24387623108340517,-0.10156052896593028,-0.20964225339715595,-0.5035571007829401,-0.02883161788956665,-0.24924799605121342,-0.702280303442158,-0.062133165583504624,-0.2743243441484868,-0.8282270931977491,-0.07761289871249516,-0.29308746614062203,-0.9354171466737773,-0.08816003023314906,-0.11130849291142758,-0.5152162038319453,-0.05247960774922767,-0.09411901760126748,-0.7273245503897442,-0.08472783916572542,-0.08741902441844712,-0.8724191581732375,-0.10639278751480298,-0.07652154703379337,-1.0,-0.11637191961017102,-0.022325314086450467,-0.456677513748698,-0.08102989674586827,-0.04028400888131808,-0.44596021701067534,-0.12909287389450955,-0.08255915197737042,-0.3184584199503468,-0.14851920391331286,-0.09838691722822106,-0.24001529119280796,-0.14433493339036615,0.044445077262807456,-0.3579628541373808,-0.11262308564991604,-0.007178231278428287,-0.27101861607801614,-0.14699395704943125,-0.06040953128006786,-0.19204305696141907,-0.15466675745190372,-0.08732151286160177,-0.151206079888716,-0.1503688277171783,5,Victory
0.0,0.0,0.0,-0.108718953858655,-0.05847070952605127,-0.048289187394799274,-0.1881827932462011,-0.18371536591166093,-0.08168671233536415,-0.13987550690584463,-0.24234241979465157,-0.1218788793964161,-0.0309927554670259,-0.26495515239588197,-0.1604109709823164,-0.16000960945803627,-0.49453106746103004,-0.05331007071961629,-0.19688607800300764,-0.6935333408674442,-0.10147076255899552,-0.21857218429359737,-0.8203468140764001,-0.1241607681853124,-0.23101681377827113,-0.9289844758026775,-0.1377429241982609,-0.06711523515092603,-0.505928779078837,-0.07178950355012861,-0.03549242232528085,-0.7254197897983053,-0.12441996268947893,-0.018454180703570407,-0.8713187143848595,-0.15231945718761353,5.7719147295797285e-05,-1.0,-0.1624125839118214,0.015810366428186635,-0.4481002600654913,-0.09686887387756431,0.01966350950441959,-0.4655746019112144,-0.1683175733421109,-0.020700894178789998,-0.3208482600017056,-0.1834960841049119,-0.03966605400016224,-0.22687698160405845,-0.1700846697362068,0.07847862727574638,-0.35058800731317197,-0.12632206208913047,0.04969445251395486,-0.29831439290203554,-0.17604634916232942,-0.005047912092178692,-0.20896289958809675,-0.179324034073331,-0.040728918298113675,-0.15449041099499491,-0.16820081340037776,5,Victory
0.0,0.0,0.0,-0.09909048857467664,-0.07515521179464178,-0.05370131204348878,-0.1581003195534432,-0.21396219059678098,-0.08507292755873,-0.084213703953492,-0.2566383963492906,-0.12030470327509837,0.026398540455520668,-0.26129128478008007,-0.15451009238741817,-0.1191583695090603,-0.5141120844868294,-0.06076319948975998,-0.15131239724636075,-0.7055547674009283,-0.11317530988586558,-0.17095638599482121,-0.8341154318147086,-0.14286261923492155,-0.18537453877980314,-0.9479369011581652,-0.16327187499010934,-0.023985418245709267,-0.5205455939085478,-0.07728844362136883,0.008290454964492825,-0.7237716923874131,-0.13369294522118963,0.03031676229197495,-0.8680144852362476,-0.16698120970527075,0.05531767356605248,-1.0,-0.1830527152857763,0.05415175614066101,-0.4557167859423181,-0.1004065524855072,0.07399887772105156,-0.5025656857478616,-0.17532176335261743,0.02479401355393981,-0.3596996440640462,-0.1917470828589995,-0.004631668151800977,-0.25850235827463386,-0.180595419813756,0.11300072371419227,-0.35360617249999016,-0.12863989837417228,0.09098365747594707,-0.3008431467140997,-0.18757740499481373,0.03826615261111255,-0.21598171085761245,-0.19709587664871372,0.004075149222199766,-0.16315451084091004,-0.18961803857758233,5,Victory
0.0,0.0,0.0,-0.09885169889563636,-0.07600894487097633,-0.055127493440854825,-0.15157513787870525,-0.2087510868274904,-0.08866770428496581,-0.07080348656116384,-0.2437082207808677,-0.12529057181080525,0.03959657233732964,-0.24801449767504613,-0.16001849893337575,-0.11926016197423428,-0.49953791362556194,-0.06478739305674816,-0.14439941689140573,-0.6952344060412833,-0.1160195998184911,-0.16158585544573817,-0.8216679249577807,-0.14335530586502598,-0.175111907981911,-0.9324649745620311,-0.16154877483600613,-0.02492125619274262,-0.5042204114012488,-0.08002668169533347,0.010048880008334947,-0.7083339173087441,-0.13423084134233426,0.033822730056620565,-0.8588345967184016,-0.16636950592368807,0.05757581028065774,-1.0,-0.18203879746836016,0.051194577285951344,-0.4392036005081346,-0.10177574300059365,0.06858922066384748,-0.4582856654609474,-0.1720418631281913,0.02984488656214323,-0.32297735261741156,-0.18754470057324624,0.00563723424967659,-0.23274597508668024,-0.17662738228852304,0.1055546108756541,-0.336773581729174,-0.12905749816219048,0.09230498274838135,-0.279425057492731,-0.18252370109890856,0.053073655369176874,-0.20179674177181461,-0.18939806966670084,0.025640601325249875,-0.15520107638347716,-0.18092117406985292,5,Victory
0.0,0.0,0.0,-0.09953064741396762,-0.07824255610881359,-0.06108094846571142,-0.14016205337928758,-0.21417533270616895,-0.10062734870659698,-0.03867489125275802,-0.23833414705927383,-0.14247420817811174,0.0791508103519549,-0.23907500625179687,-0.18229309319778578,-0.1022756540570334,-0.4952904831490684,-0.07421132735011866,-0.12019543031925843,-0.6933737757961047,-0.1319636936764948,-0.1310980536923027,-0.8210533299536772,-0.16515751341380025,-0.13725288390710935,-0.9340123266721218,-0.18714427491498,-0.0039101374374607666,-0.49874487735420553,-0.0879500868745398,0.03833891033307192,-0.7108711517425926,-0.1472967358263644,0.06784058683533192,-0.8617034487803468,-0.1829685211694307,0.099064016698677,-1.0,-0.20029250544382246,0.07687906898411279,-0.43206823049481907,-0.10819941236094661,0.09924161876457689,-0.4565398898663051,-0.17972381733448492,0.05005026955026189,-0.31687151579280437,-0.19223495999283402,0.021181768229304,-0.2227789960039535,-0.1788874587552334,0.13704806313379186,-0.3298650462462851,-0.1346702432630256,0.12425101772448204,-0.2725201631081042,-0.18815049524020952,0.07338180531479285,-0.19417621731416002,-0.192415198871015,0.03954231743477292,-0.15034253042115847,-0.1816762705055494,5,Victory
0.0,0.0,0.0,-0.08598440173656142,-0.07276100538797232,-0.07717064257857299,-0.11875939063364843,-0.19937692022158224,-0.1240695517163168,-0.016364621856980975,-0.2304026200680236,-0.16944224287167975,0.09261812849534977,-0.24801400916692956,-0.20978547480431584,-0.08534481317987934,-0.5019716849132555,-0.08191623057382157,-0.09788422619997127,-0.6908160721227672,-0.14801068787812038,-0.10658003102907587,-0.8140865117373531,-0.1893524012732384,-0.11204126316798728,-0.9278016097240418,-0.21751208521622337,0.014497340618127144,-0.5095988079919367,-0.08995822532713603,0.046347635370715755,-0.7199427560645706,-0.15576254465147124,0.07469192475980825,-0.8598387845217881,-0.19466743028766942,0.10622149682628022,-1.0,-0.2146084265975017,0.09600850489043015,-0.4426974060793154,-0.10696931439840922,0.12056050171831399,-0.45520255241241697,-0.18798654463391587,0.06741877824575157,-0.30509606404055556,-0.1995806064365023,0.03320104366538091,-0.217371319728277,-0.18500973170251223,0.1570450704838743,-0.33683072982472845,-0.13160096439340424,0.15157556707568937,-0.27405534086829086,-0.19221938778482384,0.09473607983361582,-0.18886160495371382,-0.1964423982533811,0.05487869002000466,-0.15050469090688728,-0.18551685334975743,5,Victory
0.0,0.0,0.0,-0.07414254109705226,-0.08196538428819361,-0.07422826525651352,-0.10023753283714457,-0.21136822751669088,-0.12140542121637354,-0.0007338744171412145,-0.24288084932464707,-0.168427178589205,0.10565074811212419,-0.2511619819771175,-0.21102449633084827,-0.07223093577817771,-0.49907111059718395,-0.08373732585480964,-0.08729132250384639,-0.6947325238301181,-0.15412185940901846,-0.09544510536157917,-0.8221955749851723,-0.19711533052464172,-0.09864073621086138,-0.9401973853898542,-0.2260104895514244,0.028439925960527336,-0.5024740669122989,-0.09430654165684761,0.0645923252900901,-0.717062546238588,-0.1650989235411865,0.09442138281161519,-0.8562777760514806,-0.2055040737536654,0.1280266164466996,-1.0,-0.22549608128054766,0.11031310899733092,-0.43294888977297946,-0.11340573161027324,0.13738682635991328,-0.4671859481896887,-0.20083375350628754,0.08029964897302579,-0.31875246103478333,-0.21201948027713313,0.04387472108272456,-0.23228279940658392,-0.19517704542376965,0.17254301069517536,-0.3248706847734303,-0.1395816965948529,0.16551890541662825,-0.2726143096002558,-0.20572449502339038,0.10395835423992464,-0.19532690777209005,-0.2115609573411804,0.059851856530777646,-0.16317431079564587,-0.20052106731027516,5,Victory
0.0,0.0,0.0,-0.07288281703671558,-0.07484812871459134,-0.08267827799690373,-0.09324796564805451,-0.19328160331227173,-0.1338236359213768,0.01916550907420981,-0.22384723517087726,-0.18359826227337211,0.13029871076384492,-0.23279564980561446,-0.22831890095294843,-0.07049236265831678,-0.4913820788768619,-0.08523997581474678,-0.08938828592568292,-0.685860034094472,-0.15351040766767682,-0.09863518292037217,-0.8175225929517327,-0.1956915130075522,-0.0998978065612825,-0.9370522332017589,-0.22479834477562674,0.030619099133518686,-0.4975334109906569,-0.09367961861528304,0.06373108833070669,-0.7147112524908137,-0.1609924844508364,0.09628867898801849,-0.8583356000689365,-0.19984327285954648,0.13419576566868008,-1.0,-0.21999987314373629,0.1101801345368142,-0.42240548750734525,-0.11196398829667346,0.1474795284359386,-0.46778847584698047,-0.20098113952565944,0.09353848847840787,-0.317635410632132,-0.21232368549540354,0.05914224648379128,-0.22106555260937605,-0.19482779590030827,0.1699300738021427,-0.3065749521216991,-0.13792198257134922,0.17345112745006433,-0.2745452859166852,-0.20861190594530382,0.12060175428032356,-0.19754600781141313,-0.21494918391768633,0.08491105052640176,-0.15659128646070172,-0.2032942047820359,5,Victory
0.0,0.0,0.0,-0.07102464331123198,-0.08192964645817523,-0.07789723940224737,-0.07853049014873002,-0.21049970220201544,-0.12392184531272775,0.03795234669035909,-0.2388778084884394,-0.1687424440274795,0.14481166213516228,-0.2536823460004252,-0.20806146918260904,-0.05654659236032007,-0.49688368137446093,-0.07825628661766021,-0.07448064876311754,-0.6962404236475537,-0.14315877889814507,-0.08386322131529556,-0.8285028575934262,-0.1823984044576603,-0.08709587827876988,-0.9491726425734252,-0.20957562761113682,0.04191506632517287,-0.499294225816762,-0.08721761670454964,0.07833354219086387,-0.7189146073079484,-0.15285050166300576,0.11627110458411773,-0.8596174668726143,-0.18968205782995848,0.15662994763542767,-1.0,-0.20871710435825352,0.12119603555553052,-0.42469935075815285,-0.10587624666837739,0.17575079588799417,-0.4796983440179214,-0.19256404974646804,0.12166631700630656,-0.32683082399223895,-0.2014556604322764,0.08121612811931068,-0.23283507905374867,-0.18341021579102088,0.18354898460039454,-0.31059168165043444,-0.13192438513176794,0.20275572257900096,-0.2843242097793197,-0.20072962384184506,0.14515786109237652,-0.2054746252180684,-0.20651092202281332,0.09921231377065753,-0.1685812918096402,-0.1956397775562941,5,Victory
0.0,0.0,0.0,-0.06501704188716477,-0.07382224690727696,-0.09294874853757419,-0.0686443075267185,-0.19361067222310382,-0.1474029790825696,0.05304270131160435,-0.23516010404520585,-0.19795416684000905,0.16225687712592368,-0.2602085733801583,-0.24181921682724486,-0.04279393805584495,-0.49465043432663847,-0.08807301481361136,-0.0548833286186412,-0.692930031668932,-0.15736483966682344,-0.05622874076322816,-0.8255012522682269,-0.1984028316046999,-0.05188857917577982,-0.944459144317876,-0.22590331457316207,0.05812715179698766,-0.5028445117533825,-0.09161021438135458,0.09713151231224601,-0.7241532527925927,-0.16485040882790722,0.1321327542311487,-0.8622354885225995,-0.20444722503080917,0.17014961673002754,-1.0,-0.22240498426413124,0.134700076584999,-0.4315031703429766,-0.10612797684021602,0.18982782174324017,-0.4792101050801383,-0.19930520642962385,0.1293298122632592,-0.3333122322112366,-0.20799266632599261,0.0840527263569689,-0.2519173847947729,-0.18745973650131015,0.19253382504122482,-0.3173685808316717,-0.1291485500030385,0.20899597756266516,-0.29202377584743716,-0.19880548499893327,0.14983699814402118,-0.21667862588572967,-0.20256748590277424,0.10375697716939083,-0.18708594078806653,-0.18892265659762786,5,Victory
0.0,0.0,0.0,-0.04910438776427909,-0.07522656923813262,-0.09803030931814714,-0.04202570351811606,-0.19632313643980395,-0.15074957736021197,0.08426763029303334,-0.2383559038252737,-0.1974302833196695,0.19218594993337568,-0.2634412474031673,-0.2365652498765648,-0.022313206365199185,-0.5087802148311581,-0.08588961573079484,-0.02905351413617689,-0.7022931380903369,-0.1514052894617883,-0.03027022221548379,-0.8313163981995063,-0.19166336785555446,-0.025570510662477047,-0.9460260232873309,-0.21917004579454538,0.07329020813599013,-0.5143530893048569,-0.0847536737141193,0.11773502778856501,-0.7343791187946079,-0.15117904111275193,0.15586095965911498,-0.8662661741026217,-0.1886169673783816,0.19645476557780883,-1.0,-0.20671050366408988,0.14498208706612778,-0.44087749772319496,-0.09546144134940872,0.2179253042545501,-0.4800750699581302,-0.18366345193280492,0.16188454332786717,-0.3420419331840847,-0.19659485178801286,0.1132841021979654,-0.26824088683581127,-0.1810221900917819,0.1978684004957801,-0.32559414877469467,-0.11532939742455862,0.23355505836649618,-0.2845716867102467,-0.1847537641660793,0.18011604038878148,-0.2125372963581801,-0.19423007143810678,0.13238221518056106,-0.18828703973304783,-0.18570921683420538,5,Victory
0.0,0.0,0.0,-0.037242147205336085,-0.076761079959686,-0.1062904893505301,-0.015008450461888655,-0.19517014718982256,-0.15773801988880876,0.12122776828651922,-0.23300762577719658,-0.20135337067685155,0.23375932640290273,-0.25848611654427145,-0.23681593628538442,0.006939303876564552,-0.4985315923166465,-0.08150355125952884,-0.0001736456651783676,-0.6958664046056824,-0.14603412576577135,-0.0001669466445928062,-0.825550452351365,-0.1856775743616302,0.008452224788808969,-0.9426325846355142,-0.21104445151269893,0.10086750553682866,-0.5052542357642728,-0.07376392927644598,0.14028436637225647,-0.732224104803709,-0.1384502835566177,0.1803873479476581,-0.8648945054104287,-0.1737630907970602,0.22835850549081696,-1.0,-0.18887986045529204,0.16926450571541043,-0.4352485891950792,-0.07945952913054836,0.25288326727452637,-0.4693233336935526,-0.1726114652532716,0.20195026118247233,-0.3253174850960014,-0.18656387241410152,0.1567308144898405,-0.24720655248832477,-0.1674892927467925,0.21928820790798226,-0.32673908778026367,-0.094573968455139,0.26747056088960175,-0.2972350145113126,-0.16498169949510377,0.22262925628002328,-0.22431688059753854,-0.17206378726602406,0.18091339735364007,-0.1951059776242135,-0.15979161126018818,5,Victory
0.0,0.0,0.0,-0.02671192563782824,-0.0736337254056856,-0.11083207963252642,0.009259535003598012,-0.18362136383711464,-0.1578705982188279,0.15256077951701263,-0.22753732971709173,-0.19527578152253428,0.2631723622111054,-0.2609420818368688,-0.224966332602308,0.013385833451101234,-0.4883005487352449,-0.07713942786219062,0.007172200494571035,-0.6912634627661216,-0.13480428848365497,0.009202140072869904,-0.823099077186977,-0.16928028855873767,0.01660193493111435,-0.937554134880614,-0.18910794719390425,0.1117885397484261,-0.493151683792195,-0.06349299345006722,0.15655135158744812,-0.7305421709253525,-0.11893438708922889,0.20249256437843186,-0.8680624103091403,-0.14912364687330484,0.24879041988362546,-1.0,-0.15935688777914123,0.18189049155509399,-0.42404963109318033,-0.0641219913544303,0.2705824448399521,-0.46553623921340787,-0.1547961227913485,0.23647631944718936,-0.3257209245493099,-0.17243768657579694,0.19930173110691538,-0.24669911465612043,-0.15316024318064494,0.22934454808621296,-0.32233859435482953,-0.07364092031087675,0.2881467375403818,-0.3150310284575979,-0.14204542380953095,0.26016544540000386,-0.23521435291998516,-0.14705921167822794,0.22872295015719532,-0.18996566952901323,-0.13143216709662525,5,Victory
0.0,0.0,0.0,-0.03780403600783247,-0.09053093921794565,-0.08889445149498183,-0.022895939293667778,-0.21439326106762957,-0.13816496115908786,0.10015793204191901,-0.24960068265830646,-0.1847704669426688,0.20985554275654328,-0.2630597757914691,-0.22499014383169735,0.024493769565054,-0.5154928397721755,-0.07240819707014558,0.015455165679069452,-0.719743075772791,-0.13796328089453533,0.012927729497393944,-0.8524560984634392,-0.18004419119784823,0.017560053719704375,-0.9706357087207392,-0.20741933944026297,0.12664216510675977,-0.5048018108992367,-0.07517064644149303,0.18099550472347123,-0.734089146065731,-0.13852625384229286,0.22604156714504975,-0.8677289701436084,-0.17542877591248707,0.27546623793611036,-1.0,-0.19303319952410325,0.1997082174208372,-0.41798106872147217,-0.08936265493433673,0.26832648312995244,-0.47873002969242046,-0.1811822199135468,0.20751675749270404,-0.3423666397868712,-0.19346988713557137,0.16099252445029946,-0.2566080639760322,-0.17431918973482202,0.2526635957762387,-0.291810063488793,-0.11146525892464954,0.28244725673707205,-0.29036554714468704,-0.18160393838318215,0.23129986091435303,-0.22293471649917743,-0.18548245354901452,0.1926640033669234,-0.1816214742704641,-0.17083350645110695,5,Victory
0.0,0.0,0.0,-0.04389801127780646,-0.08568590323379476,-0.09881706858247413,-0.04063124236538436,-0.21492986038289755,-0.1550514103487806,0.0752017089809849,-0.2579739108736602,-0.20688371100881245,0.19067654163664213,-0.2718035731278177,-0.2511248247749668,0.009211009472835287,-0.508471029938382,-0.08797278106746029,-0.0025615040001271292,-0.7189839039553292,-0.16039512105244313,-0.00964593544745067,-0.8534064881723404,-0.2047893646113673,-0.008659548308849277,-0.9770009479834967,-0.23480313506012424,0.11222490080793317,-0.5020277312130992,-0.08899319704889941,0.1618178127442202,-0.73095013826257,-0.16119268240226114,0.2027070973146395,-0.8634228390431478,-0.20052899605369645,0.24952132603424507,-1.0,-0.21937066464842775,0.18762127652570765,-0.41864207370585876,-0.10205666644526416,0.24812838999636205,-0.48920375250876996,-0.2010959936664277,0.18284371212251632,-0.34482705780618345,-0.21103880061699504,0.13681155559910912,-0.2632751269070104,-0.19020179797017062,0.2453024116541243,-0.29344960619240756,-0.12412744520869337,0.27107201212571347,-0.28771365336494414,-0.2026586955574949,0.21170735970799612,-0.21473216675807238,-0.20942265523404924,0.16877303390852405,-0.18258964270802808,-0.1964129249240978,5,Victory
0.0,0.0,0.0,-0.05147641326191895,-0.10122445338928182,-0.08692503006654068,-0.053658787533336125,-0.23210998837710145,-0.13742286402535625,0.05393400493943848,-0.26311938097795873,-0.18508438896451307,0.15975030524290137,-0.27099271133547537,-0.22638855319751716,0.0022878058150484263,-0.5168144729537771,-0.08459274226268168,-0.017096340958179083,-0.7253001669300173,-0.1559344743073377,-0.03146945751852094,-0.8636349588308405,-0.1988442934658336,-0.03835556524021765,-0.9892035360839947,-0.22583643128500852,0.11176956381073024,-0.5038182258472764,-0.08958267149640366,0.1557935904663282,-0.7264176630501756,-0.1566206840179154,0.19140852238963038,-0.8641781562272486,-0.19258000445978116,0.2347291504721338,-1.0,-0.20876769519991842,0.19267546136569644,-0.41470372953816287,-0.10550954019716234,0.22990238095331242,-0.45351486076190034,-0.19614715799588472,0.15949034509172152,-0.3247498886024785,-0.20829359556378438,0.11395956670960866,-0.25034749376115195,-0.19026356684102397,0.2517912604096534,-0.28728628595773115,-0.12944501902654748,0.24951519094454536,-0.26421614287988904,-0.1976617339556932,0.18250239323735867,-0.2034423888010184,-0.2024036472193726,0.13859162235868555,-0.17801069650933568,-0.18960767603445897,5,Victory
0.0,0.0,0.0,-0.06091841922433765,-0.1048469112555536,-0.08595592296268023,-0.06039690844436215,-0.24416101630431436,-0.13531276482650612,0.054174341153081194,-0.2775543945677053,-0.18157214928882254,0.1656375851726439,-0.2784581479155562,-0.22236354289078922,-2.8608591358655777e-05,-0.5266859549498127,-0.08532106429806173,-0.00776206711376862,-0.7359434964427005,-0.1533736516570775,-0.00798716109994471,-0.8743055711456926,-0.19261074446394388,-0.004580752020531432,-1.0,-0.21762323340543197,0.10307933738528997,-0.5148092174497308,-0.08964965964801334,0.16360538183231274,-0.7363762013870001,-0.15992200176583982,0.20772420046437307,-0.8642297842057928,-0.19591208153811543,0.2530559041675764,-0.9878856522550226,-0.2098208857923719,0.179703475923983,-0.4314878871422858,-0.10414247526584071,0.22625442216307573,-0.4626370803502089,-0.19596849162081612,0.15514955637809671,-0.3281176957448495,-0.20373912641168432,0.10666713288074807,-0.2526526024977287,-0.18108802586500194,0.23576717613137543,-0.30985051415002784,-0.1264958800756204,0.252021822792425,-0.29213484262195355,-0.19213732442803613,0.18642430951476055,-0.21811686728772475,-0.19024272543207849,0.13887623466435467,-0.18415290656334726,-0.1721074612307439,5,Victory
0.0,0.0,0.0,-0.07015794708143946,-0.10208515454833739,-0.07354110737914352,-0.0752556773685311,-0.23815636074369612,-0.11798467202510703,0.027260936355913697,-0.303822719041531,-0.1620107717560623,0.11896730647412518,-0.34183217379965697,-0.20067486088108438,-0.04335717212150298,-0.49867267664403153,-0.06840939929615089,-0.05118068741816588,-0.7026669145962362,-0.13156527781169058,-0.05141879239267723,-0.8358709079083103,-0.17149967163546667,-0.04806387324112102,-0.9527951101293375,-0.1972485333841263,0.05022934771119086,-0.4983912097136954,-0.07782597459665619,0.07390173501832853,-0.7288018289177951,-0.1420986452996368,0.09817424562156123,-0.868060987587833,-0.17793390690262492,0.1271102497015972,-1.0,-0.1943437259937676,0.12648697945399429,-0.42675201204875984,-0.0966141043769839,0.16048228988161878,-0.5118398971658101,-0.18196018409354175,0.11345246812086103,-0.3809352448600265,-0.18609446110236924,0.08071959242847784,-0.2938378957260697,-0.1636959084040905,0.188104781620086,-0.31561763396491077,-0.12221965756212017,0.21331752139356994,-0.3712778737518971,-0.18269540842993795,0.16126280508646543,-0.3028252397445502,-0.17448477965843154,0.11682729365071405,-0.2535182208944445,-0.1531889573745527,5,Victory
0.0,0.0,0.0,-0.0774250377361609,-0.10350952392693423,-0.0633294279888742,-0.09175814067412187,-0.254835254664558,-0.09932485098068862,0.012930274195781516,-0.311531347092209,-0.13547645382259882,0.11284013008713388,-0.32981946522082056,-0.16851363799646885,-0.04545503808568269,-0.4952080291387377,-0.06350348611570293,-0.05587065200987223,-0.6934230565707794,-0.12149255092679724,-0.06120099480946592,-0.8224896003719562,-0.15663482492370356,-0.06406002887754464,-0.9356359684476654,-0.1796863797944252,0.04842421216026956,-0.4926951300234613,-0.07513922998206964,0.0765309122220726,-0.7243301306479945,-0.13438032875936654,0.09873218421044788,-0.8677752287674317,-0.1683772499871797,0.12401331217416915,-1.0,-0.18432751777777118,0.12505307176820366,-0.4233831975391498,-0.09460766152605912,0.15674142188174403,-0.49476936574258346,-0.16983569062686418,0.10851202070469554,-0.3780625492277059,-0.1768792829034622,0.0747216627916712,-0.30015170329555696,-0.16013932278146012,0.1856707174165083,-0.3184039209300423,-0.12038913569246996,0.1898636241833315,-0.3354265805090934,-0.17302191028315692,0.1378428598794231,-0.26547710943852443,-0.16801191165685883,0.09836925053586568,-0.22263494995742067,-0.15183868825038696,5,Victory
0.0,0.0,0.0,-0.09533296079343183,-0.09013707123718417,-0.05811181206241152,-0.14802990218873704,-0.23417910311670007,-0.09607611108169371,-0.07416956817936103,-0.2984690694187726,-0.13681259218180666,0.016872410294085084,-0.32534678124222516,-0.17523615897782022,-0.10782203534439751,-0.500031392348343,-0.06604148180448625,-0.14774268174020422,-0.7032243588992098,-0.12139090567022601,-0.16922833439494178,-0.8368015365317056,-0.15405786802415714,-0.18153244158222645,-0.953736926910537,-0.17705139546901538,-0.0058818319063492,-0.4945596148510557,-0.08200583422983825,0.010222312534925615,-0.7190823795139527,-0.14098585319550597,0.02384893637252948,-0.8657613686542843,-0.17542775325321056,0.040877396597382064,-1.0,-0.1936844553893231,0.08300723066081545,-0.42527318507287326,-0.10460870767178129,0.08967947240013391,-0.5216794776104822,-0.18559753896461198,0.03858731827282165,-0.37822842948379776,-0.19035181894007125,0.007314677681342916,-0.2722801656369716,-0.17120577548316146,0.15768259339874927,-0.3189501669265328,-0.13224805843633478,0.13156637397535245,-0.3488918240517492,-0.19460356082462815,0.07904971063028281,-0.25721900266118536,-0.18967344787730347,0.04689639092201021,-0.18922552080687452,-0.17165993874681942,5,Victory
0.0,0.0,0.0,-0.08598583721031222,-0.08865834520739699,-0.04999063666110695,-0.14974398758925286,-0.21225439026232118,-0.09134152078166449,-0.10903058357228972,-0.28036883310120064,-0.13819340925762308,-0.03516361375140734,-0.3183087428044066,-0.18320571990987114,-0.09226036029829295,-0.4932542286587451,-0.06632731838700258,-0.13251416832929028,-0.687215450677226,-0.1257433595985888,-0.15201713481826093,-0.8091924036386147,-0.16027700275064044,-0.16034615002084038,-0.9152378418778412,-0.1820445682889134,0.008977212367601909,-0.48934823584036213,-0.08797327532404303,0.026229572079079035,-0.7209996397348173,-0.15096821015348502,0.03773335257124789,-0.87263492402276,-0.18838634660828463,0.053363563856780774,-1.0,-0.20680343958026098,0.09796793372445049,-0.4218837730270769,-0.1152262252897166,0.08421940442523823,-0.4900345098133103,-0.19960127185103063,0.017106037797408203,-0.3631616943746547,-0.21221547202985155,-0.027254716907847375,-0.2643518684187771,-0.19788588936822155,0.16913539794530413,-0.31773262414535713,-0.1460463688507437,0.1267666078874516,-0.33215902250339346,-0.2077084323412103,0.05793456366843429,-0.24517669358064495,-0.20411030133941716,0.011117536484013025,-0.17469715884612755,-0.18735372013247403,5,Victory
0.0,0.0,0.0,-0.09588731550044424,-0.08451882438007079,-0.04409706114586685,-0.16582140965267486,-0.2162256778161961,-0.07778955247903864,-0.13029083627471874,-0.2822963145340933,-0.11832399255830602,-0.05052948181336613,-0.3069488709848508,-0.15843262513117728,-0.0976120199913648,-0.49992204963715614,-0.059263592867252864,-0.1367281154275219,-0.6951476466808164,-0.11794540779044921,-0.15460070956564165,-0.8214616195834148,-0.15140032163145578,-0.16793018917317146,-0.9352478695027234,-0.17160847472687668,0.0021883193830405574,-0.4925235448697924,-0.08326411383388926,0.024474013464035622,-0.7206730655383166,-0.1420506897628302,0.03817744720509185,-0.8707647861587664,-0.1723921953953359,0.050658069095227576,-1.0,-0.1840900697800941,0.0880079384156451,-0.42119614069472816,-0.11315772115804437,0.07890406266391715,-0.5017454977420994,-0.19615380482541592,0.018886240804014364,-0.3615857497783621,-0.2062302597609909,-0.019889636818781788,-0.25486738868879577,-0.18771351275971185,0.15689672566305657,-0.3109366337834861,-0.14638465532777895,0.12123860304385949,-0.30965011218948396,-0.20641048956372102,0.0529883405331182,-0.21604518850331086,-0.20252450340404637,0.006305837259235399,-0.1471182532630969,-0.1841902731387394,5,Victory
0.0,0.0,0.0,-0.09171141919333237,-0.08442763970392732,-0.04846748593874467,-0.16158960113959212,-0.21905768713608872,-0.08506204355344422,-0.11338073279439373,-0.28644397649904535,-0.12680756551070016,-0.02561930385108543,-0.3143922619431509,-0.16701095519853573,-0.09907861619835243,-0.5000012974651519,-0.06493018264474647,-0.12990651478771667,-0.6958454975965566,-0.12210365307099036,-0.14683634641661328,-0.8208863281919747,-0.15578481202256003,-0.15721682712302165,-0.9342900989041862,-0.17847980347163178,0.0016194896734115657,-0.4909352438940182,-0.08702992635423985,0.027522970038238514,-0.7145610210202645,-0.14765063906260723,0.04462153542785559,-0.8671305178423927,-0.18432529537199988,0.060123269315980804,-1.0,-0.20289610396304195,0.08944155137844913,-0.42011567186637955,-0.1144288618885129,0.09063154844111461,-0.4873942399762431,-0.19843587763068923,0.028347524964970023,-0.35821493858337944,-0.21281998769522767,-0.018400334328288682,-0.25924138541683345,-0.19944002072172842,0.15855024155320124,-0.3144822617209995,-0.1454231287381074,0.12366235298533124,-0.3109420172950206,-0.21117242847084855,0.053623918270075156,-0.22486159686061535,-0.21274459231170995,-0.00276011976932462,-0.15984201051655633,-0.19883032285959024,5,Victory
0.0,0.0,0.0,-0.08862421169715835,-0.08756544648082179,-0.05159045661312258,-0.15465897656294406,-0.225175839043809,-0.09047255260880928,-0.10038214489499192,-0.2902944722510732,-0.13461373315869785,-0.009601283320986788,-0.3118486509348499,-0.1772173163346696,-0.09085490909333385,-0.5026990828840048,-0.066898372204031,-0.11978221392556954,-0.6999571019731504,-0.12650680784222568,-0.13468227676435202,-0.8270663369879743,-0.1612137803433521,-0.14342064611223534,-0.9418327523100952,-0.18441324600730782,0.01107042166759967,-0.4904447899854223,-0.08941172346075901,0.04076716024270567,-0.7177917581808696,-0.15277965040646713,0.06081244607978398,-0.8689947604711988,-0.189903606017329,0.07967119345104941,-1.0,-0.20819118410142248,0.09874255754162235,-0.4134268601343334,-0.11781642490668606,0.10454163410682085,-0.48898149415319897,-0.20566667808760175,0.03995441568664309,-0.3608496921090175,-0.2195418559429481,-0.008545312350662634,-0.2646031583235667,-0.20471066491781226,0.16865560886144318,-0.3003208619994926,-0.14989235282656996,0.13910594923553557,-0.3090549129671749,-0.21766767893571892,0.0684625836170181,-0.22639921075251268,-0.21777109779097348,0.011861320300292539,-0.1644703363795907,-0.20247131488483697,5,Victory
0.0,0.0,0.0,-0.0849469496563277,-0.08484558938513992,-0.05499218364489618,-0.1518835876027837,-0.21976466182296195,-0.09714859323269753,-0.1061996582297655,-0.28836619881439923,-0.14344753799807775,-0.020575003236674914,-0.31213291877904636,-0.18764174805038833,-0.08032814067346858,-0.5020512564806595,-0.07448440201189292,-0.1076237323128056,-0.7002944666786597,-0.1355339071354597,-0.12145727145821149,-0.8284506963079648,-0.1713476128676031,-0.12680962195699896,-0.9437913910043514,-0.19580326199556838,0.02224166288190013,-0.4880426633681402,-0.09599031476773721,0.05318672731263802,-0.7151546872806127,-0.1632260739797479,0.07465913364508953,-0.8669621918014254,-0.20299128976300088,0.09568648538730093,-1.0,-0.22289311492068306,0.11017685418086282,-0.4102621112476764,-0.12286943799133086,0.11180880484985004,-0.4818025930749179,-0.21412133291594165,0.041913603950585736,-0.34898743792862363,-0.22707766870944135,-0.009583575913655636,-0.25057441154923576,-0.2111366281934396,0.1787552518548081,-0.29794537322744497,-0.1536048337965876,0.1425993137306006,-0.3067805682802589,-0.2244413113209221,0.0685939915618203,-0.21928401795636188,-0.2241826288422208,0.011635052469345592,-0.15388161736535355,-0.2079590748656442,5,Victory
0.0,0.0,0.0,-0.08395058315421622,-0.08743499478199024,-0.05519062702120668,-0.1472448845597803,-0.21955236324636232,-0.09849100170635115,-0.10246751231305797,-0.28370114909308414,-0.14614316433735902,-0.023917396486435375,-0.3162242091777912,-0.19153482293564011,-0.07674288123357395,-0.5026717089625994,-0.07389534248731223,-0.1044288054244683,-0.6993504033355051,-0.13617403258779584,-0.11752088931724808,-0.8289866254336037,-0.17350309643097783,-0.12177421128258743,-0.9445731127674426,-0.19883288972742175,0.024695982603702055,-0.4871822935744655,-0.09573140179355884,0.058474380860051155,-0.7136826206032535,-0.16432107993565834,0.0804799940688727,-0.8670923590870336,-0.20581837857105925,0.10158978086872165,-1.0,-0.22690518539411753,0.11153937256966719,-0.40744758586154967,-0.12314443286977571,0.11349626759939507,-0.48206154424187436,-0.2152161995100748,0.04251047528812147,-0.35521332895200625,-0.22904684697681119,-0.00978259025648984,-0.26017807204434773,-0.21372672631858172,0.1792588981046153,-0.2929946726664878,-0.15429788319627044,0.14621573344609176,-0.3132415558402441,-0.2255368479381062,0.07197448107348378,-0.2330495732918322,-0.22504236219008988,0.013966799509676723,-0.17188846716172312,-0.20860285120650918,5,Victory
0.0,0.0,0.0,-0.08739255059860955,-0.08945806071775936,-0.052524862036931276,-0.1506360371446023,-0.2215059052396539,-0.09389069252182398,-0.10801218202195095,-0.2901870725153984,-0.13995391534945484,-0.031903085914325766,-0.31924355062041265,-0.1842714995760108,-0.07585216276911336,-0.5040175233367873,-0.06937941412082148,-0.10653376648827746,-0.6983028605859491,-0.12956429265943142,-0.12000388769000084,-0.8265092910769315,-0.166138105024485,-0.12513009554525775,-0.9407295724488131,-0.19048508148419152,0.024627715225054726,-0.48761142068054025,-0.09075439110202256,0.054650903427072475,-0.7170527648398232,-0.15499794394724145,0.07806463723231052,-0.8691205601528175,-0.19380503271389596,0.10133000824386063,-1.0,-0.21337002651908188,0.11097714952357046,-0.4068575647893773,-0.11775444901055086,0.1079184858960315,-0.478893485621109,-0.20467270270037613,0.038989793033902806,-0.3616594181419728,-0.2189505398098519,-0.01167285914999561,-0.27130393415031184,-0.2049978899162326,0.17900676639858598,-0.29039607717077365,-0.14834243606116146,0.14795520918359337,-0.32411269800537224,-0.21437528933004066,0.07366371621337722,-0.24975802053775856,-0.2122722117682732,0.014582015797777063,-0.18843574953436396,-0.19577676724976037,5,Victory
0.0,0.0,0.0,-0.08847962436499077,-0.09132620360635033,-0.05534673668727695,-0.1511683125709026,-0.21826159225240546,-0.09914806382749554,-0.11578834935597757,-0.2947875176211055,-0.1475345445872692,-0.04245257812348417,-0.32851973947353885,-0.19383222857662108,-0.0736272619781779,-0.502274008133765,-0.07087644279795306,-0.1058844968242528,-0.6951391629806495,-0.1324415508529021,-0.11943282166458233,-0.8228301585530456,-0.16918176124063442,-0.12410299073243786,-0.9368439725843993,-0.19327340368784943,0.0269520001376878,-0.4844554276679122,-0.09178395011567933,0.056714352670411694,-0.7185784482365745,-0.15806264949712204,0.07965329489935673,-0.8707719418820826,-0.19778503195760433,0.10208570588557976,-1.0,-0.2172996508759983,0.11403527940470912,-0.4019960347718421,-0.1186430544990826,0.10507100429649108,-0.47568762840950546,-0.2090987501940892,0.034088044257603305,-0.3588463799292442,-0.22507741619139718,-0.017079217605834765,-0.2688792632052495,-0.21100650942376462,0.18230780094856322,-0.28423931712523604,-0.14900147402104683,0.14822285079883096,-0.32317827791882825,-0.21670993325395171,0.07095627335850004,-0.2501708688841493,-0.2150547628095405,0.009441412326165124,-0.18808334005334887,-0.19832516327798844,5,Victory
0.0,0.0,0.0,0.0851598855154315,-0.19031661772598044,-0.004464772439376992,0.06462880556507664,-0.3978628828060493,-0.034027626988848064,-0.021696500390676977,-0.516779706134875,-0.06375511853218295,-0.10789854198785945,-0.5677868134367623,-0.09783712580346458,0.08591407395480014,-0.41525881206967236,-0.11373013760231057,0.08254331337884643,-0.6968595938051306,-0.1640015559850256,0.07999672698266676,-0.8526973155535349,-0.1847525253434399,0.08012670050056249,-0.977634754287235,-0.1928047662782968,-0.013845994668060068,-0.37460367450132037,-0.13433745201989272,-0.06901475403333938,-0.6777947940475549,-0.1815734033527034,-0.09576140966541224,-0.8622478696281423,-0.19420571438775105,-0.12287785837319856,-1.0,-0.20255945639176512,-0.11436472450317195,-0.32492603316284835,-0.14643880215927552,-0.1708129600172912,-0.5854703156863368,-0.1851618498383109,-0.12776673068651737,-0.5464280073987556,-0.16112520125282861,-0.09801424012489034,-0.4706855451885889,-0.13475790089290854,-0.19817988400652842,-0.2752283958985462,-0.15701260169498854,-0.2225688621206587,-0.4953434158842767,-0.17542049582340197,-0.18361785102074926,-0.4654026742051307,-0.14174054890206086,-0.1596460247540353,-0.39290481406518685,-0.11030389490978548,5,Victory
0.0,0.0,0.0,0.08692228583204425,-0.19085948077671508,-0.013545953074871225,0.05793677097641988,-0.4090465374066663,-0.04682158075789786,-0.04008783887106312,-0.5491038584392324,-0.07756232253169965,-0.11540284531262408,-0.6280341458516413,-0.11047579494324548,0.09028397340944636,-0.4077286918216787,-0.12456830927842587,0.09273471991515385,-0.7018140722019244,-0.17721573997175835,0.09283290203642583,-0.8592577667898975,-0.19504175088336226,0.09181065289141753,-0.9853255137661704,-0.20083270762744362,-0.010053035409224526,-0.36591255884528373,-0.14056683490586278,-0.0603991995794445,-0.6788643951331595,-0.19088937236240766,-0.08783493327750429,-0.8623667797904967,-0.20033564423106415,-0.11833308284641521,-1.0,-0.20652820588530163,-0.11200847411463813,-0.3187680768970774,-0.1487818760655669,-0.16471954106421283,-0.597486773962574,-0.19005216632630736,-0.11852944708895917,-0.557363101242437,-0.15943187977364834,-0.0906629196448905,-0.4812653942806289,-0.1284988345987155,-0.19771490300905886,-0.2733006978412403,-0.15626558839982713,-0.21703394174308704,-0.5015176882048226,-0.17596344210977904,-0.177101907922759,-0.46869243859843707,-0.1400817653481614,-0.15832523352709427,-0.39438773668552646,-0.10715798906426283,5,Victory
0.0,0.0,0.0,0.08052986387342398,-0.19363082823585062,-0.006202477134956105,0.052240116651364375,-0.4108627104670922,-0.03582893435212321,-0.0434964566745664,-0.5446772622652749,-0.06421050100523351,-0.12233789771301588,-0.6191292193208949,-0.09559412292079836,0.078512895009748,-0.41733212057314734,-0.11538855059322693,0.08640617765188634,-0.7028138260372793,-0.16644838088901312,0.08858190265665357,-0.8578588638434381,-0.18408906991922339,0.08798919575540858,-0.9818738910273443,-0.18929258477759098,-0.019589962613772532,-0.3752170889627616,-0.13387397027605474,-0.06609603591237856,-0.6811624999561895,-0.18226561349817355,-0.09001395314603916,-0.8621046495039552,-0.19082439331638673,-0.11759130976931811,-1.0,-0.19568112401210078,-0.11919444823413973,-0.3265020596110488,-0.1441530572114628,-0.1709481713771894,-0.5951981914001941,-0.18366673704511025,-0.12876304302421232,-0.5520663675958856,-0.15290728037794296,-0.10310464963376399,-0.47917380344535876,-0.12156215893598546,-0.20287516068704672,-0.2767307761955097,-0.1530183480175351,-0.2247014690070498,-0.49884009362328635,-0.17030980274432073,-0.18738105458991525,-0.4602584570746371,-0.13224838300489627,-0.16785937139577803,-0.38717650191033093,-0.09741694652403314,5,Victory
0.0,0.0,0.0,0.07993470364241069,-0.20529554212373435,-0.0065777429752533695,0.052259252763497986,-0.415660136515924,-0.03475728510761929,-0.037509401532228925,-0.5321072779228277,-0.06465327176756967,-0.1281742619045716,-0.5714707553152537,-0.09821316072856374,0.08580511541424073,-0.41326210346726694,-0.09807895148399184,0.0931530379686551,-0.690106488116873,-0.15054710852707873,0.09509309372527448,-0.850281124033994,-0.17350001283729796,0.0986243149400616,-0.9776402562174045,-0.18211078191336538,-0.0031040086044381346,-0.37859433751179955,-0.1185297904294726,-0.06284754266433294,-0.6773214118624448,-0.16792147930369417,-0.09482951160530445,-0.8634283906021017,-0.1799314434332844,-0.12124172972474813,-1.0,-0.1863934036096802,-0.09850958551577291,-0.3354512376100786,-0.1331898497650052,-0.16497312019902197,-0.5757700188235518,-0.17862066983655522,-0.1333885395918279,-0.5281182137595912,-0.16022056897138925,-0.10561743607814525,-0.44862335102481654,-0.1346150840988467,-0.18439463536496886,-0.291048532225769,-0.1466443769121835,-0.21395344900629742,-0.4855534630048993,-0.16942653052185128,-0.18254069384836008,-0.44590450548763333,-0.1407525625274647,-0.15961563224678701,-0.37242313044607916,-0.11192403223489997,5,Victory
0.0,0.0,0.0,0.06799234044587077,-0.21386728923319825,-0.0030095948342798973,0.0313724573725057,-0.41196087728116726,-0.025855361430222573,-0.05850768087761389,-0.5062135842084214,-0.049262096485859705,-0.1486851596072729,-0.531061847479914,-0.07530043548411013,0.02759470168841068,-0.4388139442122187,-0.08753206160512796,0.0202551978799571,-0.7102092223344951,-0.13447743776922189,0.014588036217971697,-0.8619319552420718,-0.15478030816112112,0.005839598014684553,-0.9838364685457476,-0.16167800983276348,-0.07031481781491981,-0.3987887732579472,-0.10633412672190078,-0.13388309633897555,-0.6963040657613626,-0.14339328678257832,-0.16671030389068434,-0.87126081473668,-0.14963623204301463,-0.2016099164898402,-1.0,-0.1536951045337257,-0.1680702536860911,-0.34247760935085636,-0.11936763634697846,-0.22835775235419853,-0.6023446062608656,-0.15231822138285672,-0.18808726230091094,-0.5693106335266707,-0.1285052694058528,-0.15932207955072542,-0.4924717536446985,-0.1028946585494132,-0.24890553749110916,-0.28464528218232066,-0.13140351386910767,-0.27814089317541546,-0.4916200025640995,-0.14363530503257643,-0.24160168285204975,-0.4706023085609896,-0.10996484608648999,-0.21769336934691647,-0.4100766206277449,-0.07941343364659349,5,Victory
0.0,0.0,0.0,0.04744955410706393,-0.21684152072394475,-0.006952485885644729,-0.011488525223449468,-0.4090173856999047,-0.032652888030135906,-0.1189260207383641,-0.495838846774729,-0.05889739233347053,-0.2099860970736788,-0.5249584018810867,-0.08698242267779766,-0.010439467946478093,-0.43695603040267517,-0.09584202558929711,-0.027185888093850454,-0.7088941841772224,-0.152077241574242,-0.028924793417806075,-0.8714383727473135,-0.17621714471651795,-0.029716582844473,-0.9964054262323337,-0.18317484507995238,-0.10020502289321707,-0.3889491520422145,-0.11232178016542553,-0.18085178729394596,-0.6799959491714915,-0.16138284640519032,-0.2236956030402675,-0.8640492323210509,-0.17414619217492486,-0.26332544852530393,-1.0,-0.17971079987163316,-0.19274606603521136,-0.32406118360648484,-0.12295093788148256,-0.2613901719120648,-0.5551590721456582,-0.1638765538723293,-0.2181591130563434,-0.5252957473677998,-0.1411731020164932,-0.18830464108251013,-0.4605038184424028,-0.11266769342270076,-0.2686465202779512,-0.26133906708882915,-0.1328205317188579,-0.2978334103482572,-0.4358467472316544,-0.14796353803721143,-0.26490339377607636,-0.4229518333687669,-0.11758156972354318,-0.25240846569504904,-0.37999333357030235,-0.08768788888188296,5,Victory
0.0,0.0,0.0,0.04586755366067328,-0.23095284845026362,-0.007719487929517689,-0.004819952548407415,-0.4232795787224463,-0.03002955737756261,-0.10683826753854146,-0.5125493172436332,-0.05023375961647766,-0.19755570444341047,-0.5310592516054968,-0.0720411673967861,-0.0351375932281968,-0.44293977768731524,-0.09528765610938819,-0.06460360727100492,-0.724951824223727,-0.13913492125394228,-0.0776706238650135,-0.8795321606129036,-0.15724154551098501,-0.08988614762041268,-1.0,-0.16177475142366887,-0.1407405003992209,-0.39184405264564537,-0.10563503682228599,-0.2380072338089754,-0.6849849125610915,-0.1364764228663799,-0.28443881450628566,-0.844754752601793,-0.1390097946890449,-0.3259967895080669,-0.9573185200695885,-0.13897977367935554,-0.2320588926913643,-0.32331453354709855,-0.10934764895786521,-0.3029175738475026,-0.576674193940071,-0.13297734456991417,-0.25034558446975536,-0.5636994982226559,-0.11184804784426136,-0.21121377534517471,-0.5014360244757362,-0.08947610710222229,-0.29612008136278994,-0.25895323512755836,-0.11232263066930026,-0.31881917584885866,-0.44277373390781893,-0.11769184225904904,-0.2748860790487471,-0.4362410284010459,-0.08811194907697921,-0.24793085835335013,-0.38654269355523346,-0.06049057973761202,5,Victory
0.0,0.0,0.0,0.06733733154137135,-0.209513902703144,-0.02077581001170254,0.05409057819134915,-0.4050912412314177,-0.04737957006713656,-0.03769521281889835,-0.5074158308204826,-0.06722533141485595,-0.12741130629760838,-0.5133193127019154,-0.08812165443822324,-0.03366044900389594,-0.4478197538230164,-0.1179090823741966,-0.04352580402719644,-0.7206990427599218,-0.17137745584003017,-0.054558138727384506,-0.8772912023475568,-0.1976751351202732,-0.06622376084861707,-1.0,-0.2061707087347507,-0.14319757069964575,-0.4017985707331755,-0.11997711501649544,-0.21148407133372835,-0.68716621869826,-0.1591171286563283,-0.2524803039461553,-0.8633269397168952,-0.1673583138215655,-0.28875176312598677,-0.9878860339747403,-0.16818312148627157,-0.22300119527451093,-0.33462981543949033,-0.11457013458154486,-0.2233789014898456,-0.5124740459505454,-0.13763520362160253,-0.17298520571139508,-0.49577015423798965,-0.11879672511235727,-0.137870455249964,-0.43282203397580055,-0.09578060050270339,-0.2762618800200966,-0.26618931669234847,-0.11037467168137341,-0.24796651588016083,-0.40683505118979446,-0.10702648830911425,-0.20383233978928234,-0.3933061446704924,-0.07350465582963993,-0.17607404738185317,-0.3446447288712137,-0.042260184752857824,5,Victory
0.0,0.0,0.0,0.07169681550471249,-0.2094844804714354,-0.016839100859774313,0.06448963624430777,-0.40330338080988176,-0.039640925381654174,-0.028255089042134692,-0.49223901889169414,-0.05724971984715313,-0.11463364030013484,-0.48269741574064046,-0.07621216022511292,-0.04288626973132028,-0.45165141459104813,-0.10392208688392743,-0.05228847329612074,-0.7184757213360736,-0.15361013001421134,-0.06263039101778636,-0.8749232020552223,-0.17798865479407777,-0.07211650690336215,-1.0,-0.18472278077976362,-0.15394659503206612,-0.40858758561019864,-0.10739215825353031,-0.21784034347331202,-0.6902301722097579,-0.14359125525831473,-0.25481984777539224,-0.8679458244404985,-0.15231362625058475,-0.2840067983906227,-0.9902470909584247,-0.15195102832772944,-0.2333698986841471,-0.34270985916553254,-0.10338573432082787,-0.22582447424518012,-0.5089760548761917,-0.12304046756953067,-0.17947482568724224,-0.4796629437415589,-0.10302566739604699,-0.14784345011120492,-0.4099966376664042,-0.07821536407929082,-0.28409220335128804,-0.27057926952929473,-0.10056142439583042,-0.2500714357982161,-0.38990025336588674,-0.09135850448069803,-0.20762523524491397,-0.3669727854756534,-0.053796582639346315,-0.18273708751302248,-0.31364725194288173,-0.01926534238409451,5,Victory
0.0,0.0,0.0,0.06980879820846869,-0.2076836520240518,-0.027405562240377303,0.06194440046930688,-0.40667861737111677,-0.05963054041343627,-0.03994107436896204,-0.4878074059608799,-0.08277444860346068,-0.13271886109976183,-0.47096797230166715,-0.10747301088505302,-0.041947667795695406,-0.4276271721479701,-0.13298550556458802,-0.048704840035302295,-0.7126675887226049,-0.18710486472623125,-0.05504914103126806,-0.8719112627015734,-0.20935001721778881,-0.06024551714287791,-1.0,-0.21274394460414575,-0.15415245901069527,-0.38318053684637277,-0.13150894420757953,-0.2146341463414634,-0.6825186346620356,-0.1721201917732792,-0.24238259507240414,-0.8659799593448536,-0.17564898327014125,-0.26124815027931847,-0.9895327375676493,-0.1701876345721582,-0.23545832784302423,-0.3255011664734394,-0.12189741951951599,-0.22117600366800044,-0.5145839356873882,-0.1444475962047723,-0.17323503547134658,-0.48651513729564594,-0.11974111839841857,-0.14215252347245383,-0.4151304386843861,-0.09137348919762114,-0.28714193310070224,-0.26475885140521893,-0.11386336727958048,-0.24161929201397808,-0.39762502658257565,-0.10637465677702207,-0.19520303400010175,-0.37479469403889887,-0.06635416646951105,-0.17124676940733416,-0.3190367896527502,-0.029726088776028604,5,Victory
0.0,0.0,0.0,0.07168942124038913,-0.20490243305977687,-0.020101426902706013,0.06876690344625293,-0.4017067591714009,-0.05013288044406851,-0.02609597313337086,-0.497410528758425,-0.07114409772632206,-0.11544798861526469,-0.4943049801632291,-0.09386773444712955,-0.039718293526166425,-0.42580939152867364,-0.1309809104028329,-0.04503588092657484,-0.6984105402816833,-0.18290492567182082,-0.04863400308664801,-0.8541089043021445,-0.20222910974130034,-0.052367538774087494,-0.9782822553223582,-0.2035738709357952,-0.152669332299126,-0.38988950536627165,-0.13193459720835465,-0.21245059403006206,-0.7042547832648878,-0.16762322559979742,-0.2395681131566893,-0.8824528883168855,-0.16665693332521536,-0.2587438514423979,-1.0,-0.15761015432283565,-0.23168114400469564,-0.33375514149189367,-0.12355054273955887,-0.2130260253093431,-0.5253030327325773,-0.1417378262935951,-0.16279132580330066,-0.49620552517676464,-0.11503237034783467,-0.12864541172205585,-0.42732558405390786,-0.08582969019647636,-0.2780532961060959,-0.2684396063289149,-0.11571132804290499,-0.23101224629702533,-0.39507704456592707,-0.10379192725965265,-0.18296635617074444,-0.37190273565200394,-0.061965067995644996,-0.15743983929383523,-0.31927253975234504,-0.024537572687409723,5,Victory
0.0,0.0,0.0,0.07121563003659455,-0.19871658913159645,-0.0012907811481471486,0.07335997147178347,-0.3865884365740636,-0.024041648999966043,-0.009546270008659668,-0.4914659385798791,-0.04056232582616128,-0.08829087057594627,-0.5120606719849636,-0.05924748224148704,-0.026126262240199497,-0.4381523984313309,-0.12301152055719779,-0.026741255368330163,-0.7112445769413106,-0.16998185996856766,-0.027712731577929296,-0.8654196218575807,-0.1861839412555625,-0.027946060521017967,-0.984366003811498,-0.18599017834576098,-0.13611014513766048,-0.40180488101898654,-0.12852114302845574,-0.19277372906304882,-0.7031802238498426,-0.16136616930592423,-0.22360496985265646,-0.8829562567745244,-0.15743655641185939,-0.2500753339666291,-1.0,-0.14867679215483892,-0.21677490952447429,-0.3450583968333775,-0.12232183644786179,-0.22167045100971441,-0.531517111845849,-0.13059237851627473,-0.17445438649441117,-0.5204127834833014,-0.0970135563387684,-0.14291604117642767,-0.45733184615290756,-0.06633759652900596,-0.2667478562865971,-0.27651208340077205,-0.11551466939139643,-0.2444475068494396,-0.41602819709399297,-0.09597958344129186,-0.20291525404264374,-0.4058104110525067,-0.0491213290994655,-0.17764724276485885,-0.355389587559841,-0.009424793135586085,5,Victory
0.0,0.0,0.0,0.06595475541740539,-0.20873421462818087,0.02786813918857071,0.07364943922188392,-0.3845151733447702,0.018744703193358466,0.02847558377008662,-0.5235133290158894,0.011721628900821963,-0.01660110659732846,-0.5959304664059629,0.006516029806615218,-0.017861936549844106,-0.4574731587103527,-0.0936752711912137,-0.020899023332726238,-0.713898877811065,-0.13833658788431077,-0.023210874445085683,-0.8634193059791777,-0.15289834341334305,-0.01816862797025754,-0.9753202945322269,-0.1514804252001321,-0.12687907104756163,-0.4220737153081105,-0.1076558298136207,-0.1984462964059313,-0.7076287923193486,-0.15615560514760873,-0.2265074597928621,-0.8821810364034638,-0.16080107065648938,-0.24297761949158708,-1.0,-0.15332267802458552,-0.20709664400837155,-0.36219957346787607,-0.10582479757921694,-0.2052577382951098,-0.5215126321388657,-0.11255862038354589,-0.16190843975922944,-0.5095276014369586,-0.06924158545744333,-0.1332198271907676,-0.45468502921053594,-0.029139231927029073,-0.2572181794517087,-0.28297579595151506,-0.10173154892563126,-0.23016510381524352,-0.3930045206620422,-0.06959692297279202,-0.1940645465395898,-0.37599227017858944,-0.012071822957720135,-0.1729269038368458,-0.33131644227557916,0.03704315529707293,5,Victory
0.0,0.0,0.0,0.06962606561200305,-0.21016265729337683,0.011187437129498311,0.06321480878387631,-0.3935886552478238,-0.005176827247897207,-0.007565205024595654,-0.5163575000642945,-0.016131964606144408,-0.07999137684885042,-0.5606819916819453,-0.027187038293641674,-0.01628084128368233,-0.447009769021324,-0.11698247557401015,-0.01507216036643227,-0.7166206237727726,-0.16642692197232237,-0.017098260180890543,-0.8733372188436185,-0.18659641041481595,-0.017181897932927577,-0.9948780394519606,-0.19036662113139477,-0.12813254154796005,-0.40987867360416724,-0.12527110319170143,-0.19429253122567663,-0.7069297449477192,-0.16436399022402517,-0.22310958347959867,-0.8810442013979485,-0.16532923142936717,-0.2459933560192035,-1.0,-0.15994959846391538,-0.2107425163994838,-0.34980214890773054,-0.11966017502367154,-0.21506195018619018,-0.5318115255679838,-0.1235666542787614,-0.1663433992448643,-0.5119706395221679,-0.08240224916518661,-0.13456039404042,-0.44729942381172294,-0.04783928128560036,-0.26270007941739765,-0.2776494208772578,-0.11333746733003146,-0.23195199522748258,-0.39665017064958946,-0.08639137015769087,-0.1915734250439785,-0.3778489864884915,-0.03481681941111678,-0.16867344150775676,-0.3298198150473658,0.007751190974526898,5,Victory
0.0,0.0,0.0,0.06721119671586037,-0.20331274394257032,0.011220135802264528,0.06406620406437474,-0.3841304483837662,-0.00742079105590708,-0.0024130524605481167,-0.5127695191902459,-0.01911024457479371,-0.0718878223847721,-0.56554363497336,-0.030633651204833724,-0.01875625851737966,-0.4341923944067235,-0.13119632427179545,-0.02106789375158729,-0.707026064756487,-0.18098908589780366,-0.024313403789722497,-0.8624074978030679,-0.20040990249279544,-0.02642199284426305,-0.9803188650756018,-0.20399229663168433,-0.13056081079578963,-0.40014780660899435,-0.1376769697257471,-0.19527257044077428,-0.7080563282708352,-0.1754648641717989,-0.22309598420601376,-0.8850569656749269,-0.17376698577147676,-0.24556842185162236,-1.0,-0.167869449670173,-0.21182109874237345,-0.3460298596451223,-0.12894504446156213,-0.21415581221806568,-0.5476970614517463,-0.12645542622966666,-0.16411805600326992,-0.5455994292687363,-0.08233262066078112,-0.12968013239711895,-0.4872111607222727,-0.04877676160341295,-0.2585861644671938,-0.2801710161212103,-0.11960902240723234,-0.2289723079098979,-0.41787448972473057,-0.08894113598139877,-0.18730216098089725,-0.41362756397410283,-0.0371604796076278,-0.16035032135392632,-0.3690639560530999,0.0039192707559338995,5,Victory
0.0,0.0,0.0,0.06405021675389465,-0.21954370255823683,0.024182139199118203,0.047290696599163566,-0.39808564592914386,0.012141916102251658,-0.03467755660707206,-0.5115981428844169,-0.0007089919850877392,-0.10632929408808266,-0.552524296088469,-0.014690379701981083,-0.014926630209073807,-0.4518659794593876,-0.09301726469528784,-0.025720573926605202,-0.7133096720090841,-0.13777828687126292,-0.03177962685222102,-0.8703617778022631,-0.15500288956578614,-0.034087618452237664,-0.9892251428278974,-0.15752463990034263,-0.12455334972308912,-0.42107076365796975,-0.10991842049928689,-0.19376126919076803,-0.707595868783331,-0.14664747672988873,-0.23242907696144524,-0.8851431440679414,-0.14952342523470638,-0.25982456133857906,-1.0,-0.14622861693896413,-0.20900740076833654,-0.3591437003799386,-0.11302195358803398,-0.2194007385171298,-0.5354423666428094,-0.110647654747613,-0.17264219172334427,-0.5145542310879432,-0.06621574991090791,-0.14363534821868867,-0.4502334718050749,-0.030734080052840427,-0.25932164937148955,-0.2835461236415839,-0.11530887596823511,-0.241341700606968,-0.40810513059558956,-0.08280024617969976,-0.20122035458994672,-0.3936463586704492,-0.0288828503691066,-0.1795215960031822,-0.34427744921485304,0.014208218042306476,5,Victory
0.0,0.0,0.0,0.047489074130949244,-0.22289553647705682,0.020470402490309864,0.014941221887381685,-0.40384357508175045,0.008706761699808349,-0.06411768062668566,-0.5008443735252546,-0.005660404110423686,-0.13774987123611598,-0.5322004556949794,-0.022999992938612865,-0.03161164487693715,-0.46668894434261354,-0.07425718414411164,-0.03753491454527,-0.7263684277297013,-0.11573136437183756,-0.04112086229592778,-0.8782062128515081,-0.13223087947343462,-0.04348616667939153,-0.9929661303692601,-0.1331385148560364,-0.1298803005484511,-0.43011512793410434,-0.09404733110917479,-0.19990432511978093,-0.711196586306859,-0.12212161108862707,-0.2377716231491289,-0.8816816455827869,-0.12226358018120759,-0.2698544110034182,-1.0,-0.11744694105246628,-0.20946028478499537,-0.36107740667939364,-0.10414705584869813,-0.23686544191151893,-0.5299451423146813,-0.11261509235313479,-0.19039227801323863,-0.504633377558555,-0.08441136726859919,-0.15806833789760188,-0.44371214343120263,-0.0568798174314346,-0.26138410812885915,-0.2815483568187793,-0.11231623280630086,-0.25735536667798714,-0.40489815771095883,-0.09251855310817193,-0.21868270813046264,-0.38657477797826056,-0.04863992121074958,-0.19506210089942666,-0.3408906776939241,-0.01146176836632931,5,Victory
0.0,0.0,0.0,0.050158063261710406,-0.22098210784623587,0.018570100740287716,0.030090116753782484,-0.4143774907297863,0.00440231856367453,-0.03410088382498458,-0.5389203143251221,-0.013429809937169804,-0.09877402417056722,-0.592183145755557,-0.034157034774035186,-0.007981403914832222,-0.4702241842377174,-0.0773740276487428,-0.028786802369435517,-0.7236157786179538,-0.1253129352263107,-0.03539475580284402,-0.8745041228431905,-0.1502238526783277,-0.043871833600457266,-0.9926314082662079,-0.15972842167522464,-0.10263171934104383,-0.4304878099319113,-0.10091929116191498,-0.17724131386469985,-0.710803901833175,-0.13585606402120734,-0.216090101960679,-0.8792755282147762,-0.1423087816690703,-0.2545983339293415,-1.0,-0.14509144574648922,-0.18657880472458152,-0.36442044581063243,-0.11543541740206359,-0.2278465275314082,-0.5574916918625918,-0.1308901975337925,-0.18392958021106612,-0.5361007068323207,-0.09988928198756791,-0.15372583983255045,-0.47601804485846017,-0.072145924550044,-0.24951291608423193,-0.28625704423195647,-0.12907459325413717,-0.25664193298231014,-0.4385267076106898,-0.12085428334071723,-0.21732238846511426,-0.42275762648746096,-0.07936353613843669,-0.19242758867639337,-0.373173609082378,-0.044234488998428835,5,Victory
0.0,0.0,0.0,0.04140124764548178,-0.21882035813394846,0.007073563002152332,-0.00696854998887692,-0.40421321549512856,-0.015353545273392812,-0.10308642221405379,-0.5021316712235415,-0.042156956058979955,-0.19626737599227312,-0.5190498630279708,-0.07333370087425577,0.001620328472401073,-0.4712050428883118,-0.07977805743263386,-0.024722421339091288,-0.7117950631596937,-0.13247590938908665,-0.032852130541639525,-0.8628565664845246,-0.16480772695356,-0.04683802854897358,-0.9863615354581738,-0.18146531708041097,-0.08734942977269845,-0.42947804979046883,-0.106574826928656,-0.16577961098189556,-0.7012858918677127,-0.14532968513662545,-0.21502782630559314,-0.8749190619828,-0.15904690161834598,-0.2607738527612482,-1.0,-0.16888499368980905,-0.1789443412757708,-0.3496241674633556,-0.1266462591641134,-0.2530024210307813,-0.5275647470914541,-0.15320505188597766,-0.21486963138616968,-0.4891010557756694,-0.12619143548154724,-0.18007408476451628,-0.4210034054964761,-0.09997464757729238,-0.2580982536099512,-0.2541149416855573,-0.14653812740837038,-0.2859135025689398,-0.40891515548258883,-0.15436167947435298,-0.2459783220866633,-0.3844764324919394,-0.11810430495186802,-0.2160355747203881,-0.3349836422944961,-0.08582356451884664,5,Victory
0.0,0.0,0.0,0.04979543094530565,-0.20619939359867756,0.008770570511811964,0.010945259540710114,-0.39560934835954487,-0.018191244197772873,-0.08463425068576659,-0.48921655579461926,-0.050488530900954474,-0.1746753730782096,-0.5109820357532849,-0.0880488246781229,0.03790145489990338,-0.45946657585686657,-0.09212659994560399,0.00427262744302459,-0.7166690324200428,-0.15129020156195694,-0.00828913875489357,-0.871245052638836,-0.18245798682927444,-0.01984795725703905,-0.9940544391139062,-0.19694684028858223,-0.04420742266923068,-0.41587013232520403,-0.12272711899518808,-0.13796579680494853,-0.7018382287961258,-0.1704573048775356,-0.18944996947574355,-0.8719224759634517,-0.18759364769067874,-0.23097865673291765,-1.0,-0.1983285829738759,-0.13182559644155561,-0.3426001704440228,-0.1450804694563563,-0.22212612835732515,-0.5194779446466404,-0.18258014423387942,-0.19128976812213744,-0.4601904634560265,-0.1569395492672146,-0.15850273170413615,-0.39141499387044826,-0.1288723829490437,-0.21354651241295977,-0.25686900060587436,-0.16613905023047693,-0.26183510666034776,-0.39413352443790306,-0.18046294590942563,-0.22849489013737725,-0.3463628709992558,-0.1432451443343279,-0.2000085847755921,-0.28833824103656663,-0.10905849857850591,5,Victory
0.0,0.0,0.0,0.04655172629336456,-0.20508832292781554,0.013395848555774432,0.008640503243572278,-0.39300847912499837,-0.012423806105108128,-0.08082326929713388,-0.47063935082135766,-0.04510395303024379,-0.16835680800679603,-0.4834982998755665,-0.08431574463804237,0.04251710709955027,-0.45506904070063703,-0.08921779907713719,0.013792866538017024,-0.7185017141478715,-0.14409619304127555,-0.00020024164883887294,-0.8707731496386165,-0.17093084328232921,-0.0147571137829686,-0.9930772591962364,-0.18278234692372142,-0.04073645660661827,-0.4077366763615005,-0.12447480792891602,-0.12463325040843264,-0.6958054864363732,-0.17189114983250858,-0.1732002208310996,-0.866702276052898,-0.1903517285623993,-0.21786139201319552,-1.0,-0.2020458354191484,-0.1300215118451034,-0.3328989147652724,-0.15072550155913894,-0.21766636838777914,-0.5268665426915032,-0.19342966936294517,-0.18286226086844978,-0.46325410833736325,-0.17139969084000345,-0.15260685655887335,-0.39420226504612976,-0.14453043042796768,-0.21379622564059528,-0.24666162004081907,-0.17426287736406662,-0.2683936005073658,-0.40293065937172495,-0.1930182064743159,-0.23299105092676717,-0.3572549087604145,-0.15498847722070141,-0.20599810705329466,-0.29717284773247804,-0.11962798436534411,5,Victory
0.0,0.0,0.0,0.04760190784466269,-0.19857728733923288,0.012714521110420391,0.015470188170120566,-0.3936077986796079,-0.014641263797385161,-0.0751197606926766,-0.4926270139864008,-0.04760912276950254,-0.16214190290782518,-0.5141563359416524,-0.08710854397063908,0.045597236358150446,-0.450615825144748,-0.09489520874740867,0.014791735148163872,-0.7140195508851301,-0.15114819736623314,0.0035400161474609007,-0.8676045012670162,-0.17769776856364372,-0.006025388177760271,-0.9859130598343955,-0.18811239263301738,-0.0330093200646392,-0.4005239850525737,-0.1279359138363911,-0.11642985637515416,-0.6930787651983321,-0.17661694343472234,-0.16646842240036636,-0.8704722340981604,-0.1925822370700594,-0.21114524597623868,-1.0,-0.20133531917333672,-0.1197811331796415,-0.3269801281292278,-0.15135642493158735,-0.21871295326480167,-0.5188507844888021,-0.18774109706511397,-0.19262926190523835,-0.46941443538368033,-0.1587252396876777,-0.16355760892896967,-0.404069419811075,-0.1276238340302293,-0.20293567470264567,-0.24273735783053407,-0.1725356831537797,-0.26529573303694426,-0.4072700484987148,-0.18390489480971636,-0.23684137252237364,-0.3621891360282214,-0.14023752896339342,-0.2113502948019479,-0.296578662164248,-0.10096314777548045,5,Victory
0.0,0.0,0.0,0.04386952593855844,-0.19688409915758173,0.01244371148958261,0.011348566227021193,-0.390999478622208,-0.012471697196549076,-0.07840411930455103,-0.4885448668530201,-0.043574622752232166,-0.16078478761337786,-0.5103704312921945,-0.08079021215023513,0.03996676834605748,-0.45900597332972104,-0.08678407640497882,0.003479786070829016,-0.715110763939413,-0.14537264978359996,-0.008261341960619735,-0.8694632052256653,-0.1747176547775454,-0.015333089807497452,-0.9899839854560742,-0.1872753927028807,-0.038269991185966745,-0.4118069554997914,-0.12005731776238567,-0.12588123718851105,-0.6943314638977378,-0.17170689340594592,-0.17486895246020195,-0.8688083861919256,-0.19172415623686626,-0.213957135164335,-1.0,-0.20265546605515916,-0.12408483098975602,-0.33796094445989444,-0.14479230000061208,-0.22249163294174087,-0.5228565973961308,-0.18711753596699277,-0.20213658035392976,-0.46509174457517494,-0.16226029018465307,-0.17559293765152026,-0.39951478425289144,-0.1316430213036876,-0.20672642743186162,-0.25212781629468545,-0.16719281809287867,-0.27317984684241603,-0.41490980993554577,-0.18474713306428955,-0.24864845553458714,-0.3673144556684537,-0.1452561545162717,-0.22486008207327499,-0.30465996486827035,-0.10718663088502396,5,Victory
0.0,0.0,0.0,0.045892501600839776,-0.20381021483357858,0.00789332403018992,0.010515450392274465,-0.39922768988185464,-0.01900745103139244,-0.08568577296582595,-0.479661608865191,-0.05228112994293775,-0.17618871660553756,-0.49049042194224124,-0.09206625833490467,0.048762564330487625,-0.4603716296765084,-0.0852199295060554,0.014522180084106736,-0.7141859570283738,-0.1435804203160315,0.0023843532369788893,-0.8675679442196274,-0.17718523234138725,-0.005860752212420083,-0.989410358817087,-0.19410617682324435,-0.02625649442963268,-0.41006595027541065,-0.11803591729051503,-0.11006358577755071,-0.6872865113296542,-0.1690523337909952,-0.1596976517120272,-0.8626030057731644,-0.19243578985315407,-0.2032397463657054,-1.0,-0.20756813581559252,-0.1118711723356526,-0.33674906310108216,-0.14341733401330073,-0.21357564436970092,-0.524234688635396,-0.18628786857502716,-0.1914123465965295,-0.4740381604334749,-0.1663534035955089,-0.1645544263906997,-0.4080099046306742,-0.14064187788538426,-0.19995240046971843,-0.2551437302457012,-0.1671747063228104,-0.26092228546705426,-0.42550249182313404,-0.18721263809920105,-0.23491857347228753,-0.3884360255747932,-0.15233949714561243,-0.21192060261709883,-0.3261834938941246,-0.11899864954838792,5,Victory
0.0,0.0,0.0,0.04829049596636021,-0.19518241678101722,0.008830846804878119,0.02862253494717393,-0.3920181412281867,-0.01562982995835934,-0.05590827871937184,-0.48788171695612037,-0.04681523894250445,-0.13978858985312395,-0.4985234788905099,-0.08399708931305215,0.061367142666036566,-0.46093811168241244,-0.08089036137096678,0.028339951734279032,-0.7133487640637161,-0.1366874834584023,0.017130429410549312,-0.8647616457184699,-0.16444184792118635,0.009621699002716304,-0.9823076863216226,-0.17580188630337681,-0.011202005123236826,-0.413910452460827,-0.1137164010169998,-0.09250095195815397,-0.695437075182222,-0.1643745769174797,-0.14299345828861615,-0.8678507386787652,-0.18394519813098772,-0.1852659588181288,-1.0,-0.19344547052362954,-0.09237305367371147,-0.3420569739212963,-0.139509093779328,-0.20329993455271148,-0.5193963095098251,-0.18578173755915428,-0.1949786053592028,-0.47034752917825196,-0.17007587058004028,-0.1700015950228933,-0.40678636979089106,-0.14378714846124427,-0.17745135246347923,-0.2625906358656964,-0.16324749975484595,-0.2494512046604949,-0.4181665643286285,-0.18363069328501383,-0.23399277004126678,-0.38719373959072867,-0.15290794780858188,-0.21042507598328025,-0.3325779958518817,-0.12112204784272161,5,Victory
0.0,0.0,0.0,0.0458364165592505,-0.2016425603149483,0.009785343726216037,0.01964674057839072,-0.39695905634937895,-0.015333966814881559,-0.06561025273779059,-0.4862646043314927,-0.047905087869605026,-0.15012333249224935,-0.48977875620886885,-0.08650312945184366,0.05749686770509094,-0.4673792451848287,-0.07766281926808581,0.02157090161784613,-0.7155439007484956,-0.13213701331507718,0.008317401460998134,-0.8625745131647613,-0.16092687504626024,-0.003835052717720672,-0.9806780477701149,-0.17446656059557344,-0.015801943173546034,-0.4237131985152414,-0.11242472934908904,-0.09283545722590321,-0.7001027442490277,-0.1613312795619068,-0.14266522583519745,-0.8695906878940508,-0.18095085941661143,-0.18764048158658433,-1.0,-0.19176466311839,-0.09819368747461457,-0.3526863510728797,-0.14038688875931568,-0.20879630099970123,-0.5289760863304639,-0.18355203000233555,-0.19270844455926128,-0.47538238048607745,-0.16655154214597803,-0.16449850833720184,-0.4115272080994522,-0.14140221518249096,-0.1839234017831948,-0.27065609319735834,-0.16683210360997008,-0.2555311984451626,-0.41906788542984746,-0.18583679629882158,-0.2349034581406598,-0.3838586721806391,-0.15478180018736643,-0.20826459355013674,-0.3292490827035743,-0.12411399988876433,5,Victory
0.0,0.0,0.0,0.049119414903060495,-0.19490119016063412,0.01658207067752459,0.02864409795766024,-0.38840365462633347,-0.006787818215338246,-0.05401923843922402,-0.48685160687787826,-0.039034958464606834,-0.1371804018619123,-0.5073906617848033,-0.07713027683133783,0.06784031220143796,-0.4623685398092341,-0.07236930915386451,0.03331064571561164,-0.7123787327221095,-0.12467718332614837,0.022004099047656798,-0.8588386334415898,-0.1507054959867061,0.01287868090598532,-0.9742264327467995,-0.16261661141238692,-0.004311885999572259,-0.419424223769687,-0.11097654076492071,-0.07957470316173319,-0.7020031473650572,-0.159253143699819,-0.1277789751224801,-0.8708225056213269,-0.178641018768047,-0.16791365988639262,-1.0,-0.1895096830598424,-0.08505400024607498,-0.34993756260254844,-0.14221401251377888,-0.1951806049976342,-0.5374044807941781,-0.18559439168807346,-0.18318961068130565,-0.47877386535074357,-0.1674740504943786,-0.1540752452698691,-0.41212191776636586,-0.14155987265318284,-0.169534823325596,-0.26981517745887124,-0.1710902379341501,-0.24590415214370118,-0.4276776962757625,-0.19152562188543718,-0.22611524401472155,-0.39167926975185235,-0.1606918798033951,-0.19670525832505514,-0.33782125996995904,-0.1298371196769555,5,Victory
0.0,0.0,0.0,0.04225945343214482,-0.19436478082867278,0.01685233578616034,0.007792656387567397,-0.3926474133590212,-0.00794823204097952,-0.09728667259179828,-0.4861775823857865,-0.04046119747902043,-0.19196092289883399,-0.5070160381923964,-0.07825356540989005,0.07610837466663317,-0.4548662462512355,-0.07551396290582534,0.04143165827632036,-0.7092181901054193,-0.12682535428230943,0.02946813171052685,-0.8568686464611132,-0.1522738275776815,0.02057376356306716,-0.9738144377606338,-0.16446111002999805,0.005360030960497745,-0.4129523154760484,-0.11364885036497888,-0.06750303648229376,-0.7037402228292813,-0.1584796594372886,-0.11585650897457318,-0.8714602558785495,-0.17603080330489723,-0.15304287680809192,-1.0,-0.1866664909903551,-0.07537605424799522,-0.34829444700792495,-0.14405548258638937,-0.1922493274815797,-0.5375916664312804,-0.18344109170843767,-0.18941291479265357,-0.4794584435262239,-0.16620910029199176,-0.16380421383380997,-0.41058144636096894,-0.1424316563862662,-0.16241097058929904,-0.27481522355107446,-0.17189813344455196,-0.24043165421134793,-0.4218484555345694,-0.18996435622317742,-0.2253089144532805,-0.38683497181254306,-0.16131525131447305,-0.19781844394731338,-0.3339845453917232,-0.13322794644227007,5,Victory
0.0,0.0,0.0,0.052919063900715525,-0.18688270000519833,0.01817927928636207,0.04412887966234424,-0.37246288654088977,-0.00669191984809216,-0.0317155951149247,-0.4709838085041092,-0.04117599187392716,-0.11342337179528027,-0.4970698687173743,-0.08163082301670142,0.08994543026124052,-0.45359145975413645,-0.07392526971677704,0.05658597259649164,-0.6973449130707458,-0.13011157593823872,0.04421880214036459,-0.8453995220064828,-0.1617606724374246,0.03335442703660788,-0.9642538236966062,-0.17857520638326485,0.02355927002231922,-0.4156052390638336,-0.11425903171901736,-0.044145124399049544,-0.6949546572716891,-0.167764478212418,-0.09054585669081927,-0.8660588445150222,-0.19355767464419346,-0.12900238870992894,-1.0,-0.20931095566178892,-0.056893155327351355,-0.3524577028978095,-0.14648251066667703,-0.18096510924009007,-0.532062865663783,-0.1897925245931326,-0.1741802591444243,-0.462923327358065,-0.17086917491165518,-0.14441445165314826,-0.3972594290740123,-0.1457414493592503,-0.14487244842348498,-0.28053460275644887,-0.1766729870168557,-0.2335865276424632,-0.4221467849255551,-0.19610346069660925,-0.21470228323442558,-0.3756030465484022,-0.1639212486204187,-0.1810376341291228,-0.32479055818172975,-0.13284016768096568,5,Victory
0.0,0.0,0.0,-0.06712154697948378,-0.1342329354898369,-0.06631445246098648,-0.07299995428688891,-0.29375287014100254,-0.10111523143630169,0.03353716998793831,-0.40642116833748587,-0.1352582943521827,0.12595151243172537,-0.4796403065347938,-0.16476784047476972,-0.08771730534057612,-0.5037818486680903,-0.03902004643115822,-0.11130132678570201,-0.7047220448639826,-0.08617813626250075,-0.12182478373664946,-0.8330366562383009,-0.12020800694220092,-0.12727366706693027,-0.9411540200199524,-0.1423875079880751,0.010724594639734374,-0.5115729762013959,-0.04066692848326459,0.03559790508464246,-0.7372330302026227,-0.08944883466621684,0.05617729038372422,-0.8791584066859458,-0.12843015981461264,0.07496245101152957,-1.0,-0.14962186177946973,0.09363001242022241,-0.4614491773283286,-0.051756503473830665,0.14442199953928356,-0.5875304791421233,-0.12606425235408353,0.13191190456058496,-0.5173941973031655,-0.15347039780961766,0.11192481776752104,-0.44503016318385547,-0.149489861436472,0.164827973794735,-0.3768047491440743,-0.0674043665651544,0.211941997531492,-0.47210953458973676,-0.12308977789800232,0.20534472914384122,-0.4637546717753807,-0.13236904646432263,0.18584931225670093,-0.44155196310922057,-0.1247102329914438,5,Victory
0.0,0.0,0.0,-0.06683420891575788,-0.1260159187290226,-0.0746618985784138,-0.07314397132653287,-0.27973119598558627,-0.11353333371734488,0.031748767295985206,-0.39286501256509576,-0.1516493648796532,0.12283989612411113,-0.47036766440703875,-0.18519492196011414,-0.08078776177664759,-0.49420742841172627,-0.051193133191456866,-0.10267306355379707,-0.6966574416064805,-0.10441818923335373,-0.1122593418344295,-0.8283654959525966,-0.14100587338840762,-0.11492258523679456,-0.9406596437496569,-0.16486962915746012,0.015656094400875082,-0.5050998899615937,-0.052544890070404186,0.04596587147885407,-0.7339381225039254,-0.10789311341364896,0.06822278061999418,-0.8746315581165615,-0.14807722750249533,0.09277716976360478,-1.0,-0.1697904331310807,0.0954438507919087,-0.45417363884049794,-0.06384448469982411,0.14791657523536567,-0.575761838066505,-0.14322209650774836,0.11913413536202154,-0.47057140103768175,-0.1621474018233608,0.09359005371061355,-0.38051975299970103,-0.15108228551071423,0.16218535839484868,-0.36677595261484736,-0.08106677580188458,0.20528482277835117,-0.46482031013573694,-0.13819923801406792,0.18440605787609948,-0.4196411393529907,-0.13975668309255063,0.16115968540222458,-0.36497853259894947,-0.1260413004154582,5,Victory
0.0,0.0,0.0,-0.0645627736512083,-0.13809902161626472,-0.06309889890598296,-0.06835919101213643,-0.2954522622060897,-0.09573779004793571,0.038356007504040286,-0.40640010919438463,-0.13169117530438287,0.1304378834845144,-0.4706595018666468,-0.16376279951222694,-0.07246627504906604,-0.5024767670220208,-0.03363076233285952,-0.09699630632235146,-0.7055887102204498,-0.08600254061042853,-0.10502184314588658,-0.82970525541804,-0.12020439164422056,-0.10730431542651296,-0.9368196873650474,-0.14072337632086282,0.021883501817923715,-0.506057630205225,-0.041035229057117345,0.05832052502099049,-0.736993707377605,-0.09699687091513175,0.08017613627987413,-0.8736216727630306,-0.1343358548757266,0.10492644605006787,-1.0,-0.15125539214972272,0.09958477787930321,-0.44800804204348094,-0.05834112172320378,0.14001743672215577,-0.5559835523112194,-0.13725613870599285,0.10218520253298642,-0.43700106137807027,-0.14894339287419422,0.07756353085142648,-0.34759906968478943,-0.1305315257031524,0.16271989642470924,-0.35324087442253027,-0.0811084874525029,0.19625322783416319,-0.4418420086348032,-0.130233879364662,0.1573318957742331,-0.38516110696831957,-0.12128331515288249,0.12391536319569797,-0.32688554835884265,-0.0999607764335293,5,Victory
0.0,0.0,0.0,-0.07493579576092749,-0.1297061943997316,-0.061947502895453734,-0.08334793575013136,-0.2844540078396755,-0.09549892784357522,0.0199917178038233,-0.3945532650535229,-0.131823625806,0.11022736436468869,-0.4586043724600619,-0.16477939124479138,-0.07343329173103352,-0.5035264764822649,-0.04055761922788146,-0.1002736912852987,-0.7100819811151005,-0.08996975118169057,-0.11099141561558441,-0.8351991615639518,-0.12253070610800455,-0.11367397476254691,-0.9443903617735608,-0.14369147340785077,0.022706648112557515,-0.5072294733688364,-0.04941916019275444,0.050274136101794674,-0.7401431964742984,-0.10118588522125857,0.07005658926763977,-0.8771782735552576,-0.13739056164882538,0.09305561095832701,-1.0,-0.15672822701653222,0.10159792434274058,-0.44741066578124267,-0.06717146369650223,0.13729975724498455,-0.5741049072442814,-0.14235068169762316,0.10083674287568986,-0.4534885235909146,-0.15387571927026816,0.07699113495072438,-0.36005961115002855,-0.13932757965069245,0.1664239307831095,-0.34739600118579467,-0.09009112868941531,0.1890459776679161,-0.44489380795349115,-0.13983106887738042,0.14776815475481572,-0.37429345204289866,-0.13206827487878717,0.11644262742485974,-0.30544291813396324,-0.11391157578451966,5,Victory
0.0,0.0,0.0,-0.08207043267747677,-0.12440340749512643,-0.058275950180910974,-0.09694472811588652,-0.28464368820554,-0.09256673889853291,0.0038217372847409526,-0.3920767266535845,-0.13003499708093205,0.09477418116153556,-0.4574554610256925,-0.1646002695728033,-0.07278083242553356,-0.5039646984830919,-0.043970031978658404,-0.09900926278063905,-0.7038563668149534,-0.09692345120304902,-0.10931915937894525,-0.827522724154411,-0.13085099531383035,-0.11183985767418475,-0.934830067249316,-0.1524171726510963,0.022466893317335184,-0.5059624718796935,-0.05626519502694107,0.053138055856620736,-0.7394512304331932,-0.11118625515098811,0.0702701483205167,-0.8784875856270817,-0.1465804392891554,0.09217693761919188,-1.0,-0.1641393290584745,0.1014705665683511,-0.4445455007969914,-0.07681948952033354,0.13008421588660346,-0.5716530849691379,-0.15286490479383835,0.08718814430379047,-0.45008588031408187,-0.15872480316477133,0.06314660590316945,-0.3594942926022069,-0.140012756370187,0.16676746083415672,-0.3439417947638907,-0.10231448835316241,0.17609895953714644,-0.44279796705032143,-0.15158091582648323,0.13413420764504,-0.36820830712761715,-0.13844550682393342,0.10912255895480401,-0.301406982215719,-0.11599952676161061,5,Victory
0.0,0.0,0.0,-0.08129829224455386,-0.12193643192103461,-0.05882502065540349,-0.10110052748976928,-0.27641587972530723,-0.09511322853672122,-0.0068874590917340425,-0.3852470303087074,-0.13525030415920014,0.08492678957197805,-0.4447115198847836,-0.17235565282349768,-0.07158967033353043,-0.4993021445005825,-0.044577150958841835,-0.09763150653654082,-0.6966633198484857,-0.10123367593703385,-0.10821596051730295,-0.8208548437143242,-0.13689979276928507,-0.11097003085317518,-0.9286736354641735,-0.1586022059910708,0.023324766259389142,-0.5005276068591233,-0.05784157935547199,0.049186869544344855,-0.7318686661709863,-0.1167079776424475,0.0638968672610928,-0.8748524082454672,-0.15174628797738302,0.08380073649514955,-1.0,-0.16692082503339295,0.1030972606829851,-0.43866154593727497,-0.07984148495178131,0.11961817000275161,-0.5556648654344911,-0.16099331243159795,0.07414480501612912,-0.42957841799905155,-0.16567444750059315,0.04998050454015889,-0.33698440948661956,-0.1432110234421419,0.16787956138142604,-0.337571907803453,-0.10682746783324541,0.16908980205961044,-0.42898611899841343,-0.15865395970428264,0.12208923417384329,-0.35121972495594495,-0.14419389027000226,0.09473318150682926,-0.28247346451299404,-0.11891200377690177,5,Victory
0.0,0.0,0.0,-0.08493243567181405,-0.11636949865403255,-0.05548829197597331,-0.11426484891132879,-0.27201309423553005,-0.09039590041747635,-0.029175080498872165,-0.38410600830030456,-0.12953418138980918,0.062297042681105586,-0.4399139010140001,-0.1660837328588152,-0.07677566480011931,-0.49633632314682463,-0.045769921414792546,-0.1070369780885853,-0.696502401181859,-0.10009984537083114,-0.12026731705395505,-0.8196147400020439,-0.13425537250008476,-0.12475861247855029,-0.9264993683397109,-0.15569130973941764,0.01665203122288288,-0.5004855319040782,-0.06021372526167241,0.03885882812701328,-0.7360239669421975,-0.1162312205091091,0.048848867454891115,-0.8781968606457093,-0.15004257489692052,0.06554984402062758,-1.0,-0.16573274167729174,0.09703066295995133,-0.44121720345063487,-0.08258257990113954,0.11190462192051973,-0.5642042893693487,-0.15988132593914672,0.06548686374813646,-0.4419172987643188,-0.16473716096998905,0.041244176462467676,-0.34718388252268545,-0.14437816869916634,0.1631779939851481,-0.34170188618249975,-0.10972852211697541,0.1649612556332109,-0.4380691923210536,-0.16062541309110626,0.11786864143237426,-0.3613902388007896,-0.1475196341262696,0.09034508294790841,-0.28852654527081545,-0.12425868427171688,5,Victory
0.0,0.0,0.0,-0.0820253240031116,-0.12373887059567028,-0.05246242961438216,-0.11012080543582169,-0.2788085659939125,-0.08665727505746999,-0.024617380837641378,-0.3877874542190573,-0.1258044507066962,0.067021223925854,-0.4388005427019956,-0.1628468431335699,-0.07692836869569868,-0.49522586329798823,-0.04355974536067223,-0.1080169094840291,-0.6931177498534673,-0.09822263238291475,-0.12127651733765123,-0.8150035263089621,-0.13189705667297555,-0.12625718105033787,-0.9215789464655844,-0.1522008681684411,0.01621764959780913,-0.49666821032026975,-0.060144968969711485,0.03632710447711401,-0.7355063910394192,-0.11624913089564226,0.04767979044325612,-0.8784062834371608,-0.14920109513225036,0.06572391606444163,-1.0,-0.16311886549941296,0.09569910975412609,-0.43466763643367157,-0.08456001145311316,0.10796722233267098,-0.5498736852055146,-0.16433238544427914,0.06161159447310887,-0.4273581832579262,-0.17097441891697507,0.03692749088935801,-0.33452377438507863,-0.15010770819042413,0.15904573223156412,-0.33322415962021035,-0.11304781435175511,0.15920130033641158,-0.4281387447452141,-0.16395457085200274,0.11084576463468498,-0.3506897848362977,-0.14938413904877143,0.08168402059437782,-0.27817399008942445,-0.1244796374579249,5,Victory
0.0,0.0,0.0,-0.08775881783352678,-0.11645363163301443,-0.054122522105366666,-0.12324632925968054,-0.26636423286985367,-0.08985697844085433,-0.04884880663150286,-0.3804233537030865,-0.13005911674370452,0.037756628658416905,-0.44568275308279043,-0.16748042930161713,-0.0822879649874949,-0.5016766102872168,-0.044505676894343586,-0.11598339086247245,-0.6942945331085184,-0.09804442633625286,-0.13099487733024287,-0.8171335566589792,-0.13196468198425018,-0.136688638836443,-0.9236552433424504,-0.15288644980123156,0.010124175373477741,-0.5025324437240519,-0.059993491379772765,0.031689009655900394,-0.7356804268980819,-0.11412979999568094,0.039513449130272,-0.8790587678845927,-0.14705426392328746,0.05403634745515095,-1.0,-0.16228828674253398,0.0893860153111205,-0.4400671466172479,-0.08347096849097899,0.09519307779851785,-0.5561193401260309,-0.1593831024482421,0.047569732673423626,-0.4420782688181939,-0.16646356490925024,0.024542112431863786,-0.3514760252562303,-0.14812993819666748,0.1535268802408033,-0.33961230453421354,-0.11148074918924543,0.14849493466578145,-0.4339322142031894,-0.15983180888402973,0.1006327162837993,-0.3619551746291582,-0.14695954859200272,0.07347014635305765,-0.29161283827595463,-0.12450072667797267,5,Victory
0.0,0.0,0.0,-0.09380991761069038,-0.11563837324760289,-0.047149424981830286,-0.13931044080670582,-0.26083674099746595,-0.08308368895465207,-0.0745600900400729,-0.37192114517277197,-0.1258204758519357,0.008879004544802204,-0.432278542308459,-0.16614676337575096,-0.09758761963283598,-0.5044010192842926,-0.04108440337510571,-0.1357534579182126,-0.6932142140502967,-0.09503388446787495,-0.15064318972244092,-0.8150407589309551,-0.12993857225536268,-0.1571388085845457,-0.9202787251696183,-0.1514457708360934,-0.006724314361428534,-0.5029514041111974,-0.06138426889000899,0.01319255166973608,-0.7378165329940878,-0.11573241201291448,0.02118463197197605,-0.8814101333535242,-0.14850036388042873,0.0345325441969529,-1.0,-0.16355114088856657,0.07302827068046912,-0.43962965615137617,-0.0891098108974495,0.07060143166239782,-0.5539891917864148,-0.16269952992163522,0.023966478787540036,-0.4380748600966295,-0.16738673108694652,0.0016889656683530727,-0.3460462911357994,-0.1477662852569161,0.1391718663344451,-0.33810391430621306,-0.12105154670105138,0.12699290835614188,-0.4369259062892512,-0.16440992463209048,0.07891804290225184,-0.36481616768844505,-0.14748836248587427,0.05047206096371998,-0.2941781280791227,-0.1229707406404897,5,Victory
0.0,0.0,0.0,-0.09693840535031402,-0.11647183559435709,-0.040567215425325515,-0.1447687731377113,-0.2629723828421592,-0.07362162692382672,-0.08496204703002835,-0.37054374953458197,-0.11474576980638478,-0.003436012233640212,-0.4233705220799104,-0.15472988543310504,-0.09924759712600922,-0.49876782446311413,-0.037726036620516636,-0.14267280567519078,-0.6885138780174952,-0.09028947384672811,-0.16308559166334838,-0.810519429272382,-0.12410623185305564,-0.17413554361903796,-0.916452913582736,-0.14554756176458372,-0.01101822571032669,-0.5004681716320436,-0.06144228049405893,0.005010472055403363,-0.7388094947912689,-0.11452383574094539,0.006014098903995902,-0.8822736607753224,-0.14718647674614777,0.014798078610692152,-1.0,-0.1624525324411525,0.06849756234686101,-0.439117095705272,-0.09162080886558308,0.06121956166061633,-0.56309212846711,-0.16236465672758132,0.01364767298166606,-0.44637570147925715,-0.16507671195854481,-0.0048226287385189906,-0.3527486780930635,-0.14525207369161672,0.13498787099653692,-0.33859446268071686,-0.1256264876839205,0.1097464701858296,-0.43297232058688523,-0.1680266392036795,0.061352811891140425,-0.3580808423042784,-0.15065093784414404,0.040458026416828274,-0.28840378196000194,-0.1261213123551109,5,Victory
0.0,0.0,0.0,-0.09513106898789332,-0.1018734829478664,-0.04135352299132174,-0.15277749134671784,-0.23325679229293153,-0.0776242468946678,-0.11475412784460015,-0.34258784094555184,-0.12247009599303345,-0.04149570729101071,-0.405686778283655,-0.16583362688706127,-0.11230394326842512,-0.489118770464167,-0.041938570504639186,-0.15765256130916952,-0.6768843819827562,-0.09733025502062372,-0.18026440171372635,-0.7994900714468307,-0.13274810171664544,-0.19057316213975034,-0.9063124836034872,-0.15534774215640532,-0.02461383364499697,-0.49017480181501905,-0.06653052214889468,-0.017037265826621652,-0.7301326121185757,-0.12455292524100724,-0.018056187702243643,-0.8784298087764928,-0.1612226097253378,-0.00808375063008172,-1.0,-0.1797444494008943,0.05680939086744807,-0.4317617900219995,-0.09737616975300145,0.043006464602476584,-0.5502218894825872,-0.1723710394729646,-0.01200908180966664,-0.4362161860140323,-0.17936780921004966,-0.03898305409902031,-0.33996715661565424,-0.1626849868324246,0.12752206544984357,-0.3386809745775515,-0.13193262249723217,0.09491824404917491,-0.43067782165102275,-0.1792068416155542,0.04023230651395388,-0.35996706549061,-0.16646108576448704,0.01063021600951921,-0.28838654476373915,-0.14517375087467402,5,Victory
0.0,0.0,0.0,-0.09913081967689799,-0.08697259802128697,-0.040951961556106115,-0.16714326903534105,-0.21799659718174086,-0.07743031359744107,-0.1404645851483263,-0.32957420257627934,-0.12200625904561074,-0.07451211104505123,-0.3933371676913792,-0.16512216038530067,-0.12605552791039112,-0.4814790993283212,-0.04857389243678652,-0.1702206076143219,-0.6688999917612956,-0.10469201894463545,-0.19309955555869335,-0.7908816089800801,-0.14039035653921977,-0.2062127968199678,-0.8971147662293053,-0.16433309652648656,-0.039319859950401444,-0.48536624810418555,-0.07413735220920323,-0.033289870228738624,-0.7301405791013447,-0.13377501195525848,-0.0367727421298086,-0.8777067539367036,-0.17116269528961592,-0.03042397378021853,-1.0,-0.19080244731957105,0.041183709765940026,-0.42714792507003047,-0.10511763298688188,0.021549028398281586,-0.5580578866807792,-0.18157137391809958,-0.034265591299353776,-0.4391898954354646,-0.18726097112682413,-0.061524634174899735,-0.3400038519084208,-0.1700580986250527,0.11081207000708936,-0.33234442953792714,-0.13966009142225919,0.07071847784641104,-0.4220143805777659,-0.19207071120198244,0.01506875189850682,-0.35677383344403035,-0.18267006228883625,-0.015176447380914674,-0.292344891431885,-0.16318310322454727,5,Victory
0.0,0.0,0.0,-0.10259706075097468,-0.08471734522409853,-0.03945293385137362,-0.17006533345354802,-0.2129427646997245,-0.0779308782891955,-0.16161791214928728,-0.3216158305795901,-0.1254639685911986,-0.11054587349986295,-0.3956829212652313,-0.1711730078076086,-0.13075380052874291,-0.47512863072045913,-0.051442128598556694,-0.18114339897337467,-0.6691075088391074,-0.11181350801364771,-0.20968426097317014,-0.7943058781954969,-0.14919160154995023,-0.22758321891759586,-0.9018373785776223,-0.17285212052642304,-0.04563393781552573,-0.47657126743995365,-0.07922797153444132,-0.043708727888616655,-0.7255739595630882,-0.14468519981547018,-0.05188203550891656,-0.8751443937700555,-0.1847591681526167,-0.05001745735051274,-1.0,-0.20466213614424683,0.03479936754167224,-0.42045426627996263,-0.11212626537341859,0.002567349974192166,-0.5516321261237602,-0.19404361949259694,-0.056232395154541426,-0.43152513102089496,-0.20001545537050802,-0.08425988397669368,-0.33187700101476525,-0.1808160912174376,0.10506965089534727,-0.32984275072174196,-0.14819134377416796,0.0575316819143664,-0.4251313234487011,-0.20284185185265524,-0.0003930778125849041,-0.36589402510832936,-0.19239352167697438,-0.031655592191451164,-0.3042206246040328,-0.170796192258283,5,Victory
0.0,0.0,0.0,-0.10013420772136603,-0.07859705811068682,-0.04269815168597056,-0.17309733249467604,-0.2005958397539509,-0.08412658117170174,-0.17002189997441017,-0.3049057344199793,-0.13385435232313103,-0.1145649207500264,-0.3772669300720744,-0.18184380696471497,-0.13213214120276118,-0.4664110985001067,-0.05948249124697068,-0.1844891008783429,-0.6594167352727324,-0.11994247392489558,-0.21489123351007802,-0.7798296535754131,-0.15661588460608072,-0.234978231720239,-0.886857290845337,-0.1806199679859502,-0.044659709484020364,-0.47117421607249826,-0.08669302595503506,-0.05030373135644764,-0.7181977961806618,-0.15259040809496918,-0.06295378774350521,-0.8700884238953538,-0.19302093723440386,-0.06661369078241362,-1.0,-0.21420944338454398,0.03840820073454201,-0.4172465862692984,-0.11892757182959747,-0.009124264412891964,-0.5438971491370618,-0.20376133059303062,-0.0706961040856513,-0.42248471073451543,-0.21343990563759538,-0.09994282760735469,-0.32351430916732493,-0.1974536854890873,0.10995729952026902,-0.3280796431244157,-0.1541721484264676,0.047451394404693065,-0.4139368218480698,-0.21363318867887668,-0.012501930111945284,-0.34412585078972086,-0.20693690843652954,-0.04226480000173982,-0.274865278790323,-0.188420353815026,5,Victory
0.0,0.0,0.0,-0.10277717661331374,-0.06965052870297836,-0.04333758270208137,-0.1808461686179957,-0.1913595698439648,-0.08463816307133522,-0.19196456821320035,-0.30569377596649466,-0.13399834711910594,-0.147671054997912,-0.39131134798684414,-0.18079945786782495,-0.1476797117661941,-0.4654741257121259,-0.05820494592361844,-0.19678583947791153,-0.6589829516531684,-0.11835553635179318,-0.22572773244489694,-0.7774718883642671,-0.1539384203358574,-0.24447628075972286,-0.881236607156465,-0.17698627336587872,-0.06057628472232806,-0.47305233382205464,-0.08408397749338925,-0.06454242578497685,-0.7245752849265547,-0.15162098212963734,-0.07803625478941802,-0.8738803354192893,-0.19256623111841098,-0.08239938792990456,-1.0,-0.21332208281943546,0.022176201812434654,-0.4214683585974816,-0.11495963703854313,-0.030652884928993162,-0.5496577223554945,-0.1993857679813079,-0.09153788707794444,-0.4257480941393069,-0.20754330897141052,-0.1202647629904867,-0.3264028994077429,-0.19031370343351733,0.09272752212200557,-0.3357028289952967,-0.14908177519934565,0.024977093093788767,-0.4187083735944182,-0.20950083593998706,-0.038344362584472075,-0.35982735233961355,-0.20548219035844426,-0.07343877927374591,-0.30297494109434964,-0.18839188563410442,5,Victory
0.0,0.0,0.0,-0.11370700224790964,-0.06665092692700945,-0.0431048704227742,-0.19402152222020272,-0.18772587619445574,-0.08322640760197551,-0.20444147971041376,-0.3028878050121077,-0.13166639328630753,-0.16554608464607135,-0.39136450426378305,-0.1773689759152563,-0.15208261114785798,-0.4612716210620202,-0.05406848913882367,-0.21013058362579892,-0.6547554313032192,-0.11200299261561975,-0.2421049278501577,-0.7732860703928627,-0.14603902412757788,-0.2625120624492909,-0.876504628545267,-0.16839367044251133,-0.06345376107949631,-0.473071241684327,-0.07977331483682179,-0.07521040971416758,-0.724019904524738,-0.14663112252843283,-0.09567681817415273,-0.8748140118660148,-0.1898190631396469,-0.10806580460362401,-1.0,-0.21242306253254264,0.019250700949318664,-0.42714973926371747,-0.11060672312129635,-0.051148719928196806,-0.5457671030696865,-0.19583923249175048,-0.11676126125282081,-0.4239783691006425,-0.2095938130995168,-0.14957930549023354,-0.3253685878517941,-0.1965940685579898,0.08807708475037834,-0.3469695692120699,-0.1444907053129052,0.006057176478083349,-0.4090129996508526,-0.2059805903441005,-0.05819768738253751,-0.3428904782694781,-0.20642289576625342,-0.09337132107007744,-0.28237923653518365,-0.19307086524614872,5,Victory
0.0,0.0,0.0,-0.11944277077942977,-0.07585752740239712,-0.04071664499211239,-0.2014245140567153,-0.19431626094104412,-0.08156243310521752,-0.22946856627943668,-0.3043390920935112,-0.13088413047043604,-0.20294635962669655,-0.3778014266837068,-0.17763882900859013,-0.15876402096966835,-0.4690700293047829,-0.05441319993462265,-0.2125905805271001,-0.6626948404143502,-0.1126772182552996,-0.24430026923213496,-0.7795554122016708,-0.14809852236512777,-0.2640852707814796,-0.8843778947720956,-0.17278942448609322,-0.07168290614036842,-0.4775571455250556,-0.082259299178077,-0.08198767197236521,-0.7253449381022159,-0.1504579695609843,-0.10050904154381707,-0.8758983786343453,-0.1954295026792742,-0.11032563610010185,-1.0,-0.2206825901576116,0.00893889539959121,-0.42782428684893703,-0.11478598098646273,-0.05852744711462079,-0.5575707512495514,-0.1996283590592218,-0.12871695280714568,-0.4342678323322143,-0.21267218201804305,-0.1668894237188547,-0.3306549297004981,-0.20059490980308067,0.07409752488963955,-0.34417121920019256,-0.1502501656448794,-0.00696520757906719,-0.40799746907791323,-0.21330860220635986,-0.07358008856587452,-0.34597947119950306,-0.21528465519779333,-0.11254366184337888,-0.2886035784972789,-0.20352013741609154,5,Victory
0.0,0.0,0.0,-0.11951197806077148,-0.07381908687360665,-0.040736409092268236,-0.21250802550824052,-0.1954129447526019,-0.08187394665289655,-0.24743678701568964,-0.30425741824670216,-0.13231810151434015,-0.20455424612119893,-0.3767215171497736,-0.17879122075650458,-0.15682492641132686,-0.4844643722686057,-0.04877783515264663,-0.2135960940038033,-0.6722230820622154,-0.10524456210750784,-0.238856292804218,-0.7852909083530206,-0.13975503685516927,-0.24885268366878385,-0.8880539853517907,-0.1639585588109405,-0.06693844480400592,-0.4886971968258815,-0.07709946400999645,-0.08511534532427525,-0.7211808364972193,-0.14641618402876633,-0.09307978044195893,-0.8704522969578481,-0.18953703178817202,-0.0914279448640924,-1.0,-0.2123809285572953,0.016145865638998187,-0.436798066076975,-0.11050078901721373,-0.07935368652432233,-0.5435004088314432,-0.19728795763632379,-0.14446829120954185,-0.41078986129593287,-0.20395245939178963,-0.169559445394215,-0.3049533295441906,-0.18565584634208468,0.07701238570824465,-0.34655698543328733,-0.14779892951986298,-0.02795813771242643,-0.39146707507495027,-0.21049946856170362,-0.09655150957170738,-0.32017602740811785,-0.20904381024704685,-0.13001570010090713,-0.2572836687706911,-0.19408184890327504,5,Victory
0.0,0.0,0.0,-0.11863759716292928,-0.08371829725688726,-0.038523171063705224,-0.2002998149239083,-0.19302745912235628,-0.07713156837150825,-0.23326229620061706,-0.28428446778073024,-0.12486607704771555,-0.2204134312671326,-0.3703333428892947,-0.16837683396465014,-0.14839661062162607,-0.4828398486820243,-0.04761287135914594,-0.20053844477670477,-0.6771797719947612,-0.10589348960158391,-0.22617655082822594,-0.7935628352241351,-0.14027775661291123,-0.2369892557346199,-0.898796312260285,-0.161248288652502,-0.053253959633734804,-0.49140118254349274,-0.07355874077464547,-0.07409201206419937,-0.7221771118035369,-0.13951080659180062,-0.0877157847119961,-0.8703885924970629,-0.17921270534787018,-0.09447359909942467,-1.0,-0.19868420482760865,0.02885308140050555,-0.4441752175697252,-0.10462178125006397,-0.0842159474998173,-0.5255058703885925,-0.19030418187445855,-0.14424595860222933,-0.39164717452429143,-0.19742313757746305,-0.16506415885937892,-0.2859035975772004,-0.1785001973884946,0.081181862462259,-0.35635324055436957,-0.1391888564946461,-0.03593768274934969,-0.37424576882891153,-0.20032498695209267,-0.10806183972176271,-0.29308806545214433,-0.19782130824343416,-0.14480646284473972,-0.2245584977598,-0.1810695733317252,5,Victory
0.0,0.0,0.0,-0.1271640802714235,-0.06998265495772922,-0.03520361698067656,-0.2213769758654708,-0.1744375977275974,-0.07300721504007367,-0.2601260059007883,-0.26396864350993043,-0.11926639935161941,-0.24042709995359768,-0.33567679872838474,-0.16238747540358578,-0.1759272224288093,-0.46974656670609743,-0.05792129096903308,-0.23180449056869973,-0.6589891665269397,-0.11466945800607944,-0.2587181967678597,-0.7713038629497064,-0.14806339677698133,-0.27022441499919,-0.8768809693372407,-0.16995862357590466,-0.0806504408575888,-0.48637625448470195,-0.08500115845475346,-0.10326649010857578,-0.7214316731886341,-0.1491320417403079,-0.1166737504958385,-0.8711356589325904,-0.18815946803451283,-0.12270541538948003,-1.0,-0.20849357899386417,0.0033739350771487485,-0.4419176463206568,-0.1152869298128529,-0.10635194377554742,-0.5122159363823694,-0.19703447206680091,-0.1666562565690847,-0.37630836670531753,-0.2044405179820665,-0.19247785963667224,-0.2689825057187593,-0.188265530504315,0.05904616801472113,-0.3534086570655081,-0.1485413514161332,-0.06102540997292075,-0.35203112111079166,-0.20853142046662948,-0.12964796972965767,-0.2658915220567044,-0.2067435305177855,-0.16710929078167544,-0.1965623990820208,-0.19189965893986874,5,Victory
0.0,0.0,0.0,-0.14232351280138333,-0.05444082060237029,-0.04301154433791419,-0.25246475414281766,-0.1563111807812555,-0.08587340724138164,-0.3086823657118713,-0.24352451365439168,-0.13607893142809374,-0.27325107688036376,-0.2908950367354927,-0.18327642542688233,-0.20521719473660854,-0.46158849193510765,-0.06677379092445851,-0.2690927655106994,-0.6579353101836453,-0.12186716385750626,-0.3014002763458776,-0.7714276719851048,-0.1516865566930706,-0.3242164479276145,-0.8792630220314342,-0.17397736388777307,-0.1011922014783708,-0.48831386155625284,-0.09229424833264063,-0.12826840823484925,-0.7276712644663426,-0.16172159868543107,-0.1411476584371021,-0.8742726387617763,-0.2018960159449493,-0.15820206019151536,-1.0,-0.22199456514805593,-0.011090701450493467,-0.45029373602103656,-0.12115931674967485,-0.15870832765988596,-0.5052914963526213,-0.21186853307054254,-0.2176975146697333,-0.3504822777939816,-0.22097262398325387,-0.24391320327200194,-0.230533147282188,-0.20353000671546728,0.04426267498713281,-0.36230651331986374,-0.1532899487761367,-0.09596173182312802,-0.3330545094708959,-0.21840533057607153,-0.16252080843495917,-0.234889596294553,-0.22089141940955134,-0.2008213761084083,-0.1599257514836618,-0.2090950801769706,5,Victory
0.0,0.0,0.0,-0.1480164991081307,-0.057617663245570196,-0.04227730964590537,-0.2554438621510636,-0.14083921015069212,-0.0860748145996817,-0.3209435743391858,-0.21330967231148637,-0.13734913446640995,-0.3125064370658732,-0.27595488146004976,-0.1851184620923695,-0.2206596168026533,-0.4456495228515049,-0.07058646896668197,-0.2844487280989694,-0.6514533394076067,-0.1301413484284769,-0.3196027690598756,-0.7673600163272424,-0.16241327212705228,-0.3450318251696068,-0.8794054804941898,-0.18462405199298437,-0.11639060210497583,-0.4791025197914106,-0.09600606199721151,-0.15182724210507692,-0.7212592512089047,-0.16652300301188896,-0.17285385854314744,-0.8689986800460752,-0.20780052995910536,-0.19605328089744228,-1.0,-0.2289141850056702,-0.026822977055295898,-0.4448328448008411,-0.12456142921483837,-0.1791932231834205,-0.49587174774157716,-0.2146898293283203,-0.23866436648846132,-0.34527647316399085,-0.22401932954030906,-0.26200706292243736,-0.22922557437583366,-0.206937824912888,0.026800782999953875,-0.3555606139396991,-0.15631627486426644,-0.11111133928249857,-0.32275385102402265,-0.22127670507509892,-0.17967446296704664,-0.2344758506562806,-0.2238109937058663,-0.21630365827536552,-0.16641387032100344,-0.2113859953960897,5,Victory
0.0,0.0,0.0,-0.14628176212796565,-0.05210452925337775,-0.046715048323676164,-0.25364865063597786,-0.13236999687158246,-0.09304638759721483,-0.3157286873213527,-0.19165467885590828,-0.14664842531336308,-0.30431856983189437,-0.2467278624351923,-0.19626681728335701,-0.2208092908652882,-0.4571278118992168,-0.07244268949685947,-0.289406446278119,-0.6608349198242739,-0.13293003452989502,-0.3279674510883952,-0.7827787801043341,-0.16759218423737463,-0.35647891593647973,-0.8986050132222433,-0.19180476973408445,-0.11735802131602098,-0.48802878946284806,-0.09690871733910701,-0.15268181587257448,-0.7182502386421064,-0.1689275272001732,-0.16862780454609871,-0.8674887062790281,-0.21067272461134084,-0.18763937501169814,-1.0,-0.23222667744710426,-0.02858608228540259,-0.45156684920225354,-0.1253722406926102,-0.18184269474399117,-0.4786966798666278,-0.21552177178092513,-0.23368844437432987,-0.3236306154426176,-0.223540033751133,-0.24814041313828408,-0.2073046209668147,-0.20561018634170333,0.023116197983373932,-0.35885104855464434,-0.1580152910099975,-0.11258551342144597,-0.32097664114911856,-0.21967168782168547,-0.17943931137380312,-0.22643392488054526,-0.21926369421355052,-0.21383753218660342,-0.15347478281562926,-0.20579802508648595,5,Victory
0.0,0.0,0.0,-0.1509021209180563,-0.049528952441298346,-0.038259897748727734,-0.2608851977772769,-0.13182746627674966,-0.08061744380049402,-0.32539716315410355,-0.19201468738775043,-0.1319478403217842,-0.3235605391516853,-0.23348715300162015,-0.1799582438589185,-0.2492379507780564,-0.4619798516024619,-0.06127856758250687,-0.31801485236341653,-0.670770042310479,-0.1225267359060231,-0.3555888484155593,-0.7993127064713369,-0.1579130530484484,-0.3791562878233422,-0.9153894625383521,-0.181522382177179,-0.14656695621472265,-0.4932217243179561,-0.08958693389783841,-0.18831718340653034,-0.725204481383582,-0.16123325400352093,-0.20884281829576634,-0.8733542057323614,-0.2033017314269863,-0.2277585393734042,-1.0,-0.22453473013292558,-0.05709988190754602,-0.4551510499335106,-0.12151169553689793,-0.20949492752366797,-0.47610313466024906,-0.21014592294376944,-0.2558673630671323,-0.3204781912502301,-0.21646256886588444,-0.26587991487816054,-0.20538086874224268,-0.19728055744823733,-0.002347663273807241,-0.3578609416257599,-0.1568458229250827,-0.13907308544601135,-0.3090608944097943,-0.21602447265704977,-0.19787298730125205,-0.20960999016976206,-0.21255479534209704,-0.22480517722362067,-0.1389357808576738,-0.19653238754852048,5,Victory
0.0,0.0,0.0,-0.1478730913012672,-0.044645291837867154,-0.03526553738951224,-0.2607933605220095,-0.13747143858716226,-0.07632321248801012,-0.3109792690657391,-0.2121555774878633,-0.12815477622371715,-0.26882447158832373,-0.25114320565043563,-0.17624599576687439,-0.24357038477397813,-0.47194554855120097,-0.05451885581638281,-0.32607215341815743,-0.6594411729105186,-0.11435155379079828,-0.36585277706874614,-0.7758221823166819,-0.15025780016713217,-0.3950521367519039,-0.8811197790036988,-0.17652146249507017,-0.1434620822755747,-0.5010142405935416,-0.08684089629647333,-0.18338018390267286,-0.7260863915599782,-0.16044985344974574,-0.2017714500376067,-0.8727614086062484,-0.20217536141679426,-0.21952227220403256,-1.0,-0.2230528314006937,-0.05247463535873625,-0.45611887322905165,-0.12284617630433338,-0.1941316154579365,-0.5057469698773404,-0.21099220361305307,-0.22522461168146915,-0.34556206290698,-0.20742320179124285,-0.22135062032623687,-0.23638620705436364,-0.18059885587631377,0.011987552885661818,-0.3512805655811264,-0.1628823237500988,-0.11436669371732004,-0.3322857220948992,-0.22198392651266155,-0.16492780635545976,-0.23002045007601696,-0.21166195472615704,-0.179955856312087,-0.1567327024056739,-0.1897628776356087,5,Victory
0.0,0.0,0.0,-0.13397665973726872,-0.054276866520755696,-0.03417114555418717,-0.2356030086585436,-0.13697561529300736,-0.07758672715677292,-0.2777764047134552,-0.20805128303707182,-0.13155528352609794,-0.2352943437988296,-0.25043741252436047,-0.1833133322003128,-0.21797423582105127,-0.4673436789153158,-0.06097961143399644,-0.29393480873671674,-0.6536406800512977,-0.11791628090171433,-0.3407952971631576,-0.7659945059119573,-0.14987066862029472,-0.3779711052343958,-0.8687676381554437,-0.17233742215616418,-0.1156681285224821,-0.49236860003277044,-0.09306993824161273,-0.1386680543770087,-0.7300429219907236,-0.1604164204965871,-0.15406944227042593,-0.87526735850801,-0.19692887830918582,-0.16857522607504072,-1.0,-0.21434327003711404,-0.021025642433912126,-0.44755489282317584,-0.12829749390335193,-0.14197951937256453,-0.4906508050276123,-0.21249855811973956,-0.18786330137754967,-0.34351561219903576,-0.2151914118691663,-0.19702383731201606,-0.23580915138217232,-0.19383895724207684,0.04555113428843688,-0.35038532761772423,-0.16652072120865827,-0.07478147681306278,-0.33486530696683686,-0.22068721624228463,-0.13442656714696458,-0.24178216426060029,-0.21097944552205747,-0.1586300296490356,-0.1694711047767077,-0.19096941299874054,5,Victory
0.0,0.0,0.0,-0.13144502687008433,-0.0530367896276727,-0.04610569655399805,-0.232066580838786,-0.13044683558561704,-0.09595829333610414,-0.2825664211914809,-0.20281016492544052,-0.15366232305749866,-0.2362544601174967,-0.2347943621694533,-0.2084199523834519,-0.2052245162407388,-0.47178915757421735,-0.06919264883108993,-0.2835325899261154,-0.6499257616758964,-0.1276276525965322,-0.333955166568458,-0.7559418120481121,-0.1603250497403814,-0.3718182943710129,-0.854437031472395,-0.18276238468228934,-0.10601772597075336,-0.4920033921561509,-0.09590148589123366,-0.12581873933551346,-0.7250016988707396,-0.16305372705082233,-0.14245827061474917,-0.8728073629523302,-0.19984409943397957,-0.15496521736702032,-1.0,-0.21709771430510277,-0.0179756349354848,-0.44095944772272194,-0.12706737433546836,-0.131064014380359,-0.48590756467577634,-0.21250101225538032,-0.18373701294772227,-0.3449552847912437,-0.2203068113157419,-0.19784043275124902,-0.2409004294186697,-0.20157960061946556,0.039618968892513144,-0.33948966853868257,-0.16208089083033964,-0.07215927867344725,-0.32763220239740914,-0.21725785032646852,-0.1315569196168837,-0.23924922014851388,-0.21161615659423103,-0.15664090899358898,-0.17064723717073324,-0.1940044407161662,5,Victory
0.0,0.0,0.0,-0.14208520698512359,-0.048082157517618844,-0.039370525790633104,-0.2494671369155155,-0.12080553023797153,-0.08446096986159478,-0.30881588820580885,-0.17276011655811296,-0.13812633828148585,-0.29653370869609325,-0.20627715617408757,-0.18905760726806062,-0.23420150490989047,-0.45933398019007676,-0.06696477225834614,-0.318365704564057,-0.6536409310090888,-0.12077113039422169,-0.37378027107582396,-0.7649128098543179,-0.14927885773171443,-0.41868790039748394,-0.8694687747072302,-0.1697873591484236,-0.13622768170002006,-0.4840950290891942,-0.09563284855194994,-0.1663176518325844,-0.7184243049839202,-0.1617222755126344,-0.18649782053674654,-0.869250208886201,-0.19919749326536737,-0.2050218062480786,-1.0,-0.2183734376865377,-0.04983978292871231,-0.4372783850986508,-0.12741818598931312,-0.18622398408515586,-0.4677389878834388,-0.21392485369879752,-0.23944737500319427,-0.31293553450474804,-0.22197515171494003,-0.2522454782622836,-0.2011132724627199,-0.20440988397277723,0.006032629612048572,-0.33527842071965264,-0.16216122208345476,-0.1175389488552107,-0.31214490313797794,-0.21885577315429178,-0.17726781882538972,-0.21595348516656304,-0.21378190990951276,-0.20073963912827664,-0.14392820664517533,-0.19781650187093677,5,Victory
0.0,0.0,0.0,-0.15323673658957693,-0.040774119035777254,-0.03637346077525506,-0.25988926940885243,-0.11112804439096315,-0.07783988168137401,-0.3210880581265084,-0.1557830622234698,-0.1277107142744205,-0.3399750205827499,-0.19517402830125663,-0.17498713115409714,-0.2579545986554758,-0.4488093346859933,-0.06501127756498075,-0.34869666090303963,-0.6469900213574801,-0.12106466039355107,-0.40637321858576775,-0.7613245281148708,-0.15166944162482557,-0.45299297571421604,-0.866211831804996,-0.17252312672550033,-0.16112586025904393,-0.48003478156624,-0.0939356484223534,-0.1986726550405553,-0.7187917421400144,-0.16176194303961416,-0.22577009259348133,-0.8727693206056882,-0.20125751238599848,-0.2516289412562539,-1.0,-0.22102188617774748,-0.0767558804568773,-0.43847280794937826,-0.12568578892178112,-0.2206623580828454,-0.46186476286106004,-0.2124845013809119,-0.26960708935920313,-0.30472597175750926,-0.2196382435040801,-0.28076673020564336,-0.19157598927953617,-0.20094722853308009,-0.022440927067036005,-0.33947991803334887,-0.16010590826353274,-0.15151567981448785,-0.29938513258464294,-0.21835856746863017,-0.2024966488756226,-0.20144885321321065,-0.2126841829481901,-0.21893699180979914,-0.13289179261990638,-0.19495642647086778,5,Victory
0.0,0.0,0.0,-0.13966923125558164,-0.06810979127644609,-0.03573910744308868,-0.24166291264591286,-0.13705435822051512,-0.08333662060191933,-0.29834309378729323,-0.18028427816108306,-0.14019525973975908,-0.2890256142763433,-0.1627601141222309,-0.19651969801970628,-0.2384547067517051,-0.44708016217369656,-0.06958695154848578,-0.31943160174186563,-0.6477007610783129,-0.12428658419779702,-0.3702748733511946,-0.7661379424804988,-0.15257494584435002,-0.4120062474808545,-0.8709671938102125,-0.17219085271697412,-0.1373289944756621,-0.4706044368573709,-0.10222371645194818,-0.1588819143134884,-0.7154555010234646,-0.16694078060025966,-0.18003384546079618,-0.8738368463064388,-0.20444428764596387,-0.20228333372849341,-1.0,-0.22308766851705475,-0.04795949214026602,-0.42145422860800913,-0.13751209810348022,-0.1708903351747793,-0.4336208122910591,-0.22151885830453766,-0.22657570081640072,-0.2893741454663284,-0.23563854537727083,-0.24860459096980186,-0.1824268361113087,-0.2217493107233125,0.010501675478736436,-0.321976827812947,-0.17485051467728427,-0.10337703803810924,-0.2887608570231801,-0.22561417387937702,-0.15599843121448498,-0.19864835494858968,-0.21932184235587684,-0.1784673321162403,-0.13013253669061337,-0.20328540662076056,5,Victory
0.0,0.0,0.0,-0.12749502622240444,-0.047800915840356686,-0.04217022750757036,-0.22839858136373645,-0.11460759042642962,-0.09520561188685782,-0.26877908427800584,-0.16091081198947227,-0.15689519837099855,-0.24611684137725834,-0.167329122756035,-0.21756293859950765,-0.24914804480389469,-0.45498539957254797,-0.08952077260788159,-0.3284110502451023,-0.6804429779280392,-0.1594561530383498,-0.39070260207799723,-0.8042475417835072,-0.19263989465782283,-0.4500898841047068,-0.8983143337648124,-0.21106623815938266,-0.1443176083257027,-0.47771427242036496,-0.12384154075423646,-0.14539603391617362,-0.7468698720194833,-0.19958801809117727,-0.1647716755992971,-0.890919123896805,-0.23434212960787282,-0.1922264789654461,-1.0,-0.2451954898489569,-0.0461262899731215,-0.42077025851399097,-0.1614729716410229,-0.14679026300768602,-0.42545231326319605,-0.25497356212724603,-0.18207056488930348,-0.280252495868025,-0.26408092184875936,-0.18433618716301114,-0.18705566855550151,-0.24140791407907491,0.02600506632485742,-0.30904887740273407,-0.20139082752810014,-0.06624618714464453,-0.2671422119795543,-0.25708625693821185,-0.10788847554966645,-0.1893376166967913,-0.2452041119477737,-0.1134920234872094,-0.14520042961520543,-0.2207099281401365,5,Victory
0.0,0.0,0.0,-0.13850517910197535,-0.07912015942247067,-0.03445476863184468,-0.24857131762134324,-0.2018847219012108,-0.06917885358901875,-0.26749284118578115,-0.2558227324883026,-0.11537547449615411,-0.18141512459827935,-0.23154848073327766,-0.16084095751121627,-0.23194651416435197,-0.4974635636986043,-0.04145147045719761,-0.2984583298950364,-0.6981095652362231,-0.08540904829868397,-0.3292027718958527,-0.8136869358781584,-0.1050206193844303,-0.34582365476088683,-0.9131573945911513,-0.11768672179701324,-0.12564041002670856,-0.5202285742449967,-0.06961927842062932,-0.12193825105006521,-0.737317911840449,-0.12408429941259883,-0.1251163575684414,-0.883076746147645,-0.15522160573068877,-0.12670494409049174,-1.0,-0.16819828670315987,-0.029978339662911236,-0.4713253505102557,-0.10315089374745547,-0.09963213645750993,-0.47595500952703845,-0.17717584719509336,-0.14104702955416895,-0.3302600248602869,-0.19833278494393425,-0.15330485365550392,-0.2280248020381104,-0.18851366238734985,0.03917306127661195,-0.3770954163799345,-0.1391317180388458,-0.045804275834927397,-0.31282925971382664,-0.18541606802523575,-0.10243890690909119,-0.22232780853471795,-0.19080750039297084,-0.12942023406307374,-0.1605194896360085,-0.18247144676001967,5,Victory
0.0,0.0,0.0,-0.11654604868559848,-0.08236276704926136,-0.04003387793588325,-0.2014155396608855,-0.20759571328244544,-0.07497620010125118,-0.17637101541561062,-0.25389304381763933,-0.11935167728082727,-0.08379775526842859,-0.25876926294281843,-0.16316306296620028,-0.16831187828206154,-0.5146304407858043,-0.05304532245502234,-0.21034216509385525,-0.7200637221874823,-0.10237514855562582,-0.23487212854520842,-0.8470900282398323,-0.125802518609314,-0.25083928225809027,-0.9541239297426464,-0.13992319738277076,-0.06879533264637622,-0.5176111763880986,-0.0783298327108516,-0.041800696205822815,-0.7308837661419748,-0.13316497590837104,-0.029410688034049243,-0.8763539134497856,-0.1640423194267917,-0.0160197173839136,-1.0,-0.17670768849040558,0.018279767510883026,-0.45576776469046665,-0.10896135306998161,-0.0038300143442503696,-0.47971952776047033,-0.18351403857609375,-0.0484817265213569,-0.33303159283129147,-0.20044946673441477,-0.06708344651730949,-0.23094656095611815,-0.18789045697390425,0.08536940903227841,-0.35539874894708395,-0.1426509233863755,0.029989451597588302,-0.3015185456833681,-0.19249110401392192,-0.030306523170347783,-0.2167688247870749,-0.19506850730474562,-0.06486544732716548,-0.1601859101953435,-0.1831233778638898,5,Victory
0.0,0.0,0.0,-0.12684742463398568,-0.07150791306102039,-0.04273652249387167,-0.21791077597045305,-0.2056328871271377,-0.0745094487632456,-0.16803415910640207,-0.2450219852399159,-0.11469475890380007,-0.05905658988325212,-0.2520693087198079,-0.1527956003567094,-0.175323181592632,-0.5208430017716308,-0.04880375733964036,-0.21873817438851012,-0.7186124488373494,-0.09630890288489248,-0.23952811328493617,-0.8437842339202757,-0.1187320668855082,-0.25095240690333664,-0.9558702359337966,-0.13380486341376202,-0.06834689543936538,-0.5516223376538942,-0.06973511656670071,-0.039844960795618056,-0.7444843770466255,-0.12235677515920555,-0.021276970042899662,-0.8768964241358639,-0.14847475257449858,-0.0011928151910884964,-1.0,-0.15878979307915997,0.026839297887332695,-0.5104401924031172,-0.09721642743961847,0.022009906982213896,-0.48937872455969766,-0.16114053820621926,-0.02963834065218576,-0.32264828683400115,-0.16836029212833062,-0.05780507089869389,-0.22074806224896718,-0.15347050276404298,0.10604792485914435,-0.42111118441117895,-0.13034335933461325,0.07826649801277143,-0.32771842065761636,-0.1708872203423872,0.016779724053927178,-0.2199089995592435,-0.17066890963487263,-0.0260032946787019,-0.162622128270657,-0.15988715485037006,5,Victory
0.0,0.0,0.0,-0.1067388903726884,-0.08376082757992424,-0.050833615177437196,-0.17600641603693024,-0.22048012238805015,-0.08673835581336041,-0.10658831452358648,-0.25659743377344774,-0.12827588016194577,0.008799652621516121,-0.2556766624561895,-0.16910352172818305,-0.13011202654953372,-0.5221102753524086,-0.06404960451629065,-0.16508194996477465,-0.7200420407770692,-0.1176135925233007,-0.18555066623225533,-0.8461999455291865,-0.1457972035843767,-0.1996938792987758,-0.9586571419913317,-0.16380395766408817,-0.032142108969106915,-0.5241279917303744,-0.08288862542882923,0.007086287678547666,-0.7335025805877239,-0.13851048533418853,0.033331093517577945,-0.8705542715827422,-0.16825474448877667,0.059422688430147017,-1.0,-0.18086835396692408,0.04835461064191049,-0.4601628063724452,-0.10811284463188019,0.06236456408197575,-0.47262521652336553,-0.1791317203497741,0.017982708998808005,-0.32064280077102364,-0.19171886141694652,-0.007007423577580536,-0.22392266273814276,-0.1780799715712736,0.10733328853701822,-0.35962161794879177,-0.13857280961923088,0.09291358056758436,-0.30163805819643635,-0.18679786621222266,0.04371405119240074,-0.20764070795494094,-0.1880597506463878,0.010532780644679204,-0.15315276653948653,-0.1763632657266532,5,Victory
0.0,0.0,0.0,-0.10559035320587594,-0.0890625344433756,-0.05369111302835762,-0.15606908255165974,-0.23403193529582078,-0.08912712934666804,-0.06770416828984692,-0.26618377864507936,-0.1283004950472808,0.042241772629540895,-0.26710331836395285,-0.1651092217089126,-0.11349739448309512,-0.5115708439222111,-0.0662638308091326,-0.14123603995514927,-0.7039861972716493,-0.12094334370871514,-0.16030259599548233,-0.8333897394260805,-0.1520936547387645,-0.17489723254481507,-0.945484669120378,-0.17313412300751238,-0.01844080963212298,-0.5143268696952571,-0.08347050245509574,0.0188461184364935,-0.7188494342626353,-0.14203229898822353,0.045881586476467916,-0.863885522121284,-0.17624970288900585,0.07447197321108864,-1.0,-0.1924743041701744,0.06012185568450229,-0.44718250177415225,-0.10683693477250811,0.08243847706883933,-0.4479232832680634,-0.1755240417475429,0.03532521863612846,-0.31431994165627924,-0.1856909505250904,0.004410604493629816,-0.22882645873658133,-0.1719230707662084,0.11826810881022416,-0.3404569875293446,-0.13635574124922425,0.1088611656184766,-0.28514808127590024,-0.18464406872614175,0.06464712478046544,-0.21511857412807203,-0.18539194729206732,0.031464596701994106,-0.1777171666988061,-0.17367096498505627,5,Victory
0.0,0.0,0.0,-0.09671183381037524,-0.09002488013686007,-0.06695359967212244,-0.12354829298809847,-0.23370670506874425,-0.1005353829410993,-0.015186292087259875,-0.26552761723276846,-0.13443273728065927,0.09200770803280513,-0.27322810209176407,-0.16446774834103337,-0.07513190474702619,-0.5109341654095533,-0.05843704250626037,-0.0792625621520704,-0.6922035333515655,-0.11443107497717357,-0.08501181516870361,-0.8117651065120519,-0.14918076577468253,-0.08830289521660324,-0.9194337495703815,-0.17257811519930083,0.01793023380728584,-0.5151741802667198,-0.0667114345718594,0.05638754595909294,-0.7191842811739829,-0.12919302548230668,0.08715859147601666,-0.8636026452216059,-0.1682879196653679,0.12103570459375022,-1.0,-0.1870152187785369,0.09277777407206779,-0.44987707379820024,-0.08375615057950844,0.13075816134840723,-0.4727742072286856,-0.16424807897267008,0.08410448182998725,-0.32576092951376834,-0.18073775215362384,0.05089035923659722,-0.2292755340874024,-0.16726496451807238,0.15005229146867935,-0.3496038381481623,-0.10732990581787083,0.16157256367219164,-0.3096880170562519,-0.17138835921913334,0.11441387389734162,-0.22856163881006453,-0.18069023739387846,0.07640522570640877,-0.18241103867813346,-0.17159988821535832,5,Victory
0.0,0.0,0.0,-0.08286036617425702,-0.10323112554733029,-0.07519708432087731,-0.09546620638511495,-0.24399921141744127,-0.11444129292105537,0.016733700369840915,-0.2632681795994984,-0.15222568313021811,0.12212481740708099,-0.2658099053216586,-0.1855072732075677,-0.060994780035514916,-0.5130994218556123,-0.07112994084818287,-0.07033686431518618,-0.7058768236195904,-0.1295004886350123,-0.07627042784909084,-0.8358002848297058,-0.16339473928335954,-0.07823470879041733,-0.9526484516533057,-0.1856021237598715,0.036527911894017086,-0.5151403007843312,-0.07580475570797716,0.07856764992531248,-0.7232860931241377,-0.13758914416812262,0.11497304091677925,-0.8651649395046317,-0.17346510987231556,0.15439822235265604,-1.0,-0.18988509708565385,0.11233014127216162,-0.44586683897327123,-0.08963114089826756,0.14262634945652203,-0.46829767161850827,-0.16938264568097772,0.09335375228784913,-0.3248255153456982,-0.182890933959925,0.06127211139033599,-0.23767279169527133,-0.16751112992520226,0.16849548098782344,-0.34289438859647914,-0.11071809481695422,0.1686700239427011,-0.30638782368255496,-0.172404061814523,0.11829904392437142,-0.23063689881118848,-0.1789764763319763,0.08018679145740497,-0.1923257068406667,-0.16849810261667433,5,Victory
0.0,0.0,0.0,-0.07771644312441157,-0.09868784242603487,-0.07011559110260075,-0.08614025726135877,-0.2418725847866868,-0.11186911848027327,0.029742226050874777,-0.2790423926980581,-0.1551588151005327,0.1313409548267758,-0.29252923516723905,-0.1949851041270056,-0.0623442638003892,-0.5065939771738718,-0.07201133994918024,-0.07885188609283343,-0.717319875193466,-0.1328177462316205,-0.0843771676764205,-0.8564691669521561,-0.16862963912088585,-0.08563246090945331,-0.9783436103398695,-0.19258010113443666,0.04010890516967663,-0.5073610188673818,-0.08394619639806485,0.08288770546484017,-0.721306094994426,-0.14891121671545046,0.1185409465663268,-0.8654776659953822,-0.18722204524217356,0.15395393398352408,-1.0,-0.20540806677391896,0.12023765754317284,-0.4344579467547683,-0.10432462499146157,0.15226127947717258,-0.48860979962142065,-0.1905292787219209,0.10206854181317593,-0.34138296879799773,-0.2011063641994984,0.06911414428570534,-0.24560398448658174,-0.1828579974820275,0.18142435217244277,-0.3233626517811409,-0.13104505710144945,0.18949064375080438,-0.32293321906378875,-0.19681998863007136,0.1343768542218823,-0.24385214238801467,-0.19751797813266325,0.09152798761817697,-0.19203718529625327,-0.18201092116469794,5,Victory
0.0,0.0,0.0,-0.06985706989524326,-0.10858874385935353,-0.07051184875027067,-0.0748653025549452,-0.2565942137452697,-0.11098331378384442,0.039680366705003,-0.3028765040869947,-0.15084492170239186,0.1467671861002316,-0.31331663734400633,-0.18661425792210798,-0.037878884751038205,-0.5034371072186398,-0.070942539035657,-0.049486408401600346,-0.7100134941905027,-0.13014705993736078,-0.05770665705876291,-0.8442652699101365,-0.16448529456778618,-0.06639401231025205,-0.9657816212735838,-0.1867747788023745,0.05829354903979884,-0.49887266343277464,-0.07963293240748212,0.10309629240722368,-0.7316419962676604,-0.14294196563598602,0.13659520662885186,-0.8699670392738109,-0.17665413592529874,0.1691098873904537,-1.0,-0.19037654391620634,0.13471512139130068,-0.42661819338814755,-0.09651563783283872,0.17821903011822085,-0.5066782703667125,-0.185447490431373,0.12217902593607484,-0.3647248772246798,-0.19377223397405685,0.07967401826755355,-0.27565964702988655,-0.17208925728275112,0.19668572451542393,-0.31792696438631896,-0.11904585049985189,0.21696161075804404,-0.34088946573084883,-0.18613261301112524,0.16404655721378814,-0.2590683367169101,-0.18334435897433893,0.12002213679077461,-0.20840927263003578,-0.16421084123669938,5,Victory
0.0,0.0,0.0,-0.07595169477633605,-0.11019796277014175,-0.06851152930733449,-0.09170354944673541,-0.2536559054115807,-0.10917961359146972,0.014608602959963296,-0.3004977229290468,-0.15079276474081132,0.11877766208505156,-0.3196950840359606,-0.18849534529912182,-0.05546016247654475,-0.5021594856283077,-0.060541729458803435,-0.07906752273178916,-0.6921143654650802,-0.12122110866506586,-0.09237243045386653,-0.8096553669367282,-0.15732488595626262,-0.10110011877583054,-0.9153336208862307,-0.17904220405845012,0.043473968678712754,-0.5020050862063439,-0.07105042564451498,0.07194591807672901,-0.7346135847681216,-0.13337912447681213,0.09263067859736458,-0.8720098390711125,-0.16840485313493828,0.11855091655196603,-1.0,-0.18221635534241046,0.12629836085690763,-0.43123282352219333,-0.09075018584920869,0.14267568886776505,-0.49055535255908345,-0.17686874143620582,0.09256565867471082,-0.35780793114848075,-0.18901853818026448,0.06281071052123084,-0.2759161627622661,-0.16985375571769445,0.19375479064042792,-0.32438824036858055,-0.11608796892626279,0.18929808704061366,-0.3431368724318275,-0.1733692959370955,0.1336923165682668,-0.265375059639753,-0.16700428050173216,0.09507084882135364,-0.2177940297058627,-0.1469826430619786,5,Victory
0.0,0.0,0.0,-0.07806404935008479,-0.10300148839535125,-0.08106830260864857,-0.0882161514199431,-0.24275192408965915,-0.1294947557542504,0.02431646848256417,-0.29010302030568513,-0.17602042850502891,0.1269208772167486,-0.3122528869512114,-0.21796889352381787,-0.042098458855255406,-0.5029847619155479,-0.07746430158240934,-0.057899232542063396,-0.7000510941687745,-0.14301150466670254,-0.06450218467863161,-0.8293209963929172,-0.1832384272427024,-0.06612988024450281,-0.9451053485097098,-0.20912925385749373,0.05678413388850146,-0.5014765909866054,-0.08365370348443661,0.09746293277044082,-0.7308994272487424,-0.1538172462051292,0.1267863684416627,-0.8698318335401638,-0.19226623980681512,0.15787915205459105,-1.0,-0.2085987326054993,0.1355215982848389,-0.4303752873230271,-0.09940831600725583,0.17840393664671542,-0.5085205297938243,-0.19307747407728143,0.12204841880317681,-0.3666486189111149,-0.19968053511020253,0.08175851057666716,-0.2760309980002274,-0.1759112381319892,0.19911881071243914,-0.3206893052020659,-0.12199131789638977,0.22042346742539837,-0.35523192527445147,-0.1905176257306983,0.1669478660888481,-0.2701920626755137,-0.18449064818381952,0.12454850483129559,-0.2165113877272068,-0.1624076656782364,5,Victory
0.0,0.0,0.0,-0.07600901501698563,-0.10578430762670371,-0.06643000393330073,-0.09628295506229707,-0.24700283184196442,-0.10761817936404748,0.0010217478831763835,-0.28432018312348245,-0.15001003740395588,0.09845890874699897,-0.2942348306549314,-0.18905682007990457,-0.055231669227465044,-0.5001041444227913,-0.06839624796838582,-0.07483150187418927,-0.6897799442297999,-0.1314027466542293,-0.08412128286889078,-0.814113366579669,-0.16965379700284638,-0.08700925941579657,-0.9267126915531076,-0.19438777940186447,0.042269176484337055,-0.49858391488158965,-0.08089255798130171,0.07482427988111943,-0.7233344729857246,-0.145132565902515,0.09952907681098452,-0.864676181423688,-0.18224976333916706,0.13011438159796773,-1.0,-0.19970283802885525,0.12371750123635597,-0.4286847060016896,-0.1016449037749257,0.15711971159298949,-0.49008543453665415,-0.18331418663593796,0.10536904302518785,-0.35668832881603135,-0.19140312662954648,0.07245054206802756,-0.2695301978612724,-0.17265267833253348,0.19031215587818534,-0.3218474646126443,-0.12885135191502448,0.19457739933075102,-0.32644918728778216,-0.183399886252565,0.1403605842658048,-0.2507823962605833,-0.17781113050184785,0.10155681550154855,-0.2067686160412612,-0.16006641654940043,5,Victory
0.0,0.0,0.0,-0.09028334933557804,-0.10618290312757044,-0.04811578669094151,-0.1256919832632371,-0.25232150583651947,-0.08184321007829802,-0.02858314540391588,-0.2968883474992825,-0.11963022294147226,0.07174705054517236,-0.3020207007330681,-0.1565290975233314,-0.08568367356230201,-0.4897771118325892,-0.06593192650604393,-0.12035138163954041,-0.6864553223735662,-0.12069081428596096,-0.14029213455105524,-0.8144495042339343,-0.15130665789091427,-0.15175759954863216,-0.9217264280527949,-0.1696614665232906,0.014615158661666008,-0.4913579447519551,-0.08396169481242638,0.04179857136545856,-0.7165720864869897,-0.13655811908639828,0.0604254202654855,-0.8692786073426865,-0.1670780061331461,0.08512654588597296,-1.0,-0.1812287476997608,0.09722603027307687,-0.4207377962227958,-0.1077583679558709,0.10167731852965507,-0.4496175480379292,-0.17153750418201888,0.04894241856138977,-0.33961552119934885,-0.18380754990223624,0.02123104981807353,-0.26106203643655473,-0.17263541372229074,0.157116580989738,-0.3137102646052943,-0.13618511628963084,0.11842470463296179,-0.30730026112830494,-0.17656521681542853,0.055433529306028684,-0.25120269768505354,-0.17233138793523828,0.017567058510884057,-0.2138299526272853,-0.15875091603595565,5,Victory
0.0,0.0,0.0,-0.09431742801750378,-0.0706801259368252,-0.05504699176189878,-0.16798719392368458,-0.18581643497357214,-0.0985993378255066,-0.12313401628175152,-0.25665474110388675,-0.1474249056465084,-0.03841805738424002,-0.2933407082132149,-0.19385059942835406,-0.11741774093807203,-0.49434450050615086,-0.06985194803459698,-0.15161245578095853,-0.6954407647343264,-0.1287564903624244,-0.16816784874336388,-0.8256023049702121,-0.16327925325571854,-0.17628513472466137,-0.939159728626609,-0.18590425356667473,-0.015269707094716223,-0.48352820063767893,-0.09085746173807138,0.01562484050092339,-0.7123116602735505,-0.15312062571423077,0.02726086375821557,-0.867375257889902,-0.18915634055445807,0.0375540709911679,-1.0,-0.20732171451551057,0.07120081670389705,-0.40841113742967994,-0.11826115088791375,0.06818458461958393,-0.49006591499049845,-0.2038526230025213,0.010812010817672364,-0.36023566103837407,-0.21469060402278528,-0.02637268711863369,-0.2593189278985684,-0.1981613528250035,0.13838313593262966,-0.29792724757627886,-0.15000031981226528,0.11486249603370027,-0.32821172058618286,-0.21365477680942704,0.05207576762643328,-0.2469218554673946,-0.2108053888012185,0.004446373182932906,-0.18015780447263932,-0.1939151925333961,5,Victory
0.0,0.0,0.0,-0.09806820953014836,-0.07536684213291872,-0.05277016637699879,-0.1765012200001886,-0.19504424605874593,-0.0980966669486002,-0.13490719645169244,-0.2540323667195266,-0.14903009593057706,-0.04837307484509164,-0.2823953501218653,-0.19858373021413178,-0.11916710566912733,-0.49541674694461024,-0.07624422827870356,-0.14645273661334415,-0.6939919874752934,-0.13777702993065521,-0.16272889318834352,-0.8214883227591001,-0.17416740068675893,-0.17177245615476958,-0.9350226956412782,-0.1983123290125899,-0.017510135230722177,-0.4867649178874528,-0.09962131982789496,0.012655396766157423,-0.7163292410669174,-0.16343664305721053,0.025890815709237104,-0.8674849739899463,-0.19902929385287163,0.036621899643363834,-1.0,-0.21691526880211126,0.07119772221720719,-0.41546479918837315,-0.12862894423962043,0.06184006477924801,-0.4966214213440077,-0.21583720057910788,0.00787257162027612,-0.35416467375268285,-0.22461658314853203,-0.02740032174052462,-0.24657089676413643,-0.20636925219367136,0.14012857495085643,-0.30835218461546754,-0.16158467510798302,0.1073795527698922,-0.3451302052106336,-0.22561861187882912,0.04472654750051535,-0.255784895979995,-0.21961517603898262,-0.002254743584388848,-0.18331193336683674,-0.20038434203311098,5,Victory
0.0,0.0,0.0,-0.10074336680119926,-0.07734678445999539,-0.050795677884480785,-0.17885446318936027,-0.1929416605815236,-0.09595494587586499,-0.1399982220213765,-0.2602192941323843,-0.1474893237491904,-0.051380719943279786,-0.28986809789456014,-0.197081784025427,-0.12268591283628168,-0.4895578271552224,-0.07268787627086416,-0.15687605451726955,-0.6911280718747859,-0.13470071581048218,-0.17605818771783815,-0.8218884658519506,-0.1719703194138522,-0.1862944450458966,-0.9367026140494995,-0.1966286814948213,-0.021241625106135725,-0.4803424763975863,-0.09638929628817589,0.005478059895318141,-0.7142906210449026,-0.16084479917410796,0.017330240503598975,-0.8695423338225581,-0.19804752864068573,0.02974460583005252,-1.0,-0.2168469376311626,0.06933224274998068,-0.40770901898177386,-0.12547039071820326,0.05390979351371174,-0.4907737894297487,-0.2106803950806489,-0.006888488581790973,-0.3562656657006204,-0.21951013830585162,-0.04483519939710361,-0.24968662284914678,-0.20181657814105858,0.14283667397445066,-0.30044707070445165,-0.15851543250659383,0.10780106641676189,-0.33854413520449866,-0.22023463092109485,0.041653021747069405,-0.25877148748621265,-0.21391973406995224,-0.006166353135177391,-0.19101147621221184,-0.19470624210814982,5,Victory
0.0,0.0,0.0,-0.10113829019242135,-0.07273369613009965,-0.05359301684279947,-0.18087987077836334,-0.1730093044213896,-0.10240326205953339,-0.15687739146261906,-0.2443540520145037,-0.1569871075143825,-0.07677016804402644,-0.27871169654865885,-0.209307755060937,-0.13342316336693397,-0.4871523112444502,-0.07955276323954316,-0.17235632818587301,-0.6944045654312353,-0.14470722603344638,-0.19272956166488403,-0.8279011811686527,-0.18175894076284513,-0.2052211512832521,-0.9443594033008916,-0.20420901445380799,-0.030821534939809957,-0.48191043650818,-0.1017764244720978,-0.00521136899539653,-0.7163661425132777,-0.16710199741762988,0.00459818656152241,-0.8699786527983138,-0.2012126775286367,0.013743091898288748,-1.0,-0.21593838660816772,0.059884303143216105,-0.41228270198379346,-0.12964745565816782,0.03340191160220241,-0.47597817765861794,-0.21458688855474076,-0.02278318700803102,-0.34426256887650936,-0.22409462474245706,-0.054575452115530526,-0.2420753242981805,-0.20548216047166698,0.13069630802140786,-0.30583965091888743,-0.16173097390060087,0.0869353966802937,-0.3236216006549702,-0.22091876834916954,0.021199274406467353,-0.24541800363614796,-0.21537724713864723,-0.024939380491459415,-0.18077361195470562,-0.19595397350794597,5,Victory
0.0,0.0,0.0,-0.11274023132693133,-0.08478189758569436,-0.05148049316235958,-0.20224843795414443,-0.18015218575019892,-0.10087088892227729,-0.20626398195186782,-0.2550287766165558,-0.1579786912691691,-0.1299638355454088,-0.2802546061321925,-0.2124942414276439,-0.16217325653267511,-0.49340985267871157,-0.06706579112836641,-0.2056949985838711,-0.6910187384739093,-0.13165466562153913,-0.23025040331823132,-0.8190188978095069,-0.17008876634256645,-0.2434048734412877,-0.9340858677089195,-0.19480754703028186,-0.06026160069486524,-0.49565540436302724,-0.09139663436475597,-0.049538179948627775,-0.7201876176661318,-0.1583869359917682,-0.04251475457760707,-0.8694406814162369,-0.1956837240291756,-0.031982907881407056,-1.0,-0.2132247546334255,0.03260387786386326,-0.43209400395165787,-0.12192987735728103,-0.012804910777128996,-0.48787699156837877,-0.20747316575032415,-0.07187073494557103,-0.3465169474675261,-0.21609558038678411,-0.10088129126648507,-0.23894634610054818,-0.19708257326833126,0.1028168643227005,-0.3265039575654196,-0.15718365896151368,0.04512286226146499,-0.3313341554420027,-0.21486516018303034,-0.021853451084140336,-0.25166669423532584,-0.20976720170413168,-0.06260488046285641,-0.18901100867197493,-0.19127376535178262,5,Victory
0.0,0.0,0.0,-0.11798769648910058,-0.08270457214852156,-0.049494470138172375,-0.21396581278206514,-0.17316721675712604,-0.09871746701277218,-0.23142413332701156,-0.24109603464110374,-0.15482395199463614,-0.16036257544585844,-0.26324059945996026,-0.20894920017651983,-0.17375127834655985,-0.49451819010593084,-0.07530356163935492,-0.21907211232880364,-0.6980331559354173,-0.13755870164287465,-0.24597454763700138,-0.8240343832830994,-0.17418066252736814,-0.2629910466387057,-0.9367873761030986,-0.19827552313971575,-0.06559695852648086,-0.5017462791910574,-0.10021183115167742,-0.060581098676965095,-0.7238040826436604,-0.16544474247808524,-0.0652068529668186,-0.8715027382474373,-0.20384865856759424,-0.07233420977723994,-1.0,-0.22339601378857166,0.03034656795691156,-0.44118205359193235,-0.12989744901257272,-0.03918316755253137,-0.4858742810592446,-0.21414077204039256,-0.09877179179094392,-0.3467058099575119,-0.22873655383842484,-0.13292678214713627,-0.2401310633194305,-0.21582303899239422,0.09834675896015271,-0.3372680225984506,-0.1634202684161398,0.017575335339767264,-0.31951315771046507,-0.22048793882283665,-0.05333301499459808,-0.23727630727967008,-0.21953840636738706,-0.09850637827651972,-0.17298178163166375,-0.205480749204369,5,Victory
0.0,0.0,0.0,-0.11740347689762454,-0.07826021800370744,-0.03541078312410979,-0.2054869950875642,-0.16781644140102092,-0.07606809133376108,-0.23562216439945435,-0.22028169880726345,-0.12521417435308216,-0.25409131185804334,-0.24562079647986487,-0.17340993472863647,-0.18192032091691301,-0.48061234498634314,-0.06996950841244391,-0.23210560206904868,-0.6886714258800131,-0.1277962362958555,-0.2572492708426203,-0.8157182396611662,-0.15951965825505046,-0.27375279890076826,-0.929877993812769,-0.17902026587930825,-0.07923405434990986,-0.4849208781746031,-0.09877472431299567,-0.07929657836500362,-0.7149373014800493,-0.16013897475178027,-0.08020441713971818,-0.8692351576175836,-0.19654266246119645,-0.08202753802427751,-1.0,-0.21496611611245833,0.011658413110723579,-0.42851197640892824,-0.13083411981163048,-0.06956474849714929,-0.4691941034891543,-0.21140952517979686,-0.13269862084924483,-0.33019048156228,-0.22721978927428949,-0.16592492453698734,-0.22642575843863308,-0.21647004197551717,0.08060486856972346,-0.3337634478322279,-0.16502286740764,-0.002679683350599114,-0.31904731265001424,-0.2197603682698263,-0.07206852102750444,-0.2380798709557259,-0.2188130591429907,-0.11466126953193166,-0.17829897296861874,-0.20581668586668106,5,Victory
0.0,0.0,0.0,-0.12523349874028025,-0.06520876704146177,-0.038652834948137135,-0.21584813140038775,-0.1502705436714262,-0.080405862184242,-0.24804201816408478,-0.21069549926845552,-0.1294320839069453,-0.22980761023403912,-0.2561013682278684,-0.17645991617170645,-0.20522181941850942,-0.48234479756538257,-0.06792523132547611,-0.26431965528628787,-0.6860557550643106,-0.12523544359948782,-0.2958817194727802,-0.806084756263479,-0.1566166470072707,-0.3147062739104965,-0.9149829061299568,-0.1758866614176696,-0.09559012061672566,-0.5010906769379665,-0.09393018000377677,-0.09833522894026357,-0.729733946319552,-0.15685264088297649,-0.11079487038575336,-0.8774108854552856,-0.19492696677046378,-0.12430301158461102,-1.0,-0.21329596585492655,-0.0019008964781466226,-0.4503245471715479,-0.12282196904970213,-0.10539510500782658,-0.4699767766575258,-0.20262733052988913,-0.17081058201341018,-0.33278700655408394,-0.21576420810530736,-0.2061881363012931,-0.2266922613969852,-0.20319956217400256,0.059461561885455455,-0.3511841098417495,-0.15431736405281657,-0.04565392091635905,-0.30662161753595374,-0.20753825816235932,-0.10722659704953472,-0.217801477921956,-0.20378492720876573,-0.14233296456832528,-0.15162004654022643,-0.188037845661142,5,Victory
0.0,0.0,0.0,-0.15195480368073683,-0.06663854913538592,-0.036947917271436585,-0.24944946396206413,-0.14307293507130073,-0.0809046816468213,-0.2888010354565869,-0.21071477424282148,-0.133059065773145,-0.28871972853283484,-0.2718755699499584,-0.18234912853532198,-0.2391154697242582,-0.4799003584985238,-0.07112448507464283,-0.30515209827077183,-0.6965582859324951,-0.1295969537309573,-0.3466867562153043,-0.824798273336601,-0.16090984859941287,-0.37737909580288853,-0.939202547391339,-0.1807695211311021,-0.12816651729228173,-0.5076084757258312,-0.09914243466898096,-0.14518335290161524,-0.7433916083417876,-0.1618434644795011,-0.16531781478336202,-0.885688164704139,-0.19548125424562213,-0.18637523937898254,-1.0,-0.21186833967827115,-0.03147272575717852,-0.46002780643359514,-0.1304175146935173,-0.1604534699978342,-0.4766042666453885,-0.20882587555662102,-0.23416153592964536,-0.3464624274738678,-0.21834951672467648,-0.27234533339222816,-0.24045547550925028,-0.20519892329990416,0.033623841576709564,-0.3540033997515018,-0.16470367819648674,-0.08066118826017075,-0.31822514733206425,-0.21701249427149785,-0.15031788958929407,-0.2383883382539013,-0.21276149133768044,-0.1936146725067539,-0.1732660341172045,-0.19773716516101875,5,Victory
0.0,0.0,0.0,-0.1558209193347763,-0.054648772436616956,-0.04442152200502566,-0.2584066278115924,-0.12129203710998443,-0.09299529261942857,-0.3147166593954591,-0.1745647511623343,-0.14845393550854055,-0.33335583524996715,-0.2300340052493883,-0.200715784047169,-0.261836272877831,-0.46374173517838463,-0.07970633902208688,-0.32836455716934004,-0.6767099338814271,-0.14634200929859043,-0.36846050181215434,-0.804350335252085,-0.1849879370517308,-0.39617668610832263,-0.9230032063907561,-0.20924385602647644,-0.15452277935202952,-0.4907638015285067,-0.10658803863685407,-0.19579120621568238,-0.725008577201164,-0.17847251812075363,-0.21679370101641599,-0.8723705407378228,-0.21997532891899105,-0.236566002798356,-1.0,-0.24102020232938504,-0.06290662286999504,-0.44295614120543914,-0.13694056513440514,-0.20952672910021983,-0.4529817598581338,-0.2263180235791009,-0.27009024062755466,-0.3049247959473254,-0.23711960538442173,-0.295754338369527,-0.19467846437743638,-0.221412010113954,-0.006333186497296946,-0.33414604961646144,-0.17054503773889523,-0.1362510465597305,-0.2893942378150798,-0.2313166478736879,-0.202460333091901,-0.20231058504277305,-0.2286307352736029,-0.24026955354785515,-0.13651339243483798,-0.21255501305914604,5,Victory
0.0,0.0,0.0,-0.1618053211130979,-0.05172850800169118,-0.037190346871658155,-0.27386565053832723,-0.1160620624948748,-0.08222810933923409,-0.3398219609956382,-0.1602881751898407,-0.1354961221966797,-0.356283903929297,-0.20436980624906148,-0.1868588112164659,-0.27081050292743936,-0.44641311027072733,-0.07351566923965182,-0.33584640856637654,-0.653142369079936,-0.1353149100099555,-0.377229836203264,-0.7720635350005876,-0.1696320718723415,-0.40966161477929985,-0.8832293740040263,-0.19139704773112864,-0.1661454500531955,-0.47137364406469795,-0.10267012530001744,-0.2060929361259823,-0.7166044188661067,-0.17481458510377093,-0.22524580515142706,-0.8686890900745377,-0.21702323540034876,-0.24539398225112327,-1.0,-0.23765746274486504,-0.07583777161748789,-0.42453425971976244,-0.134216865109181,-0.2327229072971036,-0.4353400306073873,-0.22451846431144357,-0.3062371692675136,-0.28663115329359556,-0.23851328125463103,-0.34191832030691166,-0.1753195901833426,-0.22393587850195415,-0.02199786152979428,-0.3164192196784698,-0.16781970594828205,-0.15898340307145947,-0.2783415638166865,-0.22681157779129618,-0.22967823194236922,-0.19126652885887552,-0.2243766451137036,-0.27278736314624913,-0.12339814417421291,-0.20893610214674657,5,Victory
0.0,0.0,0.0,-0.17441349313902785,-0.047503028438654435,-0.035229443453159356,-0.2901929554557857,-0.11492230723794564,-0.07977919812915055,-0.3631686342037459,-0.16131097946668535,-0.13143636385641724,-0.38618140051749666,-0.20573997202277858,-0.1785404051724206,-0.27550218384329117,-0.4519300551262297,-0.06895649466858488,-0.34721142460848725,-0.6767975637792366,-0.12628245500900778,-0.3847459069434294,-0.8027032512370865,-0.15886622512616808,-0.41132631506137424,-0.9154394398730923,-0.1803149314299621,-0.17642541394729105,-0.4718244625033333,-0.09759132071197414,-0.21781331712098556,-0.7219473747919228,-0.1688275584946929,-0.2398343209699013,-0.8747064621556658,-0.21178096650069242,-0.2627865640167791,-1.0,-0.23436151477778158,-0.0932442382304999,-0.42538828178540905,-0.12831487636744113,-0.2601135289069134,-0.4355594670676068,-0.2172685155450164,-0.325545187217122,-0.286968202986846,-0.23173414515536486,-0.355971462142014,-0.1742485786133528,-0.21950462272489607,-0.05016832749185211,-0.3168838071592199,-0.16108078511291665,-0.1975192741576572,-0.258448729511964,-0.2226809565803374,-0.2787414072888216,-0.17722377499542663,-0.22685676620417392,-0.3327201522455952,-0.123871559616328,-0.2172296987430294,5,Victory
0.0,0.0,0.0,-0.19686898447638404,-0.028751406082882115,-0.03393300694734947,-0.32013009423564115,-0.09141147194623381,-0.08034078807606072,-0.3977685798356431,-0.13233110056558287,-0.13566958532567905,-0.4350390188599959,-0.17355321585583275,-0.18683387332679144,-0.31594751981095637,-0.4352602662535691,-0.06741412822606722,-0.3947265722152837,-0.6553015542437344,-0.13287403232146786,-0.43388640060259187,-0.7810088689091909,-0.1737760879056503,-0.46395660055684435,-0.9006587679554647,-0.20128241323803514,-0.22235209410081852,-0.46797107881727135,-0.10001395098808358,-0.2763206135927715,-0.716244456091515,-0.17700747378818443,-0.30711097189255443,-0.8668851228604829,-0.22430597013174478,-0.33764388042577065,-1.0,-0.2510651413835652,-0.1433131912420602,-0.42477521399251483,-0.135409470795583,-0.3254836281730132,-0.42738447361845694,-0.2279583766484792,-0.3831326902434701,-0.2609760889568166,-0.23862744163433147,-0.4017139182855785,-0.14162598781103553,-0.22386383544777805,-0.10003762358020919,-0.30662507266882166,-0.1735830846048005,-0.25296845054419753,-0.24947794641703097,-0.23590770235287462,-0.3227087690981922,-0.15552059300447238,-0.23615547734734824,-0.36186033911924714,-0.09223269925085095,-0.2240748319041707,5,Victory
0.0,0.0,0.0,-0.19556453759729847,-0.030334682849611008,-0.03418217750663599,-0.32591450974104835,-0.09117663072577536,-0.08046209924292923,-0.4076893295795203,-0.13225922526072667,-0.13543922281237064,-0.44716127432750713,-0.16507676089573164,-0.18749046696110153,-0.3344538115647739,-0.4385855574635362,-0.07139068578284542,-0.4154103226643795,-0.6686159009864507,-0.13698455155128114,-0.4604558781308647,-0.7981760936918301,-0.1751101820337538,-0.49507307016861823,-0.9200761692141122,-0.19973737238586764,-0.23404383346201654,-0.4743251363831156,-0.10343360444882338,-0.29221658400201395,-0.7190468641979179,-0.18210042571617124,-0.3207465876847046,-0.8694682037932316,-0.22539669054764044,-0.3487103249346689,-1.0,-0.24746945372491247,-0.14643989489162784,-0.432606659904017,-0.13808492616912413,-0.3322552472315026,-0.4132879034359524,-0.23341005873493892,-0.3982598934892721,-0.2458024257540023,-0.24529904198482402,-0.4216879742368362,-0.12542906962937425,-0.22996984198458295,-0.092402988825957,-0.31340642057934975,-0.174933230051982,-0.2429985178827482,-0.2441923284710967,-0.23433567883033526,-0.3037421200364291,-0.14647726425706586,-0.23078666900801856,-0.33115265004051364,-0.08342027738114684,-0.2161694960567689,5,Victory
0.0,0.0,0.0,-0.20028218242778612,-0.02272779059500413,-0.03249702840611892,-0.334926738361755,-0.08891533713374267,-0.07755419476151008,-0.4176946895993294,-0.1338026879554693,-0.1317012604813296,-0.4630539890056681,-0.14514735741344303,-0.1833279038328512,-0.35315741181544824,-0.4354729963420043,-0.07313489649448048,-0.46206324792584724,-0.655913420653231,-0.13837221990158408,-0.5268356099168712,-0.782191989843874,-0.17598857946343838,-0.5769182098200298,-0.8981372297701444,-0.2016518963581703,-0.24741142889694542,-0.47545826670410113,-0.10846145475386045,-0.309511399193532,-0.7220673982658089,-0.18937257390116902,-0.3459044892843919,-0.8753618323344035,-0.23529239808137517,-0.3785900440668449,-1.0,-0.25992682738928563,-0.15646578207460032,-0.4327146478517922,-0.14610816621978492,-0.3448957939152761,-0.3982826951168402,-0.24100120087105464,-0.40766195481012196,-0.2278736018033634,-0.2523532707513865,-0.42717597848333555,-0.10884083446246993,-0.23756313248810035,-0.10097563506304855,-0.31266972652514824,-0.18603169010255002,-0.2617104690291053,-0.22486948808404844,-0.2450034815235532,-0.3144591537375439,-0.1275501194239979,-0.24134042504230907,-0.3320209917684924,-0.07342927942774136,-0.2275534636201259,5,Victory
0.0,0.0,0.0,-0.19664171695995936,-0.022090598664347334,-0.023567734609315723,-0.3289868621165304,-0.08379198833474273,-0.06426800341936222,-0.4067404399872673,-0.12570978653350867,-0.11553360184255897,-0.4545580875473057,-0.14802887537016612,-0.16506551601144154,-0.34769462057368117,-0.41720758080955855,-0.06794348362049787,-0.4798117779549788,-0.5981794337141368,-0.12931114977927463,-0.5626594608194618,-0.6971460231054407,-0.16548258091149268,-0.6286945273287912,-0.7919228221691333,-0.19167371906987393,-0.24770223691275814,-0.45866297277570744,-0.10530376198060964,-0.31832258069702163,-0.7079342961136172,-0.18494482667849618,-0.355605665752438,-0.867856517013977,-0.23417938460125728,-0.37930423637258087,-1.0,-0.2619399357428641,-0.15924951126816267,-0.4216318900739207,-0.14313035899026208,-0.3260082505650962,-0.4088044879730169,-0.2337939204748172,-0.3991172683105634,-0.24198154233478775,-0.2486079260582569,-0.4241141333530541,-0.11958215035577749,-0.2384733720742886,-0.10103696757971634,-0.310218916494378,-0.18228472228843032,-0.24473296994620736,-0.24425177406441614,-0.24250917771013836,-0.31242946345604145,-0.14671359992797636,-0.2416833123412905,-0.34531978978100314,-0.0796578635988026,-0.23004274788013346,5,Victory
0.0,0.0,0.0,-0.1598738671122556,-0.0240637210065677,-0.03902840112927196,-0.2850789458277387,-0.08030601285898972,-0.08701408520967376,-0.35150093529522985,-0.1274103407469117,-0.14224257869811863,-0.3431993143407776,-0.1352065471625859,-0.1956729383140957,-0.2908371780093808,-0.4158281321832737,-0.08553878775315851,-0.405826087874562,-0.596264001835079,-0.14261812444696426,-0.47631174076245997,-0.6974985531477076,-0.17494006083921046,-0.5343147294842103,-0.7954422473191243,-0.2006941396189981,-0.18940664179584363,-0.4588114024437647,-0.11629571824762208,-0.2367907424487747,-0.7041629995479486,-0.18504824364071962,-0.26564400043381575,-0.8665375456970181,-0.22570184176801766,-0.2928622913341466,-1.0,-0.24911440726027856,-0.09612157206380163,-0.42391841192724566,-0.1483864582009965,-0.2391521589531604,-0.4191996099497369,-0.23244227790640487,-0.2911829829055481,-0.2585463141497835,-0.2414374761803557,-0.308154776244173,-0.13905771764929453,-0.22773751255561397,-0.03241141088973498,-0.32602980851641733,-0.18360004767117502,-0.16124307406444083,-0.26114057069804986,-0.24049095164913104,-0.21434548049412766,-0.16151036982792297,-0.23702306505163814,-0.23768707104308692,-0.09015171074087475,-0.22409319635768266,5,Victory
0.0,0.0,0.0,-0.15653766258165294,-0.02272191625712468,-0.041077855946750015,-0.27553208583572536,-0.07276375638265818,-0.09043319938452522,-0.3376754064998349,-0.11598011548737137,-0.14851113498541899,-0.31166018580653193,-0.13910196447029913,-0.20373881164252888,-0.3012429976617154,-0.42067016574989635,-0.07322004939775319,-0.40764310251046376,-0.5993538452134728,-0.12662862277040857,-0.4705282580689193,-0.6992320279176667,-0.15460417943720084,-0.5218227707406743,-0.7969279241729051,-0.1766438382137742,-0.1956160398335245,-0.46790591437314716,-0.10462576042957775,-0.23224269635281228,-0.7088144760271924,-0.17287485195604765,-0.2577105173306994,-0.8662158470483259,-0.21357412392098857,-0.28278393676675484,-1.0,-0.2357943196049026,-0.09587135553569329,-0.43560473746844647,-0.13862932326204644,-0.2202626206149664,-0.4330628303124631,-0.22459854700443802,-0.2629607359062151,-0.26167300127854726,-0.23293579904099182,-0.2757193023508282,-0.14287404444109447,-0.21646233944291576,-0.024639549615376465,-0.34080961908517216,-0.1758900972115574,-0.13838853548685762,-0.277243565404938,-0.23046964098075368,-0.18841228207838268,-0.16442428718507174,-0.2245656411472517,-0.21028502097256213,-0.08383062427192275,-0.20889490634164842,5,Victory
0.0,0.0,0.0,-0.1565986331997954,-0.0007694485538353487,-0.04333348448684298,-0.2848452657499166,-0.055771114456306725,-0.08959603704342388,-0.3566551181400185,-0.11601671131013357,-0.1430984660441809,-0.33710931713202236,-0.17707310298948378,-0.19212356777362313,-0.322830020656449,-0.40019631135633754,-0.07203244675568163,-0.4479862975118259,-0.5793508190362685,-0.1257520016232039,-0.5238634734984304,-0.6813609709365376,-0.15289993116693204,-0.5849417434740102,-0.7772060785323297,-0.1744544795998249,-0.21884303490533835,-0.46255316379631456,-0.10180268362346609,-0.2735525421189649,-0.7155754742815993,-0.1730563660837287,-0.3142516890322803,-0.8744067134479027,-0.21442007783309688,-0.34973008115550036,-1.0,-0.23580604286898377,-0.11568705359236989,-0.4473078849194202,-0.13427817529645675,-0.25574115231502964,-0.46736323700888094,-0.22731269822815586,-0.2874168926033374,-0.2910490142436979,-0.23353394472368852,-0.2872412636533084,-0.1637512600878877,-0.21352042560530227,-0.03774998039296757,-0.3689364904580036,-0.16974017028558527,-0.16880514651691034,-0.2958802241153335,-0.23749150602046334,-0.21303842626077854,-0.1648902293568541,-0.2347715517349779,-0.22615557730612537,-0.07209269426212016,-0.21798429332096525,5,Victory
0.0,0.0,0.0,-0.16316525043332514,-0.013836917702152967,-0.044853841641189794,-0.28394079672140116,-0.0649582696978643,-0.09386682742894273,-0.35557661639420207,-0.12271458519621395,-0.15134666391109938,-0.3327396539296257,-0.19498493886554255,-0.2036704953542861,-0.31576443739140225,-0.40459546670332924,-0.06837475495182929,-0.44525391307066314,-0.5746610578639585,-0.12638028901727694,-0.5200080927619517,-0.667834397506662,-0.15788571903673437,-0.5844326771375212,-0.7597252581921452,-0.18098560523004906,-0.21442577448762123,-0.4650009361030616,-0.09704742409073171,-0.2669398240268347,-0.7074354648417808,-0.1662682599508328,-0.3025323896988164,-0.8672463755759166,-0.20731416994425697,-0.33810825827634117,-1.0,-0.22986417330143874,-0.1150601219740513,-0.4487360121867474,-0.12992066143708736,-0.2424775148755125,-0.46032681542712056,-0.21819445852689037,-0.27723402683116505,-0.2850199352650095,-0.22642792458436176,-0.2809100964488122,-0.15898493744451325,-0.2092349575071242,-0.04365295479954428,-0.3672906051133608,-0.16682709083093664,-0.1558652452110424,-0.3061760420852042,-0.22697941718026615,-0.20794401570805807,-0.18568412436706466,-0.22488388741876106,-0.2295132868017284,-0.09623334864492421,-0.2105018495490403,5,Victory
0.0,0.0,0.0,-0.15591554943349079,-0.026454970433865476,-0.04492273077039198,-0.26687825303474266,-0.0913635054885115,-0.09257849433080147,-0.3294815073759078,-0.15407930001711156,-0.14839662349619728,-0.3183568927705481,-0.2258794272780337,-0.1991395466993882,-0.290186794510498,-0.41807672064383233,-0.0660806275565243,-0.40220983502189156,-0.5989216293359992,-0.12288670672470374,-0.4721672234474321,-0.7033725852103409,-0.15347510618806295,-0.5302085016170608,-0.8000644160223072,-0.1762179688518055,-0.19011410447896285,-0.4689725507822653,-0.09428037648431858,-0.23345074343125638,-0.7117567437871498,-0.1666599512258604,-0.2641254158778322,-0.8698946630676576,-0.2091570749616618,-0.2926754440043404,-1.0,-0.2315975285652191,-0.09423515878412879,-0.44752143472173883,-0.12661834679215273,-0.21779429429788413,-0.48890155653837997,-0.21792869881580973,-0.25554294577953807,-0.3233619425631771,-0.22543230300496878,-0.26160342272451087,-0.2001656168039065,-0.20710387829093868,-0.02267462770373958,-0.36960725011552875,-0.16251379951963843,-0.1407640368694633,-0.3297639251831468,-0.22636808149445745,-0.19369003051051575,-0.21263862167472777,-0.22351184056897067,-0.21601516884614372,-0.12315585227759822,-0.20738900713835298,5,Victory
0.0,0.0,0.0,-0.14897109846211992,-0.02168709787494203,-0.041281170428985166,-0.26296919089020554,-0.09692888652232633,-0.08703309581453912,-0.3277050074729058,-0.16471768364202885,-0.14270729984944613,-0.3032289406438606,-0.2312499469582076,-0.19330629188313608,-0.27430660617983726,-0.4241462876249066,-0.0604518160003253,-0.3858792287332662,-0.6025732474592667,-0.11968833832245422,-0.4516666802509673,-0.7078251369444549,-0.1512405793833472,-0.5032222941396571,-0.8022982620021707,-0.1740669309323314,-0.17396027373514125,-0.472468473849199,-0.09209913841283324,-0.2173709370302125,-0.7164124875966232,-0.171019548667675,-0.24718815480355294,-0.8728874977071241,-0.21566820739724488,-0.27387958298941945,-1.0,-0.2363433939131936,-0.07809827297604494,-0.4451647018026143,-0.12759796191436792,-0.21090651847287029,-0.4979623128927141,-0.22380091111364903,-0.24546922261024773,-0.3285221661755452,-0.22373587452384514,-0.24822617742905992,-0.20712422904542505,-0.19625697003243,-0.006253511786789556,-0.3616175557787489,-0.16657815457560218,-0.13155599704999407,-0.32935050041622577,-0.23348224610813229,-0.18495868369975513,-0.21403575315101858,-0.22614544236410855,-0.20758713159481734,-0.12760296556766312,-0.2037183432136427,5,Victory
0.0,0.0,0.0,-0.14556170079426178,-0.035484840748214876,-0.04273586758915728,-0.2526441019892249,-0.112759641498034,-0.08878663126603598,-0.320857189065214,-0.17295874331933536,-0.14406525912248783,-0.30858308283388325,-0.23200862898463678,-0.19391791034084604,-0.2555869202930803,-0.43204837631033305,-0.06019240026918675,-0.35943373755613617,-0.6013095423253587,-0.11871490633644156,-0.41947392343928164,-0.7029050436715182,-0.15023083273769783,-0.4667142232495444,-0.7970372428202929,-0.1732773425703515,-0.15741954427196692,-0.47949833592718055,-0.08915545155954015,-0.19739613443399842,-0.7170352342597819,-0.1664770732080401,-0.2258825194261386,-0.8717102077588476,-0.2110732506500144,-0.25152276439226534,-1.0,-0.2329069310795594,-0.06631526639675005,-0.45222544265771686,-0.12223992391949767,-0.2029140512176409,-0.49733164692506016,-0.21322002197050924,-0.23867327567851684,-0.33739708165287574,-0.21267967109846464,-0.2403365740935474,-0.2234667037076527,-0.18722006615231918,-0.00045257824500721095,-0.37029068370291174,-0.15948715627962473,-0.12845910150175766,-0.33307411164401,-0.22086738787056442,-0.18590107904696412,-0.2293670132411743,-0.21484323476738737,-0.21301240710000055,-0.15287737705473947,-0.19565047719314155,5,Victory
0.0,0.0,0.0,-0.1559811381990145,-0.03810181131173055,-0.049696337058588995,-0.26900002384958777,-0.1246930574172379,-0.09915685193090185,-0.3398185545925121,-0.19263231445101311,-0.15741125266327757,-0.31464753048799154,-0.25576845788887964,-0.20950955913305835,-0.2618933704269624,-0.4465056969896986,-0.06769360056011456,-0.3685025987993344,-0.6263883118971735,-0.12855470180999412,-0.4228483562638525,-0.7298961672745625,-0.16477923431778793,-0.46705977125667025,-0.829008366370921,-0.1939757626557714,-0.15847712647275233,-0.4822460768233896,-0.09648861887273044,-0.2009850685466158,-0.7092077779306873,-0.17994497364372766,-0.22398348383819794,-0.8639499461611672,-0.23523327326158638,-0.24640624582027917,-1.0,-0.2682576000022276,-0.06699486170300882,-0.44458951153143683,-0.12926482127064534,-0.21533458393266167,-0.504063776375952,-0.22551680215616765,-0.26367000356776943,-0.33017320924242427,-0.2291160151520014,-0.27465185242004025,-0.20635195094462094,-0.20902459065802356,-0.003637706713884553,-0.3524996462848305,-0.1669807889563877,-0.13862661504412657,-0.3333632527485844,-0.23564796199707155,-0.20212896245591452,-0.22254936622943497,-0.23422631304946684,-0.23246164970176736,-0.13555847838341048,-0.21994200130828256,5,Victory
0.0,0.0,0.0,-0.14986989768048656,-0.03761061488198288,-0.048525210930376726,-0.25374465814947694,-0.12058870203099968,-0.09769466232362385,-0.3166032569040353,-0.20635320367492202,-0.15481568100524837,-0.2861635006973612,-0.2726204592775354,-0.20667287865790426,-0.24654158290225062,-0.42788743019410486,-0.07426240424495958,-0.3446817138259332,-0.624021441564003,-0.1350585293648746,-0.403771173026117,-0.7306793470243131,-0.16927571850087242,-0.4544324500623199,-0.8275386299823048,-0.19554639910785176,-0.14881233288650117,-0.46300014433662173,-0.10011812204852302,-0.1725541122779429,-0.712364385377185,-0.17592957695369546,-0.19328105051542527,-0.8692702547740733,-0.2217711272406542,-0.21462405094684026,-1.0,-0.24825560148454162,-0.06310899488282817,-0.4296224999262368,-0.12969743063623304,-0.18662087235140307,-0.5040480441590318,-0.21555950901979049,-0.23277816896635042,-0.3530258458245648,-0.21799263770346441,-0.24610849329313172,-0.23732624781401787,-0.19929362900100278,-0.002259944673619811,-0.3502826525721823,-0.16439878540687736,-0.11801640014896177,-0.3416792329904076,-0.22393480098247348,-0.17465113998020754,-0.24532026382501618,-0.22071553611041872,-0.20157968856782185,-0.16619014316438505,-0.20636295364117796,5,Victory
0.0,0.0,0.0,-0.13773421246386405,-0.040184649265127194,-0.04319227099281045,-0.24102802945660953,-0.12238058601949893,-0.09031515536172458,-0.2950862689549667,-0.20088721765330722,-0.14561088504400813,-0.2652181903354556,-0.27099576678563086,-0.1965265699873399,-0.2290299403679084,-0.43186688132333156,-0.07270310232504483,-0.32481034885728416,-0.6247758355540062,-0.13356114970398597,-0.37692331065150586,-0.7388218917944545,-0.16694909817494383,-0.41590246837382266,-0.8398942241476687,-0.1911566548719743,-0.1314576466334105,-0.4565343061384121,-0.10162414777042146,-0.15093647874466828,-0.7098455614724531,-0.17859109486540872,-0.17560096559934432,-0.8677882253196056,-0.22422562202348947,-0.19942751522076105,-1.0,-0.2487343196619801,-0.04463125233732146,-0.41682838978972164,-0.1338399756764528,-0.16040165939096235,-0.4947018136416151,-0.22557704515218074,-0.20721326492215217,-0.3420223512296099,-0.22949835250126446,-0.2215645829801016,-0.23255147248642605,-0.20846848991199202,0.018730038781850488,-0.33341706520486125,-0.16964879385636622,-0.09138564495537123,-0.3429153365630796,-0.234513508897788,-0.14878766996777443,-0.25078569179264526,-0.23062660661133577,-0.17731371920041397,-0.18049638078069805,-0.21350604825659977,5,Victory
0.0,0.0,0.0,-0.13383569283840496,-0.04377403212697459,-0.05144992915046312,-0.2420296641851169,-0.12849324991839273,-0.10145647565720164,-0.2981898065618568,-0.22064385631014247,-0.1580243652739042,-0.25004090000676915,-0.27792283167129994,-0.21013404814427208,-0.23032586319059525,-0.4491772121352672,-0.07493022887773987,-0.3207617917302268,-0.6438385778115497,-0.1352900810918681,-0.3731174625065282,-0.7595096563335492,-0.16797828395713524,-0.4145620060293009,-0.863213107615666,-0.1908720338347436,-0.13253861137962314,-0.475467782744715,-0.10026679044616608,-0.1468768970702951,-0.7257676518801128,-0.1696784675561477,-0.16928647721649898,-0.8741245047090133,-0.20669177867729516,-0.1934467781048579,-1.0,-0.22413083227041278,-0.042100331378716487,-0.43280163581523773,-0.13068320224269947,-0.1437509184190964,-0.4999706260083336,-0.22140660656035244,-0.19261305016291386,-0.3456779139500864,-0.2281445261015199,-0.20875772069543427,-0.23694572781118736,-0.20711035805854164,0.021830118410338165,-0.3402513581038063,-0.16511009870392757,-0.08072327556551102,-0.34543074067637897,-0.22831040049278054,-0.13909186411360164,-0.2530654959833187,-0.22505699962445141,-0.16700062556579628,-0.18287460821185786,-0.20769828120014325,5,Victory
0.0,0.0,0.0,-0.13707000308829975,-0.052340424622903954,-0.05229957549128673,-0.238000490710077,-0.12618298359050856,-0.10440233626188465,-0.2824414138553577,-0.2091903466830074,-0.16434547698642663,-0.22927207676561026,-0.28605528911002037,-0.21954675585378963,-0.23649097740414368,-0.4649014124393784,-0.07024164904347838,-0.31827362518783087,-0.6520804520391933,-0.13478430507738132,-0.3627666557619983,-0.7651354152298342,-0.17524046899712947,-0.3956929052111701,-0.8717623205459821,-0.20493354021966892,-0.13997131116023637,-0.49400207636278853,-0.09631726405609402,-0.15408578698544104,-0.7249479993798987,-0.1687515682609423,-0.16359421023142717,-0.8713178434146586,-0.21120287260982984,-0.17459177682212737,-1.0,-0.23490248327654858,-0.047347419072509125,-0.45054570134310523,-0.12833725049748163,-0.1380566873896055,-0.5052668937930058,-0.2170752577781788,-0.17929616977592128,-0.3476421502866748,-0.22307287624743188,-0.19028366582399622,-0.23608235750792522,-0.2048061707430564,0.01915165443756935,-0.34979388956093654,-0.16558159794768126,-0.07363199307634936,-0.3415297886650855,-0.22847848795050102,-0.13225201136201342,-0.24601954173538032,-0.22650643538470985,-0.16148527076332272,-0.17301970408473416,-0.21163571521274163,5,Victory
0.0,0.0,0.0,-0.1377474020527501,-0.046563714159169406,-0.038770354998881935,-0.2454127508824966,-0.11834393766197335,-0.08286938812313663,-0.29691310568268214,-0.18695810333785623,-0.13584212549081442,-0.26411892011096566,-0.23518454877563574,-0.18732231342110967,-0.24332834503226256,-0.45062687800205875,-0.06971150079397093,-0.32480611856800506,-0.6406025723998672,-0.12392370645116599,-0.3709281320315119,-0.7506026134172297,-0.15210070425207237,-0.4066511985635237,-0.855217637723234,-0.1711598037568963,-0.14575350865333644,-0.48107044699836954,-0.09894317763441797,-0.16613037135431047,-0.7301593991004651,-0.16137053769504003,-0.18407048101865253,-0.8781852696356749,-0.19437685742505892,-0.20484416659515436,-1.0,-0.20958651767341985,-0.05382330476246162,-0.4407712904842373,-0.1316678950750568,-0.16617195170020588,-0.48071512404253613,-0.21804751486662588,-0.21353510229689993,-0.33296591963862254,-0.2316109111010229,-0.2307905437124847,-0.22314104688694705,-0.21735747816895465,0.010787646760726181,-0.3464278180074103,-0.1665097317231694,-0.09693802171973898,-0.3303284228043989,-0.22518833607765304,-0.15652724168129686,-0.23329421134831388,-0.2235066242156168,-0.1876260429368142,-0.15606720381181588,-0.2092331852660602,5,Victory
0.0,0.0,0.0,-0.13291083552892066,-0.04546353257427901,-0.043718108845679754,-0.24070449487613887,-0.11671939391170984,-0.09011488542402907,-0.29705837090595516,-0.1738305094802008,-0.1447605162825221,-0.26880259064414325,-0.2097353782818138,-0.19690668778560508,-0.24337914751936418,-0.47560053688578263,-0.06893530216956607,-0.33183964287622586,-0.6655649259793084,-0.1261635960267142,-0.38180287230185483,-0.7784879245366343,-0.15576055833733898,-0.41809474655272705,-0.8809649785351877,-0.17499718166085618,-0.13787111268954796,-0.5037583858906174,-0.09649685137462889,-0.15982777246169683,-0.740289340511363,-0.15976897654864228,-0.1831076840977,-0.882190383420255,-0.1920159190623202,-0.20497374481541644,-1.0,-0.20598346993642833,-0.04128881242422337,-0.4557282453129106,-0.12880860381654732,-0.15350522263516664,-0.4855328901536611,-0.21504632511632601,-0.2020194571372081,-0.33673401449214047,-0.2258607339225204,-0.2138587730140561,-0.22898148290172507,-0.20884492518816475,0.02629749223502895,-0.3492759576404332,-0.16411136815804053,-0.08388764503644441,-0.3187320245155142,-0.22216783218566488,-0.14391343753376395,-0.22321449490479345,-0.2191962885480193,-0.16871457050233005,-0.15373184668853293,-0.20305130528313953,5,Victory
0.0,0.0,0.0,-0.12591616216157162,-0.05355031769999308,-0.04467906667413793,-0.22455610890092984,-0.1224955034021195,-0.09356134490570453,-0.27318119112750805,-0.1875108628468952,-0.1498073039266595,-0.22576356088838803,-0.23371963410124488,-0.2029983200336337,-0.21645983254414577,-0.46855493430646783,-0.07599401098021843,-0.2905396480255524,-0.6683283580804849,-0.13585775322228355,-0.3383144900528601,-0.787929088659701,-0.1669970452940689,-0.37503033320675877,-0.8932317470238696,-0.1863826542607138,-0.11742609208648432,-0.48716768792600984,-0.10155671058761653,-0.12159436300596865,-0.7229516353778053,-0.16770361658397423,-0.1366762982529728,-0.874031861702427,-0.2022881174491948,-0.15088688834102437,-1.0,-0.21680086021002812,-0.02552657288229524,-0.4370007849389711,-0.13092681734064082,-0.1164738859643576,-0.4479103110391023,-0.21291119544948417,-0.16511237604767504,-0.30840702412785204,-0.22316868175112387,-0.18250907016679044,-0.20918143544845308,-0.20634004210564746,0.041234125345914426,-0.340036158175631,-0.1637524060365927,-0.05315619292349874,-0.30392168222584987,-0.2138514007121838,-0.11331989457782964,-0.21453994332945886,-0.2074856069025085,-0.14448786456541826,-0.1498766642709089,-0.18987109718479186,5,Victory
0.0,0.0,0.0,-0.12419760846554571,-0.06399958885927226,-0.04380061020693322,-0.2164368495419306,-0.14412525033298115,-0.092007097319088,-0.24358235020295133,-0.21359040829766326,-0.1475868358065711,-0.19167764524419223,-0.2538868117716706,-0.2007083777193704,-0.20361126841856103,-0.48046406191884783,-0.07721973375241582,-0.2717605619186831,-0.6733480329321088,-0.13600164657476843,-0.3106491872558234,-0.788701009436141,-0.16749812922960428,-0.34223314644219965,-0.8935315176594496,-0.1880416071144829,-0.10005396222051573,-0.4884272780013026,-0.10499893223883813,-0.09388133318969763,-0.71922086196576,-0.16980366139494213,-0.09677546082846833,-0.8719846797368568,-0.20546925474711283,-0.09907840895127158,-1.0,-0.22289585229074466,-0.006077009162047098,-0.42866527181903746,-0.13650495834956874,-0.07868222149086612,-0.4566635271064621,-0.2174328775228596,-0.13153027698959333,-0.32359410790533355,-0.22837089278711803,-0.1555397589226268,-0.22454641920475238,-0.21371764205749147,0.06515328663855229,-0.3271341020478959,-0.1713036723488117,-0.015714108287483566,-0.3180825819637702,-0.22253449813550544,-0.08016124095976322,-0.23575626338966424,-0.2161543015127234,-0.1190473954992609,-0.16795889383377857,-0.19969164448941523,5,Victory
0.0,0.0,0.0,-0.12430668583851122,-0.0736416584058444,-0.03847532522908607,-0.22094135560501002,-0.16008316347170332,-0.0835175605505475,-0.23139513960490832,-0.22934416840277042,-0.13802483808777172,-0.16077464400772828,-0.2537170440458025,-0.19081483369684996,-0.18891093404718137,-0.48139644351634925,-0.06421406848012194,-0.24758377060546802,-0.6769530067056906,-0.12200905684760201,-0.2845784275023609,-0.7949400412622776,-0.15260894493940258,-0.31201810285449033,-0.9000040095276809,-0.17169708788590993,-0.08834488979177513,-0.4847840054399185,-0.0938489704243517,-0.08349002002481995,-0.7132630286016234,-0.15700590749399979,-0.08647068008435004,-0.8666688615842589,-0.19228664410943036,-0.08715246277903298,-1.0,-0.20848664358786578,0.005120623217512313,-0.42480587203478315,-0.12792525959344392,-0.055404338048168446,-0.450240620557533,-0.21063603973017858,-0.10692171609088653,-0.3165199385988102,-0.22522475101908526,-0.1301282429499953,-0.2186199857678066,-0.21066523512228594,0.07843418490702948,-0.32404790831416314,-0.16477272729963224,0.014052579576900296,-0.32071902240543626,-0.21700697140424113,-0.05020295381578274,-0.24215542428789322,-0.2128148350007614,-0.08960357180461018,-0.17843196825757987,-0.19676804511663673,5,Victory
0.0,0.0,0.0,-0.12262130734956547,-0.07816262467902757,-0.052726481570519436,-0.21397519992310682,-0.17425308294851552,-0.10468638237798226,-0.22545343241381907,-0.24160353357260536,-0.16470444686926344,-0.159661031493601,-0.26665513494229043,-0.2229396796037298,-0.18062396651565626,-0.4957025463770425,-0.07198375039984614,-0.23732026937612638,-0.6929926699787716,-0.1372220616064018,-0.2718739722167651,-0.8196892143973353,-0.17715329314219944,-0.2969760811878442,-0.9330816511965319,-0.2041840450078134,-0.07871482985948583,-0.4905752646877034,-0.0991804731575409,-0.06939043406300206,-0.7209367183674187,-0.1682157070237829,-0.07065261733262093,-0.867676841217446,-0.2077037618071315,-0.0691568152913368,-1.0,-0.22844013054032483,0.014305137873082675,-0.42388259533394224,-0.13311427542889645,-0.03186421529684365,-0.487715757408781,-0.22527472709861188,-0.08747316889252033,-0.34745074284181443,-0.23974593616106074,-0.11227831343801188,-0.2448980143417939,-0.22490525301450134,0.08427522689990931,-0.315294630771697,-0.17101218537705268,0.03610786734440322,-0.3481296393301172,-0.2329726176545519,-0.029149980717582947,-0.26632539969840713,-0.22921294751817634,-0.0685296088566346,-0.1960345282801182,-0.21317853663867006,5,Victory
0.0,0.0,0.0,-0.11803135583985763,-0.06690652131688593,-0.04773600008979318,-0.21343479919448946,-0.1654108630691766,-0.09385513851956603,-0.20427108509445685,-0.2360400313295784,-0.14714598911284477,-0.12498834008315332,-0.27566618412658567,-0.19870701536969854,-0.17127978735722252,-0.48699179602282155,-0.07694019627004706,-0.22094779307403498,-0.6844435137353394,-0.13933173452983666,-0.25532105740908206,-0.8065679906591063,-0.17480594441379682,-0.2816987309406189,-0.9160373437933517,-0.1985006540260191,-0.06917489738846852,-0.488316123836076,-0.1035202077278871,-0.05528616718623995,-0.7252611522947995,-0.16839559071458907,-0.05519527525674412,-0.8691877552711776,-0.20397086031659328,-0.052831402974058965,-1.0,-0.2216987726824488,0.021843223529175032,-0.42306032273967714,-0.1350791155888794,-0.02006648241582222,-0.47703137067587614,-0.22144057053845656,-0.06924600795995026,-0.33722406497698626,-0.23233193473082206,-0.08894943424463435,-0.23663841740950498,-0.21554557663742438,0.0895295737270824,-0.3161700494209945,-0.17022335195769053,0.04037136430150405,-0.3350332795769245,-0.22969506691787117,-0.018341923160679025,-0.25629119659651506,-0.22512401713995955,-0.05187371239985901,-0.19086571919646078,-0.2078674467874745,5,Victory
0.0,0.0,0.0,-0.10837426812366235,-0.06675557259644076,-0.05227046018854491,-0.19671318688648012,-0.17007816109293533,-0.09980378659901863,-0.1805778606076542,-0.24417196488041173,-0.15353653706773027,-0.09984160357523358,-0.2638379495624718,-0.2060915502307665,-0.15166911629391477,-0.48318696679576534,-0.07966159341963293,-0.201377256214947,-0.6770361151530834,-0.14410513387654517,-0.23356759312512027,-0.7990045050094267,-0.1820090015463892,-0.257422126122804,-0.9117196592800715,-0.20717299605908446,-0.050399290987432,-0.48207546807435553,-0.10439931481582618,-0.03509130317725209,-0.7175209632569881,-0.16864994494446042,-0.03159373132879445,-0.8672022672758085,-0.2027045433470171,-0.027432158594769496,-1.0,-0.21905152754683405,0.03954759941767664,-0.4150461238795531,-0.13472619775507158,0.007069522970449778,-0.48841254725964756,-0.22085173294537253,-0.040559576575906496,-0.34576060838753764,-0.2299650490702054,-0.061330250609264024,-0.24062183866262574,-0.21144085607659327,0.1083566336010638,-0.3082001228480208,-0.16924995521089536,0.05925548791581244,-0.33338484010725983,-0.22998565177977598,-0.00038045173012126615,-0.2442978509278727,-0.2245950532151912,-0.03591296717080449,-0.17302714214926768,-0.20599988563310076,5,Victory
0.0,0.0,0.0,-0.10903708375872839,-0.06731754338138739,-0.049120066647707655,-0.20329589856799996,-0.18106239186947543,-0.09176316531441708,-0.19189272739259108,-0.26306181101590576,-0.1413425921402305,-0.11387794591647468,-0.2938000117596121,-0.18933814620504735,-0.1592969533695743,-0.49449044353337146,-0.07022324744461737,-0.2097285845881374,-0.6847506338609123,-0.1304544385240607,-0.2401726168522369,-0.804891464125165,-0.16608566243242123,-0.26206509479850976,-0.9140994186119025,-0.19030065264165325,-0.059138376781536696,-0.49458060055982883,-0.09567081984195684,-0.046661250118041564,-0.7258253555055475,-0.15913845997288054,-0.04390041390271237,-0.8706346448864396,-0.19390646598810032,-0.04022286246777243,-1.0,-0.2106408395125808,0.030854905985464406,-0.4294204114795196,-0.12681219933354962,-0.0013776563805695573,-0.5000702013209964,-0.21427313425835046,-0.04815828437949338,-0.34929896675771455,-0.22395775393289427,-0.07028524186493194,-0.23931897591595797,-0.20535460431677435,0.10137391468579564,-0.32406693713774604,-0.16183890567999848,0.059583282107750116,-0.35821328729267005,-0.2243478256130756,-0.0011889680583989466,-0.26954064460492155,-0.22001369583328323,-0.041783149188497674,-0.19591496018658586,-0.20205859438881088,5,Victory
0.0,0.0,0.0,-0.10646904317641286,-0.07402503123113646,-0.05099911778434853,-0.19490635725524993,-0.18509062457930248,-0.09589682246771619,-0.1726099314290181,-0.25655672920614286,-0.14815089264838632,-0.0889877492881617,-0.27807020527867726,-0.1989358350607763,-0.15105103811863343,-0.4884848302806677,-0.07090975891651523,-0.19852127987585713,-0.676463882620144,-0.1345548082295026,-0.22680346242203073,-0.795852230040662,-0.1737969980930989,-0.24790745957322996,-0.9070560654992567,-0.20014396072936871,-0.05077683380692716,-0.48896017324414426,-0.09611084667745626,-0.035097572873858056,-0.717127509890463,-0.16071017254812822,-0.03090489232314781,-0.8660556992662312,-0.1967420331928431,-0.02656474145830227,-1.0,-0.21468950969530323,0.038673773227931564,-0.4217681744948373,-0.12756084763646566,0.008711967134566753,-0.4926666541211348,-0.2144476538564921,-0.03677801067431751,-0.34449662501067574,-0.2238113176415466,-0.058105837001695096,-0.2350993461365311,-0.20499562097368812,0.10945463849326233,-0.3145532753247242,-0.16338339995495232,0.07296324496936236,-0.3521355872828839,-0.2245922543802198,0.01121860058452528,-0.2649563849760501,-0.21922098746003688,-0.031126912047618978,-0.19039738454612437,-0.20054717442416775,5,Victory
0.0,0.0,0.0,-0.10325020110851975,-0.07068407113658834,-0.05177804266323946,-0.18917208882750508,-0.18558216816909992,-0.09647771039658891,-0.16473873948901668,-0.25525691958865154,-0.1480177912416611,-0.07982948798120948,-0.28015992134749895,-0.19778807335370774,-0.14566779267784424,-0.4876469805716088,-0.07210037295915549,-0.1907673225095248,-0.675688144896892,-0.13565398169170567,-0.2176622474996398,-0.7973787904303667,-0.17342430129856107,-0.237044207761407,-0.9082552698170658,-0.19870876897729892,-0.045238454086270856,-0.4897951475268719,-0.09746518501159,-0.024583881322573643,-0.719462735319078,-0.1634393508119761,-0.017355029592340226,-0.8696393017821734,-0.19972679449145686,-0.011435640298941412,-1.0,-0.21702654918144018,0.045617639916439086,-0.42422971659820563,-0.12906253019487973,0.021668498722597008,-0.48846468062714166,-0.2176687283907806,-0.02746425648439092,-0.34317939027360705,-0.22875924601813122,-0.05496186215987049,-0.23915110278957694,-0.21094156549306387,0.1175435538593121,-0.31863585962975394,-0.16482328466413196,0.07814544595606972,-0.3390663847892313,-0.22666200106666443,0.015983843514540432,-0.25014509661868684,-0.22259344581626728,-0.028154087265804845,-0.17985310878948332,-0.20502256773022343,5,Victory
0.0,0.0,0.0,-0.10320711402647145,-0.07186692822821898,-0.053670048384820285,-0.18645700698585757,-0.18524117486285274,-0.10113046318002523,-0.1577594883691861,-0.24968680709275828,-0.15533208711906385,-0.0719932314885035,-0.2743239650641824,-0.2080791130690668,-0.1398529695724812,-0.4952688515078501,-0.07419948781848916,-0.1844833553011456,-0.6813152329754119,-0.1383106822611457,-0.2097456864265039,-0.8025167370476193,-0.17596620597658838,-0.22743933665602323,-0.9129667926900822,-0.20073722301633473,-0.03802549012474546,-0.49684288490079037,-0.09907115568382413,-0.01313721813804368,-0.7268136970941855,-0.1657282609884678,-0.007805242984525519,-0.8731713778529006,-0.2022253673938341,-0.004659228393420664,-1.0,-0.2191125983580951,0.052552603815403214,-0.43089448640560885,-0.1303367278777043,0.02377337053402772,-0.4972201156131911,-0.2207214024602459,-0.025366060243110455,-0.3495184338395725,-0.232624225440723,-0.050727083280862444,-0.24243173887127423,-0.21434660919554915,0.12425069238253283,-0.324815232509004,-0.16556878446604242,0.07882536102303775,-0.3526394489670464,-0.2275109955939753,0.017642905049611808,-0.2609873109065757,-0.22234095726457379,-0.023267224677082487,-0.18618499789650036,-0.2034521601025726,5,Victory
0.0,0.0,0.0,-0.1015268406212253,-0.07409814910670377,-0.05066317730576658,-0.18424392664384065,-0.194057470782537,-0.09288430881615897,-0.15684865975558657,-0.2632894744374552,-0.1424810757868666,-0.07155067551908352,-0.2805799782056663,-0.19052644842435956,-0.13751500645686218,-0.497108031162093,-0.0638797719771425,-0.17914343947529615,-0.680554014103715,-0.12375333617246123,-0.2037502430672062,-0.7992419073162813,-0.1589764750994273,-0.21981585431590409,-0.9062540799742353,-0.18216333224091266,-0.038311085028001894,-0.4982258171443957,-0.08824854052342425,-0.015850474842059408,-0.7245194009642174,-0.15059400356437458,-0.010188417018933296,-0.8723541222813176,-0.18510228714702917,-0.0037404188124137952,-1.0,-0.2010682362245187,0.05069001539933472,-0.4313279973348939,-0.11922151777491907,0.026937478774900655,-0.49594703323201916,-0.20400380942638924,-0.023098263415232287,-0.3516484896408589,-0.21529133803352965,-0.04872571844018164,-0.24624309970750682,-0.1978669972604162,0.121150789569079,-0.32358380689503874,-0.154484256112356,0.08037662351812104,-0.3441724533435614,-0.21272982979620594,0.017086078015293705,-0.25394479839872036,-0.20840676527134994,-0.02549726518230548,-0.18118418834204436,-0.19100917804923367,5,Victory
0.0,0.0,0.0,0.02499255831041212,-0.21974005920614298,-0.0019874998669087763,-0.06546898406841868,-0.4252448179468697,-0.03294567378119317,-0.21703937760193903,-0.5003617782697815,-0.06756326092625792,-0.3325271250343288,-0.5175182829127288,-0.10479135507772647,0.018977975630058,-0.46900968238080715,-0.08730969331055101,-0.05080385403739699,-0.7237287138881024,-0.1457375185457296,-0.08336086707960214,-0.8752610653832,-0.17821188298603272,-0.11488725916055316,-1.0,-0.19553978519950344,-0.05031370283317702,-0.40229031258733755,-0.11671700365659109,-0.1511166171867564,-0.6833100332163073,-0.16729582615395544,-0.20654523122587512,-0.8451384396762395,-0.1851449118719133,-0.25337376802904654,-0.9708466126823365,-0.19715723491580986,-0.12916363290251356,-0.31938746558786923,-0.14145423699099546,-0.27413183824585885,-0.4933823524954062,-0.19233963133385637,-0.2505338010331672,-0.44097679223469544,-0.1782513269720866,-0.20666435888404364,-0.37471756438804454,-0.1547511513876184,-0.21138824037233303,-0.23436896594161472,-0.1647071487983348,-0.2929205130552395,-0.3865500023946781,-0.1935865690255443,-0.25915994691695804,-0.35058254334215827,-0.17026958442241522,-0.2168232503238878,-0.2965886143058677,-0.14560508185768464,5,Victory
0.0,0.0,0.0,0.02162030165589821,-0.21527615337924394,-0.008484389271166945,-0.07011948653478321,-0.4203691779032004,-0.042968008494400176,-0.22040228335225,-0.4978180499490009,-0.07947077016228309,-0.3343742727453953,-0.5196473837606896,-0.11737964741377395,0.013878215452407862,-0.4718438304822221,-0.09259993199548466,-0.05302801626845271,-0.7268256642022823,-0.15060912084344782,-0.08417008274574389,-0.878141404666289,-0.17931750102153785,-0.11567389553398255,-1.0,-0.19259363160540058,-0.059926524377797837,-0.4073302198517674,-0.1185243145013854,-0.15679631626639665,-0.689127914270296,-0.17225719040243617,-0.21932806963646284,-0.8488542564638315,-0.18913554992761283,-0.27118562502402455,-0.9661290433121182,-0.19798907857812925,-0.14048659348505024,-0.32666868894972295,-0.1399351556569116,-0.27443076357375557,-0.5004709555555622,-0.19288877964575762,-0.25072937770397175,-0.4464146143125792,-0.17634976214754625,-0.2093727456038437,-0.3818296377501048,-0.14955627779754388,-0.22115035922838974,-0.24271434288365445,-0.1603642217197142,-0.2906655446770103,-0.38802878952354075,-0.18595401123640146,-0.2550080558579213,-0.3529188368217219,-0.1595910225026834,-0.21400467767181983,-0.3061334772372475,-0.13246242370049874,5,Victory
0.0,0.0,0.0,0.02654336254314003,-0.21256189574827797,-0.009806526644072935,-0.06248382836150199,-0.4193889770503683,-0.044492251029174805,-0.21452496916018737,-0.5014713653937084,-0.08165804969575227,-0.330672852921344,-0.5266318414205934,-0.1207192564814883,0.02308328967022261,-0.47034920214905196,-0.08991999039761453,-0.038104552414902036,-0.7273074983029646,-0.14834706786587076,-0.06702128379318044,-0.8778728384880862,-0.17815284470214574,-0.09719581345314941,-1.0,-0.1923408499131532,-0.04960590440522574,-0.40745402593927055,-0.1165869095210046,-0.1447015284970393,-0.6909857539234782,-0.16986400138493207,-0.20529565250728993,-0.8511086170307932,-0.1866266329286667,-0.2568898885256352,-0.9724147366569418,-0.1959182305925838,-0.13095775941713694,-0.32724044379260914,-0.13952236166159956,-0.26509790184031556,-0.5066068989468984,-0.19424870859652438,-0.24205821263646757,-0.44947735820263846,-0.17842250982801203,-0.20129132553686832,-0.3819585780534797,-0.151839117546347,-0.21549891337113544,-0.24304583837307114,-0.16155721046194776,-0.29221588846098623,-0.40018056606936536,-0.18940443367603885,-0.26147199684873873,-0.3603053836803454,-0.1624530684928154,-0.22345720125599414,-0.3049655669075467,-0.13475229210382106,5,Victory
0.0,0.0,0.0,0.029095465842773366,-0.20912914949520586,-0.01279719053038241,-0.05867282724244889,-0.4117517431007802,-0.047414405318572744,-0.20230445040874193,-0.4972298806747548,-0.08270805865898716,-0.3147994984601037,-0.5187480106762973,-0.11981932883344137,0.017407975482913438,-0.4615436052325863,-0.09614433358107105,-0.04372500064639089,-0.7201501885529671,-0.15557415328704788,-0.06476316683393579,-0.874433293499804,-0.18636695246275833,-0.08438328513387126,-1.0,-0.20049256241058047,-0.05872230957992913,-0.39946080597663425,-0.11815046084667113,-0.15746097062056796,-0.6797754244856438,-0.1695908798030723,-0.21724038935615603,-0.8412349543231961,-0.1842867996945856,-0.2658659245603873,-0.9610223318395512,-0.19186911348868618,-0.14104992307205372,-0.31823829802156833,-0.13633061340681002,-0.2690448304033747,-0.48365804940922846,-0.18744765117119502,-0.24376351662799714,-0.4363631878750739,-0.17245316555420973,-0.20235304117257388,-0.3713783163939293,-0.1469628892050136,-0.22101858128640406,-0.2343282898993324,-0.1539980646830531,-0.28401984999570556,-0.3837319608646719,-0.18113133480876797,-0.249725766805346,-0.35215970342694164,-0.1570089924783668,-0.21215916253892833,-0.30229755557252846,-0.13099441510062163,5,Victory
0.0,0.0,0.0,0.028534643556071,-0.22025816073295557,-0.011116106303071442,-0.062095209025881136,-0.42455165478385315,-0.04503940906685626,-0.2087238011171114,-0.5093079624095521,-0.08005574443744323,-0.3250791779465695,-0.5283421518711421,-0.11696553779671996,0.008791503021249942,-0.46143899827567025,-0.09085317497328071,-0.05751153825742255,-0.721904234487254,-0.14864037061829127,-0.0858282044693451,-0.8754515833940242,-0.17714788881280322,-0.1124416790671889,-1.0,-0.18932102024174816,-0.06757822373350515,-0.4009814677281094,-0.11390889839271261,-0.17390484374442503,-0.6883592602442605,-0.165623123798077,-0.23503534561102468,-0.8493683604235897,-0.18069255048168215,-0.28446448183607087,-0.9696971014410192,-0.18750490466998038,-0.14919379864949991,-0.32478849151582406,-0.13296637162752337,-0.27231636757996275,-0.499761334297191,-0.18703999752323186,-0.24396417136077528,-0.45350861070475645,-0.17458161410558096,-0.20393384642461687,-0.38773237299371643,-0.1492052808682936,-0.22933330414975495,-0.24675949843023331,-0.150931381466487,-0.2896912907107171,-0.3980608111815481,-0.17713231632544185,-0.25483695324640826,-0.36520155108720326,-0.15213805247271178,-0.2181668375205272,-0.31434896583692357,-0.12513947269855072,5,Victory
0.0,0.0,0.0,0.02359117960097138,-0.21446772313855805,-0.010328652915480461,-0.06624582354972816,-0.41327222994812723,-0.045075297048924115,-0.20989591698793783,-0.4938119025327221,-0.08040430025121299,-0.32433219161904026,-0.5129058105954026,-0.1176551098215772,0.008063985190257472,-0.46291843049002535,-0.09694594147938145,-0.0636222651833529,-0.7211723139757797,-0.1555552478380837,-0.09180969588828386,-0.8739414247928515,-0.18518303743092224,-0.1170647819757611,-1.0,-0.19826286834982904,-0.06467129861040188,-0.3995962533534952,-0.11920809545769262,-0.17764597498846363,-0.6817796465919611,-0.17001816821817123,-0.24116161218516438,-0.8377231520552582,-0.18509731137906565,-0.2910189691338223,-0.953761545928843,-0.1930878117402661,-0.14459879757823998,-0.32168148885662556,-0.13665352509874323,-0.2741726470570151,-0.49679373693301015,-0.1873057554457881,-0.25122273506634557,-0.4455805099037304,-0.17189491826312445,-0.21306026370855738,-0.3783727849385494,-0.14615099872031406,-0.22515166743825737,-0.24180093019796062,-0.15303549616581644,-0.2911410439314803,-0.38927658384926433,-0.17676137608290754,-0.25829542490952745,-0.35322762615658,-0.15019916922551327,-0.22207190325557288,-0.30250164853466,-0.12283539660137151,5,Victory
0.0,0.0,0.0,0.028698977962960153,-0.2144775384572855,-0.011174500319881825,-0.061283610733800266,-0.4177510858213939,-0.04575603277748675,-0.20474454632880515,-0.4943220581786025,-0.08175658119072042,-0.31810100959717524,-0.5144585631565766,-0.11977908179581166,0.012450231151614456,-0.46822208042913327,-0.09276444347060205,-0.054047605919512576,-0.722545346536617,-0.15048206297630973,-0.07854467406277714,-0.8744126558494932,-0.18041641677417186,-0.09915503571878755,-1.0,-0.19431695134279778,-0.061108731477860424,-0.40428598407366806,-0.11637626050062645,-0.1697490137125469,-0.6781378844808332,-0.16656232511791055,-0.23423453742108086,-0.8377428496694947,-0.18295256036506496,-0.28542337832167297,-0.9566783217781314,-0.19317755064078676,-0.14344756424296137,-0.32378278253629306,-0.1359028853415036,-0.2737970628397957,-0.5038624427416921,-0.1851452367403348,-0.24968460886767033,-0.45357429010515443,-0.1685261861093347,-0.21109683998893633,-0.3846180773768592,-0.1434347500997428,-0.22643423150257488,-0.24132450904226413,-0.15494723067935634,-0.296228782932025,-0.3957843582524755,-0.1789119894293663,-0.2641067388459261,-0.3589891017471249,-0.1521076588090152,-0.228934073375069,-0.3032227512503341,-0.12536922716945156,5,Victory
0.0,0.0,0.0,0.030417762594245813,-0.2188387092559195,-0.010478866507561801,-0.050247060706642026,-0.4236342022651958,-0.0438466039488034,-0.18216877695521547,-0.5065669534663483,-0.0782957887924999,-0.2886255264090211,-0.5125081999684622,-0.11502206107570076,0.020873726870446585,-0.4499533912159295,-0.09975501160030571,-0.02276643846823847,-0.7150938218935669,-0.1632825133071167,-0.036682404864775135,-0.8721958632068566,-0.19706346939448524,-0.04874025618052671,-1.0,-0.21317065371017652,-0.047870740285283174,-0.38654703299973187,-0.12437281845730569,-0.12946536354109162,-0.6770091444682248,-0.18068251972157823,-0.17430185565026454,-0.8437912318468511,-0.19881373020470894,-0.21105553230973179,-0.9737899459848885,-0.2081998543583935,-0.12417669940912712,-0.3086092467432502,-0.14473589405500134,-0.24640604551119843,-0.4866218386875774,-0.20540152695893202,-0.2221965016833507,-0.43839058190747676,-0.19657642690372606,-0.1803736186264084,-0.37164989156293404,-0.1729477296422557,-0.19917081206191975,-0.22989014343745648,-0.16361589455093425,-0.26316842920825056,-0.37668554082374156,-0.200190352343332,-0.2287307889104651,-0.34081429807230584,-0.18073881330316707,-0.1880553817480655,-0.2857385732752745,-0.156575855986954,5,Victory
0.0,0.0,0.0,0.02627641731213836,-0.21850695642476664,-0.00968328973410567,-0.059735065335531766,-0.41894584474400554,-0.04537014183776085,-0.19799551381891964,-0.4920560765150591,-0.0826606239338268,-0.30059449009544925,-0.5057662470632878,-0.1218467121321169,0.01665590152854982,-0.4559185931024779,-0.10259935620222227,-0.04423925400960854,-0.7200946334227226,-0.16717263386120515,-0.06420687626627587,-0.8745794298792833,-0.19928692445107735,-0.07900334031133827,-1.0,-0.21326376605685174,-0.04876225859832663,-0.38874158653936114,-0.12722920322748904,-0.142715194861474,-0.6712633681684721,-0.18319102840114707,-0.1853165511940322,-0.8322328443241277,-0.1988795456786324,-0.22000429607597619,-0.9565437694548998,-0.20538673486988487,-0.12373013158416679,-0.30392986169479447,-0.14709430719028233,-0.26293586647137235,-0.4498422651547074,-0.20201738385428203,-0.23948872205211724,-0.3956072248920929,-0.1858447534507877,-0.19846224430302156,-0.33331217727974566,-0.15778903843480463,-0.19712866448170538,-0.21251804688710377,-0.16585071107531216,-0.27233364493605655,-0.3248022046204522,-0.19180986242816445,-0.2374366347504646,-0.28637447861429843,-0.16330779335115467,-0.19923134668509837,-0.2397232848066354,-0.13345825143709564,5,Victory
0.0,0.0,0.0,0.0032133185769227324,-0.20547416294796264,0.0021183023442263096,-0.0719634479220303,-0.3938097516481269,-0.03355539278878564,-0.20042113222606714,-0.47241759983048454,-0.07656279308571567,-0.30271542871686874,-0.4760204209283627,-0.12333076483550864,0.012948410530097178,-0.45212593935436485,-0.09060697386090909,-0.055607430880291145,-0.7194550177098549,-0.1518875004646108,-0.07942314707534881,-0.8734261982299103,-0.18148344681210574,-0.09654998373726588,-1.0,-0.19624423326742585,-0.024058190008658015,-0.3970280123664734,-0.12745716334570012,-0.1280847070684669,-0.6728554117838567,-0.19048997831532294,-0.18417121678301807,-0.8314864138987843,-0.21423928448499963,-0.22616721797283862,-0.9545301367150759,-0.22627826377217602,-0.08061621090341418,-0.3208113884235897,-0.1587139008744379,-0.24602582330670653,-0.46491774577809847,-0.22195585916091096,-0.2459399535994697,-0.402996729229029,-0.2149025546134922,-0.21237493679464445,-0.3408573318057998,-0.19303479504373033,-0.15314074631895408,-0.2383826471530331,-0.18785637678844833,-0.2747012089404574,-0.34932630890298977,-0.2251130187948589,-0.2611836799370371,-0.3016108601086715,-0.205501539837416,-0.2225667135037528,-0.248788634804475,-0.18150777141442553,5,Victory
0.0,0.0,0.0,0.03215975246514299,-0.194626027406333,-0.002737379000914105,-0.0399652107315681,-0.4058097717021995,-0.0322580842283208,-0.17844417069019186,-0.5080426851920424,-0.06586952746590838,-0.2831849761900031,-0.5509536642829576,-0.10164919667433511,0.04338829291143066,-0.48114587830258715,-0.075257268440899,0.0021752324251877193,-0.7326988416221264,-0.12802004204211814,-0.01139140817060108,-0.8813633563876963,-0.1545163685621015,-0.023083113115698703,-1.0,-0.16774397108898972,-0.015328231148136173,-0.43829992588163824,-0.10185747581877681,-0.1044901818759833,-0.7081679819514864,-0.15339931536306028,-0.15659611272975338,-0.8657306137734916,-0.17540865113067905,-0.19796300945836998,-0.9875202982556596,-0.18818426561765775,-0.08664638195823,-0.36994169275259703,-0.12325856950113477,-0.21497666566116166,-0.546284839694206,-0.1721355479977784,-0.20957824785637777,-0.48538841694378265,-0.16017485541557533,-0.18654781838532758,-0.41846543681966597,-0.13798116452286152,-0.16476433552075825,-0.293516991529072,-0.14333276914625775,-0.2418328308818881,-0.42485611344022994,-0.17046812946024023,-0.22225739482688756,-0.38289660097166706,-0.14909767696192158,-0.19338449968901597,-0.331321871780653,-0.12474450229065248,5,Victory
0.0,0.0,0.0,0.07123685645649122,-0.2029859858445157,-0.015355498833222663,0.01571582903142067,-0.41971461481079814,-0.049268571060232386,-0.11205473094812148,-0.5360952776198428,-0.08070078058418638,-0.21085102098090885,-0.5843625597145312,-0.11321299767302588,0.06654204548497696,-0.4299622715461081,-0.1099254477377384,0.06222710414728168,-0.709151282385086,-0.15966962976495125,0.058722829994716806,-0.8645644014475913,-0.17900000582195708,0.054712836977568964,-0.9852838441940084,-0.18664695260042574,-0.030462324873365178,-0.39196679437861054,-0.12303634861854369,-0.09868406285898183,-0.6962471697467737,-0.1698089292290007,-0.13454242504501857,-0.8703477386069682,-0.17864637412739331,-0.16660054293184745,-1.0,-0.1839238956746237,-0.12602662709665516,-0.34357567540248146,-0.1297152779744015,-0.18091778918349855,-0.5922300715885532,-0.16521425198583878,-0.13444614186969853,-0.5496422584689334,-0.13942573418792478,-0.10553255199484962,-0.4765343815299768,-0.11216286091840974,-0.20440747844735174,-0.2938322576810213,-0.13639678081545176,-0.20885848555852987,-0.4849795924559191,-0.14941216282668965,-0.16749541919635746,-0.45352099987136446,-0.1182628625282892,-0.14989541201381834,-0.39213877284771115,-0.09009537051460709,5,Victory
0.0,0.0,0.0,0.08534094628744036,-0.19336812637453724,-0.019892710691683524,0.05204695197711856,-0.3975580062738932,-0.05147795777143028,-0.05121712244674008,-0.5160836805045164,-0.07733264226949144,-0.14150542441765174,-0.5695393545989478,-0.1045537972009033,0.0625207124730689,-0.40275849048983425,-0.12435873716780091,0.08118412807395799,-0.6789528712868808,-0.1784548151000805,0.08479398828345198,-0.8370339096742845,-0.20278532770179566,0.08678958663343592,-0.9624765519542008,-0.21199865055933345,-0.03837691542924071,-0.37240169510018617,-0.12772961633469654,-0.08163042952483689,-0.6668327578064009,-0.17549748095523307,-0.10654143926973748,-0.85779420634656,-0.18687276725111732,-0.1338445684362026,-1.0,-0.19258727693238356,-0.12951649319456818,-0.33015866008751643,-0.1231291872372195,-0.1472522404692881,-0.5730191283455585,-0.15418590180419517,-0.09701100130728285,-0.5409987603433218,-0.12799744025429402,-0.07082182553417243,-0.47056265447767465,-0.10010196566647321,-0.19337783198307967,-0.2855468304221987,-0.11866049807827467,-0.1717407431584461,-0.4728447248217338,-0.12658881597577687,-0.12937826654387508,-0.44391387117745784,-0.09271140892615506,-0.11259366890631411,-0.37976997394670275,-0.06155160162005472,5,Victory
0.0,0.0,0.0,0.08505040309364303,-0.21799127294374843,-0.023493781658592082,0.062273959028333756,-0.40480234458055625,-0.048171223722300135,-0.010940444259519204,-0.505243884008268,-0.06680716411253242,-0.08082057438016707,-0.5469954154644405,-0.08480281866552328,0.013900416701304132,-0.43971878172749723,-0.10306534077527119,0.03944219106827415,-0.7011940596544303,-0.150727236284282,0.04245763147745198,-0.8488299068296628,-0.17343149095111904,0.04034826391745329,-0.9644411429397994,-0.1812609926485109,-0.09288464117915966,-0.4167868832808453,-0.10319677104346385,-0.1072988209239004,-0.6982077219190533,-0.14590369321527824,-0.11893153423101155,-0.8758655704275341,-0.15692977065173033,-0.13350232093823564,-1.0,-0.15854495103860283,-0.17446678354799916,-0.3740748195165988,-0.09797386761377137,-0.14493030702024207,-0.5968278373702247,-0.126078289087914,-0.0921492944114366,-0.589709496245683,-0.11085918449362472,-0.06491495463944885,-0.5348646430319338,-0.08947667025888746,-0.2217776460633663,-0.3298364501768708,-0.0938032437518552,-0.16721690410078285,-0.5010698114074701,-0.09820026876704406,-0.11869222957168789,-0.4934303595347203,-0.07038173243847891,-0.09474346641371352,-0.44402035861697753,-0.04237669407409528,5,Victory
0.0,0.0,0.0,0.08457129106533057,-0.20437213612459143,-0.015806927024946453,0.06353403563085447,-0.38712610726392904,-0.036822797844082426,-0.009457242193729648,-0.4810241997923939,-0.0533559118938217,-0.0775363129929669,-0.5211422443151992,-0.0695667518366823,0.019321135534282052,-0.4444749095374734,-0.09495529294387826,0.03696114746194442,-0.7060129127646523,-0.13793300102793532,0.03959888463052446,-0.8514622810815532,-0.15639374473098858,0.039855572320997575,-0.9642884515991137,-0.16041694467059828,-0.08454974376060916,-0.42592759700697813,-0.09657891489251239,-0.103139283223847,-0.7030396739386651,-0.13134097191101907,-0.11372508357895815,-0.8785708150000477,-0.13808381408438722,-0.12419823057582786,-1.0,-0.13654575771201047,-0.16361808458054627,-0.38597065112484163,-0.09212236467095113,-0.13186415422201359,-0.5757979227241347,-0.11061448934799463,-0.08292154843270111,-0.5633103196549886,-0.09516113116440061,-0.05755502010262301,-0.5082283227606927,-0.07514845730006649,-0.21160103993944773,-0.3402848698296953,-0.08859998591503176,-0.1524048816648055,-0.48116447419225805,-0.08572693663301978,-0.10800102038779942,-0.46365504760797444,-0.056940731738108444,-0.08645877711381228,-0.4124467933416804,-0.029021464662447902,5,Victory
0.0,0.0,0.0,0.09806918796514276,-0.20386182792003943,-0.02470955627619967,0.08559718826334667,-0.39340768434184886,-0.048338159130482804,0.0131811076178284,-0.49881897858173757,-0.06631283899082785,-0.05918386483908055,-0.5418781371108934,-0.08340238071928059,0.03446934265841791,-0.4401118322882607,-0.09644675391156503,0.056240557361734146,-0.6970870079781193,-0.139557184437627,0.05721175855268599,-0.8425840125432017,-0.15943730515778942,0.05382449418910088,-0.9565060578492276,-0.1655717256637343,-0.0750211421908435,-0.4220483637808062,-0.09666147018685849,-0.0955022755520558,-0.700566733024801,-0.1344078706269422,-0.10816793306254245,-0.8775899183783299,-0.144288477675737,-0.1215100824370714,-1.0,-0.1453728430984119,-0.15874807652657685,-0.38103688176564665,-0.09170784358765269,-0.12403214777867214,-0.5858320529591495,-0.11588068813255975,-0.07317891768290907,-0.5714217278819486,-0.10041768543765844,-0.04989760889393143,-0.5137349980721584,-0.07967750745593974,-0.20898218406402996,-0.3371866383683587,-0.08820215492592424,-0.1502902537412359,-0.4959799259848592,-0.08988231842553343,-0.10405350546843058,-0.4797856193497058,-0.060118496499858426,-0.08564451066020713,-0.42534098335067033,-0.03125343382097977,5,Victory
0.0,0.0,0.0,0.0904667586806718,-0.20187944725358353,-0.024509848644898736,0.07305926407515485,-0.3845341592994264,-0.048379644147732236,0.0049061176353696655,-0.4861007733352341,-0.0662334975761899,-0.05658098132432489,-0.5332548550347428,-0.08374693788480402,0.022687428136558,-0.43765993553259763,-0.10089270916448267,0.04897621819558952,-0.7066256563557702,-0.14480790508303515,0.05395433427003302,-0.8528452703145396,-0.16462280249605923,0.050842417736383476,-0.9696932650500137,-0.16980071423893267,-0.08233482298103777,-0.4261440731964931,-0.09880747237241633,-0.08919829018106887,-0.7060076217547604,-0.13398969862175125,-0.09725189157899057,-0.8795877945366144,-0.14151735142223854,-0.10970099768237025,-1.0,-0.14029060601807888,-0.16349686338800176,-0.39096477188374557,-0.09128351849173645,-0.12281522536591406,-0.5778535681346428,-0.11330540205730076,-0.0779544379477853,-0.551090596355871,-0.09793045938605786,-0.059588068130682924,-0.4860186951146899,-0.07700029715197511,-0.2122153271717069,-0.3486394814960412,-0.08517834785183594,-0.15150170744298264,-0.4828621395488146,-0.0860905680749015,-0.11057045083262595,-0.45192714621946994,-0.05705496556676387,-0.09523535929741044,-0.38921175388917567,-0.02794833209857746,5,Victory
0.0,0.0,0.0,0.07933777275586372,-0.19004480243759547,-0.02053892815315573,0.07273810899527065,-0.3878798199043115,-0.03969272888165287,0.007875357134818569,-0.48419294380484396,-0.05456040841338279,-0.06293310383317095,-0.5137299196047105,-0.06932771428344918,-0.010560785171294195,-0.42674043156261005,-0.08613965766423654,0.0011745871237091065,-0.6854977897210035,-0.12304546158728849,0.007065356561691388,-0.83231887904665,-0.1415122018376365,0.005043375372487724,-0.9505953583314103,-0.14871346936197083,-0.09364970049610377,-0.4228018900684538,-0.08806497308014241,-0.09484053940688024,-0.6961281843165509,-0.12556280767333683,-0.09730088738352916,-0.8674067749673292,-0.13965547112047172,-0.10625691644776493,-1.0,-0.1425707972244445,-0.1549479896071979,-0.4006629290912238,-0.0842411289327669,-0.1051253318402783,-0.6037863931265584,-0.1137864913019553,-0.06435348125863331,-0.5646848810847392,-0.101935900308595,-0.05337345750945102,-0.5027914601605058,-0.08142989336764372,-0.18613919598094744,-0.3752629679373095,-0.0810994463564876,-0.12600391639304098,-0.5115035685976067,-0.09102446125815385,-0.08440617300401268,-0.48315182268466145,-0.06696279611730946,-0.06753063371973994,-0.43120406398227895,-0.040140021567636776,5,Victory
0.0,0.0,0.0,0.058912279033522946,-0.2340409071924293,0.01381008508307782,0.019069165816340345,-0.42391577738121844,0.0009597238044130089,-0.06078365213554972,-0.4913206635267454,-0.018070945885884756,-0.13914456368339037,-0.50563803994918,-0.038935828816773974,0.010390237292037823,-0.4940263293220578,-0.041028059918520224,0.029357638387966723,-0.7373971032212465,-0.07743863502344284,0.03963958377635971,-0.8778514055584454,-0.09611414864415371,0.04402169724713822,-0.9904646011939257,-0.10306772197657522,-0.08211389356196473,-0.46577697697810555,-0.06391013915867302,-0.14535873881172184,-0.7190227857291149,-0.10021779059729759,-0.1740323580658443,-0.8789823883987032,-0.11266985752258411,-0.20081398425272542,-1.0,-0.11664360482075674,-0.16279863068596467,-0.4089538416144869,-0.08084040080452157,-0.17369160943204678,-0.5866906728554253,-0.1065598948083766,-0.12976381461642525,-0.5416620092494637,-0.0879702173558116,-0.10866899682163263,-0.4740900865511914,-0.06388251452451979,-0.2200073148955736,-0.3415563727226342,-0.09663386633754507,-0.19462703044537863,-0.463770164823986,-0.09954963511474924,-0.1552907381717612,-0.4315941183848574,-0.0666793476390565,-0.13823149975608362,-0.3792869037483017,-0.03500983240702144,5,Victory
0.0,0.0,0.0,0.0735875016708431,-0.20579612376060613,0.011895990273609354,0.04036552872472654,-0.3969682706711899,-0.0022599277294554497,-0.05126955651706067,-0.4889117968301428,-0.018556438372461837,-0.14215657049850086,-0.5214638291074061,-0.03691597377203349,0.04779114176927016,-0.4790097647205104,-0.07091285487097525,0.06521513826855321,-0.7231473101284505,-0.1164916919539696,0.07919410044066529,-0.8754596913929096,-0.1434122450223518,0.08902951747508749,-0.9963198450682031,-0.15588794946948384,-0.04442919407857576,-0.44866477588691706,-0.08804365666867853,-0.13522058554505342,-0.7094350997892369,-0.12803144183987125,-0.1928838773880302,-0.87528637558454,-0.14508327944660296,-0.2437595740949861,-1.0,-0.15624165073862495,-0.13150369757397226,-0.39575695497097874,-0.09622636024660775,-0.19962613928906117,-0.5944179773826515,-0.12135952115816434,-0.16824912697081137,-0.5435937360838994,-0.09887123017885131,-0.14371918232837616,-0.4732686239060077,-0.0743799408652067,-0.19924015084451735,-0.3370769450763807,-0.10235169476142332,-0.22157369296339274,-0.4914868994968011,-0.103210930839565,-0.1931045671557943,-0.45024823225892596,-0.06618960279151352,-0.16996858304778983,-0.39402510878154323,-0.03262387710772872,5,Victory
0.0,0.0,0.0,0.06595428156641234,-0.21653847078371363,0.01447854483552889,0.035270066026394535,-0.4075453903641052,-0.005638095569010013,-0.05187741507956316,-0.4875109541969895,-0.028546426337832165,-0.14286335364465758,-0.5117668774759156,-0.05399744165797961,0.05069155741156591,-0.47987009576186457,-0.08397590347357044,0.06717426676989999,-0.7241661233464096,-0.1329898235759649,0.07910599508029319,-0.8741910661234354,-0.16191913261504332,0.08833140982629678,-0.9942579679634438,-0.17615986691496738,-0.043920060847911974,-0.4432344831740863,-0.1045023455622587,-0.1433955948177189,-0.7085575240383973,-0.14683988105860513,-0.20395639035134447,-0.8740858642857715,-0.1655841331655353,-0.25500925449734146,-1.0,-0.17933369062042834,-0.134627785808465,-0.38591298428085713,-0.11429778288882034,-0.2036053218775605,-0.5876731935330991,-0.13765959255925814,-0.17180201993463537,-0.5300534496558016,-0.11028420851319844,-0.14746211324228503,-0.4590514088291792,-0.08421827389206007,-0.20434574101711334,-0.3249893982069096,-0.12205453583781035,-0.2249034264935916,-0.47587361297534836,-0.12005876127184584,-0.19523250199646083,-0.42881381886231856,-0.0784425594617807,-0.1730739383443041,-0.3726473144745561,-0.04256609906292774,5,Victory
0.0,0.0,0.0,0.05590353350496326,-0.21438879729044844,0.018221459352977677,0.02348133830968796,-0.3982316975141537,0.0011884577975214104,-0.06198589424068898,-0.4829529094300094,-0.01971002194459934,-0.1516498172797354,-0.5100684669304798,-0.042707297091254974,0.041105679287545965,-0.4716605159134968,-0.07151896923580477,0.05579928670968709,-0.7220072482522801,-0.12190328016520892,0.0670970151244365,-0.8762949564304628,-0.15182110110439612,0.07440971874272309,-1.0,-0.16541045668473572,-0.04796592586077501,-0.44104454423748085,-0.09255719450260375,-0.13786717977814034,-0.7087348865577145,-0.13373117310389435,-0.19435077532652822,-0.8702508051010278,-0.1498978072084569,-0.24241056655898344,-0.9917123076823255,-0.16005861654135672,-0.13350611674920138,-0.3878476785622882,-0.10413909636498787,-0.20375793115530105,-0.5733157041380788,-0.1267508462620748,-0.1755657335160656,-0.5199003960080543,-0.1007127489607403,-0.15024760416208574,-0.45316298186206694,-0.07426123759848845,-0.20229616903841344,-0.3280100180737701,-0.11380119184092208,-0.22378095772958265,-0.4669448984314678,-0.10953861716135842,-0.19826255341206395,-0.42317912353389425,-0.06949704730987766,-0.17518652318193517,-0.3712823869776576,-0.0344576699934324,5,Victory
0.0,0.0,0.0,0.06113976894377857,-0.20168016942557754,-0.0032522532357181335,0.013177322236419915,-0.39898698530066484,-0.03161211788937287,-0.10523347981801123,-0.5001657722884277,-0.06026515962118652,-0.20379040198491558,-0.5401068730221491,-0.0904844376714181,0.04795042177451934,-0.4359371702985304,-0.09711250191777118,0.04517438013618523,-0.7022510674275204,-0.15241438069900415,0.04609543273009208,-0.8595835708496159,-0.1788790926746634,0.04485800987934125,-0.9830336071105146,-0.18986037944554807,-0.036207788549000024,-0.4033222598971639,-0.11360861614661653,-0.11475092785240712,-0.6874294787792861,-0.16627324105603586,-0.15439841980930175,-0.8645992562292731,-0.18199338923183922,-0.18760885069413924,-1.0,-0.1901210985995196,-0.1210943662330724,-0.35368691598551627,-0.12235855315887309,-0.18632590488335385,-0.5603070423446558,-0.1579511107132079,-0.15304232232374382,-0.5139224386105705,-0.13000785093142606,-0.12864230205314275,-0.4470801315756699,-0.09914992279299732,-0.19130479969468123,-0.2988578031650196,-0.13049240025269018,-0.21510887001992418,-0.457967992491861,-0.13657978987740635,-0.1839200593917159,-0.42036602750331187,-0.09865601478144308,-0.1639049881425573,-0.3616624526911943,-0.06445116042342132,5,Victory
0.0,0.0,0.0,0.05056065251703535,-0.21338353734424995,-0.0052966998524895965,-0.01802346443438828,-0.4150439473847342,-0.03598938351614607,-0.15585272708632356,-0.50818000724807,-0.06791674100529184,-0.2643183655125387,-0.5348390165513492,-0.10287349771452503,0.030327003590655714,-0.44149716753055396,-0.09821733175875733,-0.004325744715346358,-0.7135200347144404,-0.15730445046020838,-0.01973757933537106,-0.8730072278039779,-0.18517720227699433,-0.02964690097324413,-1.0,-0.19733394342910365,-0.050327295659264415,-0.3932101797235243,-0.1196102397368796,-0.1501423387423645,-0.6835019383818683,-0.16878406928683168,-0.20715442919064808,-0.852926914897168,-0.18148517938596812,-0.25164616424508013,-0.9825329560681128,-0.18975267682887764,-0.1361740085164822,-0.3262665644625222,-0.1352105871346079,-0.2424781902236888,-0.5500297135104978,-0.17999283545789566,-0.21609143058780894,-0.5042762718693822,-0.1579814610247472,-0.18309497951943388,-0.4307323530954504,-0.13006881054980787,-0.21660880926608522,-0.25500227098244727,-0.14957647898994691,-0.2703732756030919,-0.43385465593125777,-0.1734390617526537,-0.2397120322729852,-0.40913119721903,-0.14593830624865056,-0.21196342824172312,-0.3531413469012117,-0.11749304035296555,5,Victory
0.0,0.0,0.0,0.02879250349708929,-0.19618698675048576,-0.0022365609342238726,0.017296095143039956,-0.42354340301492965,-0.02551925070838298,0.0037478389598513367,-0.6045976748897646,-0.0515238770636092,0.00914105902509226,-0.7414430584066664,-0.07898220549855842,0.0031460714800767052,-0.4790614902288541,-0.08511861653224201,-0.030998561183950942,-0.7238103034713559,-0.14087204433021885,-0.0438343107097001,-0.8802609636942081,-0.16693815085972125,-0.050594001458647564,-1.0,-0.17675324340388085,-0.06253987126015315,-0.41916063828285105,-0.10798000979292219,-0.17714175201753932,-0.678918417749745,-0.16348373899025828,-0.24236728631424004,-0.8394997444907656,-0.1792037443400077,-0.29580020875445556,-0.9615285274751356,-0.18494827968682676,-0.1366824477927445,-0.33170746643833454,-0.1254236613205279,-0.26576387266009943,-0.49133878430276917,-0.18307463784810585,-0.25105809063129103,-0.43472663209002427,-0.1649176169921745,-0.21896943075144465,-0.36865310222796754,-0.1347703434050073,-0.2121513560234418,-0.23414974126219498,-0.14079350161654736,-0.29546497683123807,-0.3728293019037143,-0.17602290821479372,-0.2734876923240457,-0.32549163514645735,-0.14869067846558623,-0.2436431666391405,-0.26551653400969905,-0.11602968107366837,5,Victory
0.0,0.0,0.0,0.024550565421060044,-0.18653183495602638,-0.00909737321092145,-0.026778365789868017,-0.4068634733470944,-0.03583456298278128,-0.11422859484291328,-0.5642587084918564,-0.06342784831289393,-0.18006004761068972,-0.6566168045391553,-0.09198756398357479,0.01842499679932181,-0.4696335055014765,-0.09087186893264149,-0.030965719212443853,-0.7254540069763554,-0.14558058395420234,-0.04412588114911246,-0.8796893144195446,-0.16927606092263547,-0.05687083731345822,-1.0,-0.17756896597367466,-0.04965928419679984,-0.41895545907351356,-0.11316727981789934,-0.16904425984437163,-0.6938220012212312,-0.16359025465495353,-0.23929409243045224,-0.854973661386537,-0.17485779501317922,-0.29403114428336413,-0.9703882719450209,-0.1778021381874883,-0.12406293929107626,-0.34498112803129893,-0.13124660938892505,-0.27399554054882247,-0.48692807731169985,-0.18604390458322306,-0.2652640262702681,-0.4298470701521277,-0.17211582053325333,-0.227708760424665,-0.3584036011881174,-0.1454048274149521,-0.20133164256237793,-0.2606556914154763,-0.14829329910154423,-0.28712185070111695,-0.3740614151586044,-0.18347048712205555,-0.26769188908037694,-0.32370873090462554,-0.16462038771653137,-0.2327631045712102,-0.2656094428188814,-0.13909544039536265,5,Victory
0.0,0.0,0.0,0.017138362253334465,-0.19718413535738907,0.009909679478946859,-0.05474821349457219,-0.40038289637694635,-0.015181120558508732,-0.1860092847015145,-0.49242739009902203,-0.04862808919031224,-0.2938973020496893,-0.5215579689351976,-0.08436438136228505,0.03901564105683685,-0.4810679778801589,-0.059264855276895484,0.00195427127642073,-0.731445479733809,-0.10944525138794156,-0.007435719089955398,-0.8804526196340753,-0.1358815432155831,-0.01511048060228896,-1.0,-0.14836119897613054,-0.01964524696586759,-0.4314657570199582,-0.09648867768306713,-0.12478672503464355,-0.7047445023686165,-0.14437456017734165,-0.18448458581921384,-0.8654976237316175,-0.16286619216219722,-0.22819675242045756,-0.9880943253440826,-0.1728139035452535,-0.09238698856284543,-0.3605627444273809,-0.12928337169116733,-0.23790643524544317,-0.5201045848856934,-0.18151144371914846,-0.23380476110678783,-0.45526318004470184,-0.17276787793159779,-0.20141833877759338,-0.38593873504932735,-0.15140452311964475,-0.17444312068199017,-0.28596895968339886,-0.1599239962009735,-0.2631064343272264,-0.4095598604616641,-0.19250280406488765,-0.24847908876171587,-0.36185161464586296,-0.1734996584074024,-0.21377187364419561,-0.30562690864738257,-0.14995755702250202,5,Victory
0.0,0.0,0.0,0.01380980530703975,-0.20738040421587456,0.004573312980148467,-0.06235820757722432,-0.41109819003833203,-0.027711883168428812,-0.19553667055971974,-0.5026788600830341,-0.0673061207958552,-0.3008583957655386,-0.5223576767409206,-0.10930586252650171,0.04719104319448466,-0.4448604436681154,-0.08374245355964224,0.0060361715507789414,-0.7148159530454755,-0.14298914665100548,-0.008551940164861938,-0.8728264515882235,-0.17327943235425292,-0.02045119108487046,-1.0,-0.18891436771048326,-0.0020996172883193274,-0.3970766586181844,-0.12035482472251521,-0.08144854123826162,-0.6946202934764248,-0.17795430918768204,-0.12871822121469795,-0.8660785943454679,-0.199440060681914,-0.16509708714605748,-0.9952809565213886,-0.21140340362125498,-0.07067499790669494,-0.3331274631507964,-0.15196701070109025,-0.21592823762423224,-0.520539752528374,-0.208176291544904,-0.21507266335251415,-0.46241165625261665,-0.1983670184430868,-0.18359239742025724,-0.3918031269604534,-0.17610839819006952,-0.15238819678634136,-0.2687535986404507,-0.1818858821066041,-0.2396274167976836,-0.416761559359781,-0.21522899940705356,-0.22582734602457985,-0.38088767237635107,-0.19709318242906815,-0.19339994036076943,-0.3268213103853864,-0.17517508073619467,5,Victory
0.0,0.0,0.0,-0.10912441775991319,-0.18958313350563294,-0.0012402940132248152,-0.14882890564258114,-0.36792153422390383,-0.04439353886004966,-0.20615457169205323,-0.4800472251172738,-0.10308755295392161,-0.2600459798207688,-0.5025874020191637,-0.16293403332805645,0.007914068648094174,-0.5112922261939202,-0.05701054516725159,-0.04170332059166006,-0.721531618551258,-0.12464498465627061,-0.06475665890514555,-0.8703723103126911,-0.16992093375481473,-0.08606456606495687,-0.9840041431309375,-0.2022521187319795,0.040892869840073995,-0.4496502042759264,-0.10832051218395307,-0.021646758076806258,-0.7069939061888523,-0.19694074691846725,-0.06335783269402685,-0.8735482041017709,-0.2502601599666468,-0.09283538118440725,-1.0,-0.282362232873562,0.029327895797062263,-0.3574374713440293,-0.15635817379626155,-0.15701529566836095,-0.5409521493654842,-0.2273115979235479,-0.1909783928649938,-0.44660054602297194,-0.19537801999206295,-0.16810448270297887,-0.3814665762340512,-0.15713858739133255,-0.018187842354767295,-0.2583138855910587,-0.2070852804041103,-0.1823664619164524,-0.3904849732024754,-0.24451743171120252,-0.20492276719150823,-0.33543930082882006,-0.21014213051577216,-0.1782793150434997,-0.28577569759672505,-0.17647954057973744,5,Victory
0.0,0.0,0.0,-0.08946039779765043,-0.0977517308111784,-0.05805029887984124,-0.11001081677705386,-0.2543741715292863,-0.09241747855757912,-0.005748183983558974,-0.3282049499372525,-0.12949174035532326,0.08510529421833307,-0.3762508939535355,-0.1643092097390509,-0.07464088964118301,-0.520894937565891,-0.05653483543365461,-0.09791507013631924,-0.7237172532587032,-0.1098582563118642,-0.10634825898146326,-0.8591495742894618,-0.14300472283585816,-0.11001211226410058,-0.9723357917539118,-0.16697522761860742,0.022719064295615893,-0.5158428619554373,-0.07207831168206015,0.06640429095537906,-0.742598869007421,-0.12905961445730108,0.0899120909479408,-0.8814642846906197,-0.16598358626296875,0.11346803987573904,-1.0,-0.18648909502475247,0.09540247300920211,-0.44103172372486427,-0.09495548612333143,0.11045214603097045,-0.5555429545449762,-0.17110156977692445,0.0571854971736521,-0.4230776767015993,-0.1813805847598259,0.02924033017430616,-0.33375859494929544,-0.16928184230529575,0.15210248641209517,-0.3309210464879589,-0.12276412768047232,0.12491571912135102,-0.3617379843981256,-0.1835622929037595,0.07123807699846015,-0.2776635739972215,-0.18453104732157274,0.042708969212804315,-0.22405513247407635,-0.1726729550806279,5,Victory
0.0,0.0,0.0,-0.0817593168610061,-0.10007092990487736,-0.05614619414211933,-0.10318791107708176,-0.2635890319184572,-0.08845992338555139,0.0005474470019620041,-0.33089385504564717,-0.12431308279705651,0.09948158427844507,-0.3648376960010209,-0.15721013606892434,-0.06499774023916245,-0.5238489310001967,-0.05226152236573463,-0.08633605036342272,-0.7292310964359584,-0.10538077326830969,-0.09290286218649142,-0.8647266752803433,-0.136627410212475,-0.09711516272936573,-0.9767538668495743,-0.15814930596571974,0.030796339719151605,-0.5128333147235382,-0.06747044722469896,0.07916192116890781,-0.7408086221839392,-0.12569898082601336,0.10365592083924859,-0.8809284692645941,-0.1612967407383878,0.12792373174246172,-1.0,-0.17864767627937453,0.10241342457450033,-0.43435836084924473,-0.09013181408756604,0.11624720188437468,-0.5291768621758572,-0.16593896742696085,0.06021385313149681,-0.394822435969012,-0.17341001590281863,0.030612262259867178,-0.310260909327761,-0.15678667018067882,0.15702998303850102,-0.32435639352804496,-0.11783094554184177,0.1284008868896652,-0.3511166408788077,-0.1726717786226136,0.07193408942272415,-0.27144417327314396,-0.1691981274339794,0.042046545756169146,-0.2248106852126568,-0.15370944750650442,5,Victory
0.0,0.0,0.0,-0.0886703588579258,-0.09349666603146173,-0.05834601849471438,-0.11798092284489217,-0.2520481072357417,-0.0912234944810737,-0.020480107760482435,-0.3160226410192489,-0.12731455864799096,0.07394610818361896,-0.35637173079342815,-0.1605773174252336,-0.07650775610959622,-0.5223058754027996,-0.05397202355113151,-0.09928328304210723,-0.7268664468385978,-0.10728036931347497,-0.10614146006965247,-0.8636466136967191,-0.1380676575228208,-0.10718343911389125,-0.9762851164193476,-0.15919417920127948,0.021263146116500587,-0.513018307406754,-0.06806937664891313,0.06688783088086349,-0.7360717025628912,-0.1265335030745606,0.09081701574715213,-0.8790790392871757,-0.1632460356109511,0.11658482954821923,-1.0,-0.18172205926801244,0.09324940768389343,-0.4354415635387503,-0.08999814823900401,0.10516882482726748,-0.519396651048056,-0.16805382788221462,0.04971671931579639,-0.38823301060777965,-0.18030975538396643,0.020630584882279517,-0.3032150444539856,-0.16671090799156132,0.14560922977792193,-0.3262205741666793,-0.11685145512380392,0.11113817936830048,-0.34195893775155883,-0.17570542608000458,0.05490496469468042,-0.2631228589967206,-0.17760390021626696,0.02484769550289904,-0.21636123597877974,-0.16546073677560544,5,Victory
0.0,0.0,0.0,-0.08418002043202746,-0.0883723581470874,-0.053746062470475225,-0.125294613481069,-0.24503613661938448,-0.08825120654474167,-0.03795265636814911,-0.312659231121519,-0.1268578962934228,0.057623429113436424,-0.3499549956206275,-0.1633774550526527,-0.08846360558418621,-0.5154068887443204,-0.05983617732958789,-0.10778160721823277,-0.7207711282796041,-0.11243882551181059,-0.11405514876274808,-0.8523352477919998,-0.14185575494923708,-0.11465688861821058,-0.9642155912388336,-0.1617695552665517,0.008853915935888475,-0.5072998790410971,-0.07588209238977,0.053500928196057784,-0.7322234663186261,-0.13297430504315524,0.07453895522917596,-0.8762810862727143,-0.16705079494481595,0.09797082626628098,-1.0,-0.1839674560486398,0.08555814818594995,-0.4339815544538978,-0.09839895284794535,0.07987054073690825,-0.5128088029339526,-0.17443392045762737,0.027109568723024065,-0.3782442793657989,-0.18452807010129438,0.003467963097698037,-0.28945917789758396,-0.169813622173791,0.1434360388254482,-0.32890620721900626,-0.12546153866915855,0.10564177634995342,-0.35435000577582826,-0.1820910825379053,0.051814644171146784,-0.27474244598171343,-0.18052844215319083,0.02675601292866328,-0.22288329906790294,-0.16614822719821792,5,Victory
0.0,0.0,0.0,-0.08698936126307566,-0.08497877254623706,-0.05451257096748537,-0.1315038990628055,-0.24130690914378103,-0.08844895068520976,-0.04135158761392161,-0.3089953094513614,-0.12547039042214442,0.057348229763839,-0.34679069345509916,-0.16084051977385588,-0.08682727085864916,-0.5116068184111445,-0.062157171897858965,-0.10177412437364808,-0.7153819707004326,-0.11533538713169768,-0.10916466399252035,-0.8474779371992931,-0.14565261722081113,-0.11132986024710383,-0.9607723953134,-0.166537111057548,0.010642938841782324,-0.5029890886564864,-0.0780122943316602,0.05268433164272351,-0.7348955601907118,-0.13307026323643503,0.0729748729366067,-0.8774146994929667,-0.16546359310117184,0.09613446043724923,-1.0,-0.1816688633302241,0.08795108231320276,-0.4282838315800113,-0.10037356068827141,0.08965717591661232,-0.5118601997890868,-0.17574312364453562,0.03546798222370191,-0.37385161740148704,-0.18487089710431556,0.008988995063092366,-0.2821502374284818,-0.1699393115153728,0.14585258372737822,-0.3212550079804773,-0.12719290316186882,0.10551498210932918,-0.3464531586072451,-0.18552609403293266,0.05017515376283722,-0.2594190152651056,-0.18386181814217076,0.023361855143098024,-0.20501339404355753,-0.16939330687979445,5,Victory
0.0,0.0,0.0,-0.08608080686603246,-0.08545992591652173,-0.04951687544430759,-0.13265523125097728,-0.23968865326333527,-0.08135497841957574,-0.05261044909683048,-0.31031540603480035,-0.11776180499760572,0.0426826473901402,-0.34636174462512026,-0.15261287481289937,-0.09044779922820127,-0.5079640339891698,-0.056552073220807735,-0.11004926025513447,-0.7089796766761883,-0.10794396764633007,-0.11935469346120017,-0.8385226077160077,-0.13724863161682943,-0.12223722423877575,-0.9489378055451443,-0.15733852433063816,0.003787076281792758,-0.5012959144809154,-0.07443935329138174,0.04518974315198693,-0.7308741405315855,-0.12912039487009455,0.06458134504486139,-0.8775156706358154,-0.16277703980955152,0.08609991617649473,-1.0,-0.17978030687229202,0.07896756629371662,-0.4298878540936634,-0.09843908816400244,0.07966396906900641,-0.5135894945936386,-0.17256609876812498,0.027270130299751276,-0.38560940763941026,-0.18480754307498368,0.0009539779719998254,-0.2945271106476563,-0.17228752621530818,0.13500704956194196,-0.3266464287244747,-0.1266462540867696,0.09687379118592782,-0.3457226697812173,-0.18318285119115982,0.04200546835232145,-0.26842379255619125,-0.18438184599565868,0.013385442630274148,-0.2162842106003922,-0.17244276075606196,5,Victory
0.0,0.0,0.0,-0.08844459531391283,-0.09250869600895865,-0.044606695274553014,-0.14557542946325258,-0.251170726702905,-0.07736639062067889,-0.08730761546869327,-0.31750301615321896,-0.11622410977455275,0.00837230613298036,-0.3332617158261222,-0.15345171478127512,-0.0722237936143647,-0.5320480631202413,-0.0568554621569563,-0.0845926770594528,-0.7331964234442372,-0.10631087761830388,-0.09221819119097541,-0.860729581252376,-0.13294191739355188,-0.09303879609961681,-0.9674276219647038,-0.15132363051873876,0.024703945863572743,-0.5109407757629741,-0.079445923909499,0.0795726873493518,-0.737899563536685,-0.13447706565810896,0.10226362944354146,-0.8831900656845871,-0.16855670444479803,0.1266922602835353,-1.0,-0.18517319732182283,0.09917725309300705,-0.4267797024710888,-0.10720157957133762,0.0805876741582614,-0.5077588698460687,-0.1811157866631797,0.018533329227342032,-0.39113946064718846,-0.1950648240722612,-0.008139475065626142,-0.2999477672811947,-0.1826218903794519,0.14743795933181755,-0.3123712390499235,-0.13862594142641738,0.08431546331157336,-0.33767055365198556,-0.1936544575953305,0.02746967514785277,-0.2773751394449827,-0.1953318915121596,0.006767646758483041,-0.22780989094142964,-0.18308092181289204,5,Victory
0.0,0.0,0.0,-0.09277227616611392,-0.10570716428184963,-0.041743006983550254,-0.1557609140753861,-0.2398820215223257,-0.08316345219905964,-0.13618124312315275,-0.3343791341650988,-0.13230794167962928,-0.055420536866647864,-0.3694614912817871,-0.1783798967685836,-0.07441361643766632,-0.5297173169269261,-0.059401908161395386,-0.08835952835113367,-0.7377385956527663,-0.11668146021713374,-0.09539621543143742,-0.8628008660204323,-0.1482377408229818,-0.09388498062224467,-0.9704485165165411,-0.16849508204001976,0.02359569553485773,-0.5121628259127134,-0.08530549260941098,0.07321838680262158,-0.7388894905931537,-0.1450540760376081,0.0936634276236712,-0.8797201541064348,-0.17769981700950413,0.11479505383834245,-1.0,-0.19257672739209927,0.09757198876163681,-0.4278631749400066,-0.11627306599688403,0.04528584252244173,-0.5319777839808869,-0.1945500580251927,-0.024792370866467392,-0.41660951145455505,-0.20033790422283604,-0.05181207824061619,-0.3206076696371314,-0.18130865211901623,0.1389878220545107,-0.3077398859369505,-0.15096217105890622,0.05320319976020713,-0.3469510319683267,-0.20774825868715305,-0.018279628316232147,-0.31869959112086904,-0.20653715650857268,-0.05281936732222179,-0.29451874990136134,-0.19150561683088832,5,Victory
0.0,0.0,0.0,-0.09239388316161237,-0.11138502433585573,-0.036453665488747726,-0.15899786693219298,-0.2532009400487739,-0.07331222658899803,-0.14463786270791085,-0.3467234073410042,-0.11866158944266607,-0.05858003773627145,-0.36455956262133254,-0.16120185639004309,-0.07112099696951557,-0.5286206064180862,-0.05330128689062539,-0.08805462561326308,-0.7414178452559803,-0.10620002560417575,-0.09617395866335537,-0.8661856435727888,-0.1337679757737067,-0.09422424319406342,-0.9723188461869771,-0.15219607197053878,0.024641970189610896,-0.5118177699197046,-0.0799829301704398,0.07105103838013381,-0.7430758029907722,-0.13700827513320235,0.09062022000333854,-0.8826379571215898,-0.1690662664237838,0.11234461284794969,-1.0,-0.18405267377403473,0.09538141909599389,-0.4321842117942152,-0.1109911548063753,0.03645621176306839,-0.5333436020375835,-0.1847288995823545,-0.035417417961083074,-0.4225489065289979,-0.19106844049340757,-0.0629881588699948,-0.33092432451636106,-0.17370742570209344,0.12925694974710275,-0.3186337561995477,-0.14550813728436449,0.03379766369944914,-0.33992902914024664,-0.19870277801841624,-0.03092790152945293,-0.30429991040433874,-0.1990169072931294,-0.05630048272643345,-0.27581435448053737,-0.18595253614419766,5,Victory
0.0,0.0,0.0,-0.10066878593975713,-0.12498990601010103,-0.02752472306532248,-0.1631813200683554,-0.27455676775044796,-0.05949970191341212,-0.1684961543414099,-0.3807163204478652,-0.10273251830513022,-0.09964301831759075,-0.37677378380456,-0.1421888411561531,-0.07500289179170079,-0.5315823665938283,-0.0355451558471097,-0.09986235798999016,-0.7434769787918301,-0.08657495803400747,-0.10529395517322741,-0.86685269516199,-0.1149542636814766,-0.10209419068753348,-0.9684884428968744,-0.13647505178383318,0.022180224218737308,-0.5147670525379746,-0.06779777246391468,0.05634446974240138,-0.7424855246728638,-0.1331159356317761,0.06983719394598255,-0.8859145130598648,-0.17412701331584984,0.08553725852326807,-1.0,-0.194939047219046,0.08601776881719778,-0.4350139836619225,-0.10388302096763982,0.00048730024509298717,-0.5578874861442559,-0.17832350625757437,-0.06902373354679646,-0.44975266390396484,-0.1794822993292052,-0.09100826167307792,-0.3657915227944723,-0.1583261149325615,0.10808656508738061,-0.32297966821873636,-0.14355524304705752,-0.013720672564062583,-0.35360513669505433,-0.19506796535430232,-0.07354887224973634,-0.32543641804856316,-0.19502263333660286,-0.09004093613056688,-0.30939588592009054,-0.18186342001549466,5,Victory
0.0,0.0,0.0,-0.11525573511560423,-0.12900148574818146,-0.028254156681836392,-0.17117155130832368,-0.27869206530110874,-0.0630576712020312,-0.2044255401156589,-0.3918301009003215,-0.1086247537918849,-0.18725006886492587,-0.43234716398328044,-0.14988547716457662,-0.07340063766692531,-0.5070019340800687,-0.04151951301073223,-0.10960365128523537,-0.7220196356176786,-0.09874049968772766,-0.11967530317207328,-0.8484786606661924,-0.1322829700965713,-0.11628588479384885,-0.9507513955719197,-0.1561158218079601,0.01449048717530821,-0.48930326647822725,-0.07393295204299973,0.013569764184877122,-0.7345572960763144,-0.15011446716418642,0.01221353274718814,-0.8888372016054215,-0.20199700616377858,0.02045741698914056,-1.0,-0.2303056811415406,0.06750454209297226,-0.41950259586116756,-0.10893318042235933,-0.03868489883008093,-0.5789896729174016,-0.1915357201596046,-0.12771645493437117,-0.482650221561564,-0.19499392713371183,-0.17065238518120834,-0.3926846305148654,-0.17521934305740772,0.07574464036693113,-0.3267147488672781,-0.14698776137951433,-0.060606630536726304,-0.3884984490659986,-0.20506084656055779,-0.13369608606018188,-0.36600552470432657,-0.2058658380051861,-0.16916657593574017,-0.342570993464259,-0.1924513901040443,5,Victory
0.0,0.0,0.0,-0.11920368234570347,-0.13531932730152604,-0.02505235815900817,-0.17027004233477114,-0.2846721628072479,-0.05865059048654339,-0.20661504097745764,-0.3956189008165842,-0.10263907036124117,-0.23036965739660195,-0.4598022056206005,-0.14197201182784225,-0.06576791372394969,-0.5018672979840465,-0.043719769031061645,-0.10671073880730005,-0.7200510913348036,-0.10265075808231211,-0.11625714634939877,-0.8496880947089256,-0.1387043710736939,-0.1114320860053873,-0.9542521067271016,-0.16363792484154757,0.01652385399280541,-0.4839988639535119,-0.07664734723621769,-0.00235538336740099,-0.7326783821512013,-0.15359008330834495,-0.006279135873878909,-0.8875971564881893,-0.20718920321064543,0.0018143033961380201,-1.0,-0.2375985004359743,0.06232114326580886,-0.41718176196332063,-0.11133447340215245,-0.0574059029265869,-0.5795301130134962,-0.19145399357568188,-0.1487819826028887,-0.4852414532463168,-0.19208494597054823,-0.19309616158631163,-0.3982298146751887,-0.17210108056191503,0.06345276072276129,-0.3279680337137851,-0.14913164832003237,-0.0803951581585491,-0.3927905953460602,-0.20615556268914426,-0.15408168745102307,-0.3710392543184745,-0.20540138172988132,-0.1907778098404091,-0.34979343798436763,-0.19157247015874834,5,Victory
0.0,0.0,0.0,-0.12113725780022505,-0.14140734462246074,-0.02166738475631042,-0.16610497274300687,-0.29897029824212573,-0.05245463703679723,-0.2003837532302838,-0.41039083766743595,-0.09327761609364249,-0.23741714594589913,-0.4892755351285728,-0.13040186029923156,-0.05782261323889891,-0.5000296550642903,-0.043373048038671466,-0.09258440947613819,-0.7143579060123092,-0.1016628483663924,-0.10189207968584804,-0.8405686227155319,-0.13605790670090337,-0.097238801193253,-0.9465190242339702,-0.15820390053054725,0.020852674320909852,-0.4779635660168425,-0.07706173835785458,0.006651021739110268,-0.7356604467308152,-0.15019126605070604,0.0003511604901774944,-0.8863985300488675,-0.19731959517182457,0.004510538370839207,-1.0,-0.22221961369464366,0.0636723607070089,-0.41160375762752066,-0.11250075390867344,-0.057488645882971035,-0.5833599527992803,-0.1950973207242545,-0.1500374321744769,-0.48198218284156125,-0.19455578337974647,-0.1918024001739104,-0.3926403490082561,-0.17194101379712215,0.06015828197296782,-0.3251469069829791,-0.1500228135348341,-0.08958179556311999,-0.4024366010905271,-0.20792867122948835,-0.1670507188183493,-0.3698447268255259,-0.2040345500135627,-0.20249628229394756,-0.3408136867243956,-0.18721411405628702,5,Victory
0.0,0.0,0.0,-0.021013268949816574,-0.1855612393346737,0.04359675646124823,-0.07345135391827237,-0.3551115145413333,0.017724392951131998,-0.17881121227209065,-0.4469136900390245,-0.02540299491661871,-0.26785048304336806,-0.4925324624933555,-0.06820274011904323,0.04144278504987603,-0.4774309845194167,-0.04412566506397341,0.01972055173485073,-0.7333600477427841,-0.09363955443946853,0.021331143790821853,-0.8749506963286111,-0.12009769066999026,0.022326025246230213,-0.9959053476908332,-0.13899517478950937,0.03256245955756459,-0.4409851343414126,-0.10444103682069555,-0.03754590406741618,-0.7153468781370412,-0.15591339850699343,-0.07791535400314378,-0.8733949825414414,-0.17751002738340146,-0.11161755268985049,-1.0,-0.1956281893333639,-0.011511862907011916,-0.3733992064654721,-0.15796033173841123,-0.1694287309740873,-0.5806373619767335,-0.20142675295034213,-0.21422930642316082,-0.5089392312235608,-0.18419502566207058,-0.220103900672691,-0.4416371248476031,-0.16741029759011378,-0.07996693682535502,-0.29729850261565677,-0.20905681330137577,-0.20206060695758218,-0.418935203106241,-0.244876900594496,-0.2597891404026454,-0.46010215609383553,-0.24355396103937274,-0.29239220202065974,-0.5019960169378699,-0.23967358282986992,5,Victory
0.0,0.0,0.0,-0.006629986130475383,-0.18923261879385542,0.045804356912656774,-0.05526322216754324,-0.3610502540321135,0.021731736031097525,-0.16430203137349866,-0.4570616354606693,-0.018690986806277753,-0.2560301772586565,-0.4992657310497032,-0.05910511913863916,0.060432075445225254,-0.45837700579360546,-0.04971890438861539,0.0371823039624021,-0.7229364989869375,-0.10085657306131383,0.04187957261701664,-0.8655258909051983,-0.12816961281784625,0.04378578781653981,-0.9862388229247808,-0.14777304782465112,0.04294966698070998,-0.4199956037400428,-0.109282794816253,-0.0308070774588786,-0.7092531398701805,-0.16301869339671832,-0.06727226100273181,-0.868139223213084,-0.18623442764228426,-0.09668926808507543,-1.0,-0.2061477216777651,-0.010755377233921042,-0.3567902729370706,-0.16093979118336255,-0.15817273040481447,-0.591446754068749,-0.20658817586961975,-0.1982826265106947,-0.5157947071316586,-0.18799682901873974,-0.20147654054874262,-0.4460526678178701,-0.16977031068514054,-0.08802848007366594,-0.2905604348036207,-0.2094087683202125,-0.19959669771243782,-0.4242742923242652,-0.2505666735595047,-0.24878817042314783,-0.46667663533335446,-0.2517912833394682,-0.27513104336344024,-0.5102362444091889,-0.2487671170309287,5,Victory
0.0,0.0,0.0,0.000787811691162121,-0.1830706683960243,0.03711909417431025,-0.048177896067978614,-0.3523121874193942,0.008253076174258453,-0.1593414872649972,-0.44922689029025686,-0.034193044914282,-0.24711022352766981,-0.5021015723795288,-0.0765726508593238,0.06500381675994489,-0.44717489131782595,-0.06784431404582393,0.040822458139901124,-0.7218165370607652,-0.12327958850722652,0.04738511395605206,-0.8695192609036644,-0.1520177193386419,0.0542169572967608,-0.9917039099422542,-0.1705914459822423,0.03604640698746983,-0.40730269914775596,-0.12209790367061994,-0.029882300436298304,-0.7038835205437954,-0.17746540709890227,-0.06712670962854214,-0.8676774584093503,-0.1974861474875473,-0.09571918587647092,-1.0,-0.21361663437426934,-0.024594165144584307,-0.3457877253628015,-0.16853262903132862,-0.1593366476447792,-0.5795572087581953,-0.21393956457334254,-0.19724002998994927,-0.512056540367403,-0.19451671348243982,-0.1990119849924685,-0.44413220900671635,-0.17503505119584745,-0.10504094841906611,-0.282987636209149,-0.21224942531261676,-0.20648448940960296,-0.422124624667832,-0.2545737353266543,-0.2522106600352534,-0.4672904457525662,-0.25550771662845456,-0.27521507533849876,-0.5092058732584561,-0.25107642301628236,5,Victory
0.0,0.0,0.0,0.023257620118166032,-0.17358139167936026,0.03153044904289147,-0.010821765752156563,-0.35461138844277634,0.008257655416666149,-0.10240693851169519,-0.4746362076418948,-0.02488431846141778,-0.1698000528329486,-0.5451253198187901,-0.058341332843684535,0.08603325113078353,-0.43174167339473035,-0.07637865589453188,0.06987205955055781,-0.7070477666115812,-0.1317005246289047,0.08000770830780334,-0.8567023639349489,-0.1608693643766128,0.08951337103635676,-0.9792327711722222,-0.17884399680123453,0.04208955928461471,-0.39471605846803204,-0.12223788162993322,-0.020412918270273837,-0.7005473092541404,-0.1740060313159587,-0.05688705292057242,-0.8660713206006143,-0.19174157363130287,-0.08528893382527684,-1.0,-0.20674975239161686,-0.029233369342081057,-0.34150946385550546,-0.1602169388948355,-0.14121904430563312,-0.5875446808634469,-0.20624121101103435,-0.15975299788183203,-0.5147110015077114,-0.1871841983101099,-0.14784469699786632,-0.43618507310767346,-0.16668388257342492,-0.11630737136033849,-0.2909446460079275,-0.19514559663077227,-0.20646004047508268,-0.45170282792075833,-0.24189546495256956,-0.24813198019766766,-0.4959529120687074,-0.2456628518911912,-0.27125030757247476,-0.5319245840375302,-0.24165320615971514,5,Victory
0.0,0.0,0.0,0.04598854106770448,-0.17063301670580022,0.0010301279315245002,0.055520606911342,-0.39916044888817925,-0.0222148842312853,0.049215875848832476,-0.5817790111569002,-0.0488122949514309,0.06752025818678249,-0.7141120143773781,-0.07613013779616129,0.08955951973967125,-0.4171756641194754,-0.09163161383489846,0.07982187619690399,-0.6904647015972434,-0.14346233614207057,0.09666370512007978,-0.844268689007895,-0.16161111483878765,0.11181572192677502,-0.9657986755650203,-0.16614872990891294,0.017074311962852345,-0.3783845628649486,-0.11935713462792684,-0.029000300072912166,-0.6862179678696685,-0.17260981561123867,-0.05496682708649447,-0.8646099101120001,-0.18625803938530694,-0.07841848840964295,-1.0,-0.1916981261876823,-0.06641583313986957,-0.3307514002042063,-0.14173206805843286,-0.15382566841322814,-0.5549728024230479,-0.1993969228593872,-0.15618798343493037,-0.4972449127192712,-0.18654343517298855,-0.13944646180078357,-0.42523942977657136,-0.16140968395792182,-0.1548769358212937,-0.2881047375276278,-0.1617729223813603,-0.20990632435498202,-0.46160683003824543,-0.2004059221080621,-0.2177245461274758,-0.4715096932693221,-0.18977940643782362,-0.21821341355304286,-0.46351880712691124,-0.17196428335078845,5,Victory
0.0,0.0,0.0,0.053080979008542,-0.17061692812269516,-0.002407246698969551,0.06282450973725369,-0.40151302746726786,-0.02732059109939482,0.05591532277047491,-0.5864056378254251,-0.05422162813456715,0.07201029957159222,-0.7197180041114593,-0.08203668717140813,0.0952481521972245,-0.4202295826293462,-0.0993490250146182,0.08527407112929127,-0.6888764365260784,-0.15181853234567436,0.09943676669822621,-0.8411819399182939,-0.171728509172946,0.11280293242246552,-0.9626385525152611,-0.1786060330649182,0.016101123066541823,-0.38231222505270096,-0.12454941615248809,-0.02885383919277304,-0.6863001051403702,-0.17709490178591958,-0.05933330020452679,-0.8666132246708479,-0.1910545253990867,-0.08668993529420996,-1.0,-0.198176330648782,-0.07279911389160604,-0.33668339671397113,-0.1436265576682879,-0.15154336647957609,-0.5676856826016227,-0.19604418136514887,-0.14525612926511589,-0.5112678045539903,-0.17560526608945617,-0.12365527558807991,-0.43496309625313195,-0.14712482886767278,-0.16274473905833983,-0.29456408593263694,-0.16115920479942045,-0.2097333305435391,-0.47188920506556886,-0.19423064075010388,-0.19669173994235586,-0.4454171091105962,-0.1733987731485074,-0.17827386712558782,-0.39896010419881467,-0.1482662197806155,5,Victory
0.0,0.0,0.0,0.04986125722016562,-0.16697075460218155,0.003181093133255277,0.04601085133428523,-0.37912771307085874,-0.02087606586416703,0.003964958439351722,-0.532465928306728,-0.04849205997970055,-0.01564827155579583,-0.6439207188977871,-0.07770033049732294,0.09329565798037565,-0.4264773237329129,-0.09098498194106806,0.09320048117309146,-0.6844259781364341,-0.1445062587032447,0.10967117460420947,-0.8333530691018314,-0.1684204625063764,0.12488689571809755,-0.9510748007882002,-0.17770974180782315,0.01918801091666197,-0.38805757555346393,-0.11812624572804063,-0.0303629725301013,-0.6854527617671492,-0.16831088480665582,-0.060957930345632544,-0.8641754301006537,-0.18441854483117268,-0.08777147564177414,-1.0,-0.19369342324018304,-0.06803884915660846,-0.339068619663332,-0.13866432394596423,-0.15141909994291355,-0.5641769552860799,-0.18666951887153485,-0.1452449136866147,-0.5083342219338552,-0.1673300040205818,-0.12389820899373699,-0.43414043134993113,-0.14043190257532787,-0.1577455429074263,-0.2919972080597082,-0.15727299350577018,-0.20541655530522004,-0.46382407450864643,-0.18699245888442104,-0.19138406388078785,-0.43618221606300417,-0.16464541583602965,-0.17189873999391628,-0.3887192311023143,-0.13850948162297197,5,Victory
0.0,0.0,0.0,0.05659825685071692,-0.17213648228586648,0.012895303660748168,0.03267525128594642,-0.3664298746948743,-0.01086992253486901,-0.06032354083559339,-0.4784933400540896,-0.03979401980826621,-0.13586362917437916,-0.5402028079347659,-0.07074297412277851,0.08850558367426607,-0.436799097224339,-0.08180202666359461,0.09311142976415038,-0.6898837137350289,-0.13291209287124217,0.1064399558292989,-0.8389634929757152,-0.15874721562991986,0.11973224423242287,-0.9583085698407675,-0.1712193816387051,0.011771353173169845,-0.40089921730574685,-0.11093852144295106,-0.04143678536092646,-0.6942018825007545,-0.15498186744289533,-0.07495727684304815,-0.8702004884627526,-0.1714407159146537,-0.10195577409206015,-1.0,-0.1843985745226225,-0.07944407501797819,-0.354431545551984,-0.13211461901566873,-0.15529224889491483,-0.5877808958447176,-0.1649334391435576,-0.14611574780209421,-0.531279708832348,-0.13998120875470654,-0.1262109364217415,-0.4551104980506885,-0.11425007304152254,-0.17001533624952758,-0.30950979600812717,-0.15146962689703317,-0.21090057654512748,-0.48678090644129024,-0.1666335185916881,-0.19120023977035003,-0.4574666001917064,-0.13856141519425683,-0.16963909250951828,-0.4089965686727897,-0.11184184655587324,5,Victory
0.0,0.0,0.0,0.06639578790241352,-0.1760493520559559,0.005721063035013492,0.056716568254941147,-0.3833682005964131,-0.019338126986831433,-0.013147143746346948,-0.5239337784882196,-0.0471201885236382,-0.07006491096059567,-0.6120220186782765,-0.07600057048909331,0.08637962500690308,-0.42464760796829304,-0.09538183673842099,0.09454775116495445,-0.6789977638942032,-0.14846613667274897,0.11010389785554348,-0.8308693574575964,-0.17413824396327598,0.12446296327061779,-0.9525751595325854,-0.1873201575689419,0.005619781114706587,-0.38626654252393194,-0.12115643139048173,-0.048512588757535356,-0.6859070832474484,-0.1690542273097282,-0.08128621819304817,-0.8678910166174975,-0.1856817059262647,-0.10861972720336664,-1.0,-0.20010152830514427,-0.08892048418818485,-0.3364855598049132,-0.138905196929145,-0.14862850798823565,-0.5968619660224601,-0.1742267938316266,-0.12862969915962005,-0.541260265891254,-0.1427401580982055,-0.10653997085898363,-0.4609414312062081,-0.1133751076050809,-0.1773539933495339,-0.28937072595854657,-0.15561436337380768,-0.21014797907662155,-0.48939466758405686,-0.17514525657439262,-0.18367718283633666,-0.4604935927915614,-0.14591941684945733,-0.1621282752370244,-0.4067964535662811,-0.11823292317668524,5,Victory
0.0,0.0,0.0,0.07972279895677085,-0.16797341236797927,0.0014613633180769559,0.0829865136907909,-0.3875171208544368,-0.02130548235240591,0.032057364869706756,-0.5461725619571397,-0.04332552406423262,-0.012399488003311804,-0.6485296350797655,-0.06645476804143742,0.09818561952533968,-0.41735410851062416,-0.10992940692704133,0.11488010355890257,-0.6875932918084459,-0.16107465340841873,0.13173497601420955,-0.8393559592087811,-0.18148047336780956,0.14781242519891755,-0.9583032774371556,-0.18959089185560954,0.011233962681786527,-0.3811568529678428,-0.12878899919095504,-0.038510966896994736,-0.6897000154021652,-0.17558792602443923,-0.06727129308694746,-0.8712029497381428,-0.18722978531638124,-0.09431895811464494,-1.0,-0.1959623015899134,-0.08461749054703967,-0.33778221555201454,-0.13852260540134645,-0.13371260318400818,-0.5848364668002063,-0.17181629204436397,-0.10469056210316904,-0.5300349671142777,-0.13934170053701217,-0.08333208029878846,-0.45229562024464925,-0.10826449654068539,-0.16941325065743676,-0.2965793240630451,-0.14700776588256048,-0.1923393125432551,-0.4933298600570381,-0.16312910514213763,-0.1639991931812163,-0.44913187734783117,-0.12947617857497412,-0.14754813650734433,-0.38197857270289304,-0.09783112980212841,5,Victory
0.0,0.0,0.0,0.08531660212564873,-0.18246756221007876,-0.00846656139302154,0.0820615075664102,-0.40650848417204183,-0.035274831303362335,0.02417384012730808,-0.5590524773717411,-0.058236499760561035,-0.02393812451697413,-0.6593650305878892,-0.08191365583954417,0.08623294317799174,-0.41194306859100993,-0.12466778402567127,0.10258094385428716,-0.6761020567404821,-0.1798401128397464,0.11678084733537507,-0.8307255433383515,-0.20413406035432352,0.13006427445091084,-0.954552961353262,-0.21398548780381227,-0.01219158483092919,-0.37503557891693007,-0.13688906164893264,-0.05907192864555605,-0.6798979981966808,-0.18362191406558936,-0.08625121046122658,-0.8657424368542304,-0.193345910300364,-0.11566897869581476,-1.0,-0.2008915330093845,-0.11136236518829544,-0.33468788621349865,-0.14049328965899696,-0.14567319437884574,-0.5920960983586305,-0.17374589344033814,-0.10817939256953221,-0.5450968142331635,-0.1427033180186159,-0.0843243503629743,-0.4666874101816289,-0.11267645428720398,-0.193521839518128,-0.2982533162053873,-0.14338624378518047,-0.19745187636459144,-0.5081212620148827,-0.15657723506471774,-0.16503854430590853,-0.4661272134957606,-0.12124108694600773,-0.14786202085000646,-0.3945875257594065,-0.08911404380957744,5,Victory
0.0,0.0,0.0,0.09168718531514998,-0.1739158299610826,-0.01033883950986509,0.08855556480983402,-0.39365058715663903,-0.03625990815742715,0.022643405009048656,-0.5414112297913489,-0.0576254982045668,-0.03715473617460332,-0.633142143280418,-0.07954962599660216,0.09142003350261375,-0.407465547152534,-0.1229973588376838,0.11002035888122287,-0.6764353585194406,-0.17654237115092264,0.12218212060189372,-0.8329830410526246,-0.19802132563488134,0.13271323138701738,-0.9555721069730517,-0.2050445828058065,-0.011301273248271558,-0.37860508901655543,-0.13259346390090757,-0.0538153070882755,-0.6838412713747926,-0.17924576301555553,-0.08060427963538629,-0.8675680637567708,-0.18776908444639878,-0.10995312681382245,-1.0,-0.19255111897211513,-0.11164171757981228,-0.3442296882461333,-0.13357177930443695,-0.13454448532041785,-0.5970118762304101,-0.1666973485820605,-0.09698348707999857,-0.55015946093547,-0.13619203639466998,-0.0770912674631708,-0.47368380417075223,-0.1052506979449581,-0.19134588008518522,-0.31086905441171836,-0.1337886607982843,-0.18414917921192675,-0.5139409176343632,-0.14485266599975058,-0.149929833362178,-0.47352952570714435,-0.10868294964596698,-0.13491631144927263,-0.40623090949204055,-0.07536477996794368,5,Victory
0.0,0.0,0.0,0.09594317190192814,-0.17337007061286022,-0.012826929515451523,0.09859962316816538,-0.40274978347172724,-0.03590490611050692,0.046755850472411126,-0.5730483365509907,-0.052581507880017114,0.007205479798003798,-0.6926714666991804,-0.06834853985342572,0.09207017050303126,-0.4069926378350621,-0.12261288326461871,0.1149166018224627,-0.6767983387573456,-0.17241991037590004,0.13002979325843855,-0.8309698633648555,-0.1891809773501077,0.14222557256266694,-0.9491859500951041,-0.19272477363009835,-0.014038934220618379,-0.3819198926177267,-0.1280348985315082,-0.05404089482150182,-0.6890913334516392,-0.1718776053202517,-0.07314887844532496,-0.8694458410482209,-0.17613471613045373,-0.09832141879073016,-1.0,-0.17722042941918656,-0.11425632466898906,-0.3505304552327881,-0.12493842372991383,-0.13268013461887562,-0.604436144627716,-0.15705621280211648,-0.08885758203329247,-0.5550207200483253,-0.12437088985489889,-0.06821519739951547,-0.4784071176872404,-0.09158876733064969,-0.19042078106591787,-0.3188371518660535,-0.12112273664181483,-0.17696907668053977,-0.5148688630918106,-0.13212384267054034,-0.1403253918588085,-0.47270046566986496,-0.09623751461666347,-0.126484961688854,-0.40678544414059353,-0.06264850265767696,5,Victory
0.0,0.0,0.0,0.09395586875490947,-0.16873109673635747,-0.0042414084259858155,0.09288432820346004,-0.3678128169879482,-0.022888321831847278,0.03478891722027973,-0.49518569356419506,-0.03725601303774448,-0.027832016450451504,-0.5674658091919228,-0.0508551063301148,0.08334132175143595,-0.4124134370795737,-0.10408151022509655,0.11616525037476336,-0.668540185983354,-0.14460606567044043,0.13468128937676255,-0.8122748572258212,-0.15677007913303967,0.14895335280884786,-0.923027886729272,-0.15755942354168462,-0.02096416193359655,-0.3981864159941089,-0.11202432078834461,-0.045692669838366125,-0.6906092483620065,-0.15143325876055505,-0.058589578745671896,-0.8708373067194939,-0.15772628791223436,-0.07677889847837996,-1.0,-0.15898088601216126,-0.11545015444527397,-0.36750842418441715,-0.11037088049739442,-0.11745032020630174,-0.6006424180912391,-0.13359177595352378,-0.07336554531776045,-0.5608776845222361,-0.10391373721931238,-0.05387518973439489,-0.48856018504486354,-0.07432079379736743,-0.18226794445876265,-0.3318803174226328,-0.10778918007352258,-0.1574598660684645,-0.5084877239810192,-0.10876428359790447,-0.11863414211171891,-0.47950654356909195,-0.07103641816314815,-0.10426524412465099,-0.4208276589603798,-0.036947494867992856,5,Victory
0.0,0.0,0.0,0.09577925776568771,-0.16836004560127427,-0.007364015615091341,0.09401518854330329,-0.3708377461720997,-0.029702831170921665,0.028226413212226954,-0.49373152213870314,-0.04688061190237911,-0.04064070273435952,-0.5603709311004386,-0.0641225655316829,0.08858040345102651,-0.40137399201057217,-0.11291964439834644,0.1251751453339873,-0.6585314407703411,-0.16048616469901505,0.14456554458537746,-0.8028361156712893,-0.1783328564947353,0.16123665809221874,-0.9151747229548937,-0.18254285646013546,-0.017796195624322324,-0.393790753135871,-0.11975999058469082,-0.03900014838758576,-0.6912829898799405,-0.15816874295845154,-0.0462948377114417,-0.8692347620213693,-0.16302866488164341,-0.05998775427041911,-1.0,-0.16430190609542386,-0.11444175486958376,-0.370840749176475,-0.11759565678456439,-0.11220765017975919,-0.6110555083815484,-0.1414658857368821,-0.06817250797803602,-0.570066326574245,-0.11292750280381769,-0.05019064834407484,-0.4971486799869931,-0.08491369087688967,-0.183587889092259,-0.3408846054440683,-0.11477637425845277,-0.14901286349980705,-0.5076977120958339,-0.11844788984146681,-0.11008152308203822,-0.4766919530515519,-0.08374780706952666,-0.09675575644929463,-0.42187928927764884,-0.05211555847795203,5,Victory
0.0,0.0,0.0,0.0989349907944056,-0.16716183193948303,-0.008425973368722401,0.10181612702777187,-0.3669934381978202,-0.03059105257901129,0.041461326548682766,-0.4946131292628923,-0.04687747136046723,-0.02878608231488477,-0.5606369412067974,-0.06334606100262791,0.0898962707125874,-0.39902230509760445,-0.11655615348034219,0.13355355329656685,-0.6570077783867104,-0.16305118366442264,0.15328951987350037,-0.8021093228517747,-0.1799731272184632,0.1687039130849377,-0.9145725292907658,-0.18332855851916077,-0.016082938371243756,-0.39563766424153135,-0.12134110926257671,-0.03052437832111335,-0.6934683766612771,-0.15652887332743606,-0.03726156881771246,-0.8717065243929913,-0.15876255291406977,-0.051748329423007805,-1.0,-0.1585569562846691,-0.11110817123558253,-0.3756643536541023,-0.11697160373712431,-0.10598903292532519,-0.6114267256690953,-0.13645792194209105,-0.060887383672618256,-0.5737234769378117,-0.10838703984757468,-0.041111990745155404,-0.500507696128411,-0.0820416336461372,-0.17837371674433178,-0.3478415317438445,-0.11224576292108007,-0.143390231276806,-0.5092962357135148,-0.1129619782717362,-0.10519592145537461,-0.4802680939442173,-0.07946076312803567,-0.09089725466855145,-0.4257224584019256,-0.049506216732782965,5,Victory
0.0,0.0,0.0,0.09709192964691551,-0.1740735513830175,-0.014480918536943029,0.09539643498308753,-0.38500544190171465,-0.03849158322537893,0.03450587815606098,-0.5270384510346396,-0.056166325662775324,-0.021789207194571412,-0.6162532386509826,-0.07332092723568809,0.08974597148795166,-0.402477874637577,-0.11601413121022892,0.13192115429561205,-0.6570801126826307,-0.16551124344946003,0.1527928740491654,-0.8031035204662196,-0.18560123519062424,0.16939167856276632,-0.9189441466020071,-0.19199432548022616,-0.01587927624913327,-0.3944289835942156,-0.12016142041087095,-0.032806432211263926,-0.6902827266657267,-0.15931956970725647,-0.03873322195550344,-0.8683198079888184,-0.16481354601234646,-0.05212213751919746,-1.0,-0.1674182962818403,-0.11300861135588931,-0.3710961426343941,-0.116542450403135,-0.11479854163487806,-0.6111778182462121,-0.14407947900955312,-0.07094577663711614,-0.5622288227639092,-0.11690785334258512,-0.05169526746517226,-0.48358805814889466,-0.08983204623911707,-0.18329123133702985,-0.341182574929952,-0.1129223032429437,-0.15209257535208054,-0.5033651413646499,-0.12214548206297134,-0.11425339657051202,-0.4653511842548829,-0.09154503355306853,-0.10176405597410963,-0.4060635304076425,-0.06274019940446521,5,Victory
0.0,0.0,0.0,0.0957958013093767,-0.17055131762549613,-0.010635269633457874,0.09495269448267274,-0.3764133381442443,-0.034549316409189595,0.03141673877711326,-0.5057818741478461,-0.052842768807247774,-0.03142312494212538,-0.58444266341398,-0.0711136659024474,0.0902825452273528,-0.398855253312557,-0.11695965348827479,0.13099767330721393,-0.6580591805911673,-0.16662082585778681,0.15072480311985448,-0.8047266402066563,-0.1854230094738676,0.16643889344790114,-0.9204722888334712,-0.19006716504191168,-0.015306706218315308,-0.3889162518320311,-0.12310825815113319,-0.03450059125244404,-0.6886721938924847,-0.16416083850771535,-0.04074852240107032,-0.8663757502413438,-0.16901096452803827,-0.054207764299421736,-1.0,-0.1701095179552269,-0.11264569769384938,-0.3673839660426319,-0.1207158826600637,-0.11269771832967726,-0.6150246772059677,-0.1493035752827659,-0.07011290739741424,-0.5680747894428178,-0.1199542160679023,-0.053435570513373165,-0.4920117058404672,-0.09021486839071016,-0.18417566849843167,-0.34060571178598686,-0.11768508192012005,-0.15296794358036084,-0.5169463540851765,-0.12485461650705758,-0.11364832560075186,-0.4835423205833549,-0.08949264967200903,-0.1003105538827351,-0.42669108310422965,-0.05671902545152029,5,Victory
0.0,0.0,0.0,0.09985288475686095,-0.16930038566126343,-0.01106760028576649,0.1066871926466957,-0.38427962788647435,-0.03284840274545922,0.05689378322424206,-0.5407799733625177,-0.04756373387697737,0.006783807747030817,-0.6412044767570743,-0.06133374447462037,0.09852389828599695,-0.39373094450645413,-0.11954924470103158,0.1329668760027418,-0.6571489566851814,-0.1675475234654462,0.15341997107389427,-0.8057097664119924,-0.1851447918106472,0.17059915263177935,-0.9223170137062894,-0.1892128737930625,-0.00863807628838993,-0.385506539600607,-0.12320788603095284,-0.031997347130796105,-0.6912322551933386,-0.1605912798917069,-0.0388258797383421,-0.8700327116018102,-0.16329804053788577,-0.0502382404675776,-1.0,-0.1638599721468586,-0.10581996014115058,-0.3683569059986178,-0.11816729016150189,-0.10683667844175095,-0.6112775011723487,-0.14238861422286575,-0.0647625381882147,-0.5664915301120197,-0.11374149323802163,-0.04530950711524851,-0.48933295288101636,-0.08592591217108926,-0.17724489083944198,-0.34730922546950527,-0.1126800500769061,-0.151772672532697,-0.5221489126990198,-0.11835691752618618,-0.11516396395767202,-0.486466935468003,-0.08566871064590437,-0.10104675648394636,-0.4276679806329266,-0.055543692405078185,5,Victory
0.0,0.0,0.0,0.09838658948781118,-0.1648067834169351,-0.005352407198357776,0.11497667912357958,-0.38569875965131933,-0.02884311132080763,0.06901435639719063,-0.5418173339503829,-0.04751453052176089,0.010370124899773993,-0.6314719831217009,-0.06740384408146588,0.1090949023235913,-0.3936575601420251,-0.12701713377754167,0.1405676212400627,-0.6639569057497572,-0.17646954455010466,0.1619115004097891,-0.8168603345603289,-0.1931492831430471,0.17793752699794138,-0.9346191508914466,-0.19761161812111314,0.00853258158245993,-0.3739483948255302,-0.139336984666649,-0.01894393875521989,-0.6853863037078989,-0.18266002543433008,-0.032520879391367226,-0.8703140198543806,-0.18745846591037263,-0.053115775016449526,-1.0,-0.19033382692703554,-0.09140292531176353,-0.3463502601069221,-0.14177394041713157,-0.11446398288069344,-0.6013763110595993,-0.16921885975771228,-0.07236860874605924,-0.5556506921225742,-0.13390976938122068,-0.049404315130904486,-0.48059435002631856,-0.10213600801709605,-0.17040132259804136,-0.31573439502502776,-0.1433701899045915,-0.168919598525384,-0.5143365099074418,-0.15128202274090471,-0.13394880020679997,-0.47278492975693576,-0.11249592897052503,-0.11852043333314129,-0.4052994993610733,-0.07849079187356443,5,Victory
0.0,0.0,0.0,0.0911825000479304,-0.16916289795657807,0.005436690616524839,0.09862326352397317,-0.37774080212233674,-0.017033865812858172,0.0364546284572825,-0.5139405111128637,-0.03933860041752793,-0.023596922875747776,-0.5926847053025202,-0.06424796018053479,0.11097856026086494,-0.39737828822691185,-0.11041856664363059,0.1390290418858268,-0.6653765373103177,-0.16399276419227712,0.15818532790604434,-0.8186630629565195,-0.18526838123201314,0.17498954836506794,-0.9393333243910084,-0.19293562898593872,0.0190766478276225,-0.3713829495191475,-0.13111956322361265,-0.011163954321386739,-0.6821623581163784,-0.17814833002760488,-0.026533282760037837,-0.8655835825655283,-0.18929272593925817,-0.043357166970319466,-1.0,-0.19686637774857962,-0.08078388701657985,-0.33725468329105746,-0.14197978281574572,-0.11864587824247358,-0.5877432046113744,-0.17575644537011337,-0.0923192053260113,-0.5329743200538168,-0.14361014481346768,-0.07381800313341877,-0.4574621442941517,-0.11214796723139417,-0.16794641403053598,-0.30277864957643225,-0.15081794550786495,-0.18423291601000857,-0.4939725335317874,-0.16304221494507928,-0.1588141465802033,-0.4475940311806699,-0.12521807644035726,-0.14468265128324587,-0.3802730719182741,-0.09072052671933323,5,Victory
0.0,0.0,0.0,0.08090521340884499,-0.1650996253775664,0.013506246748278892,0.10356703416902242,-0.3775417117508609,-0.0026499720305842973,0.07657671465460433,-0.539452836812393,-0.02126569513551894,0.05435749457776019,-0.6477672522375885,-0.041199944539686326,0.11871088493921834,-0.4154153476606869,-0.09323688467097409,0.13973226750391385,-0.672572308898382,-0.1396527415096956,0.15960324891926234,-0.8213771275451447,-0.15598599492709023,0.1776662391383559,-0.9368058877680623,-0.16167711013794833,0.036046087616626525,-0.38638346140920116,-0.11924649726152796,-0.0028535330173035923,-0.6889532500774308,-0.16778175045450144,-0.01971799221017249,-0.8712269193314136,-0.17941010902180676,-0.03465475967726074,-1.0,-0.18657010438358462,-0.059876063486497766,-0.34810467457614847,-0.1356945272585084,-0.11410678369115654,-0.5880138020397359,-0.17055164567423375,-0.09562241431945671,-0.5288417940432412,-0.1368992652357137,-0.07737508805894981,-0.45202123983949866,-0.10371620311030666,-0.14787384535107695,-0.31001008508169386,-0.14994330275538,-0.17902691375556043,-0.4985719851660113,-0.1646996525355846,-0.1587025128372923,-0.4517968186844898,-0.1291234727190357,-0.14345935085140643,-0.3849639767983479,-0.09548076680187653,5,Victory
0.0,0.0,0.0,0.07057840651915542,-0.15703773777875743,0.012286698547482888,0.0904589265797249,-0.37136804296010906,-0.0027422743173304317,0.0688125557866807,-0.5349024662146821,-0.020810106275771244,0.05955916117535488,-0.6425793345776457,-0.04034178058493425,0.11079395238220772,-0.4154967825051313,-0.08721764106450751,0.12560493223613375,-0.6745987327115636,-0.13292530671169925,0.14604444053076002,-0.8225985278872329,-0.14944177864572816,0.16510055646243538,-0.938496663944417,-0.15475251192373315,0.02978896606913815,-0.38892538031558127,-0.1129635349508739,-0.00743040285936974,-0.6911144196466835,-0.15790561962917202,-0.024558354438014622,-0.8706238984998826,-0.16782191562683008,-0.03963185172926806,-1.0,-0.17332380907870387,-0.06197067782361174,-0.3506193658644242,-0.13019329484955486,-0.12338512784889044,-0.5876861379061239,-0.1662323014625927,-0.11152919443722514,-0.5301369880030083,-0.13603416118194198,-0.09415197551272678,-0.4532331810446952,-0.10434184880220207,-0.14895697626287518,-0.30875501174358366,-0.14533594105568792,-0.18533537844814651,-0.49284888422497936,-0.1633749054340592,-0.17098000851042333,-0.4463558314825762,-0.13134132556161063,-0.1563920718629753,-0.3802275233936576,-0.09951903116472927,5,Victory
0.0,0.0,0.0,0.06178549344789005,-0.1566948569556059,0.006359724216548235,0.09202159834000496,-0.37804824332528697,-0.013844021781492641,0.09346085174623803,-0.5628187820044508,-0.03695860376464917,0.1107696274325627,-0.6918423790269637,-0.06147579807339792,0.12054813390836136,-0.4112130745931654,-0.09766093978795554,0.11860458069750765,-0.6807083651764643,-0.14698249523091453,0.13865298786762684,-0.8274124748761905,-0.16342088908302999,0.1574480101269573,-0.9439660493307612,-0.16808189230157092,0.03992202781546583,-0.3800676869935259,-0.12562873887771894,0.00577019976725056,-0.6887040771552049,-0.17684448717165657,-0.011251426628376355,-0.8672870886905544,-0.18788814438470086,-0.028741722188742512,-1.0,-0.1926213206907181,-0.05305514500828763,-0.33900253286155,-0.14566960609943802,-0.12954992049036737,-0.585244061466501,-0.19401314256108543,-0.1270815868708667,-0.520524651352786,-0.16591868110558222,-0.11148266106452008,-0.4379674768008062,-0.13274837899142275,-0.14655878157800528,-0.2960061699923801,-0.163540809332119,-0.18774695961224885,-0.4786761842558583,-0.193560394961805,-0.1747616955471239,-0.4326864268023212,-0.16580568708816304,-0.15893383586563378,-0.3687837158436831,-0.13512885467729854,5,Victory
0.0,0.0,0.0,0.05338114537699575,-0.16738277276875585,0.0031871181777453628,0.08405731331404326,-0.3949317973897259,-0.01974888586275282,0.09942263163920814,-0.5825824895314468,-0.04390237979101975,0.13046118326054165,-0.7162759462827326,-0.0701296731461702,0.09986254986944183,-0.4134963189154279,-0.10861624379459245,0.10245815079830013,-0.6858161247400231,-0.15813415747057474,0.12296437079187504,-0.8353242667010523,-0.1717640845269632,0.14176191280781772,-0.9501334066623017,-0.1727582253886138,0.02175622138308291,-0.37735479919386306,-0.13360659713535872,-0.008585353029516485,-0.6873711231337518,-0.1822649264298555,-0.018729317173540656,-0.867480816452664,-0.1871412657766089,-0.029488277554777183,-1.0,-0.18647721990728267,-0.06583766767192938,-0.3309769130468131,-0.15105315526848248,-0.1559612949769842,-0.5668745185354808,-0.19924980316382251,-0.16064115789368374,-0.5196733489032336,-0.17613479928431622,-0.14480979858803755,-0.44584573237631436,-0.1460193151908479,-0.15551276179720075,-0.2830846021393977,-0.16592384348623285,-0.20536900330035937,-0.4586457410468442,-0.19514571762126412,-0.19011706882733306,-0.42886705632176114,-0.1716434926021167,-0.16614583275437167,-0.37644897893394724,-0.1443984454338784,5,Victory
0.0,0.0,0.0,-0.0937153917251933,-0.22131611332858134,-0.0073782540085976,-0.09503155527893534,-0.39241393885668235,-0.041704929225877596,-0.1095928867426591,-0.5199439487206396,-0.0888180918989611,-0.11875355954305149,-0.5578305056788135,-0.13399469050304527,0.1128363747531863,-0.500479452027636,-0.033372228112769076,0.09559949610946653,-0.7064512500712073,-0.08603480844493978,0.09627780012210001,-0.8436665213221007,-0.12344777022398899,0.09402903463672471,-0.9503049790713077,-0.15277403504883733,0.133667921018027,-0.4384799275806051,-0.0750978170986028,0.11654510635772554,-0.6992890099814577,-0.16127619651506309,0.10402133036141364,-0.8754375041055764,-0.22233652697811662,0.09729300922596551,-1.0,-0.2586626509742577,0.10747735010465999,-0.36266372576322087,-0.1141918100504267,-0.0015423089484450621,-0.6019362592485338,-0.19162916110143444,-0.08073945711095094,-0.5431713673231668,-0.17704425355075562,-0.1041476862920601,-0.47421367554466876,-0.14724844129822193,0.04563828182897302,-0.29502325491026943,-0.1551048129348048,-0.08262964138310047,-0.4644072129146335,-0.19978047338575539,-0.12866324809550816,-0.43162406097123035,-0.17975730438694507,-0.1274086764493825,-0.37780502566175284,-0.15356105010012847,5,Victory
0.0,0.0,0.0,-0.07579482163155254,-0.19399985532014938,-0.023918322378422615,-0.08525911788907843,-0.36286225148443124,-0.05341196816704216,-0.07343752410222695,-0.4924097599325111,-0.09421008615213056,-0.06074678738923614,-0.5473084494628495,-0.13179291303949783,0.04942199867766872,-0.5271073923424998,-0.022896363022290502,0.03354697547304194,-0.7352781603105936,-0.08022083780650742,0.024653419949755666,-0.859869453030378,-0.11773375992459915,0.026798218948485993,-0.9630869573774223,-0.14195499370064218,0.12704819062421377,-0.4827257843429806,-0.05741865173119837,0.14889378424510893,-0.7226420774749962,-0.12361510223446616,0.1528549270669937,-0.8777203934228114,-0.1671360197095049,0.16141909657007691,-1.0,-0.18933448655521287,0.16991810694926046,-0.3961839625577057,-0.0970248356379054,0.09731581643318424,-0.5821809476849362,-0.1799937599219396,-0.005011933428119912,-0.5229656656629502,-0.18734972634344838,-0.06270156110622639,-0.4494972907102238,-0.1684830682405523,0.1664306310647852,-0.29683026128010814,-0.1390912169608005,0.05311918055885784,-0.4255570307226599,-0.19505301416645812,-0.02966402359983681,-0.42689398956283814,-0.1912562485323907,-0.0776667501767275,-0.4021442936830756,-0.1740958951199409,5,Victory
0.0,0.0,0.0,-0.08848916298591024,-0.1405305253748759,-0.02854526235932056,-0.12078454795865057,-0.3102194726970085,-0.059632089502884414,-0.10743939576292875,-0.4363538770645176,-0.10290320351880695,-0.0402665712136039,-0.4768459891923127,-0.14299361950115463,-0.025501159364552734,-0.5291367427990392,-0.02749281303035987,-0.04389765031086732,-0.7346877324472946,-0.08016981355396477,-0.051502656619207804,-0.8562629698177648,-0.11192657377020665,-0.051157345702308156,-0.9576100388520149,-0.13530268242856033,0.05968758824369281,-0.5063753870570494,-0.06065183985501665,0.09877408791545948,-0.7397450337737798,-0.12808986130901281,0.09994417862373768,-0.8876858743919874,-0.17363913704075212,0.10368167673855913,-1.0,-0.19898021420471512,0.12025452681030123,-0.42888691735020795,-0.09848365477303156,0.08630711945171782,-0.6054376229335705,-0.17934870852403295,-0.0013533751063623083,-0.5125995385614366,-0.18640609760408072,-0.048190445710973334,-0.42252173796384385,-0.17018980308964407,0.15110372788670173,-0.3262779857874226,-0.13931893906767795,0.059146290049633905,-0.4113264832409815,-0.19791779011818986,-0.018892680957535248,-0.39014235844374956,-0.20052751885144773,-0.05921784096034284,-0.36045650777244453,-0.1895002370206414,5,Victory
0.0,0.0,0.0,-0.0904180889177586,-0.14609857194616435,-0.029984392300098903,-0.11981687042519372,-0.3064495743714818,-0.0634063710393519,-0.10441735554014303,-0.42770875839529876,-0.11000818253094562,-0.030447584822595235,-0.4736194063474791,-0.15256801130573225,-0.02561032846788334,-0.5200422994610684,-0.019866665961094616,-0.05701795488756431,-0.7283434111115392,-0.0723438680283679,-0.06839463434127839,-0.8499729501880172,-0.1043216437664843,-0.07043936986126736,-0.9514735184881332,-0.126798281585807,0.060480047812978804,-0.5016201264751571,-0.05335442404784994,0.09456441891337261,-0.7410611643492032,-0.11983764232648622,0.09370420208907779,-0.88983184992992,-0.16458070384549636,0.09472766329052681,-1.0,-0.18844956599681156,0.12103843749017108,-0.4288140347455816,-0.09282106774795805,0.08008480989201751,-0.5991343931525351,-0.17334613254562026,-0.006253841919110674,-0.5003326956425651,-0.1796577982216504,-0.05091912437465601,-0.4049615742160845,-0.16211537928602304,0.14976674642571677,-0.331542254790769,-0.13575544846098864,0.05861669493427227,-0.422938909490255,-0.1913021457114272,-0.020414037395569105,-0.3920619237764535,-0.19027411778390332,-0.06263875852458214,-0.3511439295057008,-0.17692710506917314,5,Victory
0.0,0.0,0.0,-0.08878913380652519,-0.1271242912189508,-0.02892510218116664,-0.12838314945915008,-0.29996221886332897,-0.05659115426847826,-0.09101804132635644,-0.41971906018588934,-0.09624969746709136,-0.007821952097212172,-0.47421559255467943,-0.13339888819924772,-0.05875005226005836,-0.5293504029859666,-0.021428857691556964,-0.09506290572080278,-0.7296919978116181,-0.06943148667707573,-0.10919633392163838,-0.8497963845529783,-0.09796994309064812,-0.11552268650813295,-0.9504223253943358,-0.11757103180552775,0.028270960259014957,-0.5171637421125785,-0.052446486788649355,0.0659979773113117,-0.7587020371291363,-0.11103083779310692,0.06506768414969744,-0.8980264550033844,-0.14866017181913718,0.06759322360815755,-1.0,-0.16738576829556526,0.09694067694665832,-0.44336882058474325,-0.08912780572223125,0.07449822008012269,-0.6044960065620679,-0.16589650090848354,0.0031409898144825637,-0.49186435930707395,-0.1720801642988186,-0.026926049260138644,-0.3929798646804339,-0.15464503858869097,0.14434279417796017,-0.338377273248416,-0.1283925028537119,0.07368488685280566,-0.4346753117841494,-0.18028398352800645,-0.00012619361332071055,-0.4019092170327521,-0.1758681208112683,-0.0355860859742724,-0.3655594288559138,-0.1610419101925887,5,Victory
0.0,0.0,0.0,-0.09487241202618571,-0.11162976950587976,-0.03330696579570919,-0.14102660702791012,-0.2837618768928981,-0.0595524746139832,-0.08579401658392177,-0.39415909668006166,-0.09497323588879726,0.0009225494611320637,-0.44195360800538086,-0.1309955099147647,-0.08489446341210076,-0.5181747446914062,-0.03521850223432525,-0.12050132681523426,-0.7158658787033099,-0.08215963764334991,-0.1362956665034444,-0.839017688450255,-0.11082679262786949,-0.1463713814648238,-0.9425079277780336,-0.13188963519148297,0.003602452226654254,-0.5131359879144864,-0.06258873956952038,0.040074310132197186,-0.7591809955067949,-0.11732215235567564,0.03683671523315957,-0.8976281640051673,-0.15427108691125532,0.036889902181622,-1.0,-0.17430743903429138,0.07825457393303802,-0.44284596680736155,-0.09468675383351483,0.0681106409290655,-0.6160870349169105,-0.171925026673439,-0.0009532540038434636,-0.5017744078150385,-0.1850098189382581,-0.030885558195418227,-0.40280377439766585,-0.17366551817351586,0.13605144334154326,-0.3371663265721031,-0.12848058786030192,0.06901880165051691,-0.42834584286507044,-0.18955574532225414,0.004164383899539875,-0.3579082087053288,-0.19042751666411137,-0.018206123706290107,-0.291062620630151,-0.17817009298979125,5,Victory
0.0,0.0,0.0,-0.09168502982310797,-0.1067529553216293,-0.0396114856354375,-0.12808749353557092,-0.27935997885624564,-0.06297803309552089,-0.04615494538749037,-0.3902376665756713,-0.09399400130587623,0.041566755697058456,-0.45054662518513444,-0.12403800005590429,-0.10564075783706345,-0.5164414506350784,-0.024424595653910162,-0.1527402459399197,-0.7025002376984564,-0.06816548544252825,-0.17371784577499041,-0.8210512879193111,-0.09599465342166755,-0.18885490854969936,-0.920731612406928,-0.11524114900253912,-0.013527026892712637,-0.5232205293452419,-0.04613403832744988,0.011575305340154461,-0.7578656935272069,-0.09429510164500521,0.014697359699931719,-0.8938968475589947,-0.1287000387966582,0.019571475160058107,-1.0,-0.14671996502230863,0.06565165727239443,-0.4629927101430948,-0.07479341231379333,0.07927557636952912,-0.5925187091032852,-0.145948390519611,0.028404793626168247,-0.4717296364935799,-0.16058153569245076,0.00044045320797274064,-0.37923821348528197,-0.1506715885574626,0.1301424834247131,-0.365113580480134,-0.1063276756789321,0.10210975586352551,-0.4325176739194753,-0.1578132003899136,0.046374359347181586,-0.36155632384475267,-0.1554803330351539,0.014934651834116295,-0.30334836329375736,-0.1424999188253558,5,Victory
0.0,0.0,0.0,-0.09684008115509316,-0.11070599094761319,-0.04642725092662908,-0.1229528535599041,-0.2854855559599999,-0.07139131169158187,-0.029794301634620848,-0.39010018445735595,-0.10289312631577882,0.05381534912509465,-0.453405457541787,-0.13309775725515977,-0.09822272803367844,-0.5240067025137498,-0.022399447551105546,-0.13660853418604543,-0.7130819737090672,-0.0660439912380103,-0.15435354684925026,-0.8346740511043635,-0.09394429518564346,-0.16679036521327786,-0.9363070132191879,-0.11212735183294287,-0.004412969456257804,-0.528969142941396,-0.04047211199998352,0.02507649374365496,-0.7638131835558033,-0.08878257630725477,0.033552132624992514,-0.8969837152261023,-0.12115123299387232,0.044225286784344627,-1.0,-0.13555147013138905,0.07440969806434966,-0.467873426314585,-0.0668537144905418,0.07650572339997451,-0.5892307007075729,-0.13876479099350064,0.029140391860531193,-0.4570949732682741,-0.14799873237568675,0.0076478692180451825,-0.36594164635485543,-0.1318884787890586,0.13803369380078911,-0.36950767855579564,-0.09689973667764391,0.10976260138627152,-0.450539288188125,-0.14510728268831202,0.06322897132386933,-0.3611087100425588,-0.13430559200840006,0.04553359780924253,-0.2942435482161699,-0.11390131401073765,5,Victory
0.0,0.0,0.0,-0.07995517114721462,-0.11054036014063322,-0.05811049157862501,-0.08709747202150257,-0.27701867839027894,-0.08392993325889539,0.020282788185162496,-0.37137637169754967,-0.11286225971343859,0.10830011102779634,-0.42612903870695734,-0.13909005527310253,-0.07094559817008528,-0.5229172292403234,-0.027366682922395535,-0.1050152875816857,-0.7125493635072729,-0.07181900422687218,-0.11878297303256866,-0.8341396300605147,-0.1006673735564654,-0.12812076577849402,-0.9381317074320592,-0.12005826181762569,0.02024781786070532,-0.5301862826216882,-0.038458929685178875,0.0455219335844314,-0.7608635521793345,-0.0867710707134556,0.05717743530862952,-0.8917870760780602,-0.12008603368578996,0.06862705372331014,-1.0,-0.13623166390205993,0.0947288800276182,-0.4707884107389928,-0.05909665025259327,0.12069249597110233,-0.5889105281861711,-0.13121394451026908,0.07994538423047234,-0.4680845959599727,-0.1456205246601939,0.05308232676784389,-0.3877198065413006,-0.13455948861360698,0.1555610126236307,-0.37374910224433694,-0.08469432726226055,0.15515151370481645,-0.4312837600140597,-0.13638146638835452,0.1093104311524721,-0.34717225242009864,-0.1337328671258942,0.08072463763791571,-0.28859469125410686,-0.11992272197219334,5,Victory
0.0,0.0,0.0,-0.07123663044112402,-0.1177146692697573,-0.05755488813383702,-0.06684373456895935,-0.27861490076919887,-0.08374145058064598,0.053469935445998804,-0.3636959075301373,-0.11322742889584249,0.1482994203792886,-0.41358984121026876,-0.13989654498177576,-0.05572598742120208,-0.5157376917057762,-0.026808639248781397,-0.09067404289205294,-0.7112373762434299,-0.07185869972492805,-0.10524714023910181,-0.8329144209897639,-0.10024745398848135,-0.11327389770118468,-0.9365855125496274,-0.11776186180641417,0.034846289543310364,-0.5216137718410311,-0.03794407664679744,0.05733583778559266,-0.7563000747606666,-0.08501211125924188,0.06753684955062404,-0.8902769633095338,-0.11610858650131187,0.07935168127296424,-1.0,-0.1292625167892457,0.10830444853031837,-0.4588588382685598,-0.058744491679766114,0.14103109574597975,-0.5620681338522674,-0.1292298428293542,0.10438958787806614,-0.4455671976899375,-0.14209766921860648,0.07902148331658286,-0.36921267936094365,-0.128560785986588,0.16739039563007965,-0.3578690262889298,-0.08483841901456339,0.1837078283379615,-0.4169992403642643,-0.13076397020156189,0.14087808598258553,-0.34211659897307833,-0.12439232247767233,0.11118360630299182,-0.29074717963430424,-0.10787330512032657,5,Victory
0.0,0.0,0.0,-0.07179827997989814,-0.09966422905302731,-0.075601154568151,-0.07012402260071766,-0.25092706995061154,-0.10538633858507208,0.04847311276060198,-0.3283580184003158,-0.13304392788519231,0.14503948542881293,-0.37353087399596824,-0.15473211437361667,-0.06411196979824285,-0.5013405244956188,-0.044400402276779154,-0.0955619822228162,-0.6933039602324634,-0.09429328535349121,-0.10885167835400376,-0.8193668498327353,-0.12648430659485574,-0.11413073110898234,-0.9286972388281768,-0.1461934339505686,0.02534331851657329,-0.5133655671412173,-0.047033402312562395,0.040653040026335525,-0.7430698376981175,-0.09514122661369259,0.05066426518765733,-0.8803058828641795,-0.12638544880641103,0.06587266917727187,-1.0,-0.14009460239926208,0.09661568443235219,-0.4548189160161506,-0.061361376085731674,0.13615001505414367,-0.5462049765877466,-0.13571124337442153,0.10348395812763583,-0.42007497145100686,-0.15141670350442538,0.07650386385783266,-0.3377947205138637,-0.13741820932874796,0.156219903059631,-0.35544622373497026,-0.08277092109217471,0.1898315511308236,-0.4085084930728977,-0.13352294599309292,0.15516784067123032,-0.341059135873998,-0.1323673259717436,0.12069528650398509,-0.28914614689178053,-0.11780891340527888,5,Victory
0.0,0.0,0.0,-0.05450016482531126,-0.09135326358513196,-0.09875779117467004,-0.024636503468601086,-0.2391394541729061,-0.1238097362100748,0.10971344901258119,-0.3265981152051247,-0.13727579998876438,0.20372349846134707,-0.3870175693874109,-0.14174270369355546,-0.06164683555041893,-0.497575106904882,-0.05012307560488362,-0.07936155532716403,-0.6904625209871603,-0.09398530257393932,-0.08944723459006453,-0.8172066486127794,-0.12015821654884518,-0.09377191307518186,-0.9234192232568368,-0.1349922380759747,0.02721051026785769,-0.5115830599093546,-0.03465387718469744,0.035638614979622105,-0.7370636167076058,-0.0784908879037069,0.04428996521344658,-0.8771933300944754,-0.10548808232657882,0.05681340584669939,-1.0,-0.11481163139337092,0.09797406447492484,-0.4594280283228686,-0.03414083531965464,0.15340215212669794,-0.5339273102496603,-0.11251645432326556,0.13325799578635802,-0.409079362551959,-0.13655938294807254,0.10765628373708548,-0.339331200267707,-0.12569476265569948,0.15523618913093298,-0.3757571543653088,-0.04195375073557282,0.1999114404712122,-0.3987176749072678,-0.10595635270668774,0.17922980646641676,-0.32908934294000397,-0.12043227563609578,0.14808389036745404,-0.2874667161621375,-0.11429599901847884,5,Victory
0.0,0.0,0.0,-0.050755083350970114,-0.09031606223665478,-0.1064345011419949,-0.019076154933479774,-0.2326619105352422,-0.12830131499436542,0.11495072085779123,-0.3191502814159372,-0.1347065718600231,0.20981354640950067,-0.37805037757346216,-0.1308218668014715,-0.05940440590797197,-0.5017801105458994,-0.04866898272301465,-0.07157222234615808,-0.6958414615666383,-0.08432721401058575,-0.07953980781672022,-0.8198499924116582,-0.10617957938282657,-0.08294467885016452,-0.923538989917157,-0.11832893066340693,0.029218756808846263,-0.5136431218472693,-0.025229738972068993,0.035054555727152124,-0.7407072288289022,-0.05744010235538983,0.04388303943776225,-0.8791682853780572,-0.07808673483656722,0.055756800408348725,-1.0,-0.08450087751750467,0.09907958558060177,-0.46047884112555276,-0.017834425290363925,0.15584384961143413,-0.5488822713565585,-0.09109820525376651,0.14155592099293654,-0.4214660953699094,-0.11748063872227212,0.11742117978428766,-0.34797026017320376,-0.10863511302934901,0.1554642591414667,-0.3770207210854993,-0.018863330457360036,0.2014374735087117,-0.4159570632782168,-0.08369356869025775,0.18936270528256083,-0.3442266011776783,-0.10136122798677397,0.1633533604679643,-0.29490168618386625,-0.09731152850938127,5,Victory
0.0,0.0,0.0,-0.047275649357267704,-0.09028241496348674,-0.10850395232873342,-0.01262689146509338,-0.2326091657401107,-0.1332331641813419,0.12129885023642231,-0.32216220242632243,-0.14328724367993192,0.21589949477512901,-0.38761074392530875,-0.14348779920817106,-0.05952845247911952,-0.497780348460237,-0.05123516776866583,-0.07655428918897024,-0.6967778410461738,-0.08878376018784309,-0.08522388053563952,-0.824106046055985,-0.11050625460515615,-0.0876010568700637,-0.9295386277055537,-0.12147464907473465,0.029410463676274475,-0.5125005602807119,-0.02692800039638325,0.0367108258922474,-0.7423519993899916,-0.0618146224174155,0.045028534516552206,-0.8815980433675775,-0.08338563543490266,0.05658591398776118,-1.0,-0.089169428644882,0.10011656776059896,-0.4613974373186137,-0.018743314382393825,0.15456862732312357,-0.5520025974701923,-0.09550787038717262,0.14121846706374783,-0.42481655543001745,-0.12317807867413409,0.12077942669199047,-0.34896238949399205,-0.11344004008722697,0.1556137013850374,-0.3793847950359511,-0.01874913197602474,0.2013242656856717,-0.4232285598121616,-0.0827327138125788,0.19111614203537544,-0.35521826509833887,-0.09929089603460599,0.16945743737618385,-0.30775592403962304,-0.09381660100872968,5,Victory
0.0,0.0,0.0,-0.052831427699828536,-0.09109240283304008,-0.09811654419135675,-0.02505389422298421,-0.23494828896512227,-0.12759319784569345,0.10884715999015208,-0.32926741852721947,-0.14681192116120548,0.1993783029845469,-0.39220577703303355,-0.1574481514954833,-0.06522811930186036,-0.4945714320696537,-0.049736782471565544,-0.08286135830054384,-0.6897532773257635,-0.09784223016969605,-0.0881798758456908,-0.8197827653106701,-0.12860654374701647,-0.09020544673817153,-0.9284496599532195,-0.14662402500209323,0.026852179023494106,-0.509961011295498,-0.03571356040322417,0.03975448733391632,-0.7416020979299548,-0.08499501890508922,0.05434011529969373,-0.8798557325386482,-0.1155687777543157,0.07133943648799417,-1.0,-0.12639244438712513,0.10149582874837963,-0.4560552343141987,-0.03585561061804517,0.1515532624607703,-0.5616466963587147,-0.12016487588327522,0.13255619194511656,-0.4266823295180425,-0.14057613983479855,0.10923758162309746,-0.341275987799209,-0.12510891602404545,0.16394144664206067,-0.36348449467961425,-0.04364626319872239,0.20404600284297308,-0.41671588611943605,-0.1114001703322924,0.19016074254147813,-0.34455559849503725,-0.12019647692754962,0.16841048672965953,-0.29502527997318095,-0.10766322828903872,5,Victory
0.0,0.0,0.0,-0.10296425708451663,-0.09055778448706484,-0.04042652621821482,-0.16315169022936882,-0.23213252110814736,-0.07738468365613708,-0.10671910464989333,-0.32508710888953235,-0.12294563796023346,-0.021158266919116545,-0.3746440325489461,-0.16752019525385609,-0.12681013235748667,-0.47868160182630604,-0.053514477192921336,-0.160342482640348,-0.6799591895655291,-0.11138464477509576,-0.17470710778941526,-0.8007553951109568,-0.14293922747472163,-0.18090964604431126,-0.9048898528719059,-0.1612249567783503,-0.037123925396426075,-0.4880582849844909,-0.07759873879657372,-0.030086107894680265,-0.7370993821753671,-0.13684517395653883,-0.03880258119855243,-0.8795819946016082,-0.16765603458315326,-0.04182469215569058,-1.0,-0.18019763101497657,0.04684320846632232,-0.43520966584083426,-0.1070995456654367,0.004334014531038798,-0.5472712489428126,-0.1843332614895598,-0.04093803688296067,-0.41372597088822166,-0.18911030698833586,-0.05561594410288384,-0.3156918577654724,-0.16906350035736623,0.12013194703690167,-0.3451543333025263,-0.13992945444227683,0.05942879911052463,-0.40560604584137594,-0.18954278004314598,0.0009553427855913701,-0.3422531235367256,-0.18044763541265268,-0.02737197387529084,-0.2966994812417474,-0.16118270767554604,5,Victory
0.0,0.0,0.0,-0.10485532720919302,-0.07868498301345447,-0.03954535722515116,-0.1795099059793424,-0.21008418055029232,-0.07809052098877514,-0.14053197175672144,-0.3075056141972489,-0.1250235358677168,-0.05150048070009469,-0.34653412066250694,-0.17043011785640128,-0.1283297412721052,-0.48210963579845506,-0.058184073796597305,-0.1592057158240924,-0.6798279609181327,-0.11256845359097403,-0.17649923712035773,-0.7987099631387893,-0.14308002159579278,-0.18655316476723052,-0.9025065140967677,-0.16223213875637918,-0.04043005851306452,-0.486323788368957,-0.08320929773892898,-0.028863711800622062,-0.7267353363860578,-0.13947999015206755,-0.03337647424493607,-0.8746697730534811,-0.16983284158242543,-0.03201320937933463,-1.0,-0.18400509079158409,0.04069837026237573,-0.42762893510081434,-0.1128511607178466,-0.00448035400268372,-0.5314461370192736,-0.1860750857901325,-0.056076401921353304,-0.4085280025516749,-0.1924797852252006,-0.0739219972523671,-0.3118593491721678,-0.17542237449990572,0.10833388352315636,-0.33153353429581883,-0.14607977144784448,0.041488081079590004,-0.37902682424103196,-0.1963282876687971,-0.02465227249500081,-0.3231426119153932,-0.19186134925357895,-0.059135306600438885,-0.27715247071407406,-0.17660854230569142,5,Victory
0.0,0.0,0.0,-0.11008705369483412,-0.08156487284782467,-0.0330158154724548,-0.19095463989225506,-0.2086560376387581,-0.06741389223794109,-0.17348109114974275,-0.30911945601500107,-0.11281735549373162,-0.09421842557483212,-0.3627365957559565,-0.1581376959816,-0.14798768274128032,-0.49228257594666924,-0.04018335496737261,-0.20620253077597225,-0.6738204929324282,-0.09210636355399236,-0.23977182059041843,-0.7839538361234069,-0.12314430900043083,-0.2610514945291704,-0.8811199048431898,-0.14316595751823463,-0.057808383731090415,-0.50939186070362,-0.06949892837319016,-0.06362303142876864,-0.7524279086078508,-0.12485115238719936,-0.07619610913067672,-0.8893607436939148,-0.15673579282903996,-0.07873925077751633,-1.0,-0.1712960986374067,0.026904011287440105,-0.45831033852179154,-0.10422771997362577,-0.03422249512488186,-0.5607211870785898,-0.18092782030569976,-0.07948855177341112,-0.42653415330623135,-0.19019207820656434,-0.08664543129215738,-0.32072110856637015,-0.17364638442188607,0.09242393065539056,-0.3657652046273794,-0.1417198810191992,0.004919444827009773,-0.4149233409959079,-0.19481499628331592,-0.05746505633742458,-0.3508439572906611,-0.19074534400412255,-0.08106419388069218,-0.2977795108623292,-0.1749816646401762,5,Victory
0.0,0.0,0.0,-0.10463651203901843,-0.10607162570704033,-0.032146545065726936,-0.18086260978090588,-0.2385479323095204,-0.06710297832043073,-0.16810443919650428,-0.3488165853866604,-0.11322318605086715,-0.09509886683787498,-0.3968242106664916,-0.15799831057376237,-0.1347026975468557,-0.5020074966468954,-0.04189603683128787,-0.1979912774778675,-0.6895664079286252,-0.0945493383022206,-0.23683708067720036,-0.7953930265163531,-0.1271460850476478,-0.2706631766726354,-0.8918338069186047,-0.14860874648324174,-0.04828856901568432,-0.5033574707607765,-0.07015272081106329,-0.04005253463139527,-0.7534289661555998,-0.12319047533340939,-0.050164997769074994,-0.8858574132453972,-0.15053847142202775,-0.053797450817633596,-1.0,-0.1627337049840064,0.02977163959469542,-0.4414724340122275,-0.10411997088239075,-0.02022341492232737,-0.5757349919705173,-0.17690453934659914,-0.07544439236807021,-0.4533558670472813,-0.1813911587504577,-0.0893595876625901,-0.35037546207519854,-0.16201620062753128,0.09103551024705753,-0.3400431810354078,-0.14164754887702344,0.045120437204205124,-0.42848923975416,-0.1911953478516208,-0.01703126939044949,-0.3952314124987888,-0.1861833233589694,-0.047543975755210514,-0.3556237194431705,-0.1698887965896326,5,Victory
0.0,0.0,0.0,-0.09447600414328476,-0.1067731892028282,-0.027812759034673222,-0.1630017420553249,-0.2541625176245635,-0.059113751158460445,-0.15134804443067132,-0.36920942662365847,-0.1031426704616984,-0.07401156842218917,-0.40172189627870347,-0.14558676623919592,-0.11664911928498133,-0.5071547091648732,-0.0294267760467054,-0.17285764659489847,-0.6864509014581432,-0.0804530110511202,-0.2150719909911759,-0.7906199357280211,-0.11251035853116433,-0.25367239246992873,-0.8829989318041829,-0.13458251156235562,-0.03463300773469894,-0.5093446691254695,-0.06114008053324465,-0.013524417060627496,-0.7552289612066858,-0.11921915518462915,-0.0163248223108575,-0.8902041220243087,-0.1524745307494955,-0.01517452176918326,-1.0,-0.1670526668287312,0.03974135676722326,-0.4451526255071677,-0.09779529780454085,-0.0024452856284858005,-0.5940577206226542,-0.17353239004903204,-0.06028773033337355,-0.46826543923441016,-0.17499210608350066,-0.07938675780958612,-0.3670723674713764,-0.15203964271647602,0.09871390959168419,-0.3423161242164381,-0.13772540574054656,0.045877516772643505,-0.4281709653997007,-0.18825871514335651,-0.014798208448209024,-0.4015399976002725,-0.18061934612817765,-0.043958402275435654,-0.3770797986164686,-0.16157365751902333,5,Victory
0.0,0.0,0.0,-0.0973751957839397,-0.10973405444756829,-0.02652149681276652,-0.16071131039751366,-0.25538240876140517,-0.056939599761317586,-0.15124729327134742,-0.3616035653929288,-0.10043363042578232,-0.09374943833305834,-0.3931799748470363,-0.14343868700699683,-0.10842588659986953,-0.5088962376289567,-0.029664815251164833,-0.1722306034849177,-0.6819613871080618,-0.08249506104228578,-0.21877459696399487,-0.7831623140143654,-0.11609167010412104,-0.2577197528487343,-0.8741640979090526,-0.13796816231656334,-0.02367170119950199,-0.5047244791900273,-0.06302020101171166,-0.005406575620084351,-0.7441692292172707,-0.11960164320401898,-0.008922549954151785,-0.8851310750503618,-0.15300498823729639,-0.003995749223624485,-1.0,-0.16814754922481331,0.051324092876516826,-0.4340099028257494,-0.10183596603730424,-0.0005066539417563323,-0.5787879263831337,-0.17976542245057323,-0.06369007610819823,-0.4637224281240381,-0.18774880455751203,-0.08228179836403725,-0.36669228812465665,-0.16872589413260117,0.10797250499650815,-0.32567744522057257,-0.1430843004671194,0.04050818896232771,-0.4185125100128517,-0.1957389671482511,-0.03429961367029734,-0.392871999200753,-0.19016917415095666,-0.07149844077208944,-0.3609892333203742,-0.17209841569373005,5,Victory
0.0,0.0,0.0,-0.09281185105559804,-0.10970712489318381,-0.03250330977546702,-0.15508759940803332,-0.25951338269298696,-0.06755903111716254,-0.13265580978752736,-0.368959565882792,-0.11388517087435893,-0.05257897383506053,-0.38071004825083327,-0.15957033068010856,-0.09485417972804076,-0.5125877093028367,-0.04382528522107096,-0.13574689340640533,-0.6919492781704027,-0.09645218215346274,-0.16781357352024698,-0.7966447323913453,-0.12981283460748386,-0.1973743403583911,-0.8925659049268101,-0.1539199451753734,-0.015385895991816967,-0.5030125205253876,-0.07603255371792517,0.020331473902867957,-0.7528567193112137,-0.13307676872297722,0.02611942276078816,-0.885047229824795,-0.16634915460618693,0.03480267102047535,-1.0,-0.18297754384765713,0.05550825489234518,-0.42829200405410506,-0.11288236130849173,0.032911701006324644,-0.5788963631211121,-0.1894595446376527,-0.031461557238981135,-0.4657299680478911,-0.1959760336904156,-0.057664219467872216,-0.37435204932764643,-0.17831389287105867,0.11016899482574737,-0.31404458704962224,-0.15287035237848676,0.07138719664747586,-0.42137190490249293,-0.20409583726397637,0.0061458473949319945,-0.3921476811572967,-0.19726342013634907,-0.028076797294436705,-0.35806298951899745,-0.18047036405383537,5,Victory
0.0,0.0,0.0,-0.08875972709973855,-0.11051501415554077,-0.030337776231869763,-0.15164173331889416,-0.2642560992589613,-0.06352862028499558,-0.12390971394978263,-0.3785108061696499,-0.1086400613267815,-0.03935023747273318,-0.3854485682018596,-0.15228973489846423,-0.08536812141276938,-0.5217426012159841,-0.0396932640178813,-0.12221259611070716,-0.7014475780875323,-0.09243183177496295,-0.15398103312241834,-0.8004223456427234,-0.1257620774470804,-0.1863461687216696,-0.8882872569191974,-0.1485220501415837,-0.0036050990887854083,-0.511268429276443,-0.07103190777397282,0.039500611086186355,-0.752935224864246,-0.12550896013400314,0.04348628536951376,-0.8852596729528612,-0.15491074350008244,0.04890190132891907,-1.0,-0.1686714665155994,0.06661164312566717,-0.4338821763950556,-0.10751955938522918,0.03948591407664104,-0.5742352140348705,-0.1807148729730013,-0.0228518386732468,-0.45774130169092964,-0.1838000460109505,-0.044509661349959005,-0.3651849502622256,-0.16370175009053095,0.12020452049072541,-0.31736026238029674,-0.14747829172947957,0.07659168613375826,-0.41139838178189636,-0.19424053085756013,0.007443803276659602,-0.3812261947121707,-0.18597988326090795,-0.028237905908197837,-0.34861445876328534,-0.16835066560593187,5,Victory
0.0,0.0,0.0,-0.09206252476637851,-0.10585229043315675,-0.03284610528658532,-0.1555367811979425,-0.2595659583963313,-0.0666677835141013,-0.12656440797294646,-0.3697448149302309,-0.11187567682342807,-0.041098146032185714,-0.38123087458498284,-0.1553535303911331,-0.08708747388709993,-0.50930061670687,-0.0435778531869735,-0.12201685844980745,-0.6919635746684671,-0.09562771103276985,-0.14931985272901446,-0.7933544929576923,-0.12696560522695366,-0.1760983961004736,-0.886049344244005,-0.14856642698981967,-0.007594689319006344,-0.5013424435134209,-0.0746363970585692,0.03492322903562126,-0.750689919170235,-0.13055504695911896,0.04155565558287071,-0.884906416752267,-0.15913957388762637,0.048367207968329815,-1.0,-0.17161395150612987,0.060060247221356604,-0.4270861658375941,-0.11080190283129945,0.03495493000011542,-0.5771457590341978,-0.18855165372481267,-0.026735146905501116,-0.4564267934705246,-0.19187942784774625,-0.049561841887592384,-0.3596429794289979,-0.17040956492364004,0.11034043911991351,-0.3135802469135803,-0.150274316451942,0.06457271024010403,-0.41428328505091777,-0.20238462349732747,-0.00514740563769337,-0.38064548395908115,-0.19486085739196793,-0.043695778462580166,-0.3438129643094845,-0.17662214605156346,5,Victory
0.0,0.0,0.0,-0.09285666331297285,-0.10540209511623984,-0.028640874574337064,-0.15208713310893338,-0.2625488976503426,-0.059124744697286624,-0.1160251889977035,-0.36829897938981465,-0.10119891612228873,-0.03549821824306632,-0.39266349491034513,-0.1429342377147341,-0.0875772046642669,-0.5062252065372262,-0.0398662567404432,-0.12201962463863676,-0.6919989713054343,-0.08942683552210683,-0.1510441078496841,-0.7974546507539891,-0.1188159725760309,-0.17779779921047226,-0.8913135280033434,-0.13855933594618633,-0.006347095316402242,-0.49896001222470465,-0.07113419688004596,0.03711384816972899,-0.7513657384583009,-0.12377237728229296,0.043507829776906926,-0.8877534410409567,-0.15240121847281843,0.05175732465890223,-1.0,-0.16509164145725702,0.062317332335169374,-0.4259683382018749,-0.10684739986481788,0.03858180964570943,-0.5749916624959676,-0.18094409497323816,-0.023217436964808956,-0.45570608495266274,-0.1860682914613771,-0.045330320149251056,-0.35887872915409813,-0.16691676042148432,0.11284128274037752,-0.31393705118253923,-0.14502094051344067,0.06563348597079623,-0.4092277516372428,-0.1952335877554753,-0.0003852152727185497,-0.37928875210345764,-0.18798157534447166,-0.034816575690128033,-0.3481381858930834,-0.170408776589622,5,Victory
0.0,0.0,0.0,-0.09267651738591409,-0.11944073866496056,-0.026074794964523095,-0.15093209962238788,-0.27550958740632897,-0.056820669277669905,-0.1107441508849391,-0.3756090461378265,-0.09982376059527713,-0.03086265809511153,-0.4116389046828057,-0.1430192662599274,-0.08298596693360251,-0.5049096134226968,-0.039530061998490074,-0.12828239970854172,-0.7003229871162762,-0.08984859755963236,-0.15916598333359622,-0.8123613976442539,-0.12147778006944979,-0.18401145844541114,-0.9132146439357112,-0.14303843498231916,-0.003065121654628501,-0.4972338479504146,-0.07132317417291655,0.03652613715810378,-0.7500723414309408,-0.1226477162981165,0.04764180989593297,-0.8875558840482031,-0.1522086775982228,0.06307345126483116,-1.0,-0.16685956441125052,0.06455541603467142,-0.42629286590904797,-0.10749575869136622,0.04736056452707287,-0.5828608041556228,-0.17654956830121285,-0.016111408770701635,-0.47224501734242336,-0.17960485183355474,-0.040385960468550725,-0.3723593425698206,-0.16145019780049458,0.11510837316341387,-0.31721323161860066,-0.14639337132264074,0.08372304530174224,-0.4332701246989808,-0.19268041907548086,0.018798153118973662,-0.3968810966102047,-0.18163318375181212,-0.01742675010435437,-0.3468906302191824,-0.16243412714965907,5,Victory
0.0,0.0,0.0,-0.09603354740220249,-0.11604929129816217,-0.028669073666805687,-0.14082538444678672,-0.27381225208792526,-0.05841108996262846,-0.08882272432513161,-0.3819307003003026,-0.09911128423055683,-0.006493615036279854,-0.4226153457525459,-0.13988890037225252,-0.07462541072306475,-0.4963621727201306,-0.03595067436704819,-0.11333230540283706,-0.684196318477863,-0.09009017869287028,-0.14164132380576114,-0.7947065016291449,-0.12366795600719409,-0.16598937294833743,-0.8849011538597931,-0.14382708097589142,0.009765964596386527,-0.49136452461885727,-0.0656140336712486,0.05637152095127,-0.7364472128789381,-0.1215957895061992,0.0650448797891524,-0.8841381732300341,-0.15564450310117364,0.07623182550926692,-1.0,-0.17101864480654785,0.08169954091499249,-0.425195794983168,-0.10017694196313275,0.07108248736059473,-0.5819159843348392,-0.17205633908033446,0.0024518798083675106,-0.48882250561651536,-0.1806492248639776,-0.030887905429144578,-0.4001855273947383,-0.16447785119733857,0.13766410761963635,-0.3221860676050204,-0.1372339925743374,0.09930339743526655,-0.4300386286282393,-0.18358208788005378,0.032378873310065864,-0.4023832365469596,-0.17523804173003624,-0.00665280366480655,-0.35969646993357973,-0.15653812307401943,5,Victory
0.0,0.0,0.0,-0.09570469088528025,-0.13088974495714173,-0.028339286447009546,-0.1394417757504809,-0.2873172139996725,-0.05894889425156183,-0.08635877618486427,-0.387400275889179,-0.10059477811185646,-0.003430953685814439,-0.4232407512210851,-0.14309400965986416,-0.06975361969146064,-0.5143501148910298,-0.03670513295928147,-0.10914357399093776,-0.7034324764609575,-0.08670276147247678,-0.13120654498175732,-0.8197655899599824,-0.1191787181088643,-0.14933526155389942,-0.9203486558526607,-0.1412296501492935,0.019545996365120034,-0.5058491049143408,-0.06683655061270381,0.06965283395518551,-0.7510995770923755,-0.11882727298740414,0.08275670652936154,-0.8909862543640459,-0.15049348020507575,0.09522226944046176,-1.0,-0.16670033091926514,0.09235458557046532,-0.4326053473897515,-0.10184481755487242,0.087042769102233,-0.5930209174359167,-0.1724668802275877,0.018553680728056063,-0.4984854666811304,-0.1815324159171199,-0.01663561199626559,-0.408764183198327,-0.16788252248783186,0.14786460613734898,-0.3206689723889469,-0.13907389309378176,0.1120143976034973,-0.43101098611621536,-0.18714274340953782,0.04637070092711888,-0.4014813933361162,-0.17998393413178693,0.0060243810429251475,-0.35994652390466547,-0.16359003325440158,5,Victory
0.0,0.0,0.0,-0.0879917507873861,-0.13568228685308661,-0.03414847975605655,-0.12919084814834703,-0.29921837992536043,-0.06484490091297153,-0.0629696477377411,-0.4001228587039648,-0.1042242313120948,0.032989222267309964,-0.42734502101416316,-0.1435827571362794,-0.04942976300714552,-0.5140861976308043,-0.03877555791387599,-0.0846088736172226,-0.7086944445400045,-0.08641789897346724,-0.105158764287335,-0.8315126144059982,-0.11885057198489203,-0.11690662304738944,-0.9389686599621373,-0.14283341850768708,0.04137125510172488,-0.5066564917602853,-0.06474112576743392,0.09511229067166796,-0.74466404486332,-0.11399976401765316,0.11252998738058333,-0.8886965056465794,-0.14815625802152319,0.13264013542876177,-1.0,-0.16807374757277482,0.11325406698357053,-0.433687635260119,-0.09587395455095177,0.1326357978314706,-0.5988099427900831,-0.1636164550322007,0.06271926367341542,-0.530234773201247,-0.18016216380980746,0.01960564061151746,-0.4491055500454775,-0.17367018290540645,0.16682503882523506,-0.322311448758991,-0.1296340819057997,0.15155684593258267,-0.4270757908374689,-0.18023235062114845,0.08847890783488233,-0.420905334332277,-0.18239131488667581,0.043939860559708596,-0.38940375836352326,-0.17314065949816096,5,Victory
0.0,0.0,0.0,-0.08919341452309182,-0.13450444660899236,-0.036521456272154945,-0.11749695970674859,-0.3045254260733244,-0.06618220736507553,-0.04120216941493807,-0.3992641337613759,-0.10556134454137796,0.050085589298167754,-0.4368536855270514,-0.14342816096530148,-0.06199402892169011,-0.5201238595298064,-0.03256391933475329,-0.09005708835005735,-0.714702843754863,-0.08099692778777716,-0.1029613320807133,-0.8386131651902272,-0.11297662518494032,-0.1085207460389734,-0.9464005665608087,-0.13579161253386224,0.03191544238428154,-0.5164299752742028,-0.05659202286538388,0.08086949505195876,-0.7470751226203581,-0.10861046328860423,0.09730004668507172,-0.8870349504043158,-0.1422431220178481,0.11952142037889835,-1.0,-0.16012279304659113,0.1077198953332219,-0.44613882757070483,-0.0865185902374178,0.12392926923453773,-0.6040234174625223,-0.15511886299927205,0.052458747111000965,-0.4952134833403457,-0.15916380386484788,0.011644755422096448,-0.394915073514579,-0.14142630436916193,0.16831438073116892,-0.3379365198296283,-0.120218511852606,0.1608547114459116,-0.441485593909039,-0.16790203533634981,0.10167230537800499,-0.4230539241396402,-0.16099894864620612,0.059865967735428204,-0.3898073808522043,-0.14373470285506706,5,Victory
0.0,0.0,0.0,-0.09054793830132422,-0.13448430637782313,-0.0335078348961267,-0.11209006127100693,-0.30672943710097844,-0.06018879086112497,-0.0290979787369313,-0.39676889825500905,-0.09656026379023924,0.06142842932499694,-0.4357559675986674,-0.13145677988293977,-0.06519230663031411,-0.5183098957803597,-0.027864976724691334,-0.09163353770982983,-0.7107847136139129,-0.07346317520288088,-0.10486177271742589,-0.8323643677054517,-0.10217915821104818,-0.11195906234688976,-0.9367962346687045,-0.12135548884450348,0.028584049126414032,-0.5132803479734068,-0.051162316635652606,0.07293634228215365,-0.7437382828837183,-0.10102209133987221,0.08934056721415688,-0.8853437159417652,-0.1315752136754614,0.10972271358469328,-1.0,-0.1459437474822363,0.10681277590425083,-0.4449099543174456,-0.0802018255686398,0.11739642644162254,-0.5878163590813327,-0.149966686694052,0.0508361107691671,-0.4698602862221637,-0.1537206377201671,0.01446496551212156,-0.3684390177988672,-0.13380051770446122,0.16962445320706546,-0.34077014365353203,-0.11212403171075574,0.15182076271432288,-0.4396644050827862,-0.15853156272286364,0.09261945490606699,-0.4117852615864669,-0.1488462404532772,0.05391829036477748,-0.3752276141258223,-0.1288823259733454,5,Victory
0.0,0.0,0.0,-0.08737221554268823,-0.13493184669780528,-0.04089591840753227,-0.10837584459194444,-0.3017124512228413,-0.072198616940783,-0.025140589676506977,-0.3977654082479186,-0.11173036985984092,0.0634632734239843,-0.4428568329768313,-0.1496894631445923,-0.06901032589410751,-0.5285614539334755,-0.03621332907863694,-0.09185515071652611,-0.7209430152909563,-0.08516893632194696,-0.10125553562685172,-0.8423873116836396,-0.11892892725785038,-0.1048489778812306,-0.9496803487139664,-0.14336447953950204,0.027204022254239724,-0.525108188669088,-0.05778681510916428,0.07981411780788017,-0.7504679046534531,-0.10877291674819141,0.09972307029490647,-0.8854013884547912,-0.14382107794668217,0.12235943726748867,-1.0,-0.1640932116205512,0.10478185663638798,-0.45500427761510576,-0.08547528784709306,0.12750117018796267,-0.607538261497003,-0.15383563247921475,0.060452912877852025,-0.5015816466505748,-0.1605633606065225,0.021606492425190166,-0.40825378488104874,-0.14598075856961099,0.16504868541268447,-0.3445100210517872,-0.11705869847672444,0.16156588407206038,-0.453930337697624,-0.1654407695191051,0.10634556336074981,-0.4378863138008237,-0.16039165232036387,0.0686728097157729,-0.4095135360494973,-0.14523635395074164,5,Victory
0.0,0.0,0.0,-0.09038221129434873,-0.13888099497282502,-0.02651187193748459,-0.10768923692154693,-0.3125993454948426,-0.04839975225513697,-0.02245581928567946,-0.400050856273652,-0.08090617982952707,0.0697004355376529,-0.4245469872371764,-0.114807497446081,-0.0427897090390831,-0.5239475000558934,-0.02158520199375781,-0.06447164021987796,-0.714362964565191,-0.06384231160249583,-0.07603538174394459,-0.8356667599570415,-0.09189979168356417,-0.08063574651918706,-0.9403963395335069,-0.1116880640598532,0.04786334962368243,-0.51164589811021,-0.049363294966999274,0.1035550097604718,-0.7380872276677523,-0.09611836402836432,0.11869795009889768,-0.8845058873948362,-0.129914275418311,0.13659973553660237,-1.0,-0.1482604640126603,0.11886994019808626,-0.4389812260079199,-0.08242499079207094,0.12983851786286207,-0.5905011363198645,-0.1531563904736266,0.05325659279667214,-0.505974804056542,-0.17049373659501418,0.012545714752871641,-0.42510619075466344,-0.1619823816120287,0.17048865390608775,-0.3334711588630929,-0.11667952280526016,0.13305393808841287,-0.4416754233017089,-0.1672880472110189,0.06016178652055544,-0.40120185657722734,-0.16581382471536038,0.0203008924360182,-0.34917599637756797,-0.15305507524096051,5,Victory
0.0,0.0,0.0,-0.09424331001881395,-0.1159544788760011,-0.03582467700318532,-0.14128950409713562,-0.26881448146551656,-0.06922658731696958,-0.08727879224147071,-0.37471034458138563,-0.11042477569516032,-0.0012735780443190773,-0.419296232574719,-0.15167689566112363,-0.07262951440191517,-0.49763919844373317,-0.04764451542887715,-0.10379188181579381,-0.6983211174984642,-0.09916980779502824,-0.11988231025272285,-0.8242131283104903,-0.13249543296852845,-0.12518695395724316,-0.9335292431421799,-0.15605069914247674,0.019542183259901567,-0.4867972009789008,-0.07215537724066413,0.06444576643529755,-0.7311099910006346,-0.12647274487033572,0.08159238149636695,-0.8826631807668269,-0.16495840249803054,0.10541938694553865,-1.0,-0.1878587969995195,0.09543589910267429,-0.4162307737802503,-0.10116349491868933,0.10105890401689259,-0.5623415187241682,-0.17294155959157118,0.01930427818855402,-0.4901426577912712,-0.19153000792834032,-0.028482805031332603,-0.41193223142169194,-0.18643812675193305,0.1520176108363229,-0.31534383809880545,-0.132206435252204,0.11069352658435985,-0.41061869171925175,-0.18620744808042908,0.031988907709349805,-0.3899514545777145,-0.18951485806413004,-0.018284323467776784,-0.35601747976208425,-0.1810303320173877,5,Victory
0.0,0.0,0.0,-0.09334447750359244,-0.1094573803479144,-0.035871116718099665,-0.1425338860563371,-0.26916986436425994,-0.06814620017209384,-0.09012883142882866,-0.3713461548004648,-0.10932275567869118,-0.0013455238646167631,-0.4048792028528354,-0.15057419050994614,-0.0662084358120734,-0.5084233158056906,-0.04573048021532229,-0.09828150217898432,-0.701115699520637,-0.09649503719105279,-0.11543831706272875,-0.8229066189810638,-0.12953557343367708,-0.12486987350928516,-0.9308106984292275,-0.15430579903609998,0.023866646842778328,-0.49786058612071316,-0.07291800698095502,0.07101166857526373,-0.7374112669932968,-0.12746681760243456,0.08461539304306546,-0.8822158776327312,-0.1637942299347363,0.1025239173988326,-1.0,-0.18529111331143278,0.09545808037091552,-0.42159996952947204,-0.10474436228625869,0.0903728276617743,-0.5754401744244386,-0.17845854209575732,0.014236593724940199,-0.4713840947324075,-0.18801741353391016,-0.022902649047638106,-0.38155739070454264,-0.17582718837359348,0.14563546099208508,-0.3100356887992389,-0.13927873098596305,0.09246194068004315,-0.40533858086351593,-0.19514105949498947,0.02081405160513882,-0.35515243545426384,-0.19289840156784768,-0.013896184823086298,-0.30231339492272585,-0.17993329824936358,5,Victory
0.0,0.0,0.0,-0.08965638592376639,-0.10369658410656846,-0.04053103850890409,-0.14156114151558502,-0.2576108872790118,-0.07591452205011404,-0.09609214463825372,-0.35966502719529875,-0.11928579602903994,-0.005359878226767694,-0.39599030538518737,-0.16193375520656444,-0.060767783604241815,-0.5040645311356945,-0.04934274390662554,-0.09077131483514696,-0.7009971810412672,-0.1019270769016999,-0.10960928677572104,-0.824599844047345,-0.13621842484364308,-0.11971535627468397,-0.9345433925607932,-0.1616886028152703,0.028976099713283333,-0.4921862175937253,-0.07552986796009295,0.07247640523104253,-0.7326708760224601,-0.13101338446347535,0.0892904877316843,-0.8790616085299112,-0.16805971770802575,0.11129632330166474,-1.0,-0.19017408138142183,0.1012840182274185,-0.4149954383245816,-0.10708624442305299,0.09828584651318065,-0.5678286183968694,-0.1833960312957925,0.020734110364825566,-0.46637786099002215,-0.19464871135542572,-0.02021924966766658,-0.374657934603532,-0.18294451883223467,0.15094023542342833,-0.30305517759198974,-0.14179136705800205,0.10457071440537326,-0.40337081901658234,-0.20161511886429295,0.03340146720836311,-0.36304958547205807,-0.20162521239973,-0.00566081623257434,-0.31581135754737333,-0.18963805438980158,5,Victory
0.0,0.0,0.0,-0.0866916015126356,-0.10097523268520023,-0.04299313967228665,-0.14430555031003037,-0.24245223606002522,-0.08139304761401057,-0.10632487580178429,-0.3392438160234596,-0.12700862014952322,-0.018547906771862747,-0.37669795346732843,-0.1716237888517885,-0.056451276216466784,-0.5051811811163084,-0.05726967210554869,-0.08507151299004319,-0.6989224901719441,-0.11331579486123422,-0.10268556574560651,-0.8226058364659486,-0.14877829009948007,-0.11085335998053991,-0.9340583383381634,-0.17385335978601357,0.033752341892758636,-0.49021009890569095,-0.08284448750929595,0.08294413072363678,-0.7288279374527937,-0.13964611796045726,0.1022863221408172,-0.8774728565498374,-0.17567553082296922,0.12665754525899048,-1.0,-0.19589856035532832,0.10536613818130824,-0.4069106303144121,-0.1137047878035252,0.10686678540385287,-0.545919346045611,-0.19231075935979614,0.024502608548225835,-0.4525949368943504,-0.20642961960003794,-0.022177152792573537,-0.3650517631498927,-0.19521246409128076,0.1530075125812885,-0.2890466189900497,-0.14766085038125537,0.11279992138992956,-0.3699082685285943,-0.20965395408389698,0.03951096086820996,-0.34160820079542376,-0.21240092427007665,-0.004868560102502755,-0.3064231162710736,-0.20095846154972472,5,Victory
0.0,0.0,0.0,-0.08832494097408285,-0.0993209121333239,-0.04706453359762509,-0.14724250324558905,-0.24402794238342243,-0.08630251742302736,-0.10654588460760622,-0.33946841170060466,-0.13215809769658893,-0.016654492087682073,-0.37118500970188506,-0.17638190357942365,-0.05638136310642487,-0.5091160477618338,-0.059351550001744274,-0.0865343105017142,-0.7027154541285672,-0.11594566134729867,-0.10481614864235074,-0.8278040273676721,-0.15246549513952795,-0.11367344661821006,-0.9397726352637393,-0.17901791216129587,0.03662394835730843,-0.4961576551527464,-0.08296360261190122,0.08425216695489549,-0.7296063439835268,-0.13992629689403668,0.10398271342915279,-0.8767928284321121,-0.1757045429589885,0.12934978826710156,-1.0,-0.19628337222111253,0.10909691838004221,-0.41266215691145136,-0.11239338234962225,0.10729031217667623,-0.547905848792922,-0.18980083034952558,0.022866872936867906,-0.4505426898763608,-0.20157615005476504,-0.02347229089855862,-0.3607721527240463,-0.18952803696235782,0.15626484919558303,-0.2918843857095426,-0.14578411247320647,0.10852262197224237,-0.36409780197282643,-0.20818575863742567,0.030576096789692416,-0.33318403632341786,-0.21174363951480243,-0.015012311427372952,-0.29661206096110726,-0.2011795188177398,5,Victory
0.0,0.0,0.0,-0.08441171197799238,-0.097109285484377,-0.04916639789822496,-0.1436900401859657,-0.2325069683584475,-0.09161510755702561,-0.10624699365585173,-0.33256756984868086,-0.14008317930348999,-0.01832993042711737,-0.36269597394838865,-0.18655275396499935,-0.06309871348195945,-0.5016802053669881,-0.0676391199590754,-0.09345894589749716,-0.6950028803998771,-0.12630363272964518,-0.11003371409189554,-0.8189538967217286,-0.1636489364632335,-0.1183913926660481,-0.9303161764280431,-0.19094519043230115,0.02855753772697405,-0.4874106178229399,-0.09173031040178092,0.07548986045207383,-0.7233140527219097,-0.15055207120000483,0.09727627073167035,-0.872795018866416,-0.1879167417792844,0.12347746108017171,-1.0,-0.21044515330055874,0.10019363498335193,-0.4017129472910493,-0.12121748063162044,0.09721659215531808,-0.5301836115647708,-0.1982194374481452,0.018866272504334466,-0.43956628403358505,-0.21136460027717177,-0.024512401404225424,-0.3572723007674005,-0.20150376756114668,0.14684238883203432,-0.27974456995488767,-0.15496379082909675,0.1048086825825158,-0.3488771318055395,-0.21629516009330055,0.030900591320009295,-0.3244671594963032,-0.22087812089380066,-0.0149537871197278,-0.2935893301974027,-0.21216691370188187,5,Victory
0.0,0.0,0.0,-0.08902051672532899,-0.09776651181448422,-0.048420402968931714,-0.15703637019693467,-0.2327192355227342,-0.09226436318494702,-0.12315990537764124,-0.3311698115085886,-0.14201355446972416,-0.0315873030898928,-0.3552710739829712,-0.1897850949913933,-0.06663972541792157,-0.49874313430363604,-0.07258157438971549,-0.10094488585812432,-0.6929512280289606,-0.13348655146765484,-0.12033849621344793,-0.814810335964305,-0.1722675390701917,-0.13304710367576497,-0.9261236916194984,-0.20100786725300002,0.024297877592245224,-0.4858354229244961,-0.09797495684216287,0.0640325307356672,-0.7239341973998895,-0.1588068254506438,0.0831841942777801,-0.8716484155483626,-0.19602200296445188,0.10573200177255818,-1.0,-0.21812324881721284,0.09656557743046884,-0.39944130018768653,-0.128465366233148,0.08004990753000792,-0.5283486423357237,-0.207957149485602,0.0059073421035942125,-0.4317316889838603,-0.22083721741914736,-0.032187725839061904,-0.3456776428478384,-0.21015782552339674,0.14356565693870707,-0.2743463536184226,-0.16307190467244795,0.09252207909109773,-0.3378399704935106,-0.22813855359753343,0.014701691001120716,-0.3102272793431953,-0.23425375485715016,-0.03300716289673622,-0.27600673806764225,-0.22586443576899098,5,Victory
0.0,0.0,0.0,-0.0875598790385263,-0.09661994472854654,-0.04712244019849694,-0.15459361610581715,-0.227007264515279,-0.08905053491179177,-0.12226379454551503,-0.322296363437527,-0.13658410989557798,-0.036865463733843015,-0.3545531332774285,-0.18216283932178934,-0.06651385232377305,-0.5012892541571539,-0.06859525419642411,-0.10118611208525484,-0.6903791971311546,-0.12551432832674445,-0.1210434829494893,-0.8101447967716358,-0.16064964033259904,-0.1334391423728025,-0.9181290671708395,-0.18590263083304898,0.02555731831482726,-0.4856988864613203,-0.09342194659932782,0.06641740665957746,-0.7240903919376991,-0.1500951016792162,0.08340184468638961,-0.873676877891223,-0.18531871712626335,0.10463250092782207,-1.0,-0.2056264431501343,0.09796609660959574,-0.3977107851951122,-0.12330963392752854,0.08220849265384507,-0.515347883815587,-0.19964605101458685,0.005510186910218783,-0.42758528625294895,-0.21491529552282593,-0.03548295992526113,-0.3485011461075717,-0.20613389170791724,0.14372682483088853,-0.2736188713465715,-0.15691724095971327,0.09474260248058422,-0.33396707150219773,-0.21831626619756075,0.017862450132960655,-0.3090059074056399,-0.22382597479294358,-0.030548403178532534,-0.2773266809885724,-0.21543361487233514,5,Victory
0.0,0.0,0.0,-0.08881348798854097,-0.0974305067772304,-0.047494775169667235,-0.15643535299969166,-0.22719503324539703,-0.09037356452323277,-0.12823868757871618,-0.3223992313438007,-0.13927666216826487,-0.04453039431186143,-0.3531540930602368,-0.18622255531311452,-0.06748344211991514,-0.5033917699881858,-0.0695316165470689,-0.10171171059813289,-0.6930983612650543,-0.12801535269718892,-0.12082259719675126,-0.8124265166749409,-0.16429843018002677,-0.13316635300430002,-0.9214492299591411,-0.19054857214532087,0.024337362857865058,-0.48792234432732956,-0.09484612270187004,0.06543362908772295,-0.7257734852803793,-0.15345318615412232,0.08291979099780035,-0.873484750634004,-0.18952861853292485,0.10403819713788492,-1.0,-0.2105121980205474,0.09744773426836116,-0.39943126883530056,-0.12531342528978806,0.08034858794653603,-0.5205965208306425,-0.20286108159083124,0.0046709758077356864,-0.4297204714664725,-0.21781379018958458,-0.03550224144733666,-0.34846339177515645,-0.20890851240554986,0.1440941813158125,-0.2736487046670953,-0.1596530264294383,0.09757039400521209,-0.3325501859427721,-0.22185570415868097,0.018857297929173737,-0.3093115924692262,-0.22789917265043952,-0.032048990850177976,-0.2796543803501858,-0.22005808006227903,5,Victory
0.0,0.0,0.0,-0.08879026070128551,-0.09476906787341505,-0.044937524155362514,-0.1544456274109811,-0.23242839456034378,-0.08435976971671819,-0.11534770167124604,-0.32381626266957997,-0.12956499222904844,-0.030125079081767748,-0.34644563476159695,-0.173136039188959,-0.06563339839185231,-0.49972894604029844,-0.06746200379440719,-0.10070410546930926,-0.6879880746281298,-0.12357016823202743,-0.12176687755694932,-0.8070449972961428,-0.15888845741628116,-0.13517022439258436,-0.9136079194866998,-0.1846715465059124,0.02578729689956035,-0.484819641781101,-0.09264185686729037,0.0650853598619287,-0.7219905200443777,-0.14840144653920734,0.0824588745572298,-0.872361066260289,-0.18335415743798217,0.10571714195358989,-1.0,-0.20356480102950644,0.09724029480647249,-0.39653757593060884,-0.12267346618606705,0.08448455393372384,-0.5086700514025225,-0.1972492228860281,0.00819560256088774,-0.4174664498680481,-0.21256233072140038,-0.031986956666281874,-0.3367145052542703,-0.20395052042008024,0.14236731261317234,-0.27201697390848784,-0.15641412944215932,0.09543363037060636,-0.3230090314009956,-0.2178876639674173,0.018627713525784708,-0.3033606681576166,-0.2252118009007036,-0.02944347652054589,-0.2789469340664793,-0.21810425654600163,5,Victory
0.0,0.0,0.0,-0.08299798331890115,-0.09813484285255729,-0.04367050422759472,-0.1457159448943264,-0.2303314637226453,-0.08299065193377035,-0.11082950500131017,-0.31450577131857704,-0.12867445803951874,-0.028709721648931777,-0.33368555342332673,-0.17306869923706386,-0.06481749924373463,-0.5026203788441365,-0.06532589523053446,-0.0980093629516888,-0.6909723226393386,-0.12000763099758831,-0.11777264651292152,-0.8096757511724803,-0.15396776033669324,-0.13031235094282412,-0.9163732229556356,-0.17877257734676452,0.029385162029606723,-0.4861261852970858,-0.09133718654937283,0.07056224794971817,-0.7237793813179628,-0.14628337120750703,0.08980353512333798,-0.8741674806926267,-0.18207530792484605,0.11470687377303562,-1.0,-0.2031805492322558,0.1026451083433299,-0.39635706751798605,-0.12197860156111895,0.09376877966056053,-0.510120651115604,-0.19537115822087106,0.018730444554972983,-0.42707398956214365,-0.21246893000854378,-0.02387312874612277,-0.3513588596896496,-0.2057819268342608,0.14926730493312879,-0.2707995682854052,-0.15612993836821396,0.10730786178982459,-0.32403929600278397,-0.21610360471803391,0.03173542049031809,-0.30495368357601943,-0.223387314614558,-0.018038353190627233,-0.27806481471080147,-0.21677982187904757,5,Victory
0.0,0.0,0.0,-0.08375028574142453,-0.10167828968586072,-0.04278285171754784,-0.14790809745119032,-0.23735516284374147,-0.08281099987679948,-0.10716475447116021,-0.31897346767074297,-0.12956600210116598,-0.02005822586179958,-0.3256404489174635,-0.17550139773363746,-0.06373878801890509,-0.5043740521013399,-0.0673181266063429,-0.09609768031880368,-0.6897702008002213,-0.12305199624003482,-0.11584601678557359,-0.8090407554265251,-0.15833487699999496,-0.12885808281709957,-0.9155969351541146,-0.1841611505731367,0.030059118361612014,-0.48758564881715477,-0.0941493706463064,0.07227030614884955,-0.7226791238328577,-0.1498708603822144,0.09192143890854079,-0.873959753994319,-0.18607817057515114,0.11628614844115004,-1.0,-0.20756439613685052,0.10396529177593161,-0.3981339947366219,-0.12538192168226772,0.09497352824142434,-0.49981312568194597,-0.1974419798836565,0.020185714909557343,-0.41708168162872117,-0.21458461076049437,-0.022678443177473702,-0.34293536687669346,-0.20854606945239862,0.15185505741863511,-0.27244883670259024,-0.16020761616298615,0.10932067304122102,-0.322457658455235,-0.21674697261326278,0.03201405239807511,-0.30008902819465794,-0.22234536314624884,-0.019013458086503347,-0.2708953363863914,-0.21553483244383467,5,Victory
0.0,0.0,0.0,-0.08106991006739991,-0.09829484389068295,-0.04133339600733574,-0.143380905148327,-0.23229503052217546,-0.07858810890288731,-0.10444532435868843,-0.3124070670644776,-0.12282579852030356,-0.01913268238094226,-0.3303682945520538,-0.1658596609671289,-0.06292060991748222,-0.5040670893377572,-0.06109855378120394,-0.09808191104883657,-0.6922288880329941,-0.11348651363597725,-0.11767843393839647,-0.8133490877214853,-0.14641916272589653,-0.12869329492135356,-0.9208503406385031,-0.17100078211798947,0.028647141457664015,-0.4876856001553581,-0.08735482602250766,0.07076259141069989,-0.7208200400429037,-0.1413164847801544,0.09213744580751088,-0.8741973674871366,-0.17853478561931158,0.11852454474345916,-1.0,-0.20110166760876005,0.10126242873865574,-0.39847574673313824,-0.11792074098700263,0.09286437186793264,-0.501526667226321,-0.18877687332674545,0.017239489638529386,-0.4199947181125864,-0.20676483451460084,-0.02732883135899072,-0.3444462178839808,-0.20166269700754363,0.14851233443210524,-0.27393330914569974,-0.15205249741633145,0.10623251906037169,-0.3163831104984538,-0.2101326862672255,0.031432274205618185,-0.29634868815715093,-0.21825117420625537,-0.018185617629542253,-0.26879280049201537,-0.21290012865556096,5,Victory
0.0,0.0,0.0,-0.08160889641041345,-0.09939024613152751,-0.03894319374298168,-0.1459128205188269,-0.23401091295414728,-0.07615532160506605,-0.1075214571257306,-0.3056454131424161,-0.12152699661259662,-0.025474585946142093,-0.3116217456815386,-0.166453527409836,-0.06384657055285513,-0.5052348455139831,-0.06144131699980039,-0.09763245533589027,-0.6920434358815408,-0.1148878723122693,-0.11740577393424749,-0.8116306010060855,-0.14765562547224484,-0.1300064571110013,-0.917683351979204,-0.17137517127466306,0.029372561391800056,-0.48897725047603136,-0.08979718864252768,0.07434603960605128,-0.7244700372196922,-0.14410928094489397,0.09554458631064784,-0.8758012515927606,-0.17973205994875266,0.1208319149729838,-1.0,-0.20009971456795436,0.10308037876938247,-0.39787140003106997,-0.12226702845414317,0.08687275686554732,-0.4925012082460356,-0.19321075121625625,0.01487013072056184,-0.40099337220661097,-0.20963345635357608,-0.023905188187359077,-0.321161503409087,-0.20225803577446197,0.1506597713679425,-0.27004132969849765,-0.15812526326178689,0.1051015932876143,-0.3108751300215413,-0.21390921165685958,0.02861622084632839,-0.28589310597544876,-0.2189278381843099,-0.021288058241700245,-0.2557886937132768,-0.21104045917262163,5,Victory
0.0,0.0,0.0,-0.07899586226114162,-0.09415060843031883,-0.04090277357886668,-0.14129235793037886,-0.22938457254206893,-0.077695191642586,-0.10328687086587754,-0.30537337440162143,-0.12176348015831241,-0.020537815574424315,-0.31958665740056535,-0.16504327628214913,-0.061119148161434295,-0.5039211837331214,-0.06109087077508665,-0.09780102226321152,-0.6892470966038985,-0.11272740419511594,-0.11904935178833836,-0.8079243118827236,-0.14486259517363434,-0.1311077762905271,-0.9139722740061933,-0.16918042507205996,0.03265760719657509,-0.48903136042214856,-0.08773340948277307,0.07249252106106326,-0.7218795275461302,-0.14141593376847106,0.09126013125196757,-0.8736115555002123,-0.17806260045206493,0.11648266126740912,-1.0,-0.2003454809173908,0.10640529327886632,-0.39956310615900226,-0.11855582330121801,0.09106751860155061,-0.5047184556284788,-0.1895549526105014,0.01587405750420996,-0.41453654038283716,-0.20593067559188344,-0.024620231044345717,-0.3347187306361435,-0.19950044923840318,0.15409326736534826,-0.27419079531108,-0.15295645697037422,0.10404401810587523,-0.31623935994809116,-0.211682931164338,0.02978715658417879,-0.292541781406671,-0.2195457722180973,-0.014827884003412098,-0.2638975695509225,-0.21378028480742248,5,Victory
0.0,0.0,0.0,-0.0808789437634763,-0.0966929170404066,-0.040831362420763996,-0.14930361951538165,-0.22983266880319167,-0.0788960015228461,-0.11373704635880788,-0.30443485377194324,-0.12393174069495543,-0.026922743009690612,-0.3150294181412343,-0.16786139443134288,-0.066125152129159,-0.5018415044329751,-0.06526580386147557,-0.10059680283750191,-0.6922664273073507,-0.11815245573256494,-0.12147450753526692,-0.8115629695059298,-0.1495253457207275,-0.13408825173008176,-0.9180416739100901,-0.17250928945968497,0.028266721809925524,-0.48556395205603065,-0.09202922608914028,0.07070416988433521,-0.7195513242221254,-0.1463452497297405,0.09194130033246882,-0.8721220298769548,-0.18211622728835422,0.11779806005407548,-1.0,-0.20270597352921602,0.10287277454232442,-0.3955353299143684,-0.12278598478164554,0.08186356588055062,-0.48743291070418093,-0.19415911374234776,0.007896937359702916,-0.40185912347773284,-0.21179124673595331,-0.0326136046790547,-0.3272148765793167,-0.20539358579364592,0.1508685443139696,-0.2694050018886428,-0.15700321779596435,0.09852416499299554,-0.3030498490501636,-0.2151822049129271,0.023825355000269017,-0.28190064115779845,-0.22321627521408985,-0.02342041395983645,-0.2564186401067337,-0.2170885461874008,5,Victory
0.0,0.0,0.0,-0.0790753191497891,-0.09181271467905294,-0.04909986049439758,-0.15119558819304463,-0.21864521607711843,-0.09302790087761117,-0.12380112125854624,-0.29557309326917486,-0.1431807861039508,-0.035618833562391136,-0.30717239333445134,-0.1911231243375844,-0.0714450551910155,-0.4979374775758313,-0.06999548179336579,-0.1097805120694643,-0.685618666529477,-0.1276825285913114,-0.13115805255657237,-0.8057012008330265,-0.16244878440155133,-0.14256934037365931,-0.9122979319320831,-0.18700646454153827,0.02369408656714623,-0.48439030647867226,-0.09453864677311137,0.060938016758078216,-0.715964337804693,-0.1551294355092134,0.08216549487509613,-0.8698857361240747,-0.1933379640761846,0.10806668755691647,-1.0,-0.21396001469250261,0.10037241658543299,-0.3966304116158697,-0.1242282962779256,0.07643158899747513,-0.4793204566546247,-0.201984005295899,0.0031339383488195116,-0.38451691742761296,-0.21778675545942422,-0.03721767261682449,-0.3059061502187129,-0.20741382775327388,0.1497538937042622,-0.27098270808459346,-0.15809677522943996,0.09607245486937692,-0.30430951599874656,-0.21748970412486465,0.021811558811286883,-0.2770937074692442,-0.22211284112325647,-0.025922840147496743,-0.24818605595869878,-0.21235583058481583,5,Victory
0.0,0.0,0.0,-0.08073041360163744,-0.09283576671218377,-0.04720293415900419,-0.151170615936605,-0.22126624897239602,-0.09065767045843072,-0.12638538753867487,-0.2994969641703568,-0.14085436919129413,-0.04349977937484368,-0.30652718592204004,-0.18934501950889815,-0.07257543230060948,-0.49907714470660325,-0.07070213979716335,-0.11191825538489353,-0.6865235634932755,-0.12905029329781134,-0.13433319523941903,-0.8062684316591895,-0.16464102410874118,-0.14664513283100664,-0.913284887657906,-0.1901851035487218,0.022253848470544988,-0.4854555295812154,-0.09691158851050401,0.05935409097166251,-0.7172329422650705,-0.1580251822864723,0.08045306935380099,-0.8702625239714257,-0.1966248805395963,0.10677982643630708,-1.0,-0.2178938361876232,0.09881087590052604,-0.3968777858385291,-0.12789318946561032,0.07233808270357031,-0.48180770323157435,-0.20468705919550503,-0.0004745682786911053,-0.3834108472431478,-0.2183266588222129,-0.038109076475074395,-0.30220161061273443,-0.20710514821967024,0.14811544354493208,-0.26987009200667955,-0.16311420704080468,0.09245604663153727,-0.30558125679164483,-0.22147628666576874,0.018373647308579284,-0.2756138082481014,-0.22437930264863926,-0.02653497800588766,-0.244590919852749,-0.2137432947510376,5,Victory
0.0,0.0,0.0,-0.07936800327137583,-0.0900578551034325,-0.048505153579039985,-0.1508006256784984,-0.21311919450212857,-0.09269816575770745,-0.1324862488722886,-0.29449045527878476,-0.14325648458475665,-0.056106765905486716,-0.3051292971889255,-0.19199150657768124,-0.07573048379508115,-0.49923553173565766,-0.0721702046398422,-0.11494240059433365,-0.6872822153421123,-0.13020070734165043,-0.13770377961484073,-0.8069913861936558,-0.165256295841564,-0.15020373829485953,-0.9142865115182931,-0.190011469281456,0.018733085949255435,-0.48550751080590426,-0.09750671780769381,0.05699778673976663,-0.7186612248305411,-0.1575336075551597,0.07852546454839594,-0.8707978308273764,-0.19472147722720737,0.10583547673309127,-1.0,-0.21508287831096404,0.09503692904455045,-0.3968809798519883,-0.12770250937894914,0.07102493192573603,-0.48324207396879426,-0.20364814874683831,-0.0022747054760350266,-0.3876732676443936,-0.21711938624819216,-0.04061634245118943,-0.307627033340072,-0.20610445148936377,0.1441789933622934,-0.2694377779740972,-0.1622309440400031,0.09291356812718594,-0.3084899889949496,-0.21961824046941875,0.01887282850535549,-0.27904151384485115,-0.22207089733124818,-0.026338101410706288,-0.2473953990346745,-0.21134269083426932,5,Victory
0.0,0.0,0.0,-0.07851466514313558,-0.09648246281574141,-0.044002413817985794,-0.1468747052463389,-0.223267144029457,-0.08703276592765742,-0.1331475694564916,-0.31011824585237424,-0.13802311734726816,-0.06171014050256479,-0.3139857351435802,-0.18735400565480964,-0.07167560918755032,-0.4988605642667711,-0.06601415542243776,-0.11227515516089727,-0.6887150436614502,-0.12369707745635174,-0.1350429880947149,-0.8056014311117485,-0.159275932525832,-0.149141882943571,-0.9130095045928243,-0.1851432568192392,0.01914623405374662,-0.4844383559742696,-0.09423814366081897,0.057598238584246925,-0.7215285311263722,-0.15551508462733085,0.07728386380639642,-0.8709399168997067,-0.19339015906266957,0.10207895941388259,-1.0,-0.21439973420361805,0.093194778873394,-0.3962366238057899,-0.12717061683389883,0.06304843456410897,-0.49927569307428166,-0.20506388182678875,-0.01245778356555103,-0.4031182784921257,-0.21768761090040323,-0.05001534325324772,-0.3209334403505972,-0.2056972247207422,0.14222289814778405,-0.2696144345831274,-0.16425458689939165,0.09889208604249695,-0.3246068259229532,-0.22331795196524556,0.02264967446345517,-0.29852779300537835,-0.22591830570818977,-0.024501209341342665,-0.2661627808657039,-0.2151915373083009,5,Victory
0.0,0.0,0.0,-0.07648189289595989,-0.09780894738784165,-0.04114461095457762,-0.1433010587596449,-0.22821036540031978,-0.08181823069586104,-0.12401230996540981,-0.31113493794385993,-0.1306766854802347,-0.05102685255473528,-0.3111524504936051,-0.17844062206102376,-0.06902826738781322,-0.49993444102687645,-0.06387881658952162,-0.10894427952562574,-0.6896544838557233,-0.11806506478551897,-0.1316951495471584,-0.8051829651098957,-0.1510698154039026,-0.1469879028346873,-0.9112799043750162,-0.1756342198088711,0.02262427561212016,-0.4840497829445472,-0.09234543792819513,0.06080531750801975,-0.719670024789628,-0.15058132189223766,0.07992339971968289,-0.8702511021759052,-0.18799082611453927,0.10266128072830494,-1.0,-0.20947783609998832,0.09698049392757184,-0.39455012036808407,-0.12495199613897347,0.07030422788492924,-0.4988185491117486,-0.2005040598831036,-0.005751870950990257,-0.4072160235048144,-0.2161104073616874,-0.04661679187278108,-0.32891114526453225,-0.20733755695770004,0.14711317249402683,-0.26739692491258427,-0.16115953200238126,0.10447948404797353,-0.31804935786132865,-0.22040886592773787,0.02648795766641591,-0.294237072232547,-0.22606579107166874,-0.024257143165481897,-0.2649211285810822,-0.21817320478019542,5,Victory
0.0,0.0,0.0,-0.08116931569028363,-0.0970154398666033,-0.04322211115000898,-0.15196722076300972,-0.2233265457885955,-0.08695265813096585,-0.13893068412909687,-0.3091737703807388,-0.13820492554475658,-0.06628170174791631,-0.30878315513855853,-0.18808772222856882,-0.07964420547234165,-0.4943501366386567,-0.06977835437741647,-0.12139880061150267,-0.6838455924052292,-0.12627405292386906,-0.14767832538317832,-0.8002156733224273,-0.16035904966913964,-0.1654320641814036,-0.9076472697333883,-0.18581380783955673,0.01125770712806022,-0.4827403918686734,-0.09826275343570044,0.04434733703630585,-0.7184039656137265,-0.1584013898122714,0.060673636466710305,-0.8690465297318621,-0.19540518074307972,0.08068273355559075,-1.0,-0.2167110747699347,0.08604624684081999,-0.3979878578025565,-0.13093810865037134,0.052329287899416606,-0.5024827173543618,-0.2070071043476398,-0.01980925694055161,-0.4072385755009814,-0.21939208167120156,-0.05592218475446636,-0.32667989005929193,-0.20865587076923306,0.13551118200029152,-0.2754596059298134,-0.16769290025584463,0.08293134417411611,-0.326456876087487,-0.22608360839779368,0.008430568822285503,-0.3003813491207051,-0.22975981174032464,-0.03684733354319275,-0.27079546500543067,-0.22077889868963493,5,Victory
0.0,0.0,0.0,-0.08431071473165176,-0.09719892526406537,-0.04247666611435479,-0.15918532519628598,-0.22065781091565792,-0.08387595087970931,-0.1428835555804983,-0.3024343919549066,-0.13222318440161165,-0.06264307612876799,-0.31197507262943597,-0.1790329693542599,-0.08200916591238702,-0.493414271808475,-0.06751244610772367,-0.12832566626507927,-0.6796217501715187,-0.12303921884326566,-0.15626260987348098,-0.7955037641178602,-0.15623842232686055,-0.1752686848876713,-0.9014267555990415,-0.17982741737398159,0.010611684836938006,-0.4851760230308203,-0.09367713239784704,0.03701180364615119,-0.7209368440583153,-0.1493843193246679,0.05144472198495857,-0.87284557503482,-0.18353405798670677,0.0700943982880712,-1.0,-0.20272075511553114,0.08642386691082775,-0.4037720406440619,-0.12421384115772308,0.049167256114311705,-0.4906901504103087,-0.1942476614282686,-0.019014247306063648,-0.3953627523064034,-0.2063030033209808,-0.05387746140119874,-0.31308867395921974,-0.19616804153675108,0.1348070169323017,-0.2854324811211922,-0.15900114514792416,0.07207910807461852,-0.3181496369061569,-0.21138065437720796,0.0004826714686957286,-0.2901793532397587,-0.21386165009214264,-0.04317392868214453,-0.2611434171773114,-0.204759995062012,5,Victory
0.0,0.0,0.0,-0.08803656779597503,-0.09889361042745162,-0.04381219777245935,-0.16586164747802162,-0.22206242229138956,-0.08676103988374693,-0.15587083381107847,-0.3093253057877013,-0.13730634092546815,-0.07722359776047362,-0.31702352686277285,-0.18588503863865716,-0.08645524928172764,-0.5012914399689,-0.0626554030882685,-0.13145336977238958,-0.6835273027201396,-0.1176123048003448,-0.158423151038772,-0.7975976152520772,-0.1511988836047355,-0.17577934424104127,-0.9019757721415641,-0.17605167159549814,0.007990377223656161,-0.4909972962708238,-0.08990999182612397,0.036719558324065565,-0.7207608596414352,-0.14851096138430203,0.05021924364495164,-0.8703859213751896,-0.18532122477062304,0.0688303378308535,-1.0,-0.20670589463203382,0.08549585271810534,-0.4087104891805086,-0.12204813177180021,0.04808919795078002,-0.5070765521914729,-0.19678936587067428,-0.024050477917079278,-0.41194032523784896,-0.209765455514023,-0.059861642416681085,-0.3315839134246023,-0.19976897703902827,0.13656874984304979,-0.28852888049571546,-0.1584953607754617,0.07530978810697883,-0.3304212845721191,-0.21451928067079318,0.0012069350487903493,-0.30491127178055427,-0.21840909606618414,-0.042378993568009525,-0.279276360678134,-0.21019923186389713,5,Victory
0.0,0.0,0.0,-0.08896738773053176,-0.09948739281605201,-0.04661610357769377,-0.16963491832457234,-0.22568669766127858,-0.09068009266420331,-0.1532402943922073,-0.318210266784805,-0.1409121676067999,-0.06439591176221338,-0.3267159508194018,-0.1885646340861709,-0.08277465788848364,-0.5014620870741077,-0.06753193220220825,-0.12829734793064787,-0.6860528870373288,-0.12329525721257838,-0.15585032677168367,-0.8005516079029509,-0.15757841757288757,-0.17309358769009475,-0.9059686158583037,-0.18275002421468833,0.01270291596153222,-0.4923848344286284,-0.09228387498511313,0.038255650183642194,-0.7200836434683657,-0.14895005579663662,0.050311459471885825,-0.8705510853563329,-0.1844081174203915,0.06772081410389741,-1.0,-0.20497202501499895,0.08893416080383956,-0.41103819783042084,-0.12196751004035555,0.04943839332914614,-0.5029883160294838,-0.19464499799140034,-0.020435132793744957,-0.41261287590057966,-0.20896633535392137,-0.05579660308688788,-0.33317596918996395,-0.20004617405274183,0.13738990460393852,-0.292896422708051,-0.15610898538382767,0.06711045346530042,-0.327428283750261,-0.21181705835261386,-0.006436530370659052,-0.30354016945159734,-0.21755257013383042,-0.05037316662145704,-0.2767009966563973,-0.21039102167557006,5,Victory
0.0,0.0,0.0,-0.08799571493805083,-0.0978766756537793,-0.04941665787844112,-0.15797349520870685,-0.22302542916672857,-0.09435743269642517,-0.12761545750162065,-0.31438243750884604,-0.14496783251188497,-0.03901311913242619,-0.3424132617009422,-0.1928564555959037,-0.07425599224119825,-0.5012476301965205,-0.06918496224451963,-0.11902567327505752,-0.687275257316778,-0.12655228772196536,-0.14447138670522344,-0.8043919660959864,-0.16151834830193082,-0.15834410574018423,-0.910173517075262,-0.18618486554417213,0.020245067325948937,-0.48876074190072316,-0.09333055862901196,0.05081669982085971,-0.7206757530595163,-0.15086268391672217,0.06204719528515082,-0.8718268919663184,-0.1863652223675648,0.08076631867292607,-1.0,-0.206409716537121,0.09544484428352827,-0.4037843552003926,-0.12293030592707348,0.06334228604781232,-0.5044514630531279,-0.1978105024698626,-0.009025869878339931,-0.4126992910094209,-0.21056943277364312,-0.04267020706773677,-0.332247181745323,-0.19971372899660939,0.14346826516107103,-0.28297893293523985,-0.15709936704676386,0.08224796015198413,-0.33533207406410387,-0.21451103946370587,0.009176747329464666,-0.30704851234922154,-0.21738073570095923,-0.031518797720220364,-0.27377104933932844,-0.20728851541738968,5,Victory
0.0,0.0,0.0,-0.08841913563817676,-0.09813723422024864,-0.04981708247643125,-0.16007914430284872,-0.2307071776835183,-0.0941007475263428,-0.12376676249030125,-0.32599351199052923,-0.1435686528962157,-0.03447126615489532,-0.3498576514874022,-0.1905622470397814,-0.07509027934482652,-0.5021088180535851,-0.07281256456797082,-0.12020602705557923,-0.6900379804074486,-0.1303986358234555,-0.14698458828453317,-0.8076047544833159,-0.1656433171078149,-0.16229390140146976,-0.9122607419949448,-0.19073925516488774,0.022200736991792508,-0.4925085168473594,-0.09599157339921419,0.048232847502374325,-0.7237732441198513,-0.15332164455890762,0.0563358090661724,-0.872617810436191,-0.18844314251989885,0.07258620671322068,-1.0,-0.20821915136450309,0.09915635720029294,-0.40819832750841956,-0.124278523553495,0.060142217677992736,-0.5066097133922348,-0.19790312014486983,-0.009681483385184058,-0.4106191837834622,-0.20989346445855517,-0.039112149897808,-0.3292348815412853,-0.1989684513184613,0.14800861178335287,-0.2870479797310845,-0.1571237536589722,0.07815615484585256,-0.3373318330348871,-0.2147987681744475,0.0035042407748774257,-0.309455370675009,-0.2181371772432181,-0.036022603966470654,-0.2780467438294956,-0.20838602327506695,5,Victory
0.0,0.0,0.0,-0.09230757678020123,-0.10026228798562095,-0.044735008794786146,-0.1600441013767042,-0.23319966961038635,-0.08632178433217186,-0.12226250252309664,-0.32017869441351354,-0.13425261220301385,-0.036396468106703925,-0.3406196387909421,-0.1806080463341392,-0.0800092658897343,-0.49759339235981387,-0.06714698058477155,-0.12043223265405813,-0.6877876609393462,-0.12416478824085075,-0.14421899209875683,-0.806992457871831,-0.16047091915062986,-0.15852922155832627,-0.9131458765008414,-0.18671243122064418,0.013762811948492186,-0.4836708892464302,-0.09314677560024946,0.046175460762478734,-0.7179066503433146,-0.14963757270772918,0.059774589266957195,-0.870458764675725,-0.18630739311647868,0.07985328184117069,-1.0,-0.20822009832140784,0.08872745295015882,-0.39875596780378975,-0.12409719277678324,0.07325708618850602,-0.512536207951736,-0.19753627223706322,0.003463112030053497,-0.42439799638917364,-0.21249228849001175,-0.034143967193351256,-0.34352943994549967,-0.2043162671925334,0.13948557487369784,-0.278300256746322,-0.1589640120087134,0.09212345666925198,-0.3391085611431568,-0.2176299239762022,0.020789508366510043,-0.3162162623303798,-0.22244751175275604,-0.02459595640108014,-0.2855999490128924,-0.2141441652675562,5,Victory
0.0,0.0,0.0,-0.09209650347003077,-0.1025462835287564,-0.04062153634558961,-0.1599192771866567,-0.23755652194619686,-0.07972468606074364,-0.12041746610311443,-0.32383541436130125,-0.12632665163133008,-0.030538591028496404,-0.3419456392035018,-0.17144734253573618,-0.08327890686550968,-0.5031044965794262,-0.06012475290913263,-0.12197699047718291,-0.6890727663387781,-0.11513285378598728,-0.14653657367050674,-0.8047249568879281,-0.15052328287550795,-0.16390809786465751,-0.9102294012016632,-0.17645902548488887,0.010176443519166224,-0.4927502723697871,-0.08671683776069135,0.04120726419838819,-0.7241468002426854,-0.14166888607511263,0.05177743038008433,-0.8723724939995201,-0.17695620338179316,0.06852310955625655,-1.0,-0.1982302019941472,0.08574728032178407,-0.4109184413019449,-0.11800151364522406,0.06616077358107705,-0.5235760397626307,-0.1884139373709985,-0.00438457860888187,-0.4275569635994291,-0.19919999464304286,-0.040864932061724805,-0.34382551481604123,-0.18859118380352927,0.13720293477555162,-0.29274363739496234,-0.15331051928027153,0.0868454093606469,-0.35323944504744925,-0.2075210620924466,0.016406603468870674,-0.3292232785038824,-0.20923076382997555,-0.025903470885588,-0.30096876738246375,-0.19939370130836354,5,Victory
0.0,0.0,0.0,-0.09492228616931937,-0.10265526394478014,-0.037221224833958934,-0.1622060085534302,-0.23813321861243333,-0.07404250609861798,-0.12270656572395472,-0.32420519472444814,-0.1189781606748997,-0.0336801062400428,-0.34234915827243056,-0.16288905761849007,-0.08318661158382679,-0.5038168664721154,-0.05633952237594543,-0.1240124525021609,-0.6872787889865799,-0.10897272063731273,-0.14800951083835817,-0.8006457644303747,-0.14182940324903073,-0.1655160213099698,-0.9032510320554396,-0.1657282182828386,0.009279765624090278,-0.49413766443901724,-0.08424941367775024,0.04221687100169656,-0.7293872277991502,-0.13671999036286392,0.05196893091950817,-0.8761438394118211,-0.16932828714529094,0.06626050710583377,-1.0,-0.18837031492764755,0.08459922127527152,-0.41251365150578123,-0.11670569173591455,0.0638604701000108,-0.529766986169501,-0.1862878159791193,-0.006046456623011404,-0.4329326612602983,-0.19772121580684565,-0.041348345191256755,-0.34737699329611316,-0.18746469248895742,0.13552325047867736,-0.29378157953971124,-0.15270870390734767,0.0832305186081922,-0.34910688732421297,-0.2064830708369615,0.010817793433795311,-0.32322214742953215,-0.20881998481840025,-0.032526131356356354,-0.29440802915255493,-0.19951444651881567,5,Victory
0.0,0.0,0.0,-0.09010251713463625,-0.10407776616040149,-0.03555818103500811,-0.15828844146586443,-0.23901386512494444,-0.07115131828114135,-0.12602409805582362,-0.3299954742915612,-0.11474999409775893,-0.0418038838806966,-0.35659653309267775,-0.15769995801954467,-0.0806704175189637,-0.5088000880098242,-0.0569763505692984,-0.11988275195271797,-0.6940986684936457,-0.10837710792111499,-0.14360191385591253,-0.8082443471128932,-0.1411028474741968,-0.1619503746231185,-0.9124319019513316,-0.16545195266293047,0.014601446974528132,-0.49690087356905777,-0.08448931502459898,0.04742535487904463,-0.7305544909606576,-0.13590336971948483,0.05489556883056946,-0.876598755698502,-0.16976617535014588,0.06614588969972014,-1.0,-0.19064939060661312,0.09170887530778843,-0.41418673198235867,-0.11580116199438674,0.06826340249200175,-0.5327445291250804,-0.1844277154147401,-0.0034810389810179623,-0.4412355541801536,-0.19669517472137651,-0.04012809722581228,-0.35860872925083426,-0.18822006455257476,0.1438942737266526,-0.29574755580439993,-0.1502574288148619,0.08950851790203898,-0.3555636027501281,-0.20516953023276815,0.014179397830343176,-0.33280078743749203,-0.20871236727059359,-0.031249301243138766,-0.3055493816504883,-0.2006250392095019,5,Victory
0.0,0.0,0.0,-0.09162612046510618,-0.09847683046588812,-0.03846129945952735,-0.15997183841457885,-0.2345041857356456,-0.07631985275321683,-0.1269969766135753,-0.3297631269349569,-0.12226302504045668,-0.04198537987962944,-0.36604756965101576,-0.16688677710195787,-0.08536884927873102,-0.5105464721162546,-0.0552316358138686,-0.12989067465608942,-0.6913789335761794,-0.1101664616041962,-0.15763495009732575,-0.8058146300506593,-0.14638599323350387,-0.1773565036107303,-0.9065662696632354,-0.17267487187496902,0.00983027233668317,-0.49840273980829786,-0.08283193693352353,0.03903792745953779,-0.7312119976916538,-0.13852069908734965,0.04366389599717195,-0.8778481123680557,-0.17558516004065142,0.055096215281525175,-1.0,-0.19800125579004185,0.08725049034517268,-0.4158437460141337,-0.11499423204327254,0.06365707561320276,-0.534282597585156,-0.18757794601289954,-0.006871640908865221,-0.4331933281541228,-0.1965595205701915,-0.03990608444253767,-0.3460390486307648,-0.18444461285795463,0.1397035838531126,-0.2975892291449813,-0.1506123122449228,0.0779147107119571,-0.36881770398047004,-0.2060474952580638,0.004639407132028541,-0.33223725541089244,-0.20459669196013758,-0.034972217489973825,-0.29290474920520526,-0.19216679489322974,5,Victory
0.0,0.0,0.0,-0.09177148651417874,-0.09563242685807521,-0.03990733736463476,-0.16301407374027307,-0.23201238152924253,-0.0779726029872612,-0.13224077632004597,-0.3252069666774291,-0.12379688029011061,-0.045266877863509546,-0.3595367691029916,-0.1679825905646357,-0.08916094107022059,-0.512723739642975,-0.056914786873779336,-0.13722696033171533,-0.6922007875215779,-0.11173238841994335,-0.16614968323267124,-0.803388035057989,-0.14814141778336495,-0.18648526856392872,-0.9026597182073501,-0.17488169191546818,0.006917337052443891,-0.5018010665293645,-0.0836388001919563,0.0328004245705888,-0.730143586828106,-0.13881094645674763,0.03567070848447755,-0.8750985115880667,-0.1760697905547527,0.04559564816388057,-1.0,-0.19933253966918046,0.08461303468706698,-0.42099968147273203,-0.11504727425886416,0.061127189223138007,-0.5384516297005975,-0.18785205584295966,-0.01199775696214256,-0.436801638587204,-0.19844479467524528,-0.04770782352260864,-0.3497887545285843,-0.18788967570739035,0.13622624710626574,-0.30335528839381865,-0.1500822861851682,0.07526605035065004,-0.36707762747283096,-0.20715632300955253,0.00015656319817517584,-0.3361930845129013,-0.2089156259022904,-0.04184483593797093,-0.30206094157306035,-0.19900636116640016,5,Victory
0.0,0.0,0.0,-0.09719354315135309,-0.09623910486271584,-0.034861724433076724,-0.17002253906687928,-0.23599216236159892,-0.06895774805308177,-0.13926954682587359,-0.3322663391502086,-0.11264197355084042,-0.052069360757259105,-0.36753798761438955,-0.15555152947935125,-0.09954577170786558,-0.5071379066276904,-0.04551495996883553,-0.14686315423113672,-0.6860509111840288,-0.0953937643775908,-0.17776098549434516,-0.7994977486032304,-0.1273727680738639,-0.1992652966974494,-0.9011355874631252,-0.15106975232328954,-0.008427837337210878,-0.5001911219167745,-0.07387712947533538,0.018848482921678834,-0.7295020823956,-0.12657514111801002,0.01918594981167246,-0.8757409697320578,-0.16124844177778389,0.02544789493147086,-1.0,-0.18203983576970864,0.06674749719307463,-0.42523987289773424,-0.10703663144060147,0.03883774047109494,-0.5558087709933754,-0.18005218122148559,-0.027473633307620614,-0.4419126916531828,-0.18887267018704784,-0.05630422887778203,-0.34672614615421943,-0.1757879470561422,0.12047313634378519,-0.31422692004571395,-0.14325224346746093,0.05739708079761859,-0.38487462957788193,-0.19831777743585938,-0.011357012460908021,-0.3390622610348561,-0.19709218430031877,-0.04540341917811887,-0.2947396461684423,-0.18483396055280987,5,Victory
0.0,0.0,0.0,-0.09668648975429152,-0.09502565945253692,-0.033024472535994415,-0.16758652313532216,-0.22783014087361914,-0.0658691254760411,-0.14014575674654725,-0.32349266219743567,-0.10864100280819511,-0.060173170297828246,-0.36314748391367424,-0.15102466176604074,-0.0998277085233607,-0.5115949824979925,-0.04073647840283458,-0.1439150491750066,-0.6841749818034403,-0.09022690828814132,-0.1729538526741324,-0.7957862650170342,-0.1231269880907751,-0.19193979224383603,-0.8947808652278096,-0.14702535206591014,-0.008187636828561122,-0.5050085011775495,-0.06991983558482356,0.015998797999406088,-0.7335104441519765,-0.12152599204617917,0.014073754359555515,-0.8784569742611701,-0.15733954127185976,0.020814171133417103,-1.0,-0.17891936764797678,0.06922375283579298,-0.42973675761757246,-0.10399516597552337,0.04273324729390403,-0.5497560916837293,-0.1753732709960729,-0.026442028631143862,-0.4410898516705753,-0.18670868231628204,-0.057858752173133444,-0.3496140628399674,-0.1758287342517794,0.12382023570834759,-0.3177630315362149,-0.1409079326959824,0.06462298216630841,-0.390521771731866,-0.19342223834573954,-0.004991987843918522,-0.34335005219772624,-0.19142903290923827,-0.040550227111491935,-0.2961101531487667,-0.17904809014672057,5,Victory
0.0,0.0,0.0,-0.09661260255475511,-0.09447369516654425,-0.03220606734017953,-0.16425218576315226,-0.23105174694971606,-0.06511854516917426,-0.13865954489112856,-0.32883713387311775,-0.1087977598996345,-0.0610262697386012,-0.368954685854459,-0.15209077623399722,-0.09707582457502537,-0.5069754593029696,-0.04088532265141377,-0.13946484780631607,-0.6838649489877126,-0.09221816529555481,-0.16801492530807946,-0.7957003768150315,-0.12545335891168805,-0.18876612954254796,-0.8950421867205579,-0.14902609175778153,-0.005839573378831896,-0.5014799207081736,-0.07087360814677802,0.019605323415993366,-0.7347171677866209,-0.12561922343172194,0.016022341669977007,-0.8795555864169837,-0.16217946664282148,0.019404373435103903,-1.0,-0.18302896652987166,0.07076460340484718,-0.4286160888941393,-0.10560753804754901,0.03896701188881409,-0.5530444072403916,-0.17871201760889188,-0.027794523609518566,-0.43906218131880603,-0.1873089042819703,-0.05620542408637272,-0.3446092274367515,-0.1733684126804621,0.12464730422669804,-0.3196467909550565,-0.14331198060523798,0.06276357776335907,-0.3938454296354178,-0.19453344687277016,-0.008054081246016132,-0.3508552097522514,-0.1901741699500193,-0.0446038316968009,-0.30894804563743905,-0.17580269549869765,5,Victory
0.0,0.0,0.0,-0.09656879557890559,-0.09248202836788608,-0.03460205801923072,-0.16775810902737318,-0.22770592013044688,-0.06973730756720589,-0.1435124928122981,-0.3267922340486906,-0.11519822429954191,-0.06187129401457003,-0.36885289032787333,-0.1596201931973177,-0.1056715801912959,-0.5084315626174837,-0.043583151450955,-0.15197543723733586,-0.6862771793397394,-0.09614549485890518,-0.18195901092150302,-0.7968984472028032,-0.12906372321956394,-0.2039142306670631,-0.8956697543406745,-0.15200019899185754,-0.014508380210568758,-0.5044799907693107,-0.07323788480227211,0.00943546347125902,-0.7367323106456601,-0.12964426684756716,0.0046067859513474205,-0.8793792678465804,-0.16612218079104313,0.006107089942796354,-1.0,-0.1859462310792803,0.06375626288952273,-0.43340717039433935,-0.1077974569826484,0.03183636828167803,-0.5553078999104192,-0.18352095623487383,-0.03434009764496969,-0.4365900464514149,-0.19195020087793588,-0.06236833112815379,-0.34086348786918796,-0.17651492807493185,0.12034130727100632,-0.32495116800551815,-0.14543963796755535,0.057625398850094496,-0.3981955143668451,-0.19821033656779993,-0.009509480158772928,-0.34793184378579983,-0.19316055994921189,-0.041406868621806106,-0.3003001241958808,-0.17721089494208284,5,Victory
0.0,0.0,0.0,-0.10777675234463319,-0.09553198500887859,-0.03583128639754803,-0.1747550276737208,-0.23358921109785832,-0.07157629559184878,-0.16059269074714289,-0.33589159201522983,-0.11670682460579246,-0.09199369286537831,-0.38119605484058744,-0.1610694230034066,-0.12302735542329678,-0.5077281427771978,-0.04672265947511316,-0.17314399243697406,-0.6958222585112153,-0.09766995139459426,-0.20599039398832852,-0.8134797271290688,-0.12815358848006148,-0.228422757926949,-0.9144328898214853,-0.14869532567528942,-0.03244801068372557,-0.5042521262361058,-0.07451534723821676,-0.009753743239421148,-0.7422172363298566,-0.12870350583514745,-0.012235425995393335,-0.8855035371677229,-0.16137339497592576,-0.011429129931989853,-1.0,-0.17819374326953102,0.04665567040983401,-0.4381244318432454,-0.10732030199758644,0.014306262763254973,-0.574842040529308,-0.18063411438022503,-0.04959023518554237,-0.464408022827468,-0.18990121054672923,-0.08070053133197999,-0.367546280719387,-0.1760834760985473,0.10728581301231413,-0.33484778372375235,-0.14284304080938523,0.044923370736175465,-0.4146674612572233,-0.19403187773466576,-0.01977544455698261,-0.3635948937465781,-0.18908085922583776,-0.05343955936551541,-0.31272697078495804,-0.17364724588294397,5,Victory
0.0,0.0,0.0,-0.103492759511368,-0.08912188548885581,-0.03640795831744603,-0.17358050424883606,-0.22961670866425046,-0.07181938010958723,-0.14661104109131864,-0.3425160923090485,-0.11705358509644087,-0.07242923937353657,-0.40292023980554603,-0.1607058759727409,-0.13271556611159427,-0.5007931034896725,-0.042434025988750464,-0.1844666621276234,-0.6886667920906084,-0.09435358092898173,-0.21968272087404825,-0.8011689808641596,-0.12701816426624526,-0.24766755200877533,-0.89990637794464,-0.1500448873691124,-0.04673779701935776,-0.5040593281541363,-0.07057655975846079,-0.027202017667625755,-0.7442835065858717,-0.12718133615541283,-0.03180200075768866,-0.8846723425287834,-0.16246799946295878,-0.031204664947432563,-1.0,-0.1814421258014549,0.031902328477757515,-0.44328937035523386,-0.1040532348926727,0.0037781532873792357,-0.5842669670895924,-0.18009454015802578,-0.05369316627596023,-0.45554341523448133,-0.1856968357591612,-0.07641267861121054,-0.35203676419264224,-0.16877172088392173,0.09713644106878348,-0.3433842272133024,-0.14067914463785572,0.0399400366084703,-0.4331072215206904,-0.1961298896440649,-0.019515370806965866,-0.3614831764133475,-0.18911760370011568,-0.0455192868465557,-0.29425794445480113,-0.1712226006036764,5,Victory
0.0,0.0,0.0,-0.09986795660736754,-0.09515785995418348,-0.03481579924465867,-0.16256630381238807,-0.23995263761316993,-0.06873871286886507,-0.13086490992807195,-0.35277240147570016,-0.11227149384144094,-0.05505860040975018,-0.400792521776093,-0.15466764658862409,-0.11868237547048029,-0.49817471990775697,-0.04351561079547969,-0.16279077670846226,-0.6844643929432902,-0.09279195638457421,-0.19273891179269578,-0.8017594980312002,-0.12359916213881839,-0.21318929888208837,-0.9022047577971436,-0.14604633192860075,-0.03121201508604257,-0.5020097556826891,-0.07101339079252215,-0.0017009747404379645,-0.7422780147359137,-0.12538282194108183,-0.0011816197479681762,-0.8860759967977756,-0.1610925514730271,0.005047503118090607,-1.0,-0.1810766301054643,0.046068356353859564,-0.44042052766292955,-0.10294994312760233,0.02419166011736203,-0.5786742208999777,-0.172620816279241,-0.03980803733221283,-0.4648452004061077,-0.17842519651576189,-0.06738334750957517,-0.3691753052278047,-0.16361171728434104,0.10686094958483407,-0.34071970576622596,-0.13817702543395327,0.05443084313361723,-0.4246912168792464,-0.18782615364518576,-0.005560061182806596,-0.3722515250170947,-0.18187096657412746,-0.03145565880398645,-0.32037946376248466,-0.16608791213413462,5,Victory
0.0,0.0,0.0,-0.10362663174092415,-0.09991872140741304,-0.029073911805356012,-0.15700791309044831,-0.24270900732222095,-0.06080766014991734,-0.14794039774094525,-0.3521876636931454,-0.10309243950815002,-0.10758011370153533,-0.41065685560082,-0.14421054091102262,-0.0940787796502638,-0.48271876892203414,-0.041141314111925384,-0.14343076326656895,-0.6836737923849311,-0.08988513621136368,-0.17400757919472248,-0.8042452067583762,-0.11940308404262416,-0.19229934687817707,-0.9092055494082285,-0.1408972278485521,-0.010742695052454985,-0.4766077283416206,-0.07211048038604051,0.022293410954162346,-0.7288938589394369,-0.13249764222301838,0.04097744655200758,-0.8799837170524734,-0.17244329014239873,0.0655415866956338,-1.0,-0.1947019202917873,0.058480934417910156,-0.41563993447338926,-0.10676820684715765,0.033897904149122395,-0.5687973252944222,-0.18512883882225128,-0.041649492536358385,-0.465659794632005,-0.1969329759638792,-0.08031315402803839,-0.3680250765560613,-0.18547675323330653,0.10599487481973545,-0.3265886510170205,-0.14341431575366445,0.042813873044063686,-0.41633648656605776,-0.2013696452025527,-0.03605512240630923,-0.3735192098958388,-0.2010082864681843,-0.08418716131792489,-0.3244967823820141,-0.18912365356798508,5,Victory
0.0,0.0,0.0,-0.10313663002971507,-0.09818770965064115,-0.037843366192319455,-0.16331854902502585,-0.24782507950832722,-0.07388596481363496,-0.1643162350683303,-0.3663113231518793,-0.11894304504332995,-0.10690393061905483,-0.402631472116496,-0.16138938015925583,-0.09584042436071329,-0.5010086285141411,-0.04729003885423503,-0.14536086848803956,-0.6968504561840915,-0.0997526137245417,-0.16986022538816953,-0.8160622441153313,-0.13172376745021913,-0.18067456072662016,-0.9194606581420085,-0.15530266208023916,-0.003073831941356375,-0.49579449939532405,-0.07467391668547406,0.027474539543333103,-0.7395152335064805,-0.13880326416672611,0.03959111244165617,-0.8843619729258212,-0.1795975472185428,0.05623552941762165,-1.0,-0.20170154713434424,0.06966219172511978,-0.4287645983837553,-0.10660314341530747,0.016773638368211972,-0.5753377422859339,-0.18539538615572984,-0.05670238032988125,-0.4736755057885671,-0.19393155753720925,-0.09077339212085299,-0.3809785776491931,-0.17917515531470155,0.11309244082420361,-0.3298566903853771,-0.14210476841399186,0.03461420940815266,-0.41464162739767496,-0.19952706517680804,-0.040177077578442896,-0.3876190703711135,-0.201198068180391,-0.08196771018857636,-0.3539379780752979,-0.19033589085589694,5,Victory
0.0,0.0,0.0,-0.10463336399676929,-0.09564318454800479,-0.03959104051678472,-0.17190527869894612,-0.23148682677007076,-0.07920585988059599,-0.1799402376564817,-0.34825824092218716,-0.12739526279187305,-0.12070253925596443,-0.3883136331484615,-0.1721275097681909,-0.09568436069046532,-0.5008035536578772,-0.05067672408778444,-0.14379822931034994,-0.6916616578653694,-0.10462461877390011,-0.17256360187439743,-0.8078882926737493,-0.13738577907633598,-0.18844579288746915,-0.9122037999555727,-0.16130310439624737,-0.0023104849476856698,-0.5098096589493168,-0.0760167098849034,0.013359719071435903,-0.7433075978317089,-0.13852632315263216,0.018922294100308715,-0.8851401820728153,-0.17613111602260764,0.030826077585424404,-1.0,-0.19593896536710656,0.07259007343051233,-0.4517324841310943,-0.10608538162341459,-0.004954009797116317,-0.5708094321917228,-0.18374767091131322,-0.08042979640996849,-0.4642328678366302,-0.19185864894949367,-0.11366463707067477,-0.36852515474472936,-0.1766107892012111,0.11768875919366716,-0.3559389530268508,-0.14018628281156498,0.02500134503230883,-0.4164630964393116,-0.19655928931690037,-0.05189976324130672,-0.38247586285885543,-0.19880937158666798,-0.09430211307051237,-0.3430127799523842,-0.18815217724814826,5,Victory
0.0,0.0,0.0,-0.11159811359508473,-0.10560542468523937,-0.04352914409605995,-0.17457090018251495,-0.23197001960734467,-0.0859273687012397,-0.18805206942428493,-0.3444688039842576,-0.13588712703738762,-0.13081290783902366,-0.39929818699652525,-0.18105625097767702,-0.09115926256369158,-0.5018847504572962,-0.04516681537785732,-0.1421118066560055,-0.6934043216863527,-0.0971784395592537,-0.1684305206337139,-0.8021453074124156,-0.12781993949892653,-0.1806233916953473,-0.9004435157958367,-0.14853441919408658,0.0033854245480404157,-0.5103720391759508,-0.06743245535246745,0.018554705863600834,-0.74742439227925,-0.12789927277657323,0.025470663030087326,-0.8889213862098103,-0.16605886179307058,0.036844537040287666,-1.0,-0.18490736509371425,0.07763007368794421,-0.45592665182496805,-0.09523116269620288,-0.011232155561016612,-0.5644855664682528,-0.17321448333863296,-0.09306527885889208,-0.4642615689991699,-0.1847708319579474,-0.13537662928802216,-0.37295518073339295,-0.17053048844404814,0.12007482992373755,-0.3672033163408393,-0.12698973450351259,0.017958939581212297,-0.4162443561797839,-0.18129844748451093,-0.057302515220004575,-0.3748125317524786,-0.1831676420015565,-0.10302616505114898,-0.32862167912957757,-0.17143731300249954,5,Victory
0.0,0.0,0.0,-0.11880617873864391,-0.099151682995472,-0.04728411470131767,-0.18700022784379544,-0.21999168851506817,-0.09379588335482503,-0.21217776950551478,-0.325640770561298,-0.1488858956936897,-0.17065845252345027,-0.3772422557177561,-0.19886763409371283,-0.10406476540111739,-0.48780682697028727,-0.049020220241130966,-0.15988842072159093,-0.6857750058565483,-0.10450350882134321,-0.18769723731375373,-0.7985783830792287,-0.13794214302615232,-0.20008672505030214,-0.9013676243593899,-0.16301481837762544,-0.016004582548448897,-0.4888009960945648,-0.07404655966580934,-0.0057322771222365915,-0.7239531219413575,-0.14732558688512024,0.0042794520196266575,-0.8768937509827769,-0.19596864270364103,0.020780477316706084,-1.0,-0.22283688159946508,0.04990709749468097,-0.4306867083631509,-0.10488707261921047,-0.038087139020014954,-0.5653520186639368,-0.19282457883677884,-0.12019281682321568,-0.45699881585407726,-0.20385929854077445,-0.15949105793329632,-0.35957312983566364,-0.1887074254080506,0.08598231161971266,-0.341024238087139,-0.14025147828385648,-0.019832438538333916,-0.4059969449677007,-0.2028127012755418,-0.09188667498884849,-0.361427970874503,-0.2064461479424438,-0.12984488972039396,-0.3153715939759384,-0.19579697764685658,5,Victory
0.0,0.0,0.0,-0.12272084503819387,-0.11208889323951364,-0.038319582185792296,-0.18552096150746653,-0.24329873027917398,-0.07920393363026379,-0.2159837865794103,-0.34758377697755377,-0.13089709574451777,-0.17747059976999188,-0.40215630263680074,-0.1782193039657645,-0.10443203615784828,-0.4960859964716295,-0.038949762473118495,-0.16029294079613732,-0.6822466660826576,-0.09241954569562001,-0.1872493736191486,-0.7933239351525526,-0.1258544161936976,-0.19967723109891689,-0.8909188571421446,-0.15169399995633473,-0.01847500072481547,-0.4857261232535454,-0.07033057510348786,-0.012958297703067575,-0.7219303909046726,-0.14519974104040304,-0.008842982523685879,-0.8762372132419577,-0.19871350029816706,0.0025681848719009462,-1.0,-0.229417053733278,0.04505936160747548,-0.41814775823148764,-0.10635403539279678,-0.038362690178329543,-0.5625350522319172,-0.194413454595824,-0.11697259075235222,-0.4516418707035199,-0.20229069844525815,-0.1550288320682056,-0.35699250525218434,-0.1850447470462396,0.07462513011606711,-0.3205966369185772,-0.1459139180880379,-0.028872439647811384,-0.4036160654023599,-0.20744546135578038,-0.10064865528805102,-0.35281320367501706,-0.20528272500748487,-0.14227059902179529,-0.2982529920850151,-0.19021860455780626,5,Victory
0.0,0.0,0.0,-0.1326344193970749,-0.12439151504439923,-0.028345435495436513,-0.20483916699272206,-0.27652844519817976,-0.06186286067157669,-0.23641504349365683,-0.4075276173869707,-0.10703773091037415,-0.17881057799708408,-0.431951170692423,-0.14685956609381817,-0.09663439004428212,-0.5265383595723361,-0.023613383264483742,-0.14857009743565883,-0.710526192527466,-0.06979886830455187,-0.17544687285025923,-0.8149261137120947,-0.10015409115782443,-0.19173205209433739,-0.9028007248266233,-0.12560128407843044,-0.009240352845550288,-0.5146443893541792,-0.054835311241005255,-0.005078267348359257,-0.7356148676267111,-0.12513633310852362,-0.004803787509512335,-0.882455804530385,-0.1774980268083838,0.005081780315579994,-1.0,-0.20870917924586782,0.047792357719362945,-0.4482402532334131,-0.08977533200966746,-0.04924813133563638,-0.5846743760423755,-0.16497275686417598,-0.1318809269611959,-0.4802891312541355,-0.16935809142824484,-0.17099851955754725,-0.39255972278473067,-0.15270161106541935,0.06895517485052714,-0.3551478709388928,-0.12868322973766763,-0.046052424087901,-0.4264729715424674,-0.1810203619417095,-0.11513999876968081,-0.3918885118477552,-0.18277600634324198,-0.15450794882996333,-0.35506168614307737,-0.1722989133876312,5,Victory
0.0,0.0,0.0,-0.13366727099588968,-0.11170027090869995,-0.032076130647535055,-0.19416406002500267,-0.24326288755597905,-0.06785523275709188,-0.2246976828323441,-0.3432032510285129,-0.11306727695421263,-0.20587502020722606,-0.4082889808638733,-0.1546230786078386,-0.08541784509830874,-0.49794530132736264,-0.0403060519177,-0.14619730257966768,-0.6830701765545291,-0.09130424961542596,-0.17617582784467323,-0.7929467550065051,-0.12358105595526667,-0.19000563785485983,-0.8914714490900465,-0.14678277185516542,-0.00462904497469171,-0.4923094633115897,-0.06739343364531,-0.01702588727951628,-0.7318228826162625,-0.1350588379356648,-0.015174967427968415,-0.8815113422655737,-0.18289655614655656,-0.002366223509141113,-1.0,-0.209911270885684,0.04638384514112789,-0.43535968241842565,-0.09767687567360975,-0.06779846266837157,-0.5674876359701966,-0.17336479597227641,-0.15424140754616167,-0.472643216872483,-0.18279903010056694,-0.1985266488708621,-0.3872945650396527,-0.17050320453337608,0.05769694404685036,-0.3518915049597298,-0.13134526563009866,-0.06973851151323189,-0.4099075757937755,-0.1841012714038578,-0.14232317785120469,-0.3607581720194225,-0.18487131798054424,-0.18515373161142426,-0.312401853386607,-0.17391368784057837,5,Victory
0.0,0.0,0.0,-0.14573629940606722,-0.11369173185794268,-0.027683768711310668,-0.22556015456694187,-0.24302674415865702,-0.06616110448586567,-0.2720850048673836,-0.33795744427801505,-0.11471286962196126,-0.260375558899589,-0.3836293729705559,-0.16037476814483295,-0.11618037237704788,-0.5008575939872271,-0.04838876365857649,-0.18827742503244602,-0.6848163503929239,-0.10229064446502144,-0.22386836710382374,-0.7926581088757059,-0.13526307511011484,-0.24332145158855104,-0.8903654379853627,-0.15890261147107276,-0.04063464040248879,-0.4944941994920622,-0.07874743731296022,-0.06240507057416591,-0.730209326455282,-0.14951314664385618,-0.06480412497726559,-0.878701248452033,-0.19586355501367075,-0.05702125391987526,-1.0,-0.22161950544320144,0.005385129554266597,-0.43607030502141764,-0.11120586279063377,-0.12217939851418337,-0.5645068303621248,-0.18935325087266838,-0.207554812608628,-0.46503797563180416,-0.19590522028055438,-0.2472152039995567,-0.37867927668478857,-0.18092003095072415,0.012120229201444035,-0.3478690668022815,-0.1464026549126161,-0.12270517633984339,-0.4096700489286929,-0.19821752674847887,-0.19470445656173893,-0.356922670577564,-0.19512022193905595,-0.23400086574169002,-0.30472995385156587,-0.18137800135409723,5,Victory
0.0,0.0,0.0,-0.1571073026131248,-0.1072664343603665,-0.036279656062367195,-0.2341467316715012,-0.23732408075789344,-0.08074700137974658,-0.2823882949324201,-0.3331990594774189,-0.13446257517103521,-0.25828489790305686,-0.3764630668848251,-0.1846829876371411,-0.12263794563506339,-0.4964320063975332,-0.06257619736074005,-0.1834885913946851,-0.6826569496665681,-0.11866918387232563,-0.21792216115337273,-0.7934997566938937,-0.15351218252180837,-0.24241643762585238,-0.8940125084554158,-0.1800568434837156,-0.044650390190323797,-0.48414485225516646,-0.09136380957168386,-0.05411129371032963,-0.7213168569079749,-0.16803695800594995,-0.06062127865777097,-0.8724028228206876,-0.2178693493079485,-0.060260743957559024,-1.0,-0.24712526410523544,0.001692805954492126,-0.4191150110392217,-0.12194836404272917,-0.12626083385630704,-0.5516624142261793,-0.20315209026752523,-0.2008961370320038,-0.43981020400907694,-0.20276823905841054,-0.2270494682739644,-0.34764347033599735,-0.18301665012936305,0.005577089664290823,-0.32326305516979664,-0.15641301269132704,-0.12358658103001725,-0.39957894809380984,-0.20799051058050755,-0.189693406114775,-0.33959643606280443,-0.19914736729427604,-0.22075577282304465,-0.2760135888065722,-0.1820801330543175,5,Victory
0.0,0.0,0.0,-0.16409932776993982,-0.1083151344955653,-0.03918909913932192,-0.25013603171664994,-0.23237414188923278,-0.08849473695064033,-0.30805469210315906,-0.3293506891261265,-0.1460492307607976,-0.28338323827098094,-0.3673802657142209,-0.19974887984372644,-0.12481373565472817,-0.4933095094002552,-0.07010221683281226,-0.19081573313102812,-0.6776809197854056,-0.12944377037416063,-0.22677182509805952,-0.7876821442307047,-0.16656492364178313,-0.2518542114044771,-0.8866598443004309,-0.19495260292471214,-0.0509035159483201,-0.4803471734015954,-0.0985329605043003,-0.07142264558830441,-0.7223189843050409,-0.17729669315386246,-0.08081762574621629,-0.8707052900832399,-0.22882140329121453,-0.08074313599303314,-1.0,-0.25929560490012926,-0.009852228954007213,-0.4126572477091204,-0.12837295020041728,-0.1582819338051444,-0.5406162572447679,-0.21160168217701406,-0.2392622860937222,-0.43556284681294155,-0.21395164606706718,-0.2701015634216309,-0.3503177963053722,-0.19636267317206607,-0.01265774324181324,-0.31139881845824113,-0.16210006418284728,-0.15084750476910255,-0.3790072210302796,-0.21537388483901568,-0.21459291030186892,-0.3256167703608789,-0.20879554847334197,-0.2444029981965807,-0.2707299708083289,-0.193483907962809,5,Victory
0.0,0.0,0.0,-0.1596686053951294,-0.11132537517574485,-0.0332035247704705,-0.2406773317056491,-0.232950329994662,-0.07785376546796398,-0.2940429992206822,-0.3245852892833154,-0.12991834279171874,-0.29428441213212275,-0.3697102768651231,-0.17859264689735604,-0.11466922244311654,-0.49754879922786893,-0.07004381490659665,-0.17981225481691723,-0.6804925522551843,-0.12785899594554936,-0.215732414823395,-0.7915909448248535,-0.1631917205774384,-0.2411822704471736,-0.8914431297194212,-0.1893002586679976,-0.04184569052547611,-0.48083208311335585,-0.0995976392139298,-0.06282800490581604,-0.7243013333927347,-0.17456171385088365,-0.07866117984452992,-0.8721377387687104,-0.22223393487080625,-0.08700067688294348,-1.0,-0.2493531126084303,-0.0023286041496517786,-0.40943272071334974,-0.12960790830701235,-0.1524639400895996,-0.5393079079211563,-0.21148203628975645,-0.23530564037142548,-0.4396111638370532,-0.21337478424427084,-0.2683042122996281,-0.3565217094391757,-0.19482155771741852,-0.007076784345874664,-0.3048789390872015,-0.1625109150298274,-0.1532010644768807,-0.36925387272812116,-0.2175638612429169,-0.22222251579650976,-0.32530493470916877,-0.21138244685836577,-0.2541559279450546,-0.2815148519954714,-0.19484995086755175,5,Victory
0.0,0.0,0.0,-0.16383406595218414,-0.10875567083198497,-0.038623835891698384,-0.24240521511256316,-0.23372475665491307,-0.08719481694361124,-0.29344799677749,-0.33538915978418754,-0.14532517883587892,-0.261626074398988,-0.37901977246519103,-0.19932892240128494,-0.12063326135920222,-0.5042182293587858,-0.05596664881833423,-0.1972690618028146,-0.6616155999484037,-0.11210342008833873,-0.24484804126157644,-0.7634941797292871,-0.1487660176680294,-0.28108535675041163,-0.8523475862372185,-0.1779461720756556,-0.04065064765403019,-0.4971904872591563,-0.08490698599219168,-0.05815275951663643,-0.7241897737680316,-0.16244261124738518,-0.07110931543969577,-0.8734822149324931,-0.21524737977334227,-0.0748475466347433,-1.0,-0.24736531044864368,0.0047957789257287095,-0.4359424306091895,-0.11640287493198008,-0.13110318594639087,-0.5637575604358018,-0.1960713965570329,-0.20510938203651122,-0.45538530622088613,-0.193569914292961,-0.23014396550414273,-0.3674909261838958,-0.17348105361252905,0.0067472110967105375,-0.3426532235929887,-0.15240529318843019,-0.13429748926772922,-0.4162774578508432,-0.20173095395977003,-0.19305463104879317,-0.350996252797632,-0.19167164238333612,-0.21619662030860187,-0.2835879907191195,-0.17434774165914424,5,Victory
0.0,0.0,0.0,-0.1403843147042367,-0.09982091714436467,-0.03179139317539369,-0.22506779263093654,-0.2432225672707737,-0.06779703840569991,-0.25621416858258367,-0.3576784275851701,-0.11344889483451735,-0.2082648844828537,-0.42604278301948956,-0.15561552893425545,-0.1337684828166201,-0.495151974751709,-0.042895687930285115,-0.20477019001785948,-0.6727661459700175,-0.0956711752668478,-0.24591393512570212,-0.7801405296863145,-0.12661111661709057,-0.27236798882973334,-0.8755506753068545,-0.1494381608453658,-0.047449635285651555,-0.49581106864484864,-0.0716765924134089,-0.04637728577943507,-0.7299329012805555,-0.14075505436062055,-0.05492150827886033,-0.8790208835632787,-0.18516632537056033,-0.055433522221519003,-1.0,-0.209574235017915,0.011823259360036262,-0.4410893548119955,-0.10420276825171988,-0.0964790784464908,-0.5842834009375045,-0.1886026718850665,-0.17714250664259587,-0.47987615998328753,-0.1973635281832366,-0.21195506186875815,-0.384146310709324,-0.18206782345469755,0.03465660817689683,-0.35441972810709244,-0.1389202462145389,-0.08896059217251567,-0.43098932254877187,-0.1989940168156973,-0.15315911951824157,-0.36639942261357494,-0.19782833906103545,-0.1796640980281362,-0.3000754760940576,-0.1839537292743941,5,Victory
0.0,0.0,0.0,-0.11643682597368325,-0.09638754570050248,-0.028942884070461677,-0.16762496327369342,-0.2620764371865345,-0.052523530824120375,-0.1565536476828022,-0.39534951127300433,-0.08784146951805559,-0.11107449381028175,-0.4819918126271045,-0.12170773804993038,-0.10905403213855855,-0.49694296479379924,-0.012516906247361678,-0.1675014867306232,-0.6825065287542211,-0.05119747900640035,-0.19696427984462625,-0.7928970448853941,-0.07403847338965522,-0.2115967552944356,-0.8942877606460442,-0.09198274183620764,-0.025412700335640172,-0.5070324514849472,-0.04085452640484128,-0.00488909607322058,-0.7489616974830912,-0.09439431293262572,-0.004665066574371383,-0.8876979675170437,-0.13206376001026077,0.005066423619656191,-1.0,-0.15209215650688387,0.044350614014113623,-0.45989052160952176,-0.07504120063603273,-0.008540629261018921,-0.628537255219798,-0.15132677095273803,-0.0905064411006399,-0.5162934253364386,-0.16210498516798863,-0.13063157746684415,-0.42090830091070364,-0.14857148203433426,0.0959067720239919,-0.37592274238216167,-0.11122040084528234,0.02188013668052935,-0.49816405377920203,-0.16340549078461722,-0.04061352533612001,-0.4306003936174206,-0.15860332950218314,-0.06949491411075792,-0.35693175477107847,-0.14378763048157983,5,Victory
0.0,0.0,0.0,0.081357653471265,-0.20295786291964588,-0.06699445987950647,0.08034709960860967,-0.43403816632014713,-0.0831598521649525,0.027264017136965104,-0.5923875962917033,-0.07850895256840572,-0.022163418910591818,-0.6912950993996223,-0.06511283514285363,-0.10705128796155862,-0.4325735259090567,-0.11783205651696102,-0.10929886270912184,-0.7135113414070076,-0.15463837400567032,-0.10385097663183031,-0.8750981549180415,-0.16759114958088503,-0.10508876585269156,-1.0,-0.16700526940595029,-0.20093665915234105,-0.3883242900191623,-0.08872580386620198,-0.2635528699652866,-0.6879637867898463,-0.13036117885064316,-0.28609762361372987,-0.8684128637878655,-0.1383003702462025,-0.30440015435869305,-0.995557097349702,-0.1328649576229038,-0.24596806104275482,-0.34782318899374115,-0.05761679351364334,-0.2138346187593833,-0.5799543838944491,-0.099341133397809,-0.14410966766396674,-0.5717283870938,-0.09353519676362759,-0.10107517091633282,-0.5248919719649577,-0.07051612171910251,-0.2544502978838491,-0.3150818969292685,-0.030199172213565124,-0.2076217581985288,-0.4901787456761894,-0.04517537252719986,-0.15464528234041278,-0.47442151986071607,-0.026401950886134146,-0.11981632544866978,-0.42539073724908066,-0.000839388488100731,5,Victory
0.0,0.0,0.0,0.0834254454002908,-0.19156903366688005,-0.06936307147637696,0.0839244527906192,-0.42753949397368946,-0.08871550345694018,0.031363048821261535,-0.591469695483877,-0.08487408158701955,-0.01854695611283088,-0.6879719335851084,-0.0725066310283243,-0.10389584818129663,-0.4119644791675514,-0.1379214989679971,-0.10325698359394968,-0.7074986622355067,-0.17611650912574137,-0.09615814499745574,-0.8732573349260389,-0.18818360814965587,-0.09640639393515876,-1.0,-0.18651254870581072,-0.1985526276165554,-0.371821506311237,-0.10506356347642946,-0.2550225045576652,-0.6859704989147313,-0.14894932099474315,-0.2717747714217985,-0.8705682931669383,-0.15634448745665913,-0.2850637146534823,-0.9982468142673259,-0.15005992612758914,-0.24275010790914167,-0.3405718682605046,-0.06789222426993037,-0.20761911895177948,-0.5861051247383348,-0.10530300498195311,-0.13823469910143923,-0.5862607146635204,-0.09530479590692942,-0.09399195102044598,-0.5438848526451445,-0.07089725377217387,-0.25077732224719723,-0.3162544756233442,-0.034301769818012286,-0.20335699741558572,-0.5017612933962694,-0.04297725037564194,-0.14867775589137583,-0.4886678027691146,-0.019034081610666893,-0.10888572904497128,-0.4426703246385719,0.00931560231834163,5,Victory
0.0,0.0,0.0,0.08575289419394488,-0.19533835307659106,-0.05634415834941192,0.0833730308950974,-0.4287175542333777,-0.06808705610334188,0.02206394590035871,-0.5849337943242312,-0.06179664728701418,-0.035748562689195296,-0.6634733587814766,-0.04909979366552551,-0.09109069185220262,-0.4435024869661515,-0.10417119193402308,-0.08897090840090133,-0.7195543080653377,-0.13205188902383952,-0.08201841676203243,-0.8785631839536042,-0.13964467563723407,-0.07996412717904545,-1.0,-0.13592052936544644,-0.18607044941304793,-0.4018948295481795,-0.07766702122572443,-0.23537662196844428,-0.6867366670691712,-0.10920598567004165,-0.25897360777191375,-0.8661331870415785,-0.11435354544054203,-0.27667842017794997,-0.9876640261232388,-0.1085085968186335,-0.23385102239624908,-0.3567793167520425,-0.04813634485983606,-0.1982693695509054,-0.5646985585472531,-0.07653805171439967,-0.13925010563374274,-0.5595187612920054,-0.07064430257809413,-0.10240397565789112,-0.5068808369869939,-0.05110115382436378,-0.24652825629162914,-0.3152569624910645,-0.021692798631306628,-0.20094182267824237,-0.47725334449983253,-0.02644856218649957,-0.15517374073110113,-0.45771475117163885,-0.006464302070303402,-0.12364673650025411,-0.40197709970403595,0.017739828212592196,5,Victory
0.0,0.0,0.0,0.08480944345318041,-0.1983665027454429,-0.04896249530805838,0.08782659815689917,-0.4312127369341979,-0.06488774002219917,0.02048399404541273,-0.5788144323708652,-0.06533433641208057,-0.047506797953710884,-0.6350750025886247,-0.06100925794673739,-0.07705904465490256,-0.44101555876028137,-0.1042181826151308,-0.07158926178424525,-0.7156194991723904,-0.1353166871028307,-0.061098297210137806,-0.8750547737992158,-0.14715143867738986,-0.05798997789539555,-1.0,-0.14631673615539403,-0.17441872243489798,-0.40862623559936795,-0.08369925151456761,-0.21985583986242022,-0.6971761105200209,-0.11193841596277035,-0.24880716921502394,-0.8776857919766139,-0.11646958788196925,-0.2731717556278203,-0.9997977871385116,-0.11192623488884373,-0.22929531631493885,-0.3678178793685857,-0.0590789680639083,-0.1894931472724899,-0.5772117359992917,-0.08015601862050013,-0.13252389413200036,-0.5640373242173724,-0.06777968993381077,-0.09888002587124105,-0.508177240511002,-0.046711273988332455,-0.2468671075082123,-0.3283719276025433,-0.03772165022336908,-0.19676821453921728,-0.4844112266779916,-0.03467770067416495,-0.1514815374780342,-0.4601858257412846,-0.007753705323184951,-0.12427893669799528,-0.40297309180839075,0.01955835512645542,5,Victory
0.0,0.0,0.0,0.09880901021503603,-0.19710633699155938,-0.06053622283188706,0.09821132955996657,-0.42731586920969994,-0.07900371077794387,0.012493693537452505,-0.5528614140522319,-0.0793694564920576,-0.06849597676355208,-0.5367915800125269,-0.07637759877122749,-0.06834825862802907,-0.4276206218458729,-0.11599386261857096,-0.07152352668851951,-0.7028514885401542,-0.14503468594517263,-0.06821953154449567,-0.8533810164011025,-0.15239205015556767,-0.06894826837438028,-0.9734763084834821,-0.14820274278073306,-0.16988382851008388,-0.3993302250117171,-0.08893986613084062,-0.19632806218172072,-0.6891128957126088,-0.11251941830391862,-0.20480308787338916,-0.8753072608883226,-0.11228695707791363,-0.20752651222522098,-1.0,-0.10371941719312124,-0.2227113811582965,-0.365093658135265,-0.058908467964802924,-0.16345356580292017,-0.5454928858802603,-0.07725300676531376,-0.10862989234581774,-0.5126080877515597,-0.06900431163870435,-0.07681325131109923,-0.44628793014732754,-0.05004326349567091,-0.23982088571399907,-0.3340212513454981,-0.03315971998573752,-0.17013626617285155,-0.4613342181491392,-0.0283273202746165,-0.12765892643941423,-0.42453815911491666,-0.006697297286933449,-0.10795114139805675,-0.3626456040372827,0.01581705394648163,5,Victory
0.0,0.0,0.0,0.09015170059451917,-0.20200789467512517,-0.035875583383914535,0.09102841848520737,-0.41900537500439733,-0.05010420745351256,0.011476667761113522,-0.532055994148618,-0.052968427396288625,-0.06799382394845155,-0.5481513253555975,-0.051885590335362136,-0.06282979983348773,-0.4329538925175014,-0.0896769410049291,-0.06705490214472497,-0.7103402874681927,-0.11994942231443964,-0.06527416626602095,-0.8662595715240563,-0.12849111203655764,-0.06743811122902472,-0.9872418766636569,-0.12437788973827786,-0.16481499328674118,-0.40447237889750115,-0.07621182072692982,-0.2077023468556151,-0.6927837597767328,-0.10523702883978585,-0.2297211579052287,-0.8743997643030523,-0.1077063707388759,-0.24728867892447143,-1.0,-0.09943858664929933,-0.22598754895695305,-0.3689725415987523,-0.058436640326420895,-0.17654661464135368,-0.5626132312761641,-0.08021334050869028,-0.12158080022631597,-0.5400913838694169,-0.06709053070022336,-0.09380927235896293,-0.48041740199814725,-0.04288279063251179,-0.2513688525311038,-0.335533220370783,-0.04282516440987052,-0.1876076430012078,-0.4766305670211893,-0.037321174496065534,-0.14124392435417862,-0.4545180378522262,-0.008801091902048763,-0.11902585923849951,-0.4028424348315529,0.020789749406562166,5,Victory
0.0,0.0,0.0,0.09459430289039865,-0.19890420047260668,-0.03426575988042456,0.09500314751320627,-0.420179544780294,-0.04988424484173192,0.003709951307638605,-0.5271344788854629,-0.05376869540695592,-0.07723344289975631,-0.5291501050155051,-0.05404879594657178,-0.04882981141488283,-0.43210540958998933,-0.09870575967194332,-0.06046675443788292,-0.7071738947542431,-0.13187485944995694,-0.056409949388873226,-0.8688710205913045,-0.14148971895943194,-0.05342617697806261,-0.9945451714269268,-0.13825922837540405,-0.15561989774456508,-0.40333592120663775,-0.08801679513736939,-0.2091864766892146,-0.6946342095203234,-0.11983181619212947,-0.23213251215095074,-0.8765691441863623,-0.12218764265234683,-0.24667453975460465,-1.0,-0.11353393008118647,-0.21856121378145854,-0.3640746606368235,-0.0717360017205058,-0.17713682199318395,-0.5553949409536855,-0.09369166481814586,-0.12743784676149303,-0.5262086745906757,-0.0758454402104227,-0.1004923847154102,-0.4600400505373281,-0.04907256326896422,-0.24329834292470026,-0.32487114752501406,-0.05764399609040539,-0.18075692342207378,-0.46330785557305404,-0.050509596307890064,-0.13682263892230329,-0.4349710118830616,-0.017279978739046978,-0.1163844667086827,-0.3778198471186786,0.015013874597538416,5,Victory
0.0,0.0,0.0,0.08585459965084997,-0.20423572015911606,-0.032828124849146156,0.0840074704903661,-0.4162266624253123,-0.04898861774880705,-0.0168288247180521,-0.4988949869440522,-0.05591026841487983,-0.10088118126312803,-0.4835655378111057,-0.06050964949512667,-0.052334600782522625,-0.44967611311068156,-0.08561855145165086,-0.0605012330516605,-0.7213535385263808,-0.11940061233636497,-0.06044437738236136,-0.8748935883127232,-0.13080619284272318,-0.06069002651813705,-0.9946673553426737,-0.1283794328287804,-0.15770239258087015,-0.4150228093701045,-0.07791798605058352,-0.2051902969226121,-0.6989919408222255,-0.10786616578051275,-0.22966652653754233,-0.8776690880350645,-0.11294921676998275,-0.24650985987933904,-1.0,-0.10662080445956058,-0.22079894638374367,-0.36772705361408003,-0.0663786541690798,-0.17586773358249477,-0.5414505939649203,-0.08881327105617479,-0.12551274383102387,-0.516130506521445,-0.07922458396511395,-0.0969293041917953,-0.4524202379341751,-0.05783337515736373,-0.24951876708617143,-0.32258945564006425,-0.05679459736926871,-0.19005354044877348,-0.45165490803164765,-0.052207661967827786,-0.1463592785006498,-0.42658509434776665,-0.02391421627940991,-0.12630174092603466,-0.37044016625431947,0.005298158384783458,5,Victory
0.0,0.0,0.0,0.09034444921640242,-0.1918013275888805,-0.04342107994368594,0.09271728745393493,-0.4149887199965127,-0.05611022411049136,0.013379059568565771,-0.5467877179806185,-0.05536657951885464,-0.06467306212255579,-0.5382644730269641,-0.051670280347936685,-0.07084070862861312,-0.44907223132546653,-0.09048907291592577,-0.08892837465761598,-0.7188083071133696,-0.11590840624163667,-0.09208325621579286,-0.8715047889099379,-0.12310633117834074,-0.0968661813561587,-0.9915612568146299,-0.11914155912588033,-0.16858004514859806,-0.41839683888353335,-0.07139308574054297,-0.21259769512047844,-0.6996249765074365,-0.08965200518802646,-0.22952091606348243,-0.8792153519525446,-0.08968340862662316,-0.23860566008207926,-1.0,-0.08190384734444013,-0.22198176834152863,-0.3745759726278585,-0.04879337365396743,-0.1679804934903268,-0.5462921410139784,-0.06294269118159933,-0.11644379399719447,-0.5175318837855934,-0.05467296269846503,-0.08610158506023029,-0.45185936047346714,-0.036106579860077426,-0.24126952026577503,-0.3304608687139081,-0.029315704898755297,-0.17798725363178952,-0.4511812025191174,-0.021398733334940204,-0.135471966493709,-0.42133224809004566,0.0014719501256452582,-0.1139626041265447,-0.363461399663708,0.025353008866421972,5,Victory
0.0,0.0,0.0,0.09285771547788273,-0.19306910013806128,-0.0568981694081832,0.09540048167688543,-0.42830581380694493,-0.07180338093238,0.011484486637634753,-0.5578395321665701,-0.0692076274763599,-0.06690914636823485,-0.5424266894997176,-0.06190277389472129,-0.07456197497121723,-0.4486116816510045,-0.10701454362266753,-0.08949888219606834,-0.7232691814425883,-0.13256523336910725,-0.09218251817575678,-0.8741560922491758,-0.13747286767577818,-0.0949073930060687,-0.9943085053529628,-0.13303309212888792,-0.17405914539947737,-0.41471619049718234,-0.08140462302167527,-0.2140780726098842,-0.6957948637367056,-0.10277073038346779,-0.22464943866280893,-0.8764997743417204,-0.10160576618216746,-0.2248590991124226,-1.0,-0.09368592935292314,-0.22395886566853243,-0.3721612517270991,-0.05309632955108293,-0.16251315599324037,-0.5553198739442099,-0.06915309042956287,-0.10588741473823195,-0.539279383081015,-0.06110354341700654,-0.07010631269038528,-0.4826465316793473,-0.04385209459130947,-0.23840108443956845,-0.3309520859659392,-0.029192702500849918,-0.1686885849972706,-0.464624265188562,-0.025497239880935073,-0.12494998456209407,-0.44101573422129586,-0.006494084220094046,-0.10196679099350613,-0.38702501331819344,0.013759153262981582,5,Victory
0.0,0.0,0.0,0.07084594193330736,-0.21456898582504957,-0.02220364794624192,0.050938592422189004,-0.41088888630375225,-0.03692895318372469,-0.05445660993584337,-0.47382785462096405,-0.044732699946446956,-0.14149275765895197,-0.45568328554061993,-0.050679047816387275,-0.0694588747578858,-0.47781274175066746,-0.07549219204556254,-0.08216378116947703,-0.7423755838369502,-0.10530751884702308,-0.09079955125259564,-0.8884127996254138,-0.11445373728492843,-0.1020146010132443,-1.0,-0.11147680729664879,-0.1750914653653089,-0.4293599096688634,-0.07130210086011907,-0.25342540701360494,-0.6893872911128819,-0.10173313071250938,-0.3042884750731432,-0.8511077633591783,-0.10950056375302751,-0.3475447584092879,-0.958623918847391,-0.10579144051907977,-0.23928817333922744,-0.36501678803883136,-0.06164005488786695,-0.21432941636662925,-0.5103965510722823,-0.08561572277407183,-0.15937530900461253,-0.49970826329228785,-0.07964495274730111,-0.12624610654188212,-0.44588947523019024,-0.06040965986727634,-0.271062117924885,-0.3024286308405507,-0.05248721329962686,-0.2238807489399324,-0.4197813119826899,-0.049522995670223,-0.1771772464998866,-0.39859704635214604,-0.022415151379101397,-0.14978153373894126,-0.3451199810380228,0.0064054447007933805,5,Victory
0.0,0.0,0.0,0.07479480302613306,-0.21573027615005574,-0.027666116351861315,0.06191137838065705,-0.42050012386658364,-0.04619740803148105,-0.05032326021305052,-0.496436653663461,-0.0560948349631962,-0.1409741930379923,-0.4835277871559824,-0.06328243953946291,-0.062218537794907394,-0.4636212943556579,-0.08963391194544224,-0.07157919308813321,-0.7341680121140405,-0.12655424952923788,-0.07415764223393662,-0.8849691707772916,-0.13785858415397786,-0.07789072478850756,-1.0,-0.13505123949697315,-0.17373718296561486,-0.42205096320661056,-0.08485378418458236,-0.2534710499466464,-0.701717009983238,-0.12248024370249437,-0.3018370510022051,-0.8742588897022856,-0.12973719824475813,-0.3425577725259832,-0.9904503878119739,-0.12401347569550585,-0.24300283797470892,-0.3669392474334361,-0.07484548145576625,-0.21425882656189818,-0.5283123354403652,-0.1030426030990654,-0.1591346684182553,-0.5145419740582147,-0.09362076314546244,-0.1267796768177839,-0.4599834795033303,-0.07041084419914923,-0.2782857793362311,-0.31133095108365616,-0.06585441795622142,-0.2354937745435043,-0.43436890997035,-0.06272106462224182,-0.18998181185427346,-0.41566932710546267,-0.03300470865270817,-0.16539856626750798,-0.3653963934953516,-0.001785047267932233,5,Victory
0.0,0.0,0.0,0.07222979916290062,-0.20575917737440552,-0.026731437583461796,0.06321652639957023,-0.41951302296857884,-0.04215507422860791,-0.02910086780939451,-0.5197212470700551,-0.050026296469294206,-0.10872649885239223,-0.5340456383575956,-0.055414217608322956,-0.05094188250057526,-0.4714012823327033,-0.07835609185304482,-0.06814716928419896,-0.7265647226236343,-0.11602276627521013,-0.07004689854518618,-0.8794896169619555,-0.13105983196655,-0.07166486921580342,-1.0,-0.13203412200289164,-0.15796590959460846,-0.4332037885449019,-0.07355679760930836,-0.23426703650535288,-0.6929151003355497,-0.11087336534995412,-0.2748061022323651,-0.8555847272186569,-0.12212121507540948,-0.30749742744076136,-0.9674966610150126,-0.12000446062003002,-0.22644110556737668,-0.3807246396518661,-0.06450768693690044,-0.19664656947658243,-0.537935867118022,-0.09378528298779465,-0.14012761518504854,-0.529221747630835,-0.08875985231038554,-0.10819971359694024,-0.47994622304861206,-0.0697666214037904,-0.26199716775664533,-0.3272390713250989,-0.056821686091712974,-0.20837676854066003,-0.4411587227108726,-0.05789691718055496,-0.16440750609829427,-0.4207818637531657,-0.0349368425317466,-0.14471645690912505,-0.3703192622392806,-0.008939676165793142,5,Victory
0.0,0.0,0.0,0.09470673276653929,-0.1831074530540949,-0.08704159731770042,0.10705285449714437,-0.4233738798400708,-0.11383539855405181,0.040751148825659826,-0.5687646724163682,-0.11466269288382237,-0.03950464900325736,-0.5588466434065592,-0.10853480463776703,-0.09079062191770555,-0.422566487909651,-0.14338011816958765,-0.08678244005926253,-0.7037029400147062,-0.177848294681278,-0.07884469978485685,-0.868139790867022,-0.19039236460002062,-0.07847265042762366,-1.0,-0.19220225024728876,-0.18098121339011913,-0.3926829456339963,-0.10536384589615809,-0.2309262845609199,-0.6902268640434827,-0.14275088409101405,-0.24384643810703438,-0.8708456206742539,-0.15102684188501778,-0.25203448243093285,-0.9985541175822995,-0.14799533441453563,-0.21930238683558484,-0.3619362488495606,-0.06490071594263468,-0.16263953868031314,-0.589920564324465,-0.10083434668535099,-0.09853633093351039,-0.575122682154917,-0.09561970513563184,-0.061233855523283386,-0.5246744030221524,-0.07579165402160848,-0.22199853439448383,-0.3308564110021181,-0.0299231511912542,-0.16070506132359563,-0.5045527186767164,-0.04103457894276539,-0.10740733236666244,-0.4865068007932989,-0.022637969520449566,-0.07513944678860443,-0.4339834724020959,-0.00030845314165179363,5,Victory
0.0,0.0,0.0,0.09130425960611468,-0.18673756523291177,-0.07875633658815406,0.10344153606617104,-0.4269210927544086,-0.1017828664944241,0.03731933964711964,-0.5773164091826248,-0.10125831873674118,-0.04392401765245733,-0.5706691747995136,-0.09358393477622201,-0.09078478449683727,-0.4360945958248423,-0.1259692653144812,-0.0851660856913068,-0.7120879685219272,-0.1583496859331001,-0.07947358658508052,-0.8701969426564481,-0.17317405199121055,-0.08198540046898206,-0.9993596791428678,-0.17766100029131668,-0.18282372519856502,-0.40296185206792573,-0.09223098537683257,-0.230159525365307,-0.6938594738128342,-0.12371836736593203,-0.24339204497401098,-0.8731261502118033,-0.1314175029327749,-0.25191660817409256,-1.0,-0.13038260409934038,-0.221894430375701,-0.3667869557699176,-0.056650419420103244,-0.16692855897461037,-0.5882776392450966,-0.0865665822336221,-0.10125338408495618,-0.5714077164947982,-0.07971714333138272,-0.05998465097395747,-0.5176020899670556,-0.06129685874413558,-0.22480200061661856,-0.33350463622107984,-0.02667009097105696,-0.16462611528684346,-0.5020366907801518,-0.036235057725906905,-0.11320858389074108,-0.47876948503012073,-0.018315838854954546,-0.0800270888402992,-0.42614538156461307,0.0026278493061507036,5,Victory
0.0,0.0,0.0,0.09212405940028878,-0.19050921000808294,-0.07468225881982986,0.10354358543699067,-0.4274208917415833,-0.09576778841430748,0.038062849982007124,-0.5756614283032674,-0.09503328809999137,-0.03992038398639449,-0.5660322425886979,-0.08769991635322583,-0.09346838040678751,-0.4393752830679257,-0.1170257870124558,-0.08622846245644714,-0.7102388319358062,-0.14841334505088702,-0.08031872889237075,-0.8675090899362832,-0.1629874735506176,-0.08291691443032194,-0.9952620848866467,-0.16699096663789978,-0.18446831008157547,-0.4054964253139985,-0.0860589779625852,-0.2293563739962776,-0.6941923364129096,-0.11671559780184647,-0.24310298456263177,-0.8734568492193454,-0.12476946745111334,-0.25329155097155265,-1.0,-0.12343902583204443,-0.22304857825862964,-0.3683385874438539,-0.053581463017582924,-0.16547674499129703,-0.5823516285654927,-0.0845091782731256,-0.09971148768601958,-0.5628758394960348,-0.07994053912145165,-0.05998597432539243,-0.5077736201003413,-0.06207186232878952,-0.2258455712026667,-0.33432194237877805,-0.026295976946895883,-0.16451545481533547,-0.49760706387229225,-0.03571564094985348,-0.11393507497687588,-0.47138667539438933,-0.01840656014421644,-0.08263364519194756,-0.4171714841822851,0.0023386357703271544,5,Victory
0.0,0.0,0.0,0.0964744929419506,-0.18971311318339232,-0.07503948765009641,0.10745512034931015,-0.4244432541032733,-0.09469661248975571,0.039616769320097875,-0.5700533872213617,-0.09101247632688106,-0.04008836753784886,-0.5639609356177567,-0.08000296442833746,-0.08116572386008089,-0.4475911515147371,-0.12260291072803678,-0.07563780465181891,-0.7169667579934639,-0.15464706273920256,-0.0715020088356742,-0.8688553910009847,-0.16869357337121435,-0.07400763301777696,-0.9934291128141747,-0.17236457459708182,-0.17826241696875522,-0.4108577707636814,-0.09008538368401117,-0.2297575776441213,-0.7010563908036008,-0.12008177877355995,-0.24675184703304265,-0.8759018348787276,-0.12586337769843836,-0.2592587361275723,-1.0,-0.12320967059637793,-0.22240309250396342,-0.3696021931386328,-0.05587268506082247,-0.16975349681711688,-0.5865019269672312,-0.08601002207289779,-0.10080632319466139,-0.5648694054389795,-0.07974583229249055,-0.058266580563855856,-0.5079344915708791,-0.06095583820861012,-0.2288053846764226,-0.3314320661957642,-0.026800796111137015,-0.16960109556170477,-0.49640543556080874,-0.035935737144266386,-0.11764090413709131,-0.4721666186551732,-0.018446363285813863,-0.08575962309568154,-0.41764331520772,0.0023404487218171765,5,Victory
0.0,0.0,0.0,0.09359434741599075,-0.1814544773728936,-0.06239217491869963,0.10060967764547835,-0.4204660382665669,-0.0803305764913858,0.029854239926032995,-0.5639769332265,-0.07917010043527521,-0.04457248473587586,-0.5760333064475341,-0.07333086309578032,-0.07185039073140909,-0.444457044389963,-0.11407667450121552,-0.07008914905114424,-0.717749685223192,-0.1435370773977833,-0.05440203941653379,-0.8762710195041833,-0.15280862973769077,-0.04497639284855487,-1.0,-0.15062469094148245,-0.16487676454694766,-0.4169158705187007,-0.08604280504907358,-0.21995139260454183,-0.7060462879406986,-0.11633848672830913,-0.23988424021884863,-0.8799555275162402,-0.12163799497550587,-0.2532788696251694,-0.994918495211577,-0.11581710852497262,-0.21012112806779837,-0.3808550039086451,-0.05420230460940646,-0.15418047558583092,-0.5852419145173555,-0.08227487230971232,-0.09355690250747789,-0.5664158212724347,-0.07435178588207195,-0.05866099846582354,-0.5100264510123879,-0.053046730996886726,-0.22051315496424542,-0.3444585528341448,-0.025886991083719876,-0.1624684003126916,-0.49900664514028087,-0.028604564192241787,-0.11288894567737573,-0.47060938482984305,-0.004838980702185539,-0.08254801067268625,-0.4118242502810586,0.021416972730478843,5,Victory
0.0,0.0,0.0,0.08977942117061857,-0.1941216725838595,-0.057394452781323636,0.0932434954567283,-0.4240982834199068,-0.07126965619575013,0.015684755172213728,-0.5517139238223459,-0.06940873202843861,-0.05826774790871096,-0.5812963929938759,-0.06216854808517656,-0.06129650833195277,-0.4588863444610112,-0.09167179332293726,-0.05464525852156158,-0.7285752532020296,-0.11764276080668683,-0.045356087089335285,-0.8812905561881674,-0.12571080127217732,-0.04273826225362214,-1.0,-0.12382593025509821,-0.1581534059334101,-0.4267454670388242,-0.06991198722721505,-0.20914900071789216,-0.7051974483023283,-0.1000742377561974,-0.23556281835930537,-0.8740480239791357,-0.10775745753395143,-0.25841382533061835,-0.9886900530345448,-0.10389849232271148,-0.2073994444199788,-0.38258758528901277,-0.04644720365562121,-0.16137701780470398,-0.5779540353298005,-0.07653688731123709,-0.10324505426831272,-0.5508452183978912,-0.06994376527027041,-0.07363558550151443,-0.49176119146330466,-0.04918100551494091,-0.2227556608277639,-0.33727981786370115,-0.02647120031046747,-0.17375349247191868,-0.4908688941594895,-0.0319127218958138,-0.12783312257921103,-0.4651949877566884,-0.00913868889199786,-0.10394066520012554,-0.4072617202709117,0.01660445858450987,5,Victory
0.0,0.0,0.0,0.09739017714487085,-0.19489833998800393,-0.03623446536383789,0.10833443349366222,-0.41776154276089306,-0.053219763258668104,0.02449779846656708,-0.541100084097295,-0.05623821446335233,-0.05801561222796154,-0.5641064289904547,-0.05531194660220608,-0.025156422008334883,-0.4532641497077385,-0.10551163977875183,-0.028662468385550234,-0.7159349647584862,-0.13963183463360518,-0.022279459434923005,-0.8629780629762958,-0.1560961562608861,-0.017698634380512713,-0.9839438963278208,-0.16074588210439722,-0.13514560058878503,-0.4188795482100651,-0.09102858129492176,-0.18864665726246152,-0.7035341654356999,-0.11796110170506154,-0.21293516538614934,-0.8776379159255744,-0.12275231076567016,-0.23638685864551032,-1.0,-0.1223065725788799,-0.20034560627150294,-0.37844614394670995,-0.07057538800593442,-0.19171393891008937,-0.6050374175789335,-0.0850849434614649,-0.13216286669556537,-0.6082053595653136,-0.06807393635737449,-0.09249602296372451,-0.5613894661121166,-0.04842234955368502,-0.2260412800945826,-0.34054466772212755,-0.05273028936746513,-0.19605290194574182,-0.5104468452772629,-0.04714240072066926,-0.14693360194570718,-0.5055489661438219,-0.01822355626714055,-0.11522057088445614,-0.4605945093163656,0.00817535186812927,5,Victory
0.0,0.0,0.0,0.08643685541072564,-0.18679335034794067,-0.043713711760586756,0.09848067808845985,-0.4138697564012764,-0.05781091787366814,0.038135095713875494,-0.5459676185722222,-0.05876816775021831,-0.03040891415137633,-0.570249999329077,-0.056590619005984895,-0.06577947163471731,-0.45698024936866144,-0.09384180511398739,-0.04966079810316649,-0.7241682903003319,-0.11701361960511913,-0.026472525032137213,-0.8764889458726158,-0.12497246468497239,-0.012975818593154975,-1.0,-0.12302281485646031,-0.1431056958679194,-0.43372387761290965,-0.07336654548355862,-0.17289736085727858,-0.6997522281352903,-0.09633998691265146,-0.1947812757466702,-0.8735962613486625,-0.10362605346888419,-0.21143098483445646,-0.9939539773657416,-0.10262487910203423,-0.18352889061539743,-0.3946783393850588,-0.047360149448780656,-0.11525434020090118,-0.5754484784808156,-0.06594570726926045,-0.06884567362011267,-0.5439761513709641,-0.05346197400711204,-0.04322085980124577,-0.4736622466259282,-0.03201324965398246,-0.19429846278121737,-0.35358766011577447,-0.023788491056271913,-0.1383496904361268,-0.4852967224069497,-0.01982540129817991,-0.09708155203276252,-0.4649826834773134,0.008137846504211795,-0.07033671612711039,-0.4132479785089944,0.03674206426585835,5,Victory
0.0,0.0,0.0,0.09948480763582915,-0.18633311290608834,-0.04813054866250082,0.11381313445611377,-0.4143413698871573,-0.0617345069085366,0.03943772269105679,-0.549359406359645,-0.058480531625762736,-0.03835679827290835,-0.5623233019919379,-0.050249898912381755,-0.03924813302453624,-0.46241218092541875,-0.1005088577701953,-0.031021696957419388,-0.7286836701680485,-0.12455026476777435,-0.02285003123840848,-0.8762112892571298,-0.13196251854477792,-0.016886207404424425,-0.9954444060778936,-0.13065353794559384,-0.1432269179408526,-0.4285823625786512,-0.0782532471887747,-0.19453023279328951,-0.7067356819865065,-0.10469776903924709,-0.21750402395289892,-0.8790298556327353,-0.10899143737635085,-0.23645333557564074,-1.0,-0.10544058091380965,-0.1994621973126367,-0.3842515588044827,-0.05095623013641302,-0.18030863793341645,-0.5939946068761714,-0.06841391653158144,-0.12391527939987146,-0.5916210495789266,-0.0550109310121944,-0.08659894219498841,-0.5441857150154841,-0.03449010702302769,-0.2171567062165925,-0.3372529826579874,-0.026635216781400926,-0.18494059436009364,-0.4989369812725785,-0.019023050410938856,-0.13903610858081075,-0.48723122373283445,0.01093357612532991,-0.10563988882321518,-0.43460007903080355,0.03911373624038626,5,Victory
0.0,0.0,0.0,0.10354086903124718,-0.1854791974545479,-0.049343684029091534,0.11976784112081958,-0.40943207111479646,-0.06469641831351439,0.044892515343629265,-0.5462132553427103,-0.06354294132655403,-0.034773609563183414,-0.5546693038724253,-0.05853592578577547,-0.036995323625823105,-0.4651993202534482,-0.1036006740580032,-0.029170437792540527,-0.7287863261380073,-0.12927652036632475,-0.0222966592900417,-0.8772132101070091,-0.14066779155007894,-0.018741204416571653,-0.9999494214994958,-0.14337472084026667,-0.14355042195648327,-0.43165223932749114,-0.08140226105640784,-0.1920651771654455,-0.7072929567300928,-0.10689035805635477,-0.21742619902212523,-0.8788666284122233,-0.11375886054449642,-0.23997156562186445,-1.0,-0.11428359022556336,-0.2023024259514724,-0.38639018036222045,-0.054111353289865376,-0.19064782154480275,-0.6038547584930029,-0.07075363898216928,-0.13438128780698388,-0.6127478480094689,-0.060741516838296254,-0.09394342046726699,-0.5736332139751958,-0.04513646607190731,-0.22178734803742953,-0.3397817359609933,-0.030112567173877478,-0.1890808675423871,-0.5029413891349545,-0.025987080133193487,-0.141246161643901,-0.4935544468653262,-0.0007092378968836755,-0.1043170887300059,-0.4435328441466249,0.02311319718703289,5,Victory
0.0,0.0,0.0,0.09499717258778022,-0.18879921706769853,-0.040380863055224064,0.10650653830262195,-0.409772410943566,-0.05673873284160989,0.02784983409224556,-0.523266041862623,-0.058019204421886544,-0.05300534176433343,-0.5465045852024103,-0.05500085594438809,-0.04043966260017571,-0.4624133972803256,-0.10157493661236247,-0.03153322597157922,-0.7266343641283884,-0.13198933847013447,-0.02341948714549821,-0.8753784572341563,-0.1462775312742646,-0.01823037486832438,-0.9977276701418218,-0.14946306327901973,-0.14997879440835166,-0.4244072658148235,-0.08481038945310089,-0.2089677089781972,-0.7109852368186889,-0.1121278693298229,-0.23449356534565644,-0.8820449100234231,-0.11641352953762713,-0.2580225177647508,-1.0,-0.11438404821264958,-0.2160548362850765,-0.3774066495658759,-0.06244537591184112,-0.2209291257302973,-0.6197951994630032,-0.08344917952162158,-0.16274912604053704,-0.6064238664615323,-0.06532942671571461,-0.12595266517093504,-0.5426380461100871,-0.041989355877051965,-0.24054368105097945,-0.33128704368316625,-0.042121149929156734,-0.2191297352103778,-0.5127429212456408,-0.040626457584745486,-0.169435762040475,-0.49732083302191843,-0.008798282137735848,-0.1373302671305221,-0.44149336721527394,0.021454827552990382,5,Victory
0.0,0.0,0.0,0.08621672479848064,-0.20631654080937067,-0.01649048699098373,0.10119784794838536,-0.4059714129624061,-0.028871521691629893,0.020697553858852375,-0.5230169539301595,-0.031568010151842685,-0.041927730724227744,-0.5848059323056829,-0.03180881121963538,-0.04818036026142222,-0.48471222833348565,-0.0858242447932523,-0.032258795998149646,-0.7407605999566017,-0.11720937378796846,-0.023404974194777276,-0.8835773497335053,-0.13441061344686647,-0.01688537904059133,-0.9963498709564433,-0.1400336585189655,-0.1628647250943145,-0.44142490041772575,-0.08121727818549657,-0.2041024966561706,-0.7261088012659456,-0.1033685889073102,-0.22811457560752338,-0.8900963343815433,-0.10860652452088981,-0.2509243063080286,-1.0,-0.11004133388947296,-0.23300237504334595,-0.3806275584568358,-0.06947200114827244,-0.25882216269884184,-0.6080958696991495,-0.07682554770058724,-0.21455017558156816,-0.6553054379701333,-0.06341155022494295,-0.17568535420171263,-0.6464251899720702,-0.05032262001835464,-0.2587460238606734,-0.3149034318818172,-0.05810146041599997,-0.2547774722533677,-0.4854120428093888,-0.046387608092553115,-0.2110640110463238,-0.5147297690472685,-0.01592519645459652,-0.1708481395610077,-0.5009764609760982,0.010615899445148255,5,Victory
0.0,0.0,0.0,0.07779672009346904,-0.2038168717987193,-0.028632360340796907,0.0776399969296468,-0.41174371976754726,-0.051456976875861746,0.014442788941114542,-0.5638528635461921,-0.062168483145741284,-0.029064479669566233,-0.6577805470253527,-0.06998950182724638,-0.023854322483770184,-0.45711130706079006,-0.11509568891814391,-0.016306486398352683,-0.7221572939168367,-0.15793426336632502,-0.013534504999980074,-0.8670436570609547,-0.17707792418724944,-0.011924475549193833,-0.9819829872630591,-0.18395874466809933,-0.13558017806315814,-0.4238198070009251,-0.10983923602164167,-0.18538990106774478,-0.7093252275084933,-0.14661548732485238,-0.2183131146879147,-0.8788357539510439,-0.15771013797947697,-0.24726730768664307,-1.0,-0.16298179536202168,-0.2105250390595016,-0.3776931216637849,-0.09856502298591312,-0.23930206297585493,-0.6221249443151943,-0.11962919232802063,-0.2170294402167406,-0.6910353137400211,-0.11334081616193185,-0.19884383528698707,-0.704633062471118,-0.10473938716549551,-0.24855046234632855,-0.33323225887721064,-0.08815683213435274,-0.2857805740555502,-0.524437464338766,-0.09569986537820341,-0.28192461243288586,-0.6135924119998135,-0.08274725143682463,-0.27618615350414455,-0.6649736984050277,-0.068896744369381,5,Victory
0.0,0.0,0.0,0.06452725590647018,-0.21691501741284858,-0.0052500725029911485,0.031768061573735684,-0.41412697383363894,-0.01230248042208568,-0.05273085344302543,-0.5156031310866354,-0.015248906614956238,-0.12436215075319898,-0.5483802482540715,-0.01751665564907838,-0.048645995012238034,-0.49516979604791717,-0.06331803202502255,-0.04214122802701199,-0.7493499713723449,-0.08840490889286706,-0.033292968937120505,-0.8890068175204507,-0.09760700140011196,-0.026629014592772015,-0.9961281788998704,-0.0967747912310866,-0.1482006614503614,-0.4541354659985903,-0.06514793817291331,-0.20156492416522767,-0.7233739182347246,-0.08744102698935774,-0.229398597652239,-0.8874408505721132,-0.09216898931621094,-0.2508532083992269,-1.0,-0.08960563698358659,-0.21442268431272934,-0.3888305220009313,-0.06049100526199403,-0.20669264717335714,-0.5747955737767421,-0.07286776133319135,-0.15453011052523355,-0.5860512769042115,-0.06471237255594905,-0.12017211786968535,-0.5525582239578768,-0.049642583277975334,-0.24331991510442005,-0.3234915246173393,-0.0549534043360678,-0.2220990344154272,-0.46520998556071264,-0.04743617540020516,-0.1733910426886077,-0.46461673973208945,-0.020712328899589752,-0.13650625620985488,-0.42437736886920924,0.005703953865388767,5,Victory
0.0,0.0,0.0,0.050380309047049286,-0.23035380819281762,-0.0002069133788809956,0.009734275091281852,-0.42266072275883515,-0.0032801135766322162,-0.071184090960036,-0.5163371511848183,-0.005158861188384983,-0.13142431353836878,-0.5602201580489251,-0.007576952327238267,-0.06581142132580453,-0.49311998259402073,-0.04640294585062763,-0.0504006087076609,-0.7436822204913082,-0.07276034555502069,-0.03723435856285927,-0.8884584594485672,-0.08510614455201367,-0.026468954764988714,-1.0,-0.08649461390587468,-0.16031676562294014,-0.45456301100868624,-0.051082002925905826,-0.20352510268571564,-0.7174849990210704,-0.07365008692950678,-0.22786894162899213,-0.8795748890533414,-0.08228536367187995,-0.24811593285091726,-0.9944640709331276,-0.08302618371860208,-0.22433593853482223,-0.3860997015871513,-0.05031594056472141,-0.224081134686759,-0.5639418147457675,-0.06551024632965259,-0.16556959672020186,-0.5609293137601759,-0.058615097250982864,-0.12543654067448484,-0.5237149413496562,-0.043436819596457385,-0.2529981971706819,-0.3176202464896087,-0.04826599324978652,-0.24463693155659835,-0.444742677896742,-0.04440676030577298,-0.19716417660109067,-0.437633564321003,-0.01915547901705961,-0.16088303993922956,-0.39723034252189504,0.007118689139685748,5,Victory
0.0,0.0,0.0,0.041929169518942044,-0.2393570717458811,0.010780054911544223,-0.0015991445578585732,-0.42290327700390046,-0.0005853408385963538,-0.09578330829743607,-0.49006686748822886,-0.015286518648704651,-0.16866943157023973,-0.5068640574826339,-0.03235059720277337,-0.04367812867222105,-0.5013718175420147,-0.05819600711682837,-0.04581056188889833,-0.747233039047984,-0.098004291126505,-0.037323072088955724,-0.889962181633965,-0.11658654126317375,-0.02398925246604924,-1.0,-0.12350702971165885,-0.14015071236078624,-0.46096740630776356,-0.07978686337657755,-0.203881793158066,-0.7143544666231678,-0.11153902582882363,-0.2370758659828687,-0.8730817880279782,-0.12504236880244696,-0.2602246657827953,-0.9887832233303568,-0.13293297489025804,-0.21563546557951557,-0.3813633528971369,-0.09539746506373517,-0.2568538774646465,-0.5655245274307398,-0.12084679863326629,-0.20436947212999643,-0.550624988978327,-0.11571913559667113,-0.1606326680785096,-0.5091158453983914,-0.10507500497822302,-0.2666913819334339,-0.2956123320898214,-0.10874348868458321,-0.31454556239389136,-0.3748378812096106,-0.1200850908110046,-0.30727478513749434,-0.3686947613787752,-0.10734441755110634,-0.3044449004522493,-0.3482569725107451,-0.09222403483052458,5,Victory
0.0,0.0,0.0,0.05385501360880703,-0.2269409721284772,0.005576423096848949,0.025797387455445995,-0.4247214520271935,-0.0015790480464351743,-0.05900545761640671,-0.5339608887521414,-0.006110095636761944,-0.12530163259837795,-0.5865067264642521,-0.011553329919519486,-0.04716700958245439,-0.4847649112332895,-0.07508996911089706,-0.05182893231187049,-0.7435886464055141,-0.10985347098492038,-0.054461547500246635,-0.888326616802517,-0.12363531719801447,-0.05408136010300888,-0.9981933033020948,-0.1262577124091815,-0.15266935192057463,-0.44132234576473106,-0.0844651744655793,-0.2155441799320485,-0.716354052103163,-0.10965509942314146,-0.2535657213941246,-0.8835631522850044,-0.1164422680050934,-0.2825918150866306,-1.0,-0.11926892479605707,-0.22609416795249473,-0.37419099806578177,-0.08597557672558027,-0.24695175117982898,-0.583694630222334,-0.09880569684713836,-0.19574038991027815,-0.6044244372029415,-0.09432467726570448,-0.1555250024578886,-0.5811504820433196,-0.08671458826551583,-0.26661528448426197,-0.30553890077788143,-0.08539470951625935,-0.29643172308094085,-0.4154779230663039,-0.08584129492742124,-0.27388723869333037,-0.4147676399565917,-0.07151457959710733,-0.2519975120563893,-0.385909226056302,-0.055941297669728725,5,Victory
0.0,0.0,0.0,0.041823288100157,-0.238269274803645,0.015598145456244281,-0.0032500817843052455,-0.41573360735564535,0.00508364483546592,-0.09290132751360834,-0.5059489211055493,-0.006972286066265683,-0.16677645343920747,-0.5325106507704996,-0.02093267365311822,-0.04754853148221206,-0.4810577630620181,-0.06955122002494755,-0.05426168480970036,-0.7434130929105619,-0.10297486879688332,-0.05868111542676872,-0.8874453011346857,-0.112414724969371,-0.0602406177198929,-0.9934663189743521,-0.11172087299443179,-0.14271194533097548,-0.4381379752959241,-0.08727774908364226,-0.2096675974601292,-0.7088795097011662,-0.11322916924907828,-0.2522571698714315,-0.8804322862719165,-0.1190700777842132,-0.2839309102605999,-1.0,-0.12192930070249268,-0.21593604595585375,-0.3613912070371611,-0.09686571372580322,-0.2544492286624192,-0.5523295573181862,-0.11500170405293873,-0.20306713803155738,-0.5631004605401201,-0.11261032540981773,-0.16078965418705718,-0.5278048682054257,-0.10493226263675093,-0.268153422397425,-0.27884745777783704,-0.10295068193295616,-0.3298812062659176,-0.36706574671507547,-0.111704563160427,-0.3600314414267903,-0.3862266166572527,-0.10734777470397601,-0.3929432756371352,-0.3820314622896972,-0.0992082056187683,5,Victory
0.0,0.0,0.0,0.04464530051126397,-0.23326786788637996,0.007550513822171163,-0.007617361416097143,-0.41939329146337495,-0.0023549085886513943,-0.1007203469708423,-0.49228284819480717,-0.01305920822242833,-0.18145724279836092,-0.505470846305942,-0.02524039410689047,-0.03881360807137363,-0.49006906823193397,-0.06000475383319234,-0.0423966960866671,-0.7484686177106824,-0.09213887156269193,-0.04563511559081786,-0.8910280436536974,-0.10337864751794223,-0.04959675997976264,-1.0,-0.10314976608476152,-0.13834856101748053,-0.4456601313043983,-0.07421203264805035,-0.20519824484712912,-0.7183239165377707,-0.10124481906988203,-0.2431789607801633,-0.882553353374286,-0.1064300664742676,-0.2766146161586524,-0.9973511271290391,-0.10489946113657164,-0.2162133327793207,-0.3728388611702824,-0.08130349360489032,-0.23637993164188056,-0.5596345492037289,-0.09788421594085732,-0.18541846146038976,-0.5472298886179184,-0.08466243639894289,-0.1517738593115587,-0.49373151174435814,-0.06568894786146981,-0.2640343857927095,-0.30041453881258634,-0.08668529912636408,-0.2609614889134751,-0.42318702915667417,-0.08120113821112614,-0.22376342934269977,-0.40806742288254927,-0.05192389288054152,-0.20285223410416584,-0.36131562559122826,-0.024203445736155894,5,Victory
0.0,0.0,0.0,0.03341806229163963,-0.23548198555142819,0.02170586409544153,-0.018176380288101562,-0.4091595995183463,0.012843043002349595,-0.10294386488466112,-0.4700533759513813,-0.0006556617216015579,-0.18034835159750967,-0.4762979273260161,-0.016875023883420187,-0.042518035588934994,-0.4849148779811161,-0.05014291459805283,-0.044377867703260694,-0.7401592909037003,-0.08613484318140072,-0.04373144045062937,-0.8870726852471975,-0.10145491347830671,-0.04465711110699086,-1.0,-0.10307309348018162,-0.1367169813086266,-0.43990479212178374,-0.07262173243067696,-0.20631426258860974,-0.7164314859024102,-0.10303875122012777,-0.24226535626450477,-0.8800608426583417,-0.11001056574428505,-0.2742930064732832,-0.993189337424629,-0.10888877273304653,-0.2153119130625091,-0.3670024229975268,-0.08686999064669716,-0.24130139036009837,-0.5548347230811698,-0.10399796270884082,-0.18956295071644172,-0.5426715631444453,-0.08721875248854957,-0.15495591627792368,-0.49186936433873724,-0.06520417789763726,-0.2658268975078804,-0.29167185789655814,-0.0985439981023141,-0.2545083124081282,-0.41537348003821206,-0.08999191977068383,-0.20922556784834942,-0.3950054332466174,-0.05480253980540601,-0.18015055057649942,-0.34635625913302676,-0.022347013844433543,5,Victory
0.0,0.0,0.0,0.038249933062788996,-0.2395962044968745,0.01983964212736442,-0.021791456302804352,-0.4226977466133552,0.014365422598918596,-0.12191491636027928,-0.5000089364184142,0.004867609545655479,-0.20361663727386994,-0.5245531533011645,-0.005666491719603884,-0.051552049653490375,-0.49481825215341907,-0.04292696818258151,-0.06365513948889874,-0.7499031601581471,-0.07108867570271508,-0.06287861628497277,-0.8912099326228422,-0.08086696488040304,-0.062145915902115975,-1.0,-0.0794664390752919,-0.14706981714369383,-0.45044257612195876,-0.06145268180285178,-0.20993709105144867,-0.7209218396785914,-0.08670522262423924,-0.2507534088139895,-0.8855591946637209,-0.09326366761697497,-0.28681907499132997,-0.9985055558744406,-0.09298083856687843,-0.22904581736091753,-0.3754991934882381,-0.07180241841910444,-0.2540293795066616,-0.5643533831046011,-0.08316613241006422,-0.2001589307644109,-0.5452734423736777,-0.06315451098458863,-0.16540648845844377,-0.4888268991693599,-0.040217748475407315,-0.2817934566856955,-0.29776163341230605,-0.07991320092111599,-0.26677700852018754,-0.4241786142570932,-0.06756823703971326,-0.217576010253509,-0.4047724942540548,-0.031805480001682276,-0.1883142237191105,-0.35577479950629726,0.0005923938642035228,5,Victory
0.0,0.0,0.0,0.03501964046693078,-0.24374581397515852,0.028160627304009807,-0.017715273948939833,-0.425902104121891,0.026334807734589665,-0.10175534675843992,-0.5034234997337428,0.0186082581674301,-0.17506313307581117,-0.5226416217774547,0.008561228251922624,-0.05337827132269807,-0.5020476410414948,-0.03600295752188352,-0.06284722350706717,-0.7490968614611215,-0.0624056048808908,-0.06220134363197765,-0.8906130106445713,-0.07175792760116191,-0.06036378174777113,-1.0,-0.07067613662840963,-0.14755327583881125,-0.45704478335944326,-0.05827233110082164,-0.20967893042292685,-0.719090527128805,-0.07990496530843637,-0.24987797243505797,-0.8801709496015224,-0.08511188297624488,-0.2830031160340015,-0.9889184506014588,-0.08503242524454135,-0.2288279231362581,-0.3779024647381546,-0.07195681634297109,-0.25200483467998164,-0.555109027550477,-0.07986088169424059,-0.2019529288129367,-0.536525011529965,-0.06106652370724633,-0.16796610745355467,-0.48221021438838707,-0.04056182976684422,-0.2821988778509962,-0.2916536173141556,-0.08291999648055023,-0.277602702469044,-0.39992427731256114,-0.06972029958995724,-0.23661035513637652,-0.3716471854270662,-0.03560062029874985,-0.21299755877590962,-0.318990819423088,-0.005131182329982344,5,Victory
0.0,0.0,0.0,0.050029472622982143,-0.23934859405425402,0.016408685401448707,-0.005347024891154554,-0.4179032566232098,0.011882655993868754,-0.10232073531145448,-0.4928477871141627,0.004208637305176891,-0.18206186405193686,-0.5075262103085072,-0.005330544895594682,-0.04743588180055368,-0.4893074949896541,-0.046562376039823536,-0.057896752320206836,-0.7402862706359176,-0.07460779233554167,-0.06087344658950937,-0.8855995544552443,-0.08603716881679505,-0.06256293929452704,-1.0,-0.08689556404263665,-0.1457190710229236,-0.444141940152282,-0.06135656566464721,-0.20789882556678904,-0.7038670520466196,-0.08525303951938173,-0.24956986231203582,-0.8685150269725315,-0.09180322326594156,-0.284919936095223,-0.9826913992788354,-0.09283150275584161,-0.2273654727205467,-0.3659761535991154,-0.06790162727259222,-0.25740380745637037,-0.5495427068469985,-0.07322055154217931,-0.20862893357887077,-0.5281555829278307,-0.04872350185336956,-0.1767282542857259,-0.4685590936253765,-0.0250080534223294,-0.27786089734990305,-0.2837911956128476,-0.0731841833417167,-0.2746147623287031,-0.4117253070234277,-0.055910390804591356,-0.23159270054595493,-0.38957636661503875,-0.01708690742511812,-0.20554833306909603,-0.3374551101463062,0.016261319745794638,5,Victory
0.0,0.0,0.0,0.05682013488986135,-0.2316610289428339,0.017128251543236914,0.004519937270485461,-0.42317743500248994,0.017303519270195432,-0.09326356532047517,-0.522377451119266,0.0136409305000471,-0.16947199300934837,-0.5634190418450686,0.010250268675613879,-0.047349168065867246,-0.5004764207158493,-0.024799765557780018,-0.06703256784942398,-0.7394710549626134,-0.051857355233316575,-0.06533967679568271,-0.8793637273066663,-0.06680485353664815,-0.06243676841011151,-0.9930302812818126,-0.07138755022584684,-0.1430242689688474,-0.4642610489628918,-0.04098792067561191,-0.20518733548769302,-0.7217438603582079,-0.0652088706981817,-0.24060426578326588,-0.8836134252745046,-0.07241173868950886,-0.2714381452612586,-1.0,-0.0745513774518034,-0.2224634492293222,-0.3988563699354133,-0.051409328727830265,-0.2506044577995438,-0.60955945170224,-0.06317199310635542,-0.20356912617484058,-0.5805733354234778,-0.038037728773442,-0.1765029365899294,-0.5160369791873242,-0.012878430760952127,-0.27250304865188835,-0.32729788398061704,-0.060936961011306724,-0.27021081498633537,-0.48908686501633397,-0.051812149761734046,-0.2276094854782181,-0.46603845865700666,-0.014467557280477664,-0.20494676427389202,-0.4130394476982285,0.018509167789041672,5,Victory
0.0,0.0,0.0,0.054825675567223675,-0.22972293088045756,0.02214060578141215,0.014431304718683325,-0.40745628396704986,0.013807284635938463,-0.07432125225993817,-0.4901386688665513,0.00011471178568533223,-0.1549800542072052,-0.5093318493120774,-0.01560401408878982,-0.013776579764961487,-0.47694825991970924,-0.04692745409699984,-0.029522772579730024,-0.7281996612832444,-0.0801339609061888,-0.033785818093908286,-0.8726246033212172,-0.09465838945555857,-0.03496854172664467,-0.983792385118677,-0.09722209371565428,-0.10988173258053421,-0.4428137385783619,-0.06906436313274802,-0.17400761708955725,-0.7189143661618105,-0.09632785157091178,-0.20841643737011176,-0.8840040954504279,-0.10104526392585016,-0.2364022624842272,-1.0,-0.1011171242329562,-0.19653242964920223,-0.3827260387228694,-0.08321720787394545,-0.2255798551035835,-0.5940894799559078,-0.0939045411543251,-0.18477168753750084,-0.5755948595604262,-0.06864884638205584,-0.15684246902333593,-0.5169954106631673,-0.04430371347025354,-0.25809569135609806,-0.3159571121372625,-0.09535151131696155,-0.25351022717291477,-0.47572549144333975,-0.08100484870861183,-0.21315474761284117,-0.4618795335747999,-0.03938422296920356,-0.18745114899862347,-0.411360573824482,-0.004332893703896252,5,Victory
0.0,0.0,0.0,0.06598058490606344,-0.22351442556502168,0.0019364849205437244,0.032561663631120105,-0.4122480685861244,-0.017853572927711593,-0.05570641406508956,-0.49781861007112344,-0.041640768602109426,-0.142110955601083,-0.521785990177371,-0.06715422411016207,0.019763613272057327,-0.45724203539426617,-0.060244091793409504,0.020720792425811724,-0.7117328181518104,-0.10622684547000423,0.019322752679102415,-0.863630224258324,-0.1309754976494302,0.01927296420260223,-0.9824210499476618,-0.14085674438044632,-0.07216779371238731,-0.4251517256444765,-0.07994504415738016,-0.134172191637052,-0.7057955853987798,-0.11799245252074161,-0.16509152465752763,-0.8768062535704712,-0.12872087860535517,-0.19060915253466415,-1.0,-0.13354746439417345,-0.157539353569851,-0.3753107042123463,-0.09559992370372271,-0.1933401107681621,-0.6050843509822285,-0.1272477792847525,-0.15501823050720848,-0.5825634208714672,-0.11112976138639818,-0.1278600809433142,-0.5153999720219772,-0.08911710120188106,-0.22145802366279177,-0.32076269054859663,-0.11056899498152588,-0.21995515246988745,-0.5022752816925188,-0.11986823121940522,-0.17896252529909265,-0.4846915078431494,-0.09051809660101236,-0.15381038618629916,-0.4255496888995472,-0.061954596223033405,5,Victory
0.0,0.0,0.0,0.06413586084873774,-0.21514499158338282,0.010620803745374203,0.024151472394896536,-0.40948381882136087,0.0007866710688811867,-0.06357583898214804,-0.4962376890481029,-0.014051629581400021,-0.14984836406177768,-0.5158882992569204,-0.031165233735042135,0.014812562082121554,-0.4679052738813164,-0.044213428641872936,-0.01059578312330613,-0.7240872604635965,-0.07784732916973996,-0.014310692573406357,-0.8705565978818207,-0.09410148331681754,-0.018301051987556372,-0.9867067293517592,-0.09810398834772951,-0.07446042919372163,-0.43540006053057756,-0.06470931981942724,-0.14320384633052105,-0.7065763963977465,-0.09138492727537396,-0.17550495630754356,-0.8769263172160625,-0.10018223267103317,-0.20574206480941828,-1.0,-0.1042523581432971,-0.16000091870951935,-0.3836322451403687,-0.08020208734389277,-0.2152011892401523,-0.5858574768783293,-0.10328253115389191,-0.1772058720524329,-0.5546671258042374,-0.09086848913498538,-0.14914939552497244,-0.4866519977208185,-0.07261717512789047,-0.2302571116098495,-0.32632676151962375,-0.09422502653509608,-0.24410665761422867,-0.4954914819012596,-0.09840487996834939,-0.20736430383483037,-0.4642933120227475,-0.07061366757964926,-0.18370101804091385,-0.4025747648738908,-0.04417033359094809,5,Victory
0.0,0.0,0.0,0.056474524232154974,-0.21869837694242908,0.006991334383927951,0.015207711391531497,-0.42556986383866857,-0.00946247725189747,-0.08124846215547367,-0.5281114132130746,-0.030075831713155587,-0.16156160705629327,-0.5621448209671112,-0.05354227316699768,0.02373294862782803,-0.4736349113064467,-0.06425627247243484,-0.0008366558184684292,-0.726880864007436,-0.10761738589666552,-0.009507747829576647,-0.8783359150027452,-0.12923629524151084,-0.012555650949176022,-0.997818334030689,-0.13726988176596597,-0.06318743467099659,-0.4295773648436644,-0.08649518750954915,-0.13673124231505213,-0.6956204068783949,-0.12381175439764264,-0.17048627776733788,-0.8677127970722347,-0.13597640383406698,-0.19848629076260502,-1.0,-0.14301434556841874,-0.15213063389716264,-0.3691948559944859,-0.10287633625867774,-0.21659365663392144,-0.5766603633921272,-0.13415526034631167,-0.1804006406666709,-0.5389434813602556,-0.11647124522597636,-0.1519740067298385,-0.47096985559693333,-0.09358345918689447,-0.2285434887470391,-0.3033485212668402,-0.11772898617319112,-0.25564888019269927,-0.477829304772016,-0.12733626107763743,-0.21711534821416817,-0.4517869603779434,-0.09660547864115138,-0.19276324350240917,-0.3906579076286151,-0.06721894224234852,5,Victory
0.0,0.0,0.0,0.07604018928472493,-0.1998952452985751,0.0027959303671450234,0.053961986044003894,-0.40513993173825363,-0.017465634978841616,-0.03770736952264157,-0.5138214646498707,-0.0416420785744525,-0.12708934445137277,-0.5435570671035308,-0.06968686765056722,0.07367793445447493,-0.4463893866091744,-0.07542970091075556,0.04963951448322801,-0.7056126593756841,-0.12178836835071873,0.040191186840679134,-0.8565778793622864,-0.14428240003028348,0.037497618032333896,-0.9753352651912474,-0.15332600931911006,-0.014936796152331112,-0.410515137901662,-0.09961886355444743,-0.08398169542146908,-0.6914017797578226,-0.1409962573238771,-0.12346615980469768,-0.8687977625585462,-0.15474353945986316,-0.15661951840504482,-1.0,-0.1630605189208174,-0.10590185013610502,-0.3596790196979648,-0.11820324763380785,-0.17498513755928116,-0.5814062307086557,-0.15445709812128552,-0.14634653712912635,-0.5435895759907343,-0.1387942017073962,-0.12013953229394812,-0.47304823039255867,-0.11699310214616243,-0.18906044820071954,-0.30532502489177826,-0.13552031467854594,-0.2229073873679456,-0.49791631866594593,-0.15083471322781958,-0.1928579358170815,-0.4703904559440598,-0.12261884721354402,-0.17185356337175262,-0.4041003390261928,-0.09508188521401228,5,Victory
0.0,0.0,0.0,0.06874713978210427,-0.18902295131485244,0.0029323082763625637,0.051639846606667206,-0.38760501741215003,-0.020381470297301616,-0.039141415465681055,-0.4974165830233198,-0.048202076687967964,-0.1271251266012413,-0.5280158889146432,-0.08036271412893255,0.08901172894731046,-0.4405324646311879,-0.0781066653689692,0.06235843123188383,-0.6998334824404908,-0.13217789384064005,0.05653608515574444,-0.8568335303365766,-0.1614274456451513,0.059826581208862244,-0.9809333373887683,-0.17441228863164357,0.0068459938070710704,-0.40652467050464647,-0.10417015512672338,-0.06890673513359687,-0.6895833704790203,-0.15189635400595497,-0.11382836909632672,-0.8669077902459097,-0.17008777683085213,-0.14623251836570164,-1.0,-0.18066679199992705,-0.08153119940538932,-0.35735881405096354,-0.12464668228642606,-0.17274492467553898,-0.5664161386735022,-0.16842441481930043,-0.15942754038916093,-0.5166769276164286,-0.15382038041312973,-0.13401062593891186,-0.44382575753602954,-0.13029541597684743,-0.16781424988961177,-0.3040497713748519,-0.1435976142323811,-0.22329784478102224,-0.48188653941690535,-0.1650974722921561,-0.2048788281470962,-0.44117469170827855,-0.13738810084612432,-0.18203431806986467,-0.3741439448684588,-0.10850880413896274,5,Victory
0.0,0.0,0.0,0.06222724137617704,-0.18062627908846693,0.0002507336269724665,0.04787813399712349,-0.3844770415139161,-0.019900838127821133,-0.022047683372231397,-0.508530856795754,-0.043847938942065894,-0.09790413366417688,-0.5573443958930642,-0.07103659732238522,0.07841612737145166,-0.43888518090984946,-0.07367018872077298,0.06250772575005996,-0.6906411656765992,-0.1253207014619814,0.06415051381274102,-0.8467082604191115,-0.15461579202534523,0.06906121914350427,-0.9729464592019533,-0.16883661552129492,0.0010742757253975686,-0.41241266794987697,-0.09797626099316104,-0.06590251247821145,-0.6883021385904837,-0.142995192402559,-0.11190966482974547,-0.8647542409974546,-0.1618802044388704,-0.14778543356866475,-1.0,-0.1733938758233094,-0.08654451652191833,-0.3640133404951715,-0.11737684094089423,-0.17465535654004352,-0.5664925411901418,-0.1602553216859677,-0.17012028767821516,-0.5243855960644408,-0.14803364585012513,-0.15140807098929204,-0.45489953567492064,-0.1266361898914009,-0.17484720373709425,-0.30840902782504426,-0.13585384550836624,-0.2255773289075322,-0.48131272859005,-0.1605837571437873,-0.21691488790826036,-0.45094360875378703,-0.13856130836433153,-0.20218997261505559,-0.39131050494559444,-0.11347439421192324,5,Victory
0.0,0.0,0.0,0.06367258694765537,-0.17646719542027559,0.006305718247137276,0.05520318436529628,-0.37149433738670024,-0.015854102800470574,-0.022750747629945042,-0.49060954881711616,-0.042690259995389376,-0.10436183218414058,-0.5356581787797865,-0.07341480799440424,0.08485319616615125,-0.4347753310614762,-0.07998652677053149,0.07358462051650948,-0.6940143564802953,-0.131864259729592,0.07010238418346555,-0.8463860716023507,-0.1548416432498478,0.07142024615950203,-0.966674864795063,-0.16286990437204665,0.01042754009766213,-0.40130197917196164,-0.10729161070550304,-0.06547668864757752,-0.6801340180054176,-0.15734298164993257,-0.10900361590519062,-0.8582449467267133,-0.17581662535174183,-0.13999425275257724,-1.0,-0.18563134893361538,-0.07559581481266592,-0.3512037128792939,-0.1279718281595751,-0.1653389635135364,-0.559887841388294,-0.17779294765080508,-0.1680614609749406,-0.5094092777825415,-0.1650555549260536,-0.1545001477888073,-0.43808795684669516,-0.14023434130182533,-0.16400963442679936,-0.2986708249490783,-0.14582875096555314,-0.2297569126567293,-0.47445820897080626,-0.16973345148826513,-0.2237584157039856,-0.44671362020621286,-0.14385066367277197,-0.2088183108192874,-0.3933835113559482,-0.11497945267571012,5,Victory
0.0,0.0,0.0,0.05706580113498262,-0.17146577927722167,0.016251509771822055,0.0425862042602748,-0.3599232939645759,-0.0017705853311726165,-0.039354330431024855,-0.47224645059958026,-0.028322477318145443,-0.12251976869876721,-0.5113842087202273,-0.058645637441534844,0.0886627988344867,-0.4377421033198647,-0.05626336291591134,0.06637623807379651,-0.6848952260427534,-0.10270939208516018,0.06383669378304618,-0.8322716806053062,-0.12470278228487879,0.06283254022358585,-0.9476647831615697,-0.1326869644850245,0.01897664737206797,-0.41908312875800374,-0.0902995668377919,-0.05202932516084797,-0.6985872416683788,-0.1338659968429497,-0.09935873039162073,-0.8703088636980608,-0.15098181013923626,-0.13528216105075672,-1.0,-0.1585148313588943,-0.06535537368791813,-0.37621935767092524,-0.11802435272823956,-0.17970154296909108,-0.5607678758425703,-0.1604345397649998,-0.18630282072901147,-0.49725670895814766,-0.14629820415345163,-0.16710107852509243,-0.4248557166358533,-0.12161566598947515,-0.15673585422277153,-0.3229586117113315,-0.14322813290099443,-0.23463454132833858,-0.4638541064641738,-0.16316071265404014,-0.22993629248090516,-0.41801647670773995,-0.1361957575965545,-0.20849379556259046,-0.36261975291539167,-0.1068673068046326,5,Victory
0.0,0.0,0.0,0.04470249479091733,-0.19203473734285587,0.017318309856885546,0.00386629147444761,-0.3907291311303991,0.0006530769926021947,-0.1114148438483669,-0.49410927421666156,-0.024293697046016565,-0.21035744783282728,-0.5199183008110312,-0.051358852447254334,0.06443552389433455,-0.4650672604071013,-0.04374952540080217,0.04671525265459491,-0.706632988423662,-0.08497907386205082,0.047286990202727586,-0.8541182495653178,-0.10254251431601795,0.048536614800931306,-0.966554659889647,-0.10897867502571065,-0.005885091694389378,-0.4448356552584259,-0.07655136477570244,-0.07373079081868865,-0.7178735674512312,-0.11587916835960359,-0.11627273497784496,-0.8794466638762957,-0.12975212234836708,-0.14517675443488537,-1.0,-0.13649235034769883,-0.086700463579371,-0.4008005958743118,-0.1038642083020281,-0.1926165999204042,-0.5776492588560121,-0.14132927695054406,-0.19512630076007942,-0.511466350852846,-0.12704822916024192,-0.17520579530554645,-0.441668480734437,-0.10463653778877566,-0.1710239948499528,-0.3471534541292891,-0.12887288806514813,-0.24244023660560676,-0.4705661312213611,-0.14463907966107978,-0.2324344212459698,-0.4203108743305845,-0.12015642171347876,-0.21023235472746604,-0.36582792773799166,-0.09492291934658982,5,Victory
0.0,0.0,0.0,0.044351699592296324,-0.18999221498889488,0.023959454749378398,0.022580586053560423,-0.3830392482283465,0.010335941848045349,-0.06674272767914403,-0.4953945846094174,-0.013752687968717446,-0.1516282121278506,-0.5193880180230872,-0.04061461334376737,0.0592124604283556,-0.4646038197957217,-0.038447798258942206,0.03450441456019228,-0.7070518644542165,-0.07833115575456527,0.032787528545175845,-0.8509761424515958,-0.09494184654011845,0.03198373141857626,-0.9610742958586368,-0.10018390873945462,-0.011220891136486763,-0.4429197829277512,-0.0755211798328052,-0.08572349605860503,-0.7149529777870169,-0.11568764038828949,-0.13651368036116224,-0.8811518573356582,-0.13245478439834693,-0.17621237237876114,-1.0,-0.1399336488472124,-0.09241413016000216,-0.3959810792285818,-0.10634811004450204,-0.2075938640296975,-0.5438974253033779,-0.13792356822264729,-0.20453142454352446,-0.4804366935577371,-0.12230876111855304,-0.17860365666884873,-0.41802834094294794,-0.09969576454437953,-0.17653165350490085,-0.3409354888349709,-0.13521335751818406,-0.2649396081938985,-0.45472718489879727,-0.14184589996725028,-0.25663278567999015,-0.4058865775284787,-0.1127829969640132,-0.23199316877842457,-0.35668290746571374,-0.08520022507521643,5,Victory
0.0,0.0,0.0,-0.10151714338611902,-0.07600545472354306,-0.0636770127238726,-0.1423389428913276,-0.21836605244858087,-0.10221202683321576,-0.05233614784027452,-0.2766184155860881,-0.1420725345687956,0.037020730846335434,-0.3197204260581362,-0.17964593871869353,-0.12694221271385403,-0.47351104733531535,-0.07347116865072172,-0.1739030858711675,-0.6743712461668435,-0.13011158217773627,-0.19814588732402041,-0.8055208066382534,-0.16162881232659962,-0.21755636244111068,-0.9186826575901841,-0.18063505193030757,-0.02890332321388135,-0.48345749966406326,-0.08482408271014402,-0.004371121400583017,-0.7123380494501752,-0.1444484265579269,0.011211324072617405,-0.8627344548051431,-0.17856579633027436,0.025644772673722317,-1.0,-0.19323798588779725,0.054319357743445866,-0.42883741221008514,-0.10327921755163852,0.06044294317011564,-0.4610160648750136,-0.1780663369123649,0.03456498665789765,-0.3140166002226576,-0.18474414625775934,0.020564921549987028,-0.23035178779295512,-0.16587936219445495,0.12094109899571764,-0.3394554368618905,-0.12739541530989,0.10569136355038312,-0.35918083922949523,-0.17437857968054674,0.07037534136837612,-0.26517233017053254,-0.16158761794922702,0.04798065807462141,-0.20955153126205087,-0.13954288967508427,5,Victory
0.0,0.0,0.0,-0.1002695329449342,-0.07900813586227387,-0.06663557119191667,-0.13419391979845235,-0.2221453055454818,-0.10660597814177698,-0.0348043054022724,-0.28155826093895503,-0.14682273556711395,0.05936008903208247,-0.3246697099261225,-0.18354642119323478,-0.11772041959646294,-0.47578941518547047,-0.07636745252902237,-0.1622576928749397,-0.6806791973717866,-0.134751954135319,-0.18339226768903466,-0.8144427764387024,-0.16758847488750334,-0.20018781095502156,-0.9290201412287082,-0.1880635917171746,-0.019593897996421902,-0.4856403705205199,-0.085339228518147,0.009432441848783682,-0.7090843930948837,-0.14829224407382446,0.02981107044407031,-0.8615524043150921,-0.18457391312612725,0.048900386807919125,-1.0,-0.2010676657044311,0.05969353185055777,-0.4297338371074833,-0.10156602200233233,0.07797816804520573,-0.44717645893701563,-0.17593580260693256,0.04599929179025307,-0.3079784744136073,-0.1829366590134877,0.02409523354890744,-0.22893841923879565,-0.1651687701268946,0.12172600832609567,-0.3391794599223819,-0.1241077718218956,0.11637011867856896,-0.33746208691030316,-0.1730854721209254,0.07794852868356347,-0.2463737737248484,-0.16388517558481205,0.04841390228557953,-0.1940008792060641,-0.14431637486035767,5,Victory
0.0,0.0,0.0,-0.09965231229300142,-0.07610400903582921,-0.07260187235621277,-0.13335208665403575,-0.21699070826214062,-0.11813717665927251,-0.03372545081432872,-0.2744673063146672,-0.16351928258206,0.06359258658028727,-0.31771857865425146,-0.20499035648830727,-0.11647138772956532,-0.47563261788273675,-0.08469734072610319,-0.15690067520513346,-0.6827949504116363,-0.14774607684548385,-0.17628839449987546,-0.8172183157558991,-0.18366748849694484,-0.19068446862722555,-0.9321767897985739,-0.20622131062245874,-0.01739280152073074,-0.48709102045928326,-0.09295488810557863,0.0140567170029759,-0.7082832523621624,-0.16141559649895446,0.03509985430039225,-0.8607380496793724,-0.20023404314770654,0.05378660642019744,-1.0,-0.21799218137090168,0.062483078504044186,-0.4325509527818583,-0.10891683360473886,0.08026659005573787,-0.4566219145105341,-0.18820984922429598,0.048535486427569434,-0.30865336417170475,-0.19355572246192843,0.026087704487987272,-0.22399966677669503,-0.17382652416924138,0.12582246672545624,-0.34290632345427036,-0.13189909588286222,0.12079244952508547,-0.34228081652262654,-0.18453157247378238,0.08177422580500673,-0.24977326265271427,-0.17544232197801288,0.051063903842253,-0.1970428143446927,-0.15523908999724853,5,Victory
0.0,0.0,0.0,-0.10053039908884047,-0.07878416405181858,-0.0705502048904115,-0.1367504935140283,-0.21744675415011872,-0.11469566034328249,-0.03959540002248691,-0.2743654429730592,-0.15910401844270441,0.055151920653237756,-0.31733884248540795,-0.19953250474021988,-0.11906324564996609,-0.4793177816333524,-0.08134363104110416,-0.1560536515642796,-0.6852763600577401,-0.1430440855007795,-0.17248880652194226,-0.819571866744194,-0.17846908285296667,-0.18415633877882448,-0.933688700297505,-0.2007548053216328,-0.018803086520314573,-0.48730999373173733,-0.09090243914110031,0.015821798156271574,-0.7081028460124222,-0.1566691294714864,0.037877263702732644,-0.8607124268271432,-0.19469218238620017,0.05812966442180346,-1.0,-0.21259715702745519,0.06120722399900978,-0.4275865373995231,-0.10832067879290194,0.0770800643301544,-0.4541203866558174,-0.18540528906675596,0.04567253807639907,-0.31293319387476887,-0.19207042234141916,0.02547160488365858,-0.23378237686677894,-0.17395511140454145,0.12354559930673384,-0.3324727055514462,-0.13255438687504753,0.11636396530209665,-0.3362279917839113,-0.18353982163598795,0.0775169002767762,-0.2501792501932868,-0.1751729103496982,0.048645744762753844,-0.20240845337814836,-0.15614784353761804,5,Victory
0.0,0.0,0.0,-0.09890362163574899,-0.08141006164433306,-0.06651148284729462,-0.13264888887178347,-0.2218459032080412,-0.10917910998271795,-0.033885531595865596,-0.2750624008910778,-0.1529020963534838,0.06380317831341943,-0.31674885459681873,-0.19296567431056907,-0.11417618671809122,-0.4753818586723964,-0.0789864403492605,-0.14910970975041854,-0.6850680962797944,-0.14094091586924537,-0.16332544560126905,-0.820270680280007,-0.1751455969926916,-0.17247954816630365,-0.9353121156405524,-0.19577896184986962,-0.015553521437247843,-0.48660186709823616,-0.089564559365708,0.020106126238351483,-0.7101625876322614,-0.15490323329305092,0.045681992329791726,-0.8628258037101492,-0.19210292020703473,0.06861521516217817,-1.0,-0.20898784833829936,0.0636623437732638,-0.4309431445402134,-0.10752084741767194,0.08254486303520243,-0.451238143011061,-0.18267848089563865,0.05172519104426317,-0.3111171835315672,-0.18931192315479572,0.029680451702554886,-0.2314387595327914,-0.17135469965073685,0.12505893348197936,-0.33960766889685573,-0.13205288260720593,0.11870484394556517,-0.3334547104699148,-0.18015969149395095,0.07910068878495927,-0.2465245905588544,-0.17115109182047897,0.04717230115299727,-0.1980197779874616,-0.15197888531741557,5,Victory
0.0,0.0,0.0,-0.10103031157350599,-0.07955849124426867,-0.06770101822008767,-0.1391742313640771,-0.21819495432817948,-0.11175058565370721,-0.04239831825192384,-0.2770545691561029,-0.1567713972718966,0.05684693900385018,-0.32109526850857173,-0.19834105992884246,-0.1187582783604353,-0.47814512845079266,-0.08014126133895556,-0.15500853545016108,-0.6853461208064443,-0.1422088054197773,-0.17045487100759077,-0.8195206607494577,-0.17732346708114635,-0.18067118555457193,-0.9329889126804278,-0.19859032828319598,-0.018892870087697706,-0.4896365225192071,-0.0899685740098053,0.01818221208480633,-0.71081022566456,-0.15438603933529624,0.04123284482840944,-0.8639654345981554,-0.1910212896255956,0.06073175539510718,-1.0,-0.20789122167979204,0.06096579078234096,-0.43378715579017374,-0.1073932354958616,0.07911579093199818,-0.4614609138811063,-0.1838361039230768,0.04800134206894409,-0.3190557969154364,-0.19239362852422964,0.026706544852340346,-0.23058585955909844,-0.17510503039477385,0.12304203814320713,-0.34280326218534035,-0.13126039090975433,0.11521339765648195,-0.3451133995521401,-0.1832102160459816,0.07550705648049261,-0.25697897943182424,-0.17673037907828204,0.04354141435765767,-0.19970815416632162,-0.15823271095157854,5,Victory
0.0,0.0,0.0,-0.1000155637095006,-0.0719198874663228,-0.07014421708538081,-0.14136682730318517,-0.21081984560969808,-0.11253676758862863,-0.04472113889600007,-0.2701710127960268,-0.1547880422649183,0.052823880299948445,-0.31178350922492587,-0.1936239856412877,-0.12786555669098856,-0.4724456609551198,-0.07953523623835596,-0.1642977833800221,-0.6749056317586751,-0.14071243578560894,-0.17933026290512116,-0.808104480128988,-0.17645920016673802,-0.1914839509317658,-0.9205640848107667,-0.1982959610265955,-0.029419934468442776,-0.48924598563021504,-0.08705078687207883,0.0050380618219944195,-0.7115501808062001,-0.14928105478133546,0.029256946665952327,-0.8621271618678091,-0.18532477184186105,0.04679488656515434,-1.0,-0.20175616521511344,0.05068948929404795,-0.43732539419229083,-0.10248254587234869,0.06865744558108686,-0.4615168552429416,-0.1786439682568645,0.04372130131836352,-0.31489328257010135,-0.18852801932788377,0.02377968007176552,-0.22431532047176275,-0.17157470805326966,0.11377015101039008,-0.34894430411347005,-0.12446044561689747,0.10783572695457785,-0.35023576687457386,-0.17831474137741934,0.07326125022246492,-0.2577176420796339,-0.17319062680194178,0.04153291088440461,-0.19647621219174208,-0.15494587043619376,5,Victory
0.0,0.0,0.0,-0.09920455571362323,-0.07216544994429003,-0.07372997327164033,-0.13711958383776984,-0.21445860386925006,-0.1154398581619839,-0.03994464329071861,-0.28331776332427355,-0.1562174262602129,0.05583768798262589,-0.3335236126757444,-0.19302368703001435,-0.1257168419087074,-0.4762781192401013,-0.0772259181067057,-0.1615377692345219,-0.680367713894635,-0.1380564586981679,-0.17676885489779587,-0.8154545984704008,-0.17300368456834544,-0.19018018407003026,-0.928876834125572,-0.19382754949505893,-0.030175070079059386,-0.493905967612512,-0.0825853662751175,0.004111099210864091,-0.7158613065461888,-0.1455422504807919,0.029429980659917917,-0.8659699087612422,-0.18044318863458508,0.04710955772389271,-1.0,-0.19511952263202698,0.04726151951699701,-0.44474688828789527,-0.09687758144348388,0.075206087667936,-0.4662972854913497,-0.17640207736210414,0.05293120841027217,-0.3167209000175513,-0.1864055161285108,0.03138179250990976,-0.22590298108664458,-0.1680945756644498,0.10896473645283045,-0.3594469768294714,-0.11798772402401943,0.11263214647995366,-0.36405531633566846,-0.17503987096097995,0.07904059959301155,-0.26668705907949286,-0.17063245326287027,0.04377102441874614,-0.20313829139991577,-0.15212393793519635,5,Victory
0.0,0.0,0.0,-0.0979124376124536,-0.07196849599555116,-0.06789056261100308,-0.13966075996765906,-0.21322763646413828,-0.10834829788665058,-0.04649665752643026,-0.27342949434117025,-0.1490160696099427,0.04776321456969658,-0.31639798532175734,-0.1866312257229889,-0.12765967227766853,-0.4724618570189159,-0.07802658863643787,-0.16191118052812029,-0.6739082283859227,-0.13944425316487244,-0.17857033403561404,-0.8080765578846658,-0.17523313522629014,-0.19187085464460898,-0.9222991910862913,-0.1973765002337652,-0.031308838762774925,-0.48722925462588645,-0.08716322634818775,0.00258507468674584,-0.7107693289253656,-0.15011977962465883,0.02573818878442285,-0.860632615431936,-0.1856681958989974,0.04359243609682001,-1.0,-0.20165769498209482,0.048156889251204565,-0.4350790609089678,-0.1041077713627841,0.06916039471110742,-0.4634679368270545,-0.18238492676649148,0.045657347563201084,-0.3108845895168305,-0.18997840082157474,0.028226864716885774,-0.22045628929433325,-0.17121205691428248,0.11024743832847904,-0.3464645060343948,-0.1273777881044059,0.10604322676163151,-0.34856689042693506,-0.18246224079629933,0.07170883229904343,-0.2527795438500102,-0.17582296813883083,0.043059038943425075,-0.19504128708496296,-0.15671471860647623,5,Victory
0.0,0.0,0.0,-0.09954274406240667,-0.09026443914460688,-0.051640047949806145,-0.1433895325470853,-0.22927302716749304,-0.0887169715509982,-0.06231053717686647,-0.2949771137748502,-0.12939375534931288,0.02732914809769191,-0.33482874325008466,-0.16859091964829254,-0.1258492836664419,-0.4895058743547553,-0.06699342755231644,-0.1542548542843242,-0.693115716414847,-0.1217233485841372,-0.1719948824138672,-0.8249140768193098,-0.15453947741463275,-0.18348822378002075,-0.9336278527202387,-0.17554771372948796,-0.02734079123799736,-0.4891764586778206,-0.08528450811880064,-0.0013031797771147972,-0.7151943761928451,-0.14097173134129956,0.011557378637833519,-0.8689333115710736,-0.17868085438778117,0.0278917105597674,-1.0,-0.19967153724873077,0.056306226517152655,-0.42548805523846533,-0.10906829337044902,0.06298598130409845,-0.4858882654681426,-0.1768977677955459,0.023804542344006946,-0.37511230483274804,-0.19103917813623056,0.0024858104552134184,-0.2963559739639504,-0.18234485834872072,0.11983616965674106,-0.3300266578216664,-0.13747949032289963,0.08675956993363482,-0.35741870727491093,-0.18382870203615437,0.03977992476969478,-0.2917211521852861,-0.179326374224533,0.011556952669285758,-0.2418530142989832,-0.16537597528013986,5,Victory
0.0,0.0,0.0,-0.09476927066414197,-0.08479897133464918,-0.05836371460749242,-0.1537058982989885,-0.21244757072327525,-0.10477768415349378,-0.08754875925657392,-0.2820260100795428,-0.15371922423887982,0.00982926458484319,-0.31493479246893163,-0.19946548972065722,-0.1231195919311607,-0.480310575650063,-0.08278871166796992,-0.1516179607201873,-0.6978654742036153,-0.14637292113744785,-0.1665877469481367,-0.8329223715935142,-0.182967151787851,-0.1740800424382118,-0.9466254398472399,-0.20573689963253233,-0.01891018790581092,-0.489599544699326,-0.09876938001214487,0.0009146220070148033,-0.7122172009870562,-0.1639217341586482,0.01224212751457742,-0.8663105162752147,-0.20117234128984798,0.02669203318103399,-1.0,-0.218968685871858,0.07249684561378437,-0.43647463942052017,-0.12023434218950939,0.060114150873047924,-0.4552020275965256,-0.19332038772097934,0.016949415356439602,-0.32737390110752795,-0.19970141123895158,-0.004114941914333938,-0.2406292736547019,-0.18325771452972853,0.14623744625193152,-0.3481510461856062,-0.14760907898633918,0.10056774666295042,-0.33129357613230836,-0.1958920900578783,0.04804017417557205,-0.24738585088014642,-0.18778391687625057,0.020912413761344433,-0.19157738946557729,-0.16940381701897617,5,Victory
0.0,0.0,0.0,-0.09374699536062374,-0.08627205303614136,-0.05732736796121227,-0.1471606027152604,-0.22048616101357366,-0.09924572381789698,-0.07853461999238714,-0.28421670731734716,-0.14378064844827357,0.0156384966657558,-0.3105114904382642,-0.18619037058387264,-0.11397086709408441,-0.48882001047018764,-0.0749205120724135,-0.1421949724969693,-0.6998030467362866,-0.13299769743742473,-0.15771353538662333,-0.8320824090697826,-0.1662734611378249,-0.1665512910971717,-0.9423889429116,-0.18714292600617705,-0.01188630494960031,-0.4896954960450908,-0.09145908344885424,0.015065634688690889,-0.7164848432915686,-0.15163937110862166,0.030714048359188954,-0.8699154722551261,-0.18801353055530856,0.048803284821877034,-1.0,-0.20603336735395067,0.07528742075209169,-0.42769236800486055,-0.11384119176222508,0.07022169076718336,-0.4744753730168993,-0.18751702176709914,0.030014434665261963,-0.34786869234917805,-0.19689180652742103,0.012138258851333485,-0.2585440612908082,-0.182181925014709,0.14312422683195938,-0.3328678280977101,-0.14140094500855271,0.10391037568945458,-0.3440906234487732,-0.1914247864951489,0.05690594255590498,-0.2600810420726602,-0.18378880905850406,0.035873215123153314,-0.19916212156651797,-0.16582671169567578,5,Victory
0.0,0.0,0.0,-0.09809744775045366,-0.09401659262040339,-0.04335777768018465,-0.15676297895417474,-0.24940456636005257,-0.07622106736305023,-0.08643125039108941,-0.328571004891225,-0.11455349813533451,0.008579198214546441,-0.3494471951066892,-0.1518511358411779,-0.11915272432889056,-0.4981177192186555,-0.06135822832926272,-0.15007209081617753,-0.7119984930021067,-0.11077388370387424,-0.16316462387626973,-0.843283462914294,-0.13833511608529592,-0.1706671855119621,-0.9513582535510919,-0.15595461101286617,-0.020417474918131947,-0.4955203966168158,-0.08163297597881532,0.006861174989049496,-0.7267945463884196,-0.13490889779287055,0.02365781370585904,-0.8758706628183468,-0.16712805607392825,0.041076936414075046,-1.0,-0.1828771556720187,0.06506163569238471,-0.4359643222159648,-0.10631183860604974,0.05005406811213316,-0.48483290052771,-0.1713829154414324,0.012181946530254678,-0.3642135908787518,-0.17886596334467164,-0.003993185918695117,-0.27494449789333164,-0.16458809325349566,0.13251478318002627,-0.34658947213357527,-0.13534533932565426,0.09558160211083995,-0.37222831669899675,-0.1767875675152492,0.05315557015622718,-0.2926165250922971,-0.16635694791880135,0.03480011419811026,-0.2277305537304716,-0.148008101779245,5,Victory
0.0,0.0,0.0,-0.10001195233577924,-0.08614632200476584,-0.04496382618001567,-0.16467979802946683,-0.22801262859120267,-0.07872686981101372,-0.10266375022307037,-0.30442820228214107,-0.11715047550842883,-0.00983756425761722,-0.34474532776932765,-0.15462091005226306,-0.1386378867681013,-0.4951909804617064,-0.06066440881955182,-0.18034564534417846,-0.7084847403295198,-0.10980533698748711,-0.197960699467633,-0.8415228933271527,-0.1377290620240946,-0.2068903282030372,-0.9536311988008621,-0.15563842399957076,-0.03759865971773703,-0.5032800782187373,-0.07828395773029623,-0.01904454611603416,-0.7336829898003665,-0.12855437817626753,-0.00890937053916821,-0.8798781045915939,-0.16009491639234183,0.005962171317672274,-1.0,-0.17622413541493542,0.05067072125256059,-0.45320697375513846,-0.10050003381529299,0.028622068800149395,-0.49333459302480837,-0.16283365186836615,-0.010605349894961253,-0.3708938708090626,-0.17289250238884527,-0.025489967496644967,-0.28015059574750995,-0.16206268937752147,0.12247350366056398,-0.373299255363956,-0.12710949686075182,0.07099448037818737,-0.3719344054339112,-0.17010790972315945,0.025611885004901563,-0.282066100284333,-0.16424485393263952,0.007978782670254946,-0.21286649609265437,-0.1492714685983581,5,Victory
0.0,0.0,0.0,-0.10003678971349397,-0.08559334068865708,-0.04928216991895522,-0.16542014422431944,-0.22833526841071777,-0.08911330491304392,-0.10018744486699036,-0.3068128538898395,-0.13326085061881224,-0.007264642571139383,-0.34531261140771824,-0.17613736623028065,-0.14009102556875266,-0.49344885787876364,-0.07566513499995839,-0.17539540103046553,-0.7126721411907886,-0.13221336026457228,-0.1933363281037466,-0.8464279898811592,-0.16576364422105552,-0.20522178226028692,-0.9613904429634713,-0.18792996220713987,-0.03824715969858755,-0.49399805189333457,-0.09386033561192866,-0.019986851556747003,-0.7210632600400267,-0.15358743740354647,-0.010318797697234997,-0.868729863131659,-0.1895713201502315,0.0030502266996680675,-1.0,-0.2086694879910721,0.051673342700011414,-0.4405824520727065,-0.116097641491192,0.029259116453683755,-0.4913151330646421,-0.18152249000615842,-0.010416222672638137,-0.36848620248249053,-0.1861231806824508,-0.025712336653573874,-0.28420338485006275,-0.17172192541271225,0.12627278560985972,-0.3561283550480378,-0.14356826815573995,0.07988376571886177,-0.3771915954459324,-0.18427453686364317,0.03556620508310881,-0.2951134107246434,-0.17175192876955264,0.019116508681724195,-0.2344608637391902,-0.152714295524694,5,Victory
0.0,0.0,0.0,-0.10582902755468888,-0.08059381077302376,-0.04651244155628527,-0.173993204961002,-0.22587896797359078,-0.07837061149036342,-0.10931603004847062,-0.30990856133613903,-0.11367530969175524,-0.02325869533793597,-0.3564854723750609,-0.1478029876525795,-0.15442841623602133,-0.48763454335127177,-0.06435436313982655,-0.1923102930142934,-0.7004623557997735,-0.11206022514652117,-0.2106202953100788,-0.8308643854846436,-0.14080592864684488,-0.22425896135751777,-0.9405482675727799,-0.1601552344248145,-0.05634128733232567,-0.4945546965817901,-0.07997052492265173,-0.04129397269270527,-0.7222994457318028,-0.12870077236135283,-0.034070549040932596,-0.8725523262946793,-0.16098290151406225,-0.024735164751960022,-1.0,-0.17913987675399612,0.03037724977862069,-0.4462593881225698,-0.0999192478262089,0.018643842699422573,-0.49414574714858994,-0.1570666539530812,-0.018006326974102163,-0.3825837344209499,-0.16755223382920598,-0.03453739923546701,-0.3003312490408921,-0.15954712459314377,0.09995108802818754,-0.3657878572790772,-0.1248023657255207,0.06398479517909353,-0.3655285185543597,-0.16465098307153606,0.022794679446403936,-0.2887314591032346,-0.15996575367722254,0.004375556485026985,-0.2332153588450296,-0.14740779218082392,5,Victory
0.0,0.0,0.0,-0.10092519384683672,-0.08522661595775491,-0.046003673861623344,-0.16253795076981795,-0.22162766191312652,-0.0830433697205917,-0.10335135298723996,-0.3062294536224044,-0.12474448394846824,-0.01868588090551388,-0.3496117598943116,-0.16467966972912446,-0.1443402860530737,-0.4807714698480792,-0.06851758515948818,-0.18387150603870675,-0.6920597931375677,-0.12267676334011261,-0.20513885894019887,-0.8209591651187923,-0.15472011464686328,-0.2212733216228701,-0.9296834181774467,-0.17540475536136127,-0.046565694395580795,-0.48290003358456607,-0.08806093777977789,-0.03309719053966068,-0.7166082614669856,-0.14405173449479539,-0.025949856855770052,-0.8703642054938298,-0.17829980853131977,-0.016432268252833355,-1.0,-0.19631448412500788,0.04142313652945753,-0.4278524498448763,-0.11196569316938616,0.02876398288574228,-0.48912347645234333,-0.17574196710259282,-0.005904620673044792,-0.3787796823042963,-0.18200912454947646,-0.021761243578895778,-0.2974291624160543,-0.16886191234167583,0.11322916653531276,-0.3406609896560377,-0.14069951719886997,0.08289713329037535,-0.3659036370950149,-0.18127609095524275,0.040527618156514164,-0.29639283265848954,-0.17090618627824514,0.018411824121116284,-0.24314532281325174,-0.15346131078283076,5,Victory
0.0,0.0,0.0,-0.09529102406953052,-0.07769420960579827,-0.053078027509833,-0.14367537070218073,-0.21123257992571287,-0.09190012743790169,-0.07840028798998387,-0.29676710508524223,-0.1337046247888394,-0.0025523377017843425,-0.3614219152525063,-0.17297928365548323,-0.14504539658289825,-0.4763483593548548,-0.06842890790752211,-0.19489219235242775,-0.6740242784203168,-0.1249475488400838,-0.2240101502352161,-0.8017463804383862,-0.15778796916958263,-0.2454571984371426,-0.9108799377786346,-0.17765178658975617,-0.050558609248369524,-0.48098783034972387,-0.08487490531878862,-0.03480673061885421,-0.7136317244260549,-0.14216085642137158,-0.021235511441403544,-0.8664305278206132,-0.1754655436921746,-0.0051776875701308326,-1.0,-0.19133107645710123,0.03301958689230882,-0.4250671281800273,-0.10705060005381732,0.036727546166960515,-0.4850482773650593,-0.1777182089119798,0.010616321947038165,-0.3605492985427786,-0.18272445023902778,-0.00016764122836021952,-0.2789479454133691,-0.16555592051215726,0.10030327621693745,-0.3356693550290494,-0.13407378014836255,0.07997390973093363,-0.3741864713087552,-0.17991237892356693,0.04329709709360843,-0.292957017009629,-0.1670695305535139,0.023033904776694165,-0.23705241722107753,-0.1459210795033188,5,Victory
0.0,0.0,0.0,-0.09562579384981794,-0.08764696964221337,-0.0531710787626435,-0.1401422032378936,-0.2300209871635421,-0.08771729773473964,-0.07333343323023385,-0.3201014012303185,-0.12508930666728543,0.005787997034824941,-0.37777841927258016,-0.15983504169398877,-0.13747319310746645,-0.4849575100286205,-0.06022424984284337,-0.18083799690260846,-0.6845081061927558,-0.1115030573360805,-0.20639169750983472,-0.8113147342933426,-0.14101848722035581,-0.22640332374616903,-0.920934761741485,-0.15870344761711105,-0.04545624824262254,-0.4922787775792572,-0.07422127238266918,-0.027505877022802057,-0.7199910445366826,-0.12723347243855268,-0.009462293180361797,-0.8716574570538818,-0.1580843026038321,0.009950833096078195,-1.0,-0.1716310660323995,0.03495451312160479,-0.43962951177740384,-0.09461022518843523,0.04550296473433742,-0.4871007392664453,-0.16331239036560974,0.01825226552948736,-0.36705191612538707,-0.17108183048608538,0.002378133861259071,-0.28685776943736596,-0.15509355191828963,0.09896844697634118,-0.3542460883752621,-0.11995854952076401,0.09199556986627624,-0.3851241468731242,-0.1648600807419243,0.05497495379033815,-0.30476781462896085,-0.15492751004797284,0.028242763571361205,-0.24744954398533983,-0.13561957851319506,5,Victory
0.0,0.0,0.0,-0.0977018644265154,-0.08528630066450993,-0.05539559329097207,-0.14211675345127658,-0.22663002837526902,-0.09170412337101522,-0.0718079371945364,-0.3251859401405348,-0.13007204233790573,0.01016378316849349,-0.38310642120516747,-0.16550925126338664,-0.13513937707230447,-0.48561136108758435,-0.06280813562254345,-0.17605439869798734,-0.6846035055344836,-0.11597201519788401,-0.19967263732386104,-0.8125645018256424,-0.14826801842015283,-0.21961037023328464,-0.9221417860259438,-0.16851389904744593,-0.04063299562527643,-0.49236648149763335,-0.07624686685752069,-0.024606436479731097,-0.7210388739857357,-0.12847785661160907,-0.011047051411524636,-0.8715121419498401,-0.16025725029555488,0.0028423970527618847,-1.0,-0.1755448609199215,0.041502538898115116,-0.4363247717559594,-0.09603577653924748,0.04778060590873249,-0.49267352236306794,-0.16203013734746227,0.015752502482670013,-0.38239493646002914,-0.16981525312644066,-0.0022336282135800166,-0.3038152760689206,-0.15534452727032352,0.10560036340179142,-0.3452376788507507,-0.12112845329361967,0.09157720716337187,-0.37621626479806364,-0.1648513796830626,0.052822540120080204,-0.3043401454935389,-0.15560095730817344,0.028144379602569138,-0.2493530447518149,-0.13724097336638857,5,Victory
0.0,0.0,0.0,-0.09458475422330843,-0.08702242888989876,-0.05248211396768923,-0.13966886256042882,-0.2331913039744365,-0.08756027698730556,-0.06617448409617084,-0.3328917093977335,-0.12577259127266202,0.017179051817606036,-0.38924013547507524,-0.16130959654799562,-0.13247666937425973,-0.4854152278851074,-0.061646365084124084,-0.17217585816983408,-0.6886215786818196,-0.11437496026377349,-0.19493596602030336,-0.8159908717137633,-0.14558682183613958,-0.21351659981178053,-0.924964485205449,-0.16517264116781732,-0.03809073537989201,-0.49084711283506466,-0.07677130229584593,-0.02212495661290842,-0.7238062735050687,-0.13003377955116957,-0.007948112616787316,-0.8737748737748737,-0.1616330009094271,0.008230352356858381,-1.0,-0.17646151790285372,0.04514069047201577,-0.4342381405634418,-0.09777553986164224,0.05058532317568462,-0.49678980251269406,-0.16454473043071985,0.018632519385531433,-0.3772190037250278,-0.1693650726475229,0.0029324306432740167,-0.2924408504227781,-0.15233401777761263,0.11135677250135081,-0.34311205320241467,-0.12400562960359192,0.09716069505226131,-0.37673839104561996,-0.1683929166490115,0.05808234422692254,-0.3009176593513943,-0.15750506299948616,0.03589141239743649,-0.24375136423329194,-0.137561467895876,5,Victory
0.0,0.0,0.0,-0.09214420088843402,-0.08316179711196951,-0.059727007463709465,-0.1361686874914758,-0.22195723749096857,-0.10001608666869516,-0.0659111633616215,-0.32333542610904903,-0.14199584075439828,0.01749680729593464,-0.39032190798023847,-0.18031648968770259,-0.1328701423275348,-0.4828930802014024,-0.06902789262893542,-0.1721228748651625,-0.6905668416407512,-0.12584854973420956,-0.1959034197157507,-0.821329179342613,-0.15872487739751087,-0.21500937240399062,-0.932704899462228,-0.1786688514996932,-0.037331812407642655,-0.4878318806013217,-0.08145390107818862,-0.01919567528086215,-0.7202345862559867,-0.1395836866118859,-0.004907014255296846,-0.8712494321889945,-0.17202988687136,0.010211017167899602,-1.0,-0.18646195187740727,0.04662306028433946,-0.4331378447866778,-0.10044372725757293,0.0563658517615949,-0.4947923699726887,-0.17290317456189372,0.02257176962033592,-0.3714472502166981,-0.17648307501039395,0.004353349211376735,-0.2854607694726769,-0.15710485483160253,0.11418620143172911,-0.34490852466075056,-0.12510257569740302,0.10247965743102576,-0.37654926457907595,-0.1732205851408186,0.06445012787723785,-0.2935297161001331,-0.16128502873112,0.042646861569085835,-0.2326297173400182,-0.13951643693622853,5,Victory
0.0,0.0,0.0,-0.09552553381146224,-0.09030332660487495,-0.05250920021072856,-0.14529747539547835,-0.23632456061782994,-0.09029777442430098,-0.07147364519177686,-0.32984080694573636,-0.13086238059741148,0.016511307487540094,-0.381722207093782,-0.16861170562707364,-0.13004778205660703,-0.48227253888792504,-0.06883270102303932,-0.1704194348140078,-0.6903021534300586,-0.1249055008633973,-0.19490584933682908,-0.819157809384812,-0.1577102324579201,-0.21490532140816174,-0.9288570998622196,-0.1785933223161171,-0.03312210922392907,-0.48555336738398036,-0.08563383345259186,-0.01526029703432687,-0.7198113354406862,-0.14350507362471465,-0.0036729396173690336,-0.8702055785816181,-0.17746184314797928,0.010192858659282282,-1.0,-0.19361517720928262,0.05204293729583656,-0.4278760324220397,-0.10766260184238913,0.05532714995001598,-0.48416653938471943,-0.17673657576000562,0.016032787528790726,-0.3638881450007975,-0.1798205167565319,-0.004547857297722665,-0.28074231282841844,-0.16177036206666404,0.12062786511287182,-0.3362749939818388,-0.13498843078628137,0.10731142850503461,-0.3636140281927445,-0.1804284102602343,0.06983142605941633,-0.2866745164094443,-0.1674390102331159,0.05119486726993421,-0.23145159852965097,-0.14600610748502157,5,Victory
0.0,0.0,0.0,0.09231861846818631,-0.1844328005255443,-0.0007041050273677396,0.08805882300912707,-0.38790612891112786,-0.023936782381136657,0.010033264638410888,-0.4998496377234026,-0.04911036487494728,-0.07275785321264683,-0.5420493735039155,-0.07797639472487447,0.09642704655521632,-0.40718808069388573,-0.0842444964936012,0.13871764296276404,-0.6579808999704904,-0.13563622575426104,0.16836494291459986,-0.8028215843037865,-0.16128641193813884,0.19165642139389852,-0.9192413861311304,-0.17084264572092403,-0.0008048804217862878,-0.39250765681699945,-0.10342260307271468,-0.02339319413699692,-0.6878541453753951,-0.14357562533437238,-0.03457005635771105,-0.8649790980354003,-0.15567159707269698,-0.052991445431760854,-1.0,-0.16256000605085266,-0.09773045431117594,-0.35809399330847663,-0.11601255408838372,-0.11038782210293303,-0.5852230467578435,-0.15040313809305378,-0.07809390486007865,-0.5260876539705692,-0.12676639676923857,-0.06690980595225555,-0.4494336488260887,-0.09935383228231567,-0.1797221192557791,-0.31493499444785283,-0.127367519219613,-0.16467342841268093,-0.4926545615653115,-0.13727358903112946,-0.13439553158693313,-0.4427071481583033,-0.09898387549940905,-0.12729734662846767,-0.37607334141162035,-0.06439733557661646,5,Victory
0.0,0.0,0.0,0.09443984727979986,-0.18361934933999513,-0.004419536831086549,0.0897695415195687,-0.3820546205187579,-0.024690873449761144,0.016071209466527958,-0.49836760272433855,-0.045416557655176285,-0.06415186576718601,-0.5429591952047857,-0.06809062656457442,0.08216028100144661,-0.4179396419096267,-0.0778128483829698,0.12085070354064381,-0.6691530123123247,-0.1237159896452782,0.1477511917575907,-0.8139807562623365,-0.14441344332650222,0.1683312408642256,-0.9271592022992156,-0.1495053564131471,-0.018169687517505893,-0.4107870610781944,-0.09184178643599854,-0.039645456841540486,-0.6951389781346186,-0.12788189550219517,-0.052928710478841054,-0.8698230288679325,-0.1368077445610299,-0.07231259220578033,-1.0,-0.13943527614335718,-0.11327458912881372,-0.38095614692602814,-0.10029726002116861,-0.1116312400694944,-0.5838892090428005,-0.13063611159968894,-0.07507631842514514,-0.5304078696222139,-0.1115826127180308,-0.06248506244551972,-0.4554152887287538,-0.0867487163854827,-0.18883065382923786,-0.340707469717349,-0.10791610334999137,-0.16243065243361232,-0.499096041715247,-0.11310504390933093,-0.13024365101840926,-0.45571185915347173,-0.07832062831685979,-0.12253650287644237,-0.39434097108787264,-0.045925155338399144,5,Victory
0.0,0.0,0.0,0.0949798444397895,-0.1819918748358888,-0.0074898898156332315,0.0890522707089899,-0.38688290499694644,-0.0290961085484538,0.011984961267297443,-0.5092005534788625,-0.05029688194862157,-0.0696657589534647,-0.5553611626596489,-0.07306642322892007,0.08517968885991026,-0.4157182883066281,-0.0813520045046554,0.11924125797445224,-0.6710657811791617,-0.12758607035172492,0.14492649293252338,-0.8169755153460571,-0.148787246346792,0.164294122679947,-0.9321878248418386,-0.15488990890662188,-0.0160668187061694,-0.40399413477623347,-0.09443375106090167,-0.04438412691856446,-0.6941978146042498,-0.13074466397649023,-0.06128057385569622,-0.8685206438371388,-0.1398754302418159,-0.08427944978615143,-1.0,-0.14342443642862385,-0.11195575316101535,-0.3723862432769725,-0.10208062628524844,-0.11380264957844934,-0.5871688887446513,-0.13450493721488246,-0.07603509299880709,-0.5344192454867576,-0.11528476169088217,-0.06358752253302138,-0.45895356304476315,-0.0902990031012895,-0.18983872601517837,-0.3316990561946263,-0.10908121069323357,-0.16475260143916307,-0.4971709441299082,-0.11788269735634019,-0.13076026635432678,-0.4540605660078616,-0.08447090411629578,-0.12305916067507112,-0.39124228861739446,-0.05290002061533545,5,Victory
0.0,0.0,0.0,0.08532409297936361,-0.19340668556644064,-0.0006022089547071808,0.07190777464174948,-0.3885169372960678,-0.021618366544931867,-0.009878097241610123,-0.49263277195727095,-0.04491737770158549,-0.09597637815641771,-0.5264961950945759,-0.07098312547973862,0.07630855592297858,-0.42492571636387577,-0.07433597426992056,0.1087623339052383,-0.6759995077802851,-0.12256380082007955,0.13396978335278437,-0.8226221986388714,-0.14607317062992442,0.15203867530193527,-0.9385111372548405,-0.15338473738173675,-0.022970514628252628,-0.41374750852958764,-0.09194811909577433,-0.051541987987644346,-0.7001010304478651,-0.12973167693903684,-0.07143906860743361,-0.871831629505907,-0.1412097699285897,-0.09703312215435478,-1.0,-0.1458376419287339,-0.11886753411247221,-0.3792823311149482,-0.10380358216636318,-0.13024051360148858,-0.5801024882960655,-0.13480463107246757,-0.09750594308278461,-0.5249333191206197,-0.11562247656485579,-0.08532076187460468,-0.45046784386602534,-0.09066418028189843,-0.1979557989831117,-0.3356971767123642,-0.11471953898113729,-0.18247106053753842,-0.48953366884742994,-0.11947902635938541,-0.15082595722234457,-0.44597065649412587,-0.08361632803128649,-0.14128136235130537,-0.3856984307753323,-0.05054125920968243,5,Victory
0.0,0.0,0.0,0.08462963471735437,-0.19217823375420445,-0.005384028754753412,0.07016649070407278,-0.39203556668459,-0.028040166452883042,-0.015567194816102735,-0.5036540039012674,-0.05159100472003743,-0.10485107284851387,-0.5401339932257672,-0.07706178642568406,0.07512000125594119,-0.42249449544525075,-0.0787336968103553,0.10492387818940378,-0.675779762862604,-0.12743224001669468,0.12868373438413747,-0.8229171981521965,-0.1507480645813344,0.14668706262829243,-0.9395486068864826,-0.15812882866455624,-0.024432177213301987,-0.41027477638359583,-0.09399620323724187,-0.05410084422796903,-0.6968483725749541,-0.13199496152351012,-0.07374631557877302,-0.8696631330237962,-0.14261230077284975,-0.09818889355505929,-1.0,-0.14699868764590943,-0.12068456644517621,-0.3776630859260015,-0.10398690878182974,-0.12839369046544397,-0.5838690053338252,-0.13648263318515955,-0.09489832763580845,-0.5297204745887774,-0.11724470493864969,-0.08317980760550887,-0.4542578368767882,-0.09228019386281831,-0.20140704661504225,-0.33605924902566436,-0.11345931781440179,-0.18262915588977546,-0.48900953337859954,-0.12016800618006906,-0.14996369544996055,-0.4459784370596847,-0.08615316326102625,-0.14202614712566083,-0.38530332942159984,-0.054535432511268606,5,Victory
0.0,0.0,0.0,0.08492227916688909,-0.1938894471656921,0.0005567099758481483,0.07456274847268325,-0.3878854626408913,-0.020471963489152978,-0.0032173109016458276,-0.5031006117839223,-0.0433796751870024,-0.0876942241534833,-0.542884490472949,-0.06874872275270556,0.07675938044652707,-0.4269837583661968,-0.07498993378951975,0.10447103738307197,-0.678362424988184,-0.12204877995280734,0.12707793591796226,-0.8254520191285245,-0.14582548242538695,0.14349335204675445,-0.9415547829298999,-0.15361050930514866,-0.023543998294907047,-0.414084901627904,-0.09168940828306701,-0.05573717410456319,-0.6988017202112351,-0.12582557447936546,-0.07639661958308606,-0.8712691837568856,-0.1347687280791728,-0.1019556745968815,-1.0,-0.13875231529315768,-0.12078631436910976,-0.38082935471817064,-0.10247620459615418,-0.12686791647070697,-0.587076244852283,-0.12805505852119944,-0.0933818936740506,-0.5368100968310442,-0.106324109603462,-0.08172113859374251,-0.4619169281519185,-0.08158001844606003,-0.2014376785798477,-0.33829106513369356,-0.1126905554509801,-0.178944361990922,-0.49258619661794656,-0.11416701116045033,-0.14804266940562158,-0.4506183494653466,-0.07828894259708856,-0.1408511593346241,-0.3902467202482516,-0.04607250367553647,5,Victory
0.0,0.0,0.0,0.08939410412086839,-0.18790919428923622,-0.009703756793679626,0.07626954646350526,-0.39333355245845747,-0.03013134094015842,-0.007361826212123363,-0.524307037864627,-0.04993127017992325,-0.09053459204509673,-0.5756468875123768,-0.07060468633801542,0.07349631704475151,-0.4267006038323428,-0.075433611690708,0.10100630944214697,-0.6830235143948675,-0.11901652918873733,0.12522572967207665,-0.8284462271807601,-0.1386672027359329,0.14309953266056732,-0.9419790382831689,-0.14372782616506347,-0.0280308359617003,-0.4150158538323915,-0.08654461691295241,-0.05507288600819307,-0.6984002634169244,-0.12058886945867744,-0.07512127894907072,-0.8718267780885508,-0.13009118913798717,-0.10072818909227547,-1.0,-0.133657170954362,-0.12570884222388143,-0.3819955776919473,-0.09285624099187324,-0.13246930611306584,-0.5772337294246856,-0.1227660485559299,-0.09723476411018311,-0.5303422494568387,-0.10499644345376347,-0.08395792097453371,-0.4566386063330921,-0.0812728626989915,-0.20706390680517708,-0.340598044327716,-0.098925573380505,-0.18722848014619406,-0.49111191543429855,-0.10456337554708198,-0.15398084548197383,-0.45174563307290505,-0.07221408298411738,-0.14564520906578984,-0.39067448852597964,-0.04178943064914145,5,Victory
0.0,0.0,0.0,0.07828778579392832,-0.20664666203356735,-0.007998690088281149,0.05650719569782532,-0.39809026660800906,-0.029905257062165964,-0.02925827326050596,-0.5031342974739562,-0.051935243942457535,-0.11782388851503371,-0.5255401048069661,-0.07678187516919906,0.05686926525961875,-0.42695555721713413,-0.07921299645844491,0.09099519088929424,-0.678283612526834,-0.13087908761032652,0.11586303260113749,-0.826686729261809,-0.15792094064911222,0.13234840365771405,-0.9480437907098824,-0.1672373488726896,-0.04225065840050651,-0.41239974257124645,-0.0935194113012876,-0.07756171460224225,-0.6950879680265915,-0.13284823934162376,-0.09754702702055199,-0.8705060337520705,-0.14555629650997318,-0.12340215553109557,-1.0,-0.15057483132226598,-0.13845721657382112,-0.3723868054432541,-0.10318628460263748,-0.1680391112409461,-0.5541107550309604,-0.1373877057932899,-0.136471436981445,-0.5100008674985765,-0.12341882928509339,-0.11866994113568122,-0.438193238109425,-0.10070542463526239,-0.2199093435006485,-0.3225108538755644,-0.1123218754029793,-0.22151933584772676,-0.46036313992752037,-0.11937709980206265,-0.19323675697732584,-0.4196677963468843,-0.0871911999770887,-0.17937977136292527,-0.3600155801971521,-0.05609987106973697,5,Victory
0.0,0.0,0.0,0.07127989089925296,-0.20424233297089536,-0.005317616268514411,0.0451702681044621,-0.39812196079006273,-0.02708003529232889,-0.04219067385094756,-0.49707685620630443,-0.04883361087682914,-0.132862487631828,-0.5211087593788203,-0.0728418462659175,0.049946186433498026,-0.42541504415225595,-0.08267606611580307,0.08185430907397828,-0.6810695620072603,-0.13337937768254987,0.10066573464704565,-0.8309145945476661,-0.15947324575373192,0.11411046355442177,-0.9534454105014609,-0.16919650427608543,-0.04539188137673628,-0.4074540880699521,-0.09597768763384255,-0.0925420089471599,-0.6908631932149784,-0.13598485674704486,-0.11419023671686411,-0.8667824361200694,-0.1478000189026566,-0.13835731636989082,-1.0,-0.15339700345807733,-0.13621086617090533,-0.3665771011422793,-0.1034760317219563,-0.17192925205710996,-0.5630523077766648,-0.1349993178698131,-0.1348206427051441,-0.5177036447958102,-0.11677959878177074,-0.11282838127306925,-0.4472294818761658,-0.09293182001692965,-0.21152168164111101,-0.3181559338762351,-0.11046666675250333,-0.2111587994272325,-0.4614690865668277,-0.11695683942237019,-0.17918880022877193,-0.42137136349088883,-0.08480937349588677,-0.16114692864757074,-0.36464369669215535,-0.05465185172438186,5,Victory
0.0,0.0,0.0,0.07361889692292005,-0.20390059033381544,-0.0004761341885506559,0.0511535961922048,-0.3980783086173729,-0.019483001807041714,-0.029252384376167253,-0.5048601358531162,-0.04029533262215856,-0.11413151388500127,-0.5374526621300569,-0.06312567115630377,0.054733712698761476,-0.43412502045449186,-0.07081559076481082,0.08712341214171206,-0.6852238979788454,-0.11677479080983393,0.10409232855792536,-0.8342133950035876,-0.13959954266736183,0.1144463412509475,-0.9559146960857207,-0.14795945136185354,-0.038181037065489476,-0.4191208496884138,-0.08769082514403348,-0.08392238864630362,-0.6980229770112871,-0.12520086897283203,-0.1081054023447302,-0.8686764973291681,-0.13549758122786337,-0.13503716541698466,-1.0,-0.14049032301760217,-0.1275812361403985,-0.3792746637523001,-0.09909896390507729,-0.16725394198223853,-0.5827870598708781,-0.13167426290284898,-0.13248827105540348,-0.5326360820393681,-0.11406576633446727,-0.11122544369762977,-0.4597261503411187,-0.09079669230025826,-0.20070365309330424,-0.3312182630333422,-0.10954920093572215,-0.2032479039834113,-0.47970477922800614,-0.11815325175164511,-0.17182423234593935,-0.44110007182521677,-0.08733284831941387,-0.15383932437118575,-0.3860383443015225,-0.058066556746181594,5,Victory
0.0,0.0,0.0,0.08070185966079875,-0.19995090364567705,-0.010247318461026899,0.057826231636599695,-0.39682346587530615,-0.03171167561586589,-0.03094415926129989,-0.5102302255341047,-0.05181375170975994,-0.12331404028446791,-0.5441110741373134,-0.07240589920248186,0.05522848897786845,-0.42537863290292194,-0.08027526062256664,0.08484868321759323,-0.6893957329812943,-0.12430063775530317,0.09947521452379264,-0.8380934976424658,-0.14420637957394125,0.10748355726726055,-0.9573447236875362,-0.15007857630848817,-0.045891998930790504,-0.4075939331453125,-0.09051367456484023,-0.08853272817530672,-0.6923193299620504,-0.1285905908228252,-0.115724107582841,-0.8690187457154339,-0.13896952603200297,-0.1462605852649112,-1.0,-0.14321556513815836,-0.13882376045343212,-0.36840267738785576,-0.09548433949313227,-0.15338101134853138,-0.5857766043142967,-0.12663207815141983,-0.11294925437184851,-0.5468622883628912,-0.10926661807312024,-0.09418335488117772,-0.4732726720599921,-0.0860913374965472,-0.20984127330485744,-0.3269375330718498,-0.1002119433728353,-0.19115792842478893,-0.49584663026262915,-0.10703221116617238,-0.1557885510938486,-0.4633573905469516,-0.0754246885591196,-0.14197101860388153,-0.4023935381924177,-0.04546461855590106,5,Victory
0.0,0.0,0.0,0.07386130664947627,-0.21456857378902233,-0.012464482943397253,0.04169819016552931,-0.4120355373415798,-0.03461096142105351,-0.055333381403305994,-0.521289796287348,-0.055314352806950275,-0.14959608667374802,-0.5481081775274312,-0.07666112568852632,0.039973410847957906,-0.436711038121282,-0.07721365011542641,0.07042340677635947,-0.693772750280438,-0.1226782650103738,0.0864681950765586,-0.8426242904746479,-0.144550405250573,0.09602891803459819,-0.9632302375912208,-0.15161020044020365,-0.060423058807154394,-0.42177472904140223,-0.0867474626328473,-0.10478590387512139,-0.6985772364285732,-0.12484185098369927,-0.13235977289449036,-0.8721794315761606,-0.13557897666120786,-0.16151187956104224,-1.0,-0.13996152772748235,-0.15250001524607343,-0.38113748622024013,-0.09191874576570373,-0.17531065219832237,-0.5754018775270366,-0.1233692372363328,-0.13746308208163072,-0.5366764923125711,-0.10834127235037164,-0.11663210292139878,-0.46476040526574264,-0.08653423060160037,-0.22448192945695639,-0.33540392946915326,-0.09725374482224083,-0.21272074969068408,-0.4846834359125026,-0.10349012873343622,-0.1782895555787535,-0.45182832706091935,-0.07379568784640891,-0.1627783798482065,-0.3937910096954265,-0.04536873095459182,5,Victory
0.0,0.0,0.0,0.0759652512375786,-0.21268031497152248,0.00820066593025526,0.051824266342258,-0.3993248139957573,-0.012902340156184168,-0.03511880963837395,-0.48745721044647117,-0.03794923568892429,-0.11706051455129227,-0.5151929137323102,-0.06639114919707657,0.06024962078351173,-0.42607961002520345,-0.07910730168528916,0.08978732478159615,-0.6748807562432726,-0.13123594005441663,0.103999103732171,-0.8266239598565207,-0.15776574764897594,0.11465220430647227,-0.9490578949155094,-0.16839546999433994,-0.033856499038432394,-0.40653827745295756,-0.10113582753858429,-0.08636079312422056,-0.6890098979894678,-0.14159438393397128,-0.11262868492081253,-0.8641889399566992,-0.1527294400649283,-0.14001327109817474,-1.0,-0.15908426838477105,-0.12365856746221965,-0.3654870630455432,-0.11594524730618626,-0.16835146149083524,-0.5658922947814696,-0.14684542993622815,-0.1294559131879786,-0.5166896664451176,-0.12512319869894623,-0.10531383617101424,-0.44604960034263497,-0.0999992588191506,-0.19755588636729124,-0.315335198980468,-0.1292930442738559,-0.20617454633949492,-0.45912575480394735,-0.13565207043626695,-0.1708975610830461,-0.42082814310106303,-0.10108596535978522,-0.14934454044294815,-0.36508388813871256,-0.06944018787065115,5,Victory
0.0,0.0,0.0,0.07928757412678515,-0.20642663623944907,-0.007875066023599813,0.051962502791017405,-0.40724504165868186,-0.03060135861078944,-0.036792554005088005,-0.5129343218662809,-0.05642245890017619,-0.12195752730801757,-0.5464560671883598,-0.08346124766894633,0.06415911700120783,-0.4339301568771548,-0.06297248777731693,0.09849997099100018,-0.683190603193803,-0.11008529015218704,0.11929168813039634,-0.8273542561477103,-0.13454917306834752,0.13182304861732558,-0.943219014432417,-0.14424724432148356,-0.027543254176856446,-0.4118059596792484,-0.08201293489391025,-0.06971108794298062,-0.6981246121145099,-0.12571588866938763,-0.09089539354664032,-0.8694809498777226,-0.14212035719813906,-0.11715363693742319,-1.0,-0.14984136621905894,-0.11650946132924511,-0.3686013618406826,-0.09775196004207591,-0.1482737886984453,-0.5767507810453437,-0.1409517999651405,-0.11024808848272383,-0.5258157242844007,-0.12771131227990049,-0.09163222214213003,-0.45123569548637543,-0.10418772752351455,-0.19318464316293035,-0.31989788832062505,-0.11303296714664368,-0.1916070810089506,-0.4895089391672483,-0.13056109488821394,-0.15544446183030966,-0.4493471216918752,-0.1009504769789365,-0.13887434531961765,-0.3843829609925649,-0.07092359091046471,5,Victory
0.0,0.0,0.0,0.07525969158415681,-0.2135747402141368,0.0006932383459828502,0.047716673349049936,-0.4084477780747091,-0.02218776432912298,-0.03836625071330656,-0.4921104737658318,-0.04866016250434382,-0.12489245762629061,-0.5116838285924981,-0.0792368120402253,0.05642342734438089,-0.43823806551775385,-0.07217455214105586,0.08937154799479648,-0.683696087608873,-0.11831707104871504,0.110915677351109,-0.8255426572321357,-0.14226594773123144,0.12591838487339269,-0.9406463804481066,-0.15112175901341424,-0.03775789385449866,-0.4120732352637164,-0.0930445382323279,-0.07790001863296438,-0.6974142005129808,-0.1307025927382912,-0.09994399825703788,-0.8693563502153933,-0.14458290842561877,-0.12751975702751595,-1.0,-0.15189916459853817,-0.129792053032125,-0.3618718809711837,-0.10784463155142453,-0.1638091264499472,-0.5602579268521587,-0.139845965771095,-0.1259890084366017,-0.5090681855075306,-0.12138761044646404,-0.10738244219367073,-0.4383510289356052,-0.0973761774857957,-0.20743888961931328,-0.3029867424830045,-0.12134192797171839,-0.20935669647655272,-0.46922998203384547,-0.12679392349020763,-0.17473160903275373,-0.4298892289981036,-0.0886425325402744,-0.15836288409490504,-0.3686531143705752,-0.05456886492150383,5,Victory
0.0,0.0,0.0,0.07774712996306944,-0.20956285953650627,0.004460853583194121,0.05458094705290654,-0.40018995939650603,-0.015621835801589929,-0.026349016703376995,-0.4883305633646885,-0.03977122743601752,-0.11119296823167851,-0.5150720581600202,-0.0677725334681932,0.0624530763822874,-0.42976236596259915,-0.07045809547474398,0.094228756837091,-0.6805660057390109,-0.11570464612379645,0.11143597758361377,-0.8253014599694423,-0.13845278876210942,0.12232282925682147,-0.9429448056423959,-0.14704025029721224,-0.03099857383273336,-0.4095029739209755,-0.09206958476393509,-0.07147058761002265,-0.6945336469015244,-0.1287251170451764,-0.09752655400474015,-0.8675659538991962,-0.1414395777042354,-0.1287581617045716,-1.0,-0.14835339613830997,-0.12156436534411907,-0.36483978471922524,-0.10713156523128164,-0.15498976204543882,-0.5722474489332854,-0.1372803728910149,-0.11734637058337453,-0.5186341239095855,-0.11663242753835618,-0.09824282652255743,-0.4469157845040164,-0.09211228719800245,-0.19627469607068923,-0.30994109394437375,-0.12084175507457005,-0.19718459111387082,-0.478914032743466,-0.1271680010984808,-0.16409754323432366,-0.437599662861319,-0.08947899427901042,-0.1488262206763673,-0.37720235401818253,-0.05573121361997102,5,Victory
0.0,0.0,0.0,0.07128462149908815,-0.21166516314873526,0.008439537586896698,0.04670544417322266,-0.40167210085221533,-0.01172577319331882,-0.03689412426909788,-0.47093450012550336,-0.03842089272259185,-0.12429179958296496,-0.4835349088526803,-0.0700515486857565,0.060820748515252564,-0.4461894876967259,-0.061890957232446885,0.09040476484501904,-0.6911277736927243,-0.1080502071924774,0.10691099275815816,-0.8357111886689865,-0.13235600816877924,0.11783614493601582,-0.9525022504467485,-0.14201052937305123,-0.02711806444996119,-0.42466119324957746,-0.08691091077768742,-0.07111073614846203,-0.6971694846022107,-0.12591765149160594,-0.09884673761296309,-0.8663824714550291,-0.14107100508794945,-0.12905368211085222,-1.0,-0.14911846540385082,-0.11525153240490363,-0.3759201634393492,-0.1055328041669689,-0.15941567437971635,-0.5684294401423026,-0.1373390913782327,-0.12880750553575285,-0.505396805565104,-0.11689784200554824,-0.11199858830856084,-0.4340864232733305,-0.09154198684302904,-0.19223267019149445,-0.3144996714693908,-0.12269077007223778,-0.20314091684915236,-0.47021062185104495,-0.12882058088014614,-0.17369616980484107,-0.42188160371882805,-0.08963726804542692,-0.15836044790934262,-0.361183862988648,-0.054316972235854556,5,Victory
0.0,0.0,0.0,0.06884869707226016,-0.22088962310093027,0.008128189611512961,0.04288101221432763,-0.40926540613423285,-0.01102399360876089,-0.04177713443567528,-0.48084740057580827,-0.037472793947587374,-0.13014127075850163,-0.49219670398093524,-0.06846608737013964,0.05016724548258017,-0.45470101550356345,-0.05390696435623973,0.07717929470848987,-0.6951177565619935,-0.09859466653385462,0.09558637667637439,-0.8373499286159036,-0.12260558804462496,0.10971601224312444,-0.9540862035755401,-0.13245449757336192,-0.038304718901523226,-0.4328576739983349,-0.07950252541571923,-0.07998282430169332,-0.6976318781984459,-0.11888887955858853,-0.10586507861849535,-0.8657953391400505,-0.13549549087458362,-0.13433056691963066,-1.0,-0.14495290374983008,-0.12614219353633166,-0.38247973184409023,-0.09971117291426819,-0.16008227569043557,-0.5747386049416608,-0.1339691298732737,-0.12668085389585665,-0.5145771060228211,-0.11666203611469464,-0.11032714457855226,-0.44405771392991367,-0.0930235533675044,-0.2018805277879633,-0.32050131409450344,-0.11844057919440484,-0.20820046804417816,-0.4831343473650597,-0.12604376736941011,-0.17577029871252656,-0.43995576809735626,-0.08887395281127798,-0.16111128175888365,-0.3800711985169002,-0.05514791195852121,5,Victory
0.0,0.0,0.0,0.07305968528363824,-0.2216729655598591,-0.008674560542324888,0.0418972000618992,-0.4174899047204349,-0.0335789486388659,-0.04289693766312586,-0.5138604690641162,-0.059291766831882024,-0.1311848952155957,-0.53735300881339,-0.08788699554752025,0.04068474866217167,-0.43682046524113344,-0.08181146010997073,0.06636808527045791,-0.688492114494194,-0.12992939585108165,0.08242823583318339,-0.8354561296336199,-0.15487444478646892,0.09020945494720023,-0.9570862419026861,-0.16461903986341248,-0.055736363242710585,-0.40860215981275666,-0.09854725301057438,-0.10587419591855184,-0.6952527214168637,-0.13974563950826843,-0.12983097965141505,-0.8702363020853371,-0.1534009424046092,-0.1588338936406855,-1.0,-0.15995061461316323,-0.1464744111165991,-0.354500742773122,-0.11001934980794646,-0.17712262234536888,-0.5539046610889532,-0.14679373568526838,-0.1356546452604933,-0.5070010097436031,-0.12918323707756904,-0.11566765651327754,-0.43475025795645356,-0.10467599385357314,-0.22098910708681985,-0.29403533602310766,-0.12092668974512602,-0.22202403821188607,-0.4626456110484202,-0.13072582184522538,-0.18439871088192383,-0.4265805299420118,-0.09503142644840028,-0.1673284716815483,-0.36365623448961887,-0.062173409113519575,5,Victory
0.0,0.0,0.0,0.06392711694290751,-0.22896740275852223,-0.0042083330831924615,0.027748893150064687,-0.428755440548593,-0.02423489660466376,-0.06521972103633587,-0.5332122784393147,-0.04724445869429775,-0.16108054394467813,-0.5508602889534239,-0.07249275126279418,0.02732813290750036,-0.4500260573767049,-0.06121180589137344,0.04841549113399406,-0.7087777856672939,-0.10624486448120132,0.06401940544731956,-0.8567829319756501,-0.12980954516203436,0.07247529257810197,-0.9783259505668869,-0.13813614598618953,-0.07154487377851927,-0.42224307398317373,-0.07897977968972532,-0.12153115292638372,-0.707108117112982,-0.11693984259281655,-0.14985204645991657,-0.8758086780199106,-0.1287542190511868,-0.17954295342425194,-1.0,-0.1336506892419057,-0.16612495825828613,-0.36918339929450145,-0.09310587135443478,-0.1964012380220351,-0.5702604626441561,-0.13061373824314634,-0.16109071451455212,-0.5209380956963987,-0.11521823821178707,-0.1411015894905618,-0.44332854877080186,-0.09075183174533875,-0.24517175738218572,-0.3109254333369056,-0.10642631027291145,-0.2448182359071216,-0.4798599173509357,-0.11620601949631874,-0.20963823471302137,-0.4398665997920307,-0.08228027087174707,-0.1915056153788057,-0.37380874846052414,-0.049972666977021504,5,Victory
0.0,0.0,0.0,0.06886710919887104,-0.22629896574663827,0.0005707006620841746,0.040173558272942354,-0.4171245117827831,-0.020464415148915716,-0.046725574114791314,-0.5142985183986774,-0.0445995888574323,-0.1343701537718816,-0.5324290456981464,-0.07282923765943326,0.038133428693272325,-0.4466248014246679,-0.07271367567159245,0.05660901887716856,-0.6952939511909147,-0.11923182525296988,0.06948818259119939,-0.8428021653392491,-0.14444061914276984,0.07685489707713429,-0.9625157034457136,-0.1542425741409182,-0.06057007811276472,-0.4210055737406747,-0.09333970884538893,-0.10986889799372002,-0.698133655551224,-0.12707990395516727,-0.13798933409430247,-0.8726310010146918,-0.13733000290702385,-0.16780762286497314,-1.0,-0.1430075335820994,-0.1557811664518481,-0.3673797369283553,-0.10845859733694474,-0.19365549948449515,-0.5655467246786229,-0.1374916889471606,-0.1617503165563918,-0.5212929072463405,-0.11946990172837739,-0.14149110547680865,-0.44387464625581896,-0.09644920501974798,-0.23814910975168804,-0.30208623746336194,-0.12251811889352461,-0.25740119092464714,-0.46544445950197516,-0.12895960367085854,-0.2258651496635637,-0.4298158211929505,-0.09361470570619228,-0.20641566227298533,-0.36436889411325507,-0.060957129227700295,5,Victory
0.0,0.0,0.0,0.07083497230655697,-0.21731075157561552,0.0008186838737475968,0.040987401423567264,-0.413574732162255,-0.017122645102658894,-0.04658424329194964,-0.523045994110549,-0.038282072038102834,-0.13002413974638216,-0.5593731487963811,-0.062277644660366484,0.045540146533932534,-0.4427297877999782,-0.06605464395003668,0.05269873109174353,-0.6885346135787456,-0.11065477833730915,0.0624477977216617,-0.8381914171929298,-0.13403636949244382,0.06995775902721879,-0.9617056679158015,-0.14331939097208804,-0.04962029401387938,-0.4202177184386996,-0.08522718165597652,-0.10443097136218077,-0.6977498578418956,-0.11878320674337535,-0.13767518414004942,-0.87147924491676,-0.12967016530119085,-0.16935007792332246,-1.0,-0.13665087305914306,-0.14523695099174858,-0.37023314748178976,-0.09931946120648458,-0.19161028632904875,-0.572100112886947,-0.12916828627512691,-0.1564418968037616,-0.5251255874963936,-0.11059259376500079,-0.1332848176782638,-0.4484703747015294,-0.08766090971822181,-0.22938164859171845,-0.3109063779589311,-0.11255005762346558,-0.2527232209862834,-0.4705540756733646,-0.12077194845627966,-0.2179401991994917,-0.4363304718789053,-0.08863260924933043,-0.19794346315366365,-0.37525521398250117,-0.05892459851472983,5,Victory
0.0,0.0,0.0,0.06733043806295948,-0.21713958145732923,-0.006440420936749542,0.04579904483083683,-0.42282333590171833,-0.025819818942238938,-0.02278232050913099,-0.5494547737781675,-0.04528234237998289,-0.09724255878661953,-0.5938872718096818,-0.06709296045072347,0.03444027070159108,-0.4383163518918139,-0.07951093625881532,0.0487199146609774,-0.6910745526495016,-0.12520325588392112,0.060763333589327895,-0.844695553543232,-0.14965096959226118,0.06721545149423463,-0.9720082604663096,-0.15891270254745396,-0.06333396910004971,-0.4129363898521505,-0.09373420119588707,-0.1161980418947761,-0.6928174958499344,-0.12617238694835495,-0.14870168559760524,-0.8711916237453805,-0.13514040306504121,-0.18200770346715098,-1.0,-0.1402649140029012,-0.1584962204231337,-0.3655634004292269,-0.10297579172175335,-0.20101593270775014,-0.5566529329803421,-0.13290136930245283,-0.16870449591154177,-0.5163204973158548,-0.11778120253606081,-0.145226559407758,-0.4413682431149418,-0.09631580790215694,-0.24135258806283288,-0.31013839741214816,-0.11159831407767412,-0.2640855381919976,-0.46693999009216647,-0.12026695633314939,-0.233296565762612,-0.4305407280316578,-0.08981313942257053,-0.2118873325732264,-0.36646092861887,-0.060500748818049226,5,Victory
0.0,0.0,0.0,0.06006401377246596,-0.22015355188864125,-0.004436225719477346,0.024868186522078558,-0.4152699653232033,-0.02544009068181559,-0.06801479343970969,-0.5248527010415854,-0.04757574736230527,-0.1622303790952421,-0.5527180222157907,-0.0713573103759293,0.03307634555475933,-0.44486560204878245,-0.07232729550986802,0.04551641941516146,-0.6920811524614973,-0.12538155289564124,0.056827868738659554,-0.8439868811281119,-0.15582172233883676,0.06302868231376574,-0.9718192022094043,-0.16912456440509113,-0.06104056021128603,-0.41874020810349855,-0.08882917085495394,-0.1197409973290216,-0.6956144051279368,-0.1308313073172799,-0.15365697631575856,-0.8686280184672365,-0.1457468954291299,-0.18791619898735637,-1.0,-0.1543155858167048,-0.15333530550717084,-0.37129696772932663,-0.10094182024979205,-0.2011397313642922,-0.5720402707929955,-0.13799224738206262,-0.16725109226035684,-0.5298093363563839,-0.12206051805971792,-0.14247005161470844,-0.45842917421806334,-0.09899420736330916,-0.23309620968835737,-0.31916536464034706,-0.1125559439691695,-0.24382818165216194,-0.47926600958391047,-0.1237012848152748,-0.2113131580661732,-0.44185757416210203,-0.09292220361689084,-0.19130783960459694,-0.3836607889478524,-0.06336092196376775,5,Victory
0.0,0.0,0.0,0.05480737758083458,-0.22871265183464445,-0.008427084282953487,0.0059855431167864966,-0.4282684128098226,-0.027206195755774237,-0.09325303927017997,-0.5301302476862372,-0.04798816672602972,-0.18439957285700417,-0.5522620881381909,-0.07001489196986291,0.01938315981007085,-0.4660029570116485,-0.062020135897551,0.03077091922512893,-0.7216040542502532,-0.10753979638459024,0.03485205921239711,-0.8728747015712024,-0.12885237381070147,0.03378613469093558,-0.9909077475938842,-0.1356696972641337,-0.07257479083137387,-0.43490601049988276,-0.07684743754710303,-0.13877594150580794,-0.7004683366938341,-0.12125631925632792,-0.18004953552924238,-0.8728650367306894,-0.13674614572304264,-0.2166930266242731,-1.0,-0.14266561891621146,-0.16227460518052633,-0.3774446677141922,-0.08838357911081408,-0.21480537588497722,-0.5579849623672588,-0.1315815099973248,-0.18108410301259523,-0.5091435834479512,-0.12262520968109122,-0.15262544318663107,-0.4374019018687936,-0.1008129465770709,-0.23606222610915858,-0.3135615753432307,-0.09933005130442361,-0.24791626038540807,-0.43571957529683947,-0.11742212936755521,-0.2179327035007341,-0.394421067462305,-0.09575722152288337,-0.19668079308392603,-0.3386334602792237,-0.07050246303865682,5,Victory
0.0,0.0,0.0,0.0701967858349147,-0.2105867348297822,-0.009306552754333152,0.03898062188543184,-0.41248885228329746,-0.0301916876203954,-0.05502438379897137,-0.5243519407415616,-0.04945084326542866,-0.14847171063777193,-0.5497215334996212,-0.06932685255332796,0.020125664201471872,-0.4445721141398331,-0.08474901272244295,0.025523023697621713,-0.7087356544735242,-0.13126436567220603,0.02734991737104609,-0.8626326405145051,-0.15436306065682565,0.024168569458932185,-0.986959861826915,-0.16343686253699397,-0.08518507074338355,-0.4171476122842777,-0.09515356163015318,-0.14261363212588157,-0.7007459513943569,-0.132320029138488,-0.18064617866393617,-0.873726762937478,-0.14228438308235572,-0.22266707723649568,-1.0,-0.1474463486179309,-0.17750190989554976,-0.3668945045086321,-0.09984093676773492,-0.2119011265453639,-0.590471938653196,-0.13088243983688647,-0.16172175086011892,-0.5572057668723422,-0.11296219888638179,-0.1319054311356127,-0.4849966916453657,-0.09027844003080611,-0.24469933396055332,-0.31372194691076394,-0.10438806643712321,-0.23813014566349824,-0.48652460808517123,-0.11439139743347602,-0.19469214188526135,-0.46079551811177655,-0.08574980331797875,-0.17152875817898786,-0.40283421041135475,-0.05786846483547468,5,Victory
0.0,0.0,0.0,0.05972201357833048,-0.22546893517145392,-0.004810631164744034,0.017615322293824526,-0.4211236211848662,-0.0247249215914775,-0.0864006125356674,-0.5227727853039374,-0.0435453228554101,-0.17665503824710027,-0.553404062542665,-0.0637386109579576,0.012540032877997464,-0.4487230351844219,-0.08560028449810304,0.01155416374030234,-0.7167065336995194,-0.13634905927697263,0.010271057304526352,-0.874090152136706,-0.16183162049951028,0.003736972596390268,-0.9985784396176017,-0.17043007602112642,-0.09150457711200047,-0.41842173628524854,-0.0962300488011233,-0.15847306054267954,-0.704406815786061,-0.13361557017759948,-0.2012564000176331,-0.8762358673187484,-0.14329324960385662,-0.24778965870995162,-1.0,-0.14687353866231415,-0.18335796401224558,-0.3672355048133611,-0.10049163372646304,-0.22060870945942188,-0.5739003824924022,-0.12766349493055443,-0.1727502945623764,-0.5459429569739916,-0.10845456797859987,-0.14586540564438435,-0.477290770835393,-0.08432750326004657,-0.25301581370903786,-0.3120028658041007,-0.1044450944224477,-0.24377577822031682,-0.47236078316571206,-0.10761961792259771,-0.2027019276983647,-0.4465552786476623,-0.07550103072635647,-0.1831820611619774,-0.38891777804313,-0.04483935968993773,5,Victory
0.0,0.0,0.0,0.06503371880922726,-0.2199840502964555,-0.015270802528978451,0.018287057788323315,-0.427631346105388,-0.03649911838407732,-0.09468520528302671,-0.537067166138648,-0.054528180286771415,-0.19047370789069515,-0.5708495537749363,-0.07199057643938757,0.006084029887786228,-0.4523063385766447,-0.08464525608579837,0.003111527337762205,-0.722066561084122,-0.13188009332401163,0.003716158007605249,-0.8756868322545137,-0.15318517845232238,0.0010420501239461085,-0.9996448086215713,-0.15984212927844962,-0.10017159812596281,-0.422250281493406,-0.09069348338200149,-0.16268824772182666,-0.6999255920686358,-0.1296946384957295,-0.20469132364525536,-0.8718710680727667,-0.13895550929105088,-0.24915541381808903,-1.0,-0.1420995675814317,-0.19201654394974085,-0.3718290003587942,-0.09212589169186909,-0.22100681496966357,-0.5846895137798784,-0.1240007946023403,-0.1707340953841439,-0.548022785654083,-0.10614392422409327,-0.14371115226753456,-0.4747440068342551,-0.08218939433662494,-0.25827234574447455,-0.31957305826770455,-0.09406204630650658,-0.24200814100334783,-0.4724407730032512,-0.10262495862573462,-0.2004976917858603,-0.4453822259775869,-0.07568791258882057,-0.18394738420411383,-0.3897006792081436,-0.04868824844176625,5,Victory
