x0,x1,x2,x3,x4,x5,x6,x7,x8,x9,x10,x11,x12,x13,x14,x15,x16,x17,x18,x19,x20,y0,y1,y2,y3,y4,y5,y6,y7,y8,y9,y10,y11,y12,y13,y14,y15,y16,y17,y18,y19,y20,z0,z1,z2,z3,z4,z5,z6,z7,z8,z9,z10,z11,z12,z13,z14,z15,z16,z17,z18,z19,z20,label,class_name
0.0,0.0,0.0,-0.10974761768675377,-0.12127133220213196,-0.047596993182294184,-0.19104013522898527,-0.28113850738946783,-0.08426254851540017,-0.24434293175398272,-0.4181030763248959,-0.12431868487262931,-0.26659168891838136,-0.5552917484932063,-0.160998255601885,-0.07900869666511207,-0.49516153106298344,-0.0171683841668043,-0.12445485743757273,-0.6540959445185651,-0.10193683958142319,-0.19734493480184395,-0.6630845448765292,-0.1718371029098771,-0.2530287208470816,-0.6311365253781169,-0.20719697248923705,-0.00268050935831345,-0.5168284212127591,-0.030509571115767582,-0.006299361563376208,-0.7395614188110193,-0.07540343181414252,-0.021717406395757435,-0.8810237224577342,-0.10869554300827072,-0.035557569845149815,-1.0,-0.12925887499688926,0.07568635908235594,-0.4807011483215655,-0.059299862383426265,0.09314966790219197,-0.6893867656880491,-0.1040662943308161,0.09523242553397318,-0.8325156045828682,-0.12219429248074803,0.09279247654250213,-0.9611950798607469,-0.12998901721085462,0.1479184372992498,-0.40058309772203216,-0.09455561823025242,0.19389881095060557,-0.5561788595664103,-0.13017245164584756,0.22543196756771144,-0.6680450112631193,-0.13396025779683735,0.24984347834548848,-0.7743901522800071,-0.1314011019132903,7,pause track
0.0,0.0,0.0,-0.11058595625042858,-0.11702381768726142,-0.04408237590318723,-0.19084364785480812,-0.2784020777617774,-0.07849673394565677,-0.24249782852179477,-0.4128082927609774,-0.11609476297203453,-0.2704488959747651,-0.5468516423232531,-0.1505855870480134,-0.07964424901140597,-0.49366271229056663,-0.019511111149278573,-0.12610945393037556,-0.6513158872202793,-0.10392683306220801,-0.1999739994057007,-0.6585154803538367,-0.17346909224241785,-0.2575537440855791,-0.6282426455461839,-0.20904894121039425,-0.004370528469222154,-0.5171428204073236,-0.03487124572021162,-0.009952513200301721,-0.7395636185969965,-0.08273125930623645,-0.02759791652380626,-0.8820331607579602,-0.11843758437938098,-0.043136557407026446,-1.0,-0.14052076770928565,0.07286680838419164,-0.48204173238245446,-0.06455358488796403,0.0880065830076116,-0.692076390317493,-0.11116991826129828,0.088807887037418,-0.8348491536949416,-0.13071855258722573,0.08598410820818761,-0.9632851608036755,-0.13944176983219134,0.14498388534595077,-0.40159646506205854,-0.10006275366896474,0.18892631831584722,-0.5581008994491302,-0.13512004604993344,0.21937730005257264,-0.669764880340122,-0.13840221035654618,0.24251997188507166,-0.775687587144849,-0.1358248746603017,7,pause track
0.0,0.0,0.0,-0.11097804990510096,-0.11469237340539226,-0.04625449378500734,-0.19221835000768486,-0.2727516433082771,-0.08318576078551847,-0.24520011009003792,-0.4046945537600395,-0.12308302497658903,-0.2735009704365356,-0.5382810941805977,-0.15984249968983666,-0.0847047049193805,-0.49152413938542594,-0.024864792475722246,-0.1317444624353489,-0.6497605541675155,-0.1116580827917307,-0.205452173384661,-0.6522698921618038,-0.18277109128796512,-0.26137619696108605,-0.6170180612000529,-0.21902769043512477,-0.009233551726233242,-0.5155585103531102,-0.039297053592850184,-0.016721675942109798,-0.7386666952614818,-0.08667666942151005,-0.034093312030196124,-0.8815422613494608,-0.12166001294174625,-0.04892858802377659,-1.0,-0.1436772431049869,0.06852318503347381,-0.4814188747225409,-0.06815871634560154,0.08185094237787333,-0.6926379074314349,-0.11336951821570244,0.08257024495033438,-0.8344511046534487,-0.13178368551681657,0.079707475042088,-0.9608017986138664,-0.14026115458973692,0.14139621333161764,-0.40165921414299555,-0.1031864667200149,0.1832960528432182,-0.5587765708382928,-0.1379775369167115,0.21231750252885395,-0.6709065628674881,-0.14095269338396507,0.23469651965357383,-0.7765779155094702,-0.13815127722574994,7,pause track
0.0,0.0,0.0,-0.11076026883012866,-0.11624601670902979,-0.04624338755469641,-0.19320200198466725,-0.2719730406537781,-0.08302212190066197,-0.24676665576732681,-0.40422584875286105,-0.1227826680088571,-0.27712952972956345,-0.537810218188074,-0.15933270936558563,-0.08830359370603,-0.4889112983620229,-0.02373580424168066,-0.1341399224589822,-0.6480350142242082,-0.11114819533847706,-0.20775133896681094,-0.6510120150980542,-0.1826628566832657,-0.26463948439666457,-0.6168841692595323,-0.21888306958497,-0.013745130900312055,-0.5140713990309081,-0.03768353540357687,-0.0199355381900336,-0.7380035580458205,-0.08602702681721365,-0.03720638716505892,-0.880923525370587,-0.1209204581183328,-0.05202887223733066,-1.0,-0.1423486801264925,0.06410207478618116,-0.4819475886065061,-0.06621508083929792,0.07700782359931141,-0.6946783973185345,-0.11229440618487725,0.0772361116016447,-0.8374810875566376,-0.13041594127714376,0.07412566976823143,-0.9646818664986573,-0.13803208938493103,0.138023951584145,-0.4045263401345974,-0.1009039136467476,0.17890858112241934,-0.5630677293333136,-0.13545097878587367,0.20725132700412086,-0.6752605303003547,-0.13773122416912978,0.22899266174411465,-0.7804476096836267,-0.13413045445547103,7,pause track
0.0,0.0,0.0,-0.11139821516037045,-0.11184943945913228,-0.046302031142328774,-0.1950713142911289,-0.2680499294368037,-0.08239944310642544,-0.24937355570279568,-0.39913151025099053,-0.12142467982187001,-0.28067711731079964,-0.5311850460777885,-0.15692984216261344,-0.09618255164858577,-0.48836568998805485,-0.02258401535259901,-0.14234686850194808,-0.6437323866843299,-0.10923145489584825,-0.21327703030011594,-0.644669162939917,-0.17992426647147497,-0.26862328643636213,-0.6086285263689608,-0.21536331792735777,-0.020732061422677164,-0.5149562911036469,-0.03644187015908819,-0.02779292024677898,-0.738899293573678,-0.0837346932564671,-0.04417118493827192,-0.8815526995511446,-0.1174283357883787,-0.05869901864034388,-1.0,-0.1377323564933468,0.057982393315809205,-0.48363811896349196,-0.0650043545290104,0.07089980593525208,-0.6936360068195723,-0.10996694624733523,0.06997267546788101,-0.8343137993355471,-0.12659763270545712,0.0647951567929967,-0.9592973979493338,-0.13294932218654068,0.13270561948017995,-0.4066828857758526,-0.09986997806042142,0.1728686957149579,-0.5650753811256607,-0.13309515267401184,0.20011762187630724,-0.676934040823529,-0.13398385956957307,0.2204778949031797,-0.7817005638105062,-0.1292408623763556,7,pause track
0.0,0.0,0.0,-0.11263585837983572,-0.10410269877612467,-0.047517071846394164,-0.199320048723538,-0.2559669200902981,-0.0846639708678996,-0.25539747404826085,-0.38493230132553674,-0.12430800808535733,-0.28970983276201523,-0.5184489853836495,-0.16068430656096236,-0.10878267792060771,-0.4827985351089433,-0.02747463283150596,-0.15927725709287344,-0.633306180970663,-0.11431563411243964,-0.22815435073127252,-0.6330117183606608,-0.1842037255240985,-0.2810295129451934,-0.5954643942665243,-0.21912628370605708,-0.031299057847613394,-0.5136586716252787,-0.04161492979797234,-0.0410449029176254,-0.739938329206923,-0.09004807964076685,-0.056015006644958995,-0.8825082811388523,-0.12444375805006021,-0.06890524602699416,-1.0,-0.14510193281411687,0.05033263184595354,-0.4856841549399409,-0.07018911990849322,0.06062716412600839,-0.6989373610775597,-0.11792727987406199,0.06232896179820396,-0.8397359874684903,-0.13716041769521783,0.059625905941732234,-0.9657577378901718,-0.14522777434659642,0.1284944685532843,-0.4107311217973281,-0.10463467816538262,0.16752860844307196,-0.5695637702076921,-0.14041935881563455,0.1974113736503027,-0.679932366019157,-0.14282519725135134,0.22085776346903402,-0.783414716959724,-0.1391700965717271,7,pause track
0.0,0.0,0.0,-0.11181685825945317,-0.09931166542152332,-0.04755291008830062,-0.20139379254447137,-0.2445999107706534,-0.08440933062618264,-0.2595232843226143,-0.36775546664857617,-0.12338677923859803,-0.30227671365784997,-0.49653258513800896,-0.15892079497590136,-0.11393011752133561,-0.4719467286294364,-0.029115782129094107,-0.16990368378962753,-0.6157533174074452,-0.11582288902112958,-0.24028521533442018,-0.6108859518391926,-0.18592481442090167,-0.29564765871097587,-0.5719292496898519,-0.22085215166729882,-0.03758000454822203,-0.5065049672756989,-0.042806543332646385,-0.05321163781646089,-0.7340998182560058,-0.09371885704647448,-0.07052289904639514,-0.8782392037681692,-0.12920858877390712,-0.08460048534279273,-1.0,-0.14987745261012334,0.04433179606841903,-0.48286331483467043,-0.0704169212716931,0.04929373848633521,-0.6947346578927794,-0.11944324460448458,0.04830132155858666,-0.8368344545312195,-0.1386017054850107,0.04326599319416457,-0.9640043354596769,-0.14564723634486784,0.12506287938294366,-0.4102610050831146,-0.10383571776634794,0.16321034502914744,-0.5690565312141292,-0.13774050504736876,0.19184522846993574,-0.6813515358924833,-0.13811759468019583,0.213134975102111,-0.785065504779402,-0.13289875700550066,7,pause track
0.0,0.0,0.0,-0.11479333131125564,-0.10222311813641616,-0.04660725403128992,-0.20575253126309623,-0.24871555618327432,-0.08288645627967439,-0.2669730075781606,-0.37214067988117594,-0.1219970541856663,-0.31455372089307915,-0.4966585069657489,-0.15842861319888465,-0.1140642835477739,-0.4720658070521117,-0.02534110813042537,-0.17363723926195707,-0.609051971641518,-0.11254558050489834,-0.24741968029562467,-0.6074270257629677,-0.1832576965030831,-0.3058420487197238,-0.572698130812991,-0.21848256606170677,-0.03774117328356861,-0.5086879397729562,-0.040667637470184204,-0.05380439060984165,-0.7338819376752436,-0.09273299664559327,-0.07581445546296704,-0.8784084936524511,-0.1290922188682657,-0.09553000238481682,-1.0,-0.15006393693776807,0.04330685530644896,-0.486538808841882,-0.07030439047117518,0.05103276460468767,-0.6959604560325446,-0.1214228820412529,0.047013016932199427,-0.8364009872678566,-0.14134112211300578,0.03713860184904341,-0.9613109054431708,-0.14817996963580626,0.12195255719508497,-0.4165327136668527,-0.10564352195069933,0.16059860059875108,-0.578053260137208,-0.14115630061828133,0.18853597716132706,-0.6918582237976935,-0.14204126410222087,0.20736286145603486,-0.7961767392376459,-0.13686656071381292,7,pause track
0.0,0.0,0.0,-0.11335623537300357,-0.10436770048327283,-0.04467171608715888,-0.2045181485518157,-0.25378585997333275,-0.07976142748456243,-0.26814372184727625,-0.3793027210662014,-0.11808323208277952,-0.3143401544108216,-0.5047524710191001,-0.15391535138721177,-0.10817749240532862,-0.47285681228186155,-0.02000809297242628,-0.17010959888310795,-0.6066550718372459,-0.10801411886643164,-0.24759333205793116,-0.6078488366603463,-0.18120006081122822,-0.3082132850133126,-0.5767821893426057,-0.21815008175077547,-0.03439780026533595,-0.508924546887227,-0.03532722069683714,-0.05223309413005587,-0.7324783635573145,-0.08542852383683955,-0.07621239833279658,-0.8782666383695886,-0.1214078209943632,-0.09652717282120851,-1.0,-0.14269973803860267,0.04524017145007853,-0.48737228365118884,-0.06525441309939126,0.05033117604428638,-0.6960844426644982,-0.11378147337870434,0.04673637218966654,-0.8349907024923945,-0.13253123823550558,0.03808615298173197,-0.9570063085924194,-0.13885105216042798,0.12294136214986906,-0.41813552179565006,-0.10108009093279963,0.15896421073304684,-0.5805732424398647,-0.13410391952746184,0.18511503967909834,-0.6934993564157886,-0.1338896850077285,0.20193248125427524,-0.7964327378599652,-0.1282556176499333,7,pause track
0.0,0.0,0.0,-0.11304327064647317,-0.10378209743117305,-0.043553268764893883,-0.20325983718236865,-0.25483985708735213,-0.07869757953673646,-0.2693042024523668,-0.38118810567895733,-0.1174572238138458,-0.3173714179436378,-0.5054199530646196,-0.15377451578966814,-0.10461480573139056,-0.4733279172161473,-0.01993313377925047,-0.16787296086306838,-0.6135035402291532,-0.10741821866437594,-0.2453538368572869,-0.6128563880750493,-0.1797261345340223,-0.30442851825888967,-0.5795388786371747,-0.21601069606907927,-0.030691904310100743,-0.5085769887005054,-0.03542584862125421,-0.04688934981570934,-0.7334911134164622,-0.08446936691491776,-0.07049097310217396,-0.8789791773452866,-0.11934478976675941,-0.09189359832012894,-1.0,-0.14003895150934098,0.04832289293216783,-0.485253843030542,-0.06546637503715766,0.05817916507047513,-0.6911320437754768,-0.11227630513741176,0.056176191153230734,-0.8295339135045942,-0.13022604810128116,0.047659250085016695,-0.9506195517528495,-0.13629441700898282,0.12422768886306781,-0.41586588219722853,-0.10139207130827499,0.16325255546590833,-0.5763391105966971,-0.1333051204008531,0.18883965819525425,-0.6895449221176831,-0.1333344810043436,0.20439941577059467,-0.7935743082458986,-0.12801938723790446,7,pause track
0.0,0.0,0.0,-0.11766192472214904,-0.0996059938239009,-0.041785658240013124,-0.21061676750978373,-0.256169031985228,-0.0742490035525891,-0.2748994489906454,-0.38323842659861124,-0.11032901029745017,-0.3279618024892099,-0.5024146941858506,-0.1447200190951688,-0.1098971366283836,-0.4645914581677271,-0.021377126655066886,-0.17292653472444444,-0.6047579256357866,-0.10600472679052947,-0.2524804184188417,-0.6066189814977097,-0.17567712223104862,-0.31464550751546005,-0.5778875977100264,-0.21109842021821926,-0.039419557496407076,-0.5007289029452372,-0.03866619091301344,-0.06246106015873321,-0.7287341823679268,-0.0880306508308426,-0.09140643639533819,-0.8764383006342318,-0.12386852031410596,-0.11514645337904536,-1.0,-0.14493930305155842,0.03813249326927317,-0.47830930700368735,-0.06946886418611982,0.03574069655814206,-0.6935735551693452,-0.1192464459611999,0.025946937787843873,-0.8359839751599148,-0.13921490786997862,0.01381622317179212,-0.962006022318536,-0.1464131071390686,0.1159017873599155,-0.41021391329715723,-0.10550580565734759,0.151294781524169,-0.5738751686215268,-0.14124948807446155,0.1774958530129119,-0.690044870569904,-0.14286810632210933,0.19555446941745433,-0.7982577000532578,-0.13852991825299402,7,pause track
0.0,0.0,0.0,-0.11724538757551027,-0.09917543793521945,-0.043710647858734034,-0.21177970814153574,-0.2524864691721303,-0.0782887130664613,-0.2777357795901231,-0.3757229864480672,-0.115949696707779,-0.3293397644911041,-0.4961552953220795,-0.15218110086318556,-0.11030545176003463,-0.4664040615282625,-0.026853468677948567,-0.17760786511000914,-0.6027116853357434,-0.1129130248079264,-0.2583512513836462,-0.6018440521884303,-0.18374773278782203,-0.32155774736685483,-0.5722793044648379,-0.220200412688647,-0.03922023694318697,-0.5024934218132798,-0.043949225798688346,-0.06350351845993281,-0.7314936574266419,-0.09556084713484057,-0.09393152304909948,-0.8773644450260664,-0.13284337063723814,-0.11982908784595037,-1.0,-0.1549744038533577,0.03862407443405854,-0.4793677374016378,-0.07438891664826439,0.0353531567602471,-0.6964434522990232,-0.12588770314768932,0.024019434079009392,-0.8396305204147191,-0.14717980491910937,0.011009313151051317,-0.9677816726685253,-0.1554734058493657,0.11564663303705906,-0.4093630406631394,-0.11007088568988269,0.14911445939015244,-0.5739723608162415,-0.14720167750465474,0.17421681144394852,-0.6901922867610842,-0.14955444950503477,0.19182174585689643,-0.7993385885418497,-0.14591128318896474,7,pause track
0.0,0.0,0.0,-0.11914357615067717,-0.09592670919267166,-0.04426123329706681,-0.21670350864242036,-0.24752246475993622,-0.0777864461376375,-0.2811741197270819,-0.37277309064537517,-0.11419080433564636,-0.3312326749673913,-0.49638428272053703,-0.14826313321947776,-0.12210034407643558,-0.46988007926306075,-0.026345289072821066,-0.1871394992323667,-0.609775937459023,-0.10890894981207233,-0.2636659828987928,-0.6037205478856527,-0.17590038445851006,-0.3202465629407787,-0.5678017740325259,-0.2101556940574338,-0.047716063331970315,-0.5075191647201184,-0.0426603946381025,-0.06780692593386681,-0.7317023872217038,-0.09235102119822879,-0.09481192243127963,-0.8779123592419393,-0.1279349038206962,-0.1171317939640324,-1.0,-0.1492033552142008,0.030968149534430438,-0.4848286385867812,-0.07234634708280673,0.03142942113942273,-0.6962896288838455,-0.12234715515500334,0.02161159095935884,-0.8378702293922887,-0.1425934393285177,0.009780143668884902,-0.9636655453400488,-0.1505948978811891,0.10855070240175994,-0.4147976439014262,-0.1073534725858052,0.1425765406690386,-0.5750356081071448,-0.14452131786164576,0.166958725365972,-0.6898127008624001,-0.1471821513997613,0.1844516182122112,-0.797015087166642,-0.1436010241976234,7,pause track
0.0,0.0,0.0,-0.11650416639556319,-0.09313850013817221,-0.040075617303158464,-0.20899520621422793,-0.2347734881518964,-0.07217293643632097,-0.27638513107666074,-0.3505165843598917,-0.1067436295246241,-0.3291027182465128,-0.46861809970396223,-0.1393767689869683,-0.1218358601143721,-0.46475956659574263,-0.02359202684659026,-0.20114641631147884,-0.5807782826622212,-0.10954354580980168,-0.27745587510102077,-0.5767287574543796,-0.17952274136498947,-0.33439021424879317,-0.544177791328524,-0.21503634926226645,-0.04309639637903324,-0.5142421707367933,-0.04126910508843118,-0.07734093205593721,-0.7394086693313784,-0.09440731323185321,-0.1027527352227833,-0.8817690795383556,-0.1291644609083068,-0.1237782410728945,-1.0,-0.14895669649981497,0.04333013708972383,-0.4977543937239822,-0.07229998222906787,0.06490920122553746,-0.7070921684689433,-0.12621074924928247,0.07299086237570117,-0.8459592201436092,-0.14535961824420754,0.070820537128328,-0.9710893317000949,-0.15092255296678864,0.1257733694701592,-0.4216210012478247,-0.10773022580630644,0.17391757980839637,-0.5760021759767586,-0.14281752499108316,0.20289737043874131,-0.6847805090678498,-0.14014197818200616,0.21844554747131822,-0.7854289257969609,-0.13280476779116646,7,pause track
0.0,0.0,0.0,-0.11578167238247469,-0.09667372957422023,-0.043682563490259674,-0.20698673245610835,-0.2416433855369673,-0.07866426088821214,-0.27217117125269163,-0.36005503988903287,-0.1166948655884949,-0.3199606582719355,-0.4815340822019692,-0.15236750792349857,-0.11568330346751884,-0.4647401440622976,-0.024278731747369747,-0.18635246603864292,-0.5910080303478319,-0.112898732172808,-0.2612265348542666,-0.5864229297065074,-0.185143338958395,-0.3166763916647377,-0.5520606536307908,-0.2212983848604832,-0.035765857463150336,-0.5103347199361098,-0.04040565357166652,-0.05826548456615076,-0.7366232140714836,-0.09077886162279734,-0.08092361113746283,-0.8814313056590732,-0.12413848443784714,-0.10081383493112278,-1.0,-0.14320891862422674,0.048859869248155,-0.49142672581255786,-0.07074226116201049,0.06834070905598243,-0.695165678647728,-0.11896549635216168,0.07360651091296569,-0.8302818780231292,-0.13328722225082887,0.069629575358616,-0.9501476847255843,-0.13619432288106129,0.1282469404202542,-0.4185903822055595,-0.10684198367118258,0.17119124756011522,-0.5738371086661262,-0.13908898144897916,0.19718253330021288,-0.6835378599185785,-0.13477471458491305,0.21131262954704472,-0.7855017646566035,-0.12572937176924442,7,pause track
0.0,0.0,0.0,-0.11372172591129268,-0.10277045331084968,-0.04282219808799874,-0.20525689011130863,-0.25041254437943655,-0.07775765396197859,-0.2698834210264018,-0.37142883031989143,-0.1155979612969575,-0.31998663696376844,-0.4930860844833254,-0.15174652659022905,-0.10459190229119031,-0.46948359945769486,-0.025626011269603087,-0.17313598939275576,-0.6013455430723962,-0.11295872079156855,-0.25127202112060854,-0.5993162807562623,-0.18587282042877903,-0.3129664380719973,-0.5680083624442829,-0.22348211368072798,-0.030052571277820288,-0.5085735998632205,-0.043000107619530444,-0.04568907649031054,-0.7381481410510363,-0.09475626306836193,-0.06686553764162019,-0.8820504090684451,-0.13193429537167495,-0.08595272461999794,-1.0,-0.15439597950936768,0.049372229929190464,-0.485060835534387,-0.07403323772954376,0.0678254302619889,-0.6951946545478367,-0.12473996554145947,0.07104482870848394,-0.8345669186421931,-0.14545271812044674,0.06683835405302108,-0.9595664173055182,-0.15377028348695057,0.1259729088058933,-0.4104105420036206,-0.11021934292735784,0.1694945768740745,-0.5675263365152986,-0.14467573911434706,0.1972109935185709,-0.6790720384408623,-0.14450767992007754,0.21391865095722626,-0.7837812906500488,-0.13971822498370867,7,pause track
0.0,0.0,0.0,-0.11257027746950851,-0.12348217947051943,-0.034726187606541774,-0.19529722213543896,-0.28721730727058165,-0.06512972764328656,-0.2566308078194292,-0.4161846421986142,-0.10084330723282736,-0.3136080242679227,-0.5312920097058409,-0.13551683649410853,-0.07530795609400424,-0.4875935391591018,-0.010893769487689142,-0.1467396430958777,-0.6225341288416124,-0.09216613103667845,-0.2342091802814525,-0.6322206510677134,-0.16268912173607766,-0.3027623794070997,-0.6096643962653914,-0.20059229982998802,-0.011484973439036865,-0.511208398930166,-0.031290169100726316,-0.018176793670586704,-0.7370301648082218,-0.0823345769867749,-0.04429221904218135,-0.882262571160395,-0.12174851032001768,-0.06944955711101361,-1.0,-0.14628810243261076,0.05182772358728533,-0.4761026795504355,-0.06470979566174982,0.07005024826807005,-0.6827248165892182,-0.11336674626214667,0.06252636513479856,-0.8193789608073169,-0.13587682670495566,0.04779645202824576,-0.9406907284225473,-0.1462144970133502,0.10890545770175865,-0.39417912157521146,-0.10295023523938847,0.15371747080044815,-0.5409889459243633,-0.13499699527277967,0.17439075503105256,-0.6497943387424213,-0.13716181338032782,0.18258324666325873,-0.752433516091354,-0.13524040347969996,7,pause track
0.0,0.0,0.0,-0.1125489065309831,-0.12415923995613952,-0.03237633944143496,-0.19435623652833264,-0.29244875343627635,-0.05984416715294119,-0.2543389480322647,-0.42310382617197473,-0.09293208064239833,-0.29675524146639193,-0.545013476841034,-0.12452100886141497,-0.0687952763377085,-0.49008578791500707,-0.004125806095719307,-0.13677119630475643,-0.6233611148029413,-0.084305231476172,-0.22275026891598002,-0.6331644186869665,-0.15470443240059606,-0.28954889104829024,-0.6123569058098882,-0.19205001936557897,-0.0031288836073999913,-0.5167005369735137,-0.0239758432211282,-0.01302692317656417,-0.7372340215160377,-0.07050823115594085,-0.03919344061153265,-0.8821328651121736,-0.1062750002153274,-0.0632317775986282,-1.0,-0.12833615133361473,0.0643374871405505,-0.48363395051026203,-0.05713279409561675,0.07922693228222712,-0.6924959373260592,-0.10076924540569018,0.07048089703963248,-0.8336131715100669,-0.11812490340250871,0.057065373601211514,-0.958295297262338,-0.12497602374396187,0.12554225832397856,-0.40238277110463494,-0.0955439323678678,0.16706132204108493,-0.5546009427886905,-0.12491173607736772,0.18545568094492867,-0.6675032686110782,-0.12418534293009956,0.19269759556845473,-0.7740987731422186,-0.11943846043162828,7,pause track
0.0,0.0,0.0,-0.10631706260146301,-0.12913758116852594,-0.032853025901583545,-0.18053898713953323,-0.30186621991983287,-0.06176069272207263,-0.23939426255411297,-0.43419406202342564,-0.09622056375942184,-0.2879660981002981,-0.5540431856943947,-0.12946839228372387,-0.05032835922368212,-0.4887014976176828,-0.010223249892195361,-0.11929033916489769,-0.6267731631219072,-0.09100453977515746,-0.2083802935431134,-0.6365087986373781,-0.16056214602054825,-0.27575646862631814,-0.6151272817848735,-0.19713955557379287,0.0126345463594851,-0.509972912112598,-0.03010963980811296,0.010816202915636775,-0.7319528773942562,-0.07902868979473372,-0.010497778474357356,-0.8801105656298043,-0.11473429586985692,-0.030023047792695913,-1.0,-0.13614644058105557,0.07412791637756024,-0.4730699711011394,-0.06286613938191755,0.10027361639165394,-0.6828143606565169,-0.10882254569210628,0.0972856610180046,-0.824177815909159,-0.12631494494431272,0.08841745760119152,-0.9484281760356202,-0.1323856723223018,0.12659890959558592,-0.39068407707826847,-0.10058732742245509,0.17721621230141152,-0.5408075887598729,-0.13165215484829054,0.20166013899068927,-0.6535891037171729,-0.13170548567774787,0.21541210394926025,-0.7594875667815171,-0.1269726260352406,7,pause track
0.0,0.0,0.0,-0.10063180859363713,-0.1527095674285549,-0.019387745491192154,-0.16022842199555004,-0.33360794059005405,-0.042532936493012596,-0.21249385962377554,-0.4624360678475453,-0.07351405122413636,-0.2618964371369954,-0.5766527003207443,-0.10445059856282506,-0.026719883260612014,-0.4986421822174705,-0.004605840592977922,-0.09482922530123963,-0.6399624353454504,-0.0814899168365847,-0.18462247522177594,-0.6479596613401913,-0.14860318149402396,-0.25101959141214203,-0.6192182217470454,-0.1841959354888805,0.028971884300863986,-0.5092552084838328,-0.03140051792523729,0.0447139307076603,-0.7320543531655446,-0.08092919212771078,0.02958274337561765,-0.8826214349698038,-0.11915363913265198,0.013780882480423036,-1.0,-0.14278093996774313,0.0794603692894501,-0.46389068685526047,-0.06917650751910559,0.12771130118184182,-0.669937729361112,-0.11665316054450507,0.13220764585199526,-0.8119259109428728,-0.14009677383083444,0.1275065738145462,-0.9345297194209264,-0.1508267562043427,0.11664605426647788,-0.37428208165977983,-0.11000866846197842,0.18272415985205306,-0.5130349351287312,-0.14126520615666446,0.2111383535122952,-0.623238940098824,-0.14334117705850513,0.2264263010373624,-0.7252021267373653,-0.14108963654647,7,pause track
0.0,0.0,0.0,-0.1006028347319455,-0.14748486763198076,-0.024919235115132835,-0.16361197554394874,-0.3241036723219639,-0.05335008340031442,-0.22002834630651852,-0.45270667867430625,-0.08935782614278666,-0.2719717338601761,-0.5704465190832547,-0.12554332116597602,-0.03603362688958796,-0.4987086143961006,-0.013896886641219462,-0.10626486077440014,-0.6360848091276583,-0.09684165479125216,-0.19753189321246395,-0.6406466413446994,-0.16741410359653325,-0.2647604936792396,-0.6100448144846458,-0.2046190469296054,0.017023990896304887,-0.5089951300180064,-0.03931943765541859,0.031414780813910456,-0.7350611571309903,-0.09153908557168867,0.015057157478572232,-0.8821581424074507,-0.1303788090515802,-0.0015781551834750105,-1.0,-0.15443473226693608,0.0685986695367501,-0.46260552899852914,-0.07621651157829983,0.11780437893928321,-0.6693369121829572,-0.12693951857313335,0.12506235890788361,-0.8134303234574188,-0.14985799541172357,0.12242901322395934,-0.9400165730894153,-0.1598464363583533,0.10821563191216162,-0.3705420390022546,-0.1165833726057894,0.1749335676400336,-0.5141602383179291,-0.15154414591340573,0.20407951523170817,-0.6279555589995399,-0.1540705815683101,0.21993139380579155,-0.7328497718830658,-0.15157748237960716,7,pause track
0.0,0.0,0.0,-0.09459106353435505,-0.1358280475136941,-0.029847400934694648,-0.16129924600067383,-0.3065333081085437,-0.06032047823422326,-0.21737068353924818,-0.4342030046695056,-0.09702142043412855,-0.26256174088418727,-0.5538898143817503,-0.13381025434815758,-0.028901653099583615,-0.48515226255269034,-0.017586073445834138,-0.09911430041206329,-0.6225075192645573,-0.10338243213504429,-0.18877689549404678,-0.6365274223242892,-0.1765822481604933,-0.25749430252580724,-0.6157327363466447,-0.21492432988297275,0.032592968239537404,-0.5013641531214801,-0.041156275473334995,0.041620465011990536,-0.7310392204605743,-0.09549155628305074,0.024647305472786714,-0.880021820610872,-0.13554628334732316,0.0064930477093029845,-1.0,-0.15921418490466197,0.09179371026876663,-0.4586403955153594,-0.076573173878159,0.1294186445062218,-0.6705022068771418,-0.1292085731918345,0.1319970325837717,-0.813311886423049,-0.15202137007213531,0.126488306383098,-0.9421148008205064,-0.16058222465822977,0.1400569951786785,-0.36838761626321603,-0.11579635327020654,0.19790453234582953,-0.5162511583258447,-0.15108731932125988,0.22662167078029266,-0.6270955698379249,-0.1523059335810904,0.24207623375205317,-0.7317946503593072,-0.14789066478818416,7,pause track
0.0,0.0,0.0,-0.09755409410038288,-0.13189006833854744,-0.029046174261646327,-0.1643321976665249,-0.30752035908547043,-0.05855211795802412,-0.21955937783527144,-0.43737969893843753,-0.09399286664620514,-0.26667923839307056,-0.5546830029801778,-0.12951576984576485,-0.026171186628265144,-0.4849078999511017,-0.018792304638414758,-0.09458091931038112,-0.6251013721784278,-0.10098835013798096,-0.18460757189979457,-0.634341302301384,-0.17195820636763118,-0.25341423807215946,-0.6100034603532535,-0.20956967605611346,0.03690817256311679,-0.4994919208007227,-0.04208290669114858,0.045158007035786894,-0.7271472112823255,-0.09366230833376592,0.029305069666592472,-0.8785163322103731,-0.13293839167593724,0.012291798529613382,-1.0,-0.1570034050210029,0.09589936227126239,-0.45554767255687184,-0.07658799549689498,0.1312473797372023,-0.6618112945843558,-0.12488794444711852,0.13307105015620682,-0.8016767804809797,-0.14625881143490807,0.12687143708333445,-0.9262000433609048,-0.15493975516918876,0.14313155977173653,-0.36695988582061595,-0.11498941553403691,0.196663433971399,-0.5144014011217956,-0.14735737251851774,0.22222875194739627,-0.6257242790816412,-0.14777949338079474,0.23538026018997504,-0.7306864025444173,-0.14339176473342322,7,pause track
0.0,0.0,0.0,-0.09847680207100284,-0.13210985144058487,-0.03244499069942067,-0.1679577777291122,-0.3043158475286394,-0.0643614019497506,-0.22399533079222084,-0.4333980905925433,-0.1016781447652679,-0.2712699069501002,-0.552624686058882,-0.13883642223561998,-0.031895351423872086,-0.48500718649975394,-0.0220441468547989,-0.10114868735441143,-0.623644246938966,-0.10660430268787963,-0.1919301140273329,-0.6309291504485367,-0.17921745872252234,-0.26206332072766336,-0.605763002262566,-0.21802086545189847,0.03272623642950257,-0.5000220435938723,-0.04438989239435692,0.039694029154021614,-0.7276804289769813,-0.09880884865323919,0.022693087474743516,-0.8778081809683967,-0.13987105740405611,0.004167679999631166,-1.0,-0.16529493014076974,0.09263063926998533,-0.4568527626242077,-0.0783323580020282,0.12781596106035162,-0.6631132297294027,-0.12897220212932664,0.1294685102218882,-0.8035078705715428,-0.15183861276373264,0.1222788408008769,-0.9302892234776665,-0.16163549545377723,0.14105162638500043,-0.36817585082509313,-0.116380069271866,0.19355226319993454,-0.5158285970822927,-0.15025737210704676,0.21800422775959863,-0.6279711306721193,-0.1517639274828598,0.22905628060889882,-0.7342827014553959,-0.14838069506500315,7,pause track
0.0,0.0,0.0,-0.1005078731274891,-0.13212635599327235,-0.03228943856137129,-0.16927832085859576,-0.30518142502190715,-0.06431966936942365,-0.22502348541070863,-0.43478760544223055,-0.10179024310930897,-0.2735550509146487,-0.5535681503754976,-0.1392040716491316,-0.03319759202353312,-0.4856221221628745,-0.02265222404048264,-0.10371415627742879,-0.6250570590562577,-0.10664365253812298,-0.19412540115305385,-0.6324960606563863,-0.17878581253591344,-0.2635278655877666,-0.6075133944856722,-0.21733233911630492,0.03101013988660286,-0.5007060150270759,-0.045081517620132704,0.03746331021080017,-0.7288392234874911,-0.09903246046207724,0.02010717023308934,-0.8790617026931731,-0.13974718634366343,0.0015126792522403055,-1.0,-0.1649365402697892,0.09031095437033095,-0.45670359169855745,-0.07894630962673552,0.12543946144429088,-0.6625516472787233,-0.12873243008079754,0.12743336294940172,-0.8026584875144419,-0.15118802480959173,0.12078319854255944,-0.9276744762457491,-0.16089608115736018,0.13732941019067751,-0.36758952344434037,-0.11692506138298511,0.18976886195026293,-0.5152323558117738,-0.15026831855029485,0.21389037846035422,-0.6283058114330459,-0.15154614369544886,0.2252328185254785,-0.7347138940729961,-0.14811166018975766,7,pause track
0.0,0.0,0.0,-0.10020764784482197,-0.13023810753591558,-0.03228953380547775,-0.17002886008873358,-0.3039201560914303,-0.0636614042256681,-0.22499122579474698,-0.4326689737377628,-0.10012978947287034,-0.27523719684995657,-0.5487298542029695,-0.13631088477697864,-0.03556053400392632,-0.4848537830381199,-0.02251109921025655,-0.10523437679964208,-0.621194273423551,-0.1048872025495767,-0.1952007064576577,-0.6267345062129099,-0.1754938546061603,-0.2647293259621902,-0.6010584560231682,-0.21312099473604856,0.028515558994493963,-0.49976113272450196,-0.04450875476622067,0.03226975991799963,-0.7274387747904385,-0.09794629827061178,0.014650526230545623,-0.8776884372357097,-0.13795663845509828,-0.0030901799438193323,-1.0,-0.16253528702575057,0.08878694484104631,-0.4562181823280567,-0.07768419741468144,0.11885131381293838,-0.6627026669720887,-0.12670917503384072,0.12058641021902677,-0.8017389451809975,-0.14792602066377145,0.11479436167352745,-0.9263823790780024,-0.15666594105851553,0.13831323791137717,-0.3676182393013715,-0.11501564181984326,0.18745336579658123,-0.5171472937603919,-0.14672835774291182,0.210857494172826,-0.6296130750752907,-0.14642918345536085,0.2220000552277738,-0.735550747527949,-0.14194132769943213,7,pause track
0.0,0.0,0.0,-0.1027998982399357,-0.1330300484357953,-0.031691371158083764,-0.1733525451774067,-0.30548969893130556,-0.06274283704102691,-0.23008663144970323,-0.4324140009876712,-0.09962454933938628,-0.2796442103297867,-0.5486777248786967,-0.13650555348603763,-0.04115040180260685,-0.48845800010119,-0.01762199451508273,-0.11243061894775248,-0.6219843070018478,-0.10095508177683199,-0.20213909916689293,-0.6295058579734497,-0.17347651516852772,-0.2705594879501974,-0.6055767080619198,-0.2124968678939943,0.02257249157522157,-0.5054827153974807,-0.04041389620794834,0.026113285745538554,-0.7308710675756662,-0.09240851015748588,0.008089212506796475,-0.8802142947236552,-0.13276380456688203,-0.01011586252699884,-1.0,-0.1580877283009918,0.08265411340831369,-0.4623668051259138,-0.07504171750216818,0.11307467179172537,-0.6660662252788248,-0.12370686489392518,0.1135716428620802,-0.8040189524556741,-0.14554150692724518,0.10658639878401,-0.9269016412017094,-0.1551540205647328,0.13186422585033433,-0.37367207748016995,-0.11402139826915972,0.182187998155777,-0.5201497041618298,-0.14688537399496623,0.20550373725950455,-0.6314341684357098,-0.1478208557625984,0.21658760308729202,-0.7364138556161508,-0.1443415950765446,7,pause track
0.0,0.0,0.0,-0.10246469786811722,-0.1312318859413104,-0.03175987730252371,-0.17339518689213562,-0.3030007752998198,-0.06250007710590802,-0.22957197172562935,-0.430371926619342,-0.0987812309434859,-0.27910339039931986,-0.5462898303358814,-0.13482447964998215,-0.04278763104931625,-0.48498575587187714,-0.019286616553955332,-0.11320541951474668,-0.6210431340234766,-0.10245403453642325,-0.2026881415769334,-0.6271600351476826,-0.1743658977598441,-0.27091466773808304,-0.6022622450575169,-0.21290342225691822,0.021374642512079354,-0.5018073049746015,-0.0415344544239785,0.02512445770554144,-0.7276705059559189,-0.09488400546303506,0.007284750623726504,-0.878387143458303,-0.1356460876209562,-0.01073887535652927,-1.0,-0.16078109048341596,0.08182274848117785,-0.45924676760760713,-0.07530674411626868,0.11225571629167805,-0.6636408812371053,-0.12488021027171183,0.1129134216342877,-0.8030933028383018,-0.14696105874710938,0.10585647480446013,-0.9274557114061104,-0.15615977310430146,0.13164474481217336,-0.37129504610541436,-0.11326253633307655,0.18125583800480236,-0.5180120511615508,-0.1458657471451786,0.20396193972374102,-0.6294088164896997,-0.14637476399996094,0.21441662842715825,-0.7340716647443947,-0.14235460932913813,7,pause track
0.0,0.0,0.0,-0.10355114122926205,-0.1308330288532901,-0.033918488793394694,-0.17549896667085327,-0.302439598771423,-0.06575259539899408,-0.23189176305363035,-0.43137352850504107,-0.10279361403459998,-0.2816354289172309,-0.5490337516127928,-0.13959253981473493,-0.04467806944428586,-0.4862985407793928,-0.017705822982602402,-0.11373956680101849,-0.6184400726184903,-0.10141482789662484,-0.20308171863760405,-0.6276311357486213,-0.17466129937731129,-0.27242566880944497,-0.6066407097429808,-0.21434038930549207,0.02005985887349996,-0.5048034105570843,-0.03925217632265333,0.024136085452324135,-0.7283888628812185,-0.09189167040527399,0.005281682099998858,-0.8783151454082506,-0.13326709180089633,-0.01363166668569667,-1.0,-0.15963710035012504,0.08131130039620466,-0.4634057329786141,-0.07295172124392621,0.11258606318722097,-0.6681296456994097,-0.12213409420438566,0.11306347838001393,-0.8082863292266588,-0.14532390385202612,0.10586728285815417,-0.9331251926787774,-0.15616297710992455,0.13199195601785776,-0.37599736244162546,-0.11114101172930545,0.18140606980966192,-0.523526506890764,-0.1442086683842877,0.20472990717164682,-0.6356938148685217,-0.14618103896123932,0.21546211507062035,-0.7411794510224821,-0.1438065852412544,7,pause track
0.0,0.0,0.0,-0.10360011073902159,-0.12925546002716204,-0.033842084671998535,-0.1747404348884473,-0.30204889326316436,-0.06520786998468239,-0.23191427480115284,-0.43161511948967507,-0.10178355030166392,-0.28289178516829755,-0.5488389576278999,-0.13811725678770154,-0.04710464373390159,-0.48718828497117667,-0.017820904852264355,-0.11568671653731047,-0.6216640744490701,-0.1015022754718766,-0.20486276266152684,-0.6292182923325939,-0.17451273091216668,-0.27320319189448633,-0.6059056860288814,-0.21382744002907725,0.017879624798371505,-0.5058122633683557,-0.03879975884406404,0.02177976916326701,-0.7291999619825541,-0.09045160758518601,0.003129369926529358,-0.8789505671090396,-0.13071233449960257,-0.01559429358422753,-1.0,-0.15625314587787278,0.08011598320120177,-0.4644850717614995,-0.07192343150928479,0.11001766126012981,-0.668878971632373,-0.11989973979963725,0.11045053458284386,-0.8093697151626413,-0.14176958081830487,0.10345058306865483,-0.9340226649386961,-0.15171999033060687,0.1321723207144309,-0.3776202064295899,-0.10964540137281831,0.1809244823139971,-0.5257455728848494,-0.14173171689891043,0.20449844070631615,-0.6377485103109468,-0.14272475665006323,0.21612018254372273,-0.7429165907662594,-0.13955276526782703,7,pause track
0.0,0.0,0.0,-0.10410631341644978,-0.12956554900532868,-0.032336427182268215,-0.1777261720836652,-0.30341276416375496,-0.06291315191244898,-0.23517041785329554,-0.43371344552240637,-0.09906151455120593,-0.2825704611423695,-0.5534660936017824,-0.13448275491467776,-0.04707804081754508,-0.48650294298175,-0.016207506420110405,-0.11647803221659607,-0.6213656814315107,-0.09982934472724461,-0.20540203572379295,-0.6316158801951776,-0.1717900821057962,-0.27356704457530684,-0.6094456190781844,-0.20993536208623437,0.01672166653694161,-0.5064541592519023,-0.03764289729947925,0.01868595269549122,-0.7302775796360803,-0.0879556013276733,1.1515320173881335e-05,-0.8801257302365652,-0.12508628919390224,-0.018909293041085882,-1.0,-0.14802152831272436,0.07876621163381424,-0.4662388227646507,-0.0714994491079354,0.10664451744588777,-0.6693439075248708,-0.11809267806413205,0.10663143831680139,-0.8070283259105722,-0.13614605228396023,0.09880144709190185,-0.9283998005432814,-0.14315873122012945,0.13094127435499103,-0.3802351613193287,-0.11017139949396519,0.1785849875055222,-0.5273214832158877,-0.1415021422356705,0.201520662002962,-0.6379291189393964,-0.14080030301868385,0.21238557983368891,-0.7418142244769503,-0.13592955360235776,7,pause track
0.0,0.0,0.0,-0.10618124517596694,-0.14010659762449948,-0.032756480741165626,-0.18172676044312097,-0.3203330371995396,-0.06301724337490866,-0.23996324417168713,-0.46052411540288013,-0.10069997215633504,-0.2921129097242191,-0.5894182879671872,-0.13763628170582543,-0.043251496349076164,-0.518536522302007,-0.0010623051977793178,-0.11248174952201084,-0.6621465792255028,-0.08593425216156651,-0.1974555082127998,-0.6730599340012419,-0.1641430139119529,-0.27047202732833786,-0.652421524356421,-0.20761103880345522,0.02428146519441564,-0.5366647594535989,-0.022579239244395657,0.024946166219378896,-0.7533885408645435,-0.07732305433613576,-0.01461182717562526,-0.8929648383849632,-0.12419874022318825,-0.06443503914078583,-1.0,-0.15492612252468768,0.08898876973011166,-0.49524096503927106,-0.05778081220199672,0.11808984441794575,-0.6929493126315256,-0.10648225177515445,0.09559813266297015,-0.8224011172518905,-0.13363215074105042,0.05335603617124078,-0.931577206477236,-0.14777302880749027,0.14436225031264213,-0.4091299562033705,-0.09819206791394174,0.2007915122467851,-0.5528515997737848,-0.13159144028799433,0.20510965948077273,-0.662879798366995,-0.1402479419532481,0.1807697656507237,-0.7644030163331378,-0.14325515314618692,7,pause track
0.0,0.0,0.0,-0.10607056997974558,-0.13975996693426654,-0.0341542930839534,-0.18169626551627724,-0.31942988954200024,-0.06556920012864638,-0.2404086761191274,-0.45829560327009405,-0.10411593894405836,-0.2949980866406955,-0.5860731481694328,-0.14204917923118696,-0.044193867243964804,-0.5191126339858587,-0.001986205344691467,-0.11406821655531321,-0.6597118647658378,-0.08708011112205623,-0.19985973205758018,-0.6706747299699376,-0.16553321383662253,-0.2738262813985868,-0.6493875372173551,-0.20938319099199887,0.024556806037651487,-0.537828999014849,-0.023737222636122157,0.02371964561009869,-0.7560877053255393,-0.07858906743901911,-0.015979818003246174,-0.8941795865371022,-0.12551246248964612,-0.06524923326651975,-1.0,-0.1563824339868276,0.08931984922097655,-0.49616088624819765,-0.05935980642841382,0.12127587936776658,-0.6935908698430384,-0.10881212047385336,0.09910810562704923,-0.8244434618476756,-0.13676237854072493,0.05800686405443165,-0.9368208306909143,-0.15182491842115764,0.14461345409357476,-0.4081224694189292,-0.10016891232845669,0.20177384258288933,-0.5494923024661226,-0.134393610424097,0.2058511684412755,-0.6593183753258233,-0.14311713346020682,0.18079434985823714,-0.7614767377727175,-0.1464615777243583,7,pause track
0.0,0.0,0.0,-0.10661430293697816,-0.13738563592862468,-0.03698255046436475,-0.18382583597126745,-0.31523301209023497,-0.07010315283565302,-0.24358849226687707,-0.45386721215497083,-0.1101614240169436,-0.2980018888107559,-0.5834215923361677,-0.14965925715060654,-0.04746162870810762,-0.5188710837479199,-0.005419562377514263,-0.11958659831114715,-0.6614644926427629,-0.09255234375822403,-0.20729070056538726,-0.6723860619022088,-0.17212330134835452,-0.2815810989392123,-0.6506918249843268,-0.21635382962672062,0.022152139605540896,-0.5398317078998504,-0.026237222573657317,0.020060556344199367,-0.757029812551951,-0.08171597867328884,-0.022233551253247576,-0.8942082876149429,-0.1282827602090666,-0.0736433422295987,-1.0,-0.15840954333978632,0.08793093507935593,-0.49850788187321243,-0.06125565122747033,0.11942226178808124,-0.6984094918112442,-0.11173052760055419,0.09652425227260313,-0.8299393906928328,-0.13892709670489442,0.05524128339258376,-0.9434114900283594,-0.15294088992627008,0.14428292756890446,-0.4098846451428192,-0.10173585756665335,0.20177453180358124,-0.5512919862036009,-0.1379584134807934,0.20626079782506815,-0.6623984567499108,-0.14720320355147778,0.1826423406242155,-0.7666210277206661,-0.15009057431994474,7,pause track
0.0,0.0,0.0,-0.10731404833747403,-0.14277906658176456,-0.034395227863658874,-0.18639580900267766,-0.32397446578529304,-0.06723345086009853,-0.24864098970172369,-0.46414693799185325,-0.10796100583997792,-0.3057667978535102,-0.5963874216471071,-0.14779495466682344,-0.040798983668188606,-0.5369489349990852,-0.0005928148614465749,-0.11646954355144509,-0.6788063586814741,-0.08649696502961786,-0.2050250264851557,-0.6869923678492806,-0.16765822729078783,-0.2794231456728757,-0.6635174343855397,-0.2138891418491613,0.02689127699436573,-0.555660903983012,-0.022708516554816868,0.02917933263329615,-0.774642025731821,-0.07661914738774579,-0.01983152978695618,-0.907724673443251,-0.12447197579042987,-0.08232995189815737,-1.0,-0.1567687491675732,0.09229878060753628,-0.5112797620995629,-0.05905094811184481,0.1323974154103555,-0.7170925641776075,-0.10892529069713885,0.10149136594833376,-0.8427008500496042,-0.1383515629274492,0.04240585886863893,-0.937016133581806,-0.15450326123448752,0.14823567876958024,-0.4219779572441225,-0.10072970705594188,0.20639486772382878,-0.5663846258619168,-0.13929047494312308,0.19227490578640263,-0.6701729303787152,-0.15203741064411555,0.1405461786104667,-0.7569046076223016,-0.15741575175546665,7,pause track
0.0,0.0,0.0,-0.10990702871286903,-0.14277042828081302,-0.03439970919508839,-0.18952945444190172,-0.3275327688033782,-0.06802876508034969,-0.2512611450921777,-0.46888908418087044,-0.10983498468754421,-0.30878049765056675,-0.6023571218600761,-0.15089989157450023,-0.045569525215087545,-0.5408780018583106,-0.000897348568697674,-0.11963162696571786,-0.684123570818069,-0.08847150136133014,-0.206920859861694,-0.6944244636663064,-0.17143051415565133,-0.2828651469861434,-0.6722725413217283,-0.21876071046100454,0.023207912686578125,-0.5582147464661118,-0.024022766841590167,0.0285123675191947,-0.775649723464198,-0.08018207338280085,-0.02168840494174579,-0.9092025796447691,-0.13070706063842835,-0.08773908509581074,-1.0,-0.16481696821689076,0.08983991371759413,-0.5127576843009829,-0.0614054709041058,0.1273260786812545,-0.7169059215958192,-0.11225350964511337,0.0947820050638216,-0.8387765999262864,-0.1428217146759343,0.03322230748575893,-0.9286125083257606,-0.15992024102515515,0.14657626585134098,-0.4235711871865004,-0.10419257132159346,0.2044568823970274,-0.5701838935791688,-0.14306738400425265,0.19207039684299254,-0.6746831145447945,-0.1567273545643791,0.14215612243110873,-0.7617931290888114,-0.16302483378207924,7,pause track
0.0,0.0,0.0,-0.11062936655903832,-0.14307789663238935,-0.033723812689794144,-0.19113168690545512,-0.3281643435485474,-0.06590456296507519,-0.25339709399546484,-0.4699789714070911,-0.10638928646539654,-0.30880002723589906,-0.6040870635676627,-0.14589561696848172,-0.04586221035480328,-0.5393454802409906,0.0008993788190779961,-0.12062177235573504,-0.6832158223001925,-0.08602623553952109,-0.20910173228005502,-0.6927079096518081,-0.16798124829811212,-0.28525023099917546,-0.6709411548476174,-0.2144403421663401,0.022407488742638874,-0.5562320514287825,-0.021431556529731152,0.02502580624968181,-0.7724595169973739,-0.0756987201273518,-0.02269067306166413,-0.9064331554397158,-0.12428741792740187,-0.08457703676399238,-1.0,-0.15723714894544322,0.08928166179147734,-0.511812276879585,-0.05818200989919702,0.12191892911457206,-0.7144192827027488,-0.10736847861505655,0.09055104922927976,-0.8370369946189489,-0.13592421466248278,0.031327873236344145,-0.9300749669690201,-0.15166167330364833,0.14709126952157775,-0.4253161760766358,-0.1005244980350684,0.20346048100072475,-0.5725473904251224,-0.1383389787318995,0.19148531430439303,-0.6768444104553534,-0.15084006616752899,0.14261162306111894,-0.7652391013063269,-0.15618467991157006,7,pause track
0.0,0.0,0.0,-0.1112880044241006,-0.1444490913028799,-0.03450196813424277,-0.19256958008700614,-0.33046870633992903,-0.06847798554106711,-0.2556307625297483,-0.475010379479196,-0.11107343037880225,-0.3102551652949551,-0.6139960231384235,-0.1525724790164861,-0.044770593322451105,-0.5488088163492167,0.001337998421418298,-0.12184617136130398,-0.6953079797148239,-0.08885933616135343,-0.21009281129223376,-0.701834759330798,-0.17420097113259908,-0.28685418672573143,-0.6750902812816876,-0.22218954279233957,0.023744602690805527,-0.5655704460229906,-0.021454000389498733,0.03140730867239965,-0.7840912425178006,-0.0794693303386115,-0.020478814389647847,-0.914453024032182,-0.12966108287199993,-0.08916094552758175,-1.0,-0.16191685850351717,0.09193312393421957,-0.5188001489943957,-0.058952644741171234,0.12646167171935904,-0.7248056081247517,-0.10973582071869512,0.0932343864290698,-0.8469495923880781,-0.1371163891503836,0.03154002529450898,-0.9360240322619717,-0.1506918704899868,0.150361536868078,-0.42895899080361755,-0.10227799602248226,0.20828626623609983,-0.5779270031395476,-0.140412628321087,0.19672792764673522,-0.6854117968927201,-0.15193688831998528,0.148981283998141,-0.775877122956274,-0.15555162739630798,7,pause track
0.0,0.0,0.0,-0.11064311788569654,-0.14366901148891373,-0.033016210718182726,-0.1907288113985373,-0.3315173898884432,-0.06509673050411935,-0.2533886426117272,-0.47502388790293876,-0.10571930562163394,-0.3116792280641521,-0.6081817487585864,-0.1455607066708083,-0.04682944100413763,-0.5446153132502443,0.002143164991334536,-0.12208706430610848,-0.6917654264732241,-0.08553742977119935,-0.20921905806559107,-0.7014558051706423,-0.16822836811453384,-0.2841970950795338,-0.6764222611272818,-0.21469532912518463,0.02253399213876568,-0.5618740864533817,-0.02064853346883846,0.026014620532615034,-0.7799325363967071,-0.07681126974844116,-0.024491885055324004,-0.911687495739938,-0.12621404949408707,-0.09020270952562474,-1.0,-0.15874968096780342,0.09060489092979165,-0.5172019723771272,-0.057804175009712334,0.12208201534379647,-0.7213416165767531,-0.10810369779599481,0.08873330371275444,-0.8421501889574146,-0.13686135446845096,0.028298960418659955,-0.9309889686484685,-0.15186172288491967,0.1497205083800152,-0.4294328626858965,-0.10040406971518112,0.20592240123598599,-0.5799427447673817,-0.13771802137073585,0.19397308524415519,-0.6859845224060325,-0.14995409278262767,0.14585394992944076,-0.774863851575655,-0.1547674302792512,7,pause track
0.0,0.0,0.0,-0.11055424059608092,-0.14479023410021435,-0.03498768055277001,-0.19037636454045143,-0.3318541285381325,-0.06802331142689913,-0.2530638066048866,-0.4768511952611718,-0.10955378508147574,-0.3106936086358444,-0.6137717156545693,-0.14987722353058996,-0.045172937415187214,-0.5475328598639722,0.0045983076482277,-0.12011355960990171,-0.6935999784667406,-0.08312502459601408,-0.2079574522943074,-0.7041945624427531,-0.16597334474206246,-0.2841922737469115,-0.6810820399866959,-0.21253112809449187,0.024607415468970936,-0.5646152826641679,-0.01737243304936097,0.026948685204053604,-0.7799986400046718,-0.07274642743591729,-0.023881140186083248,-0.9108244452234335,-0.12147130490647709,-0.0904834484318577,-1.0,-0.15342976861860638,0.09284203292227579,-0.5195382060307923,-0.054355122268548925,0.1248911728275452,-0.7214820863902403,-0.10445425514560173,0.09147857464304451,-0.8435190792076075,-0.13225184541962032,0.029754462602725688,-0.935184259691108,-0.1465081656594832,0.15136952631394202,-0.43196473834335253,-0.09715703021292071,0.2081838033686014,-0.5788698911043556,-0.13555636647538596,0.19673198159661878,-0.6852764607632691,-0.14820690056475497,0.14796182505706393,-0.7757045806814867,-0.15296324417953755,7,pause track
0.0,0.0,0.0,-0.10890080732292594,-0.13863901814684604,-0.035406672909518024,-0.18658773842755697,-0.3186439909835349,-0.06882343745417899,-0.24686542495787503,-0.460381706065273,-0.10965238146783779,-0.3036539559254987,-0.5918077987829344,-0.14968204044623584,-0.051166265854385294,-0.5317590230549403,-0.0033335538375948636,-0.12300217519214249,-0.6800722587391901,-0.08948329731298187,-0.20794288112839307,-0.6886033096031704,-0.17013250376324124,-0.2812758825282173,-0.6632739054171395,-0.21573984034674829,0.019457726494907006,-0.5504358322942428,-0.024430662472572775,0.020254366916731808,-0.7666010815380278,-0.08018557349563758,-0.02554336256557678,-0.9008514865251694,-0.12967846381129247,-0.08564824841616077,-1.0,-0.163302599287642,0.08759375901288112,-0.5078366880969312,-0.05946347128673312,0.12005315663371945,-0.7065576239397846,-0.10834258006221756,0.09307312829194159,-0.8302721972955229,-0.13795385907550564,0.04039836337254516,-0.9293815570034913,-0.1549719898900905,0.14594766991154795,-0.42018712725883706,-0.09991991499479215,0.203515268350515,-0.5676873827602882,-0.13465734120188813,0.20115956809387286,-0.6744182389961344,-0.14586075226572529,0.16380749110215234,-0.7689017507128991,-0.15128707512737852,7,pause track
0.0,0.0,0.0,-0.10772053789218673,-0.1111207599135225,-0.04107799789257088,-0.1899054643831444,-0.27847572908344576,-0.07455633897062312,-0.2526884992431352,-0.4076477077746796,-0.11123315338645066,-0.3135881995114612,-0.5195553315119584,-0.1471459441291887,-0.07635952184171492,-0.47361666555187115,-0.025070030645167524,-0.15085666533369657,-0.5995765977914418,-0.10699760623189206,-0.23831581860391812,-0.6022891392984366,-0.1762251160935263,-0.305327421185153,-0.5801315018534792,-0.2133582132050385,-0.00940920909133448,-0.5018785979068446,-0.04347415486946361,-0.02059467499021803,-0.7249709985706695,-0.09762476555014245,-0.042415864277042664,-0.8747049978340432,-0.13641534350894133,-0.060736930553597884,-1.0,-0.16008418077338815,0.057065425674381914,-0.4679329308395214,-0.07446848154110428,0.08085176501794629,-0.6746196083249676,-0.12687626133779428,0.08232372570977786,-0.8161079722998672,-0.1480905897950216,0.07821917300927902,-0.9430891624938387,-0.1561855482686493,0.11589189335052702,-0.387119920515558,-0.11026107442103449,0.1583964628160194,-0.5419645873959975,-0.14456677438965754,0.18416804724283317,-0.6543662617136062,-0.1447340385723684,0.19962858649574028,-0.7596588897957168,-0.1405290555942912,7,pause track
0.0,0.0,0.0,-0.11400418656061559,-0.10470568490407216,-0.03779537478083249,-0.19712174678604044,-0.2730784946952834,-0.06601362248475574,-0.2589014877891021,-0.40374731491165916,-0.09855267846262966,-0.31997068427109926,-0.5128095547475419,-0.12990211216095332,-0.08997313253529725,-0.4705076442651934,-0.010672842005380417,-0.1652685030666744,-0.5894619961052702,-0.09053379316106781,-0.24898760382413676,-0.5963895168153072,-0.15801739137697818,-0.31333095716172066,-0.5748704568334111,-0.1929551884524992,-0.02014785900881923,-0.5095126166349891,-0.029829716336180995,-0.03168959355065499,-0.728483967906688,-0.07815465818269704,-0.05239790031787063,-0.8768269342512738,-0.11153316473000145,-0.06964980017377197,-1.0,-0.1303435080262417,0.052493639271195866,-0.4836123460570979,-0.06269958491211886,0.08045215316040917,-0.6866944194283173,-0.11359028159467761,0.08722683758953538,-0.8234663095488359,-0.13032971130772317,0.08844188602277607,-0.9452545488258569,-0.13405585262706937,0.11789877220559768,-0.4062421509197716,-0.10063845212997659,0.1725161148556,-0.5539072306844499,-0.13575039785694812,0.20916841779556447,-0.6606290568300083,-0.1333835261878058,0.2357322285288816,-0.7596281810492816,-0.12577608228232554,7,pause track
0.0,0.0,0.0,-0.11176500487547812,-0.09373201637973694,-0.03538900210998375,-0.19891760880145032,-0.26021630296787795,-0.05949171120270663,-0.2582634826396172,-0.38952251279046196,-0.08709710233786634,-0.3173264385289552,-0.4969568428168053,-0.11347504748888347,-0.09401040647290561,-0.47366453088202043,-0.011863077698955525,-0.17142899708873488,-0.5894793374958446,-0.08638086129936905,-0.2507979250152048,-0.5935276786355905,-0.14970879248706356,-0.31300189819394064,-0.5694906074746425,-0.18275292790617065,-0.018872248451327303,-0.5169737623909882,-0.031265508607894794,-0.035393517396021444,-0.7392644542298059,-0.07507713810938665,-0.05046820948723057,-0.8828272748677136,-0.10730945000473535,-0.06200708448744966,-1.0,-0.12666345864680514,0.06061425766244632,-0.49396290780643215,-0.06344538729568718,0.08943230622092313,-0.6945434811439642,-0.1125391598071631,0.10143769641399675,-0.8244974664456683,-0.1317169289706549,0.10541592882094054,-0.9409836372060034,-0.138563923087948,0.13504709262006268,-0.41653759843704263,-0.09994819737784877,0.1947369374285402,-0.5591698717068614,-0.13389279183388386,0.23745009864882946,-0.658067733215239,-0.13217572124841168,0.26780031513875396,-0.750996128245231,-0.12634559587647026,7,pause track
0.0,0.0,0.0,-0.11168274611173769,-0.09725826940293658,-0.039791295706104825,-0.19543114188601562,-0.25972605224779116,-0.06830070254850457,-0.2574517547602023,-0.38815059901995597,-0.10021224806054638,-0.3134493894675577,-0.5028345863579654,-0.13087976004218105,-0.08886113165124085,-0.4742885625047333,-0.014717920185880718,-0.16636066032249208,-0.5888407086167907,-0.0946102496847954,-0.24562965232727382,-0.5931885618796867,-0.16187263240315797,-0.30439929605216204,-0.5691292097797408,-0.19647846493107757,-0.013388934378391877,-0.5145069683248185,-0.0334339403175417,-0.025253917915681795,-0.7381791694642348,-0.07851303742172984,-0.037582889538129806,-0.883794024176512,-0.11009790523236747,-0.04697225243684595,-1.0,-0.12828296394386732,0.06475933452596103,-0.488181168159777,-0.06605834784967309,0.09725565292877215,-0.6879009292407995,-0.11587092835167855,0.10983348031619218,-0.8220426901017475,-0.13372801929465147,0.1138305806813793,-0.9404201214421948,-0.13890389578079063,0.135730033358592,-0.4076132420920339,-0.10367487906777119,0.19579395963681595,-0.5478766076598444,-0.13934760619117442,0.23701970801020483,-0.6478548473163769,-0.1376137468932355,0.2657311511744989,-0.7407391713946112,-0.13063487441335436,7,pause track
0.0,0.0,0.0,-0.11072355068659162,-0.10063985484917708,-0.03893809243616122,-0.19430347860465624,-0.2633402075698082,-0.0692917125135222,-0.25690608289594713,-0.3920265742604027,-0.10257996863649874,-0.3147477906904017,-0.5003614999147893,-0.1343395113735351,-0.08668165456789571,-0.4752297963148813,-0.020996068056721728,-0.16703074872370446,-0.5944868967757077,-0.10344313934077516,-0.25239005955567645,-0.6019379551384344,-0.17289228483817895,-0.3161054237037216,-0.5780667673128335,-0.2086214588567784,-0.009766666150238216,-0.5138531931631759,-0.0387172923765998,-0.013468597420497275,-0.7368530944679611,-0.08495448082679229,-0.020339104134354025,-0.8819164831911147,-0.11636565850457421,-0.026316906891967185,-1.0,-0.1348577688406601,0.06808850895056574,-0.48471285717482654,-0.06988099682402422,0.11169056295865301,-0.6756255526501673,-0.11817668162679734,0.12982322654166803,-0.8049263257435566,-0.13534235983506604,0.13573331979143177,-0.9212152536897378,-0.14062992369287838,0.13809956625748318,-0.40127982446023186,-0.10591109352094787,0.2083572181491319,-0.5361159932726587,-0.13929561065174026,0.25173892935201425,-0.6368043350151686,-0.13707924499113358,0.2806298017086896,-0.7331576902794968,-0.13026198599538036,7,pause track
0.0,0.0,0.0,-0.10566767704624067,-0.1094785167126398,-0.04219013113674606,-0.18697873183851518,-0.2738753222599069,-0.07658850210740814,-0.25205257669666364,-0.4020712366377229,-0.11371086873289757,-0.30310808616956925,-0.5184413166551294,-0.14919710131602748,-0.0670027452012801,-0.4816275101691128,-0.02644236620881003,-0.14470802793252227,-0.6064793020650536,-0.114087751101127,-0.2323749674620011,-0.6140400262631859,-0.18763499883214613,-0.29772344682313745,-0.5908887144259342,-0.22632869261978852,0.006074925970796301,-0.5123424392186143,-0.04416096336473495,0.00792322559502068,-0.7324142922701825,-0.09573778304874918,0.0034725588528216745,-0.879783691352801,-0.13126646052214674,0.0018084702205573412,-1.0,-0.15212338509608817,0.07872375825947121,-0.47444099398313616,-0.07569557834593271,0.13198724301877007,-0.6747962830285498,-0.13151473832093438,0.16102826064388673,-0.809176317840256,-0.153617340950442,0.17993727003481239,-0.9310101577762436,-0.1613770103287151,0.14082425739859766,-0.3831106912278631,-0.11164280095482458,0.22087247788879402,-0.5126173428391947,-0.15522091176412778,0.27300028640839763,-0.6140442648652653,-0.15917911013218525,0.3128186562541482,-0.7136808148288637,-0.15551391354279323,7,pause track
0.0,0.0,0.0,-0.10825944906448037,-0.09260967850635364,-0.04741550113137381,-0.19277871336797672,-0.25629323193948217,-0.0826790395704671,-0.26080336021450806,-0.3844255073828828,-0.11936687793976984,-0.3163941813870969,-0.4977806234736998,-0.15349405653747067,-0.07784535359743562,-0.4744760240150776,-0.028119260906341485,-0.15543139904734377,-0.598103540695598,-0.11220163231667528,-0.2417647726738455,-0.5992997632307071,-0.18314240718704414,-0.3042237237357189,-0.5735405109392023,-0.22048314058120574,-0.0034626805154679276,-0.5106653572041763,-0.04175141885892293,-0.003318882360929963,-0.7302033617598799,-0.09118518988825709,-0.0067764552916738646,-0.8768888732314497,-0.12418369866996325,-0.0063099625535461504,-1.0,-0.1430413189178959,0.0686018039203463,-0.4776342793846225,-0.06925421968158457,0.1143736208702722,-0.6770540970490864,-0.12224230080522179,0.1394574933048077,-0.808803983077917,-0.138721791953581,0.1555325030321373,-0.9297876043633442,-0.1419802836733349,0.13120795819324035,-0.3903508295175965,-0.10207454414941682,0.19971363474980627,-0.525710795718482,-0.14218299912730162,0.2465896067460979,-0.6254977439536347,-0.141667362256669,0.2813319218937667,-0.7226935096873202,-0.1342844713165683,7,pause track
0.0,0.0,0.0,-0.10881316574081087,-0.09772083220387501,-0.04392440868178556,-0.19103070553412868,-0.26025115574598023,-0.0777069489460883,-0.25679198575432577,-0.3840409224706423,-0.11360990333412634,-0.31728052576451266,-0.4922852405234001,-0.1483620376094121,-0.0747698899819769,-0.47250590236753887,-0.02875606094146263,-0.15463820010569176,-0.5894181107095429,-0.11052632664766478,-0.24090889423144587,-0.5849234939135588,-0.18009481967325827,-0.30186121857648385,-0.5574701451517321,-0.21789756332581162,-0.003645992926257898,-0.5045229282603204,-0.04657477496012803,-0.008230159047587938,-0.7238044166800806,-0.09656682729385349,-0.012587047933829332,-0.8732127528974738,-0.13350523666872524,-0.010843192650775895,-1.0,-0.15650372742220098,0.06537650614535519,-0.4687848267832606,-0.07737914146509314,0.10836947763613608,-0.6672193239065213,-0.1335337199656486,0.13095777127439623,-0.803480994366706,-0.1583701238873068,0.14556557043149357,-0.9300157621213816,-0.16904837361955893,0.1251852437113037,-0.3801756384333398,-0.11245646482004815,0.19834861355977093,-0.5097742630394914,-0.15601704844075648,0.24976930247817938,-0.6086325287793399,-0.1604213140259885,0.2889243522255135,-0.7062218517766213,-0.15829779055067866,7,pause track
0.0,0.0,0.0,-0.11437058689670267,-0.09681166195755568,-0.04064187298086175,-0.19876379412872705,-0.2582901809402823,-0.07225832765078762,-0.26475727511859304,-0.3845178977621983,-0.10675190133830548,-0.3238419810074568,-0.49536531505540315,-0.1402109277243923,-0.0841830398478678,-0.47096745119933103,-0.02248588366830147,-0.16577831965971596,-0.585538388884504,-0.10353435562953475,-0.2522316943220152,-0.5825299646642085,-0.17366453521789393,-0.3122709159041895,-0.5551978610626247,-0.21196907276465946,-0.011286976777097,-0.5058826443774164,-0.04159351451989839,-0.01515115778510721,-0.7263129169664901,-0.0907163522829321,-0.021698234159144014,-0.8758761970481957,-0.12827564386204549,-0.021978633026532874,-1.0,-0.1518537066827237,0.06097410408411228,-0.4750954943934062,-0.0735281355973284,0.10172259512841227,-0.6743455723661645,-0.12695554233341047,0.1210856654116797,-0.8121583215281633,-0.15031016230663818,0.13391378182833502,-0.939354850696168,-0.16042250764419666,0.12429022389612382,-0.39151772343527086,-0.10974559242967241,0.19241107317264072,-0.5252053282636656,-0.14954893142939954,0.24041659787363315,-0.624031895898231,-0.1510287173459184,0.2774720724441044,-0.7195901960011801,-0.14711492629393644,7,pause track
0.0,0.0,0.0,-0.10991354600730532,-0.09932942024355769,-0.0375506812199236,-0.19199296599839835,-0.2604095380469268,-0.06794014496145635,-0.25787263865610716,-0.3856375220359557,-0.10159895010352157,-0.3178573628620469,-0.49439363546731036,-0.13379987291228837,-0.07699673445398461,-0.46655466212993313,-0.02296921963140933,-0.15740800272527167,-0.5855549156044357,-0.10547647883147342,-0.24399556604761213,-0.5855583491235943,-0.17538149826620172,-0.3059134288637105,-0.5596222186390943,-0.21283405595184823,-0.007123407747567672,-0.5010644919250025,-0.04256008047862008,-0.010874022498975835,-0.7257401169348907,-0.09296832001572784,-0.016715448446214764,-0.8760929110284299,-0.12863495964062596,-0.017469206887370137,-1.0,-0.1501471353371675,0.06267114998991824,-0.4714268931397951,-0.07477266294619606,0.10360421891983507,-0.672579815014106,-0.1281660991347474,0.12101350753169357,-0.8102262318843995,-0.14817314794760816,0.13069172282882932,-0.9370152552602692,-0.15535928474372412,0.12466165529958632,-0.3901999284346889,-0.11121201269152654,0.19690895754655532,-0.5245472046609686,-0.1496502512558039,0.2452667760231298,-0.6251944230223518,-0.14968596658744313,0.2812111435874149,-0.72263836998054,-0.14468196586438437,7,pause track
0.0,0.0,0.0,-0.10537746615766062,-0.11178937282397854,-0.03851842892344192,-0.1789101617190931,-0.2723627893273934,-0.07266187924510419,-0.24130121437313373,-0.3949583071189717,-0.11050401108189001,-0.30058309459334814,-0.5059299295275358,-0.14844389610122555,-0.06088743816967082,-0.4761613363748876,-0.02925471663254304,-0.1418151305853799,-0.5956061747039785,-0.11365146394078125,-0.2324522324999346,-0.5928447526993336,-0.18555205736050612,-0.29395133146012503,-0.563927432222395,-0.22485513507570595,0.0074020179437018765,-0.4997479291227906,-0.051104927712648164,0.009899323084378351,-0.7231858399769818,-0.10357099502837554,0.004431546443129864,-0.875115744724202,-0.14360818098950073,0.0033763180030369653,-1.0,-0.16885251662235556,0.07232837222236754,-0.45746403756695847,-0.08506254287572329,0.12296033910485239,-0.6603737972942648,-0.14265256425562894,0.14377263785083075,-0.8021380593984165,-0.1718077069282961,0.1549345180159778,-0.9321243063232482,-0.18572257690735675,0.12581475612727722,-0.36250297707958473,-0.12255023015640029,0.2031936320095597,-0.48982148535965186,-0.16753201834527584,0.24737390605231677,-0.5929212963409111,-0.174694871826153,0.27810906918251116,-0.6934873200501663,-0.1746736708894571,7,pause track
0.0,0.0,0.0,-0.10308028348555927,-0.11742481194993669,-0.038251522224936683,-0.17197077034799033,-0.28796309060083647,-0.0700993086131391,-0.22816707855540033,-0.41779259850867384,-0.10515822836091823,-0.2793049004574594,-0.5354449322053408,-0.13975539869242354,-0.04529814444007055,-0.48300948315187964,-0.028610443642535014,-0.12058169394985427,-0.6094490449344792,-0.11016448840647942,-0.20950375815902078,-0.612183427151118,-0.17945245441038182,-0.27151693480883765,-0.5879711199441783,-0.2171819302008458,0.025917583409244972,-0.5006719068198258,-0.049516673169485895,0.03840996263868381,-0.7249841900097915,-0.10176533340604599,0.03841451023137299,-0.8761673457264708,-0.141776617120406,0.04131630070388208,-1.0,-0.16693190142311082,0.09068027723261932,-0.4549600735573118,-0.08222777384324018,0.14417346792312863,-0.651868278977758,-0.13775897885582422,0.16987290899556468,-0.7906839721516793,-0.16617417655531078,0.18608379792203436,-0.9182492052371214,-0.17981512492734364,0.14219498087879387,-0.35849739010813325,-0.11851427715658779,0.2180495374956123,-0.48198371677592733,-0.15867755882737333,0.26535885480247107,-0.5787798666702668,-0.16354115591634558,0.30048531340729806,-0.6719741810425072,-0.16255804098588822,7,pause track
0.0,0.0,0.0,-0.10564495583028927,-0.11248648496160099,-0.037577337660673095,-0.17732030023446774,-0.2814885960628539,-0.06969985425181244,-0.23573639985541084,-0.40910373863563776,-0.10478079301584399,-0.29194638916616106,-0.5225420681834693,-0.14016991284170555,-0.05496654000254039,-0.4774399531795366,-0.03297643727445397,-0.13142003606543814,-0.6046809793182822,-0.11569309483243179,-0.21989860925741944,-0.6041337271483119,-0.18556453698075906,-0.2821381656791328,-0.5752566011927583,-0.22367663465942467,0.01656621773181808,-0.498606947968509,-0.05503160687804549,0.02271315757047516,-0.725769511242714,-0.10767037473189174,0.01950711347428682,-0.8769405417241045,-0.14810533423537733,0.01907840337425398,-1.0,-0.17397522254711462,0.08356148905795303,-0.4536097814309329,-0.08843779175573156,0.13388983305154623,-0.6547866366983739,-0.14489636678358017,0.15477209300422,-0.7959499246724343,-0.1743236682647129,0.16792397755272162,-0.926476144760477,-0.18913746220585378,0.13784381768025009,-0.356603195256914,-0.12511922660590155,0.2119891783222073,-0.4846521638020461,-0.16734684258163068,0.25937531106330775,-0.5849052825474355,-0.17309006701071028,0.2950621746579272,-0.6817165154828952,-0.17299726874110294,7,pause track
0.0,0.0,0.0,-0.10756087250152122,-0.1023341547985132,-0.04068025560568967,-0.18832008760974436,-0.257295821820562,-0.07234793795944373,-0.24468527878428106,-0.3822940944405109,-0.10660914679857747,-0.29560963142538943,-0.500271700165457,-0.13904722672463818,-0.09880450441280594,-0.4633790228452513,-0.017595866682170627,-0.16247937359627154,-0.5831479031092098,-0.10167438418517404,-0.23471863022105263,-0.593885743282349,-0.17101764171933717,-0.2939847797386121,-0.5760083627483248,-0.2063588531439688,-0.019566721076042612,-0.5051585883478743,-0.0350222733267516,-0.034433185311103,-0.7312850444549615,-0.08712487561551159,-0.04479984308702504,-0.8758530099876,-0.12293690954794242,-0.051294792079163785,-1.0,-0.14271673917254746,0.06572558506176591,-0.4826632708479913,-0.06601245122089329,0.09006864199695536,-0.6945717174764054,-0.12158497462224949,0.10624271435671996,-0.8314606057048862,-0.14160922852408525,0.11534589578214655,-0.9571681071406548,-0.1466410123170255,0.1462280334836835,-0.40643372915720943,-0.1013613476293544,0.19485887119242717,-0.5586913220141029,-0.13836677828934732,0.2327450335037434,-0.6620047712837368,-0.13640557970305,0.2598469949902264,-0.7592335336103581,-0.12869966299917346,7,pause track
0.0,0.0,0.0,-0.10626424687670741,-0.10608222020490209,-0.04046307024792502,-0.1823759583265652,-0.26675884477832734,-0.07076585535103765,-0.23644065776982676,-0.3945963956964509,-0.10426727490321694,-0.2855770399012699,-0.5114442142347196,-0.13604497406269234,-0.09063700124143652,-0.4636508819082594,-0.015865422067248707,-0.15531202807392241,-0.5830790930013011,-0.10151413063004652,-0.23085353549161894,-0.5950190192285958,-0.17223180331451007,-0.2912578803293791,-0.5767651798913308,-0.2077632268932071,-0.013135454014726176,-0.5038414938059028,-0.032894009218987455,-0.019380942640837107,-0.7307427843238338,-0.08249195049732934,-0.02347515379791706,-0.8781268563613643,-0.11513266808009702,-0.023285378199520822,-1.0,-0.13237878144513857,0.07064784096629408,-0.4802958686378571,-0.06396026919372011,0.09727870856681849,-0.6886190345510016,-0.11681809616516034,0.11316488531515542,-0.8232237376815825,-0.13244151302656143,0.12273787998433255,-0.9439131962319163,-0.13422496320542274,0.15009597703510572,-0.4041487752967729,-0.10004018062056505,0.20309234805195642,-0.5506675261639582,-0.1352271698950272,0.2434217095974257,-0.6500986818491045,-0.13030835598374482,0.27397353405295033,-0.741614893846285,-0.11988304335476356,7,pause track
0.0,0.0,0.0,-0.10340774669647564,-0.10702815493392952,-0.043511094470393065,-0.17780453314430086,-0.26342577748695856,-0.07545304877542605,-0.2307227220677245,-0.3911375756584328,-0.11008903856040161,-0.2788989585037352,-0.5115268371594235,-0.14227210924764375,-0.08158249268407947,-0.4654037842848574,-0.016569133349285045,-0.14568776923496374,-0.583322827489685,-0.10195497999668494,-0.22211839976734463,-0.5970006361670029,-0.17234417788097525,-0.28282661722740243,-0.5827417707254121,-0.20774594460762338,-0.003955577366995656,-0.5033173019248596,-0.03226292345052648,-0.00905276550884272,-0.7274823418216187,-0.08354954167761992,-0.011893487467510042,-0.8764456077212498,-0.1163039721263903,-0.010584655651889416,-1.0,-0.13295589789478915,0.07770645436864969,-0.4776876965301634,-0.06233737089404394,0.10431408473744479,-0.680214333751386,-0.11731365095293482,0.11902648272352181,-0.81322827489685,-0.13221172791096597,0.1266916044131814,-0.9323527636912227,-0.1323113880160244,0.1548997582565389,-0.4006235163676682,-0.09773756537938483,0.2085509569769344,-0.54614130177945,-0.13473159449765737,0.24984379373648144,-0.6463465474307941,-0.13043485894319237,0.28133747750695237,-0.7389984913753931,-0.11956870848060809,7,pause track
0.0,0.0,0.0,-0.10213573825228352,-0.10983257352786227,-0.04099508391678637,-0.17518696599958322,-0.26918377107026037,-0.0731295038143824,-0.22755588492166628,-0.395525284312417,-0.10891178936397111,-0.2745302142674843,-0.5137724985541452,-0.14329714851839775,-0.07021249382438542,-0.47067226979299104,-0.015945048359441546,-0.1324422009304983,-0.5910885588983874,-0.10029737410393968,-0.20764655230950424,-0.6050808625021366,-0.17083741696446095,-0.2697351861347794,-0.5910071929812238,-0.2063812983645635,0.007140590938997806,-0.5065347368075994,-0.03328806189545211,0.0070469323293130375,-0.7316245466337925,-0.08104459383347704,0.0037380029174656918,-0.8778255631809274,-0.11383800357467488,0.0020887333375479706,-1.0,-0.1312349622747402,0.08911675248136779,-0.4784207636454741,-0.06453587820472338,0.11586989531308903,-0.6885863667015545,-0.11710336892813077,0.13015254060686096,-0.8251273757091713,-0.13429432441863262,0.13865659602466032,-0.9469662512907328,-0.13715305225959093,0.16480417740813846,-0.3990007504396101,-0.10080490498786623,0.22261012496399998,-0.5433632045761597,-0.1380038638992488,0.2666965496168192,-0.6436147950164254,-0.13600491111957833,0.300440283270465,-0.7376334049821698,-0.12720112071174192,7,pause track
0.0,0.0,0.0,-0.09896935310448503,-0.11550098514155005,-0.038896705717833276,-0.16841432891874106,-0.27288844023196157,-0.07026652835474655,-0.21767972351380244,-0.3952596332364621,-0.10573474306620816,-0.2593427167978586,-0.5127493437271439,-0.14034124369140039,-0.06720066259023051,-0.47989856329094194,-0.013436221518031252,-0.13022686786895185,-0.5999108841597498,-0.09444147818278885,-0.20482656077296021,-0.6181101294450612,-0.16420867805706332,-0.26466464361221603,-0.6052685383114581,-0.2002671803424919,0.013083727015081493,-0.5094382729607628,-0.03241098710619761,0.013729856634295337,-0.7378688874702419,-0.07526646163719855,0.014990583242996448,-0.8811425978562006,-0.10727969727771992,0.017525488453814134,-1.0,-0.12577526611153406,0.09641116003409864,-0.4752515504688056,-0.06518425585453373,0.13026910423537458,-0.6869214151178854,-0.11383645922958102,0.1512665087961934,-0.8252656208199829,-0.13302766246482883,0.16416190790345836,-0.9506666945349541,-0.13945831197841993,0.1719268902961731,-0.3886361898978856,-0.10272843046516904,0.23477373566268822,-0.5318874802948185,-0.13799840908011562,0.28196564288559145,-0.62759826880077,-0.13619379885054,0.3166887093730814,-0.71840906022132,-0.1290455379220791,7,pause track
0.0,0.0,0.0,-0.08975448415644038,-0.11886616639922855,-0.03785028476435527,-0.15254574650622402,-0.27801574930988254,-0.06907385376461628,-0.2020197030317501,-0.405566901633763,-0.1030827211111232,-0.24225704189902295,-0.5234985151876392,-0.13602763182088215,-0.049992221689223765,-0.4713666441478431,-0.020508619430184744,-0.1057791043517085,-0.5894847349387131,-0.09949132805394084,-0.16223172952798437,-0.615893580575283,-0.16561565434895015,-0.20604145803532725,-0.6124513350022396,-0.20010812932077274,0.03268132744637263,-0.49325179179202605,-0.041335820663245613,0.03531815313291147,-0.7278769891567315,-0.09297529556154618,0.03488597660844561,-0.8765839190177459,-0.13318106438148328,0.03463984398889688,-1.0,-0.15660608464336895,0.11497152213814135,-0.4518021342182552,-0.0739360518170197,0.15989491408252693,-0.6666513555999577,-0.13060417393779888,0.18534421805732318,-0.7984454067305427,-0.15973999638835823,0.19922081114853657,-0.9181983150026642,-0.17217630198973866,0.18607033817379706,-0.3560270786325831,-0.10956514328432113,0.26035732274154183,-0.494687998738137,-0.147489554136863,0.3118546511770671,-0.5862692664857938,-0.15059436943845417,0.34894325473122795,-0.6728110266258006,-0.14756342822818366,7,pause track
0.0,0.0,0.0,-0.08357694450189913,-0.12635296011808506,-0.04575356179796128,-0.13758120698732654,-0.2824708959328344,-0.08714072749488411,-0.1755744131002971,-0.4050230811176714,-0.13177457513424046,-0.20358759190139522,-0.5258838458030912,-0.17557074618365567,-0.020644320446767703,-0.4780689718795833,-0.039916162300422164,-0.0720265432853221,-0.6010681774378549,-0.13511075663714558,-0.14072783084502274,-0.6108077274735813,-0.21250143422777776,-0.1941577096103945,-0.5894701802301531,-0.25167240240662586,0.06214067964724907,-0.4856161682994246,-0.05890250063505607,0.08665746281636644,-0.7176242960494152,-0.1162916194202536,0.10101529300327178,-0.8694649094148396,-0.15821383603901087,0.11378233001767515,-1.0,-0.18262415255822792,0.14210958359971418,-0.43034840853108197,-0.09083678023006707,0.1982362747264112,-0.6405666802207514,-0.15106111526706267,0.23452410472528298,-0.7771186973506073,-0.18187082480518177,0.2574484788086195,-0.9009384930521606,-0.1952230611410191,0.2069788062690384,-0.3210909294968222,-0.12675138934945895,0.29470688508329884,-0.44775664228498363,-0.1696205678749704,0.3556416527208454,-0.53830684019029,-0.17505053228374595,0.40382363276108457,-0.6227115729946222,-0.17254410388691996,7,pause track
0.0,0.0,0.0,-0.07761820439375251,-0.1328499723602805,-0.042688287959761304,-0.12142187177885194,-0.2999422580845785,-0.08201309448172486,-0.1556113050399,-0.4303234399659294,-0.12609285815817692,-0.18243446103178393,-0.5515991416691107,-0.16962417328160223,0.01297756652395879,-0.4917731187863906,-0.031802862035788054,-0.03319291955941877,-0.6271340278569225,-0.12536816397091569,-0.11024254445796,-0.6391447566773364,-0.20171055695500462,-0.168715941662039,-0.6143921329560482,-0.2402766474548021,0.09874135883869611,-0.4908897842902212,-0.05235243754668088,0.14187226503318187,-0.7165610695734833,-0.10819899097152784,0.16507321289718876,-0.8670013319471906,-0.14893827612093227,0.1856230523153119,-1.0,-0.1716737508248274,0.17661764970515,-0.42619831838115535,-0.0860310795966862,0.2513028236712177,-0.6311627024479226,-0.14566270890684868,0.29894969065929017,-0.7658034950117488,-0.17456591756100112,0.33434479026804054,-0.8932077638725031,-0.18600688300330137,0.2353704432741718,-0.30783859919186574,-0.12357522264383662,0.3361062501756093,-0.4173722345679285,-0.16574218178219718,0.4069479088365967,-0.49583068012020676,-0.16858762460649349,0.4667592515713283,-0.5735005018084995,-0.16340587766572584,7,pause track
0.0,0.0,0.0,-0.0779239381059171,-0.12703583751126749,-0.04322013540033457,-0.12146842354209603,-0.2919435995980329,-0.0818127220805998,-0.1526433375120813,-0.42090919182406417,-0.1244310023641253,-0.1739608117860876,-0.54299401053357,-0.16573387326490213,0.01607689460537851,-0.48425465991165706,-0.03503745445653217,-0.02910599425175291,-0.6159570011064839,-0.12416583606438765,-0.10709015580946342,-0.625175583915195,-0.19448694995084137,-0.1642562094447951,-0.6024340691554035,-0.22927549483179915,0.10305046432281333,-0.4843524823292999,-0.055762091410846655,0.1474043855043128,-0.7107142078190875,-0.10942293160775456,0.17306283129002215,-0.8626659522320602,-0.1467893759305223,0.1978192274275178,-1.0,-0.1671342414580651,0.17973656634524704,-0.41794050118282117,-0.08923201227885866,0.255597769844197,-0.618094445346892,-0.14980630637048228,0.3057220743040204,-0.7532055966793114,-0.17913906429857418,0.343716887274394,-0.8834078856262246,-0.19059014674187544,0.23779441536537893,-0.2987428273055084,-0.12622788908836993,0.3435759318439802,-0.40412898496139027,-0.16993503888167327,0.4169850642584231,-0.4779873517729947,-0.1734727292406799,0.47831646479874135,-0.5527826001752014,-0.1686242429001726,7,pause track
0.0,0.0,0.0,-0.07951214698622618,-0.12938595563270774,-0.04314387299695541,-0.12637110701240045,-0.2943366986053532,-0.08034017824174598,-0.158298678879523,-0.41920782872166323,-0.12139724832580528,-0.18588914761130118,-0.5407704451404015,-0.16238964544697354,0.01259222310556828,-0.49266082732984307,-0.03426165748944207,-0.033882179539888604,-0.6217170656308442,-0.12211801836810829,-0.11255632318459549,-0.6292787297961389,-0.19427683836597223,-0.17277966774716233,-0.6077270983131438,-0.2315689179903382,0.10118903043301128,-0.4933881350168777,-0.05652017445372038,0.14235715055844603,-0.7189704762502812,-0.10698048282574782,0.15883929343674633,-0.868169599960461,-0.1470144485348068,0.17346923058564942,-1.0,-0.1711539717750548,0.17803026392112106,-0.4247236543919178,-0.09144697547117255,0.2560150139867514,-0.6313340468181685,-0.15192524586341938,0.30385923304160345,-0.7682669410474551,-0.18618803692401747,0.3393613943996462,-0.8978945991183954,-0.20283630791375,0.23371339405571107,-0.3010496960862654,-0.12957686802022095,0.3421936121159948,-0.40551660426354297,-0.17767464825075566,0.4177049744155938,-0.4791388622822499,-0.1859044004668268,0.4798687088604424,-0.5544889203636166,-0.18505586072700222,7,pause track
0.0,0.0,0.0,-0.07862258137715207,-0.14733446008625659,-0.03631907830087332,-0.12096770516624047,-0.3200359419919818,-0.06851298906088442,-0.1467696222829127,-0.4497113733186825,-0.10505143314755344,-0.16739102453265414,-0.576217855889026,-0.14089855482459387,0.035229149488594694,-0.4985313515669032,-0.029724013871485763,-0.007127548126951549,-0.6391205505213308,-0.10870961719313889,-0.09073985159548704,-0.6483868014888851,-0.1729517630366797,-0.15714836347847497,-0.6283917887559224,-0.20610816734340573,0.12200777129838342,-0.4919309386268041,-0.05228353611006722,0.1747612722932064,-0.7140943954271461,-0.10303518709010728,0.20104560753996215,-0.8632952227102324,-0.14215149825909532,0.22448751622527716,-1.0,-0.16559082036955802,0.19208448472447803,-0.42098215491321206,-0.08572114823151103,0.2772206753432955,-0.6174217302449688,-0.1464443028287226,0.3283277118439876,-0.7505736935341941,-0.1792861204490667,0.36558017663062065,-0.8779438290637019,-0.19408348773673345,0.24308595389899418,-0.2976377820199554,-0.12138895231889552,0.3532898250984389,-0.3959130714445293,-0.16918551277056937,0.4302091250152126,-0.4631364859267531,-0.17588662676890202,0.4943039237726746,-0.5285217663342641,-0.17358991270098612,7,pause track
0.0,0.0,0.0,-0.07636419499193528,-0.16140722266340507,-0.032646578945373254,-0.1098873825374382,-0.3402032530051389,-0.06161325293713117,-0.12080523403642816,-0.473893051958681,-0.09628277216428514,-0.13246917195231578,-0.5972194846098077,-0.13034129546576598,0.05967267143751807,-0.5043278329161401,-0.01752478731635271,0.02979142621568031,-0.6556472228457015,-0.10027284028051284,-0.05294820918371804,-0.6783488342328526,-0.17128574279024197,-0.11872496508832076,-0.6681521932737907,-0.20814787593277162,0.14894763646887116,-0.4851445440365687,-0.04218370058993077,0.2077295236402485,-0.7128858561840101,-0.09136037493109032,0.23647768216073006,-0.8647001051622951,-0.13326338023136114,0.2628035758978198,-1.0,-0.16008542665772305,0.22026525660321608,-0.4074224299895977,-0.07857978192246504,0.3117581624208672,-0.5922579814536095,-0.13129441184347368,0.36286365778692803,-0.7169622718397857,-0.16097186714000364,0.4002726092288364,-0.8399900040750864,-0.17572546967969774,0.27016132860729647,-0.28197034415680844,-0.11837514412852616,0.38088100861616825,-0.3803265234195938,-0.15395103064971263,0.4526374696030076,-0.4489757784915192,-0.15519906146769602,0.5097238094044487,-0.5209413107802177,-0.1513248572583938,7,pause track
0.0,0.0,0.0,-0.06279871999537,-0.17563931906711744,-0.03181341372788235,-0.08064133665793717,-0.3676046454425758,-0.06203604879594188,-0.08409515472751271,-0.5148757131902211,-0.09860535339227099,-0.07748473141927466,-0.6543454967533668,-0.13387960180954736,0.11314062527631348,-0.49606187975158716,-0.013615753078218109,0.08790687411680163,-0.66790555585029,-0.09544258761889064,0.009178229632380484,-0.7151220039580148,-0.16315416135580646,-0.05708516001665517,-0.719766080038069,-0.19723882370675794,0.19493444035567473,-0.4757081261484593,-0.03828657517312847,0.2659476085520128,-0.7103818712632369,-0.08938096684839603,0.3031390015578052,-0.8637012904543035,-0.128145142483696,0.33930692941968943,-1.0,-0.1506141511633556,0.26064038011089513,-0.3952160992493919,-0.07517609255796905,0.36430877820809,-0.5916802110512532,-0.13037560772325876,0.42352486781162935,-0.7241225891397346,-0.1567046655324606,0.47205978338630517,-0.8515529420654021,-0.16752482524366377,0.30229498946190614,-0.2657175147782499,-0.1154539636962118,0.42091707139056217,-0.3613400661383955,-0.1528450936716631,0.5018116116772691,-0.42677511820188446,-0.15325150056748307,0.5707067114234223,-0.49469015914049025,-0.14771386436000722,7,pause track
0.0,0.0,0.0,-0.0623978106090304,-0.18315446406093475,-0.027504542933445893,-0.08230835112647432,-0.37365806051858613,-0.056262534820970427,-0.08728504139438034,-0.5182376108191256,-0.09221588454380057,-0.078009021537172,-0.6521259487721316,-0.12755255469035698,0.1066423130376393,-0.5037757713586457,-0.005485074929289341,0.08310749394816239,-0.6714880497072714,-0.08945085904198989,0.00470184056911735,-0.7132402175868953,-0.16238844170424413,-0.0592890064529838,-0.7104604351863886,-0.19986525585398535,0.18604595008233943,-0.4820857417676846,-0.03186111701961264,0.2519309293678268,-0.7185570579785886,-0.07967275030607385,0.2852725704829901,-0.8711295062804941,-0.12003068324736667,0.31912422681462216,-1.0,-0.14488757348155162,0.2528474449791427,-0.39979166854764087,-0.07066096357936158,0.3522800451769757,-0.5979060190404281,-0.12082848751532685,0.41160264670391383,-0.7309444016223902,-0.14684388287790484,0.4610556454107134,-0.8546152177706183,-0.15907290973569668,0.29739262331964267,-0.2692483501144227,-0.11293281838229183,0.4097125038555597,-0.3731866796371648,-0.14578576927910183,0.48527685385491925,-0.446583517458835,-0.14437184972712575,0.5485454067870028,-0.5220393133754797,-0.13853202852010932,7,pause track
0.0,0.0,0.0,-0.07167790282745609,-0.1590839659175658,-0.025002984927894455,-0.09704958347682238,-0.3425586755767203,-0.05188348427770421,-0.10784157964011891,-0.48152382199893096,-0.08496221038017546,-0.11513744314136436,-0.6125047800339303,-0.11753759362797875,0.07042674875296573,-0.4905491598760255,-0.002093153591457709,0.04476794915945348,-0.6375481436566572,-0.07892892945995818,-0.02599683514217564,-0.6755050990549794,-0.14727547875082297,-0.08520524039609316,-0.6792887732056122,-0.1834916699141512,0.15196557107936864,-0.4851258020421573,-0.028497604022571874,0.20038810706430915,-0.7133126849952358,-0.07505975608363799,0.22093538661759518,-0.8657531960204765,-0.11625188334134573,0.24290326056413908,-1.0,-0.1426979096278351,0.22074164999376747,-0.41857357449352767,-0.06647287408128442,0.30240596801761166,-0.6203087532192604,-0.11767892153725001,0.3491681156419612,-0.753820541152659,-0.14814993446077157,0.3881102333924191,-0.880058860439911,-0.1638580106582097,0.2710130291576788,-0.30189701324465534,-0.10703162703645457,0.3713643748560708,-0.4221761883534077,-0.14109739053199566,0.43819928463227015,-0.5022663170815701,-0.14444072056244,0.4928351252738616,-0.585675532353171,-0.14341290763131262,7,pause track
0.0,0.0,0.0,-0.07431804572713611,-0.15842256489538967,-0.02882137244629152,-0.10025052036585476,-0.3426387117954302,-0.0532724616406158,-0.1123363196319709,-0.48628472690369584,-0.08343900814054282,-0.12204146918873433,-0.6226229349618655,-0.11286478500834914,0.06916275348975769,-0.49326017607905026,0.001393486234265373,0.03912770289560111,-0.6364955055713281,-0.07210488634004915,-0.031949800050249604,-0.6774799611528645,-0.13853552514558104,-0.09061899032545391,-0.6802935535412914,-0.17411113987924318,0.1455115422133023,-0.49084507072395805,-0.022273512350551906,0.19718110015806795,-0.722089107864148,-0.06503184850346992,0.21779520677025618,-0.8733725057643653,-0.10323805682230405,0.23982927120530986,-1.0,-0.12778639359906185,0.21217979255561162,-0.4268906840066309,-0.058252726955508295,0.29418059124176005,-0.6245811284930214,-0.10552927701014511,0.3347329601851103,-0.7608296662681796,-0.13242669698851295,0.36622563440120154,-0.8872493565782676,-0.14632777108441608,0.26138801893733654,-0.3135705593841984,-0.09784913898853265,0.364222926743873,-0.42902329586870386,-0.12970672069656536,0.4289045201955026,-0.5151613401662517,-0.13134690841349145,0.478011305732007,-0.6040451356118574,-0.1293656820321946,7,pause track
0.0,0.0,0.0,-0.07952970235476721,-0.16489180148064492,-0.02918512521573824,-0.11723000875200618,-0.34484334745200423,-0.05599924711245664,-0.13489796991748204,-0.48819403441956943,-0.08853009383549383,-0.13968593567792617,-0.6252620705393652,-0.11958032247257738,0.054098049317125654,-0.49890924519503416,-0.0016484134196370964,0.021565541787033342,-0.6518811971828972,-0.07780361157860738,-0.052306055697265534,-0.6913004354436664,-0.1448764564053399,-0.11297570190451313,-0.6916556212108842,-0.18009755954543294,0.1352659194855044,-0.4943380439827372,-0.024895100700988236,0.1834037139579424,-0.7245723631583013,-0.07197042394699443,0.20485526179985877,-0.8739213763074368,-0.1102648041225231,0.2264047388031208,-1.0,-0.13362815063484754,0.202155497864154,-0.4324994096742128,-0.06065404915690944,0.285146610957811,-0.6204694834027676,-0.11066544029896372,0.32725130889476267,-0.7548687848267457,-0.1359659755423485,0.35857939777306885,-0.8807357054783773,-0.14734511027108801,0.2485380496604279,-0.32219090200679956,-0.09989668482895986,0.34872860440381936,-0.43406517592808785,-0.13179979118597085,0.410347393246761,-0.5184743913042426,-0.1315442400879649,0.4570618038639546,-0.6048807013752555,-0.1273523630808297,7,pause track
0.0,0.0,0.0,-0.07428293094668718,-0.16307511828392524,-0.02878347439939009,-0.11031934759759458,-0.3358346980188923,-0.055668279374535154,-0.12774462743078327,-0.4745746003516664,-0.08799581583991685,-0.13655282886686615,-0.611310728507376,-0.11949987116903073,0.06136971958338307,-0.48540334114367134,-0.0018330110461710202,0.022727323530845025,-0.6355504947068977,-0.07237379864465526,-0.05514044972704053,-0.675286874563826,-0.13638897264038752,-0.11519086150218685,-0.6779105132871867,-0.17139803310188148,0.1381853102161635,-0.48134437957437903,-0.02614131539251011,0.18253479668755831,-0.7181643783315205,-0.07241826828157515,0.20146223654639103,-0.8714025838046584,-0.11285616609132747,0.22382743221391116,-1.0,-0.13885261567351687,0.20391151740963234,-0.41918513183466044,-0.062144154533636704,0.28498501640081564,-0.6140304875895205,-0.11220462234248148,0.3274172370180514,-0.7523548370223433,-0.14096805991275552,0.3597574905701457,-0.881176683078659,-0.15558350974038712,0.25342177300484314,-0.3083261690135682,-0.10126864028971722,0.34964875832614667,-0.43150887950933015,-0.13267319428231103,0.4091613431635401,-0.5191002329689254,-0.13300546615628694,0.45226081789930966,-0.6082610307053133,-0.1304165872370911,7,pause track
0.0,0.0,0.0,-0.07878398218963813,-0.16278712703250423,-0.03079862028864986,-0.11782627354196742,-0.3424533478896502,-0.05954949872235208,-0.13999036373013357,-0.4821812694390767,-0.09409004748984459,-0.14992969182905463,-0.6193331960123963,-0.12822154156693075,0.04975979622346595,-0.4963239125665841,-0.007491817464015465,0.01083533605431125,-0.6504484391496784,-0.08538229794716572,-0.06839185206294952,-0.6879038033361846,-0.1553435935835958,-0.13234249507976703,-0.6882068615686678,-0.1932147004401879,0.12718023953204952,-0.49367561209171107,-0.030987323832087944,0.16918348569187994,-0.7262007231888867,-0.07779954469436673,0.18724490832042137,-0.874852571542832,-0.11798398118123893,0.2081565958571181,-1.0,-0.143831760364709,0.19375954449321098,-0.4299523743318157,-0.06653408576757225,0.2721474085954724,-0.6290705596780353,-0.115642567615433,0.31463179875326575,-0.7639506653333294,-0.14127070350379867,0.3489438822295177,-0.888565175484776,-0.1540365154778124,0.24200918235201307,-0.3165827082292361,-0.10581236726002023,0.3356363229797364,-0.43550338351796153,-0.13834429744638319,0.39836379797575844,-0.5209981640205607,-0.13777416635696024,0.44843669486209176,-0.6061247220757391,-0.13382379504367592,7,pause track
0.0,0.0,0.0,-0.07642846183455765,-0.16032011578255062,-0.031222001714172137,-0.11429062999381787,-0.34016687258805045,-0.060841243990774355,-0.14383070301291248,-0.4790817072722101,-0.09703225665516377,-0.15668688195545458,-0.6098987620490928,-0.13289580412879104,0.05179057391500965,-0.5015585422381097,-0.00660531246036349,0.010305490429366274,-0.651329561248377,-0.08618519915509423,-0.07174543271754316,-0.6877332317633958,-0.15697891841829945,-0.1364592558297286,-0.6853990074499575,-0.19461490672429774,0.12531819115785242,-0.4996200099954868,-0.029519298384750862,0.16328040391098095,-0.7250020861316658,-0.07544603728204409,0.1769925697822258,-0.8743594678524867,-0.1125120055320174,0.19221594737744088,-1.0,-0.1354927015799419,0.1898032127324915,-0.43711412172062347,-0.06524159385524309,0.26806410570451583,-0.638773067456974,-0.11360901216860789,0.30614206511781483,-0.7750331313598976,-0.13730975310425364,0.33391139368848716,-0.8987517305920217,-0.1479222189298279,0.2343398806463509,-0.3249955361268655,-0.1051547953562709,0.331751910941469,-0.4415216917316508,-0.13889313825440577,0.39322976250400404,-0.5316620951222204,-0.140289738914072,0.4409333128757841,-0.6197094130747068,-0.13661984356610077,7,pause track
0.0,0.0,0.0,-0.07484874793592428,-0.15667773181485453,-0.034787236035743775,-0.11202855375675967,-0.33237571568811036,-0.06898336365946064,-0.14406868336085435,-0.46949367016779303,-0.10930590563609333,-0.16279976621327932,-0.602215299411561,-0.15016943405650085,0.055569968620374624,-0.4952939641035244,-0.015485180897259192,0.0078109732223413855,-0.6380448166873783,-0.10063100678289663,-0.07698120059695056,-0.6752638895981933,-0.17553317952404593,-0.1434404099211821,-0.6767406045543015,-0.21601508091371505,0.1283125932735248,-0.49394095182972153,-0.03967870182741257,0.16285129008279,-0.7249769334218545,-0.08909936329629681,0.17673731338201998,-0.8737951188510404,-0.1291079316930987,0.19327193594697809,-1.0,-0.1541104426305721,0.1938119151785461,-0.4290778475733279,-0.07669735369515285,0.2688281724347298,-0.636971667546204,-0.13006318026172248,0.30783060676733115,-0.7753078097248467,-0.156743408827963,0.3371238558920496,-0.9039915110452876,-0.16940494580541846,0.23972354152835232,-0.3130070533226654,-0.11779561930410483,0.33717696860335133,-0.43077427665140244,-0.15758243078235187,0.40147966566229165,-0.520739265387649,-0.1615625362133536,0.4525060007149788,-0.6109196556752862,-0.15949989328852282,7,pause track
0.0,0.0,0.0,-0.07599394569842878,-0.1578587016207033,-0.03217688686267847,-0.11493222459523497,-0.33812639815157575,-0.06418647385766076,-0.14338593570773572,-0.47426465386091815,-0.10244650945361282,-0.1673256227408769,-0.6005208506877958,-0.1418178273596753,0.04599356684813444,-0.4996407768895843,-0.017923867671172388,-0.004983022485906085,-0.6475117523469319,-0.10035843954067078,-0.09155145585777869,-0.679219011529373,-0.17264413123230124,-0.16065831400664313,-0.676848230289857,-0.2110885781998785,0.12125537294159909,-0.4995949040527396,-0.04224158838798453,0.15755014403157877,-0.728222155986816,-0.09012325538291205,0.16918792298293028,-0.8760559310839363,-0.12918918942690158,0.18087066187885098,-1.0,-0.15332824357465047,0.18723260814692452,-0.4371069713475066,-0.07832733210876913,0.2592415508396555,-0.649661613655773,-0.13053184000505907,0.29511205524458894,-0.7908390347259657,-0.15800663105542836,0.3216292936176506,-0.9196771191310726,-0.17103377499434858,0.23582677686493622,-0.3238225173095787,-0.11793943248446995,0.33168137868643016,-0.44480584835307385,-0.15674442910905076,0.3932870010073766,-0.5371754839127841,-0.16099462732078607,0.4400907597500318,-0.628501911824648,-0.15885699021007188,7,pause track
0.0,0.0,0.0,-0.08119065291042099,-0.15593340801218233,-0.030749697515131888,-0.12197119295353022,-0.3351074124691767,-0.061839126292690255,-0.15165398130472532,-0.4703083104412534,-0.09942685739314426,-0.18092035290777345,-0.5956357151138852,-0.13819326385925532,0.03553247936517501,-0.5062354100078787,-0.013843998833674608,-0.014380014917510913,-0.6550505908119453,-0.09703807427266391,-0.10073793292962933,-0.6826030234891456,-0.17148269598047242,-0.17137198192004982,-0.6769158365720035,-0.2117461386297639,0.11123702135468162,-0.5079743407856981,-0.03912158277719713,0.14155316485858035,-0.7322366132685508,-0.0877417472532538,0.14592297305809887,-0.878029719990834,-0.1292513732245125,0.15008782524784156,-1.0,-0.15539025420121688,0.17779545846696557,-0.4460511504468406,-0.07639008291003054,0.24391842111749867,-0.6602872396853263,-0.12886401378370915,0.2785434337846017,-0.8019113859682278,-0.15722962312386035,0.30590300696485256,-0.9321773631793104,-0.17138767844281116,0.22746282718784835,-0.33341778068702715,-0.11713120230078625,0.3181166049059804,-0.4587732583988599,-0.1567578876531417,0.3771265897784923,-0.5527229935080527,-0.1615161108853847,0.42372760661592523,-0.6463803581845918,-0.160121188955822,7,pause track
0.0,0.0,0.0,-0.08500813033181315,-0.15278544012430334,-0.030986159436443932,-0.13171352775289955,-0.33365875806774287,-0.06333697784491081,-0.17516633931611866,-0.46942136551964453,-0.1023025304775093,-0.21728286281931405,-0.5858177650185705,-0.14240856832223844,0.023124036668396877,-0.5025038975068418,-0.01688393103506632,-0.034443289208035216,-0.6482299847362281,-0.10119920921940474,-0.12322408834817078,-0.6675370588839027,-0.17470926247608012,-0.19208291239202133,-0.6552123050878409,-0.21384289898533682,0.09579676458786797,-0.5042450595518201,-0.04122238964276201,0.11826262614362174,-0.7284589254549282,-0.09070814148265031,0.12249193933732529,-0.8744523609228408,-0.1302286470359037,0.12865567563317917,-1.0,-0.15442922765737055,0.16302011976747954,-0.444818757152415,-0.07740917382068543,0.21987308208791725,-0.6567536356528361,-0.13023800705633093,0.24900882906229418,-0.794946166713377,-0.15599672663045877,0.2712139128023329,-0.9233304159145609,-0.16742906407649918,0.2159315081000852,-0.3373418199028982,-0.11712951085392202,0.3009779281372466,-0.4654152201352193,-0.15526072599244806,0.35687817915005465,-0.55650756199024,-0.1576909044881792,0.4003702999669893,-0.6463920788795118,-0.1539813060746871,7,pause track
0.0,0.0,0.0,-0.08835672268081739,-0.1468128292008239,-0.035259332046658036,-0.14125355742821488,-0.320204425554431,-0.06923417934252675,-0.18661340342445046,-0.45204861709981514,-0.10872760896281083,-0.22731411436903973,-0.571357587704256,-0.14992517147163056,0.012196234221934936,-0.48501755995372114,-0.02505494155029977,-0.052312607147960086,-0.6272709625743204,-0.10846991832584485,-0.14540123108492756,-0.6408631153961585,-0.18183846606698972,-0.21651291539399423,-0.6276631713124042,-0.2225913914561233,0.08477295950422696,-0.48868060406329134,-0.04900976033484577,0.10383372999564286,-0.715657940095857,-0.10086586375759578,0.1007305108585065,-0.8669235310005011,-0.14540312176579814,0.1011792541894673,-1.0,-0.17548978035272925,0.1501527869456325,-0.43018585084893535,-0.08433749382657903,0.21075036200910693,-0.6333506396911268,-0.14049445329017174,0.23384054727252612,-0.7736847370512042,-0.17264797849808544,0.24908324520046704,-0.9045155018516183,-0.19015564876272253,0.19943416822707297,-0.3228081085623187,-0.12292209121967178,0.28216172382807214,-0.448558931019184,-0.16436521896510534,0.3353640882990839,-0.5416440215440966,-0.17007895329359474,0.37488508129387366,-0.6330809961836942,-0.17054101593171525,7,pause track
0.0,0.0,0.0,-0.09866382525628785,-0.14246009967704498,-0.026655366100778562,-0.15909430368405614,-0.3105099688933436,-0.056840426564868866,-0.20780893583071372,-0.43199755487111735,-0.09388359145478943,-0.26069781713021156,-0.529678854196005,-0.1318338311798767,-0.023787048987525997,-0.48716663989965286,-0.018171628291027832,-0.09327219934717307,-0.6224236388973489,-0.10183598163744134,-0.18563179843422697,-0.6201488390068955,-0.17389663524036425,-0.2551244060911204,-0.5932975973885194,-0.2125074807227876,0.04759549717584588,-0.49359764012207485,-0.04498635009277137,0.05328422613032632,-0.7167850359495765,-0.09917036263097381,0.04266071178064911,-0.8669998601486575,-0.14225953801817506,0.03436603570726844,-1.0,-0.16914371603272263,0.11449199270006254,-0.4425114793743047,-0.08253413218449353,0.15971887934763132,-0.6443256128331223,-0.1376441600121007,0.1778794516011682,-0.7760807082746386,-0.1652934675318015,0.185866757335873,-0.9013127220842562,-0.17811183198007713,0.1698193021223468,-0.34223741829666254,-0.12280509767320265,0.2422497606639891,-0.4672943477361483,-0.15829310536653957,0.28499066540922946,-0.5572820939917745,-0.15782440342692897,0.3130084877011876,-0.6452810114948293,-0.1531277922173359,7,pause track
0.0,0.0,0.0,-0.09529575488795919,-0.1369760758812582,-0.032864952623069,-0.15944997474855033,-0.30424976247990965,-0.06595278265756048,-0.2157222436152079,-0.4253228578208651,-0.10431976086742828,-0.2699771128857148,-0.5341592136498645,-0.14441144215545215,-0.026205007001735874,-0.48036558535989615,-0.025307651240823775,-0.09634601526908658,-0.6134574580439123,-0.10827032517865479,-0.18679901149918857,-0.6106474193539975,-0.18109188918868932,-0.2582984260654069,-0.5858501480751963,-0.22170694181253658,0.045116865099888825,-0.48834217496255744,-0.05122040143825012,0.05242544303038258,-0.7165059729892066,-0.10509392180000213,0.04180418782906203,-0.8679920707840293,-0.15193623019104582,0.03249918074040206,-1.0,-0.1831471958395126,0.1118497969018514,-0.43417846733696736,-0.08797080539081913,0.16057314271458734,-0.6343320622133135,-0.14471878674168911,0.17636094882865436,-0.7733108692496451,-0.1774590460275729,0.18354435606195602,-0.9036665887247279,-0.19542610711956554,0.16604023368673773,-0.33250878585292964,-0.1274852156130058,0.23872876987628094,-0.4584163820626914,-0.16726515857341448,0.2849958580668603,-0.5503740343819566,-0.1707768105310755,0.3171908044738093,-0.6405280117243219,-0.1702664574367081,7,pause track
0.0,0.0,0.0,-0.09612053107092014,-0.14535799797614465,-0.030675999695561822,-0.16011070347871226,-0.3119107453736712,-0.06399512047902745,-0.21955702380090628,-0.43334462917089195,-0.10397353720831234,-0.2829323311000032,-0.5330715005164269,-0.14639884935458342,-0.027634658021187062,-0.4916435358234997,-0.018886976847434893,-0.10810159249956386,-0.6140474950465937,-0.10117759053491515,-0.19969022927133734,-0.6124015911543129,-0.17486485379476577,-0.2695573334221626,-0.5929428560873995,-0.21688027143860777,0.038434033910147054,-0.49775076172167354,-0.045826855446007946,0.037037108214337346,-0.71795403982071,-0.09947074330353775,0.022174220250895712,-0.8670631527002924,-0.14688586223760358,0.009615127966465242,-1.0,-0.17872673837180497,0.10040077802483419,-0.4417992112558644,-0.08388404892470099,0.14356625179553636,-0.6421096439334198,-0.14154751133166246,0.15256469963214858,-0.7798799993423218,-0.17664461549743496,0.15158245288792288,-0.9094851083919959,-0.19632843987940424,0.14978857138830542,-0.3364790852976667,-0.1245975759143859,0.22419461639100766,-0.45412213725787887,-0.16637281020692588,0.26530078850925054,-0.5454200503465516,-0.17387016881731152,0.2902225237292663,-0.6367880018987256,-0.17618465443711243,7,pause track
0.0,0.0,0.0,-0.10086794216322316,-0.14124170379378975,-0.02968486237737892,-0.16692293035778502,-0.3048815551079226,-0.06296393882070209,-0.2269041901366444,-0.42414201371336174,-0.1027156459102303,-0.2919071597343154,-0.5219076489454925,-0.14576437885328183,-0.042004680120260124,-0.489734504235968,-0.0243907153733897,-0.12383898171980902,-0.6213520509534898,-0.10672692946947335,-0.21465856922037763,-0.6104514389245593,-0.17989868641777404,-0.28434047896349024,-0.5779203976171124,-0.2216172289589772,0.02762905948722086,-0.4978408192656511,-0.052945797775970166,0.023700135863384774,-0.7277385312163935,-0.10763540320784493,0.005359437183997473,-0.8749061272412524,-0.15663980616207965,-0.011826465638064406,-1.0,-0.18967505146715433,0.09239353863609641,-0.44193192068599424,-0.09184729928952089,0.13688407669114724,-0.6457932988367932,-0.1496365496892579,0.14385705249407582,-0.7873521316304207,-0.18630379908224984,0.14140413048721143,-0.9179760217862044,-0.20757123581308326,0.14385276116796164,-0.3376415386635609,-0.13296363467296374,0.2142875840778069,-0.46249466802730316,-0.17484825153478561,0.25603274625131206,-0.5587900949327163,-0.1822548256103696,0.28389933063895273,-0.6533200702747565,-0.18494555413593003,7,pause track
0.0,0.0,0.0,-0.10362680190971756,-0.1446961343880336,-0.026364609696137478,-0.17299435260519966,-0.3020007362020915,-0.06163851292667448,-0.23702041170099344,-0.4166183317711467,-0.10430094334084855,-0.3050792646371026,-0.5138993640985562,-0.1508267195265122,-0.052442637587037245,-0.49135449953197974,-0.02584073258445706,-0.13929636542071067,-0.6187208520447833,-0.10997086101929862,-0.23237528166511368,-0.6018265610440592,-0.18534750367286426,-0.30174707071460555,-0.5665149265291928,-0.2288793993000061,0.01349703834417681,-0.4958160028803854,-0.05635253051965814,0.007055164084696724,-0.7235298368466816,-0.11367495063887033,-0.015452402966593505,-0.8703890152036116,-0.16593470325038512,-0.036301608052703084,-1.0,-0.202192497318512,0.07599877342034957,-0.44122833432899333,-0.0965212657503189,0.11495539238363546,-0.6525323211578844,-0.15562578128208504,0.11775249411239648,-0.7975444248373479,-0.1959781167105074,0.11037118868664642,-0.9331111446882935,-0.2210762187120065,0.1284719271562573,-0.33941925649522453,-0.13824993379671108,0.19766093718907699,-0.466776920382308,-0.18068504936496946,0.2333900495739077,-0.5632611421558769,-0.19003728211926593,0.2527046526319225,-0.658621140528349,-0.19516677654932704,7,pause track
0.0,0.0,0.0,-0.11599633619656731,-0.1366257861467758,-0.023736930324679297,-0.19562026381514833,-0.2901546998397086,-0.055669378616058175,-0.266986148905918,-0.40147361582251856,-0.09532818692138932,-0.34040056874157937,-0.49240218763146826,-0.1388404457520609,-0.07491764430219988,-0.4812290782445695,-0.02156844163028204,-0.16741643279743107,-0.6041688544756447,-0.10477259882236013,-0.26386935984620546,-0.5811889255150893,-0.17982072618213177,-0.3369649009761267,-0.541622191572187,-0.22292327007588147,-0.01400297151499337,-0.49487589398401344,-0.05302532936772366,-0.035077190160983686,-0.7273503991309117,-0.10842537223635394,-0.06896353770043082,-0.8738019948557644,-0.1586284989837166,-0.09796168982282741,-1.0,-0.1931052886824646,0.04899431790950193,-0.4487343369740605,-0.09426207603808254,0.07447181054728064,-0.6675211281106384,-0.15257634037510984,0.0671714691958271,-0.8136504369405111,-0.19127591648157316,0.051420522624518725,-0.9473417721518987,-0.21474935390668617,0.10428941916999941,-0.35479867719655134,-0.13719441016843512,0.164524264709798,-0.48980812959639586,-0.18052546250011584,0.19511063301789833,-0.5932424127849699,-0.19005318865211043,0.21045046676216697,-0.6935841902621643,-0.19491544987916506,7,pause track
0.0,0.0,0.0,-0.11623555490393804,-0.13403923968737133,-0.02522970275462808,-0.19573249007585566,-0.2869330749972936,-0.058246345488202414,-0.2683117191422402,-0.3965749448706004,-0.09842352699924663,-0.34436013669192916,-0.4864878630080237,-0.14249182496267668,-0.07897664746762773,-0.4856473900587223,-0.02342719068295176,-0.1714955858122029,-0.605424374908899,-0.10718787886333209,-0.26695138469197005,-0.5802091209215539,-0.18290967150220405,-0.3394643391419163,-0.5375389230183037,-0.2269437599896852,-0.016290130239210877,-0.49860524963154723,-0.05524276748468368,-0.037551176363786694,-0.7304308745095466,-0.11187200652955351,-0.07335459945838083,-0.8756634920201952,-0.1633583932758236,-0.10500744150998723,-1.0,-0.1989116217020508,0.048721539207722125,-0.44851122917890224,-0.09704398676181727,0.07623466840103005,-0.6710611780771241,-0.15749143818316272,0.06942777515899515,-0.8168212221976918,-0.19795330353445229,0.0543975019370941,-0.9500945745169624,-0.22259526077943992,0.10456525556429747,-0.3487796520305605,-0.14039318649049623,0.16385184234909633,-0.48698652089376543,-0.18788141315650372,0.1936700922048265,-0.5915412279258645,-0.20010084883773432,0.20903536123714891,-0.6936213984753855,-0.20645174448270354,7,pause track
0.0,0.0,0.0,-0.11554694192675008,-0.1337254238363669,-0.026163386018678677,-0.19642898691739025,-0.28593973750171864,-0.059247920948823675,-0.2684246930293063,-0.3956771334595412,-0.09927698533599277,-0.34534927500978285,-0.48241324971180183,-0.1428756416451527,-0.08297589711590325,-0.47888295453343627,-0.023521889648917802,-0.17243810349750932,-0.6004566750922763,-0.10649965410377381,-0.26744756908823625,-0.576340253614375,-0.18150461164081652,-0.341579325880723,-0.5355952746078919,-0.22467283475377964,-0.01935232092054192,-0.4930771101921674,-0.05357585078711543,-0.04010227068416655,-0.7262620963903842,-0.1086852537145741,-0.07514536820619123,-0.8734051801635062,-0.15850880505614973,-0.10594608314913329,-1.0,-0.19292467499152988,0.046435121043224434,-0.44627161486150624,-0.09350395327989726,0.07136145865281905,-0.6669501760917158,-0.15072204789350022,0.06442587755015705,-0.812190200205176,-0.18765754967556952,0.04908929383520354,-0.9443801888887714,-0.2099682643012292,0.10547862045625205,-0.3510025065307288,-0.13543509242936896,0.16113840914619315,-0.4913024441318625,-0.1775643083188701,0.1881869427728364,-0.5956978625744291,-0.18571358703028062,0.2003401267014267,-0.6962831427876429,-0.18958256791930583,7,pause track
0.0,0.0,0.0,-0.1162686045972543,-0.13355924186944063,-0.026917219194006657,-0.19959399838118258,-0.2867616378553179,-0.059600656213779114,-0.2735788667342379,-0.3975377047074581,-0.09942742977797185,-0.35026566299419976,-0.48679532422922217,-0.14285463392803105,-0.08515049770341444,-0.4827223353844309,-0.019628932152499685,-0.1724507347414975,-0.6051267938951104,-0.10405067990482743,-0.26699949683105645,-0.5814784915479952,-0.18124217364881695,-0.3433311400328102,-0.5400793416185367,-0.22564663354182868,-0.02165115122757485,-0.49875717696277355,-0.049725972342534216,-0.042085424731157645,-0.7317007918424533,-0.10406617133032674,-0.08010094428180183,-0.8765685749515439,-0.15530048903664195,-0.11492519030461924,-1.0,-0.19126655479992968,0.04472567935250706,-0.45365337656985094,-0.09052685817294799,0.07041068878851975,-0.6765725305484797,-0.14674318774903136,0.06182853210349713,-0.8216923234623468,-0.18535574192050605,0.044709304031859146,-0.9531910395946747,-0.20965318218142234,0.10466679625145517,-0.3599699544766086,-0.13363368023786318,0.15957813771346932,-0.49951597104162776,-0.17544230622511423,0.18678392530471918,-0.6041704326359715,-0.18513730683972043,0.19840593696820083,-0.7046949107630092,-0.19072696671793057,7,pause track
0.0,0.0,0.0,-0.11723575587940598,-0.1326259064035628,-0.026629395113524107,-0.20077933427438316,-0.2896804515343084,-0.05998678273453516,-0.2767091439428857,-0.4006474417168887,-0.1000296486107652,-0.355809484476282,-0.48831136396112723,-0.1443971979851395,-0.0844777025041565,-0.48210132554034396,-0.026659176149829437,-0.1741088824899008,-0.6025804383471728,-0.11154201669170623,-0.2699545531447926,-0.5802449923866553,-0.18846087478328602,-0.3454971232115212,-0.5403857088763839,-0.23354609081697722,-0.023352148676261758,-0.496154105460619,-0.05801826617280728,-0.04553812629883745,-0.7292867625327611,-0.113948854454744,-0.08496395162907767,-0.8758424819970158,-0.16622202671138517,-0.11925294240613918,-1.0,-0.20351653689834143,0.041004677404924354,-0.44805455827547885,-0.09940830819991171,0.06568306606415732,-0.6751391539625646,-0.15835613617054722,0.05522409862111748,-0.8220932436495038,-0.19989041911898722,0.03846541175452931,-0.9555161025102624,-0.22674883263872703,0.09850843319443732,-0.3507218366669366,-0.14257644041599926,0.15624391791071673,-0.4918074389861764,-0.18923795113171302,0.1838003671196794,-0.5982066343588911,-0.20282716719254176,0.19685139115800435,-0.7021043021863932,-0.21135628373077872,7,pause track
0.0,0.0,0.0,-0.11670219749756372,-0.13062044739084366,-0.02914142833551182,-0.2015768418349385,-0.28828719852649803,-0.06306856421394111,-0.27748965963533206,-0.40041425235591943,-0.10356274313498869,-0.355846409019247,-0.490686443747906,-0.14768499174550218,-0.08480565896865067,-0.4823646186055134,-0.025780215231523126,-0.1718283099796424,-0.6065404082063038,-0.11124117209047579,-0.26683391809682866,-0.5804422546756987,-0.18836102125380763,-0.34310803215037067,-0.536263131667877,-0.2330401686031538,-0.02276251430728911,-0.4984111043271365,-0.05533763555926847,-0.04534613435331053,-0.7328933292742866,-0.11047718437688689,-0.08535839227738028,-0.8769798481939226,-0.16173386474354465,-0.12088681382411516,-1.0,-0.1982120973617828,0.04307716412097547,-0.45189668308993225,-0.09553938733588088,0.06777987863677258,-0.6775213567646904,-0.1528865576389658,0.057493299171580324,-0.8234386984746261,-0.1924060458461881,0.039727600270074,-0.9564337731956659,-0.21791563141100498,0.10251363975734157,-0.3566771034053474,-0.1380537334226141,0.15773594909411262,-0.49863326059929897,-0.18223397252653986,0.18429733565538015,-0.6050824678096625,-0.19381579480747463,0.19526271414163918,-0.7082261172440887,-0.20107961399055183,7,pause track
0.0,0.0,0.0,-0.11751035781385379,-0.13267534886703106,-0.027675603212706092,-0.20137638072548145,-0.2870453719068923,-0.06188895153158081,-0.27604881565326994,-0.3976170911732275,-0.10297849241742171,-0.3556856615460413,-0.4865439111408823,-0.14779447222949205,-0.08741311542624587,-0.4843245001210626,-0.025765027755051434,-0.17508343618734587,-0.6082538130506345,-0.11054526852202319,-0.27091335628601826,-0.5818465550303416,-0.18736199079172372,-0.346058652518229,-0.5377607802675526,-0.2324052859685384,-0.026636834081784338,-0.49851540110533965,-0.05584446138869317,-0.051657988403297966,-0.7280537096201334,-0.11264621375953793,-0.0925306474023843,-0.8743591484953225,-0.1654272345789336,-0.1281321261379675,-1.0,-0.20318605074260687,0.037469407434341455,-0.45216381501632025,-0.09609648333477265,0.06019184839416976,-0.6745402362366145,-0.15446364627029224,0.04867803417930935,-0.8205672732733391,-0.19445680855241118,0.030009503626394856,-0.9534706163732339,-0.22030396741946753,0.09536602248980669,-0.35763605624392053,-0.13844214774286925,0.15095380048036972,-0.49894122937190016,-0.18292265465778038,0.17658216608441313,-0.60665679886817,-0.19489819146714343,0.18751196916994914,-0.7113943123348043,-0.20254444786933118,7,pause track
0.0,0.0,0.0,-0.12041590129686672,-0.1320343576892501,-0.027372293510309443,-0.20618528124311644,-0.28619219628564035,-0.06224102811518819,-0.2826068694641837,-0.39717884039307405,-0.103958566613968,-0.3622894038399646,-0.4883215554021231,-0.1492992617979202,-0.09011487476853758,-0.4809247028467842,-0.028949934713234836,-0.18073430641890725,-0.6100586784101073,-0.11444495061381227,-0.2774156150039495,-0.5802038075476801,-0.19117338326694777,-0.3519604293674323,-0.5336844882773313,-0.23625314430440728,-0.030667197920239597,-0.49616847819762,-0.05886903236578103,-0.059515388402999705,-0.7280162270740843,-0.11644033871634195,-0.10105134884590945,-0.8737554034349648,-0.16845622278908193,-0.13617618885091165,-1.0,-0.20588357305185567,0.03355096955540381,-0.451608773640061,-0.0987556345555304,0.053839890527343934,-0.6779888144743605,-0.157546952357808,0.04279084599028043,-0.8261569312615572,-0.19692604851012005,0.024802848286548527,-0.9613908715090727,-0.22262140650216777,0.09305080546068296,-0.35955047145227953,-0.14069464406032828,0.1475425255013353,-0.5005714220421,-0.1860962069064904,0.17163493146003675,-0.6092093215958174,-0.19857326432736996,0.18046980815835362,-0.7148831478424665,-0.20669839961823025,7,pause track
0.0,0.0,0.0,-0.12058033468333904,-0.12809487798450117,-0.02983674812916132,-0.20822547834734836,-0.28352052265628963,-0.06526750921000685,-0.2883087212661894,-0.3939209181652749,-0.10715734517698745,-0.3705683891397276,-0.4832793182396877,-0.1526399692954329,-0.0911745474337893,-0.48842025547960666,-0.0270184426613303,-0.18329996013904826,-0.6085837172365594,-0.11275561755406993,-0.2781336664918901,-0.5806661854470787,-0.18988636009543178,-0.3523496831192373,-0.5344807850887336,-0.2350583668979145,-0.03082236944795024,-0.5029984907203832,-0.05760999102464217,-0.06125717236984082,-0.7362440959814341,-0.11479776132574844,-0.10637203965538222,-0.8787891529791974,-0.16685386545606085,-0.14466074549960936,-1.0,-0.20370219092444825,0.03486739597130436,-0.4551364669520431,-0.09892270459768912,0.05333255182932462,-0.6818157396181546,-0.15818920521599045,0.039392686439142816,-0.8284275905742972,-0.19882311327331803,0.0195225222871989,-0.9618861769142442,-0.2251132771109614,0.09387413410736209,-0.3584134534216178,-0.14255243553732663,0.14643580018896257,-0.4988688366569552,-0.18889635325939536,0.17020562687133578,-0.6073891628754166,-0.2025178300938539,0.1790899258399416,-0.7141451588481226,-0.2111861801796176,7,pause track
0.0,0.0,0.0,-0.12308962615034749,-0.13165798814052837,-0.025443166229752043,-0.21140177679539224,-0.2864904040296699,-0.059026795894902624,-0.28980202333637967,-0.39611081592314723,-0.09988982882725263,-0.3706211345136129,-0.4826685936536949,-0.14469784964508858,-0.09299409151771482,-0.4847582410575758,-0.025733670483115416,-0.18679571103695988,-0.6100856517396017,-0.11229562918218663,-0.2848790673949544,-0.5811436526322501,-0.19038331594761138,-0.35993485792012925,-0.5340394465579903,-0.23590095903702502,-0.033969628700771505,-0.4987974750802321,-0.05742014167926428,-0.06668668041061826,-0.7326862340864169,-0.11489779226054841,-0.11052368706297422,-0.8767811523665809,-0.16759003047015075,-0.14692057554568447,-1.0,-0.20500618528088804,0.03087086353106204,-0.45332872840109667,-0.09917569682155668,0.04470245053240101,-0.6822424603090264,-0.15850249779284317,0.030048989394486834,-0.829700325179061,-0.19873927543837672,0.010650995728039786,-0.9648749229559415,-0.22463863198765305,0.0902632250111581,-0.36038681430787867,-0.14281029677692425,0.14162238847208347,-0.5042090497545217,-0.18812259088331945,0.16630836751609956,-0.6118322671144077,-0.2001009361894766,0.1774458566236637,-0.7180661409959406,-0.2076529143620978,7,pause track
0.0,0.0,0.0,-0.1246186144542314,-0.1296592185850411,-0.02653065684298599,-0.215695114493011,-0.2850685042396892,-0.060964483139696844,-0.29610871252207577,-0.3926443395158867,-0.10233360347676983,-0.3783006617110739,-0.47566655322402435,-0.14807670452534433,-0.09484098039872192,-0.47871636612842866,-0.030655401252686565,-0.1914742980365664,-0.6015215582696084,-0.116542294426378,-0.2884236798730573,-0.5726574694775013,-0.19391864848015827,-0.36483450442023674,-0.5283190555243106,-0.23922981013422828,-0.03661460172096585,-0.4926075095073552,-0.062362753326589006,-0.07212515082714943,-0.7284541271436316,-0.11797243724543754,-0.11905268471266447,-0.8745635177786376,-0.16978618537056125,-0.1585484187466015,-1.0,-0.207498866484989,0.027165945677220787,-0.4468420916562866,-0.10386168858333315,0.03943067757467825,-0.6798870433386212,-0.16254224399172879,0.02194044981773596,-0.8282797673564064,-0.2031152239886688,-0.0008152188884966194,-0.9632161879118741,-0.22986491163290024,0.08568730347969412,-0.3548528939952676,-0.1472011574259512,0.13761825123999308,-0.500883030181535,-0.19405764838649392,0.1602670112045447,-0.6114904540771328,-0.20749127744770168,0.1674516177019685,-0.7206092081802458,-0.216244126051785,7,pause track
0.0,0.0,0.0,-0.12354035681257904,-0.1290926580427994,-0.026518284998607432,-0.21451193801335677,-0.28498852779160627,-0.06063989114140505,-0.29608202949215734,-0.39229423674163666,-0.1015278724127153,-0.37792184808866264,-0.47597816907482,-0.14640031934467876,-0.08939132398763204,-0.48020627773588903,-0.02886341558890742,-0.18522770647199918,-0.6019828945829145,-0.11619615235423991,-0.2820678538217782,-0.5747130240092359,-0.1941992041025669,-0.36056474262034294,-0.5296996561326148,-0.2396222060298296,-0.03181456436775622,-0.4955611903771782,-0.06091077236455508,-0.06676978987969338,-0.7335128098499604,-0.119878909501208,-0.11559669573073314,-0.8776884119167512,-0.17231532349465514,-0.15850508201326796,-1.0,-0.20926557704028054,0.031568960055196396,-0.44949132902566924,-0.10308706219813761,0.047137562324362496,-0.6809645877220473,-0.1641752510109626,0.029884099527705363,-0.8297335561455088,-0.20486708772561585,0.006674118407536221,-0.9657311003158593,-0.2308165282473174,0.08817109430437088,-0.35585535197520946,-0.14712459055844437,0.13986818701535578,-0.5000508073241106,-0.19482890538111827,0.1630704829940628,-0.6103705860603489,-0.20819419360380975,0.17147140999290406,-0.7193759921304151,-0.21659383974574067,7,pause track
0.0,0.0,0.0,-0.12795361223991766,-0.12720198622797058,-0.02458402041670541,-0.22030525522817218,-0.28089910768284015,-0.05892694282171767,-0.3020599688060351,-0.38535453957071164,-0.1003450613163436,-0.3852041931479379,-0.4658078069793844,-0.1457976456938967,-0.10213370964148161,-0.47872507931118635,-0.0296238235578528,-0.20207641460386846,-0.6000882767986928,-0.11643716176303269,-0.29970217190633325,-0.5709823976912222,-0.19415224362066513,-0.376715615019788,-0.5239402009570393,-0.23952180987601002,-0.04408524228373776,-0.4950951203726299,-0.06243404899791052,-0.07805610669609227,-0.7326182771169986,-0.12143339514481924,-0.1257272756209615,-0.8770968392237584,-0.17369953324708026,-0.16782342518223006,-1.0,-0.2102273743912834,0.019446572377425756,-0.45019363600674805,-0.10473046593602127,0.032548992562255304,-0.6826949888062472,-0.16520271895727348,0.01537183418391707,-0.8314662224532886,-0.20551337212070228,-0.007443686405160798,-0.9678810385256077,-0.23110922724913865,0.07632770639476281,-0.357474349860476,-0.1486336174283448,0.12698352237159016,-0.4998499718829908,-0.19588185083135173,0.14727105857887085,-0.6103880147269467,-0.2088272269096125,0.15311090833855,-0.7200224936073593,-0.2166403602054565,7,pause track
0.0,0.0,0.0,-0.12945465471353282,-0.12878943646147176,-0.022384974692269025,-0.22365189330450932,-0.2891683583580589,-0.05270370560968244,-0.3086288037593425,-0.394347745546698,-0.09073352754550362,-0.3913538390307632,-0.4756125896214494,-0.13210429409973037,-0.09908187149765774,-0.48998618425505847,-0.020708350506737,-0.19753862881012507,-0.6135442679936233,-0.10615439002059508,-0.29403888057454486,-0.5815274302268808,-0.1819674946716271,-0.36945765509186906,-0.5285100660146891,-0.22562512137236312,-0.04153847688149079,-0.5073907127044379,-0.053640574540892084,-0.07902304795576415,-0.7394943789588178,-0.11019319712406506,-0.13031604338793215,-0.8803464397243301,-0.1601245441072101,-0.17540744352700202,-1.0,-0.19517950365408931,0.022266032555590284,-0.4635476312182788,-0.09698801140298013,0.032572141168861674,-0.6919740303886975,-0.15608778597144235,0.01565968325426042,-0.8385132297799645,-0.1953912833643597,-0.006809628116473244,-0.9733206103711664,-0.22037491018943955,0.07947395346952166,-0.3703457798108489,-0.14210785837519735,0.1274133789288989,-0.5130740318952525,-0.18870496464397227,0.14848329177575928,-0.6227554719240764,-0.20203066812553575,0.1557119967814895,-0.7303493785673257,-0.21009643943177614,7,pause track
0.0,0.0,0.0,-0.13268146012179505,-0.12803858393869424,-0.021860869972018068,-0.22588594102088053,-0.2859660417329978,-0.05283706666915934,-0.30942213512832106,-0.3909956366436969,-0.0917722869546137,-0.3916582219519536,-0.4715676668564825,-0.134750592516146,-0.1052953087176006,-0.4883683834129165,-0.02171513625038716,-0.2055690300469003,-0.6142542819535721,-0.10773704578481876,-0.30385297764074604,-0.5837305411364692,-0.18553680324397456,-0.37808175446727355,-0.5332221909048565,-0.23107661326816067,-0.047474306366957354,-0.5070046704883293,-0.054405897882056846,-0.0858223736123038,-0.7363995842885189,-0.11017958570507913,-0.1357945172048097,-0.8788376900698014,-0.16160919262706186,-0.17877845139614446,-1.0,-0.1987655966377898,0.016546366209699806,-0.46471688098294145,-0.09721525162402304,0.026379688675175598,-0.6959620209797087,-0.15620145999419913,0.008552331282883676,-0.8431942325448225,-0.1964833332786618,-0.012994700804341818,-0.9782547976635027,-0.22277682692245193,0.07390847593059836,-0.373052414437924,-0.14168911332922599,0.12285058026925241,-0.5164291207889088,-0.1903435867199317,0.14451740659076442,-0.6266410907392472,-0.2053781613749976,0.1537158620947466,-0.7356984481761434,-0.21474040469620354,7,pause track
0.0,0.0,0.0,-0.12867892897446118,-0.1289170374842111,-0.02318052675471157,-0.22118177123703892,-0.2861809771914344,-0.05458519474373586,-0.3055836655879566,-0.3907202887591539,-0.09382063136890532,-0.3896481694356597,-0.4683291492563842,-0.1363550711250334,-0.10189613883493001,-0.48664709773702264,-0.019654252719056294,-0.1986284571220632,-0.6060315914461831,-0.10604245247831849,-0.29446061165701015,-0.5788645042683895,-0.18314637753513746,-0.37074473063974833,-0.5303898606160742,-0.22745133521934288,-0.04499872216502056,-0.5044919843462585,-0.05262583462880433,-0.08191774108223683,-0.737332448489578,-0.10949761572042248,-0.13276726470745992,-0.8799609182322337,-0.1597164186677515,-0.17827975015433933,-1.0,-0.1948168891003328,0.018475285199095103,-0.4622029033672792,-0.0963741781760532,0.02953050344594758,-0.6906919975978806,-0.15542470734697494,0.012315384396951285,-0.8380956788143374,-0.19488749868546237,-0.011029556375660346,-0.9723810956146597,-0.21972375964565807,0.0758085329928578,-0.3708548453083474,-0.14215787489480436,0.12430715577071329,-0.5167627759834333,-0.18817626204619992,0.14318735164230717,-0.6288321640003912,-0.2016563693633039,0.14702569447438912,-0.7375552019452539,-0.2098949080249111,7,pause track
0.0,0.0,0.0,-0.12870602588732358,-0.12780469543420056,-0.02428144782252269,-0.22226880642010347,-0.28216933967215685,-0.057567762536615864,-0.3062201708312096,-0.3863714451092705,-0.09847184351259908,-0.3921035147250331,-0.46360930992572247,-0.14346394475081126,-0.10701633903852745,-0.4824575714919886,-0.024492463304285502,-0.2041042364639179,-0.6000799308951881,-0.1124203064237784,-0.29969005699292045,-0.5728701219915777,-0.1912443394644112,-0.37616940037916585,-0.5268175320155697,-0.23711969606539204,-0.05012248903795832,-0.5015343274949211,-0.05775443527187555,-0.0871471247010496,-0.7347592735225958,-0.11655749962678559,-0.1387642076533832,-0.8785427704065135,-0.16909297370426038,-0.18466334380107663,-1.0,-0.20646103608408473,0.013252571932535963,-0.458936767326476,-0.10134748894614619,0.02531661445442316,-0.6881190059733168,-0.16153281685252585,0.0055401469362563755,-0.8354601865307167,-0.2019101314653353,-0.020051019182150114,-0.9707291038254269,-0.22808823739822284,0.07139660689977315,-0.3669133732060341,-0.1469152989386885,0.12151003204402608,-0.5141386202392952,-0.19339468237469679,0.1402278156985796,-0.6279486637923585,-0.20709723447206072,0.14338331543741298,-0.7401955018635787,-0.21617063999614558,7,pause track
0.0,0.0,0.0,-0.12743041923005122,-0.12568111593767345,-0.024843249526594606,-0.22256962262682004,-0.2813041261666556,-0.05724739552555907,-0.3069281702603581,-0.3855660346558151,-0.09689887402535857,-0.3913076463295291,-0.46523200845173945,-0.13958573434772345,-0.10435064505624307,-0.4831672592204409,-0.023537238296500687,-0.20305050784941908,-0.5999282573226503,-0.1104025481691972,-0.30017728477824646,-0.5732451297437439,-0.18736621619565408,-0.37718042906641597,-0.527520683572936,-0.2316987905941499,-0.047355922370572276,-0.5022680145695397,-0.055271810063036456,-0.08632498344560742,-0.7332984805118593,-0.11347149397040887,-0.13703667582774057,-0.8770360228605488,-0.16400211614350044,-0.1821511627420269,-1.0,-0.1992702188217542,0.01644702971084436,-0.46134371439549887,-0.0975750194595692,0.023135339170413553,-0.6919307067867568,-0.15842646696435553,0.005072111017816796,-0.8383535767115066,-0.19740614922047436,-0.018795514115392698,-0.972865236780135,-0.22143245113659824,0.07552162032971495,-0.3712846794642655,-0.14184567838927226,0.12164893888645655,-0.5194780950435605,-0.1895621453847107,0.14002829105928857,-0.6319703201297228,-0.20321333229908076,0.1434299989870637,-0.7416522748790965,-0.2111731488655281,7,pause track
0.0,0.0,0.0,-0.1273777350571684,-0.12409431925203286,-0.023773050995719996,-0.2217217380297876,-0.27997093383311433,-0.05561818153290729,-0.30590292159257365,-0.38480212929097224,-0.0947170099988691,-0.38965132922989903,-0.4639502040333797,-0.13727162968344814,-0.10724112240185625,-0.47938351152965614,-0.024480975520810036,-0.20749725807627342,-0.5975114966548635,-0.11113077323409473,-0.3054576135457194,-0.5698631304361993,-0.18863926792371272,-0.3813626885744858,-0.5237167264344422,-0.23353257727474308,-0.051454801755416016,-0.4991940801600435,-0.056061635870138744,-0.0904696976437732,-0.7311296015599985,-0.11321606601682513,-0.14065071369386994,-0.8760063554564961,-0.1638640471860595,-0.18463564005825767,-1.0,-0.1995596932346712,0.012491914170842474,-0.458607760683268,-0.09773637661709912,0.0197317206999524,-0.6914399553689383,-0.15740419550789359,0.001138021056888103,-0.8385666427929754,-0.19605016401843217,-0.022401793597213858,-0.9732445474306332,-0.22014072624490558,0.0715455677332964,-0.3692635519749892,-0.14125343711612404,0.118097176993448,-0.5179262597445077,-0.18890440061694708,0.13696971633752095,-0.630674831761492,-0.20231866586806885,0.14206089065369007,-0.7411749323317662,-0.2100600705559595,7,pause track
0.0,0.0,0.0,-0.12458536041898904,-0.12215105726871314,-0.023019630579674783,-0.21846658176011577,-0.2758086861816177,-0.05429257032055801,-0.30294842340057304,-0.3813631462219162,-0.0930668549726293,-0.3880626162161063,-0.45896071585838466,-0.13476202077445082,-0.10434683980090946,-0.4790902615377349,-0.02218554769062525,-0.20350047836715088,-0.5989518919595558,-0.10828179903745594,-0.30081351009654395,-0.5733081508382598,-0.18399653272452185,-0.37711757156815257,-0.5244899199770231,-0.22677634467762176,-0.04870046591287215,-0.5005842708814092,-0.05369325449042844,-0.08608554183207946,-0.7370126548603776,-0.11061452065319104,-0.13794469241214596,-0.8800394554938513,-0.15835868249823737,-0.18509801072550622,-1.0,-0.19118440424804656,0.01569493286656617,-0.4639225174418149,-0.09555670462957536,0.022465993782603787,-0.6996760828497592,-0.15409832103609655,0.006620042196282398,-0.8470752249024573,-0.19021142696164328,-0.01621460247234377,-0.9805719606317709,-0.21221029262678542,0.07732889187207931,-0.37732779047328163,-0.13938916656936315,0.12468882836373017,-0.5269068549154898,-0.1835762140559605,0.1451970857835044,-0.6388041011855076,-0.19413872119122436,0.1495753578116392,-0.7464092810640529,-0.19993203915298421,7,pause track
0.0,0.0,0.0,-0.12347168425728482,-0.1170023180998545,-0.02620245511312074,-0.21775757339154786,-0.2683825740509982,-0.06111416691168979,-0.30236273145388226,-0.3722843043431927,-0.10311004877617222,-0.3883842833462937,-0.4534760419051679,-0.1483126464302172,-0.10563054531795531,-0.4851003261377629,-0.026273890071796945,-0.20364544150991973,-0.5995967329247203,-0.11391842015539415,-0.2990214811993344,-0.5738346984834752,-0.1916664684461516,-0.3730816589449428,-0.5270422122079558,-0.23656124127342099,-0.05004521191568743,-0.5071742921987552,-0.05805754861526633,-0.08944225272458504,-0.73951859069658,-0.1159231492057118,-0.1411263833949348,-0.879963788262628,-0.16612931976172868,-0.18724158778761268,-1.0,-0.2012840373639883,0.014496723323123283,-0.46852712556673165,-0.10035200321817699,0.021010932104047548,-0.6996031691600924,-0.16002547374180165,0.002796386001082554,-0.8447255051125866,-0.19861446366434526,-0.021280198869121792,-0.9781284060610345,-0.2231301369525968,0.075602341945579,-0.3786344418781568,-0.14485464708650217,0.12381713072627112,-0.5275455047116409,-0.19076274450367256,0.14404569094041839,-0.6394889418090464,-0.20360207127345264,0.14864664962295268,-0.7497332127682248,-0.21155430385578633,7,pause track
0.0,0.0,0.0,-0.12406583534232887,-0.1225321298359169,-0.026764900620646254,-0.21817514098461555,-0.27285802659745156,-0.06279708901964436,-0.30411578411790113,-0.37514716453428154,-0.10570199687726488,-0.3896823960213015,-0.45534351057382005,-0.15235947639532307,-0.10532314398354638,-0.48110980483774896,-0.030700074134391457,-0.20594339069174794,-0.5966623845675738,-0.11984500056204142,-0.30312198637620213,-0.5703269531935878,-0.1989384738162509,-0.377735945017096,-0.526409444252018,-0.24507195859934933,-0.05046759645214206,-0.49977315940202605,-0.06234575008596845,-0.09196898682946576,-0.7339588830799044,-0.12228692968213165,-0.1417388370520368,-0.8765651009550272,-0.1747283290203375,-0.1851610129805435,-1.0,-0.21173812158176142,0.013643005720391664,-0.45935168894464734,-0.10408043370022711,0.019243870240914528,-0.6921012078609401,-0.1658915149939263,0.00019197416459921244,-0.8385596446713756,-0.2061699051960827,-0.024377691579046484,-0.9736589315379834,-0.2316772457286038,0.07428606802044467,-0.3711275032063548,-0.1477465898450602,0.12198334887708162,-0.5229841825397671,-0.19580336555179967,0.14159143763908733,-0.6352536804443362,-0.2094834951505413,0.14567435962158018,-0.7463721684854627,-0.217945051358468,7,pause track
0.0,0.0,0.0,-0.12501573380814007,-0.12121304951627397,-0.02415058058188406,-0.22085984115314017,-0.2730841014766023,-0.0583172775960449,-0.30739849505604155,-0.37559621755084416,-0.09978616456353365,-0.3945913002669121,-0.4528427552794741,-0.14494920771334618,-0.1116810709159202,-0.480609904921952,-0.026065811916273537,-0.21075175510108815,-0.5925495937968367,-0.11392988774312163,-0.30732503588558624,-0.5695651050393199,-0.19152680227040716,-0.3846748332424732,-0.5274466384250021,-0.2359711763816033,-0.05544073001535453,-0.5011595087217395,-0.05888701598136858,-0.09686743005853393,-0.7370868156106052,-0.1177625287888968,-0.14846556817594525,-0.8789949285039087,-0.16787980036317787,-0.19407912834286115,-1.0,-0.20223802197605367,0.009807893328531917,-0.46200650025090734,-0.10190634079677245,0.013257556812593049,-0.697172957689185,-0.16274323299247018,-0.006651545539267417,-0.8436824279829216,-0.20135998951897885,-0.03146740788532617,-0.9780520670264394,-0.22498486250234226,0.07106273433996363,-0.3731736278868933,-0.14676525125869205,0.11553189440885062,-0.5267401800197725,-0.1926932531442483,0.1343109759045585,-0.6398304166395753,-0.2046943715991925,0.13831486538528867,-0.7504553426594178,-0.21166490446888905,7,pause track
0.0,0.0,0.0,-0.12936552289021716,-0.12526700501298607,-0.020870315612701328,-0.22817277435341812,-0.2766544150047434,-0.05129377069800504,-0.3155068714715991,-0.37872461754596964,-0.08955416214637957,-0.4031218409634057,-0.45455518172722514,-0.13169604079790187,-0.11431785545803763,-0.48127133888718965,-0.018855840097016956,-0.21924986651045367,-0.5898251416544409,-0.10288305446826823,-0.31599292894208886,-0.5630007413205874,-0.1784302773672983,-0.3916560479836598,-0.5189582112919197,-0.22220546541907668,-0.058841673621947234,-0.505344040145361,-0.05237807193855061,-0.10397005686913877,-0.740038465725587,-0.1094667394536751,-0.15846551822456312,-0.8805546944255802,-0.16025463882070137,-0.20628059243438276,-1.0,-0.19556258494794931,0.004746629064951088,-0.46950041213277416,-0.09588995834024268,0.007410924888153905,-0.700457959865007,-0.15607351294653923,-0.015353008569251266,-0.844522366627095,-0.1962187055084499,-0.0431095029004816,-0.9758887293350407,-0.2211626139786856,0.06440417005790595,-0.38441111669837585,-0.14091548983599952,0.10698811295030042,-0.5351287461313952,-0.18662977555028523,0.12476363278192215,-0.6468330058735401,-0.19959188266333405,0.12808972571138263,-0.7559802798355616,-0.20759380335758337,7,pause track
0.0,0.0,0.0,-0.13086650960125756,-0.1223890833007174,-0.020306598281374683,-0.22804397446321945,-0.2741556152465548,-0.05149290468776998,-0.3130270344657407,-0.377128641026588,-0.09100871319430819,-0.40056734188011794,-0.4548232003174045,-0.13486047336124676,-0.12326429759101497,-0.48400196170143145,-0.01785171355867133,-0.2297398311013856,-0.585716841149019,-0.10287203709395111,-0.3247565977891039,-0.5595266415271231,-0.18079233105825301,-0.400151398455026,-0.5158783720353973,-0.22621071990469707,-0.06608012316546977,-0.5079626550477603,-0.0525370895469754,-0.10539698973325358,-0.7395779453426407,-0.10898112233202405,-0.16066062379547139,-0.881794284202836,-0.16147835092326535,-0.21226339864979318,-1.0,-0.19839605076025102,-0.001323137492616282,-0.47048256245908393,-0.09708966138645012,0.006464247743826717,-0.6965566858057036,-0.15481633146841944,-0.01725731939730293,-0.8407722765454331,-0.19499448564932143,-0.04706566975041125,-0.9709033544310457,-0.22077970265686844,0.05801523599115543,-0.38280928106778617,-0.14330357298155397,0.10324413176245917,-0.5329392737041846,-0.18597320970985357,0.12001762807849199,-0.6449904297937634,-0.19726093630462832,0.12226013258609317,-0.7544941387257977,-0.20452158366197426,7,pause track
0.0,0.0,0.0,-0.1290943184812235,-0.12377772105425194,-0.023111353083518273,-0.2257787461881174,-0.27452542344317554,-0.056379530789898394,-0.31238323893798764,-0.37669887987478073,-0.09757217837279798,-0.40019115417166595,-0.45450321083929035,-0.1427585937665764,-0.11895683791827949,-0.48591427431086054,-0.021636024400486457,-0.22681600573483068,-0.5884963045444999,-0.10969717883521803,-0.32352437652418786,-0.5599908831318621,-0.19005941198288456,-0.3988798336767573,-0.5142168474626293,-0.23702401228960265,-0.06296999859835345,-0.5081484577983133,-0.05511789476010128,-0.10467874548934934,-0.7375229822763644,-0.11306173425636348,-0.1584417554204878,-0.8805118928270635,-0.1669385508992104,-0.20837870187800084,-1.0,-0.2051515563705644,0.0014422367483773167,-0.4704180647166105,-0.09880897859253998,0.005183009413228009,-0.6963786961234403,-0.1582154591217787,-0.018306079323329442,-0.8421922738447412,-0.19932005422061944,-0.04791524600952051,-0.974727614039977,-0.22576827160161206,0.06177233067513738,-0.3841814528045879,-0.14442058279756181,0.10607360987285298,-0.5348888732693673,-0.18963096696380616,0.12140375929001876,-0.6478712441729936,-0.20262375002550367,0.12224186993624359,-0.7585480914794277,-0.21089648321160245,7,pause track
0.0,0.0,0.0,-0.13334394589359605,-0.12228071104564305,-0.01929589584398556,-0.23234127448432604,-0.2729501234300287,-0.048750431735890165,-0.31809794592561846,-0.37351531924100284,-0.08683780012577387,-0.4055915260451114,-0.44840489319084176,-0.12890771714047913,-0.1256920230906321,-0.4852163135373162,-0.0122770341670594,-0.23340047779101097,-0.585012765863109,-0.09668273306958314,-0.3287269279450265,-0.556292960855048,-0.17470292890518985,-0.4044704332428905,-0.5111899902824255,-0.22011679668870018,-0.06973221862448903,-0.5121906910808923,-0.04686930988460806,-0.11348070217789442,-0.7417413959232168,-0.10213675127843751,-0.16948566647494265,-0.8820866551468044,-0.1547070153567069,-0.2210283262986633,-1.0,-0.1917805936533848,-0.005976390440402777,-0.47818636476909165,-0.09173412649669291,-0.0020249052362002846,-0.7043112858933415,-0.14940502027748628,-0.02751773241814883,-0.8490879561604784,-0.19030130128330244,-0.05870583009311547,-0.980027448966312,-0.21641972041826177,0.052696082959430464,-0.39370833235829156,-0.13830992978744874,0.09459763206479369,-0.5451918533307223,-0.18151815037515878,0.10937126020150316,-0.6581704602977346,-0.19368256664534264,0.10929223049741911,-0.7676754551803048,-0.20147504942199895,7,pause track
0.0,0.0,0.0,-0.13217933578362046,-0.11381589201144274,-0.020555531355306647,-0.23328130527680355,-0.26560717999549743,-0.051798644303674965,-0.32162832629776017,-0.36554475457408464,-0.0908599685441588,-0.41138589795711367,-0.4422375184204472,-0.13411882834631061,-0.12718066345770862,-0.47694155842549396,-0.024035708655460772,-0.2366223435179405,-0.5821133437843,-0.10918862916221171,-0.33323959899294686,-0.5568343466812683,-0.18529709529044194,-0.4101254322156407,-0.5143203257007192,-0.2293553620407823,-0.0709376883792233,-0.5043479264781919,-0.058913693422462214,-0.11629373593469493,-0.7409151220429359,-0.11824588160253441,-0.17648179973232112,-0.8821767587764617,-0.17054945026266385,-0.23227689096662096,-1.0,-0.2063745528069327,-0.006268106052297165,-0.4706577841696718,-0.10312102070938083,-0.008942833322475544,-0.7068740944396844,-0.16470001767840808,-0.03697974348676902,-0.8529786491864492,-0.20643329568511573,-0.0700739786599068,-0.9856145275583084,-0.2322172315708269,0.05441494928037591,-0.38792224777697054,-0.14850427501793065,0.09348711949973901,-0.5460109166146455,-0.1955249274625415,0.10648245119973083,-0.6622941383601328,-0.2095061834463521,0.1050976706329212,-0.775023151832314,-0.21793888531672329,7,pause track
0.0,0.0,0.0,-0.13475629249424037,-0.11118507393531737,-0.024301913499653723,-0.23928725918020258,-0.2573502848791258,-0.058742795554214654,-0.330024668537539,-0.354057186914652,-0.10037693156756952,-0.42106383806746345,-0.4286414618477136,-0.14614672665794579,-0.13307307791912215,-0.4764096285334313,-0.03130209430615821,-0.24759452724001915,-0.5750511779955096,-0.12126031205984408,-0.3484246020321235,-0.5447683934642944,-0.2007223129967065,-0.4270219205028005,-0.49716547154560503,-0.24614745762662854,-0.07788326139786478,-0.5018222769098862,-0.06539075833685502,-0.12912146631400867,-0.7397600711184137,-0.126414354413443,-0.189849325705586,-0.8815518989802299,-0.17825657632595865,-0.2454322862194218,-1.0,-0.21322256514269813,-0.012691042612978215,-0.46740694692260654,-0.10924183704287643,-0.021208687025392477,-0.7083431899493691,-0.17317605108395454,-0.05013436579730804,-0.8601560635966186,-0.21413874651747347,-0.0839952802345457,-0.9972584854002886,-0.23851950652522427,0.04946228211784703,-0.38449400972437947,-0.15458046248759574,0.08579483853589469,-0.5483554885611297,-0.20474154557229785,0.09669549179267345,-0.6696547240137323,-0.2189940595442421,0.0935770316701478,-0.7845348828443127,-0.22656162295411983,7,pause track
0.0,0.0,0.0,-0.13382597053612455,-0.11058369143292565,-0.024198985319905043,-0.23875955807754934,-0.2578810653428182,-0.057443948125816054,-0.3314442167460968,-0.3538018025304251,-0.09826516450082928,-0.42276932597985284,-0.42678870399465896,-0.14334723824139511,-0.1351602458507824,-0.4757751027516876,-0.02310419932876506,-0.2537506794278177,-0.5676438533538064,-0.10983915666803255,-0.35125189159444214,-0.5403232232888231,-0.1883909485932386,-0.4258734835032349,-0.4974480076658884,-0.23394560501784065,-0.07909848105511423,-0.5082494728115883,-0.056643669129264045,-0.13661593605627784,-0.743609810402471,-0.11680367586704712,-0.20038610926428324,-0.8832383224644705,-0.17036825847932469,-0.2576538956042061,-1.0,-0.2066652153166779,-0.0118566348827261,-0.47885914009315944,-0.09993495995489719,-0.022641944414379805,-0.7100283347665246,-0.16151737311202927,-0.05555558859362109,-0.8550159514388012,-0.20137542869764946,-0.09323999551210918,-0.987396242303287,-0.22527905966695064,0.05132063720120539,-0.39908450198882545,-0.14502241683526595,0.08346049684757387,-0.5591858442725672,-0.18907088437120378,0.09271578052628053,-0.6761453537445146,-0.19919302081339266,0.08867786815670985,-0.7899476795978977,-0.20481207718280792,7,pause track
0.0,0.0,0.0,-0.13501755083745273,-0.11052312385966906,-0.025876564585099127,-0.2407855144036819,-0.2574614733864909,-0.06105753429155664,-0.3341241666508835,-0.35330451334305574,-0.10350571236626764,-0.4279217133215907,-0.4262253230806139,-0.15049573190577914,-0.13620878236330233,-0.47741197749957387,-0.029145848261952226,-0.2545731611078493,-0.567410722740961,-0.11641238929985856,-0.349986110848059,-0.5398995482868993,-0.19460338250048737,-0.4229689680044445,-0.49808057444269777,-0.2404578430292537,-0.07964965008806985,-0.507456343870149,-0.06332192598813233,-0.1374886953351389,-0.7402779882194739,-0.12413909320681386,-0.20029064628749282,-0.8815793938647828,-0.1789158418589348,-0.25684435311274834,-1.0,-0.2170171617426763,-0.01303784951735197,-0.4749243593628667,-0.10704579381509559,-0.02280681610131505,-0.7047087381705461,-0.16994495896658204,-0.0567652007298118,-0.8497177976855622,-0.21219571231497247,-0.09605581624020657,-0.9821254111504637,-0.23867790085863178,0.048917139371326475,-0.39293653762381864,-0.15244539201613475,0.08228651742141581,-0.5515551904392129,-0.19916265938862288,0.09133814087388019,-0.669260031755652,-0.2122777599153058,0.08689637430001831,-0.7849442382115823,-0.2205245671859612,7,pause track
0.0,0.0,0.0,-0.13502229894299683,-0.10864464578400124,-0.02461267203430893,-0.2426642154851464,-0.2571764852662462,-0.0582081757466013,-0.33862090734254413,-0.35379625163653167,-0.09931963189129185,-0.4326264539869188,-0.42386588085596927,-0.14484327257870108,-0.13631902828048711,-0.47150550679496406,-0.027869073005768682,-0.2566727100019659,-0.5619152590969316,-0.11533006117078894,-0.35520859346143,-0.5337859045648926,-0.19313441178184274,-0.43087977068779687,-0.49063066562684304,-0.23840858163006667,-0.08037016068266271,-0.5041403045596975,-0.06234000000735538,-0.13784452275263592,-0.7400047347003353,-0.12394198616101353,-0.20049497887587667,-0.8812704031441874,-0.17831637156995014,-0.2565007179781452,-1.0,-0.21549303050091148,-0.014474683423491395,-0.47449057202303746,-0.10634005874833834,-0.024310403490532862,-0.706296069116392,-0.1709818661719785,-0.057850619220482555,-0.853601333902442,-0.21376238535961728,-0.09570667370377739,-0.9901018983865614,-0.23962964628430858,0.04775848541541092,-0.39581504442176146,-0.15176777181920081,0.08168479765650044,-0.5572620286675676,-0.19974749525838797,0.0907076881418584,-0.6762267862424486,-0.2131083876569112,0.08653501208568666,-0.7926734546447785,-0.22102375970970292,7,pause track
0.0,0.0,0.0,-0.13963172656338815,-0.10924718562708587,-0.0216988516526561,-0.25122566389742174,-0.2573783617413034,-0.05172567947414282,-0.34828425563403065,-0.3516638118904619,-0.09002248886598148,-0.43849518370370416,-0.42211000547185734,-0.13178234612424877,-0.14695575452451098,-0.4707089050800794,-0.015514871092215944,-0.267557458155196,-0.5596992105309045,-0.10240257828024141,-0.36546434851630055,-0.5339359877442865,-0.18087477959861126,-0.43991258666493654,-0.4910974917033219,-0.2259682736410864,-0.0920886216832649,-0.5081828962228208,-0.048558444458113505,-0.15314926967703574,-0.7380533144190407,-0.10759060189738948,-0.2143802008581766,-0.8803294960192408,-0.1594134113303377,-0.2687532396912185,-0.9987547311303482,-0.19437646825645535,-0.025111607088495528,-0.4854387904516333,-0.09197118048614905,-0.040580490320111934,-0.7174833391831648,-0.15308289273522854,-0.06896839269329261,-0.8642031521288369,-0.19009894338687833,-0.10095990814839147,-1.0,-0.21138609529633445,0.040350393701937985,-0.4129969324672271,-0.13725688240698822,0.0709667847446137,-0.5739509781200717,-0.18112924239655692,0.0813100271371782,-0.6911636761412505,-0.190070351787626,0.07888884959776442,-0.8050215615728127,-0.1942769821551386,7,pause track
0.0,0.0,0.0,-0.13584029776506804,-0.10935466782471037,-0.021021749818198796,-0.2417930197067624,-0.2524860595868925,-0.05032324467341254,-0.3340057147608994,-0.3461578589127017,-0.08830222019356973,-0.4223534196938268,-0.41971865851724205,-0.12985615156523556,-0.14436816550169318,-0.46672491534115323,-0.0132117597590685,-0.2640589893912725,-0.5565021767217816,-0.09965354131816569,-0.36329848422550437,-0.5230222784817924,-0.17842620531725095,-0.4365697729033172,-0.4755640458228039,-0.22327944117933904,-0.08837600154611154,-0.5060733771603598,-0.045219342325024635,-0.14954856314803094,-0.7341400370512389,-0.10183938851683948,-0.20978194668379094,-0.8786102243555687,-0.15288616589833634,-0.262384195629309,-1.0,-0.18800505402238255,-0.02109964873700858,-0.4872774962232684,-0.08781200422881306,-0.029283337260210266,-0.7181869070223339,-0.14613288801481522,-0.05776233847831209,-0.863510805071369,-0.18312676362675354,-0.09102741345086245,-0.9935959182039235,-0.20456144811374172,0.04406774016702317,-0.41786051425148335,-0.13238879469219994,0.07586148750098172,-0.5843167850119577,-0.1730627820006877,0.08450408164208134,-0.7044278232320199,-0.18082149196771732,0.08038836812854284,-0.8161975203697116,-0.18427910469988432,7,pause track
0.0,0.0,0.0,-0.1331551608416097,-0.09464012199584118,-0.033078401323176035,-0.24563017840694562,-0.2350054884659906,-0.06931871513473047,-0.34309852526003803,-0.3298493234633231,-0.11203194409617204,-0.432182838124299,-0.410523413339479,-0.15735508220797512,-0.1461173124998597,-0.46694461924562214,-0.022608685369997477,-0.261617440077699,-0.5548653922850201,-0.11071862424019656,-0.35866592115315404,-0.525516690249237,-0.18995982511056925,-0.4303674728139481,-0.47742639207625637,-0.23538752046366804,-0.08977018404880432,-0.5079412528368298,-0.05005718552133248,-0.1508506935221136,-0.7302866049254774,-0.10698131374566595,-0.2136071118846427,-0.8662028345476299,-0.15699704117505106,-0.2689458703315303,-0.9802127145346701,-0.19133485279608275,-0.02102714751664685,-0.48754170598134294,-0.08942503873049504,-0.036138480693843865,-0.7163976432893683,-0.1482053356613688,-0.06769388651483532,-0.8653458930785468,-0.1859458582366603,-0.10216319263355829,-1.0,-0.2088918059192706,0.04569952313573609,-0.4152037616382042,-0.13189137791619673,0.0786084325584632,-0.5780860555550983,-0.17618389706596713,0.08810643433781863,-0.6994906800834158,-0.1880860255955895,0.0838434264489438,-0.8144339172981333,-0.19471394688492633,7,pause track
0.0,0.0,0.0,-0.1314998544211412,-0.09360223432183531,-0.03223540193152795,-0.2429390071512536,-0.2338491803022743,-0.06745993594675086,-0.3398878359732841,-0.3282195951839001,-0.10911722416900764,-0.4280492405039882,-0.4081008942807535,-0.1535303926759094,-0.14221702336817157,-0.46551333020026686,-0.020530483273541063,-0.256273435849721,-0.5499295524711652,-0.10733846007729472,-0.3529447680407892,-0.5201184592784845,-0.18623790342053992,-0.42494148268884757,-0.47188980502841366,-0.2316780115903251,-0.08665877793123009,-0.5068547522599108,-0.047989419917324326,-0.14597196354701658,-0.7255841764097939,-0.10325108850661081,-0.20866445592492017,-0.8600483007699185,-0.15280526312559428,-0.26416331745456595,-0.9725234657043066,-0.18707677081051313,-0.018774143298851326,-0.4870034276316945,-0.08733062539763187,-0.03344698675924732,-0.7155727373407031,-0.1449944206649668,-0.0653485979403728,-0.8647818208295514,-0.1828146511730356,-0.09987527520816662,-1.0,-0.2060724188715542,0.04681979660593555,-0.41506972126086067,-0.1296992194515649,0.08005006462995044,-0.5751438294033236,-0.1743215791561546,0.08929295140900169,-0.6961088485646241,-0.18689369366282535,0.08500039635737812,-0.8109763764497363,-0.1939210333074568,7,pause track
0.0,0.0,0.0,-0.13129473595871788,-0.0935291853780862,-0.030493078204849828,-0.24268937583251723,-0.23302256387391915,-0.06550895356655465,-0.33955371346582625,-0.3257692801099043,-0.10702750934257438,-0.42675761645813765,-0.4037348529464501,-0.15089371516024078,-0.1410090543121943,-0.46560740345572976,-0.019386907396808564,-0.25714296541201725,-0.548071480672661,-0.10645988186369254,-0.35423087886091126,-0.5161786077779614,-0.1859744843497743,-0.4256942680669408,-0.46600446079502417,-0.2320545320705949,-0.08668493721946735,-0.507021703952717,-0.04764655775713625,-0.14761355229899525,-0.725798911530523,-0.10427349015368784,-0.21077265731548572,-0.8590252353230194,-0.15439286383455356,-0.2670870520488935,-0.9701576657760604,-0.18865651610031284,-0.019618662286466148,-0.4862440335110479,-0.08758593892719103,-0.03424638036392486,-0.7163979135635009,-0.14572837673170794,-0.06461793952380478,-0.864553907558101,-0.1824418778642826,-0.09764320220459248,-1.0,-0.20467735458633393,0.04507598989832892,-0.41245162943237434,-0.13042225994139525,0.078577055927042,-0.5718206114165446,-0.17552853054521447,0.08766778352907077,-0.6922851832915018,-0.18774780610781405,0.08296076859062021,-0.808381385035079,-0.19428828830326755,7,pause track
0.0,0.0,0.0,-0.132305282284934,-0.09714491947546533,-0.030533660239773566,-0.24241038044957114,-0.23691588001635233,-0.06544992007102181,-0.3377678923605552,-0.3296818167665904,-0.10746141888466734,-0.423986449453599,-0.40966360739082525,-0.15219061613749083,-0.13717487172467513,-0.4671917122653337,-0.017811810043576938,-0.2528540580433985,-0.5530711003905141,-0.10416620859161688,-0.34980691687302057,-0.5209554284813134,-0.18363353460816118,-0.4222533899855434,-0.4716757065667055,-0.2298020007188069,-0.0835511709435548,-0.5079369407327561,-0.046244062746381466,-0.13895214659321262,-0.7266439055610631,-0.10271174068987897,-0.20264424675657008,-0.8583900472607362,-0.1533712479313483,-0.2613301503157809,-0.9691468620053931,-0.18812099475212285,-0.01843984854014565,-0.48751826879020954,-0.08643780196542328,-0.028760367820547375,-0.7160527511835449,-0.14483775623932993,-0.060684439660993156,-0.8648527728490912,-0.18309915004139934,-0.09586442305442566,-1.0,-0.2065928303710546,0.044378629002023405,-0.4138764139025747,-0.1296074967115099,0.0832555725682497,-0.5731343910516873,-0.17541295898997,0.0923261777462784,-0.6950584499959745,-0.18909896111267768,0.08653893451570227,-0.8106791430244771,-0.19687076193040468,7,pause track
0.0,0.0,0.0,-0.13205223068552774,-0.09813256777718612,-0.0318800419263299,-0.2441030722570787,-0.23611455559928693,-0.06805160618442728,-0.3406151922765263,-0.3282857870488274,-0.11110262139522532,-0.4282505035538166,-0.4095043178292779,-0.1570689701091373,-0.13985756951357858,-0.4695192276526289,-0.020091057021368448,-0.25591832009816406,-0.5546041256685111,-0.10745512064278859,-0.3515986386683027,-0.5230706827495196,-0.18723639307119133,-0.42401713240571387,-0.47443669113050724,-0.23340998601449234,-0.08491820433866598,-0.5107735049660824,-0.048371058989279916,-0.1412040839950918,-0.7309338087190054,-0.10647644354233249,-0.20624749380686686,-0.8610547079387864,-0.15763717560539828,-0.2667897112958118,-0.9693009515430742,-0.19210931229421357,-0.018479753663788113,-0.49016312828467573,-0.08841805445150759,-0.030570786933067858,-0.7188311068923205,-0.148297490934271,-0.06426828421271966,-0.8667990646632556,-0.1878008132318655,-0.1013757784826245,-1.0,-0.21165720199856383,0.045266594124047876,-0.41601500243094947,-0.13144730687666908,0.08483633922163314,-0.5732554812122335,-0.17817978667663667,0.09346199615678466,-0.6953764730396129,-0.19288120820327292,0.0870642928252263,-0.811491491676892,-0.20112491667455298,7,pause track
0.0,0.0,0.0,-0.12932641464805875,-0.09512920805767602,-0.032417521021300764,-0.24229411901880868,-0.23271368199193582,-0.06838281212207797,-0.34130828595044443,-0.32690362244514587,-0.11109956339069074,-0.4281278906770241,-0.41001353655814593,-0.1562883871796463,-0.13638304424866549,-0.46261881503849794,-0.020032613980569308,-0.25285740936854195,-0.5545121305254384,-0.1065160068849069,-0.35114838651407904,-0.5258969496659909,-0.1862344130690078,-0.42573974495599415,-0.47872739326311003,-0.2329681469899494,-0.08149437383331859,-0.50760630936125,-0.046942496378250216,-0.13612375086662473,-0.7281603162305812,-0.10426657664556115,-0.20193244824404152,-0.8591579794438278,-0.15528106894319663,-0.26386294207115635,-0.9675042095845643,-0.19056362701214388,-0.01589601687609404,-0.4911497856989243,-0.08556845961337287,-0.025287027224509574,-0.720491820876208,-0.14375969093490296,-0.05918283533334098,-0.8671176014862453,-0.18087624997291524,-0.0969355630960185,-1.0,-0.20387622998456031,0.04779669103888735,-0.42213110658123987,-0.1274246589924013,0.08818612341772737,-0.5805023591811141,-0.17323957635721063,0.09639930144401058,-0.7026877489521846,-0.18710339754582925,0.08729256992130141,-0.8191944100714658,-0.19521627521006413,7,pause track
0.0,0.0,0.0,-0.13176529477196885,-0.09472840192806822,-0.034547828053252364,-0.24739414163885798,-0.22668743047830922,-0.07273389996185452,-0.34779060066740825,-0.31943900630329997,-0.11771520442051228,-0.4347396180941787,-0.4056559139784946,-0.16509621804676367,-0.14289562476826104,-0.46943807934742304,-0.016454692161520807,-0.25639859102706714,-0.5528223952539859,-0.10474000049021936,-0.35527206154987023,-0.5217128290693362,-0.1866000069789105,-0.4292937523173897,-0.47224045235446793,-0.23459619487286676,-0.08797321097515758,-0.513581942899518,-0.04298845363259979,-0.14517816091954022,-0.7292347052280311,-0.0996168428150247,-0.21101177233963664,-0.8574370596959585,-0.1502053323404233,-0.2725558027437894,-0.9681692621431219,-0.185242352640757,-0.020044123099740453,-0.4954749721913237,-0.08224534786693423,-0.02849870226177234,-0.7207796625880608,-0.1416414882544018,-0.05971116054875788,-0.8659435483870968,-0.1784980650063484,-0.09457832777159807,-1.0,-0.2008994716618916,0.04503476084538376,-0.4222610307749351,-0.12501464592959644,0.08734862810530218,-0.580054134223211,-0.17308270766485784,0.09824703374119392,-0.7032347979236189,-0.18746617772418303,0.09277447163515017,-0.8223229514275121,-0.19545610866597019,7,pause track
0.0,0.0,0.0,-0.12895802806514198,-0.09564345063112077,-0.03640538943841746,-0.24015622343549156,-0.22251496570237703,-0.0787176241627256,-0.33987554985213686,-0.313374969398148,-0.12815763451310075,-0.42333791656958575,-0.403753100702926,-0.17980916255557128,-0.12857321352829496,-0.4689126278917307,-0.02067236957609555,-0.24582676622900132,-0.5527251786081534,-0.11403348883692657,-0.34774360805692855,-0.520012895488823,-0.20005184320669558,-0.4230450807413299,-0.46890450125884314,-0.25034244882831236,-0.07399622462493512,-0.5118134922976605,-0.046359897147775456,-0.13521950635692007,-0.7275682076147844,-0.10360063527968234,-0.19923216247946524,-0.8595993957848448,-0.15533276012729644,-0.2592522408035836,-0.9774601372495947,-0.19222191322410226,-0.007073679840030925,-0.49356089013595766,-0.08489216826092931,-0.017184873417996224,-0.7215675203602167,-0.14375140786851268,-0.04465991103368646,-0.8650314957815849,-0.17745308545488053,-0.07857641338999444,-1.0,-0.1983550622860349,0.05769835471699786,-0.42052019131201995,-0.12726896873722388,0.09638906919855608,-0.5768865816639336,-0.17408231050747972,0.10864809490946792,-0.6966356570978335,-0.1852562575752105,0.10455319541513843,-0.813867415646705,-0.19101139122923183,7,pause track
0.0,0.0,0.0,-0.1290478738974532,-0.09266785879411685,-0.03676476357905332,-0.24285482970008201,-0.22106201035272488,-0.07877541462221747,-0.34194546170196893,-0.31566994834599515,-0.1272323507444317,-0.4268811517552728,-0.40710393757857416,-0.17790794356524683,-0.13318331565331962,-0.4692373799863979,-0.02019974886263662,-0.2485280099631112,-0.5530137974709297,-0.11035464178436673,-0.3461116526541062,-0.5265367886264019,-0.1944180556381709,-0.419574548174933,-0.4824130854458852,-0.24379089512392918,-0.07630185454812663,-0.5135398186763558,-0.04614917326276485,-0.13377479641663173,-0.7358314252884177,-0.10374643280799818,-0.19701595307319636,-0.8637164036000156,-0.1554356575557317,-0.25699639435481914,-0.9723181057306004,-0.19104759303741506,-0.005796827333229969,-0.4951090662843981,-0.08450380525294666,-0.015994226954522496,-0.7262438073116015,-0.1426705723112491,-0.04276850899562627,-0.8683374225429139,-0.17759010510182968,-0.07508702905074444,-1.0,-0.1988830409895697,0.06263379035681052,-0.42230630305571765,-0.12662929258358108,0.10104650383960848,-0.5793739407900537,-0.17118344967518645,0.11289451288488866,-0.696833362301987,-0.18194731730723543,0.10768517170639182,-0.8125232651113024,-0.18751940145896034,7,pause track
0.0,0.0,0.0,-0.12788547871695197,-0.09314765149617553,-0.03891428806920623,-0.24083121099175092,-0.2219999412481361,-0.08147608953942992,-0.34103770433300556,-0.3170843655452011,-0.13033859113448742,-0.4291670755666659,-0.4057648366758418,-0.18136365825663858,-0.1305972386438624,-0.470643945448987,-0.022948813662268766,-0.24746173877531277,-0.5600943069351201,-0.11126476144798608,-0.34497426455222974,-0.5318507847219577,-0.1925073995104645,-0.41659269399258486,-0.48623246444516044,-0.24000784130780078,-0.07309723424210605,-0.5146735560177246,-0.0481806686495097,-0.12955536607924997,-0.7380993883226685,-0.10601264367033,-0.19194094937266631,-0.8684879373805213,-0.15755798681133254,-0.2491854665681044,-0.9775036889035058,-0.1928730232944793,-0.004563184988583697,-0.49713195455496995,-0.08579792506812767,-0.01613183473452822,-0.72623234582941,-0.1439147545395453,-0.04360880266018061,-0.8695103495485698,-0.17960390556306485,-0.07533304847019506,-1.0,-0.20151913848501468,0.061204429890538974,-0.4266017319567605,-0.12735820823357802,0.09777978188972868,-0.5836237797520505,-0.17119638873468693,0.11120838220441256,-0.7008427371066301,-0.18229837122088602,0.10975478324963973,-0.8141120679757212,-0.18828830445041206,7,pause track
0.0,0.0,0.0,-0.12810873588746993,-0.09201036461225245,-0.03794662340643692,-0.24189478067740144,-0.22470571904497502,-0.07846707211548744,-0.3430477512493059,-0.32318563760873587,-0.12553830568942784,-0.42833361095687583,-0.4165918933925597,-0.17433156869146374,-0.1359262446788821,-0.46712770682953914,-0.01957160605496551,-0.25152739218952436,-0.5587025726448269,-0.11039285408846541,-0.34983620210993893,-0.5312293170460856,-0.19409348336849502,-0.42087275587636497,-0.48791837867851195,-0.2433396891800812,-0.07833351841569498,-0.5132965019433648,-0.043568676548210006,-0.1372478252822506,-0.731545067555062,-0.10082789017952594,-0.19598417545807884,-0.8659313344438275,-0.15212554888765106,-0.24924689987044235,-0.9833168610031464,-0.1882953503868182,-0.007724689987044234,-0.49654118082546733,-0.08038941849712727,-0.019461132704053304,-0.7241011475106423,-0.13754853148990906,-0.046737183046455674,-0.8669727928928374,-0.1702223700980897,-0.07998232463446234,-1.0,-0.19046678292429736,0.061319637238571166,-0.42666481584305016,-0.12135628875439175,0.09969572459744587,-0.5792887284841755,-0.16495435927077154,0.11053784934295761,-0.6962239496575976,-0.17507889656486741,0.10362594854710346,-0.8113999629835277,-0.18045800307976653,7,pause track
0.0,0.0,0.0,-0.12691456024178288,-0.0940407919459198,-0.036440362026859054,-0.23567116592038193,-0.23200168499131874,-0.07459251781556203,-0.3313626810084094,-0.3314276883895331,-0.11902427924255948,-0.4173066178999867,-0.41785648747660664,-0.16597682376147144,-0.13694547775224536,-0.46895266051065343,-0.019784571327223617,-0.2495657506940931,-0.5576656332350421,-0.10933871344431714,-0.3455716229036977,-0.531117175990211,-0.1916529980362305,-0.41666527365135686,-0.4852639411114851,-0.23975487305341103,-0.07905064706489817,-0.5146693798890194,-0.04532435779469281,-0.13130060824620488,-0.7348846694764715,-0.10430681710843032,-0.1923177434489276,-0.8675817291369026,-0.1568595037334774,-0.24921749686664424,-0.9775644668911836,-0.19269703979400038,-0.009463031602502524,-0.494908064704261,-0.08322039611022898,-0.01236133925606296,-0.7250046619579035,-0.1434205510506785,-0.037302349701077486,-0.8677432260451515,-0.17935093158159934,-0.06856913553556053,-1.0,-0.20059992907491475,0.05741581915615219,-0.4205229045149298,-0.12460310821445475,0.09954543124410754,-0.5771201135808963,-0.17034314899079891,0.11418007861806938,-0.6952380607443828,-0.18125441735166936,0.11281046596547847,-0.8108742118319378,-0.18660906372637487,7,pause track
0.0,0.0,0.0,-0.12808670165507174,-0.09651340835415409,-0.03391575148244799,-0.23510317860269841,-0.23823959419228746,-0.0704820187855022,-0.32854103145867347,-0.337750269836125,-0.11320894393542781,-0.4161725549573541,-0.4211223246341824,-0.15846116521349896,-0.13895244106599217,-0.46616912005067984,-0.021783034353698008,-0.2502917365366643,-0.5545763330780591,-0.10928750232584437,-0.3450545873524431,-0.5300441835042411,-0.18863709698380374,-0.4163840898811338,-0.4898023845168239,-0.23517625561148245,-0.07940296250326777,-0.5093936167907459,-0.048708733230414365,-0.13665663243593898,-0.7284924355978052,-0.1081622707001745,-0.19404152041418057,-0.868187830840298,-0.1601615362295259,-0.24593258638329224,-0.9877915578754111,-0.19583779097327034,-0.008192506001865454,-0.4873902962272737,-0.08721548362888659,-0.014210831344238048,-0.7178018994803378,-0.14826560145310144,-0.038425494107867136,-0.8642271298611421,-0.18367629641540736,-0.06819686764174984,-1.0,-0.20432482293265636,0.059937231114813944,-0.4115324340486392,-0.12872868220014985,0.09966651436275104,-0.571414291701496,-0.17440171412541733,0.11464639595298834,-0.6912987128551729,-0.18436830331841714,0.11437105014548789,-0.8079858583278505,-0.18903876206057738,7,pause track
0.0,0.0,0.0,-0.1271224228263701,-0.0948205677882048,-0.034854218583265546,-0.23146389097802675,-0.2361016240693648,-0.07040270707034647,-0.3216738941556376,-0.3388752138829468,-0.1119130134702309,-0.40759788592505647,-0.4229926852537013,-0.15563345512692814,-0.13626204660532587,-0.46263847435029243,-0.018649834668951995,-0.24526162420887862,-0.5566610598020483,-0.10463071331322278,-0.3419888502757876,-0.534069366638464,-0.18329229941280004,-0.4144107496132622,-0.49497025143143936,-0.229162814250003,-0.07980695325864816,-0.5076074499645616,-0.043444893915514954,-0.13698228670126733,-0.726652224538682,-0.09874762433406192,-0.19468501909778982,-0.8672932611704218,-0.14827563852555456,-0.24607677041660847,-0.9878469694936511,-0.18270758047165117,-0.00989740410673615,-0.48896051006252605,-0.08032305752906241,-0.015239314847629798,-0.7194597364033227,-0.13732687846380867,-0.040384478059524304,-0.8664037687822775,-0.1712947189679382,-0.07003685551269585,-1.0,-0.19159469112024544,0.05752962511718702,-0.4171320033872487,-0.12073197345344518,0.09794677878193053,-0.5774238369274357,-0.1645374542905795,0.11262730406614864,-0.6978714413191105,-0.1747266327359146,0.11222675254598954,-0.8137857644136592,-0.17975050703836842,7,pause track
0.0,0.0,0.0,-0.12732737952936882,-0.09369257063243716,-0.03684360307422252,-0.23450816251565829,-0.23038872946048805,-0.07493926293231543,-0.32632752855516095,-0.3296902560468915,-0.11860748939308516,-0.4124670089788499,-0.415930802050933,-0.16404090086542508,-0.13805999289600848,-0.46580703346612123,-0.024822104955236724,-0.24947661811047422,-0.5566989849891888,-0.11302549957351295,-0.3462813654731679,-0.5309274457548873,-0.19168619595946293,-0.41805510867214346,-0.4895107709264094,-0.2367784077355876,-0.07965345898786312,-0.5092128626715382,-0.04950293985248335,-0.13777076158059953,-0.7303511514401569,-0.10860313392596097,-0.19348251960534443,-0.8724362188904065,-0.157571727521233,-0.2429068041207561,-0.9942157412030221,-0.18996236170039948,-0.008716630672007094,-0.4882261355223281,-0.08617072107343274,-0.01492867250727718,-0.71601306943334,-0.14629303844838842,-0.038642884036801835,-0.8641408479328689,-0.17878037401239225,-0.06814585637552001,-1.0,-0.1964215433338067,0.06010719199207793,-0.4138150400651524,-0.12637485011690583,0.0993340513277169,-0.5725512131452877,-0.17140425193178638,0.11410285646243641,-0.6938076751406786,-0.18020140201104937,0.11372542245871976,-0.8106415073398419,-0.18306201732402833,7,pause track
0.0,0.0,0.0,-0.1270658626869524,-0.09390573257188446,-0.03653194834599037,-0.23208470458658548,-0.23409382892039104,-0.07323768415810228,-0.32200921966157176,-0.33839322116921705,-0.11540291389618558,-0.4097385379360512,-0.4245456898650452,-0.15910896458782517,-0.14016545600403604,-0.4687488084029226,-0.02326442577347527,-0.2515812493217063,-0.5629588565361117,-0.10969464830056302,-0.34686098498514356,-0.538365942762276,-0.18679700593954357,-0.41820043542790436,-0.49988340680904236,-0.23122133760024124,-0.08052079758542101,-0.5143295964848986,-0.047997524068868154,-0.13982768406325072,-0.7363272484886882,-0.10640642470782084,-0.19466534821033118,-0.878859857917631,-0.15523643449358268,-0.2422916501676302,-1.0,-0.18774144974235882,-0.00839067665115024,-0.4933466718876951,-0.08464130256178751,-0.01655476653496769,-0.7195951173118157,-0.14424635756407536,-0.03918374500262518,-0.8658182862120852,-0.1765403226381817,-0.06649670825890434,-0.9996115393527685,-0.1942139988288255,0.06248918396498978,-0.4192119180239874,-0.12488848493883668,0.09914509325988696,-0.5792989522745206,-0.16896073403615605,0.11430202476175391,-0.6987576592193683,-0.17742509492581343,0.11475629823218324,-0.8129499653886879,-0.18031876239396663,7,pause track
0.0,0.0,0.0,-0.12626335384179407,-0.09412243372571504,-0.03666926900573951,-0.22954456792907044,-0.2328202636364994,-0.07379726270404113,-0.3184718932341021,-0.333236018009952,-0.1163957175212589,-0.40454350249929794,-0.4177819682658555,-0.16143965238470723,-0.13792625841826114,-0.46704033808181117,-0.024187873048690356,-0.24832317745033367,-0.5582438584803292,-0.11168185098008833,-0.34351477450588647,-0.5322788796122637,-0.19061999813761277,-0.41466672446091984,-0.4920790304844045,-0.23631186455566702,-0.07806904786274788,-0.5118617848006699,-0.04920437184338878,-0.1351506772672983,-0.7336736091406225,-0.10596986114337774,-0.18986960232332897,-0.8752656744753259,-0.15609028430294342,-0.2382995777255606,-0.9951481056658644,-0.19056766003831763,-0.006090251554343657,-0.49068468341801524,-0.08619643502902015,-0.010900348258942053,-0.7180150697301021,-0.14461204283758228,-0.033909806725575524,-0.8657077677297531,-0.1805518802948877,-0.06262295697011443,-1.0,-0.2021018024183457,0.06355680161260537,-0.41443087291298697,-0.12660989941142967,0.10216087370340839,-0.5721743982871532,-0.170585638482761,0.11678658367120509,-0.6905543913736978,-0.18083428748138453,0.11579782841736144,-0.8035866555012054,-0.18598075721170512,7,pause track
0.0,0.0,0.0,-0.12698110024663184,-0.09669973794687768,-0.03466648965371346,-0.2296398407626365,-0.23725672119741517,-0.07111450499227386,-0.31878930661084115,-0.33953617429953553,-0.11381717375119041,-0.40608867162343704,-0.42460750856948826,-0.15876808313597918,-0.1367095373363254,-0.4724983592267207,-0.019423069274476727,-0.24658804228326137,-0.5679466568588305,-0.1062424439041036,-0.34253336842337706,-0.5420573722215002,-0.18524325641720354,-0.4155545668883445,-0.5011538808224826,-0.2313357159372543,-0.07699208700207101,-0.516538777454671,-0.04527027261352728,-0.1371031238223628,-0.7320904121282196,-0.09988463976012389,-0.1943621292513042,-0.8688231175814514,-0.14946970421635913,-0.24422036933598368,-0.9851875187562197,-0.18464259357375884,-0.0051462179678158654,-0.495083653192114,-0.08337815399964675,-0.012244349784989015,-0.7229046157766912,-0.13992115940940206,-0.034742220309243683,-0.8674318540611355,-0.17365149411267097,-0.06158194074247299,-1.0,-0.19453096759549415,0.06446347528269628,-0.41890742780688073,-0.1250717313541881,0.10037532349388235,-0.576658411818346,-0.16874005695455907,0.1150774846809877,-0.6936630132235647,-0.17894611020430376,0.11468145468262032,-0.8059713649315075,-0.184333149887306,7,pause track
0.0,0.0,0.0,-0.12746589392538824,-0.09656125541227503,-0.0372267417739246,-0.23351015817304713,-0.23772520119041968,-0.07519014942272978,-0.32282886648145326,-0.34164722312107226,-0.11908001295494833,-0.40856149529350844,-0.4300586766890157,-0.1649947576426842,-0.137845105571296,-0.47620356422928733,-0.022292536936277446,-0.24748930952252401,-0.5730010772914003,-0.10908448219235428,-0.3419599383845847,-0.5465670350280954,-0.18737318324272245,-0.4126199994999455,-0.5048574137976641,-0.23260287812973732,-0.07769108152736948,-0.5193584517731825,-0.047465528232157904,-0.13605831650480724,-0.7365093077179794,-0.10219197326293844,-0.19415496037792526,-0.8721437555327591,-0.15097022090878676,-0.2448144707085809,-0.9879684342386615,-0.18513291401408558,-0.005999204985761128,-0.497957748290665,-0.08512992795473634,-0.014267860371728947,-0.72695011303769,-0.14164908434642978,-0.041030561666326654,-0.8700228720595978,-0.17615171488693437,-0.07201763670603208,-1.0,-0.19750036332649246,0.06342829417266159,-0.4223580180302272,-0.12660892507543683,0.0989644160468225,-0.5810755085971332,-0.16991180203774323,0.11317611087296114,-0.698528263408437,-0.1806925746872242,0.11296123236628343,-0.8114120416755596,-0.18650389686402682,7,pause track
0.0,0.0,0.0,-0.12646787749801602,-0.09729330495635236,-0.0336120983060369,-0.22806272996176322,-0.2406334319313181,-0.06867266617632042,-0.3159832443546642,-0.3436131952961547,-0.10980910001045938,-0.4024744787533367,-0.42691779092417576,-0.1532671612975238,-0.13482504869778517,-0.47194520597359496,-0.019731489324451876,-0.24143225596998774,-0.570594473703196,-0.10577613431534359,-0.33626289589495706,-0.5429211456604862,-0.18304537219500594,-0.4071349469735228,-0.49898041266863863,-0.22745736898455937,-0.0758813397301782,-0.5149466127984994,-0.04531327144920839,-0.13291095519803767,-0.7319213981675203,-0.09970451249873584,-0.18898356900656518,-0.8702689199913426,-0.14779530005013905,-0.23720204169973305,-0.9900335473631051,-0.18140903643279543,-0.005000180362167232,-0.492594149051295,-0.08298692921650512,-0.008768306759974028,-0.7182059375225452,-0.13949789636353635,-0.029388752615251423,-0.8645894055262968,-0.17362571001334517,-0.05433121708390448,-1.0,-0.19447857506637165,0.06356990837601904,-0.41583796262895895,-0.12402027479943564,0.10065525575355314,-0.5719363682274006,-0.16756291467029633,0.11521282735733353,-0.6898049383161388,-0.17790818422155527,0.11492677296010388,-0.8039950220041844,-0.1833784785726122,7,pause track
0.0,0.0,0.0,-0.1256085359097923,-0.09341808393688128,-0.03712249754537138,-0.22962745336676307,-0.23821122953048818,-0.07296760860088106,-0.31633146764439,-0.34343278730448257,-0.1138229771243648,-0.4014612020947745,-0.4307964367917859,-0.15683011213172826,-0.1366092829043016,-0.47140020554809486,-0.02429916165620459,-0.24246664238609783,-0.571865212575353,-0.10999732625906822,-0.3372270146490852,-0.5461661727936136,-0.18671209008039236,-0.4089364938671325,-0.5051627624279251,-0.2312212454528035,-0.07538600078097764,-0.5157558931052035,-0.04895988088241869,-0.1340604575289262,-0.7356752271228514,-0.1033887855463269,-0.19097060078639683,-0.8758202961208393,-0.15214960430233226,-0.2395007760387578,-0.9959297272368988,-0.18671953238587313,-0.0024665408898160894,-0.49343812945252635,-0.08573493462787163,-0.006931652313249787,-0.7186846589366978,-0.1423908954002837,-0.029467270484962827,-0.8650528999526683,-0.1774875053610382,-0.05636577882492136,-1.0,-0.19961185969289497,0.0686571597878619,-0.41728456304083583,-0.12607261547589482,0.10368443283560584,-0.5748037111752934,-0.16966020499991985,0.11884000262077898,-0.6925515413071289,-0.1802378960084458,0.11893352419467458,-0.8070850204447041,-0.1862973826166911,7,pause track
0.0,0.0,0.0,-0.12523084571541623,-0.09558176393402558,-0.03823503873048401,-0.23034929257016837,-0.23689661894218655,-0.07577255286398794,-0.31855608596225293,-0.3396486926440681,-0.11853286891259301,-0.4015519851094967,-0.4312248879139039,-0.16309641140056977,-0.1325664479254253,-0.4733353650908181,-0.02540415040089416,-0.24023574448152363,-0.5724797357648476,-0.11242065125535972,-0.33469928413279837,-0.5463555289503621,-0.18990463161738108,-0.4048461052809208,-0.504870762767341,-0.2346759716172065,-0.07161408706202049,-0.5186254942407676,-0.05005392851533835,-0.13052729561925933,-0.7385970035698803,-0.10531615615558054,-0.1878546786671283,-0.8773704645499536,-0.15402804570095177,-0.2371205547425293,-0.994999767244966,-0.18828043789536622,0.00031240089727065627,-0.49751297609314854,-0.08707425312132773,-0.00398102028169178,-0.7224708983471483,-0.14390191747547615,-0.027625840463880783,-0.8673243572324263,-0.17848065541221914,-0.05723246263554344,-1.0,-0.20024675151386326,0.07099337666456218,-0.4223876520544996,-0.12788218857690206,0.10892681017954141,-0.5786992048506149,-0.17133254147353846,0.1233037976893244,-0.6966370898056204,-0.18190397281153078,0.12077258669397659,-0.8110186414961493,-0.18787917412645125,7,pause track
0.0,0.0,0.0,-0.12642465289389468,-0.09358111191558703,-0.03658926366488522,-0.230815864842274,-0.23974572789016993,-0.0709970176492957,-0.31837314767616487,-0.34438080787419584,-0.11043754297928414,-0.40096387398083183,-0.4341449882052287,-0.15144531951968418,-0.13510658945140874,-0.4745186762871885,-0.020912380266815023,-0.24080651777007933,-0.5756564505440314,-0.10608719516069455,-0.3346371795579423,-0.5469617325597378,-0.18224418845540583,-0.40302818443494226,-0.5020775680729123,-0.22560699609078413,-0.07241031807101826,-0.5179939256657038,-0.044933595974225325,-0.1296494108386355,-0.7401064794221914,-0.09896451691246069,-0.18497805368054948,-0.8809160996554463,-0.1461525646911151,-0.23185555075756017,-1.0,-0.17817703058945317,0.0017283605899153353,-0.4957146325511158,-0.08121299372930461,-0.004799258006248938,-0.7176650284939597,-0.13751418888109262,-0.027564483434470027,-0.8648868268331319,-0.1710436988975393,-0.054698409915472306,-0.9996255399097617,-0.19065488495478117,0.07355795888226188,-0.4197342271313291,-0.12105049229982667,0.10667963929175817,-0.5766146066130806,-0.16309823659264724,0.1204504271478515,-0.6934342499669011,-0.1713907193243733,0.11963711281890886,-0.8058126812100039,-0.1748032033475898,7,pause track
0.0,0.0,0.0,-0.12478007020640865,-0.09762104300874315,-0.036685428931092584,-0.22620648970208435,-0.23980545754628826,-0.07276096836984661,-0.31326270661692024,-0.3440560750609634,-0.11414842308356073,-0.39871710059691207,-0.4323806907608096,-0.15752738232646635,-0.13147494252666514,-0.46935132250590494,-0.02260015702198714,-0.23683652354436535,-0.56827958272445,-0.10962912757942783,-0.33098912678809056,-0.5424243502304562,-0.18753254986039306,-0.4007409725771696,-0.4998572004350185,-0.23231528827059394,-0.0695084875900378,-0.5135585732652735,-0.046907616002575675,-0.12395227405267507,-0.7359830135616805,-0.104398119673889,-0.17917423033015925,-0.8786841364589221,-0.15449236243314945,-0.22730565456555563,-1.0,-0.18875072561959275,0.0030543165232741675,-0.491570052170702,-0.08319334685399163,-0.0012337233939552236,-0.7136753888034514,-0.14136170375833482,-0.023803350003039726,-0.8621871165160689,-0.1756690628220092,-0.05211720282176624,-0.999348552977918,-0.19594776064849265,0.07348661057059032,-0.4166531943015273,-0.12298731536243193,0.1083019641132219,-0.5746189647369286,-0.1654137596262441,0.12097010035598567,-0.6929089725951828,-0.17387516298885639,0.1175200340449294,-0.8072014932934641,-0.1778191847487901,7,pause track
0.0,0.0,0.0,-0.12374321387897123,-0.09590567338797881,-0.036197914250912115,-0.22449517601589597,-0.23958073000505034,-0.07157670333084462,-0.30968772243060794,-0.34176251841476857,-0.11230793536060134,-0.39231765325754414,-0.4306136536316172,-0.15514913417166523,-0.12826639879594331,-0.4707439199239958,-0.021762993583786458,-0.23266028843399356,-0.5669700994142209,-0.10711660763943914,-0.32535928841554074,-0.539251248298711,-0.1835253788649065,-0.39343996207672904,-0.4955585092041147,-0.22721516192222657,-0.06557789543403317,-0.5135702713660135,-0.04680505217172866,-0.1162613939561041,-0.7370762498170392,-0.10215231253877533,-0.17153606625249898,-0.8768593698409312,-0.15089292196975249,-0.22028586851152057,-0.995377295161397,-0.1838208930156361,0.007517650677729771,-0.49044348979369906,-0.08383679515252856,0.00303181932270199,-0.7148285758152796,-0.14114021598635682,-0.019893414253510114,-0.8635064120031596,-0.17711536879108977,-0.04750781871859546,-1.0,-0.198559941211047,0.07751715083869944,-0.41332065641226295,-0.12422956651271956,0.11407258271843279,-0.5686322881322986,-0.1667386478175395,0.12714256716967673,-0.6858307459049479,-0.1763553089035661,0.1250074124874122,-0.7983614416647542,-0.18100580497140947,7,pause track
0.0,0.0,0.0,-0.12415960142866975,-0.09354706522845121,-0.03924067464671761,-0.22636975111933075,-0.23489877809915977,-0.07592006141159287,-0.3122775086535537,-0.34105709067879,-0.11727832166584926,-0.39612285714976075,-0.43123356777880983,-0.15987799514907342,-0.13044043610384567,-0.4633375605887468,-0.024850587195240737,-0.23737893101418064,-0.5568706652249074,-0.11129061468328899,-0.3307992770203013,-0.5326835811174399,-0.18658638683425205,-0.3979334385806874,-0.49429785872256465,-0.22902139692122742,-0.06616452683301906,-0.5099016843186126,-0.04793834177805126,-0.11826545726174974,-0.7326649490961904,-0.10684721991827842,-0.17091040333493493,-0.8769775604061852,-0.15419719746946703,-0.21674669695518586,-1.0,-0.18457448426594156,0.0074316886293928994,-0.49029940190495863,-0.08316155934376962,0.0032793073326847625,-0.7089144914617107,-0.1428300536697285,-0.01887328892134826,-0.8577398642296603,-0.17433792471430568,-0.0468021697266167,-0.9948207992421189,-0.19069189723216382,0.07822298842407376,-0.41665620368003004,-0.1220925894090685,0.11407361044452763,-0.5724680474706674,-0.1635613430530292,0.127974064799163,-0.68977192419291,-0.1692206069664821,0.126722086041815,-0.8021137947565626,-0.16990906104655917,7,pause track
0.0,0.0,0.0,-0.1235014931950088,-0.09330638690373526,-0.03975286675724923,-0.2247494171308016,-0.23550968782350623,-0.07718282079280381,-0.3094656922243517,-0.34093679016101797,-0.11916290017335732,-0.3919274446135887,-0.43150568263990735,-0.1627583291361626,-0.1275724716475067,-0.4633373578000915,-0.02724909381966346,-0.23312982458395692,-0.5574543515841294,-0.11477274526174024,-0.3269115056540723,-0.5339356820935511,-0.19103247343704272,-0.3950853297652347,-0.4951038630238636,-0.23397303381279294,-0.06371495062618489,-0.5078073583821572,-0.05067635522092065,-0.11454803667085539,-0.7311998124534214,-0.10943032813200994,-0.1670605430494745,-0.8760308009188782,-0.15703418803128757,-0.212935268219818,-1.0,-0.187858251164351,0.009936362003463112,-0.4860577402065655,-0.08631140478221093,0.00800268964362222,-0.7059406592912153,-0.14623810735126339,-0.013144865448185258,-0.8562626166318678,-0.17945001257739235,-0.03954565305811266,-0.9939716023341193,-0.1972491050904915,0.08006885516240526,-0.41021386094913853,-0.1256127486934284,0.11704377741377839,-0.5673505403391194,-0.16849858417736963,0.13175789922121034,-0.6868920225213017,-0.17591748956526287,0.13244298701850576,-0.8013672117015924,-0.177975219148236,7,pause track
0.0,0.0,0.0,-0.12358725730343283,-0.09422906457060287,-0.04006478546778906,-0.22489278852398997,-0.23695071818868754,-0.07787835591860705,-0.3090604752951275,-0.34290644276601945,-0.12007114842712419,-0.38906209769453115,-0.4350381808828819,-0.16410324468686818,-0.1251066486392125,-0.4638152222874795,-0.02953752062591672,-0.2307971252083166,-0.560622436747418,-0.11971662824906765,-0.32452615842086935,-0.53609329439813,-0.1979127171050956,-0.39435187019947116,-0.4957057339132756,-0.24152526543535538,-0.05933461255118911,-0.5094477070118208,-0.05319691261208558,-0.10799462321113938,-0.7348793000954679,-0.11379930388229031,-0.1627999183082591,-0.8779555408959897,-0.16211574958042146,-0.21206663130026557,-0.9972274480675847,-0.19285042447248635,0.016085696994755254,-0.48723155588281486,-0.08896634133630967,0.014970922778970058,-0.7105942323701201,-0.14971175345702692,-0.006921820539397772,-0.8617076039608702,-0.18162212071429104,-0.033062105556378465,-1.0,-0.19798601989753442,0.08693773720667493,-0.40993798253204733,-0.12840201525475622,0.12278668896334217,-0.5683090006180485,-0.1708114217585409,0.13802598662163734,-0.6875809971288176,-0.17627900155495121,0.14131849254795145,-0.8022582799099961,-0.17649667645291248,7,pause track
0.0,0.0,0.0,-0.12405128723935535,-0.09442531716704029,-0.041815194161700854,-0.22743689279434093,-0.2350734250322538,-0.08188922881261781,-0.312419142021554,-0.3400189036525017,-0.12644388523122646,-0.3916966921825461,-0.43508572241587823,-0.1726289615697377,-0.12667100530753647,-0.46573981095632533,-0.03158098765306033,-0.23157465852417813,-0.5603812260419977,-0.1217883178767762,-0.32391665948723486,-0.5362994455810388,-0.19923629708418839,-0.39035050403186167,-0.4972607935458755,-0.24243483405301916,-0.06156681536729675,-0.5086072748318672,-0.05505668517209893,-0.11154888764087922,-0.7331909243878924,-0.11602157332667991,-0.16536370405774337,-0.876652058757185,-0.16449856783539765,-0.21211941116981364,-1.0,-0.19554160805248935,0.013094568667481965,-0.48571698215056214,-0.09075009249647782,0.008308956034351169,-0.708881427840633,-0.15181820918792396,-0.01584628699448012,-0.8590466024366694,-0.18479678028199428,-0.04379709603005423,-0.9965653121551415,-0.20226964426399435,0.08375823057808784,-0.40846170812803434,-0.13028869439477916,0.12069238559590297,-0.567172670637816,-0.17348241652681662,0.13660748789118818,-0.6885062897184936,-0.18092122765938062,0.14047115423457188,-0.8047265744672712,-0.18273178503471857,7,pause track
0.0,0.0,0.0,-0.12250720033509613,-0.09400706794284583,-0.04039044980334557,-0.22430684220647085,-0.23598012491472173,-0.07815520250033552,-0.30884398086623993,-0.34161717803284936,-0.12021622265091808,-0.3897406450993174,-0.43379396552016586,-0.16419098259957524,-0.12488169060707784,-0.46365372972090857,-0.02787549318390268,-0.22965136469360256,-0.5564175781913272,-0.11591923264184613,-0.32269169246217627,-0.5328308676950589,-0.19304632214954157,-0.39148129519793756,-0.4946969003072964,-0.23663995221649117,-0.0583500765339691,-0.5092213032432441,-0.05179319267527718,-0.1064854169445297,-0.7325641727466223,-0.11096329435395379,-0.16064580993257904,-0.8759114130689988,-0.15976890958868623,-0.20874410193864035,-0.9965885114950933,-0.19162509178899007,0.01663607271914399,-0.4872004457949704,-0.08789129444001322,0.015284296957870697,-0.7119330321967597,-0.1491122261725698,-0.005462095375627077,-0.8619924614085072,-0.18303266289380563,-0.03023596173462237,-1.0,-0.20121011662749028,0.08710213807681465,-0.4095219934505563,-0.12750623274058237,0.12298391956407508,-0.5671500099718235,-0.17117488582664303,0.14032917909127315,-0.6849801840136224,-0.17837708450214917,0.14562701166140937,-0.7984237376894401,-0.1801464024776244,7,pause track
0.0,0.0,0.0,-0.1227945762148432,-0.09424410939910614,-0.0400114492943669,-0.22488397086024225,-0.2353871473665967,-0.07856993440023151,-0.3101943337150066,-0.337977399356175,-0.12119332390547218,-0.39069421083137523,-0.42925969360067506,-0.16577443322857516,-0.12166536088010252,-0.46157649044348914,-0.034023019844842954,-0.22668709281478808,-0.5563884926937512,-0.12392808402667947,-0.3216217123301294,-0.53063744640711,-0.20161163745548794,-0.39247691137319973,-0.4905088376771158,-0.2452797431510377,-0.05541217158816794,-0.5037676618583414,-0.05845200162965312,-0.10190231674712111,-0.7295995414238591,-0.12141973522042647,-0.15554892402240034,-0.8742639412545211,-0.1718205254225523,-0.2044408936836393,-0.9974952693353487,-0.20392713709465046,0.019195417648078326,-0.48015713477990335,-0.09433345040102989,0.018205600652348712,-0.7048159373677048,-0.15825186179624923,-0.003452816947428536,-0.8580801492503388,-0.1932738854019817,-0.029544279305259987,-1.0,-0.21137584738476947,0.08878590972243926,-0.4025435135910717,-0.13338231022916328,0.12470131464176225,-0.5637702118712691,-0.17845939351514262,0.14129113760409592,-0.6846994252171418,-0.1857618465352387,0.14663941680707127,-0.8008610377913337,-0.18708482112176725,7,pause track
0.0,0.0,0.0,-0.12171488343348331,-0.0941302520112995,-0.04044770874002763,-0.22499421088499852,-0.23470824331634746,-0.07929741292672808,-0.31125260398717325,-0.3391070523056906,-0.1225968834667979,-0.3930729282257631,-0.4315115818412337,-0.16766654812077555,-0.12526619451979235,-0.462701024064796,-0.030316481629546345,-0.229426305613734,-0.5564737196470481,-0.11999275139847126,-0.32308451180573755,-0.5311908242995349,-0.19707800533442302,-0.3912630328649641,-0.49059595383438254,-0.2398241216340653,-0.05856453309505749,-0.5056329404165648,-0.05436883058803618,-0.10575306511013406,-0.7307087383670442,-0.11533914555780038,-0.15809451134831498,-0.8747599311743999,-0.1636399700864924,-0.2038580784525172,-0.9982111478604617,-0.19411726422783668,0.017301807853455007,-0.4836688107271922,-0.09048060883564053,0.014059903452630862,-0.7091634222804735,-0.15334115233211262,-0.007275961249443045,-0.8600500061836754,-0.18650670684373022,-0.03165685140088558,-1.0,-0.2030098754089383,0.08885946008265884,-0.4073776820410284,-0.1300305351264081,0.1253343174903141,-0.5683777629147644,-0.17468140846913183,0.14347714086466062,-0.688453504244712,-0.18139772926162667,0.1506871191321847,-0.803806647393097,-0.18185018081027846,7,pause track
0.0,0.0,0.0,-0.12092638719047114,-0.0908719107492766,-0.04161217463666813,-0.22407059206280597,-0.23590078454173266,-0.07972595194547936,-0.31132382227283045,-0.3424404436963711,-0.12154802161693365,-0.39442783221199285,-0.4344510392185625,-0.16490681404990096,-0.12383472164555932,-0.46292135509881094,-0.03217146151934631,-0.22905890864558667,-0.557656305440292,-0.12022554589389901,-0.32263084486077037,-0.5341767035608583,-0.19611681268603648,-0.39079014991498934,-0.4957583459449361,-0.23883988977030732,-0.05695466109565911,-0.507851632854785,-0.05517396611084581,-0.10593622015614117,-0.7313261557597169,-0.11601609049493136,-0.15773270316164387,-0.8763467717789446,-0.16452118491946047,-0.20228303455585078,-1.0,-0.19547013136966573,0.018339004854860314,-0.4855412606298852,-0.09004711406101787,0.01509112497154176,-0.7092441598008757,-0.15301873946427247,-0.005900134575065645,-0.8598091158002634,-0.18702043150864495,-0.030371024414950085,-0.9996341717666556,-0.20443669680017632,0.08920685952799634,-0.40820055485132634,-0.12828082609168778,0.12682075020360295,-0.5659188735047659,-0.17351573132619255,0.14412105149689455,-0.6847654561540656,-0.18143481376150045,0.14965873198251553,-0.799052682462159,-0.18309800032430978,7,pause track
0.0,0.0,0.0,-0.12076563872266734,-0.09272141406615352,-0.04075477566821216,-0.22373248300612825,-0.2347490774996143,-0.07886384694936072,-0.31099976409044977,-0.3395337295206068,-0.12082389599086615,-0.39348923355480203,-0.4314247135792784,-0.16455792451950832,-0.1249760785586787,-0.4614506139459541,-0.03162592890747919,-0.22995928852376782,-0.5553309037340871,-0.1198251286825888,-0.3233366180862155,-0.5315855739047661,-0.19611312251895274,-0.3919221518002986,-0.4927819573820836,-0.23903160401380483,-0.058361307852736015,-0.5063300325810696,-0.055222836562686416,-0.1068189393758591,-0.7322089464815363,-0.11583745657574794,-0.15879259025758324,-0.8774051085108518,-0.16447571327958493,-0.2037159258642483,-1.0,-0.19566337280576607,0.01691930163320563,-0.4840216305723872,-0.09066656632372752,0.015403944311860537,-0.7092432094380855,-0.15350539795839085,-0.004776037196876412,-0.8603089856164376,-0.1882017684380591,-0.02864894804657754,-0.9999512920860997,-0.20628038939901744,0.08838703077710239,-0.4065414462204744,-0.12936037932739197,0.1274030457440063,-0.5649935246865282,-0.17449986184706212,0.14577418035183085,-0.6841022958461909,-0.18254078208417118,0.15171619096305838,-0.7987523853791441,-0.18450202974847588,7,pause track
0.0,0.0,0.0,-0.12071442301819373,-0.0924088918690741,-0.04152483342807754,-0.22395104693254067,-0.23541300845554106,-0.07958827506076542,-0.3122009587300463,-0.33978747319221464,-0.12146451905085502,-0.3944597992728924,-0.4327646685177072,-0.16479688640933066,-0.12494514611295154,-0.4614652269763286,-0.03218411104810587,-0.22867586264154816,-0.5581459134988905,-0.12009586003460346,-0.32316292250052464,-0.5347522234828664,-0.19575812129184617,-0.3921379341587659,-0.495963221036112,-0.23834073439661718,-0.059282300070747085,-0.5063976884997256,-0.055179253807467694,-0.10716653750278402,-0.7316366725303808,-0.11637128220571832,-0.158941027146802,-0.8765447995959122,-0.1646383400569478,-0.20342513884346192,-1.0,-0.1952992171321522,0.015374335969404686,-0.48431846463584555,-0.09006369840409431,0.012638053539509033,-0.7081727378098336,-0.1532637657667388,-0.007799365611876766,-0.8587855809920121,-0.18703054726631077,-0.031662998870708406,-0.9974492446755263,-0.2041390548871561,0.08663190391088495,-0.4074078285035031,-0.128340534767689,0.12465852656576283,-0.567782217795425,-0.17354595469749542,0.14276650087329945,-0.6878019497708938,-0.1812169386371939,0.14913276874923267,-0.8018859601459574,-0.18269498593312092,7,pause track
0.0,0.0,0.0,-0.12331011007945539,-0.09218707787402067,-0.04210431314850583,-0.2275800559857299,-0.23664944502671245,-0.08081401070500416,-0.315052962922874,-0.34215552980082914,-0.12311774384966506,-0.3978323789711192,-0.4337318862579761,-0.167238010208683,-0.12761226406045262,-0.46207816002133123,-0.03363953501022055,-0.23157174524644897,-0.5582037750327581,-0.12194459112795075,-0.32577481979758194,-0.5357415469203889,-0.19862900303578637,-0.3954170373675267,-0.4977164827022399,-0.24211331391938762,-0.06215366419650094,-0.5070601683795907,-0.05697428789684725,-0.11093217736265149,-0.7331865489927937,-0.11658194668661565,-0.16200247984575325,-0.8778875726991686,-0.16509757024286228,-0.20566158113486824,-1.0,-0.19680772881043018,0.012551469119408357,-0.48439043578581104,-0.09222313817417989,0.010034311279602168,-0.7076784578140222,-0.1534264441658498,-0.010105239444155511,-0.8592931295600605,-0.18768672764970748,-0.03364582205830718,-0.9985958687424155,-0.20652136734607157,0.08326385717214864,-0.40733059300697577,-0.1310806513236104,0.121923050861478,-0.5654942399466367,-0.1754502882611681,0.1416495286269064,-0.6848748769097144,-0.18343064177558824,0.14932948244439928,-0.799605759085361,-0.18604204783405032,7,pause track
0.0,0.0,0.0,-0.12396144184772889,-0.09407552083333333,-0.04110012991502594,-0.22913793910385372,-0.23946248547031473,-0.07911472602732225,-0.3167731594800608,-0.3444766588988734,-0.12086487944473216,-0.39817318895855686,-0.4358254188461195,-0.16424893482658348,-0.12757762204935622,-0.46154104077253216,-0.0323477791010143,-0.23271945413090128,-0.5589355119478719,-0.12045046907053689,-0.3260875259857833,-0.5345252914319564,-0.1970462939165781,-0.39512134382823677,-0.49437690702119097,-0.2404707992785908,-0.062346146000983545,-0.5062432241371603,-0.05580161026205491,-0.11140924325487303,-0.7331732448419618,-0.11529382788670284,-0.16228435991148069,-0.8781032753263591,-0.1635251792452284,-0.20608865413201896,-1.0,-0.19486555318903206,0.012207904428201001,-0.48296603965486407,-0.09115848932582625,0.008900480038447782,-0.7067360284502414,-0.1520115169751886,-0.010440417113733906,-0.8578494703650305,-0.18521370330862255,-0.03279797031473534,-0.9972553389607922,-0.2030803918745985,0.08303592883807225,-0.4060318800853898,-0.13010680490395404,0.12129091363778613,-0.5653521492757511,-0.1740613076045196,0.14054973203907367,-0.6842979682191076,-0.1811725254471128,0.14791691115656294,-0.7991955583869814,-0.18300022931326645,7,pause track
0.0,0.0,0.0,-0.12454963599458835,-0.09551457309180307,-0.03956836643722775,-0.2282483841888769,-0.24202420895021837,-0.07652967762137378,-0.3147076237967998,-0.34763933100273736,-0.11759347482792325,-0.3964760508697137,-0.43774713554307865,-0.16043489231608732,-0.12917655194290578,-0.46134383076273233,-0.029821992895861557,-0.23346835124372697,-0.5590287928319901,-0.11769550641640548,-0.3268310409268986,-0.535990756293792,-0.1940754741032382,-0.39544969012337716,-0.49662871308346335,-0.2371718669052353,-0.06393796235007107,-0.5063008406678381,-0.05363753610719402,-0.11234067425389169,-0.7335081120295712,-0.11285128097004375,-0.16245235798045235,-0.878441719373349,-0.1603539959203,-0.205534195105085,-1.0,-0.19098849208131102,0.010877084527939089,-0.4835616865242186,-0.08943409849701714,0.00871682123908575,-0.7077462652576014,-0.15011850688314735,-0.010630750965584792,-0.8590627226178467,-0.18287014486603687,-0.03333882972004828,-0.9984826306469154,-0.20024629569200936,0.08213190437753595,-0.4065367953993759,-0.1287625239847371,0.12124307492372345,-0.5659641912005846,-0.17211911861440354,0.1400407174888362,-0.6850461299312649,-0.17878568431515227,0.1465064934033321,-0.799736313102353,-0.18030718905183593,7,pause track
0.0,0.0,0.0,-0.12366574309543503,-0.09346969985984639,-0.04075869677138384,-0.22724073740215783,-0.23832551101905344,-0.07858481351064797,-0.31392333565076536,-0.3435287259086719,-0.12008010403001353,-0.39581878396832454,-0.4353644486740268,-0.16336838437422152,-0.1270545840279306,-0.4602482783451285,-0.03361157333075524,-0.23158132158516537,-0.5595442656989448,-0.12138071586869828,-0.3251620523429133,-0.5366309073910731,-0.1975305768794702,-0.39339093159284333,-0.4978508587276173,-0.24080079180755262,-0.062027807963122045,-0.5056211027435272,-0.05730487627057955,-0.11089404992134076,-0.7334550224996744,-0.11703176948039908,-0.1618897650706564,-0.8785183297359497,-0.16564443056133066,-0.20550127136047389,-1.0,-0.19753921164686394,0.011972497480872028,-0.48326193950656404,-0.09270634323906186,0.009682975823436276,-0.7085950910736828,-0.153721354040807,-0.009490219904848352,-0.8596207488052839,-0.18800863074594024,-0.03243096525273659,-0.9986146867624742,-0.20702162537310886,0.0825304089905547,-0.4065194412660069,-0.13156644884313928,0.12143029775905109,-0.5661107010323432,-0.17562448817354534,0.1403334607615673,-0.6855538684324853,-0.1835953924090034,0.14676784520775207,-0.8001812777833454,-0.18642576449683,7,pause track
0.0,0.0,0.0,-0.1223388216630569,-0.09589055355424057,-0.03842950384281644,-0.22323675899394654,-0.2426349603781271,-0.07486932695226774,-0.3087921938768783,-0.34692664176261295,-0.1155065287906477,-0.3911147108564418,-0.43544087878045545,-0.15811448529576186,-0.12433388133354892,-0.4635344487184914,-0.030677858519300844,-0.2295350025017401,-0.5592620942305917,-0.11832131171524782,-0.3227768690705116,-0.5350526406370034,-0.19467287594473615,-0.391194690204074,-0.4955230649335148,-0.23791296856810734,-0.059101962044334586,-0.5078320773742069,-0.055408224240048355,-0.10719123634539142,-0.7348221405041093,-0.11542094351531403,-0.15776117160549258,-0.8791803522144738,-0.164144381610605,-0.20168874397379036,-1.0,-0.1954704357245275,0.01515200933797919,-0.4837759898181606,-0.09167465665628517,0.013392463690070138,-0.7091235269747266,-0.15328644783281087,-0.005669512150268182,-0.8594456650499619,-0.18686751618340425,-0.028416089693455295,-0.9982128692842525,-0.20451747052057495,0.08555829748431121,-0.4048101765652531,-0.1311867748286339,0.12452159858764453,-0.564921370412291,-0.1751762184222014,0.1431677165184938,-0.6837371104866977,-0.18197782435892437,0.1492510046863387,-0.7977809808070384,-0.1833626511489871,7,pause track
0.0,0.0,0.0,-0.12217283174278444,-0.09617167458999246,-0.039175198146878844,-0.22432843314312367,-0.24238472947858042,-0.0763643231105113,-0.31063874521091955,-0.3465284807578568,-0.11771096597618785,-0.3937932334560105,-0.4359219250542709,-0.16117255055555307,-0.12530587422858655,-0.46405339806247337,-0.030635427606242938,-0.2298404732535801,-0.5599889119233518,-0.11786166408504126,-0.32261607656337793,-0.5386673196157223,-0.19421585805090855,-0.3910089541088228,-0.5017297295229257,-0.23764171636386186,-0.05968832000856995,-0.5088475930300239,-0.05527069633732769,-0.10702037329742113,-0.7349304499696626,-0.11502674626045371,-0.15760624493832606,-0.8789746694141075,-0.16465959501794047,-0.2015382271702745,-0.9997503617624129,-0.197091327959458,0.01438389265573174,-0.48598713010977995,-0.09150334208875617,0.012360005641424192,-0.7101282693609626,-0.15288080692941464,-0.006881528874648911,-0.8611592291978135,-0.1887988126372699,-0.030052409248109802,-1.0,-0.20878760978442046,0.08424747070641796,-0.40789340282046865,-0.1309652912564635,0.12292565928058626,-0.5652651391113644,-0.17455265142296553,0.14102951817820258,-0.6837766100362049,-0.18280006056760284,0.14630835391624225,-0.7971855832048332,-0.18592058201327516,7,pause track
0.0,0.0,0.0,-0.12266266804970044,-0.09489116523233401,-0.03830947637911283,-0.22215739848801078,-0.24376985322442257,-0.07461358332445311,-0.3072266210029243,-0.3491741626397479,-0.11529480581080673,-0.38899123812892666,-0.4383488723910478,-0.15771418814939206,-0.12063887144994712,-0.4668721374495621,-0.029374985051777193,-0.22719908305480252,-0.563846799818937,-0.11572141948450079,-0.3214445534270775,-0.5376952117244285,-0.19176568855120935,-0.38965112692076154,-0.4966590925552742,-0.23530146663588192,-0.05572073086533262,-0.5103303435464838,-0.05366437768569436,-0.10339840577199247,-0.7335866104254343,-0.11280417939732769,-0.15532178675621863,-0.8773732038869695,-0.16247609096551974,-0.199821397326345,-0.9985661548191496,-0.19517292036805153,0.017368727206911225,-0.48562860106500944,-0.08933342177858426,0.014972791523143077,-0.7108693516538855,-0.14994270941869772,-0.004556510171543559,-0.8609612337055814,-0.1842672709595428,-0.026714700078780622,-1.0,-0.20302311090223027,0.08620052188936544,-0.40651420606113575,-0.1282567580734313,0.12558859654359697,-0.5656858172341171,-0.17235307818048623,0.1439123602994524,-0.6845835663862232,-0.18033589595294047,0.1505196785530379,-0.7988630402576035,-0.18276004745260246,7,pause track
0.0,0.0,0.0,-0.12340814614016965,-0.09862137517486189,-0.03520922290202843,-0.22162060825966723,-0.2490105099810637,-0.06892135929861881,-0.30461678155563393,-0.35536709294647656,-0.10765391364644955,-0.38653176101029846,-0.44322016763638417,-0.1480858123386893,-0.12097640120745291,-0.46854590979561106,-0.02262117001268848,-0.22463616021827862,-0.567115261715051,-0.10681355196845656,-0.3170953465625848,-0.5420176346856841,-0.18129380499314254,-0.38420697178363017,-0.4996470889523226,-0.223335141063287,-0.05539141895226019,-0.5122254222418755,-0.047144279119231,-0.10095326626041182,-0.7363531578158823,-0.10444419429907786,-0.15209007279063094,-0.879742512266322,-0.15241482314985763,-0.19593635057376602,-0.9993894968298757,-0.18339373054341468,0.018907544150673722,-0.4888510655483606,-0.08312291655658596,0.01702187227075777,-0.7113906372343958,-0.1416263615143132,-0.0011744592169764204,-0.8618604594252406,-0.17526228394866616,-0.02241038630604169,-1.0,-0.19326482239261122,0.08853348410950519,-0.41126556750997106,-0.12223357002086845,0.12643139890961652,-0.5698564081142246,-0.16265790694469057,0.142766872241238,-0.6868876839306581,-0.16865713806151095,0.14681356277072094,-0.7985881162285091,-0.16987113880301347,7,pause track
0.0,0.0,0.0,-0.12280982526324365,-0.0971969478888269,-0.03575188555094823,-0.22007375475156046,-0.2469799053497164,-0.0705466587449462,-0.3036364531930708,-0.3539972419942928,-0.11033654104651577,-0.3866062025642874,-0.4430812353861234,-0.15200023572427376,-0.11972730819358807,-0.46870024847957736,-0.025316556072209947,-0.22168250619579796,-0.5709458705162168,-0.11069110251900653,-0.3148815218219404,-0.5433930833061913,-0.18591887404460022,-0.38218422394147344,-0.49826674459029846,-0.22824110394215247,-0.05489372167662613,-0.5108332084884946,-0.049892390406432445,-0.09986274737386965,-0.7355543443191679,-0.10742082818589528,-0.15215560592526386,-0.8784381118142759,-0.15574954353846987,-0.19728501250067534,-0.999890750113809,-0.1872034976088633,0.01869059324392568,-0.48705763809245267,-0.08579074084393477,0.016694609753782116,-0.7117661616117715,-0.14441434588395075,-0.003161088360660292,-0.8613943626036106,-0.17823579271036086,-0.026144980564257767,-1.0,-0.19656074610020075,0.08792979646626897,-0.4099336950339706,-0.12483834494791272,0.12504288611952075,-0.5697396904154786,-0.16587920022965044,0.1409747919096454,-0.6876111140369401,-0.17232249348821663,0.14530729129649958,-0.8007108230504647,-0.1737493996899458,7,pause track
0.0,0.0,0.0,-0.1239167116005361,-0.0965146518539589,-0.03317586514998571,-0.2223870761025621,-0.24638865793270132,-0.06542262870572259,-0.3050626602210078,-0.352526279016189,-0.1027356261105431,-0.38593711040685336,-0.440344926285751,-0.14174112613461406,-0.11833351791966662,-0.4643383857531727,-0.02200462605140214,-0.22062943065367843,-0.5672341688170481,-0.10411285308683874,-0.3143038784028152,-0.5431429025652368,-0.17714472845324403,-0.3822209602477185,-0.5007979798330194,-0.21843136443373715,-0.05515084285165664,-0.5075419099109831,-0.04640791847228165,-0.09991952938353552,-0.7303527026019735,-0.10197851191494593,-0.150753590274689,-0.8730560161283049,-0.14890946024055893,-0.1939703132719153,-0.9949809720962152,-0.1797197395305392,0.017010258121072448,-0.48662141100500617,-0.08183081669036218,0.014553920262595986,-0.7111030413933371,-0.13923929035372798,-0.004143589497141986,-0.8609007311057133,-0.1733864964174779,-0.025819637351734096,-1.0,-0.19217946509113243,0.08585066646947374,-0.41214509822601675,-0.12013807378454801,0.12483665378623515,-0.570760458747662,-0.16032189808227457,0.14089541095813338,-0.6877760387084733,-0.16714644895580505,0.14446535858835366,-0.7994928768994166,-0.16923903610685334,7,pause track
0.0,0.0,0.0,-0.12412917484568746,-0.09533226913215609,-0.033771517162954984,-0.22309186568106512,-0.24613585581424557,-0.06645784954232245,-0.3058675231595431,-0.35335176103011434,-0.1040296618090642,-0.38588940815964096,-0.44265620157158747,-0.1431646303388257,-0.11873465061991745,-0.46435888293989624,-0.023638198913120252,-0.2209283500897751,-0.5684954585754965,-0.105954474915485,-0.31454977740233625,-0.5445880710880985,-0.17893925788529505,-0.3824216383971348,-0.5027173931392787,-0.22021687242028437,-0.05559083760600653,-0.506675397708051,-0.047923636630847644,-0.10098111110435856,-0.7296669036810152,-0.10408085454494581,-0.151735269153089,-0.8730377946726467,-0.15132248611525703,-0.1943573366069674,-0.9953961144502449,-0.1823342267661889,0.01621032963901567,-0.4848748044293998,-0.08313757605409922,0.013089134276393844,-0.7099942063159259,-0.14071856292006052,-0.005391569987095886,-0.8604040351861643,-0.1748813578459277,-0.026606548753716434,-1.0,-0.19369236709488932,0.08473499297397637,-0.4099961645541328,-0.12125285217750334,0.1226917267136779,-0.569972071471643,-0.16168768572387948,0.138384473736987,-0.6881964828691296,-0.16870268371837346,0.14209060835708542,-0.8008191512995612,-0.17088579224258438,7,pause track
0.0,0.0,0.0,-0.12244430192813076,-0.09383211959605917,-0.03215563868264001,-0.21914952696852424,-0.24717396205183645,-0.063702986386328,-0.3001780319148179,-0.35609664503557,-0.1004847853667234,-0.38106029067914565,-0.4427353276446052,-0.13870404221344307,-0.11895624258985162,-0.4672393902664334,-0.0199471981725648,-0.2185560035397101,-0.573114259287365,-0.10201570329130674,-0.3112199116478847,-0.5464783676615621,-0.1743735445938571,-0.3770857765249513,-0.4989228261325436,-0.2146455428198164,-0.05699197805788252,-0.5099436102514974,-0.043795737606839025,-0.10464789117944658,-0.7283146086039467,-0.09679075079620204,-0.15535764558213055,-0.8689761452972142,-0.14082567918956762,-0.19707891040483405,-0.9892225688581354,-0.16951660383126238,0.015569065491920003,-0.4890472324940097,-0.07890477786438634,0.011055776050299981,-0.7108393199812049,-0.13389726631893253,-0.005471800479690825,-0.8602858405484659,-0.16490127900610274,-0.023589417067071745,-1.0,-0.18165210698802847,0.08550923012644561,-0.4152489144339289,-0.11706087343789866,0.12189447655712211,-0.5721575899298914,-0.15721983851720686,0.13801068861190943,-0.6882991585779915,-0.16351320643283712,0.1434607237754519,-0.8004090372606307,-0.16470478424329824,7,pause track
0.0,0.0,0.0,-0.1230983141631177,-0.09740121338497737,-0.032199121149775,-0.2210708530634424,-0.2497408541073871,-0.0638937622377327,-0.30298889403425744,-0.35708446985007347,-0.10100971940120106,-0.38476205421552906,-0.4423704036318569,-0.1396512850807154,-0.12115296333077255,-0.4720905394517417,-0.017644965691433083,-0.21946051814456224,-0.5754738572151302,-0.1005812148085135,-0.3115627919364639,-0.5489780718073359,-0.17420065856331496,-0.3783276574415859,-0.5013434096305238,-0.21525749658525387,-0.058584036211497846,-0.5149590251697749,-0.0425417284569196,-0.1049980024519317,-0.7356904289006727,-0.09665145932245016,-0.1564824617287189,-0.8749208676519007,-0.14222797988481514,-0.19998132945021588,-0.9907786556133443,-0.17162912911068998,0.014843087078373481,-0.4929207498735221,-0.0789434790593627,0.012361710784484305,-0.714173875015726,-0.13480854849339743,-0.004248386570052706,-0.862528206583276,-0.16686205342068267,-0.023213549599419674,-1.0,-0.18415005610348675,0.08495702427572989,-0.41703583942524153,-0.1184241790895434,0.12280537390620024,-0.5745289534052673,-0.15848854815210783,0.13991067580698266,-0.6901247513939339,-0.16450565981136425,0.14586216449891992,-0.8014264902310866,-0.1655491653710391,7,pause track
0.0,0.0,0.0,-0.12247597968461564,-0.09567297427572899,-0.034165089733982294,-0.22180138613692538,-0.24906793635868288,-0.06710709099863621,-0.30591675454094186,-0.35761299416844744,-0.10545233612397555,-0.38818112037569114,-0.44489685229246945,-0.14521753207594612,-0.12150650643035718,-0.4736404761478816,-0.019920064261588752,-0.22292559725387526,-0.5772452915299787,-0.10428719387465381,-0.31563246990553384,-0.5515141655783744,-0.17876667150437406,-0.3815413529623314,-0.5074261634556818,-0.22025809120211107,-0.05887612661452784,-0.5181568287883649,-0.0441159266058331,-0.10742678207274502,-0.7389733598413532,-0.09766895266315416,-0.15987539380409868,-0.8813383796880933,-0.14229998980141156,-0.20315116844223696,-1.0,-0.17138156457641468,0.014557731434256973,-0.49684965080738724,-0.08011447611601377,0.011239937650087786,-0.7173724223522729,-0.13496146724621544,-0.00872015987740013,-0.8627711737155295,-0.16482883198601259,-0.030965796662577663,-0.9955986231924887,-0.18068925391963228,0.08531381356854603,-0.4223725034412664,-0.11971575422066473,0.12441459180553087,-0.580837784728953,-0.15943647662160784,0.14085542701881917,-0.6981165451139869,-0.1650419518340401,0.14555006175303034,-0.8102012628816554,-0.1655105124609366,7,pause track
0.0,0.0,0.0,-0.12258058276951073,-0.09794610314382898,-0.03209607187742242,-0.21918410813756037,-0.2486976755873189,-0.0630544390514082,-0.29827849508297316,-0.35707146616799884,-0.09942365740383392,-0.3786104043123833,-0.44307860365960106,-0.13746422204858602,-0.12449993255288647,-0.46747032327004767,-0.0183179971197361,-0.22135316102138736,-0.574656680967218,-0.0989547821803327,-0.3137267770330676,-0.5506901426704826,-0.16999928173597526,-0.3790620354745367,-0.5052732732216444,-0.2094408101305488,-0.061094025243735355,-0.5109051072012357,-0.04219751179890605,-0.10522758110846026,-0.728858222861133,-0.09382627021904999,-0.1564872220782175,-0.8687882530933098,-0.13706258729917187,-0.19837394597353958,-0.9875998977713357,-0.1654438119403797,0.011520396800626333,-0.49075544734628673,-0.07750590267030293,0.011116871300327449,-0.712562719203119,-0.1319950339729712,-0.007909992488243043,-0.8625492297804134,-0.16364205033087995,-0.028278855462158203,-1.0,-0.18109128397958366,0.08115127594068886,-0.41738373307870946,-0.11586033712790911,0.12093961764099091,-0.57569417627237,-0.15597740085088396,0.13794901923961975,-0.6929766890873216,-0.16283307758348128,0.14344976115786856,-0.8046071999132445,-0.1645701610479618,7,pause track
0.0,0.0,0.0,-0.12374903087154888,-0.09424611196408447,-0.030196039284966694,-0.22142258133667314,-0.2509492825374165,-0.059182605651588296,-0.30222981141625527,-0.359898264269827,-0.09352601056743752,-0.38319630085289863,-0.44361456086487505,-0.12965054523406636,-0.12034578470332737,-0.4671070381974793,-0.015312080679606295,-0.2199599703000161,-0.5703391666651632,-0.09483750153188823,-0.31448212088195243,-0.5455618714401392,-0.16596102258077594,-0.38247176098696845,-0.49955805938455033,-0.20563967746410902,-0.05745720048292817,-0.5108717063368986,-0.040177139742521614,-0.10481529112889297,-0.7263569151446135,-0.08996325901843115,-0.1582949440648663,-0.8661939293482191,-0.13288375825633167,-0.20262349857872095,-0.9846140043592123,-0.1615043950871,0.015134887426924804,-0.49057048473070164,-0.07642985789462758,0.012328740835821316,-0.7118153549310453,-0.12990260678985804,-0.008201610864932483,-0.8614812629152204,-0.1613953245696481,-0.02931881115432199,-1.0,-0.17914230737570613,0.08389638596070542,-0.41756458491779447,-0.1155331504219194,0.12121851285875794,-0.5765259252419193,-0.15502193649658302,0.13977526224898815,-0.6926704448256537,-0.16124387646581037,0.14814351318268917,-0.8046806177426077,-0.16287881686984365,7,pause track
0.0,0.0,0.0,-0.1251242941079178,-0.09597851541476657,-0.03164118739123663,-0.22413878540618165,-0.24945261367126892,-0.062125791555934284,-0.30580928508982647,-0.3579063194898412,-0.09793774425164786,-0.3846336548079422,-0.4462998587559497,-0.1356108166182208,-0.11979113339161619,-0.46806223926952145,-0.017691500446252895,-0.22036721812229423,-0.5719279747230908,-0.09687807544991198,-0.31264111278258655,-0.5477632311282984,-0.16777575252020058,-0.37752755965460844,-0.5050268967526995,-0.20772876032275295,-0.05648728278476559,-0.5102374042073925,-0.04268474708177958,-0.10436028653114589,-0.7274467315654198,-0.09327393602129405,-0.15809455737842643,-0.870092146647029,-0.13814244762273378,-0.20195979401471773,-0.9915911549195198,-0.16877410494642156,0.015173398074565306,-0.4898969811053266,-0.07892266860699217,0.011759289159125337,-0.7130560171803172,-0.1330046604254043,-0.010055434351708187,-0.8627866886671339,-0.16761216014317873,-0.03294737346449603,-1.0,-0.1880289031091988,0.08298908377767451,-0.4168558562461112,-0.11800852502867391,0.12218742534149293,-0.5763080498607249,-0.1575412505597174,0.14169938514207103,-0.6943984460529113,-0.16580913668695257,0.1504009572041029,-0.807522000467313,-0.16951273191248362,7,pause track
0.0,0.0,0.0,-0.12310322578746317,-0.0927079105879906,-0.03197873891806891,-0.22124208890512376,-0.24769211701274965,-0.06268746221950333,-0.301382587791774,-0.35684257996284363,-0.09852089890572707,-0.38281474572818047,-0.44206215464328497,-0.13596663557242752,-0.12113520144125571,-0.46972731842130305,-0.01954153857332128,-0.2203161233125205,-0.5739518340920812,-0.10078823104237428,-0.31325474861906366,-0.5456116948653139,-0.17265989234204865,-0.3787420014264743,-0.4966346064229277,-0.21250897205030492,-0.056781328557053576,-0.5117870530944714,-0.04434560632643462,-0.10474726191827106,-0.7302832117189342,-0.09587087833598107,-0.15824249997302062,-0.8713043540821789,-0.13949875977641268,-0.20334281263970014,-0.990741979188911,-0.1681894063302935,0.018072761960947568,-0.4903307477805767,-0.08047154974687924,0.011730314605925853,-0.7121784015050906,-0.13471837860495747,-0.009642599845841364,-0.8617251149404049,-0.16588153356251154,-0.03191270186720316,-1.0,-0.18294531718905913,0.08960315433294014,-0.4167680710450903,-0.11965631291192547,0.12420104196064671,-0.578152117359394,-0.15912445171617898,0.14071128808141825,-0.6952719670334665,-0.16497113222027837,0.14717228126985643,-0.8075958610662454,-0.16587407335058102,7,pause track
0.0,0.0,0.0,-0.12594858079771074,-0.09310668952606582,-0.034987456093468185,-0.2282990289132877,-0.24400006434951504,-0.06832946170041215,-0.3095168992989186,-0.3517648182815659,-0.10678337554626093,-0.38960356430650595,-0.4402224195023681,-0.14669838863285106,-0.1262222303935892,-0.4648180517462029,-0.02401789008990795,-0.22484894279656426,-0.576222410966208,-0.1085242187087638,-0.3183217843463895,-0.548978845425242,-0.1828169752679821,-0.3853997516634021,-0.5004908292091642,-0.22396547375741008,-0.06116552730816129,-0.5093303513680509,-0.04782085470653915,-0.10736683754308299,-0.7316983084613703,-0.10060497053763612,-0.16009289312136515,-0.8760531487596631,-0.14550961547277114,-0.20432965534268416,-0.9992342900180113,-0.17556380408448288,0.014064144647203784,-0.4909547892126574,-0.08329292980767623,0.008123305490129901,-0.7146529098785042,-0.13764711429904913,-0.014113720038898625,-0.8635094255623852,-0.16873080281325165,-0.03711686594223121,-1.0,-0.18605002540873025,0.08695704275893949,-0.42062569397340527,-0.12234151237828177,0.12235091760438575,-0.5831994086410892,-0.16180354468699135,0.1390031603491421,-0.7015528588585316,-0.16765825275688018,0.14554497801282132,-0.8142528266181113,-0.16873505037371558,7,pause track
0.0,0.0,0.0,-0.12555656541371732,-0.08807681496493905,-0.037361171016272766,-0.22850694019646206,-0.24012499208713628,-0.07126934485688653,-0.3123254045072328,-0.34888365482792927,-0.10918281658524949,-0.3919612848588296,-0.4393971398236637,-0.1481919226924059,-0.12387903830744419,-0.46443836051367854,-0.026193281122008305,-0.22372732452056246,-0.5730634475551794,-0.11145636067572608,-0.31729091098134926,-0.54540114201073,-0.18603224143075595,-0.3838559704647647,-0.49607341563148916,-0.22716880089465574,-0.0586530977590442,-0.5088007444159782,-0.04886889380725541,-0.10613224797816083,-0.7332560523977535,-0.10308148617456447,-0.1591674584996948,-0.8767607146734505,-0.14769435526250732,-0.20314141509226646,-0.9968589621012368,-0.17687437266588754,0.01773153859197929,-0.4889539702568163,-0.0833934356565466,0.014225278983794783,-0.7135253882387129,-0.13849937188690098,-0.0058909425344057876,-0.863021851311633,-0.1686077363004323,-0.026322858615083215,-1.0,-0.18463707646107738,0.09048363750982753,-0.4159917909573925,-0.12160726308658294,0.12379277579322974,-0.5819251169217862,-0.1605710752238827,0.141484955063134,-0.7011299077384691,-0.16499598550922795,0.15011465042526106,-0.8153749319821716,-0.1648455898496428,7,pause track
0.0,0.0,0.0,-0.12229861075181166,-0.08227576106662837,-0.03821902306398039,-0.22499394278660406,-0.23450443790887207,-0.07197184972972219,-0.3066478597263902,-0.3451239777360959,-0.10934389693464412,-0.3863421067016619,-0.4368786381353708,-0.14763113060305255,-0.1283414476573509,-0.4618799234910797,-0.02801687762864198,-0.22703767866952,-0.5672066406065027,-0.11196363665194059,-0.31853461814213996,-0.5412522832831388,-0.184693753295636,-0.38403228391180566,-0.49702889926360694,-0.22499696484926596,-0.06120599910638335,-0.5084426955123501,-0.050865527217283484,-0.1073884845286627,-0.7335155871614529,-0.10588476714441986,-0.1566429091778621,-0.8781626552874173,-0.1502780191447217,-0.19704109085235288,-1.0,-0.17874133801682185,0.0162322760006748,-0.48829676520031606,-0.08526113326635833,0.012787279031515135,-0.7102532073584563,-0.14219117222827174,-0.0064673088761345145,-0.8580695199966016,-0.17227632369353257,-0.02717075461223397,-0.99401726819554,-0.18759991615593055,0.0916378615677181,-0.41438178614003984,-0.12317393855255324,0.12614273808138182,-0.579096485500416,-0.16336698111094472,0.14362763687779342,-0.6970800373333901,-0.16774865313251563,0.15069957058154204,-0.8103070826470319,-0.16713861681522665,7,pause track
0.0,0.0,0.0,-0.12500375733164487,-0.08396335300720664,-0.040004991157263504,-0.22998594677161985,-0.23370926042461565,-0.07509106516102117,-0.31181392336207003,-0.34478357931331166,-0.11366643266845744,-0.3916371817136083,-0.4377002092146902,-0.15299605925271814,-0.13198754602125243,-0.4617841394385367,-0.030564243408672788,-0.23278689610792155,-0.5675359758444785,-0.115433843092863,-0.3239922028500128,-0.5395578339799176,-0.18873274755191877,-0.3884482171824958,-0.4937376189862089,-0.2294025294909346,-0.0639610969921631,-0.5082155470464788,-0.05306409725655209,-0.1104975482804996,-0.7352065368843915,-0.10863155776255234,-0.1590735438279404,-0.8789455618398611,-0.1534189105680751,-0.19807440389327433,-1.0,-0.18234677860800205,0.013729370633213002,-0.4870953030607143,-0.08720353579323221,0.010359892577484259,-0.7075457885402839,-0.14447867323076757,-0.008330933489250476,-0.8542339552242424,-0.17440957711386076,-0.027492840061138654,-0.9888172113908721,-0.18972460230333532,0.08907009193099696,-0.4121030035705155,-0.1250798729588822,0.12314399937167718,-0.5770997989302351,-0.16519839778361278,0.14132221227808714,-0.6955045506538403,-0.16914556557974142,0.15014135647267846,-0.8088570245617982,-0.16835482907486465,7,pause track
0.0,0.0,0.0,-0.12168411728025276,-0.08606786496686497,-0.042090883043853965,-0.22560527128211927,-0.23004292731583142,-0.08026564265636937,-0.3104275279356597,-0.3377125195692365,-0.1213078922064342,-0.3913290822161166,-0.4325029492972495,-0.16343825461272526,-0.1267163909956834,-0.45899517112053295,-0.03588748700105762,-0.22668547055364205,-0.5624951006341836,-0.12333223757857793,-0.31881790359725554,-0.5357978716025822,-0.19873832645396097,-0.3852157221011965,-0.49246247690644607,-0.24122937694573632,-0.05848270148853621,-0.5048243631792214,-0.05827859940226786,-0.10608776244067937,-0.7322934903194983,-0.11681081876094854,-0.1559880653868152,-0.8772324575283453,-0.16379976934017856,-0.1977034031196581,-1.0,-0.19459497512322063,0.0188271135985104,-0.4824395438420254,-0.09216974065529901,0.017577392237339957,-0.702208077638859,-0.1516367509469512,6.500228556423435e-05,-0.8503811908225161,-0.1825858835132253,-0.019503911589149426,-0.9887246841905086,-0.1988996829339146,0.09295826853266777,-0.40566168294304544,-0.12971990169321937,0.12688171938948822,-0.5684084537165984,-0.17159194856519003,0.14411668023165977,-0.6872228733203845,-0.17615470980421424,0.1510086967574021,-0.8020324746902391,-0.17609005027263716,7,pause track
0.0,0.0,0.0,-0.12120857578210484,-0.0833698417133465,-0.043720230046419235,-0.22600607587785349,-0.2284932782833827,-0.08246791470677495,-0.31136813585222034,-0.3376982865597826,-0.12388850667743077,-0.3914355784519165,-0.43461385499889543,-0.1662731804621946,-0.12937541016377138,-0.4589361121395225,-0.037010050232076264,-0.22933998720442555,-0.5627506735937513,-0.12574575772650468,-0.3224989766610855,-0.5378874567979681,-0.20189110142536296,-0.3897120220061903,-0.49556607004082204,-0.24438845157145844,-0.060754900108709056,-0.5054780346139843,-0.058737713466551204,-0.10583287829159205,-0.7339976538753477,-0.11717101188866198,-0.15555511025476898,-0.8786305503309024,-0.16350198433777663,-0.19723025424538188,-1.0,-0.1933458780869979,0.017365976538430274,-0.4838810182872644,-0.09228384783107188,0.013251127935221233,-0.7066631523815881,-0.151731920309808,-0.005002038597774397,-0.8553490042221518,-0.1824359257706321,-0.024494200702415307,-0.9933271677130068,-0.19819407244527756,0.0925067674497263,-0.4075206239353518,-0.12971111521963216,0.1267185266117406,-0.5711367198565888,-0.17181857243129905,0.1451310318213558,-0.6898585780364401,-0.17660275255704733,0.15384036106855167,-0.8046882739177292,-0.17617798408697175,7,pause track
0.0,0.0,0.0,-0.11953166210843706,-0.08493397983894925,-0.04196590072721624,-0.22387174470891208,-0.22764005270003249,-0.08004704434959817,-0.30788627990978895,-0.33451077883215896,-0.12050441740557696,-0.3873034311220111,-0.42930121162317597,-0.1620390988235574,-0.12781422137084886,-0.4591611329944188,-0.03825477411648969,-0.2281466477214118,-0.5600434091071168,-0.12542381002540165,-0.31855267386255104,-0.534606887971749,-0.199885107604913,-0.3847412711249762,-0.49165139283883197,-0.241326847609671,-0.05808774007084612,-0.5046311918297101,-0.060637936669976224,-0.10335583625041536,-0.7348703881341151,-0.12074529324814996,-0.151847616603485,-0.8794409171998939,-0.16728924348172156,-0.19352910686276661,-1.0,-0.19658273276688712,0.020921948267490855,-0.4817994422389619,-0.09420044978006203,0.021246278424012718,-0.7044671293315945,-0.1552409389509804,0.004403782844156787,-0.8543729457515604,-0.18629041594247328,-0.01492256396415388,-0.9933763967241207,-0.20160633273032158,0.0969776111693067,-0.4034134904782889,-0.13109295483495736,0.13354748449964757,-0.567894868146606,-0.17264141465664976,0.15291628205725014,-0.6869637527684441,-0.17616050539375958,0.16177080084705325,-0.8019813244038826,-0.17482394998423567,7,pause track
0.0,0.0,0.0,-0.11995070125580283,-0.08230151461804805,-0.044459772081685514,-0.22414178081339098,-0.22363798812348434,-0.08369365526434655,-0.3084435431381568,-0.3326618225532498,-0.12503965917402682,-0.38766053454215915,-0.4297877542864275,-0.16687055257490918,-0.12721894624413094,-0.45505383950200734,-0.03854009076547544,-0.2252219065947764,-0.5594520861470337,-0.12693474723919154,-0.316503667559709,-0.5329488239836284,-0.20243209787858452,-0.3829863470824394,-0.489248858107144,-0.24449978501606207,-0.05784973331626626,-0.5011201067947931,-0.059398765524160894,-0.10112834240474065,-0.7324695625582358,-0.12047393318106922,-0.14932022700916164,-0.8770180835480285,-0.167790066006774,-0.19060473317741003,-1.0,-0.19772251804472038,0.02056013639191544,-0.4796401676872332,-0.0918118957996995,0.020370206627623066,-0.6997245539603228,-0.15277208811715226,0.004800275286434833,-0.8481050276483472,-0.18315957356518062,-0.012958955699121887,-0.9865904798264266,-0.19800601614877444,0.09668797604139767,-0.40380935265232926,-0.12800050858462209,0.13151487022370534,-0.5693522948144067,-0.16801315367739558,0.15065037377858403,-0.6869071677577786,-0.1703107851095905,0.15946311484175021,-0.799890957970618,-0.16834993984872118,7,pause track
0.0,0.0,0.0,-0.12014062122563735,-0.08265981734155088,-0.04492955929352195,-0.22569199432451875,-0.2245770933537932,-0.08413492310817634,-0.3105096019185834,-0.3345944713745935,-0.1255949529002122,-0.38934575860353654,-0.43308117773677024,-0.16742327247304525,-0.12861351654600575,-0.45705530921779225,-0.037431874769369995,-0.226925154491077,-0.562897209475042,-0.1260186316717504,-0.3181766064267552,-0.5373024149279911,-0.2017835998413837,-0.38422964815648875,-0.4936634914579335,-0.2437857576316362,-0.05894764838228541,-0.5040395757039282,-0.05787231016084274,-0.10311289728548738,-0.7341645295864425,-0.11773081639357444,-0.15173206914946435,-0.8783026460855126,-0.1641414497675837,-0.19272432301211131,-1.0,-0.19358132844869122,0.019872345679150638,-0.48401760573776337,-0.09020421827616802,0.017379140982164226,-0.705657902390716,-0.14991701085665968,0.001634825364853223,-0.8530767114117964,-0.17935441913677172,-0.01570558933126025,-0.9896436789619691,-0.19365618059869222,0.0966236839563798,-0.4095119119735515,-0.12658502360848956,0.13071625786297633,-0.5753659534015562,-0.16625650308303785,0.15011300634318964,-0.6930823411256115,-0.16868056655702096,0.1594197970214525,-0.805889371962857,-0.1666414855733957,7,pause track
0.0,0.0,0.0,-0.118519207456428,-0.08712255807945309,-0.042730696609951324,-0.2208256920845009,-0.22886448458832648,-0.08172790442409708,-0.3057693515371927,-0.33619777817524193,-0.12353180553500945,-0.3859158568334029,-0.4304163437270216,-0.16613589146676486,-0.12402837894234782,-0.4577779367634492,-0.03482509932065702,-0.2232061050497824,-0.5590686619368429,-0.12441056902395001,-0.3130004968302232,-0.53350694568652,-0.20119140727590257,-0.37762300522665393,-0.48906409109878973,-0.24350508600560705,-0.055586319282974625,-0.5023184085534291,-0.056678916964091906,-0.09958067529163935,-0.7322012758600132,-0.11739368673296649,-0.14700864484588327,-0.8777219738071106,-0.16477999210469485,-0.18806160694767385,-1.0,-0.1942444886169467,0.02333241916572269,-0.4807785528329259,-0.0903349514639826,0.022422862139549672,-0.7033053916015819,-0.1511996248477939,0.007026689719589022,-0.8536846916671635,-0.1816613490474004,-0.0111741489298277,-0.9933898527395219,-0.19606555024376757,0.09975476460184025,-0.4049916731254596,-0.1276698448442167,0.1346157117589777,-0.570053935889028,-0.1684121588806642,0.15253180707088773,-0.6877534132236333,-0.17100368494437768,0.15944800174884238,-0.8012466066495757,-0.16859630403458217,7,pause track
0.0,0.0,0.0,-0.11804728684496649,-0.0844832737773357,-0.044068164079671776,-0.22333594881738197,-0.22618100596751733,-0.08338945255298459,-0.3076850699700507,-0.3359328563320358,-0.12497465634845842,-0.38784633084191983,-0.4324986449068609,-0.16714542617543424,-0.12522736515626187,-0.45932725451426376,-0.03759030961747297,-0.2250017237933925,-0.5626466421462377,-0.1260750410576449,-0.3160955856204986,-0.5366845579395689,-0.2017516658765668,-0.38230880417898594,-0.4919953738492881,-0.24372066808110698,-0.056572983816133814,-0.504315229459246,-0.0589741935977183,-0.10081845071834301,-0.7355371340211057,-0.11949514810202236,-0.14909216740204545,-0.8793106007547661,-0.1667121235724424,-0.19033256762856465,-1.0,-0.1964073676743556,0.022093923755979808,-0.4828305389791185,-0.09202127314854881,0.018656871263917237,-0.706944110149121,-0.15285394197017005,0.0017825300562531244,-0.8569419075242305,-0.18403683573086793,-0.0168009203779832,-0.9970298880236581,-0.19953339915720736,0.09918483725794269,-0.40704555858248,-0.12877916213689278,0.1346844468506614,-0.5722157704111502,-0.16940761570907154,0.15438963987402263,-0.6896533451487665,-0.17269880415608052,0.16310389430465047,-0.8042793809411019,-0.17134945699494478,7,pause track
0.0,0.0,0.0,-0.11850306876229304,-0.08328036242513893,-0.04470513926683283,-0.22374045222066474,-0.22660727989981563,-0.08393038657811379,-0.3089530439427366,-0.33681962322760745,-0.12526379091909196,-0.3883075844510745,-0.43456996591235614,-0.16734694855487123,-0.12474050746355261,-0.4584293294427503,-0.03933575163623208,-0.22372686008566225,-0.5640430799142027,-0.12839027010702947,-0.3157253450792696,-0.5391926033350012,-0.2043652474634069,-0.38297517527693975,-0.4959072173839432,-0.24662812332866355,-0.05586319794321588,-0.5038752289698473,-0.06024692097317038,-0.09918618085249711,-0.7338300689025862,-0.12073313886622254,-0.14753888960205647,-0.8768362596829058,-0.16765994521923414,-0.1887893501250516,-0.9969044111247253,-0.19727156387161765,0.023443968808037324,-0.4822368679905618,-0.09288204944865347,0.02024910170692575,-0.7078335607300169,-0.15386326249503643,0.003235722992288649,-0.8589200770538928,-0.1850793392882146,-0.01466933157297963,-1.0,-0.20058885954546365,0.10082852408887985,-0.40608434833859997,-0.12925156236932905,0.1354013515033418,-0.5736429425621016,-0.17131086421845557,0.15436182342862798,-0.6935589574752967,-0.17569623542482907,0.16332150446652657,-0.8102642080534592,-0.17486928118779893,7,pause track
0.0,0.0,0.0,-0.11866110865988216,-0.08218278663848373,-0.045352611092020906,-0.2252119693598151,-0.22673131539670885,-0.08443479033455399,-0.31081023824352544,-0.3387046573527046,-0.1257623544748974,-0.3903100176329199,-0.4380321533984387,-0.16771899732305198,-0.1259347279321698,-0.45886782955799826,-0.036734546388602796,-0.22431479301628057,-0.5660298692424216,-0.12470937686886491,-0.3157940468586483,-0.5425443968888329,-0.200336554104399,-0.38281132775727417,-0.5004366019276748,-0.24263413790058982,-0.05679249700941219,-0.5056876121968197,-0.057254772279527175,-0.10065641610505206,-0.7359047344469523,-0.11583620128671573,-0.1498442982910244,-0.8792579041514615,-0.16226082612922207,-0.1913947528125861,-0.9998222372304688,-0.19215355322673514,0.022598012433836728,-0.4850015052492581,-0.08982941651505966,0.019156168415888422,-0.7109657010240473,-0.14924808566764414,0.0025555787404647635,-0.860472871266942,-0.17993037175101745,-0.015198716794918151,-1.0,-0.19566715542360263,0.1005243683129899,-0.4100875593139886,-0.12638986023705526,0.136066887224177,-0.5766043647449917,-0.16765868779920454,0.1552316570643976,-0.6960473269481031,-0.17207034241060332,0.1635920822296166,-0.8126486334088878,-0.1716652193066997,7,pause track
0.0,0.0,0.0,-0.1217032230714456,-0.08276980876867836,-0.043128861051542504,-0.22759350566226516,-0.23260262455123956,-0.07936336410963506,-0.3123291608758819,-0.34635534946647206,-0.1186973685673043,-0.3927095117516404,-0.443048672153436,-0.15882711372507874,-0.12782719168803267,-0.4615677570363489,-0.029041957375266558,-0.2276514495444408,-0.5663777046407703,-0.11459501836501568,-0.3185250679621986,-0.5451219702995541,-0.18872933126182218,-0.3852778354115427,-0.5045669921299314,-0.2300410195806579,-0.05980752095866384,-0.5095152581494297,-0.050287986902431116,-0.1048271656643895,-0.7365672204461239,-0.10588105845730762,-0.15442870123230207,-0.8788144980467723,-0.15088784858401605,-0.1955806507687628,-0.9980064002437888,-0.17988135155743348,0.018217179173883772,-0.4900553910492662,-0.08396939661811849,0.013864547959490858,-0.7146553915367181,-0.1416868396843232,-0.004426063488411971,-0.86299550372771,-0.17291008142360512,-0.023201925466556354,-1.0,-0.18942088402656695,0.09349265044358518,-0.41559176310025087,-0.12165882574351258,0.13194175767145158,-0.5758642267129473,-0.16263420171636245,0.15269415858839583,-0.6935488803818919,-0.16838414925631445,0.16281193090479018,-0.807944727354379,-0.169187992861924,7,pause track
0.0,0.0,0.0,-0.12154501991192006,-0.08347087428302517,-0.04338605406632676,-0.22588682911585867,-0.23049915274361643,-0.07998156990068983,-0.310170936222954,-0.34237745163384387,-0.11908767469604316,-0.39088985481007876,-0.4376894546496178,-0.15882816096478558,-0.12736219605878527,-0.46115408533821745,-0.03247157082994377,-0.22872644004134288,-0.5632543697410738,-0.11897082043220139,-0.319015046628552,-0.5379498317577609,-0.19334531395392965,-0.3844589370512998,-0.4947783523978937,-0.23459186587155637,-0.05914426175231097,-0.508476593961136,-0.05354898913387476,-0.10532407479168901,-0.7376158118563813,-0.11209448661566634,-0.1544119333876057,-0.8805875364958865,-0.15760144307729054,-0.19595617207519841,-1.0,-0.1860407502398156,0.019077529074255372,-0.4875138961827271,-0.0866996292573082,0.019295620865633755,-0.7082471248154667,-0.14685443529046807,0.002013357695958652,-0.8572481497073818,-0.1771366529662265,-0.017216851132744272,-0.9959747571539378,-0.19172617228385805,0.09399198191031669,-0.4111255024481462,-0.12367955706226005,0.13216486561391522,-0.5742666101622405,-0.1647439201815276,0.1527592719237277,-0.6922949580649942,-0.16817334384878058,0.16296556474768625,-0.8066061352150506,-0.16669316400598028,7,pause track
0.0,0.0,0.0,-0.1205871016414359,-0.08420477059683863,-0.04640353294180435,-0.2274281986321005,-0.23141174544931625,-0.0852719119054346,-0.3126395130449259,-0.3450773539366167,-0.1265045875959766,-0.3939708623307713,-0.44310166131365186,-0.16863330508382712,-0.12996303049898422,-0.4604176624951354,-0.03594115134250926,-0.2284353636276389,-0.5669828781174284,-0.12407882321124408,-0.31790160267430223,-0.5443088150658404,-0.19960135750889654,-0.3838301837977116,-0.5028864660815776,-0.24190704322745066,-0.06058069106846299,-0.5084005216665874,-0.05680979970394631,-0.10509395185423649,-0.7388084409604554,-0.11596427708074233,-0.15509611045317845,-0.8802801426600958,-0.16320326403317645,-0.19785391782602066,-1.0,-0.1937741691942778,0.018168104231444045,-0.4877849700016865,-0.09011984948061673,0.01654698089655466,-0.7118997192579016,-0.15152236109589787,-0.0007406013204413729,-0.8593647942140852,-0.18447315070828493,-0.019840630174231547,-0.9975065852797218,-0.20191208720540996,0.09429536652854739,-0.4117133032744548,-0.12740224057774716,0.13344800307856586,-0.5750567369872978,-0.1705999401324546,0.15576574200984508,-0.6932995846482928,-0.17703279792178217,0.16702213666509197,-0.8091405639254323,-0.17848952220595815,7,pause track
0.0,0.0,0.0,-0.12063553159128335,-0.08505788505199084,-0.045442624409457094,-0.2280490122601814,-0.22827209482339386,-0.08455668360786513,-0.31606846530721927,-0.3389210461767756,-0.12619370197790974,-0.3966852746711795,-0.43600713461972973,-0.1687014307754166,-0.12780604255168396,-0.4600322912783768,-0.034415761699061194,-0.22986507759274113,-0.5607795173078112,-0.12331611868917618,-0.32106701534791016,-0.5370997363928338,-0.19961969553651676,-0.38761306994636197,-0.4950290258725495,-0.2421586357814079,-0.0606343666733215,-0.5077012602695138,-0.055470834413998416,-0.1088331954279832,-0.7386384336757517,-0.11394692176551875,-0.15957844511917552,-0.8805798970896311,-0.16010230960004687,-0.20268822223850047,-1.0,-0.1895441800777228,0.017926432104582096,-0.4869603059232365,-0.08897084087287291,0.015322306732490977,-0.70842830521686,-0.14966309569225686,-0.002027545127227838,-0.8565862999614247,-0.1807236200646844,-0.02145259081699657,-0.9954456039391864,-0.19651717324160364,0.09409535882296566,-0.4113902367653214,-0.12650137839278422,0.1334504026895527,-0.5723853025719702,-0.1689684878314121,0.15619353077584078,-0.6893170757403204,-0.17350985011556097,0.16781269789972098,-0.8045144670666631,-0.17317872643925317,7,pause track
0.0,0.0,0.0,-0.12167217550902325,-0.08151142134580529,-0.043430493307575056,-0.22917339424492605,-0.2246060226547096,-0.08040645318059471,-0.31592159960785526,-0.33532089694356926,-0.12019971558021067,-0.3955918873139629,-0.43343245693089794,-0.16041438311957232,-0.13056865975434306,-0.459908059991205,-0.030919056744361944,-0.23178080976259846,-0.5618736731782844,-0.11769816946854814,-0.32222341027597584,-0.5346515152201328,-0.19254389604047567,-0.3872501380312919,-0.4900037558020925,-0.2342876252211236,-0.06210114751920176,-0.5086674747308515,-0.05194843733714311,-0.10914162843380903,-0.7367802943280787,-0.10969769886109608,-0.1592311175380299,-0.8792143104579937,-0.15567267338297203,-0.20192659675128108,-1.0,-0.18492087663503762,0.016844077718775087,-0.4897039364075849,-0.08516504023142116,0.012709087759193905,-0.7076369434295455,-0.144535507391641,-0.005645447216396452,-0.8541334125687575,-0.17528115730467725,-0.026447969936389315,-0.9919324327135352,-0.19079968942085337,0.09350941671618242,-0.41525554153515665,-0.12231201843802067,0.13099067896350916,-0.5725640077179315,-0.16235476572934127,0.1509092487528442,-0.6859293591425687,-0.16574124344480037,0.1592083969694753,-0.7970891267265041,-0.16464516790873504,7,pause track
0.0,0.0,0.0,-0.12213700478644458,-0.07918118154508419,-0.04551314259267063,-0.23016049091755073,-0.2229330202627357,-0.08307962728244483,-0.31656599459544676,-0.3354891493868484,-0.12331432118428759,-0.3965650239291512,-0.43515138976913115,-0.16396565669900912,-0.13297375676193096,-0.4607163133295444,-0.0313114053265415,-0.2325701085618066,-0.5653582100360598,-0.11730539573875445,-0.32341564260988515,-0.5381745621999353,-0.19205108731276432,-0.38803022550405725,-0.49366521212629444,-0.23424485303953574,-0.0639510894769253,-0.5101533307177563,-0.05152847067288698,-0.11094147488903956,-0.7362808721221645,-0.1073888185169903,-0.1616263820955687,-0.8784487738925785,-0.15352901659588505,-0.20380567230044763,-1.0,-0.18408421314313902,0.014770868615018157,-0.49189036723515916,-0.0842774095249804,0.009727550711746438,-0.7097730814116406,-0.14209114649576282,-0.007536025811122622,-0.8549220959664899,-0.17338801195780496,-0.026858274964726956,-0.9912200008247591,-0.190453653957184,0.09186849652622031,-0.4186108982019098,-0.12128948556593361,0.1294655353182384,-0.5762373518687591,-0.1615535624734215,0.1500236945479041,-0.6904402347937331,-0.16647197620503212,0.15910188179480805,-0.8019546638941243,-0.16712844304268656,7,pause track
0.0,0.0,0.0,-0.12090087690723592,-0.08343950461460359,-0.041847984873135735,-0.22664655887729546,-0.22584558912034108,-0.07855305343322157,-0.3113327697951669,-0.3352136899550744,-0.11801809282502697,-0.3923885628161713,-0.4298512301902063,-0.1583987309619137,-0.13104517335350208,-0.45903261380642096,-0.03243258595149669,-0.2328780334996421,-0.5593199085703002,-0.1186100592979596,-0.321346567744794,-0.5319706842326429,-0.1927243778855469,-0.3842999414623206,-0.48753705075530673,-0.23405749125819178,-0.0621483663538461,-0.5067359469193365,-0.054837322810762784,-0.11027222001635155,-0.7372971559707672,-0.11433659539401138,-0.16006550978822523,-0.8800146694632299,-0.16191361045687463,-0.2020564673775089,-1.0,-0.19184947421674886,0.017300916277710552,-0.48661601933419407,-0.08880969342984521,0.013258281588482856,-0.7092109541337017,-0.15037570167204797,-0.004438624873424838,-0.8588272138959492,-0.18329982292884373,-0.024269673124501203,-0.9983543324434346,-0.19976474511578218,0.09490722189193414,-0.411895764535308,-0.12610440969579337,0.13187189237599292,-0.5748550956272872,-0.16770496690075784,0.1518647496211506,-0.6920486115660825,-0.17206838182625103,0.16104550550379124,-0.8060419813587506,-0.1714852523793605,7,pause track
0.0,0.0,0.0,-0.12263934754631765,-0.08163547458902945,-0.04237537271146496,-0.23014183643736494,-0.22477524099749896,-0.07882118412788677,-0.31363881941577837,-0.3353310225092878,-0.11773318399737176,-0.3936791273098123,-0.4315233227302528,-0.15745037426702185,-0.13539870820484182,-0.4566614258310468,-0.034908037983695,-0.23495920646868854,-0.5616733542966759,-0.12056951437034119,-0.32414603719981544,-0.5349002470679649,-0.19362723084315764,-0.3877040435373819,-0.4900769128038268,-0.23458337476176483,-0.06517373673603186,-0.5051031372168128,-0.056877004528598236,-0.11140625379404123,-0.7356508601850278,-0.11579585169399416,-0.1585702838549887,-0.8785089569725372,-0.16234676469207587,-0.19776151567394312,-1.0,-0.19202823216651924,0.014262256270791345,-0.4852827623048345,-0.09038051800047985,0.013531068644829176,-0.7059885146783867,-0.15191449819254937,-0.0007952310419347789,-0.8566626399242406,-0.18490256745049563,-0.017844134715780783,-0.9994277068207755,-0.20198823538386618,0.09226516402399049,-0.40970910327076704,-0.127152593249976,0.1308642218876721,-0.5698492096253308,-0.1695907465838759,0.15097582740451157,-0.6858025459534274,-0.17435325477900496,0.15922088604521284,-0.7996328885705267,-0.17439817622717532,7,pause track
0.0,0.0,0.0,-0.12097960022683553,-0.08273342077802298,-0.040829220110500684,-0.22451630980400036,-0.2251101090560631,-0.07720530717808417,-0.30723851972437544,-0.3353620471236739,-0.1165398756243955,-0.386860212718876,-0.43116176011067,-0.1568187566182824,-0.12917857444088482,-0.4603692796316699,-0.03261489445148848,-0.23074781612116815,-0.5640614364027985,-0.11794868165526508,-0.3203954016823961,-0.5355894695285504,-0.19135685084922774,-0.38288870996661045,-0.48826776223080115,-0.23230255215119955,-0.059043148032904544,-0.5092007659197753,-0.05498891422563559,-0.10655777237098428,-0.7356959049596157,-0.11103358576895009,-0.1531157870168788,-0.8774334991110693,-0.15641314365034478,-0.1913013224974751,-0.9962960530181774,-0.18568902871181678,0.020390067119931424,-0.4892687639096459,-0.08888425105058678,0.020457031303197495,-0.7105102241893139,-0.1476423686708422,0.005973205147333618,-0.8601528273143443,-0.1793011346924933,-0.012035043786675588,-1.0,-0.1959775675962251,0.09798635691292708,-0.41387461761758443,-0.12613140388775765,0.13690578974585738,-0.5728572947357801,-0.16821715159967052,0.15638213434715603,-0.6885046649582524,-0.17302580069358114,0.16385383238654255,-0.8013391632802729,-0.1728056841563397,7,pause track
0.0,0.0,0.0,-0.12018479722725016,-0.08399632328867807,-0.041350482987249707,-0.22322029409658767,-0.2284331993802064,-0.07755045504830534,-0.3055284839479117,-0.3396791769972444,-0.11656046278265929,-0.38427800489058456,-0.43636614232988247,-0.15641375793923945,-0.12539807582653395,-0.46102364200640444,-0.03159886651175426,-0.2236010760749382,-0.5666533840953042,-0.11581328081195426,-0.31446573563233066,-0.538783503121031,-0.18893832528318286,-0.37890778438571393,-0.4924865369305135,-0.22995741059857971,-0.055022547892853324,-0.5078121902646592,-0.05289848977651772,-0.09822024743212954,-0.7306673069776953,-0.1079702453404704,-0.14499595363150652,-0.8727451267186427,-0.15319945406581317,-0.18359754002895884,-0.9939747598292334,-0.18291336509916511,0.02436989728816781,-0.4879447785495208,-0.08578426335862563,0.025086215386264866,-0.7067332183969064,-0.1430223183959568,0.011626543072302807,-0.8576276341993286,-0.17479416003156922,-0.004182180732416963,-1.0,-0.19216039412244218,0.1015478339441151,-0.41307676990263403,-0.12214508780685947,0.14038864101973114,-0.5700008310006704,-0.16216804560031303,0.1609447454737529,-0.6854032305692369,-0.16669748456435907,0.17012547363491715,-0.7985985132628977,-0.16692035401639363,7,pause track
0.0,0.0,0.0,-0.12004865176506098,-0.087689711825767,-0.040826006982840654,-0.22184912052151948,-0.2307507164925535,-0.07694393556791176,-0.3016524785403465,-0.34232827045696324,-0.11617639030885236,-0.37854187711251525,-0.4382262854256109,-0.15614140179558172,-0.1250796092567311,-0.4612702860801574,-0.02961621626617655,-0.22263750449483125,-0.5674904226727459,-0.11497264806560197,-0.3133450661707927,-0.5418645421461185,-0.18906412278951046,-0.37854527850651,-0.4961855954365715,-0.23026332269291086,-0.0549663790689453,-0.5085125430470442,-0.0507267439540043,-0.0958648883488724,-0.7325361155947482,-0.10569773061780394,-0.14233014861799514,-0.8735851957136225,-0.14998524838176894,-0.18113058934992485,-0.9922660434326956,-0.17848375402368333,0.02495809815343496,-0.488484099998913,-0.08375980228709794,0.025733320210853894,-0.7091236552385497,-0.14114282557474192,0.012617544966983186,-0.8596921279985968,-0.17207565713837678,-0.0026526436558419273,-1.0,-0.18824349951659597,0.10304330854481192,-0.4129956320925073,-0.1203602435662084,0.14438178074362903,-0.5700899750049302,-0.16088015366292852,0.1646393002829738,-0.6841085467640283,-0.1653684778974097,0.17203437448771125,-0.7949063681268087,-0.16491187772528437,7,pause track
0.0,0.0,0.0,-0.11765538671047354,-0.08492114426442521,-0.0411034120677714,-0.21833221632460503,-0.23037825046975188,-0.07813443144656604,-0.30002661475421727,-0.3414457527263635,-0.11851388478303178,-0.3797262989091908,-0.4369056654985584,-0.15992922143255958,-0.12060367421371794,-0.4581908738066412,-0.031708933266291234,-0.2168703833623785,-0.5650860443572397,-0.11713900593072564,-0.3086037175945949,-0.5415648156466616,-0.1908156180542445,-0.37374618640323143,-0.49733127000594873,-0.23211159317355287,-0.051124216890901346,-0.5051019428624022,-0.05365803569982653,-0.09437187348084493,-0.726828639527336,-0.10742474887880503,-0.13916834462237607,-0.8688045036384978,-0.15105052257161536,-0.17590886967461264,-0.9901649982860157,-0.18005245243441015,0.027828099757843842,-0.4848964933742306,-0.08761884129736659,0.027712466271734588,-0.7089630460879316,-0.14457490079248062,0.015284870933830533,-0.8589516219684864,-0.1757353407156085,-0.0004011265544753164,-1.0,-0.19325117583486123,0.1054436698580434,-0.4088504023649613,-0.12521176027786324,0.1479129621327446,-0.5638136363389882,-0.16755185338260475,0.16981312368254403,-0.6792401106622721,-0.17412158308603343,0.17880556910800857,-0.7923210864916492,-0.17578309998339794,7,pause track
0.0,0.0,0.0,-0.12017116066557902,-0.08734522128833087,-0.03950662268227538,-0.22030547531154895,-0.23621718648507212,-0.07471948923164556,-0.3011530541980963,-0.3475308211592472,-0.11349675346148533,-0.3797694559077876,-0.4400942386322818,-0.15333255810546517,-0.1243833573466803,-0.46249916656430856,-0.02723033260181791,-0.21953077008297064,-0.5690936870230054,-0.11257159449927111,-0.3089138187228943,-0.5449087798740897,-0.18659059625262392,-0.37304820969307295,-0.4988873134727392,-0.2272807042216331,-0.054736936498621123,-0.5075445246920787,-0.049353860358980976,-0.09524434157927411,-0.7317493544909071,-0.1020957794426958,-0.13875596038019034,-0.8734395163657024,-0.14550951716180777,-0.1751007940257008,-0.992124386404511,-0.17349054704092168,0.024975573713913506,-0.48600310506034583,-0.08352071977087683,0.0247788139667788,-0.7092786948734436,-0.13911372803805103,0.012771680990635992,-0.8597282205206631,-0.17025864848421102,-0.001445081358196549,-1.0,-0.18697053047305448,0.10178152456446048,-0.40977771154629294,-0.12126060142627346,0.14239137240431488,-0.5664506348149976,-0.1614408807307974,0.16551209372322623,-0.680629474479528,-0.16657121701366479,0.17790041243367793,-0.7922241012262151,-0.16665223893387596,7,pause track
0.0,0.0,0.0,-0.12025448035155614,-0.0915223610684124,-0.037972948118319146,-0.21787684684521763,-0.24149650071432446,-0.07200636765283278,-0.295768016348084,-0.35146123659511364,-0.10977024272742995,-0.370676022207353,-0.4455249290196575,-0.1487620686854385,-0.11734162793641607,-0.4648064090276145,-0.0256389132701357,-0.2110301824692117,-0.5705645514223194,-0.11110729537043047,-0.3014819610467114,-0.549493534911478,-0.18629331812030842,-0.36580111036765106,-0.5069922057254462,-0.22839549364520126,-0.04904367325533031,-0.5099964916722426,-0.0484739563104453,-0.0904818706258929,-0.7335460513228566,-0.10169305047468567,-0.131153878148905,-0.877199486409751,-0.14653410875994527,-0.16317991934462991,-0.9970931515272077,-0.1762236036692532,0.03008293397471834,-0.4884153570718122,-0.08333296764921594,0.03313727688663038,-0.7119646997124618,-0.13980741472591088,0.02375969763278297,-0.860961932835416,-0.1712756498923756,0.011128704993037596,-1.0,-0.18868921663198174,0.10812101922346601,-0.41127381232254917,-0.1217231244389152,0.1531371322133208,-0.5702145143497839,-0.16367880015369177,0.17832374269851892,-0.6860239072644085,-0.16968330311045254,0.19119431433893339,-0.7992119644827025,-0.17080627542359791,7,pause track
0.0,0.0,0.0,-0.12263154808136549,-0.09198875152513813,-0.03583010882430998,-0.2211479623582319,-0.2406873241531818,-0.06868171172124998,-0.2991022961821841,-0.35184353977946464,-0.10569145937436097,-0.3745527572638056,-0.445912057638421,-0.14373383997732156,-0.12397080889178778,-0.45930895686988016,-0.02308556374101205,-0.21711373060589287,-0.5652442295066491,-0.10713010447954366,-0.3051607241706324,-0.5479587107737331,-0.17962945008264014,-0.3681667732296597,-0.5090815986451481,-0.2196842084421136,-0.05417776995839037,-0.505968099760126,-0.04676317018957502,-0.09571859931885507,-0.7295193794457866,-0.10195442394252338,-0.13605662571500907,-0.8757502678378584,-0.14613277677903,-0.16835551130926582,-1.0,-0.1743018725813063,0.02557554744055716,-0.4859479886771456,-0.08226852015245677,0.029061945282406236,-0.7058176242317095,-0.1409995158227094,0.020342231700845495,-0.855218582869534,-0.17248382924950348,0.0078855184468408,-0.9950544758602637,-0.18850026498200606,0.10330817302397166,-0.4109044694950917,-0.12086927474718126,0.1466587137775222,-0.5688649396309917,-0.16309587987908336,0.17075568181005468,-0.6844279998912914,-0.16882374803276864,0.1827242078221528,-0.7965512210402551,-0.1691035474082666,7,pause track
0.0,0.0,0.0,-0.12066713153363408,-0.09036273854079208,-0.03828505471326073,-0.21896073771541602,-0.23803944728266282,-0.07250074735318332,-0.29643480240782116,-0.3504650567090265,-0.11062026411685538,-0.37002362283160906,-0.44878185880377397,-0.1498378823377431,-0.12078496107925032,-0.4581299540350927,-0.024184249882676277,-0.2127490714519503,-0.5635027963171152,-0.11009137417648168,-0.3017095245549373,-0.5479487270709111,-0.1849175382413164,-0.366588635425709,-0.5115705625364659,-0.22688264475751796,-0.05179191985313999,-0.5055240426349419,-0.04719854676545865,-0.09304392992841998,-0.7264981286732791,-0.10328238647173862,-0.13394643594085753,-0.8728848315805952,-0.14952977159504696,-0.16702907315962487,-1.0,-0.17991901466829197,0.027618220887706164,-0.48575827866402926,-0.08241991297627108,0.029167508645102532,-0.705559334576141,-0.14196842872245372,0.0201413100710108,-0.8531959129655192,-0.1743292443505222,0.0073983577862845274,-0.9933433422037541,-0.19158812425830776,0.1059219308107185,-0.4111865492166043,-0.12101961093133078,0.14686969019937102,-0.5691577606694085,-0.16374070142385258,0.17154388012124488,-0.6824057577094391,-0.16966208079798986,0.18459649072875012,-0.7934960367719258,-0.17067964138486066,7,pause track
0.0,0.0,0.0,-0.12134133321457974,-0.09115365686835365,-0.04236416123765224,-0.22260460307183563,-0.2377174246913834,-0.08015539478200157,-0.30196161804049726,-0.3506957647217341,-0.12133578012883628,-0.3747316625616748,-0.45288265775101255,-0.16359041622901407,-0.11996310645688388,-0.4594619206337788,-0.03051594377613583,-0.20987570267298344,-0.5700492741757759,-0.11819631238756381,-0.2981610036048566,-0.554488486040173,-0.19408166714393055,-0.36439667467111536,-0.5193362816195706,-0.23677572364095084,-0.05068951303035182,-0.5044648209618355,-0.052731085565352775,-0.09195167528201123,-0.7269252640269114,-0.10831671311241745,-0.13547600777836014,-0.8728338888489238,-0.15532282199975342,-0.1706185063767252,-1.0,-0.18740181340496234,0.02736057015425406,-0.4831734584585099,-0.08744951645076356,0.029548519405364237,-0.7051862204728905,-0.14612211287525284,0.020341690617210365,-0.8535174470718676,-0.180101804013152,0.007448219438364032,-0.9935318545085828,-0.2000990093072784,0.1036240683837979,-0.4077331709606366,-0.12584972789495566,0.14558276611366316,-0.5636534227867586,-0.16903755917750585,0.17100759566229676,-0.677662292766422,-0.1769144048537904,0.18433054947514338,-0.7898076448765248,-0.1803210770927409,7,pause track
0.0,0.0,0.0,-0.12011611012292774,-0.09423852069802768,-0.03366831045238854,-0.2190529159383442,-0.24190415817313088,-0.06590056909002255,-0.2969362897957394,-0.3511327372337814,-0.10274074666116463,-0.37244645726291997,-0.4460676851505371,-0.14103703522096284,-0.11979801190034783,-0.46137655368341796,-0.02254474871128917,-0.2134061741241762,-0.5643243303277751,-0.10531324500517433,-0.3018753556178652,-0.5486965092351005,-0.17709755888980577,-0.3664473013480872,-0.5118707308057482,-0.21709438787484747,-0.04977838492675767,-0.5079207738928216,-0.04801171341349285,-0.08806863972998387,-0.7306915518010283,-0.10360196306933733,-0.1284716704627717,-0.8768611024253494,-0.14905795345405679,-0.16146047807571365,-1.0,-0.1783757897510859,0.030015286940544395,-0.48626937707995516,-0.08483345598944485,0.03644460164249177,-0.7050747488106202,-0.1446179184575567,0.027441880863245102,-0.8530784902380583,-0.17732130624634404,0.014594642622200123,-0.9912631204837599,-0.19441029315618927,0.1075686018543674,-0.4092231113024826,-0.12431135521125755,0.15308953966602248,-0.56730183790717,-0.16734900172297024,0.18027227157443526,-0.6820566972348522,-0.17318245181572278,0.19522972273340067,-0.7938000890788934,-0.17378960079561567,7,pause track
0.0,0.0,0.0,-0.11831326677616628,-0.08843578275342577,-0.04030535309040917,-0.21621755355627847,-0.23755869367220975,-0.0758132419334688,-0.2927755838528841,-0.35051140897403865,-0.11498058640202714,-0.36872476640803314,-0.4485470392176583,-0.15522190373351205,-0.11904862196246338,-0.4606234188759621,-0.026077043685439213,-0.21073308786450176,-0.5639203570804044,-0.1103820583038826,-0.30052477811260003,-0.5479988519712208,-0.18366401886790254,-0.36532574615738017,-0.5120199944841353,-0.22490895024725072,-0.04974693254489875,-0.5059727283590792,-0.04903069596588484,-0.08737031672768344,-0.7256045110942824,-0.10298365061559414,-0.12650085664113273,-0.872331840592209,-0.1475735124281129,-0.1568100779825532,-1.0,-0.17708731382964718,0.028190904990806308,-0.4820281981940624,-0.08428915312874688,0.0347994296301462,-0.703825395896463,-0.1430497148358194,0.02700180509653289,-0.8504228537626503,-0.17504385063753145,0.016053199008826433,-0.9879416327590502,-0.19246068425781357,0.10382231205847237,-0.4023762373461892,-0.1230475123447091,0.150505872083101,-0.5568465233406236,-0.16749298570858412,0.17834325710062457,-0.6711833212024024,-0.17471445819216355,0.1946971303135317,-0.7834870988688973,-0.17646751495896268,7,pause track
0.0,0.0,0.0,-0.11816810147253666,-0.09102013755592983,-0.0372742067473036,-0.21465241644485403,-0.24134110533071104,-0.07048406416006028,-0.2910979390797527,-0.35356448647484384,-0.1076719362828235,-0.3651811978307039,-0.4503971498815011,-0.1456650600848979,-0.11738410898663203,-0.4615272715747886,-0.02360654576664437,-0.20703893196870451,-0.5668488082306422,-0.10602748076734253,-0.2967939781036737,-0.5515807630762892,-0.17786802927573078,-0.3624708635239364,-0.5173088929699435,-0.21810694751066623,-0.048934197661881416,-0.5064537941726422,-0.04639789758236888,-0.08520080042296672,-0.7243139075332296,-0.09968545591352967,-0.12205511953696069,-0.8717008112306646,-0.14324631642312619,-0.15075216364202876,-1.0,-0.1718175776911937,0.028938914127315238,-0.48460771844772543,-0.08112922950845423,0.03764818100885237,-0.7006153020459632,-0.13918993721596917,0.03109086229651555,-0.8499010244237986,-0.1711957701756666,0.020672241585338452,-0.9889272181826763,-0.18818354246449304,0.10497367474167343,-0.4080205489434763,-0.11909298834374722,0.15319268776880673,-0.5631034370355688,-0.16205775740340037,0.18195075540247624,-0.6776849813937316,-0.16892962877469844,0.1988972256048888,-0.788254958526589,-0.17036340368531253,7,pause track
0.0,0.0,0.0,-0.11853947344682865,-0.09225391059905942,-0.03651300162842479,-0.21564538233800457,-0.23850964838737795,-0.07020011872758869,-0.28904220762950017,-0.3484353283594026,-0.1076733060350863,-0.36053788238068785,-0.44604265326350007,-0.14635160860847576,-0.11715812555570325,-0.45568699696392395,-0.027689047086687162,-0.20539821963445293,-0.5614620666067649,-0.11016579257119542,-0.2941522409335047,-0.5464040336132595,-0.18114202756733733,-0.3593221524612967,-0.5122388985326566,-0.22090720672056915,-0.04700992857621285,-0.49891328758655284,-0.05181379351872929,-0.0846815196126309,-0.7204008507897509,-0.10739280614806736,-0.12278941308543724,-0.8690714589706013,-0.1525525362488365,-0.15219102692059303,-1.0,-0.18211966437168742,0.030703747120435027,-0.47629267902898376,-0.08716267631283996,0.03807692650647206,-0.6972487578479313,-0.14703780685968548,0.03051213901624169,-0.8457866504587777,-0.18051664000503964,0.01938545917064243,-0.9846163300011357,-0.19858059425577074,0.10631540173175846,-0.39885701480241725,-0.1253228265413354,0.1522154963538125,-0.5535900287474367,-0.16950399532173943,0.18015530348352796,-0.6685731396543133,-0.17689229529680686,0.19659738015317452,-0.7798922639886876,-0.17887259132026823,7,pause track
0.0,0.0,0.0,-0.11704805903715843,-0.08542243345586607,-0.041096080685847546,-0.21398547876345275,-0.2336140606315603,-0.07695338050675414,-0.2892383409362682,-0.3471194195934275,-0.115736825577395,-0.3618115145710616,-0.44805869115106955,-0.15540432808248822,-0.118036394437309,-0.4571694799371097,-0.03225002428734119,-0.20840382656450684,-0.5639836103237521,-0.11578194493609113,-0.2980911466406838,-0.54760604433323,-0.1872239772863945,-0.3634825224766376,-0.5114687596882058,-0.22679204592871702,-0.04563795451525754,-0.5027677128083617,-0.05377952945876707,-0.08421874307985296,-0.7240118030027902,-0.10822160644401885,-0.12122395256654414,-0.8709142067850658,-0.1517602651534391,-0.1503750719695292,-1.0,-0.18003179926699595,0.034898716727933037,-0.4820795872270694,-0.08691122989113785,0.03956220381770672,-0.704451799791842,-0.14595159753086948,0.03379273882811462,-0.8535617996811197,-0.17755265659017236,0.024144808228885248,-0.992154906107445,-0.1939596678063467,0.11299492891624961,-0.40684444063067454,-0.12328998441691402,0.15513585632667523,-0.5677317695646397,-0.16673335270160333,0.1842580495150361,-0.6823787451835777,-0.17274542074602514,0.20271920257761636,-0.7915853088046415,-0.1730995592707605,7,pause track
0.0,0.0,0.0,-0.11424689020831824,-0.08799718316918803,-0.04068955970978451,-0.21066936635903136,-0.23666556413316217,-0.07624594679378352,-0.2869307642925659,-0.34927820775972446,-0.11502050558989405,-0.3585874094713044,-0.4503987985781449,-0.1547600451311428,-0.11878967709171306,-0.4588821329258825,-0.029031838562540106,-0.20709131924238597,-0.5656902268253837,-0.11349628285535941,-0.2951371111951399,-0.553275433341109,-0.1860591789033414,-0.36074857251287584,-0.5200695752804093,-0.226202615436932,-0.046786023033127504,-0.5043618465389031,-0.051002987218390194,-0.0848173700527481,-0.7254436136733616,-0.10506601539138018,-0.12140146972030809,-0.8722913684845984,-0.14912755397367264,-0.15003424647159444,-1.0,-0.17789550238832402,0.0339281047173654,-0.48310769035020634,-0.08503016847902939,0.04050406069240389,-0.7040015631923825,-0.14394179371715046,0.03526064635636545,-0.8536313102256632,-0.1767702365891612,0.026326407017731326,-0.9920877844336774,-0.19426578399704617,0.11180846431771031,-0.4071390467335586,-0.1223303526415992,0.1557699452304318,-0.5662243037858944,-0.16615568937102948,0.18521777974354942,-0.6812727569662721,-0.1733687577805253,0.20369214694118556,-0.7918428677695123,-0.17483590306240254,7,pause track
0.0,0.0,0.0,-0.11445303280623083,-0.0874010590127536,-0.04088509635390803,-0.20967840627977516,-0.23487161710329635,-0.07526637235938011,-0.28435768122973104,-0.3483766247956713,-0.11256984938933666,-0.3558431591403771,-0.450338972587173,-0.15037083985090102,-0.11489406048129791,-0.4561739503841817,-0.028393246112374013,-0.20194792458850164,-0.5654238400248254,-0.11168265509021691,-0.2900984165071373,-0.5535483947630662,-0.1829276694560549,-0.3551422133279137,-0.5207726220290387,-0.22211065305403216,-0.04288376100315562,-0.5048745235972343,-0.04894191837868534,-0.08172506424881336,-0.7240400784753364,-0.10341327520872756,-0.119561660285492,-0.8712059873775121,-0.1465785003745944,-0.14939132990672996,-1.0,-0.17457819196936358,0.03753597605748302,-0.4879294454059913,-0.08149787726490812,0.04445870374741038,-0.7053448893784037,-0.1397261984805656,0.03808490458832682,-0.8540644340204023,-0.17061855494784242,0.026955955690172118,-0.9924748031014257,-0.18660930811766907,0.11615090057605398,-0.415812474322328,-0.11754051913677764,0.1606481208314758,-0.5744094545188332,-0.15905294904219638,0.18912780050524916,-0.6883963966031171,-0.16428948683972958,0.20574466887822446,-0.7974236553641203,-0.16450339345713882,7,pause track
0.0,0.0,0.0,-0.11614090420791823,-0.083846069964957,-0.04187322261165331,-0.21198944026963598,-0.22886080060311884,-0.07782102367650452,-0.2862907371391475,-0.34249494469818,-0.1167904167780075,-0.3560404494628744,-0.44721290334910824,-0.15616862058421924,-0.11554721926716371,-0.4570114835339516,-0.030463767968877814,-0.2049273003647977,-0.5648313782280687,-0.1150617499077078,-0.29153048114708063,-0.5520417374067801,-0.18622097261688872,-0.3556174828287136,-0.5172205568696973,-0.2246256110583546,-0.04173415371194393,-0.5063920417482504,-0.05104324055977921,-0.08049324103927125,-0.7272479226279424,-0.10625400006919214,-0.11955391489472156,-0.874076645403574,-0.14903803070333507,-0.15195149187400514,-0.9995021450257098,-0.1757881457975646,0.03998874709502707,-0.4888390958612095,-0.08372586763732917,0.046630834572605466,-0.7128818314177393,-0.14352060682970486,0.04059232678479416,-0.8626325549034886,-0.1754958948973627,0.029619863396890378,-1.0,-0.19134333508174117,0.11900658617536843,-0.4149421960283968,-0.11971992326520149,0.16706985509817793,-0.5720479033264045,-0.16414841374465697,0.19750352771522586,-0.6876098969448335,-0.1718240280882749,0.2164500744512091,-0.7979326209611041,-0.1726985781906415,7,pause track
0.0,0.0,0.0,-0.11707739141824071,-0.08570513812761375,-0.03928361644505893,-0.21031184387564347,-0.23336892198148068,-0.07326073304352504,-0.28286770416175505,-0.3463799465244179,-0.11031640414091226,-0.35410929816275255,-0.44627840642236183,-0.1482370348405533,-0.1154724624566222,-0.45637559386075977,-0.030298557723789483,-0.20291813684827462,-0.5678866693391228,-0.11328947848414293,-0.28880214431527573,-0.5525838813852848,-0.18333167550766188,-0.35150312425994795,-0.5151690328487192,-0.22120295837920273,-0.04196840945202743,-0.5048592396200878,-0.0513465102850476,-0.0829621662241238,-0.7279482019794697,-0.10649123635168173,-0.12389427128604674,-0.874131418690523,-0.1491951996570072,-0.15697702878446906,-0.9989328036049051,-0.17575805727992364,0.039972402260209906,-0.4878355619235863,-0.08373367674069608,0.0423606783804916,-0.7143307151201481,-0.14302020537897386,0.03636948160966529,-0.8631519238376469,-0.17337231139345538,0.027733611692127763,-1.0,-0.18777418727242223,0.11860069139879263,-0.41619415790511194,-0.1191073128950582,0.1605544155722165,-0.5784242828358199,-0.16193471192053782,0.19051119322519147,-0.6932293589148241,-0.16693847254255859,0.21143176174392314,-0.8027483961955867,-0.16572295152607272,7,pause track
0.0,0.0,0.0,-0.11649396056641015,-0.07851182102659768,-0.04255474054073366,-0.21431769209221238,-0.22348223966795955,-0.07705895629786982,-0.29132625326085304,-0.3358814190412872,-0.11444277387971993,-0.36147742294618707,-0.4385071255417735,-0.15121118181477608,-0.12043788071289152,-0.45244611203612106,-0.023253213157463537,-0.2060802352388306,-0.5557136304978395,-0.10539748124354646,-0.2907789252076998,-0.5476079160549627,-0.1757131984393763,-0.3508332364895026,-0.5159511740049713,-0.2137472780281051,-0.04699399903206195,-0.5059066471582627,-0.0422268200434612,-0.08956930932980958,-0.7247414269719323,-0.09442448524038544,-0.12744913480341508,-0.8728243334692083,-0.13526146780803913,-0.15492189710898163,-1.0,-0.16070273636934743,0.036450299604687944,-0.49594342345345077,-0.07383172399972036,0.03508028293754385,-0.7134051850393606,-0.12928380274683765,0.029312849465666747,-0.8605976720548377,-0.156714298511342,0.020026020920485985,-0.9966765546338517,-0.16965684844540227,0.11958126141367893,-0.4304881953514831,-0.10948417127322994,0.16274200653413645,-0.5853327696489499,-0.1481557236105615,0.19112763477480238,-0.6982379729913051,-0.15110509948496995,0.2084679114573549,-0.8061376172476459,-0.14887758262582385,7,pause track
0.0,0.0,0.0,-0.11576626843217855,-0.08419746273873147,-0.03839356505584439,-0.20948921999437892,-0.22629356304192164,-0.07133325111239662,-0.2809740657286648,-0.3355831629519636,-0.10728557226921144,-0.34881465965743774,-0.43407162508349134,-0.14267033256782524,-0.1169589326594373,-0.4558463030207277,-0.022869874572539407,-0.20089161622020776,-0.5620444966683562,-0.10551201494744639,-0.2833650551568608,-0.5527873251313973,-0.1760693214021336,-0.34294294336794096,-0.5198149196119223,-0.21387684173548263,-0.04290426219211299,-0.5074960619243618,-0.04291016566816876,-0.08625741386522984,-0.7260019907328574,-0.09662858024944744,-0.12281328005242062,-0.8730572969661233,-0.1382283176960614,-0.15010522013178618,-1.0,-0.16356653031695775,0.04109300793198906,-0.49656111931344743,-0.07461811150088479,0.03946007434273683,-0.7108923373510593,-0.12966217896450935,0.033749953120061724,-0.8559537585938244,-0.15499054116955893,0.02429574110154442,-0.9910052274588873,-0.16597059466447361,0.12467239527182612,-0.4301676117812324,-0.11010317717686391,0.16698868815233475,-0.5848362843195725,-0.14678787072101876,0.1955270717089045,-0.6962276493662379,-0.14706572481829963,0.21400539040486832,-0.803115130888466,-0.14244151343857175,7,pause track
0.0,0.0,0.0,-0.11201686593537914,-0.08697552804314637,-0.036624129498821274,-0.19749773735711004,-0.23765680739989398,-0.06739178737490945,-0.26201750011584785,-0.35148931318004084,-0.10172927693447802,-0.3248912820027243,-0.45258339378977835,-0.1362491718664719,-0.10594292400897999,-0.452731201792081,-0.022109569296069383,-0.18575045463204787,-0.5636361798324834,-0.10118848895833878,-0.26485373098416143,-0.5505546065173911,-0.1686691367215717,-0.32084847570015096,-0.5136027315220218,-0.20497281334830425,-0.03043538812409794,-0.49839313738873114,-0.04313937234033656,-0.0604908958684461,-0.7202066725078246,-0.09159660355487505,-0.0897370386384183,-0.8692790799686502,-0.13073394450272746,-0.11275490130456574,-1.0,-0.15567504577657623,0.05202050525220729,-0.4795880539487906,-0.07579773960441798,0.06152982161445268,-0.6961041100796643,-0.12898108695460478,0.061508472965012204,-0.8441969912720442,-0.15741067527855118,0.05622204504238523,-0.9818904430008013,-0.1717221034743153,0.1315596707937792,-0.4062740917939182,-0.11179318725608538,0.18120155975744417,-0.5601991728528565,-0.1514491120149053,0.2150672991057553,-0.6729459114385185,-0.15612567495267032,0.23802626461550516,-0.7813503347279862,-0.1551540916376194,7,pause track
0.0,0.0,0.0,-0.11217607157015179,-0.10090046901632556,-0.033536064072223926,-0.19446829611064534,-0.2557677148479925,-0.06217791685546134,-0.2572080194446756,-0.3729914272384129,-0.09549699084768173,-0.3199314624902467,-0.47420272453132023,-0.12946919400839957,-0.097930318236434,-0.45393357755018354,-0.01571874223039482,-0.17868042376088064,-0.5720771262385465,-0.0945918694258465,-0.26072280849002016,-0.5640665981516989,-0.16258902231647746,-0.31780675961333815,-0.5317932430916944,-0.19908556247340567,-0.02384824316589495,-0.49582426255146056,-0.037465867413227154,-0.05327498978881523,-0.7183156313373762,-0.08592329677571672,-0.07990365575755845,-0.8690718538671289,-0.1258242644071846,-0.09876086341382746,-1.0,-0.15135479361111043,0.05695759103827727,-0.47555311184251353,-0.07095220180171102,0.06728906209446037,-0.6911715690059125,-0.12353888760648295,0.0690865311733398,-0.8375034979139002,-0.1505014403757506,0.06678875630681155,-0.9717088661136002,-0.16343090107929828,0.13555018264292074,-0.40417838612623874,-0.10777166304563902,0.18410288691467433,-0.5575599304030192,-0.1457543587270358,0.2177816691841628,-0.6684017697174487,-0.14876810624092615,0.24049555194341873,-0.7736046180415778,-0.14647322738724883,7,pause track
0.0,0.0,0.0,-0.11198375585997039,-0.09945231225493069,-0.03912724565871842,-0.195106745842993,-0.2500793898498203,-0.07194778615253919,-0.257997703941053,-0.3706306052754839,-0.10848418901093722,-0.3135701445099704,-0.4819861704925987,-0.14520037609022213,-0.09712388405583776,-0.45435060920068165,-0.022076850381880675,-0.17273868405020437,-0.5683502880068401,-0.10552148673718467,-0.2493377364602258,-0.5715436566942111,-0.17548175461602872,-0.3061380506577659,-0.5470107166075389,-0.21194764787336587,-0.02060672017474399,-0.49637969791423897,-0.04154354289000025,-0.0475053414944736,-0.7199289648245042,-0.09498028363228057,-0.07276198991169668,-0.870015532697942,-0.13610436071107937,-0.09205906150521338,-1.0,-0.16061229980963773,0.06480256119151558,-0.47650134269929123,-0.07344617018861466,0.07484656974517562,-0.693876487111586,-0.1310782108984576,0.07640937995050798,-0.8447311148697302,-0.16143281775855836,0.07281389429133599,-0.9818108086497911,-0.17471859271025436,0.1478927276171733,-0.4058783356798202,-0.10870564154534744,0.19999563866919443,-0.5687978355078657,-0.1492886836122003,0.23510139866970325,-0.6840879117084923,-0.15488924567870785,0.25872924903789496,-0.7912004926486589,-0.153471969334339,7,pause track
0.0,0.0,0.0,-0.1087523601816298,-0.07895548514524171,-0.05349858728660485,-0.19660790252419405,-0.22831009126820942,-0.09580608696530657,-0.26640824157038145,-0.3445634732948187,-0.13904298559118977,-0.33026040569100634,-0.4510270198721837,-0.18194992726427292,-0.10983857313558582,-0.45512084471146275,-0.04196575266019825,-0.18223572803320337,-0.5703835502645098,-0.13389234259655655,-0.25746908157326054,-0.5660218008399086,-0.20978199492879757,-0.31153991320803215,-0.5346160784755281,-0.2502973292108883,-0.03251414050935784,-0.5001513473324606,-0.05823136988245776,-0.06292257900187233,-0.7225820997672734,-0.11361353313491383,-0.08941120553011075,-0.8695439882396976,-0.1575255304967205,-0.10900842394540643,-1.0,-0.18535419968383882,0.0544812485556471,-0.47806844733884596,-0.0879423555107707,0.06144057205771335,-0.70055032587201,-0.14785313884437754,0.06378024096531706,-0.8511109717419447,-0.18041085027123924,0.06101488229813545,-0.9937040701194438,-0.1973738966631367,0.13945325728759475,-0.40065346086045334,-0.1221782648683144,0.19085383346355866,-0.5611287516008724,-0.16905923166716694,0.22617600993406087,-0.6781176128813071,-0.17841297882835513,0.2510179861505682,-0.795037421433566,-0.18017646364820955,7,pause track
0.0,0.0,0.0,-0.1093254685731743,-0.07982008138304525,-0.051670233294417174,-0.19993061714671032,-0.22009398129437452,-0.09500448208168155,-0.27286574510371514,-0.3291175440278493,-0.1398417637741135,-0.3399227519755154,-0.43144718225155376,-0.184189386152591,-0.11773957816006168,-0.4490787710151075,-0.045440445340624594,-0.19828863164209545,-0.5641840203438089,-0.1370725252663422,-0.2772372142414472,-0.548765756931272,-0.2118019917387122,-0.3308526291549175,-0.5094440626948888,-0.25142105757545635,-0.041139962745764765,-0.49630257829436764,-0.061291731821213266,-0.07877450891233644,-0.7139511017353831,-0.12011940257039086,-0.110848767473006,-0.863559163628341,-0.1650151926486223,-0.13661198142816672,-1.0,-0.19297547034856016,0.04473344375811732,-0.47945581112737784,-0.08964296242661463,0.0446015012468259,-0.7020043958230124,-0.15050477900371145,0.04291964526372112,-0.8521733418376652,-0.1822689752318203,0.03563290428382602,-0.9937375090055388,-0.1977240263538917,0.1309415362115914,-0.4086338185303392,-0.12221541571778391,0.1766791405774499,-0.5702322075163867,-0.16720133825334904,0.2068156733317159,-0.6884509507310838,-0.17515160671628352,0.22738760712493672,-0.8032705044468429,-0.17538284007768032,7,pause track
0.0,0.0,0.0,-0.11306705895897913,-0.07523492316999586,-0.05068848726601195,-0.2097339923495327,-0.21099036513647648,-0.09287781779085914,-0.2874179227730576,-0.3143416581514205,-0.1363757910745684,-0.35683328155414484,-0.4105655216900373,-0.17868747421524658,-0.1346687429490098,-0.44487719725687186,-0.0437974699084837,-0.2149737150740685,-0.554138891603396,-0.13345806618047065,-0.2930462722008906,-0.5315368700855161,-0.20557171740900465,-0.3440768632995489,-0.4850141421857336,-0.2431188504460761,-0.059413852373099145,-0.49524827379070924,-0.059129588238281995,-0.10237475899562375,-0.7137310883214921,-0.11661601421377216,-0.13831166336999548,-0.8634376486028693,-0.1587124698664341,-0.16622835915579579,-0.9977003056636071,-0.18414174819176088,0.02784558034502989,-0.48173481543944746,-0.0869540085429305,0.022477200640511102,-0.7030744936209302,-0.1474853532636197,0.01735246263279493,-0.8567514692887772,-0.17853674735003144,0.006720064887183911,-1.0,-0.1929268903958389,0.11807543518739878,-0.4133213679718973,-0.11876091197352265,0.1622820915434741,-0.5782444194420172,-0.16320232059630427,0.18900585777787265,-0.7005912565286901,-0.17069033142316292,0.20626792609522082,-0.8184106072761915,-0.1703365616138118,7,pause track
0.0,0.0,0.0,-0.11218258201007822,-0.06956766581420344,-0.05195408501908926,-0.2101116385055922,-0.19783139845769362,-0.09665970483556344,-0.291054287026508,-0.2940160769838432,-0.14213106655280586,-0.3655184632913095,-0.38212923955945327,-0.18654965990559633,-0.1328151974010222,-0.4381832067626473,-0.055325638900718115,-0.22148608928163693,-0.5377896179634051,-0.14955107825439398,-0.30527642863168236,-0.5074854835012617,-0.224204610754981,-0.36136860618783423,-0.46136208560440023,-0.26351322323112225,-0.05956878774463658,-0.4878756378014933,-0.07241400579422218,-0.10428633721452112,-0.7077752438669391,-0.13896857250544248,-0.14233649038617324,-0.8595871482181807,-0.18524905617758683,-0.1741877008675479,-1.0,-0.21185515322895773,0.02537335881103921,-0.4741789107132654,-0.10083362071985982,0.019429742841221665,-0.6946071228796634,-0.16829804375616353,0.014254234755454407,-0.8464704471954421,-0.1993408636873042,0.0015215876747408867,-0.9913231026221478,-0.21175054019765815,0.11306142012810574,-0.40602524959627573,-0.13293031720434334,0.15515327116748276,-0.5726154733932491,-0.17942083591697716,0.18151726219186198,-0.6934613442215994,-0.1837434153409858,0.19882752728793243,-0.8106160594921897,-0.1799719160886365,7,pause track
0.0,0.0,0.0,-0.11071186454549546,-0.07259789365135443,-0.05491610489841455,-0.21065200029463238,-0.20146033989117698,-0.10290819935605228,-0.2938287817633475,-0.2968828645359472,-0.15126929826659452,-0.37401908563026093,-0.38242667950681813,-0.19956415604509373,-0.13080824752392864,-0.4352737182468828,-0.060967151320745504,-0.21901176756233998,-0.5286909780430682,-0.15692251426076737,-0.3012513691539004,-0.5016945197696957,-0.2329212335988812,-0.3585188738632442,-0.4629587603342986,-0.27408355404022955,-0.057610603082454775,-0.48166859791820404,-0.07971955650470659,-0.10268193889924801,-0.704358069721477,-0.14916079273473537,-0.14171186181741796,-0.8570805376222349,-0.1997152872765343,-0.17424358935886086,-1.0,-0.23078361436484351,0.026051008911265185,-0.463092265627451,-0.10987450512648184,0.023847148545184466,-0.6859617052939708,-0.18135553876435956,0.01806873936902295,-0.8379225706810782,-0.21817665667596164,0.004611218263933315,-0.9862262776610009,-0.23600119048161614,0.11042541640693096,-0.39019236527048207,-0.14349387241369518,0.15557416142307434,-0.5541379735431043,-0.19358003277418337,0.18565385879743615,-0.6756977399241867,-0.20227797508762038,0.2050615727094038,-0.7968593348674222,-0.20341590310593122,7,pause track
0.0,0.0,0.0,-0.1123186653945784,-0.07009342431016916,-0.053184116166493774,-0.21437478941658009,-0.19868557840909312,-0.10027579242787522,-0.3009288829889073,-0.2928780020547946,-0.14745529557675097,-0.3828836949518322,-0.3759329919853189,-0.19551828587782588,-0.1320122108957968,-0.43186657332901024,-0.06146458542277516,-0.22344896076050264,-0.5234139125664838,-0.1554033563379056,-0.30687517872334985,-0.4978936789028247,-0.2310983207871481,-0.36706873722263006,-0.4595510054530045,-0.2728202997814334,-0.06039915650623276,-0.4798548247746953,-0.08099840718403709,-0.11105510136667635,-0.7049159262499287,-0.1472846166299784,-0.15273755693849664,-0.8586495073057152,-0.1968851569767667,-0.18779498085135696,-1.0,-0.22814790894334805,0.022797753630079225,-0.4620459558965178,-0.1115061813375055,0.017820046364552193,-0.6882765442226664,-0.18175249164501933,0.009639735218896252,-0.8466180440364173,-0.22023725465648142,-0.00474069374762743,-0.9986587439740011,-0.23998645472527377,0.10642889217646237,-0.3903192213898476,-0.14504965917682625,0.1492007292801792,-0.5532750331450577,-0.19699756692496667,0.17825745189044742,-0.6755857786131161,-0.20765396650587867,0.19608884509722846,-0.7963733798678059,-0.21055463006751865,7,pause track
0.0,0.0,0.0,-0.1107324943493321,-0.0701970403669709,-0.05482410996311427,-0.2110033764726414,-0.19850177718853337,-0.1033884952753869,-0.29546654089642216,-0.29348177680760096,-0.15254597181082508,-0.3756215795865562,-0.3771953118554049,-0.20190194922618046,-0.12930845711224737,-0.43313646521525967,-0.06232864740283957,-0.22123895790423204,-0.5257616171243084,-0.1590666665777717,-0.3076196318553005,-0.4948143633393223,-0.23594026181290226,-0.3675648991224401,-0.4527274457300756,-0.27768334098612224,-0.057443144710730545,-0.4789393502932017,-0.08116817850844134,-0.10213484086873317,-0.6996895808409415,-0.1496493251868878,-0.14077607359223335,-0.8544556636436645,-0.19873425529944683,-0.17353805855698465,-1.0,-0.2287690861472911,0.024933700828462815,-0.46010684951206593,-0.11153651387810468,0.02294396096249965,-0.6842355103840186,-0.1826069458811939,0.016282537351058574,-0.840367525582326,-0.21800099459886474,0.0019390032531386243,-0.9905142518696789,-0.23474705414023758,0.10807485836470758,-0.38761711786429204,-0.14545054419518852,0.15488680657600337,-0.5502224151989925,-0.1972486391495751,0.1850615505671713,-0.6723186056991491,-0.20610554285478758,0.20389690630240498,-0.7928653718253471,-0.20663113990420068,7,pause track
0.0,0.0,0.0,-0.11207355461320961,-0.07161340848764153,-0.050503260839479786,-0.21511286019745746,-0.20192405354815415,-0.09668340452414795,-0.3027208938397079,-0.2963267091823857,-0.14320519310369625,-0.3876513170418807,-0.3760718013821089,-0.19012445912265946,-0.1288227503224968,-0.4308704909999925,-0.06253612196139767,-0.22729449153358458,-0.52054027413901,-0.1560075205544743,-0.31471816019399074,-0.49196702676698145,-0.22990528901646612,-0.3767071651968219,-0.4527409542256255,-0.27079101131301236,-0.05708186360681076,-0.47542157727141043,-0.08372346265162496,-0.10658347604015483,-0.6997861779785011,-0.1562243430177275,-0.1445461193239194,-0.8554010485733001,-0.20702856277413625,-0.1770468233127026,-1.0,-0.23755047542600574,0.02355087279404177,-0.45367340232051734,-0.11513390139122047,0.019829919553696455,-0.6775031945581718,-0.19027636662309483,0.014815289359156325,-0.8317491744223694,-0.22651933104332939,0.0020944705304922935,-0.9834754725036882,-0.2425701333878097,0.10479667242900154,-0.37911522243714124,-0.14903782886811048,0.14701175260871177,-0.5441064329673944,-0.2014485317682199,0.17805935076522414,-0.6629733120842589,-0.20871821694686885,0.19784012794856756,-0.7812500772917851,-0.20819725511066337,7,pause track
0.0,0.0,0.0,-0.11146818623914215,-0.06688064351309858,-0.05149928604575524,-0.21193821660163856,-0.19371890425835855,-0.09998182489843369,-0.29882348235543044,-0.28443749780337063,-0.148676763757881,-0.38548339513874236,-0.35960235791866,-0.1976360870536388,-0.13034994874630104,-0.4264191783779801,-0.06833771482946337,-0.23042378704937147,-0.5136528675149769,-0.16398980972258953,-0.3172867265680344,-0.4806277506187937,-0.23841710530431043,-0.37763848468607636,-0.4382380403466625,-0.27902572636305445,-0.057805462835279604,-0.47079134788175503,-0.08951654024149976,-0.10883400605908776,-0.6964491148614189,-0.1631571811843201,-0.14577777167685133,-0.8528385934298308,-0.21315589722857195,-0.17746524730190802,-1.0,-0.2426596224950184,0.024039832843556482,-0.4487409167033807,-0.12075260976539595,0.020212816355552946,-0.6723393448890929,-0.1966866303759822,0.015449991383098827,-0.8263725772928541,-0.232131836213417,0.0014983033836356034,-0.9777972691858786,-0.24718413660257588,0.10644170657481196,-0.37321860015215763,-0.15447738393020247,0.14972462403468123,-0.5389744865961923,-0.2070707753409369,0.18089315275274787,-0.6576487216198939,-0.21364993421067874,0.20003194308340533,-0.7748997577682379,-0.21215802102155001,7,pause track
0.0,0.0,0.0,-0.11185962786907765,-0.06816258540365755,-0.049650960662488954,-0.21668653734084903,-0.19284039996393118,-0.0960573164183505,-0.30375368990527557,-0.2829623072923577,-0.14313278372300411,-0.3922636737665062,-0.3555798931593778,-0.1909385158850694,-0.13334027205086144,-0.4267623834619731,-0.06273669918348256,-0.23510492544238623,-0.5082631686778789,-0.15558143291566714,-0.32200454861063904,-0.477240772091728,-0.22928682684650845,-0.38456646377168996,-0.4369117424823137,-0.2697993652184759,-0.06080551321739736,-0.4745274053556585,-0.08520247227929297,-0.11266445659136752,-0.7005757025803121,-0.15578976048627052,-0.15187735285425866,-0.8566420326566677,-0.2059365381942965,-0.18581096339248276,-1.0,-0.23627414665278068,0.022414636193194525,-0.4560266590528307,-0.11787297055578742,0.015525146052971483,-0.6822558083238668,-0.193086295096953,0.00785731621345433,-0.8373674005610672,-0.23104481109905775,-0.007312689398467887,-0.9872413159371558,-0.24835915781958387,0.10748901721348918,-0.3833596895205206,-0.15285056310835562,0.15179710439816235,-0.5512508288563759,-0.20562412009343287,0.18404002764860147,-0.6716783273064946,-0.21410916364091784,0.2033234894185339,-0.7891635125976011,-0.21451189055690636,7,pause track
0.0,0.0,0.0,-0.0995945804609232,-0.06568227770846392,-0.05569492017930649,-0.1917091452236703,-0.18803494314311592,-0.10840616334688255,-0.2741006976671575,-0.274078925758632,-0.1608293225110149,-0.3574014198084604,-0.340136786390695,-0.21383494148357401,-0.12153604384960386,-0.40682228704168205,-0.08195341699913772,-0.21466212728207754,-0.4913810194601659,-0.18535394233918903,-0.2940715583128017,-0.4526513844203583,-0.26443296190604426,-0.3500227029901441,-0.4082393512615316,-0.30711477589385844,-0.050372425646832204,-0.4488910047854795,-0.1029636587569302,-0.09999263535441517,-0.6732229747259645,-0.18679708384497343,-0.1400056228929028,-0.8407794777290177,-0.24580982440181062,-0.17489290111171146,-1.0,-0.28133377343118254,0.031056122379687804,-0.4274822880973746,-0.13324757844533008,0.0306655581428268,-0.6475541045928086,-0.21651470639176587,0.027774514713959825,-0.7980351657626308,-0.25791514555426287,0.01580654560178745,-0.9444834534195268,-0.276156207065715,0.11374835118046447,-0.35536823157918024,-0.16601506209294664,0.16278589981197752,-0.5165893892258595,-0.22277670281837264,0.19731628674569612,-0.6340309841560712,-0.23300059154445835,0.21950382170501065,-0.7490985309772255,-0.23392300990365172,7,pause track
0.0,0.0,0.0,-0.10211539588525989,-0.06586876025628063,-0.057795954409051505,-0.20157924000523172,-0.18588139014849897,-0.11238336127072283,-0.28624268369735095,-0.26834219189195424,-0.16593392287630213,-0.3682907816113715,-0.33999110102740226,-0.22046659964972082,-0.12481869703833173,-0.4137391429702244,-0.09042279188603915,-0.22405271828665568,-0.4968826015682523,-0.19504651672172116,-0.3094158482342751,-0.44720324852852095,-0.2757154367730152,-0.367370379511676,-0.39231763742087944,-0.3192370880088851,-0.04814596654751886,-0.4575440560782615,-0.11077740546727514,-0.09499962368725993,-0.6845237211595526,-0.1889404399169758,-0.13196393750402366,-0.8473516338432985,-0.24398831159910706,-0.1654934951945807,-1.0,-0.2777841758017774,0.03656493734457664,-0.4341181900397477,-0.140502095214728,0.038150448611802106,-0.6613370811836337,-0.22172831166648427,0.036207616088593166,-0.8197166552020544,-0.26240660825401074,0.024929265976919166,-0.9755012817030526,-0.2812966563350434,0.12025481758975706,-0.35783650642284215,-0.1724917970917419,0.1771749238221217,-0.5219225956716371,-0.23069777117588128,0.21852778829878025,-0.6432232406009646,-0.24029133971905342,0.24751479031235882,-0.7653889050565363,-0.24050629888532654,7,pause track
0.0,0.0,0.0,-0.10587188313631078,-0.062435172559552804,-0.05647629695929699,-0.20651487375175248,-0.18001678613265376,-0.11097509259087676,-0.2937025011764627,-0.26167450517658836,-0.16428264349900226,-0.37934570680323293,-0.33397328430871726,-0.21872265411842703,-0.1307668401904665,-0.41226142510728453,-0.08951412187419978,-0.23042443846208038,-0.4921762562227481,-0.1930202609050995,-0.31718993460300826,-0.44911951336074296,-0.2725341568890234,-0.37853987179225207,-0.40174889604644487,-0.31556632975081195,-0.05615211456779521,-0.45678272297055994,-0.10975131977947097,-0.10807948526592936,-0.6829373185555997,-0.18940782278947707,-0.1483395940769106,-0.8443423962387352,-0.24461922467248834,-0.185150067232975,-1.0,-0.278176869972112,0.029411948591248824,-0.4344407585843654,-0.13914288232321662,0.02865125071022359,-0.6659859245349884,-0.22182476437074664,0.024099415138688407,-0.8247991245226672,-0.2643359922318231,0.00946087967996555,-0.9807054399695996,-0.28406370097046296,0.11428957664726888,-0.3591537794569332,-0.17031191950248759,0.1677333109274247,-0.5260307048376329,-0.22884949707811744,0.20463733688493418,-0.646378416278401,-0.2397984915113064,0.2291601413524121,-0.7671086496465123,-0.24125936768399497,7,pause track
0.0,0.0,0.0,-0.1079651850835775,-0.06159069789265871,-0.05647505589716207,-0.20814076239442972,-0.18066277990206986,-0.11114680010954031,-0.2955143121964564,-0.2629922939158077,-0.1647218914994496,-0.3839117505541409,-0.33312195412866413,-0.21931985687121475,-0.1324956857423161,-0.414800749493689,-0.08852403638963272,-0.23220691678055982,-0.4933189059006182,-0.19183178661648176,-0.3184723587387638,-0.45028849261117787,-0.271485840526798,-0.3798011613140265,-0.4026957438493734,-0.3147018531837318,-0.058311518064071054,-0.458613022342693,-0.10885849170631444,-0.11010015756621022,-0.6836068798230182,-0.18923778229544092,-0.1504634205947969,-0.8446239164303483,-0.24494288925026508,-0.18758971006495476,-1.0,-0.27863937816398815,0.02621643243925998,-0.4355779454923027,-0.13831615891397117,0.024316918379528134,-0.6665235827727765,-0.2210904524198524,0.02012071843574905,-0.8247675669395503,-0.26319232776579793,0.00502602468765331,-0.979620632883021,-0.2824947392859762,0.11005045311252497,-0.36021435992587314,-0.169636989451429,0.16338333191679505,-0.5266305524773709,-0.2276694320817253,0.20010062253088973,-0.646072789660144,-0.23812624809095007,0.22415649590249392,-0.7647762625134151,-0.239185598416636,7,pause track
0.0,0.0,0.0,-0.10663720149522052,-0.06370945766086047,-0.056420253634013824,-0.20555915280088916,-0.1838637421640327,-0.11102987592272814,-0.29282484649767426,-0.2668124786320473,-0.16494998256694715,-0.3808366050218316,-0.33594482305758216,-0.2200038621355889,-0.12991581184342826,-0.4173669730615561,-0.08672907318157463,-0.23049681515002038,-0.4943081608863332,-0.19113579749493007,-0.3169641674414849,-0.44939477442380643,-0.27194007067545284,-0.3774691024135221,-0.3999152693655153,-0.3157778054390775,-0.056569880617011854,-0.4598765831208628,-0.10730825469279194,-0.10919662490427788,-0.6848473776239216,-0.18742224838364765,-0.14854354142197337,-0.8457512940621377,-0.24372234874206156,-0.1841708572034128,-1.0,-0.2778918339809852,0.02862619676304691,-0.43596040352787263,-0.1373105752051434,0.02668486701090885,-0.665276580156158,-0.22023902788782285,0.020931683737899904,-0.8225820466303921,-0.2633484584563271,0.004622258751871864,-0.9757684262715746,-0.2833040367693217,0.11324384129871735,-0.35990381740445765,-0.16926883216053026,0.1681329077194607,-0.5276109824653477,-0.22817944977794205,0.20528436566039115,-0.64786631136466,-0.23982238198460343,0.22900232003926027,-0.7671779810107499,-0.24158681505102922,7,pause track
0.0,0.0,0.0,-0.10580373536841281,-0.06284871880456269,-0.058551685775326705,-0.2041129786166029,-0.18145900054467154,-0.11471491254735215,-0.29023526083149837,-0.2643886861099017,-0.1697704918346989,-0.37804907008917454,-0.33597074841989577,-0.22574210872773065,-0.12896586601239562,-0.41506127185735553,-0.09001579199214557,-0.2274021074921493,-0.4984343337124788,-0.19560904435499316,-0.31467631395575263,-0.4552428019002799,-0.27676045534246346,-0.37611097011283007,-0.40690768206395833,-0.32067979238774785,-0.054941622121830735,-0.45852891107557486,-0.10972510333725041,-0.10472037898954348,-0.6858726680288977,-0.19092256215931108,-0.1434814206416508,-0.8464417366477344,-0.24708274069439887,-0.17908842010408346,-1.0,-0.28101475640977147,0.0301285144675212,-0.43540114418940984,-0.13893112452216785,0.02922507890194184,-0.665315437944142,-0.22195622838473006,0.025024797981215038,-0.8224413857462725,-0.26332789788903427,0.00993811051296709,-0.9763412911042528,-0.28225155235534294,0.11447976603269858,-0.3601617164030509,-0.17032891287710053,0.168766521094977,-0.5278100783353988,-0.22924381955195916,0.20689321017245457,-0.6481696788968252,-0.23954837703635967,0.23214845686173002,-0.7680290293531548,-0.24029701604596185,7,pause track
0.0,0.0,0.0,-0.10901046523752658,-0.06219125232121758,-0.056222252408850884,-0.21018134676737943,-0.18365100530792694,-0.11020601323023121,-0.29853898853354643,-0.26688114043647304,-0.16306662488987,-0.3878251378012803,-0.3369322824495256,-0.21715320010837325,-0.13280637666855521,-0.4156770058105819,-0.08795496347021234,-0.23249827839234086,-0.4964868805124248,-0.19129987489907116,-0.32101894118457663,-0.459089644246936,-0.27072748932626,-0.38415700095679667,-0.41565637231054714,-0.31392912566106757,-0.05874251017254068,-0.46053574964719374,-0.1083052953277182,-0.10901464106491458,-0.6865603902220627,-0.1882392595303151,-0.14841488253418028,-0.8464801684839909,-0.24272516871253785,-0.18448527011687446,-1.0,-0.27536210504390235,0.025710159833068433,-0.43829484264438445,-0.13780938880533375,0.0238075382445403,-0.6697605863058163,-0.21981977294174213,0.019974046823388745,-0.8272688651906591,-0.2597726769779127,0.00571425132511899,-0.9830724648930618,-0.2777147539124558,0.10947529214108877,-0.36305462100948005,-0.16935490919264418,0.16141947344699853,-0.5287621779101433,-0.2272904100178409,0.19723726441220296,-0.6488606930473334,-0.23664725194930517,0.2212339430737291,-0.7695360864563302,-0.23681889073679718,7,pause track
0.0,0.0,0.0,-0.12011666762497385,-0.08003244465248528,-0.05516115223082436,-0.2318594728760624,-0.20483252491051177,-0.10865310170720739,-0.32267299318847403,-0.2958219932984356,-0.16282072368384615,-0.41518096683971023,-0.37594785491769594,-0.21881244621166898,-0.1325091859617701,-0.43771613163793366,-0.08000349551391187,-0.24274159039892257,-0.536346177574816,-0.1844112285876854,-0.33595767233116525,-0.49588986926084494,-0.2683946282775967,-0.4064257637472442,-0.44336239122114535,-0.31583534147297826,-0.056477078339286106,-0.47464403124327575,-0.10386892295432103,-0.10689989321788505,-0.7146588340919945,-0.18224678911801948,-0.15916726159239578,-0.8656425200272213,-0.24105340511093706,-0.21137967316817743,-1.0,-0.2788572326457607,0.026010774697602133,-0.44497973240259087,-0.1377962700664012,0.02024596955901677,-0.6698197930123629,-0.215207524787183,-0.0029004337702718532,-0.8171789198188459,-0.25540986171714947,-0.03837950719480886,-0.9614705365140691,-0.2764405961389951,0.10884774247685304,-0.36316018472965406,-0.1747734077983533,0.1441231016945828,-0.5228861258204736,-0.2291583752820076,0.15861395309000836,-0.6380373555651647,-0.23793551793417572,0.1538810505649065,-0.7503053195447716,-0.23978127031313132,7,pause track
0.0,0.0,0.0,-0.13056545743153652,-0.12913529218322137,-0.05164452563678497,-0.2424318500896966,-0.30899513994143896,-0.10299776350850935,-0.3322335136399952,-0.4454427860119694,-0.16061582592247547,-0.4232265423913891,-0.5694456887665296,-0.21957699038133413,-0.10506069012620764,-0.5585488967635446,-0.043800302285684475,-0.21226596936613706,-0.7016645647870786,-0.15062288386373315,-0.3158377988393198,-0.6918542635920376,-0.2504899858733163,-0.4052952609422464,-0.6471429896474745,-0.31018411825642084,-0.016333000967584853,-0.5907446767022854,-0.06957195746447686,-0.03318444507216834,-0.830324826034989,-0.14681649345589298,-0.10831798864616117,-0.9487504795763707,-0.2165509655898708,-0.19691721984834848,-1.0,-0.2640757816907779,0.07485357110483856,-0.5419921813241367,-0.10868100700471596,0.11648435737820341,-0.7821588235728123,-0.18035543308091695,0.06586717947961221,-0.8780771280015683,-0.22545593463347957,-0.01778885780718711,-0.9167537106562924,-0.25226359499643985,0.1614860121801858,-0.43423321535403275,-0.1530614770080045,0.2353339221758222,-0.5946985467254947,-0.2124469809162884,0.21028593818840288,-0.6858348555052205,-0.2360594801784786,0.14085158007238968,-0.733360742089098,-0.24858612367616081,7,pause track
0.0,0.0,0.0,-0.11802849207370948,-0.14112025550105678,-0.046921056071899295,-0.2079582338301883,-0.33976661485824583,-0.0940195207394373,-0.28467441263659393,-0.48480987332656383,-0.14782843967417886,-0.36643729433293176,-0.6155492616234309,-0.20307774745058588,-0.057551539147755744,-0.5585114016891876,-0.03818746147975491,-0.1576625734319711,-0.7112662427072471,-0.1400758356118644,-0.2610473713123445,-0.7165208329248056,-0.23586474421902498,-0.35190322766745874,-0.6884686192444838,-0.29395399466797917,0.027902372814305604,-0.5780671622427732,-0.06409938062792557,0.015268706093926422,-0.8074223022889204,-0.13764354144518565,-0.05161133282917459,-0.932460490750506,-0.20495693947794347,-0.13923491779569522,-1.0,-0.25140714612903065,0.1128208647828636,-0.519468939530223,-0.10288005200168425,0.1709099553731414,-0.7467005879673166,-0.1756416468712012,0.1288999477937087,-0.8495345483729513,-0.2227906135589266,0.043171221004833275,-0.905952369787648,-0.2508844082571887,0.19098138449265686,-0.40527527948270015,-0.1461088487731358,0.283308935346899,-0.5442706224086908,-0.20914470393748047,0.2653675342800946,-0.633452367656199,-0.23663384207328103,0.19452214760256034,-0.6907727156337239,-0.25203952929081075,7,pause track
0.0,0.0,0.0,-0.11267775243191726,-0.13236856671366892,-0.04731612628895713,-0.19285309954833482,-0.3247783267650567,-0.09206282606639483,-0.2647595165633114,-0.46866214531968625,-0.1417956613737906,-0.3370284567057853,-0.5983835749898508,-0.19201385685513053,-0.04571319713880766,-0.5336917796155037,-0.03107627862746489,-0.1329038095539592,-0.6910396471581017,-0.12756921732333273,-0.2275918660381166,-0.6992260873845996,-0.2162529452855316,-0.3149014368020872,-0.6745037393782956,-0.2678946402286303,0.04176595551515589,-0.5489595886077229,-0.05450253367290963,0.04001518985152799,-0.7779466003921303,-0.12335180915659805,-0.011381789777865853,-0.907026170976199,-0.1847535275957139,-0.07942108424468491,-1.0,-0.22535761705741272,0.12122664605651678,-0.4953846810375232,-0.09103246965295698,0.16446124210087976,-0.696378129681893,-0.15385648472175828,0.1462424850887174,-0.8199193732945061,-0.193449271327355,0.10221924958061256,-0.9285013604902367,-0.21688936547877408,0.19149170282949335,-0.39167894020244115,-0.13239459608992293,0.2640420708124325,-0.5350725611063099,-0.179057124084532,0.27339110925104076,-0.6405959380953583,-0.1943563461694493,0.24599972917102766,-0.7412153861537224,-0.2023417391162094,7,pause track
0.0,0.0,0.0,-0.11137865780396906,-0.12426114081531806,-0.04953458759260864,-0.1912464444352376,-0.3118547543391815,-0.09534494597103789,-0.25994392037181185,-0.45298436964538874,-0.14490067700503056,-0.3316892290292674,-0.5802611726428872,-0.19585001313955583,-0.049236563621253025,-0.5178895632736191,-0.04209024176713731,-0.1358347150431085,-0.6688152790989725,-0.1402021149526572,-0.22910547519246763,-0.677281686883118,-0.22816603950046563,-0.31441289521403903,-0.6552405464574133,-0.2794291412781726,0.038005135762417076,-0.5358060153557046,-0.06595884799260984,0.03721411091743242,-0.7670151968411686,-0.13760250906576416,-0.011855769528888869,-0.8999540146500106,-0.2002241946428542,-0.07629850308905765,-1.0,-0.24109125651098437,0.11625733028703254,-0.48240209798556183,-0.10209478285474571,0.1584553367288228,-0.6858509169220874,-0.16776986583278553,0.14058525412256193,-0.8152231263507853,-0.2090988390177841,0.10017439312919606,-0.9335956181119721,-0.23370863233339093,0.1833240548652418,-0.377183035137362,-0.14261314763655264,0.25131048644323895,-0.5172808610125722,-0.19153919525059618,0.26416882440208755,-0.6249289024235322,-0.20711609806593673,0.245696624549098,-0.7313293579967728,-0.2152614521051159,7,pause track
0.0,0.0,0.0,-0.11188178367235056,-0.12141853127401978,-0.04672668286706967,-0.19265441118754822,-0.30660195592504247,-0.09096914530494445,-0.2600819893443442,-0.4456882237783619,-0.13925503451302781,-0.3309614980767737,-0.5704569729230505,-0.18898314652111334,-0.05015073343421955,-0.5108310674573728,-0.04084527840845044,-0.13707578096521728,-0.6607181971768936,-0.13677173765699835,-0.23078078507961605,-0.6689034329305054,-0.22281823741802487,-0.31583623665457394,-0.6464878705715761,-0.27264215457497876,0.03619465441858483,-0.5301862075380279,-0.06487014466480509,0.03475245730360921,-0.7626172042006183,-0.1338590299661617,-0.013328816421649778,-0.8979217457379637,-0.19447998192036753,-0.0758920615185837,-1.0,-0.23434161907984744,0.11434069687655009,-0.47974177438738475,-0.10076302570696785,0.15703044381123055,-0.6824093732949423,-0.1642668735979121,0.13772160527169072,-0.8130341714962508,-0.2046211324424311,0.09585227233032231,-0.9320113923709032,-0.22868952625703837,0.18183861775927115,-0.3777948219808484,-0.1408147748709716,0.25046202225679465,-0.5182923279305279,-0.1880996843494039,0.2624539844188465,-0.6274195808669429,-0.20303081834126938,0.24247267763867072,-0.7349733348328823,-0.21086571033333565,7,pause track
0.0,0.0,0.0,-0.11281462262019709,-0.126256245317929,-0.04919458733242084,-0.19443612386159087,-0.31186915804440457,-0.0936097394903152,-0.26674570755540533,-0.45028679515134074,-0.1420092887424947,-0.33889087839138127,-0.5748261184118415,-0.1911251199017852,-0.04882197280926491,-0.5186170019908041,-0.034896477710740545,-0.13689629523027003,-0.6642570909494556,-0.13310159638224003,-0.23241709771004546,-0.6697303378119451,-0.22072977112619385,-0.3189436522691763,-0.6472966286857625,-0.2707342021851912,0.037376104661962145,-0.5387174848821052,-0.057141984491411286,0.03351540070160642,-0.7660024331429547,-0.12669720831601972,-0.014784885507850261,-0.8988598756207666,-0.18575335858407263,-0.07701591918083071,-1.0,-0.2233286342928608,0.11441935626021131,-0.48916130198249275,-0.0925690071460807,0.15472937281026897,-0.6866293718620015,-0.15773604447379583,0.13732517711685388,-0.8156917221263729,-0.19519695284158753,0.09845192534568535,-0.9367847203977369,-0.21557389755703196,0.18068722064456533,-0.3887095082786546,-0.13266150611274796,0.2473693942745837,-0.5279411215104451,-0.17989058991059295,0.26057876114981343,-0.6360950091563599,-0.19255614975380528,0.24418963008083144,-0.7436063758162771,-0.19767895597867968,7,pause track
0.0,0.0,0.0,-0.10761955410025574,-0.1152863904734813,-0.0511733496335294,-0.191059154536864,-0.2926890936886071,-0.09656424575427945,-0.26253781103836904,-0.4269851852086091,-0.1448849430983741,-0.3344622050477779,-0.5476384367619879,-0.19396363996648378,-0.05627855377014601,-0.4995231213614545,-0.04243763090104629,-0.1419332303911587,-0.6417265165283785,-0.1378890846625168,-0.23446363492750716,-0.6481186976160468,-0.2214646783478929,-0.31545470381622526,-0.6274032462944461,-0.2692659186035719,0.02866702624475499,-0.5215780537659526,-0.0639330498207474,0.022660568962893108,-0.7502499196036373,-0.1290495320856329,-0.020142468266637924,-0.8890085420190095,-0.18574509687368967,-0.07194536099582324,-1.0,-0.2236824011846808,0.10520601335920132,-0.4729790540493163,-0.09815139506768282,0.14146460105874345,-0.6723627208906391,-0.16074543715756753,0.12437808824805223,-0.8063966907083528,-0.1990019896157989,0.08933421087618768,-0.9317897873315131,-0.22192559114186552,0.1716970706301466,-0.3734649244315438,-0.13688169830255198,0.23608579223380075,-0.509601436149202,-0.182874974224381,0.25340177324334806,-0.6171743129256041,-0.1959947050660206,0.2424488945173599,-0.724789123674835,-0.20289645266777542,7,pause track
0.0,0.0,0.0,-0.11086720294447643,-0.10688202046753621,-0.04962244913391918,-0.1958956874647044,-0.2765158841210438,-0.09434144694635696,-0.26611133801472103,-0.40507835196850017,-0.14226019623704722,-0.3399709548277575,-0.518319253605672,-0.1918733973154019,-0.07069217078343813,-0.4844697353246787,-0.047932724662104347,-0.1567947966056428,-0.6191177579899708,-0.14150984846290365,-0.2469330296071834,-0.6139429059171554,-0.2219584431291662,-0.32258951913726186,-0.586384650774957,-0.2674936483379972,0.010951130852102716,-0.5068313239338608,-0.07045328784894554,0.003876721796315463,-0.737516522244973,-0.1340924817740601,-0.03567894279378675,-0.8820346027627572,-0.18901262793773924,-0.08068876609665912,-1.0,-0.22572087686179704,0.08684384176429374,-0.4609948617092343,-0.10474990062732625,0.1150456574613269,-0.6723106542231367,-0.16621789317371255,0.10124002634045101,-0.8135715164311815,-0.20415014738217047,0.07608340055494356,-0.9444969456357828,-0.2268225920492145,0.15228722236682135,-0.36644378766986907,-0.14317935973065,0.2085742381418701,-0.5120647556474648,-0.18827924413439828,0.23184652949607237,-0.6264835701776621,-0.20015867880688576,0.23620031518836887,-0.7396386410882494,-0.20614160032715656,7,pause track
0.0,0.0,0.0,-0.12027441171247849,-0.09815674641499897,-0.044572486789505754,-0.2178566199985193,-0.25854744625907977,-0.08424746882344727,-0.3010268068622272,-0.375347005165207,-0.1276590883404595,-0.3839986851795465,-0.47368758708180553,-0.17274351872594906,-0.1076471672076431,-0.4815671858222053,-0.038143349808816694,-0.20993652456548859,-0.5969125516367622,-0.12805367885905652,-0.3043675056764952,-0.5790669395021161,-0.20566512060811287,-0.37690731072458183,-0.5423080498518461,-0.2502616684807701,-0.03314035012521967,-0.5153943097554445,-0.06186363953551551,-0.06353235254333146,-0.7421714048260925,-0.1266158201293334,-0.11162252295230074,-0.8832323096251871,-0.18011464739521382,-0.15990633991726985,-1.0,-0.2150540561323683,0.04217347836808627,-0.4815699691000494,-0.09720502752416864,0.051751154921141386,-0.6960389224706823,-0.1615915854333258,0.028683348149649058,-0.8400785608004262,-0.1990094682996344,-0.0032241490545483493,-0.9749400621116283,-0.2200547018528281,0.11103956540786432,-0.3951294307695819,-0.136201559490393,0.1591688408705425,-0.5499054938008052,-0.18222981678828667,0.17802053836386683,-0.6671628323303328,-0.19286873978779182,0.18006513426810647,-0.7810953367293034,-0.19748717187831738,7,pause track
0.0,0.0,0.0,-0.1276673725332687,-0.090004456989829,-0.044541433596644045,-0.23975982661790887,-0.235431337774154,-0.0859847774465058,-0.33361259224913326,-0.34197275384624487,-0.13232235873945072,-0.4242995874453588,-0.43391020462192986,-0.1802906021938085,-0.14031920404488082,-0.4807912212568536,-0.03066397097461468,-0.24901555022638894,-0.5856117176534565,-0.12282912016323579,-0.34406573464612294,-0.556796522306025,-0.20435383622098627,-0.4174499516422813,-0.5105030744171195,-0.2508954831419193,-0.06879178610598256,-0.5301594150056569,-0.05458922076803784,-0.11731445944369374,-0.7541178575386502,-0.11696609834166456,-0.1853199714711741,-0.8890133557013199,-0.1716220638008335,-0.2505008725867073,-1.0,-0.20796141554368017,0.009811806325711206,-0.5105873780765631,-0.09088701880612951,-0.0007045272891456993,-0.7285295052945839,-0.15114886714121625,-0.037347836095276574,-0.8665602375580692,-0.1871616609155444,-0.08059985048884799,-0.9931954381638868,-0.20803468813503365,0.08609332239772173,-0.43512654424908415,-0.13158712161422303,0.11950942283333203,-0.589279511266702,-0.17328771855572425,0.12665828549003255,-0.7055651592407732,-0.18201911942612667,0.11710114342499761,-0.8162530150064167,-0.18563334661104705,7,pause track
0.0,0.0,0.0,-0.14214239844478505,-0.08036585197678153,-0.03653810989502217,-0.2701083455610507,-0.20387217131703783,-0.07180781796380864,-0.3738574411886009,-0.29288985898684977,-0.1123964187053905,-0.46338459141273747,-0.37001582198623434,-0.1521907435470178,-0.16377412021212182,-0.4615635488961076,-0.01721093958418532,-0.2965436018768012,-0.525995811986068,-0.10851756011476565,-0.40331286431690716,-0.48411041241374075,-0.19022810854157343,-0.47482471630534656,-0.43110782479606213,-0.23417511832265736,-0.10722853934306271,-0.5190532029037161,-0.0372646667093735,-0.18403106790374535,-0.7245369307393938,-0.09226602806625134,-0.25111144157501625,-0.8646241343508273,-0.1307404649455682,-0.3071887888951238,-0.9828060830696217,-0.15379913680576265,-0.040324952803451525,-0.5207808403978286,-0.07087249710333939,-0.07371945197268706,-0.7408083131323054,-0.12266484903043286,-0.11365578585825212,-0.8801664741935571,-0.13898507535492532,-0.15443105891866554,-1.0,-0.14214676250553615,0.027406910237204686,-0.46880577911233384,-0.10989161445999716,0.03791604153779641,-0.6375862379286092,-0.14473294072317214,0.026597115704085496,-0.7607866806996931,-0.14257502879884812,0.0033631494865638224,-0.866806428255915,-0.1341269390310769,7,pause track
0.0,0.0,0.0,-0.1472143046989485,-0.07038995154594255,-0.035177722165343726,-0.2751777530541782,-0.21099210681152672,-0.06649715055342816,-0.3797325794409057,-0.30518186495389327,-0.10298914088784988,-0.477804628929804,-0.36823675620115115,-0.14020881252557724,-0.1817990826399832,-0.44764695684917094,-0.015210752285863023,-0.3032311696915281,-0.5220839824323807,-0.10115792875989961,-0.40288921772624003,-0.4862103584880895,-0.176695753601894,-0.4733267778076193,-0.43638081168300913,-0.21744203795784775,-0.12697698277177452,-0.504465199659254,-0.03654020717614835,-0.1978025907547291,-0.7113416426840703,-0.08751366580102007,-0.2650099500444962,-0.8488821439203935,-0.12542577849286313,-0.32060647279513754,-0.964378847674086,-0.14887326972867546,-0.0585884020449504,-0.4995948395135788,-0.07136016988813965,-0.08061470356507072,-0.7276314990617354,-0.12307109901645663,-0.12224101392378885,-0.8735421105860541,-0.14652434963036626,-0.1650037950903541,-1.0,-0.1563477923659764,0.009338173743551151,-0.4421012246685822,-0.11071253662135835,0.02541598742019384,-0.6074250355513079,-0.15113425693173813,0.01277839579031807,-0.735122907742535,-0.1574938476154378,-0.01209214977073667,-0.8512215841346333,-0.15665409369371086,7,pause track
0.0,0.0,0.0,-0.13939781653508565,-0.07126332262521354,-0.03900759032886649,-0.2638054324107386,-0.21060196989537824,-0.07560354873196296,-0.3667036550430455,-0.302671306750765,-0.11699405131569919,-0.46403324458410417,-0.37212650066735226,-0.15967559925089142,-0.1740955837811233,-0.4513299885309658,-0.024816347614651173,-0.2905463689922802,-0.5261431869602424,-0.1117119777753752,-0.3909741172628396,-0.4939314391372687,-0.18751783690504922,-0.46330164638304583,-0.44737033930877557,-0.22907162390255775,-0.11701075753254501,-0.5049922404235595,-0.04767716993228957,-0.1821674619039213,-0.7181494822899388,-0.10369583780036074,-0.2502411760245018,-0.8560355766233928,-0.14647848990405918,-0.3087365415305569,-0.9726759135506929,-0.1732297548484124,-0.04681962400137861,-0.494604638324192,-0.08335568525009189,-0.07231541517602716,-0.7217530655806224,-0.14004161787289454,-0.116770579332925,-0.8694918578539986,-0.16780430087485315,-0.16125361256371462,-1.0,-0.18062888893247883,0.021765606663873692,-0.4342102545167681,-0.12323492953323804,0.03299768371584104,-0.6100145346323309,-0.1655255489360094,0.0227976026714538,-0.7435445106572249,-0.17274967854036727,0.003160268951968071,-0.8665113374263527,-0.17321118130105112,7,pause track
0.0,0.0,0.0,-0.14495795762056515,-0.06844617180479105,-0.035302658194591836,-0.2742403905980991,-0.2110073143400493,-0.06833334634377153,-0.38751101306484936,-0.3039812972729294,-0.10731359267964073,-0.4902805199187989,-0.3709925001325695,-0.14636086270578946,-0.19441135841721358,-0.4642875881482423,-0.009189165544400359,-0.32375031708252455,-0.5468857494123917,-0.09607885863789874,-0.43083424499660217,-0.5245758719542064,-0.17141763149599842,-0.5025595013315017,-0.484714068865917,-0.21087569216401172,-0.1384696761371912,-0.5268609648571124,-0.02987662721641621,-0.2133604059663703,-0.7375039403581238,-0.08164740631808591,-0.2837603517912557,-0.8712158745398368,-0.1149519585387969,-0.34064806980866474,-0.9808848732642311,-0.13343162601104788,-0.06681539172091756,-0.5251821239471216,-0.06471040741515997,-0.09507613688338905,-0.7452875555480313,-0.11260061585083535,-0.13842420373984585,-0.8827010827887256,-0.12348896390579903,-0.18081343263012487,-1.0,-0.12373220625282953,0.004286787834048976,-0.4699088159505417,-0.10522416225569667,0.010696507006317026,-0.641277701609569,-0.13529015284808726,0.0002115515839575061,-0.7674786451128436,-0.1302351350949638,-0.018699998726772873,-0.8829236876631147,-0.12115482202660253,7,pause track
0.0,0.0,0.0,-0.14871982603605086,-0.05474437300960054,-0.04312909535277086,-0.2843623220275109,-0.19613103695431752,-0.07804423902627859,-0.40547242104193126,-0.2833583230437614,-0.11730343640536589,-0.5141078974415844,-0.33880418617379776,-0.15596522953592937,-0.20823216158579894,-0.448394165198403,-0.015038699704641948,-0.3338674319489825,-0.5141577438453518,-0.10274223947839668,-0.4347059366716842,-0.47625263417591257,-0.1785248752736173,-0.49972577477028474,-0.42526165336460775,-0.21836041294514194,-0.15515855321933208,-0.5192578990622926,-0.0319277635051684,-0.2345297100318478,-0.7246923612276469,-0.08105537836734975,-0.3064927251203962,-0.8589907545422361,-0.1116609565159745,-0.36274047126834386,-0.9680223068257579,-0.12859496827846562,-0.08349839703906761,-0.5231444483672817,-0.06391248164440774,-0.12063536802573027,-0.7426372066019321,-0.11009848703552035,-0.16929329911013669,-0.8818785849418075,-0.11959586341346362,-0.21336851145266633,-1.0,-0.11928092795370511,-0.012341465508073822,-0.47255174872315847,-0.10234855265145003,-0.009105369766853947,-0.6411507686392471,-0.131962960964486,-0.02140328968062527,-0.7662427692085603,-0.12595472783677608,-0.039532328718270435,-0.8797147469535411,-0.11635072776088633,7,pause track
0.0,0.0,0.0,-0.14217584588906387,-0.05840024968364386,-0.04069840684844691,-0.2756928387186459,-0.19186973487086426,-0.07407206516205367,-0.3915249395499677,-0.2809177843069038,-0.11197130406896753,-0.4941208259802634,-0.3451566543851379,-0.14993225127220985,-0.19540685097382748,-0.4406093536764271,-0.01097564630190522,-0.31898221554850775,-0.5049441341109072,-0.09730381005785667,-0.4203348820595238,-0.47447879124584247,-0.17379706132185258,-0.4892622056256071,-0.4254997201524458,-0.21468616616013414,-0.1417522016521781,-0.5074186626130484,-0.030796510302052837,-0.21856303978407018,-0.7255790579151897,-0.0846872691636568,-0.29214859096119594,-0.8581941629081121,-0.1248619778299252,-0.3541553936424722,-0.9642695366056367,-0.14814489671875036,-0.07103115475449255,-0.511811122833488,-0.06485665404778533,-0.11070058693970847,-0.7338929641801327,-0.11848782925810476,-0.15965500914040154,-0.876790168864882,-0.14210747577508195,-0.20688249411542112,-1.0,-0.15068022123278332,0.0005908160566742764,-0.4631735559518504,-0.1038353190885431,-0.00434171655026491,-0.6373857329317262,-0.1376697455910876,-0.01752377912416425,-0.7627836696817036,-0.13736379465298726,-0.03831126442691772,-0.8747120881956659,-0.13236062024740597,7,pause track
0.0,0.0,0.0,-0.14527611787134945,-0.054300854794140624,-0.037542294363687057,-0.2767568545863969,-0.18453690884493845,-0.07223137283188309,-0.3903924273203528,-0.26767017682336947,-0.1124638697991019,-0.4903042944287121,-0.33532383696812307,-0.15279485059322329,-0.19691275199633654,-0.44326303397281747,-0.014330972885717181,-0.32149408451134953,-0.5067095546678995,-0.10238614188772094,-0.4256656531252311,-0.47125036793439096,-0.1789705566812341,-0.4963824782953311,-0.4165278962483676,-0.21965544982570523,-0.14487183492390399,-0.5044405215685018,-0.03629743868953569,-0.22397736648216232,-0.7189557952780754,-0.09442873270737397,-0.3012048014103372,-0.8514009386166141,-0.13525976978738335,-0.36661882366184917,-0.961090106061331,-0.15809689556367054,-0.07610030013428205,-0.505149433760012,-0.07179007400404,-0.12167539229748055,-0.7288594093198094,-0.12689017687407983,-0.17450200500351226,-0.8735158551546603,-0.14655891465051835,-0.22447728271241563,-1.0,-0.15123593251608103,-0.006035639907933687,-0.45520849439731326,-0.11222720873070612,-0.016696608913654678,-0.6383080699331727,-0.14740115980627408,-0.0326791647701486,-0.7698913603270962,-0.14604535535373078,-0.05356083377459097,-0.8871898657456344,-0.1390678989723281,7,pause track
0.0,0.0,0.0,-0.1503744479553727,-0.05137365381564478,-0.03841942809382848,-0.29001700049182555,-0.19095267000830815,-0.06901475637107216,-0.41200419778941305,-0.2799976290096098,-0.10627512540229594,-0.5160278175543557,-0.34239115801378933,-0.14100393595093033,-0.20661295822440198,-0.44912898710735233,0.0028160905815465824,-0.33614435379825625,-0.5037092246312583,-0.08351691876983774,-0.44134578499314175,-0.4609021295587407,-0.1592684717136593,-0.5085620065965447,-0.4031874324078873,-0.19823947931806857,-0.16222029561317058,-0.5173220799965185,-0.015275903238236452,-0.2436399248179093,-0.713387359457317,-0.06677395818025664,-0.3199421018610273,-0.8429848095837085,-0.09824380708579468,-0.38045969448704053,-0.9530128721145766,-0.11312378150854215,-0.09750568840756808,-0.5242211325624472,-0.049154971686959814,-0.14094278765320958,-0.7404825107496843,-0.09659302439745963,-0.19121456371807452,-0.8795710896463589,-0.10056161645855473,-0.23677367353515635,-1.0,-0.09285848853981359,-0.029812944225744112,-0.4807777700796639,-0.08992729355742846,-0.03768150715955803,-0.6567359275231112,-0.11885380409041767,-0.05864546584569618,-0.7831015795690364,-0.10865311350718179,-0.08406878480737544,-0.8958381370317512,-0.09316730002987063,7,pause track
0.0,0.0,0.0,-0.15157808078948853,-0.05405824326844615,-0.039211352312672754,-0.2963272990965614,-0.18580031068191877,-0.07126458361698443,-0.41516088756767416,-0.27534594046078004,-0.10849783172760583,-0.5188999450375419,-0.34838762782043475,-0.14514485425015233,-0.21897981286075327,-0.4360239745895988,-0.007873360333072827,-0.34787399476345776,-0.49714053432850436,-0.09072313507809597,-0.45181257744032,-0.4560757446444323,-0.16382408655670927,-0.5209680141846383,-0.3988480659174827,-0.20265836406342433,-0.17070658163086258,-0.5017326294220896,-0.02761860297208432,-0.25126234979232376,-0.7148157987779947,-0.08147770797450203,-0.3313396103150811,-0.8406632756791026,-0.12126748507276781,-0.39781611641442555,-0.9442754325510812,-0.14474981358710762,-0.106918244642668,-0.5085093651422278,-0.06161660959657781,-0.14881205835400174,-0.7426492443736619,-0.11493470095769451,-0.20207239326251494,-0.8838200326258999,-0.13637291457707984,-0.252275822363029,-1.0,-0.14364957000596504,-0.04197657497082666,-0.4653503948129092,-0.10060084376911245,-0.053042525237212056,-0.651666648168349,-0.13524256578584654,-0.07156026081473135,-0.7867140334803298,-0.13636335533082833,-0.09568773419752341,-0.9077471788515086,-0.13261837626076592,7,pause track
0.0,0.0,0.0,-0.15211437564985159,-0.04573247735787751,-0.036794214938450684,-0.2922599095213083,-0.16705800574784677,-0.0686122046705901,-0.4115962169894998,-0.26198215342018133,-0.10737230649927451,-0.5189295656686371,-0.3371570734523114,-0.1453968452619533,-0.2211169940908958,-0.4206132259160781,0.002632167564082324,-0.3518562878947028,-0.4925733686472324,-0.0795865545597272,-0.4601366286676735,-0.4727960000065768,-0.15115805110319025,-0.5340736924900713,-0.434332690875347,-0.18900259022506202,-0.17415687349311265,-0.4969466698319495,-0.01865984398530045,-0.2632256378300038,-0.7071051789179513,-0.07312040084763835,-0.34679957144734413,-0.8314559913328248,-0.11162107585221995,-0.41546569940883665,-0.9378612561409039,-0.1332434269777904,-0.10809919493972957,-0.5143376816343483,-0.05459847258960927,-0.15972901418091412,-0.7431411528552112,-0.10650535816121877,-0.21374487406933917,-0.882174073778494,-0.12260592328309838,-0.26366400505500903,-1.0,-0.12543821221642545,-0.0373281201444917,-0.4844248099660373,-0.0961483870409679,-0.055322867073423224,-0.670925749116594,-0.1277033097999293,-0.07673759927291243,-0.8021120737792529,-0.12521566907437462,-0.1023583043712902,-0.918117024318757,-0.1181717316134163,7,pause track
0.0,0.0,0.0,-0.1548474884135774,-0.04887127981869201,-0.037952790245728736,-0.29504190847292977,-0.17620310225207547,-0.07160482138640498,-0.4134490320351452,-0.26381699056704094,-0.11169714872052665,-0.5215361362581818,-0.324706343704085,-0.15261208571331628,-0.2210320274810496,-0.42588646152106985,-0.006729135725339407,-0.34882021748911934,-0.48974669060858694,-0.09161446063855101,-0.45301962307123145,-0.45058683358310975,-0.1688454517363336,-0.524646244076658,-0.3970650816374562,-0.21115694663632778,-0.17661556069407724,-0.49394178511221737,-0.028666769109309286,-0.2597348463196323,-0.706862917603794,-0.08319815767256095,-0.3440279587809803,-0.8355562105556278,-0.12835947503595643,-0.4153321111159722,-0.949384681364996,-0.15671369368172214,-0.11332943952467006,-0.5035388206230499,-0.06434545221534234,-0.15881240326019722,-0.7360351234740778,-0.11712965048407709,-0.21798399919271064,-0.877717248816609,-0.14297727238141786,-0.27321150119097537,-1.0,-0.15454341693922413,-0.04773475179524485,-0.46365910929286497,-0.10501745993568555,-0.05896067242605463,-0.6500118315153888,-0.13991495366625975,-0.08067413771245234,-0.7837858741605771,-0.14227047904781415,-0.10682603393233905,-0.9055118256076146,-0.14011088419977646,7,pause track
0.0,0.0,0.0,-0.15232191143553275,-0.04592701606558619,-0.03925074184351843,-0.29161639243431314,-0.17405163742269178,-0.07279121412435324,-0.4140790539338451,-0.26395536988668594,-0.11358400335806917,-0.522223368951198,-0.33398746774174026,-0.15362848686215594,-0.2172034572967601,-0.42736186293800726,0.0015846529770258294,-0.3431782329612162,-0.48715916608307125,-0.0841469870204783,-0.44885010342034837,-0.44470437449918276,-0.16079699806334818,-0.5163134488359826,-0.3872791735117927,-0.20242835726298283,-0.17347053649086097,-0.4982960012316997,-0.019612424057834435,-0.2537715923245742,-0.7034659839912876,-0.07395800362695037,-0.3377389525424695,-0.8326185292979636,-0.1148247319349992,-0.4076967696905042,-0.9452924382305327,-0.13957531241773855,-0.11054986464187588,-0.5098499536225494,-0.056402919260595714,-0.15301702007537785,-0.7393507234999429,-0.11000067504619407,-0.20850060862676545,-0.8790210004540786,-0.12875864403531662,-0.2622440178815103,-1.0,-0.13415741657835614,-0.043973853191129106,-0.4728029146408933,-0.09898197160015491,-0.05406086736179266,-0.6563227230246506,-0.13494443254503155,-0.07596765668999443,-0.7871331954915938,-0.1350100016185406,-0.10454728072745247,-0.904845731042542,-0.12991113376974242,7,pause track
0.0,0.0,0.0,-0.14427651015319004,-0.049084521247741285,-0.03994045055471868,-0.2777797223266873,-0.18191822450610942,-0.07242606060255698,-0.39409583580147745,-0.26806751679878027,-0.11063275983185607,-0.49917252550908964,-0.3267297540732622,-0.14848752201073095,-0.20778791185246603,-0.4331470941615231,-0.005944481921595009,-0.3308064936063123,-0.49586948425708804,-0.09097620827327,-0.43335220779258093,-0.44896970724388074,-0.16766236508835486,-0.4997024840168419,-0.39052910501040816,-0.20905599042313383,-0.1623380681430451,-0.49649396743244817,-0.02523912409773113,-0.2371729046525923,-0.7027975318188969,-0.07913422648247585,-0.3153806229198451,-0.8300611037490344,-0.12025203242878597,-0.38131799449935,-0.9421137139261054,-0.14441861871955508,-0.0981955551138237,-0.5030751045664851,-0.05897594729376458,-0.13758977965989796,-0.7329648427661333,-0.11314952400205062,-0.1921573193470347,-0.874969006030837,-0.13459967704711953,-0.24485617655523118,-1.0,-0.1407260999209006,-0.031540938845772505,-0.4604183913201083,-0.09787619882406834,-0.039884446777322675,-0.6455658658005704,-0.13357401093880686,-0.06012722269286836,-0.7749541041108728,-0.13296955099398575,-0.08539296434777685,-0.891949848313213,-0.12658683403440582,7,pause track
0.0,0.0,0.0,-0.14574076166342514,-0.058727359787377705,-0.03190344234614017,-0.2779222115516532,-0.18329217542415513,-0.061965085478149454,-0.39246645495899,-0.2639423089856055,-0.09876947394021558,-0.49218241830962045,-0.3326076898038678,-0.13633018521882773,-0.2118752673246552,-0.4373806622388289,-0.0035628101775521267,-0.34020613252846754,-0.498363166092339,-0.08776826576727705,-0.44451053023761294,-0.46234589322078123,-0.16491854795451055,-0.5167770263545122,-0.41217184637608645,-0.20771273621562925,-0.16686653808182622,-0.49989441516763106,-0.0281200229813439,-0.2502463758174418,-0.7164216022531937,-0.08547735231724893,-0.3291297119753375,-0.8432206467440866,-0.13104778278055787,-0.39661889793645544,-0.9474727564231894,-0.158926659156187,-0.10365531999601871,-0.5028958489693037,-0.06571764691910668,-0.1467931129098642,-0.73552519375153,-0.12088143454967544,-0.19694301647123386,-0.8766485020404101,-0.14662801010402943,-0.245563688501879,-1.0,-0.15705316727075125,-0.03797092852781118,-0.4538835715380953,-0.10750017948900116,-0.04479406250084064,-0.6386287153083212,-0.14276915348688676,-0.06424749622719166,-0.7681713514051526,-0.14413990689182948,-0.0896594788278873,-0.8831301329696373,-0.14095513713401553,7,pause track
0.0,0.0,0.0,-0.1524841605299659,-0.05944559667108597,-0.02711837284212278,-0.2828156244120362,-0.18798978747981782,-0.056967365461947056,-0.39916199440586675,-0.26523796944119926,-0.09578574086066852,-0.5036929251278752,-0.32105336851270877,-0.1355449180860703,-0.2131078724791396,-0.4477356285250478,0.009422146158609578,-0.3370611260791186,-0.49927584743352454,-0.07690802795489149,-0.4383899446712435,-0.4576203930988917,-0.15671066458946353,-0.5064368699216341,-0.40178414182451444,-0.19952052764039926,-0.17126044114236708,-0.5078435048327886,-0.01771884073820798,-0.2512971095701903,-0.7159465067842813,-0.07173463915333117,-0.33800238084299233,-0.8407147396769973,-0.1146087936477808,-0.4142053546816135,-0.9454367586187282,-0.139895593478666,-0.10775440781384685,-0.5114679595305917,-0.05886261705300432,-0.15300567070529397,-0.742021468607658,-0.1088883763603338,-0.20954980299112203,-0.8802417652258,-0.12900782940089947,-0.26310352428208256,-1.0,-0.1354788319857522,-0.042516684497009315,-0.4620213701579134,-0.10485897871962724,-0.05046499728716259,-0.64021404068381,-0.13450418805933573,-0.07370877690412746,-0.7678865410447925,-0.13141401978410963,-0.1014432322363844,-0.8820584364867881,-0.12457594151492177,7,pause track
0.0,0.0,0.0,-0.15486062812306817,-0.058597297505304936,-0.031120046382263598,-0.29608656438295144,-0.18195955869444091,-0.06530027301828227,-0.41891799486654396,-0.25512872121475005,-0.10741281129132865,-0.5271260271611392,-0.3086162544781193,-0.1499027023836085,-0.22616335342287738,-0.458310868108768,-0.007524465578033976,-0.36240954651161555,-0.5071189196263366,-0.10015947271837551,-0.4652293297176174,-0.45328494724145013,-0.18445140407037122,-0.5387073720812202,-0.39050966770146794,-0.230838690946294,-0.18132434937151162,-0.5147136255769109,-0.035380096237860766,-0.2765692525348966,-0.7324341568828707,-0.09696571933351847,-0.36970700570979054,-0.8576718993113422,-0.14599857678594957,-0.4515181715618453,-0.9593961858357897,-0.17550030809488865,-0.11780370081250756,-0.5120641181922035,-0.07590698747519958,-0.17475463222231405,-0.7496316246994638,-0.1307427090797291,-0.23933084191303342,-0.8835759553941898,-0.15347558635806818,-0.3042347642862691,-1.0,-0.16180734437700955,-0.05099095846383616,-0.45810884955469733,-0.1211527595737276,-0.06728487559863425,-0.6324373843562592,-0.15384314592357223,-0.0998804416176664,-0.7516622374618865,-0.15117590516859883,-0.14067379004328007,-0.8578770389385798,-0.14450098480029802,7,pause track
0.0,0.0,0.0,-0.1668707747556909,-0.060468450631544025,-0.023916736265092137,-0.31165921070348834,-0.18425032778906558,-0.054591671440714105,-0.43882643615992944,-0.2473842695851616,-0.09438227854442785,-0.550056342859464,-0.2973446640904916,-0.1356238976381127,-0.24659366417399037,-0.4641210325863328,-0.006941531636703007,-0.3880011148213314,-0.5206663953583714,-0.1023729597815034,-0.49014699543615314,-0.4556136369278172,-0.18922193270909793,-0.5588633373477934,-0.37787704017193224,-0.23637413591048567,-0.20700005491360135,-0.5045260091126489,-0.03832128147515923,-0.30047812445227445,-0.7323262830788627,-0.09652039226974399,-0.3965944916392161,-0.8519213366421913,-0.14360004181565364,-0.479408640692784,-0.9410724400670698,-0.17267225207306303,-0.14413797305622778,-0.4944855460631085,-0.08259737775374722,-0.20819717142296185,-0.745392936907281,-0.13596600749390056,-0.2788501016653866,-0.8845840219473867,-0.16206657385623555,-0.34469342789505636,-1.0,-0.17419302032186829,-0.08001844495212361,-0.43926262317007947,-0.1310090112378046,-0.09800385297898764,-0.6199774177217475,-0.16953734364713507,-0.1321301738203543,-0.7474090935419349,-0.17368294442826226,-0.1705756374679263,-0.861493003029275,-0.17171857959433076,7,pause track
0.0,0.0,0.0,-0.17697545021649475,-0.05921761453433451,-0.02144998369327856,-0.32620578204419776,-0.19217387022408056,-0.05391990683086748,-0.4602041124806498,-0.2543492956324255,-0.09759182427021763,-0.5800508894313854,-0.2962290989000578,-0.14365149690860488,-0.2602055461174466,-0.47705012399399993,-0.005539521844652215,-0.4154969281215026,-0.5242856515084509,-0.10574736716198149,-0.5246199460017584,-0.4522358968317562,-0.19973708253209507,-0.602322320197792,-0.36691783360027025,-0.2532305125798134,-0.2212369605279274,-0.5150390058289802,-0.042265832403924834,-0.32093642662288463,-0.7470539542975289,-0.1046540437955405,-0.4240962556211808,-0.872837740675673,-0.1616543422880714,-0.5162405726693351,-0.9637086532135436,-0.2003170431569488,-0.15859264238896248,-0.4928436591023626,-0.09170778733287722,-0.21759435433829402,-0.7368964817618024,-0.1468078255735805,-0.2848756694070946,-0.881105773411211,-0.18019297046283672,-0.3502257822124943,-1.0,-0.1997028583493226,-0.10170453181941287,-0.4250019400845783,-0.14528177179599427,-0.1188615801856435,-0.6063320620714867,-0.1850778930604744,-0.15762828789795497,-0.7338263173953438,-0.19394483925515044,-0.20287402103643837,-0.8502740895393445,-0.19795647056864535,7,pause track
0.0,0.0,0.0,-0.18618327122743064,-0.06451351815100313,-0.018072270744372874,-0.3462848961250449,-0.1890854406713265,-0.051750234760045574,-0.4833560497408387,-0.24052078308474784,-0.09732012555132118,-0.6089493000540661,-0.26776137088393265,-0.1466995285414695,-0.2884318718211868,-0.47075313793985385,-0.015095561823704397,-0.45243370424208673,-0.5132933071312253,-0.11442040041445617,-0.5595395152178347,-0.4365660238085217,-0.20403235857957477,-0.6343975916291388,-0.3467720578475206,-0.25537996493930554,-0.24312939287298344,-0.5133043146065961,-0.055761857561383306,-0.3586967958534193,-0.741806553332837,-0.12250201194122538,-0.467835185718772,-0.8622077758101017,-0.18140956857306742,-0.5639143391791661,-0.9487378634490305,-0.22242089251335512,-0.17713480272337892,-0.4888976660914721,-0.10775267279443422,-0.25203071733126997,-0.7389844308973359,-0.1691174156080097,-0.33034226773417597,-0.8852289393002483,-0.20925253236818592,-0.4044170327731392,-1.0,-0.23389533574553836,-0.11142373600189069,-0.4145625661662582,-0.16233134751058706,-0.1446146736121678,-0.5950433985903957,-0.2079990156416796,-0.19734938374325386,-0.7230946545757104,-0.22280354392279758,-0.2556249413204438,-0.8300397240361175,-0.23200787746872625,7,pause track
0.0,0.0,0.0,-0.20355137649188657,-0.05433664944563491,-0.006476319579950658,-0.3725211262073993,-0.16931759277536015,-0.036981889301090476,-0.5131140092342831,-0.21423492809860917,-0.0824493316096748,-0.6437074729165728,-0.24336148355255474,-0.13207599070976386,-0.32206763094964413,-0.4795275801160566,-0.004616295646219353,-0.49253189118619267,-0.5002886348300474,-0.10515287862701896,-0.5969995436014652,-0.4064469340209557,-0.19804843277034231,-0.6693251683816034,-0.30230968807462455,-0.25168715303968514,-0.28006495722618036,-0.5195079901908173,-0.05358894867843828,-0.4067568990495873,-0.7465732020250823,-0.11984023335736292,-0.5293822639060198,-0.8576282038042917,-0.1809050051293167,-0.6393042258509141,-0.9332302148018712,-0.22429323184156452,-0.21228219920441746,-0.4932540707668274,-0.11334544181942513,-0.29641696678481794,-0.7469696728590829,-0.17494374364782944,-0.38501596717722586,-0.8906353318149391,-0.21580063866837923,-0.467310539589695,-1.0,-0.24199194295585072,-0.14842161609096008,-0.41403083534136276,-0.17484008692385677,-0.18698669977474633,-0.5986056144468419,-0.2227772429955655,-0.24131331894842797,-0.7278512127233618,-0.23776991793451205,-0.298714364602163,-0.8364256478370671,-0.24718453433459073,7,pause track
0.0,0.0,0.0,-0.18189090950428138,-0.042311555924004,-0.02193804230781504,-0.34657992414041094,-0.15475185649367812,-0.05492200629565758,-0.4851778073004615,-0.20540917085559446,-0.09881823845060787,-0.6070515122351129,-0.23862051833206532,-0.1459797017860593,-0.28529452721996457,-0.4562521805577915,-0.0037398113905898903,-0.4360654604493834,-0.4800064060545909,-0.09816702797878155,-0.5406075236703884,-0.3987568375689023,-0.18473284233259002,-0.6114946050889685,-0.31501472539975567,-0.23370817032943916,-0.24409191083480822,-0.5110794486179088,-0.04091759851801855,-0.3620376235342932,-0.7204999263604632,-0.10569256443152245,-0.469733481715746,-0.8316389552982101,-0.16031324893316667,-0.5639930081725676,-0.9210638497412419,-0.19584252829716178,-0.17541205123974374,-0.5071646003295641,-0.0905387012646479,-0.24638422351914738,-0.7399469494424877,-0.1552103989075642,-0.3259295925786058,-0.8784267251503342,-0.19157693096684159,-0.40180790495768776,-1.0,-0.2103774557551133,-0.10315862624900929,-0.4512629138755109,-0.14291085141039733,-0.12236993594446927,-0.642174708421705,-0.18688719581674315,-0.15844411444570325,-0.778271605681261,-0.19513637027657918,-0.19960100912077067,-0.9029113278002542,-0.19783994848937353,7,pause track
0.0,0.0,0.0,-0.17142971267728205,-0.026776050094505104,-0.0328332918846465,-0.33277737928502465,-0.1392267578629608,-0.06669173532521028,-0.47191774826287375,-0.19116343264301547,-0.10960712967156129,-0.5944936328034701,-0.21225064929767068,-0.15399370059798329,-0.28763576610326214,-0.4290208863083178,-0.0029833625616328117,-0.4364016755959261,-0.45721145347493236,-0.09457029010247738,-0.538548607239499,-0.38330676085448934,-0.176968969070672,-0.6009296684842469,-0.3033466025754341,-0.22232321874092395,-0.248253142804694,-0.5047420826477748,-0.03117572905404861,-0.35709170734692214,-0.7032648454603555,-0.09145855863635644,-0.46002671978896126,-0.815958444949076,-0.13871198274671664,-0.5473632055588039,-0.9037495240750058,-0.1680989382375313,-0.1805608436110469,-0.5168052514923648,-0.07387244489538201,-0.23484756802327952,-0.742617893419997,-0.13137543961091486,-0.30820120748969965,-0.8809786377666879,-0.15809361382665843,-0.37777706483458207,-1.0,-0.17004652317314545,-0.107013434682694,-0.471693341129438,-0.12137884757381989,-0.1167130410247345,-0.6631413089297127,-0.15837036208613275,-0.14606860458791696,-0.7998148991718905,-0.16103406541148868,-0.18040548809507623,-0.9214880134890742,-0.15935014079800777,7,pause track
0.0,0.0,0.0,-0.17278803963296857,-0.02799223789750314,-0.03205467378816929,-0.3343187979679519,-0.1292865677965515,-0.06586659824630364,-0.4737385198836377,-0.1775018449877947,-0.10918238140727658,-0.5952480573974664,-0.19879778103006396,-0.15358046149497753,-0.29079279263998714,-0.42012068227856336,-7.779424135873863e-05,-0.4433649756240074,-0.44075166118131837,-0.09177087159111075,-0.5431446328508903,-0.3640659377176428,-0.1727503995823102,-0.6046604807075892,-0.2810847559008456,-0.21596455480982177,-0.2520879861871683,-0.4965360613768247,-0.02862198075156169,-0.3698102795243047,-0.6940982544269323,-0.09187951991082187,-0.4761497683553786,-0.801384121612734,-0.13822356669251237,-0.5680780159838943,-0.8843502458368352,-0.16466633286921306,-0.1853505719116012,-0.5122079000092769,-0.07169061440569674,-0.24873196031164718,-0.7399074321508334,-0.13195295553078623,-0.32234074259201057,-0.8791879146030265,-0.155719872822718,-0.39142541057036084,-1.0,-0.16280481633770705,-0.11293056061321441,-0.47232154848821767,-0.11952732619264185,-0.1331735036214376,-0.6669951068016011,-0.15712398252437687,-0.16273415422021054,-0.8058647073565514,-0.15658473248595406,-0.19455508794326437,-0.9293013138528469,-0.1506085015883277,7,pause track
0.0,0.0,0.0,-0.1727483698070399,-0.027208909045588137,-0.029699246092768097,-0.335144766193941,-0.1310750499189229,-0.061585951700322716,-0.47316147557297195,-0.1772423464238869,-0.103301990540029,-0.5940016312030202,-0.1899757778823556,-0.14640909062959936,-0.290033553315623,-0.4178333738235655,-0.0001540523158029259,-0.4420596634550271,-0.4409649779692734,-0.09087861457162297,-0.5428016008485207,-0.3626025891615114,-0.1702938592055254,-0.6021486875104409,-0.2755113494735655,-0.21232572844368192,-0.2528169695704926,-0.49382554700020076,-0.029758414201185655,-0.3649355204031246,-0.6929969113242835,-0.09127318024669176,-0.47190557572455116,-0.7970371338466546,-0.1358885689327196,-0.5625862174060218,-0.8762363793406012,-0.160989296070538,-0.18680752700241765,-0.5084002739634106,-0.07370899949583598,-0.24746734036791831,-0.7421067322520597,-0.13341253853535848,-0.3222419520613217,-0.8798697848185695,-0.15794004563168887,-0.3904645239692513,-1.0,-0.16558303807239966,-0.11461010541337717,-0.4657012600806186,-0.12215466204339004,-0.1325234759906976,-0.6605883889472381,-0.16194755757982063,-0.16462810204803283,-0.7984930255794627,-0.16390657997170952,-0.19814523117287644,-0.922018535567551,-0.15921769470732586,7,pause track
0.0,0.0,0.0,-0.17737760431944502,-0.026298919064812534,-0.027922662432187106,-0.33942726384292254,-0.1266516038027149,-0.061911392620685325,-0.4824819874459961,-0.17192469017714826,-0.10677812648061241,-0.6051728219119139,-0.1883070413667237,-0.15116504108425635,-0.2895422145534176,-0.439227361526397,0.003997566959115974,-0.4488900020706482,-0.45481393765493805,-0.0870421106119737,-0.5526787380814578,-0.3654077308757262,-0.16859656213737045,-0.612126268183296,-0.272795525127667,-0.21250341340917717,-0.24985357685624118,-0.509243141232855,-0.026374358060563173,-0.36486038035136764,-0.7001620572924317,-0.08844954455869404,-0.4740099918319006,-0.8043581775916808,-0.13285510320636637,-0.5692631394524347,-0.8873145769110029,-0.1585347693074582,-0.18537529456591073,-0.5192179322220825,-0.07134706508833266,-0.24950272934160042,-0.7480212794831066,-0.12965563880576222,-0.32691963426298903,-0.8823757302629635,-0.1486540361612968,-0.40024862867259375,-1.0,-0.15226765239979428,-0.11753116600749995,-0.4759159112676193,-0.12124250977757256,-0.1370456722164714,-0.6761466203568065,-0.1571982337620252,-0.17119734502600203,-0.8130889820478436,-0.15474532991527912,-0.20769453953282874,-0.9334365136851388,-0.1467415599686482,7,pause track
0.0,0.0,0.0,-0.1713156106009091,-0.03328714679015231,-0.031401846217390186,-0.32955760830381486,-0.13266518244621048,-0.06416640658951173,-0.45727171155295127,-0.19512342447903178,-0.10473084217280457,-0.5665967693534405,-0.2331341710592463,-0.148157317246382,-0.279621005787336,-0.4237972081226742,-0.018150502686347894,-0.43279138040052884,-0.46268784610276237,-0.11587355788886602,-0.5360822198899705,-0.3888343870900564,-0.20411345419477955,-0.6028614732061568,-0.30401872091428633,-0.25256022462811073,-0.23320194956260917,-0.49531265995331714,-0.0480095796436585,-0.34403042587551474,-0.7124389883724749,-0.11290195997904269,-0.4483391281612482,-0.8241932733874028,-0.1662887473148576,-0.539669651788817,-0.9072594288941165,-0.19949839219588614,-0.16018773240695688,-0.5104467569127489,-0.0901960077095076,-0.23050213511065193,-0.7485003128171082,-0.15321377357902766,-0.306038467636906,-0.8830257166742669,-0.18528312415736617,-0.37878578498656984,-1.0,-0.2003621510828156,-0.0787665225466245,-0.46826605204792043,-0.13617767529247174,-0.08909958365386185,-0.6633956222461691,-0.179767077772287,-0.11644759518885005,-0.8027610433745547,-0.18448927282652824,-0.14956389098477424,-0.9263939500837661,-0.18291304949038953,7,pause track
0.0,0.0,0.0,-0.16699741847422925,-0.02919811620681031,-0.03649219631199745,-0.3262558550615285,-0.14414307332974435,-0.06544422242822122,-0.45194089196166287,-0.21432140631689606,-0.10086465823555207,-0.5631949878553837,-0.25016654868231974,-0.1384450712796754,-0.2544763826423124,-0.42476704803163956,-0.010714742829269094,-0.39909243896959395,-0.4696194686889325,-0.09621739257577937,-0.5005805677661113,-0.4031927835969259,-0.17484749893124996,-0.5712580381251934,-0.3299534138452865,-0.2191047380127524,-0.20571148800162775,-0.5038276948119386,-0.03609458994592947,-0.3089912550284646,-0.699494122683939,-0.09364919832974174,-0.4110693620791244,-0.8035822591105817,-0.14355301635972814,-0.4985183991996846,-0.8882780078590292,-0.17556587524055828,-0.13542752016684542,-0.5212014904178341,-0.07482123328419413,-0.20124820374130484,-0.7549020588621788,-0.13830370201127726,-0.2707376211812282,-0.8842437062062593,-0.1751830336970687,-0.3352493991276223,-1.0,-0.19341876854173207,-0.06052554608383812,-0.48261391141424376,-0.11712798446156487,-0.07189494165073525,-0.6689359790086772,-0.16583681887512614,-0.09298028460367856,-0.8009451182033598,-0.17796551789635062,-0.11916941845727341,-0.9177562344483208,-0.18152022377621005,7,pause track
0.0,0.0,0.0,-0.16495595280330438,-0.030113603984028837,-0.03827999499005714,-0.3176798856021354,-0.14799696678317936,-0.06976733306806233,-0.4412318358637042,-0.22121680483812578,-0.10719578190278727,-0.5499921188409607,-0.26156455089252273,-0.14581075384849637,-0.2468061129464796,-0.4284575229410081,-0.015902911578488683,-0.3906128889973749,-0.4788646585111082,-0.10369394700096328,-0.48798893244800823,-0.41637736142418885,-0.18182071243823503,-0.5522613902924544,-0.34475137866753897,-0.22485048197239182,-0.1958777667644688,-0.5049894242586852,-0.03959152701572748,-0.29997511299622065,-0.7003458157057253,-0.09765646035446315,-0.39563484259587756,-0.8195066345029731,-0.14571456582594752,-0.47669672212960285,-0.9178366523142278,-0.17628679232502303,-0.12350838565204114,-0.5178511134587137,-0.0765845716664052,-0.18395654607258044,-0.7449923757815688,-0.13793999184500527,-0.24670654846081047,-0.880632311072065,-0.16952117346545062,-0.3066783805231113,-1.0,-0.1840612633650165,-0.04718566034230418,-0.47484502034277853,-0.11765903964287602,-0.056880474193774726,-0.658148920800034,-0.16385565364330623,-0.07059846738221331,-0.7898945588214463,-0.1723668936419754,-0.09064312893049131,-0.9071843229334975,-0.17299185843617093,7,pause track
0.0,0.0,0.0,-0.16238149347216999,-0.031813440596010066,-0.035627463867289,-0.31039684349930385,-0.15675745893557,-0.0653844393904092,-0.4301354483882728,-0.234237198219607,-0.10136156603678256,-0.537869631126508,-0.27698412139066453,-0.13827804732593368,-0.24639162559209216,-0.4326804115124563,-0.009510389977423749,-0.38165236718331036,-0.48560174118180727,-0.09434437702411645,-0.47468475677850613,-0.4265008050467107,-0.16971760611356473,-0.5344163875859427,-0.3584589810600988,-0.21109448025782218,-0.1964345208386325,-0.5051286889431496,-0.03307977273837197,-0.2983672736498889,-0.7035739845295202,-0.08774345650622123,-0.38693939052229687,-0.8268031540660145,-0.1311113336207903,-0.46223119993285405,-0.9309657228858154,-0.15818133960818506,-0.1228188776245708,-0.5117250744660199,-0.0700563852584661,-0.17255782208756013,-0.7373316465687967,-0.1278232419851391,-0.22997698585129606,-0.8760989704500125,-0.15351793314577108,-0.2885128996481885,-1.0,-0.16423649900294882,-0.04360394713152855,-0.46149839278975435,-0.11120100358687775,-0.045931470759152965,-0.6421458451196486,-0.15343491170263276,-0.056296407114652364,-0.771979569176674,-0.15706153621193228,-0.07583785084243189,-0.8895828621476839,-0.15462490240599308,7,pause track
0.0,0.0,0.0,-0.15941122718779518,-0.045016747830071785,-0.034897917750375554,-0.3082932627656744,-0.16773215546443618,-0.06250725572738283,-0.4256944998619936,-0.24842777848515993,-0.09616896112068027,-0.5274656063748531,-0.3045629146314265,-0.12960379688019166,-0.23830851171272313,-0.43585623632479986,-0.0022473164474993844,-0.3699198342445718,-0.4962799280857281,-0.08701697365959543,-0.46410291570079565,-0.4407610440061458,-0.16345788033690656,-0.5277878622106622,-0.373759447499033,-0.2046286725580007,-0.1888126967835913,-0.5120526412213544,-0.02436717316678645,-0.287328328921249,-0.7131044765622705,-0.0746718916898817,-0.37241125560796606,-0.830609278688035,-0.11450664485427504,-0.4451277149492186,-0.9261441647689111,-0.13846040322919362,-0.11472990160037676,-0.5288459114533449,-0.060615949553991855,-0.16855296853501725,-0.7444150751504783,-0.1124154641952771,-0.22235965774407107,-0.8792955201621845,-0.13426631056241659,-0.27613439433163706,-1.0,-0.1425447691486881,-0.033646110426654205,-0.48960905566194834,-0.10192740757137825,-0.03185258890897212,-0.6624854226199833,-0.13697163586017408,-0.038818340676281246,-0.7859595043072616,-0.1360559684622366,-0.055084954634502956,-0.8975452840098325,-0.13058244626696627,7,pause track
0.0,0.0,0.0,-0.15152876471370957,-0.05899327751648798,-0.03638900172108288,-0.27909790465058415,-0.1832099912137369,-0.06998265913098296,-0.38313760119758195,-0.26710935580870976,-0.10947360792801286,-0.47501923798676376,-0.33937698255231413,-0.15006750926680912,-0.20131975000618668,-0.4443206846090492,-0.01923668385894127,-0.3280957306572746,-0.5114862225338356,-0.11216290374851724,-0.42316044089599486,-0.4543294186906183,-0.19399293458384947,-0.48477291506514825,-0.386874668578092,-0.2387377285470471,-0.14355914258785452,-0.5103777602943291,-0.042418906344311266,-0.2286030221171423,-0.719598426742624,-0.09844544634584351,-0.3049404130389631,-0.8497368746250935,-0.1421506221134042,-0.3739333324003908,-0.959051175298085,-0.16973419498764125,-0.0651248447105281,-0.5136199728134219,-0.07893298768883643,-0.10188301801852018,-0.737023342459567,-0.1365629683271162,-0.14407313067765704,-0.8754943113037927,-0.1602502806169027,-0.19218205219370765,-1.0,-0.16962572065150694,0.016112866439866754,-0.4581426236700331,-0.11978529138092492,0.028611371162255865,-0.6307461650724814,-0.16298156873462233,0.027771643812341613,-0.7544710282995469,-0.16487936559081154,0.014828726376096177,-0.8668868885441218,-0.16012196148603827,7,pause track
0.0,0.0,0.0,-0.13722251393841942,-0.08116084977814793,-0.03674818093153391,-0.24896893311154458,-0.219045158427225,-0.0719620958701304,-0.34095778997497656,-0.31559378008719063,-0.11251259029742226,-0.42988539986185065,-0.38772020878943014,-0.15552367074244863,-0.15583232710242734,-0.45701085209583525,-0.027664112429056267,-0.2735788967352525,-0.5439522419635143,-0.12168608210990693,-0.3692151854871741,-0.5018255017033102,-0.20424316750794502,-0.43478309106535346,-0.4459874753698231,-0.24940032190467382,-0.09176438314942548,-0.5025019624352283,-0.05277453265615922,-0.16079331776556707,-0.7200387243753072,-0.10967971150942835,-0.22311577721933756,-0.8597754350982966,-0.15882550125947525,-0.27906140503523263,-0.979396899770283,-0.19247155773353578,-0.012202053698914942,-0.490013959316609,-0.09042331108297388,-0.036477890403026826,-0.7206472502729931,-0.14865396960252641,-0.06623235992999825,-0.8653510308389192,-0.1804624420034301,-0.1012184196108261,-1.0,-0.19780945754409335,0.06721931477005122,-0.4271947548836711,-0.1317883206158877,0.0802818003794928,-0.6044567986887209,-0.174549945717429,0.08878946052598584,-0.73087455840458,-0.18083849626618895,0.08595762659701953,-0.8495331569864594,-0.18165304936668464,7,pause track
0.0,0.0,0.0,-0.12014086017993257,-0.10855031810182315,-0.04436885112376571,-0.2071166349378914,-0.26858515632702146,-0.0811612249580591,-0.2791510931968971,-0.3962777696703673,-0.12273930838521031,-0.33699015833622753,-0.5237750060755635,-0.1646652852474267,-0.08891770765317238,-0.48958134497843814,-0.01606106777626355,-0.1699741904667441,-0.6215127688717791,-0.10497099134777195,-0.26141689033630305,-0.6174837188382024,-0.18566811881234566,-0.33459521764002037,-0.5856284380123213,-0.23125078333426097,-0.012813520803298874,-0.5277309395862744,-0.035323968291495304,-0.031261358906536404,-0.749294605349073,-0.09051132807033581,-0.07592978596336562,-0.885614219245887,-0.13983248685335323,-0.12401528674712081,-1.0,-0.17329125572693027,0.06631503812097728,-0.4992796224550431,-0.06880581082187837,0.08909757729600115,-0.718991477430218,-0.12303587604391437,0.08387648821340675,-0.8640754850187541,-0.15172084204323294,0.07039443067849437,-0.9997834971812681,-0.16758972141865003,0.13497130326306456,-0.4192372568238842,-0.10740027096423384,0.17895553646401902,-0.5854125345093507,-0.14616119574141573,0.20614948912826225,-0.7033969816660319,-0.1510988927477436,0.22027266469871348,-0.8160367308643721,-0.15177756166144485,7,pause track
0.0,0.0,0.0,-0.10949661761669613,-0.11491532520990444,-0.04000885022182195,-0.18133420806365405,-0.27906296933448527,-0.07275378317831488,-0.23637472663165568,-0.40998121482769495,-0.11023784462908753,-0.29045055022012795,-0.5298187849545901,-0.14690588773810068,-0.066194346160252,-0.48082261419784555,-0.016225524184963532,-0.13284444229954892,-0.6222987288712168,-0.09775433200143853,-0.21501609094969804,-0.6302117967398636,-0.1671020616154263,-0.2758746063441413,-0.6027357335923658,-0.20328920866772904,0.010285870625788989,-0.5079439471068766,-0.03557871368188595,0.003149754871100045,-0.7320238020506572,-0.08349505453207012,-0.020799906527711305,-0.8784026398664392,-0.12168508848471785,-0.04451995121733505,-1.0,-0.14585240134147556,0.08592672367653799,-0.47374063689608137,-0.06841686039056193,0.11585861155188311,-0.6819167044341643,-0.11645142046301747,0.11933058456103403,-0.8216005895721067,-0.13710983948230593,0.11442691798713812,-0.9450768297944372,-0.1458093482085029,0.15100288581177018,-0.3921480374629386,-0.10640037356249833,0.20102725174416897,-0.5519396407050046,-0.14022302731189462,0.23314572351579177,-0.6639109516792536,-0.14100851566650294,0.25318594998289123,-0.7651891924843345,-0.1368824180656129,7,pause track
0.0,0.0,0.0,-0.09524186268115763,-0.1671319989474507,-0.023629474957345478,-0.13651271567749265,-0.3668911160668022,-0.0444490667410934,-0.16514851976896766,-0.5249304707770319,-0.07422530171556208,-0.1894022038905164,-0.6614267901178165,-0.10376175518952398,0.02582040980972131,-0.5170331672421569,0.00827115267611712,-0.02366341600005476,-0.7001808054294479,-0.07202150671179648,-0.10912446586545357,-0.728571062439638,-0.14377601005322663,-0.17959385159659727,-0.7090621279484155,-0.18141553213344103,0.10380234232017078,-0.5214858073787018,-0.014811255451467392,0.12691210337778863,-0.742143567916094,-0.05929258678943553,0.11359461665285182,-0.8846803454564875,-0.10054768517461923,0.09394464182839211,-1.0,-0.12858090399360222,0.1780675595931225,-0.4701412361341513,-0.05123314059719819,0.24379171813073483,-0.6811869228549174,-0.09762494861328762,0.2641680665901398,-0.8258946231317926,-0.12438013865080975,0.27235763880653135,-0.9543702684430532,-0.1384290432720456,0.23876281839337868,-0.37570120207434354,-0.09118340696603522,0.3226014268633442,-0.5299951877547701,-0.1245404108522854,0.3701664037150597,-0.6417230098389164,-0.12993915344428517,0.40026498390373216,-0.7476040256031186,-0.1298379100448056,7,pause track
0.0,0.0,0.0,-0.09062118531036716,-0.16296044450210673,-0.028539525455180407,-0.1273082668606999,-0.363573160973213,-0.04954682077740521,-0.1487801806611602,-0.521196156452317,-0.07683003981131598,-0.15393024490396767,-0.6617110803002539,-0.10174063801658267,0.029030031269438192,-0.5029666345518796,0.011411928239817197,-0.003398969351948794,-0.6723739888963401,-0.06110306249297322,-0.07040998995903419,-0.7339308419944537,-0.12315054015885123,-0.13140913513507504,-0.7467894873327094,-0.15341317223534615,0.10540806767703058,-0.5059309664941721,-0.007941428421068595,0.1335421456160775,-0.731287049186758,-0.05061231862621205,0.13242275975540252,-0.8779410477953467,-0.08329219947966397,0.12812339065454934,-1.0,-0.10130743973791831,0.17544185886972358,-0.4551997132695262,-0.0410459509269335,0.22863245793410186,-0.6682795520487429,-0.08470046359311244,0.2508153222946759,-0.8100880660826719,-0.10237543373461812,0.26547071771388026,-0.939624385620092,-0.10696317491113728,0.23327785367567155,-0.36607204817757977,-0.0787516866122846,0.3055508929916981,-0.5272089846873287,-0.10641389334914857,0.3475152381144454,-0.6407363713699559,-0.10589548859071851,0.37586973137121354,-0.7492597110177328,-0.1000641695114384,7,pause track
0.0,0.0,0.0,-0.09979100025432983,-0.14520483980831395,-0.03536605734420274,-0.15050308364883871,-0.3431823962041474,-0.05762997087045769,-0.18175307863444942,-0.5054666470904908,-0.08518010874610564,-0.18791540203768733,-0.6507254016124672,-0.11065793993047231,0.0027209279749168215,-0.49918606433020196,0.01109951400935342,-0.0350309247416386,-0.6707247116325006,-0.06621321133730135,-0.10542797612027474,-0.7239718295621115,-0.1359501584808244,-0.16707816750948523,-0.735190663126909,-0.17250178703412095,0.0810208173374315,-0.515774626869264,-0.005725728957865312,0.09135463124983452,-0.7421480680962089,-0.045230584591591856,0.07968771185794757,-0.8860668173390361,-0.08110208143894501,0.06586564806368354,-1.0,-0.10392163944259228,0.15937654693909642,-0.4741340149693561,-0.037878945828998714,0.20111054682516952,-0.6916028635773215,-0.08072126865859051,0.21435382974985018,-0.8396302028300411,-0.10223932186406895,0.22151662410453035,-0.9706643785005452,-0.11141122154740024,0.22755699756019876,-0.39070789537657263,-0.07532000920446094,0.2857792721995037,-0.5583256914040531,-0.10737939180878231,0.3175120927012154,-0.6735250675337949,-0.11124674957863868,0.3353166245859117,-0.7829012534368625,-0.1091057357252851,7,pause track
0.0,0.0,0.0,-0.10214839615105496,-0.14999242935997456,-0.035054306542622024,-0.15775525586690686,-0.3344822567787752,-0.061688020230587906,-0.1858823126861995,-0.4875445448696271,-0.0937197128365258,-0.19132910367315092,-0.6323238217103345,-0.12378218173340479,-0.015618656197452542,-0.4976653110862282,0.006318857883351247,-0.0460216531609815,-0.6582970333265679,-0.07214893767760078,-0.11074599029284923,-0.7086905897886574,-0.13961004798940035,-0.16788235293230974,-0.7155881249254336,-0.17386566791779695,0.06690983657893593,-0.5093929070225166,-0.01265940230688473,0.08135924529649965,-0.7319853247910085,-0.0590525783151082,0.07412022116066616,-0.8778356455879297,-0.09758351841676204,0.06588152585213414,-1.0,-0.12076412856437407,0.14644609888951637,-0.46598152311630303,-0.04625459317556989,0.18841646102085088,-0.681595310589558,-0.09391317114031203,0.2034532820665217,-0.8271363995694119,-0.11782002008618425,0.21154094141078292,-0.9583248513776719,-0.12762295319858102,0.21437625726700424,-0.3811886967518148,-0.08459837284906842,0.2697139051742856,-0.5474817051658897,-0.11840806361499033,0.3021999021280922,-0.6623428225471372,-0.12300650202069269,0.3228642448205555,-0.7702071461264663,-0.12097872738112335,7,pause track
0.0,0.0,0.0,-0.0982642744229748,-0.15007352160730852,-0.036267812452659476,-0.15593564830201895,-0.3232553483030789,-0.06471946116036495,-0.18911554965659666,-0.46963166306354887,-0.09832206002975698,-0.19893900051560232,-0.6140013250877621,-0.12908661831713839,-0.015959713614935537,-0.4963429407278051,0.006941317633976524,-0.052265463023502955,-0.6460237711393678,-0.0705130810646177,-0.11779124161420257,-0.6928279298182644,-0.13639267830676247,-0.1737890496873063,-0.6952914517900228,-0.16882511240702336,0.06392931355197717,-0.5105962735209975,-0.010461785913297644,0.07504039078327845,-0.7366539080142835,-0.05278975546168897,0.07078823265149248,-0.8817753388186681,-0.08478733615286904,0.06664918468479653,-1.0,-0.10297534905991498,0.14371655609022735,-0.46866637888188206,-0.04318591836994734,0.18290654210899784,-0.6808754233100739,-0.0873503286412796,0.20015083291334468,-0.8221810195335012,-0.10541011251810074,0.2098299557824922,-0.9463722782231279,-0.11098465407708406,0.21363882080257107,-0.3833061012261926,-0.08123705273131994,0.27550006236304997,-0.5430835747632782,-0.11163776001106984,0.315842203914541,-0.6512934125598167,-0.11247766469651686,0.34434669151315117,-0.7523841343173773,-0.10755746326459154,7,pause track
0.0,0.0,0.0,-0.10073222485118546,-0.13511670102503312,-0.04195076251541427,-0.16525360500291655,-0.30258000627508774,-0.07434963634720429,-0.2021612440835564,-0.4490086396960419,-0.11034579139730069,-0.21457372360236715,-0.5935840655363048,-0.14335516712525537,-0.02870903707450799,-0.4835836148152168,-0.009428248067177836,-0.0664514582869302,-0.6332238183194346,-0.09114120763676692,-0.13395926677451883,-0.6742274035212549,-0.1576213556337347,-0.19367820643930195,-0.6715917791390819,-0.19012895772315513,0.05420336798051135,-0.5032169670671667,-0.025390472954100084,0.06708334299685181,-0.7367729770390425,-0.0722797790638797,0.06730228550599131,-0.8818374133802317,-0.10506352986850435,0.06719026162389995,-1.0,-0.12331861823973983,0.13598021844948738,-0.4655168465393883,-0.05624087734864528,0.17585634454111854,-0.6772015792450087,-0.1054333326641712,0.19857852195865006,-0.8174389969428274,-0.12583342129139874,0.2125387689421372,-0.9413735849144673,-0.13275215409124752,0.20758579636362895,-0.3814405891989432,-0.09229151276327441,0.2742521129556641,-0.5315540498456681,-0.12733468535254744,0.32164900904811644,-0.6344635930405746,-0.1300636720863234,0.3569384281444834,-0.730664101786533,-0.1261799678270383,7,pause track
0.0,0.0,0.0,-0.10105642668307899,-0.13575062478726926,-0.040734310526652086,-0.168833751800926,-0.30313562196640137,-0.0720625683012321,-0.21410241615494724,-0.44369672989140824,-0.10772049767200371,-0.23443947489893832,-0.5823049404820188,-0.140891603781514,-0.03318934667767038,-0.4879262191511286,-0.006469264361895919,-0.07962526168795139,-0.6406722815925547,-0.08864542579524068,-0.15388970872790514,-0.6716980400796371,-0.15759251499761115,-0.21742873811621977,-0.6642156005651061,-0.19193348536451046,0.045934977829377124,-0.5098083441738587,-0.02234874442028322,0.05160964317186779,-0.7366177793941429,-0.06803528671304851,0.043569732553748027,-0.880883243461881,-0.10134597005081131,0.03540844884903927,-1.0,-0.12014225173603509,0.12415781939917846,-0.4740370874189292,-0.05324507273506527,0.1580585027019718,-0.6857638403202267,-0.10153490518192339,0.17491581108111512,-0.8286868422831778,-0.1210262044218044,0.18500391074867234,-0.9540962032516913,-0.1269570299948369,0.19311696577191534,-0.39288876105617027,-0.08949097584699545,0.25618259641073704,-0.5453973227399252,-0.12426082267794852,0.300396932247882,-0.6498476061089274,-0.12607955211883384,0.33336932271194974,-0.7463242022305838,-0.12103672257269052,7,pause track
0.0,0.0,0.0,-0.10525461088618983,-0.13115669515669515,-0.042886301570808104,-0.17847053531264057,-0.2952066276803119,-0.0741370278791002,-0.2241941820362873,-0.4351512970460339,-0.1088579193170969,-0.24698500524816314,-0.5762456140350877,-0.14065262242101054,-0.04698305593042435,-0.48808951866846606,-0.005522296941178477,-0.0940682261208577,-0.6364568151147099,-0.08572985476469025,-0.16747263457789774,-0.6637554355975409,-0.15505663726581487,-0.2333936122357175,-0.6559006597690809,-0.19057467782661858,0.03127905233168391,-0.5134388963862648,-0.020714883442153137,0.032416254310991155,-0.7403648972859499,-0.06416776712036576,0.01932958464537412,-0.8831284300494827,-0.09973457811151885,0.006251611935822462,-1.0,-0.12187190192318477,0.11003598740440845,-0.481784375468586,-0.05102836747274243,0.14054715849452692,-0.6952879742090269,-0.09752083729580435,0.15548163142899984,-0.8393931623931624,-0.11932961672300484,0.16411755885440096,-0.9668049182786025,-0.1288933350465916,0.18215909431698907,-0.40501994301994304,-0.08696204849688398,0.2417924726345779,-0.5595366621682412,-0.12024164438832198,0.28434607887239466,-0.665159844054581,-0.12290820796606977,0.3144852301694407,-0.7640352376668166,-0.12022085791358814,7,pause track
0.0,0.0,0.0,-0.10430825705920449,-0.12664891246266322,-0.04228164272081471,-0.1795804799791185,-0.28937136328154817,-0.07482019705366541,-0.23022074557807048,-0.4275349605147488,-0.1116457804676437,-0.2587570579732628,-0.5627196190110342,-0.1464685523889145,-0.047113741409156834,-0.487998367401213,-0.005982961693034674,-0.10108353586915571,-0.6325412274286446,-0.08856692162156846,-0.17648980795417887,-0.6547711499109827,-0.1597737015390028,-0.23867384591517873,-0.6385585113063007,-0.195951624334071,0.027596429213422275,-0.5161214513138357,-0.02158040110388936,0.025873797405079033,-0.7438745995454332,-0.0647552459238972,0.013219309974612226,-0.8851089384167978,-0.09869634832206908,0.0016975456844479575,-1.0,-0.11880757065345954,0.10402876993654288,-0.4862264867606827,-0.05242383371825131,0.13038412857885107,-0.6985071909451097,-0.09890909942955219,0.14060818614088613,-0.8437648516009564,-0.11940776193900181,0.14437187423818212,-0.971046226800722,-0.12727079970546878,0.1740658419949717,-0.41020614329932703,-0.08891285619203246,0.2333015678365727,-0.5616318354301023,-0.12318982215924258,0.27295734312400116,-0.6679812257295599,-0.1254009408218413,0.3000054173715406,-0.7671119684511981,-0.12140629301563054,7,pause track
0.0,0.0,0.0,-0.10750245071034843,-0.12908410466989007,-0.04286093721428081,-0.18521067621687964,-0.29307242298985564,-0.0741229805479636,-0.23353033843457252,-0.4342580151234408,-0.10928500601900529,-0.25993624145198363,-0.5719998032201792,-0.1413263640449579,-0.06049627807943524,-0.4882720326993995,-0.0035427416948646006,-0.11027198523334047,-0.6328313299879716,-0.08237725650117086,-0.183042640395408,-0.6590896481397627,-0.1482995033636565,-0.24416965123920206,-0.6470752341750595,-0.1809027624744286,0.01906108048781906,-0.5131143848720955,-0.0183042200576895,0.021279254298782496,-0.7362087129766705,-0.06327507543575901,0.00815457463574122,-0.8800222273181001,-0.09602538404372882,-0.004714071218892246,-1.0,-0.11444794191106307,0.09732506753304274,-0.4817264317264396,-0.04836699023701218,0.12478889784596824,-0.6886858361437065,-0.09576717929181049,0.13084317795638498,-0.8309299842623296,-0.11342739217237001,0.12964961089619534,-0.9564800679487637,-0.11805335844852094,0.1678623031632042,-0.4066388984982336,-0.08420727838270972,0.22057147563333004,-0.5632341423676857,-0.11796100985149663,0.25602673565067247,-0.6733993289682372,-0.11887885726257674,0.2794158719900114,-0.775075006589452,-0.11317586724663789,7,pause track
0.0,0.0,0.0,-0.10638157420260569,-0.1340831661682842,-0.04078392294320325,-0.18072791168078653,-0.30163865208315566,-0.07091376392674062,-0.22880316245968285,-0.44532565489976633,-0.10622880475620189,-0.2513947778727115,-0.5812743978945544,-0.1386448171906661,-0.054451132090497706,-0.48481051325836727,0.004850532629655456,-0.10166876880778099,-0.6357427574406359,-0.07650315316097474,-0.17530361237034675,-0.6675043908477419,-0.147471509613945,-0.23664729282673025,-0.6582715709473996,-0.18305550430538287,0.02346081885385268,-0.5104701818976559,-0.00912481981472081,0.03015243244233716,-0.7332732564973153,-0.0516665213180434,0.02004383134540242,-0.8788886380466947,-0.08503511905719044,0.010297320042194738,-1.0,-0.10434930892865248,0.10167158784596744,-0.48357624437239716,-0.039008758446452074,0.12949956669033877,-0.6912438246423561,-0.0822267893005118,0.13686806267003793,-0.8336984379317876,-0.09885654027059373,0.13819849208081275,-0.9578682213975491,-0.1033261546802014,0.1714679976912077,-0.41332377679388127,-0.0751297187353659,0.22005098857013136,-0.5702236115904129,-0.10470023024123111,0.25072275049170684,-0.6781705350526647,-0.103256491156684,0.27036941067928405,-0.7768581709782681,-0.09631714479923763,7,pause track
0.0,0.0,0.0,-0.10806131257817844,-0.1351093483221461,-0.03996876254958616,-0.18461440651026767,-0.29610258696429814,-0.07081694069033914,-0.23266056788665246,-0.4369356885868862,-0.10688817585031914,-0.258213858677127,-0.5747621422175446,-0.1401793320831084,-0.06298625744634077,-0.4903328745077583,0.004711491163626408,-0.11022261849227924,-0.6366602400446723,-0.07460668961546937,-0.1835921216814617,-0.6679719066998492,-0.1439294555983404,-0.24463017050080926,-0.6587693516771645,-0.17893748313093885,0.015327991347422878,-0.5150423551922739,-0.010452370642074365,0.016543457829027344,-0.7393314627956802,-0.05155806750926849,0.007646837588768195,-0.8822975288527752,-0.08393310935125019,-0.0002550733163437653,-1.0,-0.10297083760548398,0.09542453621466603,-0.4862256579244692,-0.04140558460415959,0.12072780919596754,-0.6948407783336282,-0.08389269401835653,0.12912730456443358,-0.8355527775798981,-0.1010884175954802,0.13098635242859671,-0.9583959335338684,-0.10673279560341123,0.16896730542233784,-0.4134226779327878,-0.07844190938066405,0.2169619925438929,-0.5690189328743546,-0.10860615782973403,0.2479032284009201,-0.6762722068897371,-0.10843157048550683,0.267477386180235,-0.7755501885474378,-0.1028152945865649,7,pause track
0.0,0.0,0.0,-0.10908475710828833,-0.13652787431121946,-0.04069089504818862,-0.18076908277825757,-0.3036250224452976,-0.0702487515054717,-0.22764249862885189,-0.44370459789631067,-0.10455937587257538,-0.24708547047176047,-0.5833545062217754,-0.13634305290398172,-0.05853428236734066,-0.5009694230917222,0.0037790846334729345,-0.10290680345981285,-0.6517234934777324,-0.07534592876499553,-0.17105072698333978,-0.6807070910039247,-0.14410292288005228,-0.22924390190275049,-0.67069564848282,-0.17897664555939172,0.024512860697459376,-0.5218021711168414,-0.011667418230745536,0.026138846916352026,-0.7435033078566482,-0.053723515661888856,0.014945361732691469,-0.8856573937558709,-0.08851041550211498,0.0016603412662445933,-1.0,-0.10932163436422696,0.10770231000284612,-0.4874399473772288,-0.04289728116288623,0.1344848941620239,-0.7007521923100883,-0.08780744443181326,0.14483614627371413,-0.8454293128868379,-0.10797102293599756,0.14791099935626276,-0.9721830998818797,-0.11547938533624576,0.18277786056920053,-0.410088871163381,-0.07979411055083502,0.23154019326775438,-0.5698795405157472,-0.11371475741515061,0.2646573900913325,-0.6796952966871351,-0.11669393169082405,0.2862621342027247,-0.7818127738478997,-0.1128958762323109,7,pause track
0.0,0.0,0.0,-0.10930321796042128,-0.12769475079712075,-0.04510656106491424,-0.1833150022631763,-0.2895962499578785,-0.07666941274141026,-0.2299809079602179,-0.42940392702827496,-0.11170370608548622,-0.24932173016563536,-0.569649060440316,-0.14344636624505305,-0.06650823926706483,-0.49940468293826157,-0.0013866195864635916,-0.11382000781410564,-0.6482412342522548,-0.07839951026138799,-0.1781603943846513,-0.6728428408493756,-0.1453995036965071,-0.23134776929141485,-0.6598899892927931,-0.17967339978711672,0.017041216523281572,-0.5219318630631112,-0.014769754261314527,0.014351816293837086,-0.745930836361274,-0.05623235503603119,0.004239015701980818,-0.88755239382121,-0.09210295444077485,-0.006171291631590723,-1.0,-0.11439464318011432,0.10060220828932713,-0.48784320666123665,-0.04379871725413217,0.12540637751237613,-0.7010288724221269,-0.08837076272378755,0.13554680373024883,-0.8426583229180675,-0.11114346180512923,0.13926108432707163,-0.967059628547654,-0.12138705721356803,0.17716769331790752,-0.4094582250444211,-0.0786155346879058,0.22491965041136378,-0.5666721715533161,-0.11222196169113557,0.25742802993160685,-0.6743737103614008,-0.11681095574798303,0.27978733125220284,-0.775953972064117,-0.1149658921741317,7,pause track
0.0,0.0,0.0,-0.10876771894498063,-0.1249855337419578,-0.04502889288124614,-0.18617228142894027,-0.28942559414408964,-0.07633865552336505,-0.22719665782699114,-0.4339458683053673,-0.11076043571288115,-0.24241292085222446,-0.5791830817170138,-0.14098984507082343,-0.06953198236638469,-0.4920507042923802,-0.006361060744073412,-0.11630037096970823,-0.6441637359457116,-0.08378110589038697,-0.18396738420851683,-0.6667729714520662,-0.14805251753604529,-0.24374976533373136,-0.6506993170690102,-0.17956666194398868,0.014188598595448023,-0.5174288086277459,-0.019572845303596906,0.01640013986495893,-0.7433464870053988,-0.06090815571472912,0.008636800275403561,-0.884311499597417,-0.09292449559461398,-0.0001778441976669499,-1.0,-0.11194977844182696,0.09649724186980847,-0.48500198626165164,-0.048131576891662156,0.123280021792481,-0.6955729155802488,-0.09280134891734156,0.13697031670636872,-0.8367442799759022,-0.11169122063620496,0.1420533232838228,-0.9626559632580995,-0.11870583963011978,0.17290844175880649,-0.4078310470851398,-0.08249526027985525,0.2249968595279604,-0.5629527513857091,-0.11523469094974381,0.26129978922913116,-0.6707549200342339,-0.1170985591738374,0.2853146273994095,-0.7716064090042626,-0.11295188066531207,7,pause track
0.0,0.0,0.0,-0.10964010945569143,-0.12299840319258508,-0.04849013993831416,-0.18576497169799472,-0.2881394474932448,-0.08149690162083384,-0.2288058316040242,-0.4356862000781202,-0.11766835555029924,-0.24688394761934962,-0.5817565162403716,-0.14966671763108075,-0.07133592220679424,-0.4980313530939909,-0.0039044733565429773,-0.11795374305809254,-0.6468613868345339,-0.08255054760982351,-0.18292661901910046,-0.672004960252219,-0.14817434745915303,-0.24002818381859695,-0.6564764001475032,-0.1803746410457975,0.013228639434114356,-0.5269873246926776,-0.01622427809566128,0.0133172599443173,-0.7519287247703609,-0.05677707427168627,0.0021314168835957895,-0.8899438578146323,-0.08895539800693468,-0.011017963361815934,-1.0,-0.10774506221867279,0.0976498168340432,-0.4970290676053576,-0.044714065635009057,0.12200844344392721,-0.7089434867162457,-0.08879133109626516,0.13300581189844246,-0.850072273302533,-0.10738736222359528,0.1356027985046537,-0.974016091955637,-0.11417396926176443,0.17418205258363503,-0.4214421693052722,-0.07955609977059984,0.2245358208236824,-0.5760866758516833,-0.11320906079949646,0.2594782014997929,-0.6842869360496143,-0.11598361022154016,0.28238972382775385,-0.7850148334039723,-0.11198856875751685,7,pause track
0.0,0.0,0.0,-0.11196034895126404,-0.12763959045204215,-0.04025583854060016,-0.18415396456929675,-0.29571752759368386,-0.06726762295255974,-0.22252376048391662,-0.4410221254443375,-0.09860775288350093,-0.23716444198249123,-0.5832497578427577,-0.12639977232953084,-0.06521397824945944,-0.49718148862817346,0.008307948206665723,-0.10984910505110168,-0.6438900629073253,-0.06660120756069347,-0.17485543250890206,-0.673541279967437,-0.1316564016231356,-0.23123851378957339,-0.6626898811172439,-0.1640241026672044,0.017849398853253477,-0.5234304155617207,-0.006491592196677194,0.01722384510505722,-0.7464781232163379,-0.044873902437977516,0.006452782780745554,-0.8873216720402877,-0.07667878395307849,-0.005434880742340104,-1.0,-0.09507454291136623,0.10107161274428042,-0.4928296972766683,-0.037013458746996165,0.1266027136913333,-0.7056735949906733,-0.07940594121833133,0.1368501348888525,-0.8472435390305447,-0.09763302216388459,0.13972097976896744,-0.9717578090928706,-0.1037487262714529,0.17728970575408454,-0.4171969132411427,-0.07326457724184163,0.22664969143122965,-0.572837225956808,-0.10477219448343728,0.25953013078786413,-0.6793556551558452,-0.10573610846367602,0.28117493316766157,-0.7789894736197802,-0.10048340992151618,7,pause track
0.0,0.0,0.0,-0.10589571975719782,-0.1307109371338543,-0.04145793544218008,-0.17621006920242693,-0.29141113985831896,-0.07167736045576467,-0.2156394460272129,-0.43048260820543705,-0.10629294368427193,-0.23146330408684676,-0.5706362020464705,-0.13773429868147716,-0.054737102799526184,-0.4935805416856392,0.0011166292441519533,-0.09613996987058367,-0.6412882009989335,-0.0756456171721075,-0.1640434569140512,-0.6681875618306623,-0.14243618972834485,-0.22321103034308634,-0.6582698000740583,-0.17623661798171764,0.027079490480155566,-0.5173885004214255,-0.013773114870700424,0.030543579770557053,-0.7402386725328339,-0.053392923724768906,0.02119600396674534,-0.8834941498292362,-0.08647917835023025,0.010925769066004565,-1.0,-0.10656471036082601,0.10813678413625288,-0.48539115609843675,-0.04402426354346834,0.13530581537265052,-0.6961069086682788,-0.08629327459576239,0.14646771449315965,-0.8345949396296157,-0.10491892168868998,0.15006147317303542,-0.9560333924132627,-0.11207693214998508,0.1824392908431999,-0.4096238045448073,-0.08023285899189309,0.23359027138186092,-0.5649958830717511,-0.11228305931313179,0.2685715089998193,-0.671917128981962,-0.11423229269901665,0.29256423912892116,-0.7717235532467284,-0.11008881479229986,7,pause track
0.0,0.0,0.0,-0.10766059485007404,-0.12583076710388658,-0.04615154377758614,-0.18163923955492797,-0.28643195603129823,-0.07943610818667521,-0.22260800349663226,-0.42831617113938175,-0.11627241137342809,-0.23736757078839035,-0.5718335465401633,-0.1490629413981617,-0.061697418154838264,-0.4898558725854251,-0.005534688779687016,-0.1036659098276979,-0.6381367453670528,-0.08484508383702648,-0.17165539457551113,-0.6620200356062449,-0.15122633922882497,-0.22973227098175558,-0.6483768611326263,-0.1838196007409373,0.020451706690991764,-0.5135776729888176,-0.018501683521004446,0.022200928370353243,-0.7382161470517389,-0.05917367569546358,0.014615131990019627,-0.8810912607737869,-0.08912662083993209,0.007277607366592794,-1.0,-0.10632462805535832,0.10228992587163761,-0.480112149408585,-0.047505332314041485,0.1284165665027218,-0.6932761669376275,-0.09040110767956694,0.14153225782108858,-0.8347011170267035,-0.10612818963067808,0.1470540028047917,-0.9595345712007177,-0.11051394983426997,0.17713231481039887,-0.40127613192300887,-0.08298806391914179,0.22744349214072737,-0.5587293255278907,-0.11506763305520437,0.262304167162204,-0.6680999015364777,-0.11581500461947038,0.2860857338973504,-0.7691052285881079,-0.11020409121182959,7,pause track
0.0,0.0,0.0,-0.11011682842824065,-0.12272352650148716,-0.04819080447632268,-0.1859185075014163,-0.28283113784797553,-0.08122797036477727,-0.228640678279065,-0.42651716079528845,-0.11674837584889491,-0.24777662824119984,-0.5724152833631521,-0.1481203564878089,-0.06820793859123117,-0.488422363799597,-0.00878641829466826,-0.11206713838903815,-0.6409971195469306,-0.08597811268510783,-0.1784370283146911,-0.6635549686205142,-0.15072330024888742,-0.23548800383774132,-0.6490360711491232,-0.1830614162405703,0.016197679258437465,-0.513699712077383,-0.020735438980690593,0.017622569550626622,-0.7407927334429159,-0.06246118293031288,0.01049474411632724,-0.8833778442211965,-0.09584138701582653,0.0030151052787040014,-1.0,-0.11624374637404773,0.09932364103254626,-0.48185860536504704,-0.04815280893548855,0.12540522186788686,-0.6941191797809433,-0.09243257163627447,0.13756548192148396,-0.833854586656058,-0.11241001164012694,0.14168157605043294,-0.9571746163102166,-0.12054096152711416,0.1756783450108596,-0.4055356474087425,-0.08165736598493045,0.22515367681813456,-0.5616297640887159,-0.11463379556044473,0.25985882682038897,-0.6692394235903922,-0.11776479490681407,0.28330303403020196,-0.7694429048560985,-0.114681567955883,7,pause track
0.0,0.0,0.0,-0.11012984358808102,-0.12858989304850577,-0.04304595913872346,-0.18361392514408056,-0.29268830818527375,-0.07267489452287336,-0.2271834715400027,-0.4355968070132047,-0.10617468140545809,-0.2462425205606906,-0.5782206889906519,-0.13621454195701024,-0.06605397071960038,-0.49851784432578333,0.002534040484696225,-0.10930806037989214,-0.6501475864951376,-0.07285350885768158,-0.17343937139415,-0.6764550825511613,-0.13850039501124825,-0.23108740207569303,-0.6654101075652233,-0.17183785055808545,0.018602127737269956,-0.5222493660945996,-0.011841351115197999,0.017103247946232424,-0.7468012441515457,-0.05153369295798701,0.005473389168357235,-0.8876717789274287,-0.08664285004101871,-0.007958991851826165,-1.0,-0.10859500824993638,0.10268822533185097,-0.4893737416636415,-0.041733509138462625,0.12722818170185227,-0.7021238400904392,-0.08482912724340845,0.13609181018464958,-0.8430823682699622,-0.10643950549383262,0.13768566454735795,-0.9671125612846823,-0.11611382211419854,0.1797847161211587,-0.41263244656644676,-0.07738013464897013,0.22822343542818496,-0.5698503452379382,-0.10997747131035157,0.26135836038599874,-0.6775372403120566,-0.11365873327231447,0.283603123512666,-0.7787483732344166,-0.11121036668151495,7,pause track
0.0,0.0,0.0,-0.1064279718327905,-0.12559088971893245,-0.04432244100947974,-0.17855659443001945,-0.28554459001118543,-0.07567588054631423,-0.2226013193341432,-0.42623115747164014,-0.11045254795536827,-0.24088254569592274,-0.5681138658812298,-0.14204358685355914,-0.0596595224038072,-0.49266555363701137,-0.0010329922008046955,-0.10485662700282929,-0.638086006053189,-0.0774534324289655,-0.16949876671461858,-0.664919324398418,-0.14403608676107402,-0.22548790790827522,-0.6546094135119714,-0.17815962966920937,0.022881120673087188,-0.5175348789226851,-0.01510342469179529,0.02434118258849473,-0.7429350387490116,-0.056039577924157924,0.014973116153196271,-0.88538356062618,-0.09153745072868888,0.004463798314454839,-1.0,-0.11350748953334196,0.10510566011972237,-0.4849586102749019,-0.044487617186875536,0.13086795560353084,-0.6956758918197734,-0.08828553651217624,0.1414702097141563,-0.8360095119823127,-0.11058280723854388,0.14482418652941373,-0.9598843138912057,-0.12060769663986888,0.179843265533967,-0.40791383935378916,-0.07964853491301069,0.22830110991172858,-0.5630232740696673,-0.11220514107285084,0.2621593878116335,-0.6693465798098506,-0.11590626606792583,0.2853910496655648,-0.7690757713334611,-0.11360122471128484,7,pause track
0.0,0.0,0.0,-0.10836611750727608,-0.12402374258044362,-0.045860683306854666,-0.18287604193120702,-0.2817982386772215,-0.07800943323041098,-0.22596331847840462,-0.4244311610673738,-0.11339108737085708,-0.24253510459755676,-0.5676842187395031,-0.1447365384217431,-0.06801529897991737,-0.4879249101579575,-0.00444919686728675,-0.11014382860708005,-0.6399503891774418,-0.08163246384524114,-0.17549994170698224,-0.6676968112363633,-0.14616094224383705,-0.23191342387278324,-0.6555739723332601,-0.17800445403514384,0.015035380999850276,-0.5138351774713603,-0.017008044854912363,0.01647794490451242,-0.7397225041475407,-0.05822035642310902,0.009238916117401836,-0.8826960716531147,-0.0906778701144368,0.001045357992936754,-1.0,-0.11007349729458812,0.09686883649245338,-0.48320633890626635,-0.04519281779231108,0.12247061775837288,-0.6911861860911955,-0.08836556158139339,0.1350664284334964,-0.8313103999262526,-0.10800566734330422,0.13888966713331208,-0.9544677305217723,-0.11580827061608813,0.17217061206463627,-0.4084847822085492,-0.07952083881665949,0.22290331161579507,-0.5624013951763507,-0.11131604610632939,0.2578407121448607,-0.6701001555384242,-0.11445983035347733,0.28103274742072226,-0.7695965460407894,-0.11138872409359049,7,pause track
0.0,0.0,0.0,-0.11117530308565365,-0.12875187027323354,-0.045163810976515284,-0.18786190534867456,-0.28958612284841856,-0.07658851904762708,-0.23096524512175093,-0.4316086393143593,-0.11126121229702259,-0.24904806219570427,-0.574234833130994,-0.1425472280218464,-0.06724639374649312,-0.4925789640275115,-0.0036232286840656956,-0.11024391517315439,-0.6433499073972929,-0.08150223999672286,-0.17687855146026987,-0.6677422793396127,-0.14854165865154947,-0.23587468808061213,-0.6557747837522067,-0.18265567356898396,0.01603823880357209,-0.5166123149868768,-0.01743330164569901,0.01741978200177545,-0.7434474591709778,-0.05908532837586394,0.007268523921084065,-0.8847419112285075,-0.0941747639134561,-0.003729436317633423,-1.0,-0.11624452221098963,0.09875073750415077,-0.4839957131915699,-0.04678456229609804,0.125953355707983,-0.6992145357425938,-0.09119886571225921,0.13717382970891254,-0.8415433970983397,-0.11248323161873786,0.1411285767494562,-0.9676172551964034,-0.12197715537700773,0.1742388421079947,-0.4071255992294063,-0.08202869986647461,0.22399770524913384,-0.5660989406200582,-0.11533884108657413,0.25882654757000834,-0.6752058135760433,-0.11886119548418106,0.28241487100494955,-0.7781971319654227,-0.11650519312106004,7,pause track
0.0,0.0,0.0,-0.11355028594011173,-0.13237650908565288,-0.039617896981963184,-0.18770003890446263,-0.30023050509679217,-0.06577149166589134,-0.23041191060892405,-0.4425195022074054,-0.09608914448892523,-0.24663707057084994,-0.5831316093376862,-0.12337340732624462,-0.06692474831273038,-0.5003925813956707,0.005703432327205812,-0.10926648941813993,-0.6521676551680657,-0.06825523117667925,-0.17379776752968965,-0.681353998317728,-0.1327187916884959,-0.22970271147189575,-0.6710526963252966,-0.16511257135699298,0.017189314035899746,-0.5221507863160857,-0.00909470307935351,0.017141029445911265,-0.7452690328166062,-0.04784475641921705,0.006319437930467115,-0.8874693800350909,-0.08085742266659715,-0.005969297766760827,-1.0,-0.10075710335783565,0.1010338130525241,-0.48924283919540035,-0.039248626548278376,0.12635538995957318,-0.70227621860925,-0.08232732514402719,0.1349523535662168,-0.847204260730635,-0.1031101025382278,0.1364453315413702,-0.9746919550799541,-0.1115216452462552,0.177071739521552,-0.4137048273825908,-0.0747763226236946,0.22592421164642762,-0.5713386364370279,-0.10779847471707761,0.2581035842850575,-0.680017253283429,-0.11092952470700551,0.27939816487803526,-0.7821094830012102,-0.1076107472297677,7,pause track
0.0,0.0,0.0,-0.1061633572394735,-0.1279309762611915,-0.04425891790509368,-0.17744089849918998,-0.2879193725856366,-0.07745085977188787,-0.21762829483761087,-0.4302250062985446,-0.1144616224453717,-0.23124433178202164,-0.5732108450550476,-0.1480386348539767,-0.05298362151771695,-0.49261304423863533,-0.002861598417415599,-0.09282275649996581,-0.6427292509699003,-0.08103893854392286,-0.15989880023585074,-0.6711816749558157,-0.14801156149963438,-0.2169489963311686,-0.658305372328029,-0.18191090452460532,0.03003538894409952,-0.5148457168197015,-0.017002922294999844,0.033192253488940435,-0.7406480305291495,-0.05764598339522621,0.025764994596660845,-0.8828859005898912,-0.09070678899702146,0.017948982355387492,-1.0,-0.1109898778863888,0.11283501741495643,-0.4808057000034373,-0.04677595136046958,0.1426265478649728,-0.6925205019042946,-0.09023736328453047,0.15819179077726872,-0.8325806430899017,-0.10992607542385617,0.1658426621672206,-0.9573705436616622,-0.11826322376770722,0.18810343740002122,-0.40175022106286196,-0.08248329774869335,0.24062986201371364,-0.5549604390963788,-0.11589262911333018,0.2765112068766887,-0.6611189614710379,-0.11895720628740457,0.3011268634532191,-0.7615067705104975,-0.11594820172941131,7,pause track
0.0,0.0,0.0,-0.10363778312268516,-0.12789872948479136,-0.04482317110525732,-0.17620901090111224,-0.28729792436941626,-0.07860833440437533,-0.2173910753312591,-0.43022670578982125,-0.11633091274311816,-0.23060762141179705,-0.57296296061625,-0.15056871774451935,-0.05854396305077244,-0.48792086469937873,-0.003680150421397058,-0.09884202353236832,-0.633057671180914,-0.08045628816806794,-0.1638346350762232,-0.6628563908103591,-0.14466447980058122,-0.2214461953439558,-0.6507707285375788,-0.176590582032508,0.022396446151449114,-0.5136623268281686,-0.01820622396709033,0.024771347951053662,-0.7400458140008362,-0.05676827446005231,0.01773076797117811,-0.881649658242394,-0.08756190885296641,0.011084249164223124,-1.0,-0.10651041516493018,0.10392374847599017,-0.48176428866805415,-0.04837749868246281,0.1317510934968532,-0.6936994259852426,-0.09119321462374877,0.14785401170992243,-0.8353849528023574,-0.1107393778366802,0.15589569944293247,-0.9608280139782552,-0.11943173026355731,0.17850803187819006,-0.40431287052494946,-0.08455202045197611,0.23163025672222787,-0.5570773027863911,-0.11789780592498197,0.2703940588827549,-0.6634361080802464,-0.1213555553074197,0.2976451982210909,-0.762933271671895,-0.11900958593411057,7,pause track
0.0,0.0,0.0,-0.10997879930696702,-0.13211178048248975,-0.04017360731887606,-0.1798541794835186,-0.2973628350446247,-0.06978530071075498,-0.21437873540104072,-0.4378978805514598,-0.10387991182555073,-0.2295433241994035,-0.5781833139535454,-0.13466862767582138,-0.04816092400912326,-0.49803789856665803,-0.004387488259456291,-0.09109469610216323,-0.6604687284060209,-0.08914410900408448,-0.1626583885186273,-0.6773598553818037,-0.16214459230082,-0.2245208607435631,-0.6521903625550478,-0.19811192211126838,0.03046313173670889,-0.5211840304448355,-0.01910319285496543,0.037112321199810894,-0.748974352356237,-0.06367153472569707,0.027639966557205443,-0.8886116600871224,-0.09862496850938858,0.015278776534763222,-1.0,-0.11875569263933193,0.10855839534702127,-0.49212447672122084,-0.04900739532713809,0.13915858503915218,-0.7033029333669635,-0.09226964094087511,0.15421682731906472,-0.8474963154443569,-0.11041551593748543,0.16044226429543879,-0.9723100456783618,-0.1164421453670793,0.17871899982651304,-0.4175807947662484,-0.08500206219626065,0.23667409513161647,-0.5737412639847306,-0.11433815668653084,0.2749748509270117,-0.6784293648384758,-0.11322923694172328,0.30134829742654495,-0.7722265857148038,-0.10655584997010294,7,pause track
0.0,0.0,0.0,-0.09949917741020078,-0.12739344472209227,-0.03966997526334592,-0.1629641462413795,-0.2863075670232138,-0.07054367423816195,-0.2004475328011116,-0.41718509052291186,-0.10552417866975092,-0.2102489660048337,-0.5459533357252462,-0.1386545480596906,-0.03841969786676031,-0.486624432079185,-0.00944244138883175,-0.08521599268395859,-0.6305775201611625,-0.0850935667499958,-0.14835201011534008,-0.6501191941704944,-0.15130673139853887,-0.19570613618604857,-0.6320806218297119,-0.18635980143552053,0.04170329547265,-0.5082530711357403,-0.027004699265768258,0.049141045519452885,-0.7337602432820425,-0.07144995985537053,0.04154625752279818,-0.879373555502308,-0.11206284841970306,0.03485836791253206,-1.0,-0.1389107384018567,0.12025033100100706,-0.4734946057295186,-0.05761328840910427,0.15411187136749374,-0.6892852026385419,-0.10390994391491987,0.16977628008538198,-0.8297602973747701,-0.13106102786133933,0.17958717951643638,-0.9532502756404811,-0.145855959372762,0.18961732353409766,-0.3933660340775732,-0.09287438301770747,0.24684709126922247,-0.5452947567665565,-0.12600991868573364,0.2853905262503978,-0.64877059485519,-0.13036931710698665,0.3138145642133502,-0.7441668388759363,-0.12982253682868802,7,pause track
0.0,0.0,0.0,-0.09450092895162554,-0.1419073957014995,-0.040356873573013215,-0.15573419071405575,-0.30688818382097866,-0.0757330944252139,-0.1967573214227298,-0.4422033899695094,-0.11623302066128817,-0.19450020908131882,-0.5706929498909215,-0.1545791108861875,-0.01809917972145393,-0.5002562829414703,-0.012906315165515771,-0.05419712181271726,-0.6621449091637577,-0.09835557694079432,-0.12467716322621815,-0.6756219747792072,-0.17052201706093428,-0.17754534977905906,-0.6425376467111632,-0.20692715697137332,0.06043684828387019,-0.5083104470768208,-0.029210638663294517,0.08190374532118472,-0.7347437384723933,-0.07452961820795194,0.08248893609456144,-0.878361145082206,-0.11056134248231585,0.08328808325783048,-1.0,-0.1330197469635905,0.13760038431962096,-0.46203645477906863,-0.05978630414010973,0.18115472482319667,-0.6741102471351212,-0.1042369970790659,0.20218405006142134,-0.8134541755621526,-0.12382530598434455,0.2174598802154034,-0.9381643252505263,-0.13233593851433603,0.20283484926781445,-0.37252140224539393,-0.09579706446986136,0.26730497597136704,-0.5220918629232074,-0.12792827058340095,0.31068527188180206,-0.622392212862187,-0.12787946292099206,0.3474278168274514,-0.7171116543448866,-0.12246442078443155,7,pause track
0.0,0.0,0.0,-0.09429060770273066,-0.12966765832605273,-0.0475917212404895,-0.15648085460625316,-0.28757148328459314,-0.08757318732321018,-0.19564905932819993,-0.41621658065730444,-0.13156634988324584,-0.1919174609774072,-0.544552100510625,-0.17321172490185702,-0.027150491569022397,-0.5030415569895131,-0.019140162490523444,-0.0621267582289469,-0.652822764529121,-0.10688877964538805,-0.12790308519374816,-0.6667642407063537,-0.18080639372601492,-0.17931186891742446,-0.6376478476121984,-0.2183714391840932,0.05737241164258686,-0.5147783468036075,-0.033816267830220625,0.08178202783575723,-0.7389862600394979,-0.0793742816600766,0.08652963226198536,-0.880036744772719,-0.11498139679276137,0.08916225851127486,-1.0,-0.13694772906701372,0.13804891249893483,-0.4680699723852358,-0.06377474326394285,0.18301799688549658,-0.6758270148992375,-0.1094408979478245,0.20867622367865366,-0.8111811234498885,-0.12936684889673672,0.22617774768776683,-0.9345306286034271,-0.13810351791379533,0.2052540155650258,-0.3757091207380418,-0.0999393214996881,0.27031117878242206,-0.5201778806581472,-0.13434422520384962,0.31759806799655776,-0.6177931224348188,-0.1358196931050807,0.35625443039515614,-0.7133383337687645,-0.13130578178134183,7,pause track
0.0,0.0,0.0,-0.09282571663357667,-0.1359719989563152,-0.04255401704870435,-0.14637679420814914,-0.30673836501376583,-0.07562119579978403,-0.17484157284500082,-0.4475081650341597,-0.11265791305492298,-0.15702770263380458,-0.5727561526419022,-0.14746619782792153,-0.021754492643221747,-0.4977006319091634,-0.004772434532913186,-0.04718400043186958,-0.6395669757733164,-0.08522489899704346,-0.09457756257610202,-0.6793282178782007,-0.15498892205895376,-0.13356016483022126,-0.6736306885320633,-0.19137268025772772,0.06593058896213344,-0.5133570286773395,-0.020924308986164243,0.09421842103684687,-0.7412132161087351,-0.06437943651421327,0.10731452851238926,-0.8833309215616884,-0.10109408501848997,0.11848371791718901,-1.0,-0.12418390095657668,0.14770989161273296,-0.4697646310814134,-0.05200387901070433,0.1966159344877847,-0.6767315645675006,-0.0981501225326607,0.2274749275718733,-0.8082184180377526,-0.12180345188344677,0.24858349028593366,-0.9259527372733435,-0.133197175041553,0.21651679942657318,-0.3790268463923895,-0.08844481915927946,0.284483585957041,-0.5207702273913278,-0.12104913281280609,0.3323060185823881,-0.6149149831750811,-0.12375675261162686,0.36820142816869306,-0.7054793827264166,-0.12151804588855722,7,pause track
0.0,0.0,0.0,-0.08766187350060177,-0.13201824617726257,-0.043751304507734005,-0.14402927529916204,-0.2959988026249057,-0.08136103457364742,-0.1723700105254937,-0.4334434468596769,-0.1222211451332693,-0.14770993625617862,-0.5541809434324144,-0.16061778551198577,-0.016977600847258443,-0.49443856174077166,-0.017096949619660805,-0.04298006232538668,-0.6409134719422993,-0.1009491680161064,-0.09030694665809517,-0.6709930478060954,-0.17291474991263,-0.12547387554568265,-0.6551938101821244,-0.21094682135476803,0.0694941668038193,-0.5052220204437259,-0.03366946481005258,0.10074893724572788,-0.7360388095661025,-0.08035186185844095,0.11626504710377443,-0.8804287512425283,-0.12141095052067438,0.13147323920717516,-1.0,-0.1486598777944895,0.15112927718171007,-0.4556327234561196,-0.06412543960739442,0.2007478375394613,-0.6672268334293557,-0.1120201463203929,0.23338562840477914,-0.8006249313848527,-0.13973500422809176,0.2586924790715646,-0.9204789351264634,-0.1552480502858405,0.2215298628964511,-0.35743845978495337,-0.0996231948552766,0.29314385332229653,-0.49942190864646846,-0.13323074258672238,0.3437558771378336,-0.5967028569436852,-0.13882234122226647,0.3844481776469231,-0.6925940747453574,-0.13972951734618957,7,pause track
0.0,0.0,0.0,-0.09696510540995598,-0.13229665647642203,-0.04600314851486927,-0.1574265090544461,-0.29684886422290674,-0.08444318032316944,-0.1783050873618855,-0.4377996642125431,-0.1255662507718336,-0.15578340330895993,-0.5709788790534888,-0.16276285640422075,-0.0263913064969195,-0.49433062367274005,-0.022580907065606642,-0.05377597350156639,-0.6538201106073667,-0.10520886057207185,-0.10152453091462484,-0.6818265926246198,-0.17162760208390185,-0.13660617996656826,-0.6530896984693317,-0.20439353457765017,0.06343193009064645,-0.506253154783244,-0.037128572130940396,0.09530435952226819,-0.7372871997064386,-0.08418895440660328,0.11151638521146029,-0.8809306939025562,-0.11999240224589716,0.12585745331839557,-1.0,-0.14206802957804798,0.1456570429278373,-0.45878996342059264,-0.06584951723187785,0.2011812280221744,-0.6711662504389363,-0.11426011400523858,0.23485350321280277,-0.8035817941237379,-0.1382591255141451,0.25913497520181883,-0.9231905945701805,-0.15015159028852676,0.21564559337303957,-0.3615758747535204,-0.09962788019176876,0.29099490953271445,-0.4993707430524024,-0.1350980372974477,0.34210428153813954,-0.5961335380814838,-0.14039408803711176,0.3832778434485155,-0.6897126549461396,-0.13967466653455016,7,pause track
0.0,0.0,0.0,-0.09148812792979209,-0.13501556605593684,-0.043408506756653906,-0.14586492493205064,-0.2998085842119479,-0.07868551714532389,-0.1666940134964719,-0.44336934339840917,-0.1168997179213007,-0.1447616155809855,-0.5770504442627733,-0.1514461678940921,-0.010648134291085427,-0.48941785871798305,-0.015181919951595454,-0.03445556308444833,-0.6487266053881309,-0.09600570693112068,-0.08797589343896062,-0.6886911422596511,-0.16263334651625183,-0.13317677724041757,-0.6761477825086791,-0.19581165863505656,0.07040552523763795,-0.500972224876768,-0.029093807755997222,0.10536216638820983,-0.7361350671343636,-0.07671930637735638,0.11513706531612995,-0.8811368539942539,-0.11297146602562447,0.1199013638915825,-1.0,-0.13427265929101986,0.14765160451363332,-0.4547648575326332,-0.05707494220737715,0.20190416877477668,-0.6626707839572799,-0.10478126705129286,0.2342892462768944,-0.7984316563055238,-0.12910932614280352,0.25611165584393336,-0.9193450031572066,-0.14011768354435222,0.2141438885605266,-0.36313554783753893,-0.09014198127776284,0.29042946302967054,-0.5074137556116596,-0.1222852365488192,0.34169250791825956,-0.6053870489981864,-0.12640495381745873,0.3804341907255661,-0.6977595012803726,-0.12498247540853213,7,pause track
0.0,0.0,0.0,-0.09388816960687693,-0.1418973134236707,-0.03717728264416357,-0.1435427863114792,-0.3219229005449268,-0.06505385292118959,-0.16754923253809284,-0.47308434414124717,-0.09792454687590642,-0.15229371030573344,-0.6122414043320313,-0.12814403444801634,-0.002086383934986506,-0.4949585302631882,0.00608144627890495,-0.032042451701050884,-0.6480453449343515,-0.0693649800611924,-0.0896943379702776,-0.6930309457077846,-0.1359825336403637,-0.13913920954110084,-0.690446885659627,-0.16994573756065198,0.07631081337020802,-0.5089222009779657,-0.010260082285838553,0.10629008698086072,-0.7406521949069598,-0.04683434745380335,0.11677091743592553,-0.8855887599457126,-0.07925891462463781,0.12355951951049235,-1.0,-0.09975365832233206,0.15321587486837376,-0.46478075742805697,-0.0416718224204985,0.2039449221774151,-0.6767535630343035,-0.08114763050602168,0.23208986302660978,-0.8131515375567852,-0.10133492465456086,0.250581886553052,-0.9321354000339519,-0.11098530941638945,0.21931843720418126,-0.3778007892486251,-0.07863507346650195,0.2903067223583136,-0.5243896104220661,-0.10756475676741552,0.33966626782365056,-0.6232631094725009,-0.10990370508210891,0.3754289734252023,-0.7170374811876465,-0.10764999361965338,7,pause track
0.0,0.0,0.0,-0.09532261474795665,-0.15011256965837264,-0.032878384874435215,-0.14965283894735598,-0.32425510663477647,-0.05909072017507035,-0.17510555554673832,-0.47050413960436355,-0.09113704337863336,-0.16646783798363204,-0.6073413016463015,-0.12035355167891529,-0.00848588475060711,-0.4911061417166207,0.005586113269514462,-0.04545214876935185,-0.6447315865682451,-0.07025010675816372,-0.10892549452793486,-0.6916850461961472,-0.13475153678166518,-0.16277482664872184,-0.6894489950202012,-0.16671045912843968,0.06949093332388126,-0.5091328053924807,-0.012209698278080716,0.09332745047314173,-0.7383698446279487,-0.054304983210164186,0.10040275372876523,-0.8839388923187939,-0.08650176704379633,0.10497801774768631,-1.0,-0.10522865155616172,0.14446230816558983,-0.4712349121653352,-0.04441519602122086,0.19298567675199813,-0.6811139731860785,-0.08808905146897689,0.21982746078930843,-0.8157927639056196,-0.10763197673002439,0.23638958148281583,-0.9331708140301983,-0.11500679048794646,0.2090302256630606,-0.387937773587827,-0.0816101956870476,0.2816613295934143,-0.5331558070936784,-0.11101996678982466,0.32906561452346983,-0.633886650192542,-0.11235534827902416,0.36172906713108816,-0.7274728865569062,-0.10852482111937875,7,pause track
0.0,0.0,0.0,-0.09631576279634266,-0.14884697750907439,-0.029790303849338864,-0.15525306867236802,-0.3153331892509877,-0.05574924581471827,-0.1874973600547419,-0.45650082999878916,-0.08831939994000233,-0.1860415182430777,-0.5938340382573827,-0.11831813188629668,-0.01909613202260638,-0.4888655028849322,0.008799452765967962,-0.06261158168624216,-0.6420352147577868,-0.06806513493244153,-0.12446409111260669,-0.6885067871232622,-0.13247572931435642,-0.16976995165028258,-0.682222485434542,-0.16365236083572518,0.058384149346279154,-0.5062228789623818,-0.010704618172617055,0.0754089803193841,-0.7313412189084847,-0.05398300693944759,0.07549785847640664,-0.8797346538222184,-0.0870800501391598,0.07520640851991293,-1.0,-0.10578561876048886,0.1330081859422563,-0.4694673611247997,-0.044686689957876516,0.17991156535378083,-0.6698947330628152,-0.09054861371502548,0.205580809076343,-0.8088164843813799,-0.11236753027797164,0.2218997186874333,-0.9315638190926473,-0.12045814851091197,0.19710218488909415,-0.38732326446478804,-0.08311622733298951,0.2680229062770154,-0.5318119563472732,-0.11456025780957355,0.3127847620951732,-0.6346247124219632,-0.11752751228058483,0.3442474536848004,-0.730730511572112,-0.11431422591129099,7,pause track
0.0,0.0,0.0,-0.10154083612367526,-0.14184766895760437,-0.03634808073609182,-0.16645264462423504,-0.31215236011180164,-0.062215129399853526,-0.20128006954242478,-0.4597026234788689,-0.09278933137898975,-0.21014869001173458,-0.6059895059444309,-0.1202971105096429,-0.0293231504021297,-0.48890984649077107,0.00710937744686717,-0.07905705151116256,-0.6389089446387172,-0.06717390928858775,-0.1479161701372794,-0.681978071511089,-0.12995872598759559,-0.2018371164129894,-0.6800643064293646,-0.1608530799734577,0.0470609166914603,-0.5101108997839232,-0.008568031074908004,0.056715812058234776,-0.7380968224862713,-0.050929660346600306,0.05136248831313564,-0.8819312802744292,-0.08312624382456561,0.04648793418266199,-1.0,-0.1012822275866756,0.12233159051153573,-0.47661488868431345,-0.039317455985523955,0.16193672991247132,-0.6814967627013604,-0.08640248955806115,0.1801713028575051,-0.8186513861991419,-0.10847706974593006,0.19000026442652454,-0.9409495293820772,-0.11638948625237935,0.18945897807728995,-0.39916330894596963,-0.0748749706371175,0.25842789500200597,-0.5453937162100989,-0.10773393927560633,0.3032334810911394,-0.6459046022648569,-0.11165593406377705,0.3342918648917051,-0.7408158626495083,-0.1091435865708995,7,pause track
0.0,0.0,0.0,-0.10726315894138741,-0.13736090216499997,-0.03646775641287711,-0.174766443050698,-0.3014813666998311,-0.06275809470803348,-0.20910367683854025,-0.44600355860268576,-0.09419506554714903,-0.2183511866217939,-0.5859234658442513,-0.12349987312768901,-0.03457551814749221,-0.48084138312983693,0.004642241667891077,-0.08736817476556312,-0.6283875337859153,-0.07011102714992988,-0.15801614367737354,-0.6656390873638631,-0.13480750210767797,-0.21412771073757017,-0.6616197546533424,-0.16727624290418655,0.04291652664820755,-0.5084341488237174,-0.012012619603073526,0.054222362775970555,-0.7342628711171111,-0.053012650466529636,0.04750922010004247,-0.8799450714074343,-0.08665284420720075,0.040221308798843565,-1.0,-0.10656801171943373,0.11857990616981386,-0.47926376116374986,-0.043233779980150606,0.1598875734266479,-0.6841378026257564,-0.08876605052828294,0.17296681538320885,-0.8222362599985059,-0.11116602873247944,0.17720648193293315,-0.9424205379295817,-0.12006037962450151,0.1845846737928473,-0.4031356919437272,-0.07948750680297097,0.25606206234057366,-0.5444889130458311,-0.11304460789247076,0.30125284953512993,-0.6450633912950359,-0.11713258594496777,0.332229464318633,-0.7392363091864517,-0.11446501981643833,7,pause track
0.0,0.0,0.0,-0.10698727869842588,-0.13291833207065498,-0.039730006894104,-0.17629488909353155,-0.2994547511967645,-0.06750928559604139,-0.2159919165175009,-0.4458303083188411,-0.10018021574081191,-0.228236004680835,-0.5892720037432634,-0.13014792965505922,-0.03543090106073761,-0.48272366306064457,0.00719963197293553,-0.08704895826840708,-0.6247664630286899,-0.06807856076891712,-0.15815990160765436,-0.6617964152810125,-0.13316561754028222,-0.21527609640132278,-0.6570689650631676,-0.1660631878427895,0.04062511796459175,-0.5105853414015993,-0.008354292988854916,0.049497459865702524,-0.732034486482026,-0.04950790535545068,0.03980799095436537,-0.8774103183793004,-0.08245306751232186,0.029927496218548993,-1.0,-0.1020486980599497,0.11518049570148,-0.4810825616071452,-0.0395578169972281,0.15443472245510323,-0.6830913175426845,-0.0852055874554706,0.16636172179581832,-0.8213717164144383,-0.10656353767638811,0.16979579725628624,-0.9431332975745164,-0.1149347330714016,0.17992104382971663,-0.4051312731923874,-0.0763358243152027,0.24845858136989044,-0.5459056300823536,-0.10976388961688918,0.29236572666627453,-0.6471519506844361,-0.11385373847297282,0.322975508136594,-0.7422311043768265,-0.111668222198468,7,pause track
0.0,0.0,0.0,-0.1106190541757527,-0.13601988863300443,-0.038909505538356245,-0.18117351053826736,-0.3031490247721314,-0.06743959862419527,-0.22185108286745894,-0.4512611010466874,-0.10141292693961985,-0.24233581952961764,-0.5958099993401034,-0.13324958742001228,-0.04237818998712806,-0.4827334234811241,0.007678155106043757,-0.09894424453746653,-0.6239363560932049,-0.06837854536069908,-0.17313894004088196,-0.6642143878369547,-0.1336477550514958,-0.2334663172875948,-0.6601433267276308,-0.166452238236039,0.032387302886647776,-0.5103430223316563,-0.009203848771441828,0.036564949157647714,-0.7357551743229755,-0.0513352550899385,0.021610514973282095,-0.8790294441289457,-0.08449343318135412,0.00828640320419775,-1.0,-0.10401906814290394,0.10767157465121917,-0.48202291431598643,-0.041726073902983996,0.14218706600925385,-0.6929109268770434,-0.08868632473310491,0.15088293900191826,-0.835058276074197,-0.11081227957315644,0.15235439416879873,-0.9585071785941145,-0.11973409685279908,0.1728948398107617,-0.4078960537217333,-0.07958205285606114,0.23876939039350487,-0.5536301298063164,-0.11412637075540027,0.2831009094359149,-0.6594025027390981,-0.11912633956188635,0.3144777182093939,-0.7572516352650496,-0.11766747163689384,7,pause track
0.0,0.0,0.0,-0.10912739550794759,-0.1344597906487021,-0.032098746633333314,-0.18061903631454274,-0.30003304737815595,-0.05691832833635779,-0.22583126538154777,-0.4472884071163729,-0.08869117287021898,-0.24621782577285606,-0.5872416625819994,-0.11888640004319083,-0.04932889058158262,-0.4732980600249691,0.011593691313169213,-0.11115669239295467,-0.6225511209636513,-0.061892540493694054,-0.1856629030798107,-0.6640140523941843,-0.12544240851766578,-0.24205095273797955,-0.6613624059174448,-0.15729827711719133,0.02284231362388839,-0.5041190525393537,-0.006135951539246492,0.02426685202801598,-0.7323557742394406,-0.04374267703828752,0.013673587544810366,-0.8788299520257957,-0.0750656459908308,0.005123966095268675,-1.0,-0.09403325593100395,0.098790141463273,-0.47949465691356274,-0.03864274127572994,0.130862152298031,-0.694871593430147,-0.08113764273562135,0.1441955311746934,-0.830948229189972,-0.10097176432435485,0.14981204837384698,-0.9469217263882034,-0.10886830510925996,0.16827263830797423,-0.40946589630125546,-0.07616799380637349,0.23464475349388494,-0.5565235695267308,-0.10855346905670524,0.2788071518966804,-0.6607374945134521,-0.11251841791439315,0.30992548542072645,-0.7561764439654804,-0.1102245178455658,7,pause track
0.0,0.0,0.0,-0.11263386936256209,-0.1380334852016492,-0.03411716605888887,-0.18697603349037073,-0.304735658507442,-0.05755995788910453,-0.22417320708805233,-0.45589433388293754,-0.08637133919664565,-0.23931204009825677,-0.5994260765106332,-0.11251027669605848,-0.06850373217647739,-0.48014124545146825,0.013542304903264746,-0.12256637474917154,-0.6287253100143942,-0.05650190722123306,-0.18907451483592919,-0.6777824805442694,-0.11576174948314258,-0.24241890179011305,-0.6777113441927446,-0.14528309947551,0.005986612171462565,-0.5089831386744919,-0.0037768301024948777,0.00029553995177907135,-0.738151643748167,-0.043812247718620564,-0.011227400311367175,-0.8810557126859375,-0.07819331510275518,-0.01979986398762408,-1.0,-0.09899589806614051,0.08527041433806908,-0.48352387332264973,-0.0357840140535104,0.11067060451909468,-0.6924677475207607,-0.08303425869240788,0.12326149259244536,-0.830994633472,-0.10949255082183518,0.12790873936334113,-0.9533662242551739,-0.12194920697927511,0.16180919023407017,-0.4153742639756778,-0.07209770616430441,0.22303059482584373,-0.5653369953375331,-0.10712957475749445,0.262697602856744,-0.6705862222014912,-0.11448642320871782,0.28853035456630355,-0.7690208819652242,-0.11554470976702831,7,pause track
0.0,0.0,0.0,-0.11012072903145546,-0.12756825667592128,-0.03661007664136059,-0.1806553691581084,-0.294551657428071,-0.06095976083247253,-0.2146531902145241,-0.44169679022819663,-0.08915723467039535,-0.23018550264996518,-0.5829982177795661,-0.11401249403338393,-0.06514897355657612,-0.48266890402393803,0.003290946830502503,-0.1156076962406873,-0.6312386524346806,-0.06518954301687836,-0.17783869885660294,-0.6692512650426079,-0.12243561579874955,-0.22776453797015905,-0.6598198288237779,-0.15069340647929427,0.013953560063609868,-0.5121552287579852,-0.012936296516056066,0.016993483708253106,-0.7386841099734511,-0.05243871605807995,0.012352648176963474,-0.8837160993812031,-0.08445195565214327,0.00835338336032234,-1.0,-0.10328598868723138,0.09270229517174698,-0.48328786298877513,-0.043123518365624086,0.1271847613991201,-0.6892907775679533,-0.08855465038104667,0.14428813821145656,-0.8280511343617685,-0.11202010680656542,0.15351177244951994,-0.9498230197185388,-0.12260344209016218,0.1644106358586098,-0.40890229112424376,-0.07771214204758048,0.22782106734468752,-0.5533684591792153,-0.11226125169674148,0.2702595531156975,-0.6559277437012427,-0.11735913664265624,0.300743056016427,-0.7514090606110592,-0.11630818961923495,7,pause track
0.0,0.0,0.0,-0.10546967009762657,-0.12766278123023192,-0.03856910993054217,-0.17392019938397874,-0.28690203707700634,-0.06682792699346084,-0.2069518295707379,-0.42743918947743226,-0.09864781335461735,-0.21239752279316657,-0.5647841651816632,-0.12753367392521628,-0.06401093559512842,-0.4785814559777954,-0.0028085251802430905,-0.10975791240401331,-0.6183251751417107,-0.07728026242980407,-0.1670063273326381,-0.6525791613500093,-0.13909672613778346,-0.21090935150225754,-0.6380095138776548,-0.16997799632647428,0.015511897837956028,-0.5078901940775288,-0.0194137464844781,0.020277565768512352,-0.737635331016742,-0.06376426258214099,0.019043242428171802,-0.8824400293016281,-0.09846964989596647,0.018286485503986736,-1.0,-0.118707626717945,0.09606349831197449,-0.47778077195401114,-0.05014272594180102,0.13380025587535516,-0.6850819064417543,-0.09994303802835655,0.15420397126322935,-0.8246061308996594,-0.12507332517220388,0.16459090002262527,-0.9493849290908203,-0.13639647664030527,0.169993651689356,-0.3990108236654996,-0.08517175003370327,0.23503293194946073,-0.5439765879822495,-0.12225803982275042,0.27912166074847555,-0.6463843139706339,-0.12733083667103734,0.31019923896299945,-0.7440793450131549,-0.12609415506493304,7,pause track
0.0,0.0,0.0,-0.10271159800454922,-0.1265689226614769,-0.04487898346474671,-0.16820491456504122,-0.2822110879781136,-0.07857932480976658,-0.1989629292297052,-0.42231230363471695,-0.11561393206898968,-0.20474234390246973,-0.5602882559818766,-0.14947928747249598,-0.05584729907221818,-0.47091794207311366,-0.009513803388145742,-0.09102819763771139,-0.6118795827075001,-0.08848860919689927,-0.14834203118155614,-0.647410675600383,-0.15354472742092493,-0.19586512702330056,-0.6351766100549235,-0.18603099482725757,0.02327504022180449,-0.4989174233675495,-0.02385409665930248,0.034463560083224334,-0.7254945486563859,-0.06778443320867839,0.03512589671564759,-0.8738547889899638,-0.10152733206483731,0.036077809918916515,-1.0,-0.12169732045522656,0.10378604008123664,-0.4683356460658191,-0.05318793865763949,0.14331902808736172,-0.6744483052384838,-0.1013842540782726,0.1655864725400882,-0.8146353932138745,-0.12488763196106216,0.1776552942854235,-0.9391735019058345,-0.13561363936112542,0.17651455047389744,-0.38953072462554666,-0.08795001821767914,0.24245863714537677,-0.5321976268199367,-0.1255055688947703,0.28730597467804686,-0.6354463097196369,-0.13157188832822403,0.3194703485231697,-0.7328337218519695,-0.13086356933247068,7,pause track
0.0,0.0,0.0,-0.10224842527527447,-0.12449246379707236,-0.04752113363079286,-0.1691964660003521,-0.28013502582436806,-0.08285378233126399,-0.2018876823829894,-0.4211637971325915,-0.12110283002235357,-0.205532515137344,-0.558469448597266,-0.15598693803096889,-0.05961742504663602,-0.47484900126751484,-0.01134402359467575,-0.09449813726911749,-0.6142127333214542,-0.0914728479273469,-0.15175396870376587,-0.6479032141400133,-0.1570175173025684,-0.19931665407939636,-0.6329108350870422,-0.1896739561513521,0.02087388063681261,-0.5033168633802638,-0.02486020381302714,0.03163855613716246,-0.7291192106948461,-0.0683402551251957,0.03233979433780933,-0.8759408251311994,-0.10099763492457065,0.033294629177812264,-1.0,-0.1205989739817385,0.10199616687675933,-0.4719731217003581,-0.053907060007606825,0.14179197005980532,-0.6747877031457961,-0.10175259513097556,0.16438388428820275,-0.8146874006565276,-0.1242184219801417,0.17654434498564167,-0.9389640062059581,-0.1346072358123061,0.17464123268575635,-0.3918904478576872,-0.08869445084144663,0.2389977700223747,-0.5329740201283467,-0.12640951534498973,0.2838578780197488,-0.6355239176090615,-0.1319979672766835,0.3159981406481756,-0.7332582892477768,-0.1311040474869586,7,pause track
0.0,0.0,0.0,-0.10131571569691486,-0.12444300066016356,-0.04627546122401377,-0.16721851837662663,-0.28196952282454885,-0.08142109410600494,-0.2005940631158341,-0.4219243994830765,-0.1194410931568117,-0.20100441596849783,-0.5578690524357284,-0.1548610275804077,-0.05878311341503683,-0.4761092737356583,-0.014184298840360158,-0.09849531345088552,-0.6133274332217162,-0.09450915539092533,-0.1565297010872097,-0.646918312302133,-0.16038436015952148,-0.20230812716269828,-0.6324714701338299,-0.19345809373914277,0.021616042859135518,-0.5051239112573611,-0.02821180222736888,0.03179669532084396,-0.7323554580007051,-0.07285024411287834,0.03198693759417724,-0.8790263981671893,-0.10704376167468548,0.032995329276378736,-1.0,-0.12783105994883892,0.10258780954017238,-0.47374106687907247,-0.05713271238259628,0.1426292336515844,-0.6830537826948215,-0.10596637521469493,0.1658961058556982,-0.8240834474725308,-0.13039831316557643,0.17961373082353008,-0.948296246909446,-0.1422357316344349,0.17441906733456414,-0.39348223782631925,-0.09131938512427906,0.23806210394432845,-0.5400316193690717,-0.12954349267493637,0.283340303165324,-0.6449011253119733,-0.13586570153303504,0.31665557312486153,-0.7436502184573955,-0.13562155840343998,7,pause track
0.0,0.0,0.0,-0.10329833667714916,-0.12157489762450094,-0.04616644054429767,-0.17208039221039154,-0.2803448999757961,-0.07978421584109364,-0.20935604115870687,-0.4217463436886286,-0.11579956618779622,-0.21754919717598004,-0.5589697845364172,-0.14852204487423037,-0.06121997602369911,-0.4721390492679316,-0.012283759265775684,-0.10254871316549832,-0.6089316564328989,-0.08970796335982018,-0.16026471071787526,-0.6425690639603086,-0.15391378277127563,-0.20717464080427164,-0.6295931798757045,-0.18598237311936824,0.016498355888537906,-0.5043774666667841,-0.025274902043313018,0.02617165592619521,-0.7324571264599148,-0.06899363146058947,0.026223003714179245,-0.880115989098282,-0.10290901901072892,0.027191295642205363,-1.0,-0.12356792595180503,0.09480440997564232,-0.47839812785152114,-0.052917747457274754,0.13028275086222624,-0.6839972112325386,-0.09817338797452717,0.15129415731946122,-0.8221338365868164,-0.12084273355509825,0.16308084560187566,-0.9414915665322705,-0.1315236153849383,0.16511199609648425,-0.40545615633897586,-0.08620734654282348,0.21989913749941828,-0.5583979137895027,-0.1189858640915397,0.25750129876710437,-0.6638687089899341,-0.12267034731161774,0.28291276356301354,-0.7607859991517454,-0.12101275536165026,7,pause track
0.0,0.0,0.0,-0.10763701470530154,-0.12048186589188972,-0.04365037881785922,-0.17711700745442632,-0.2779677700621894,-0.07528123331730072,-0.21226633396356537,-0.4175983602490007,-0.10973890802102922,-0.21981453557435338,-0.5527957221186464,-0.14103485681391714,-0.07038520443383593,-0.47285853603209016,-0.009563756598247491,-0.11259529010420939,-0.613049144933451,-0.08737789916368681,-0.17277863462779008,-0.642362732121681,-0.15148475032934602,-0.22002409531997863,-0.6246176665481817,-0.18303485107532874,0.009053872180032346,-0.5048353683380474,-0.023391590000950233,0.017225757080152216,-0.7317817203005265,-0.06737463576349217,0.01657047779824541,-0.8792154066920718,-0.10024064968260711,0.017327431363951065,-1.0,-0.11933996304362744,0.08830580329941827,-0.47866072148908945,-0.051837289536563406,0.12235156550379236,-0.6854207786184248,-0.09750809423180892,0.142894226676267,-0.8262938407055628,-0.11799298976080719,0.1553462883654171,-0.9497314509413142,-0.1263317747531158,0.15895822341404828,-0.4058586261616844,-0.08576664700707466,0.20956946746912386,-0.5588746425618949,-0.11939773712620437,0.24611144811252764,-0.6658187058402965,-0.12136293360028064,0.27309753136054166,-0.7648763283566269,-0.11760567723964614,7,pause track
0.0,0.0,0.0,-0.10764873271783353,-0.11123791599793496,-0.04611171379596669,-0.18028373732251643,-0.26910532402426424,-0.07859505292117239,-0.21961136021276137,-0.4063007238181753,-0.11314187607380258,-0.23577633954866736,-0.5401163784220888,-0.14500471749380914,-0.07259193494878736,-0.4632852072953068,-0.015612028683383863,-0.11876056807245729,-0.5976672210809254,-0.09369331949999235,-0.181417678483728,-0.6256188163582221,-0.1582323496943007,-0.2329061613758187,-0.6126778113590511,-0.19070554554191033,0.006031382222442477,-0.4976451461839487,-0.029519769981895268,0.008954684166443025,-0.7255631077283844,-0.07552129589768505,0.0036993709486543465,-0.8749687210020719,-0.11032235909320014,0.0004596361069229343,-1.0,-0.13108691783421567,0.08486121635569503,-0.4738206293529691,-0.05766626564210095,0.11510739170741328,-0.6797738136560089,-0.10586027650754255,0.13108569057896452,-0.8203251480493946,-0.12884061279799724,0.13906906569178887,-0.9438630852323016,-0.138805684597797,0.15585481871156445,-0.40409187545627767,-0.09123197188374665,0.20670269142211758,-0.5581961911818548,-0.12639804022299464,0.24381705029173747,-0.6657116389393303,-0.12991056087426628,0.26965177877509017,-0.7650310806329514,-0.12761960673499212,7,pause track
0.0,0.0,0.0,-0.10621375605445764,-0.11444277255727375,-0.044279942594430334,-0.17695486382233275,-0.2717232489996652,-0.07615976339695048,-0.2176386872860906,-0.4086827171065159,-0.11114504934399166,-0.23543135369633303,-0.5389854225112828,-0.14440815845563676,-0.0689047928511492,-0.457618952265018,-0.010907631406261217,-0.12019812820468273,-0.5890861568088349,-0.08908143664045781,-0.1819891215126196,-0.6197799564531034,-0.1560541015736192,-0.23038809785530462,-0.6122707920096144,-0.19074425682840426,0.008460891925772455,-0.49273084392340694,-0.025954427760044415,0.010622386166990589,-0.725377269965218,-0.0712501906589108,0.00403227899693876,-0.8747265340860678,-0.10830400437628707,0.0004825777459258623,-1.0,-0.1316165950110256,0.08642391547884733,-0.47043640269714726,-0.0551197119704425,0.11623548105117504,-0.6810892718301885,-0.10196376893067476,0.13094759594676222,-0.8200119633874937,-0.12587617283302047,0.13838186808946348,-0.943570450986623,-0.13731460475159302,0.15780887554055525,-0.4023513413785568,-0.08978894219871936,0.20943375814064427,-0.5587268807225211,-0.1216892294681426,0.24649603358054484,-0.6650905598116424,-0.12383370509156391,0.2719717363932214,-0.7642946872218577,-0.12176588679080654,7,pause track
0.0,0.0,0.0,-0.10388440438782288,-0.11286903745575666,-0.04326138572692972,-0.17326682936086585,-0.27062959302498024,-0.07560648565069819,-0.21793450476480422,-0.40453868911336505,-0.11141137522662573,-0.2329302322086321,-0.5340756992257737,-0.14536146097579666,-0.057698529173486085,-0.4589504587601419,-0.012510767711876258,-0.11258883667216989,-0.5905591338717769,-0.09303355821254947,-0.17790220869821122,-0.618110356406654,-0.16121941276225912,-0.22603633918037513,-0.6072857044746612,-0.19611022676107004,0.018049468010488817,-0.49329398528208895,-0.027458439511065504,0.018753510412569643,-0.7237996642431611,-0.07502070940258453,0.012167997204928543,-0.874088114620473,-0.111956458958286,0.009075239510073482,-1.0,-0.1339636004655704,0.0957374835130054,-0.47069035136405146,-0.05632489376198343,0.12418357110840905,-0.6819022049410063,-0.10441854848951725,0.1377758380003057,-0.8224969943263677,-0.12714010083943036,0.14372782865237982,-0.9461760161640737,-0.13637789365349415,0.16619244598774047,-0.40166760650980554,-0.09053079910549112,0.2186804544527232,-0.5574879269986641,-0.12314033039020124,0.2556457152274928,-0.6646605359920182,-0.12457667551707573,0.28101956524731386,-0.763005230715685,-0.1207038913693303,7,pause track
0.0,0.0,0.0,-0.10708500070475321,-0.10925537922723577,-0.04452311376379693,-0.1791483780874958,-0.26684081071822285,-0.07613958893361446,-0.22161697456447652,-0.40066849809156563,-0.11026277792788962,-0.23987521667660788,-0.5300340801850467,-0.14252432631269793,-0.07074325793874155,-0.46317127743286873,-0.015094425920929827,-0.1201320642174859,-0.5942370789799654,-0.09269789162651848,-0.1812634964907024,-0.6213692748136138,-0.15794175023902277,-0.22955367185757078,-0.6100439373955122,-0.19137718411030216,0.008467194438143671,-0.4977098227662357,-0.03077696773706485,0.009849892233432932,-0.7271163832251933,-0.07632871015770076,0.0008466746383122514,-0.8764626802838055,-0.11312343188286195,-0.006380751556291113,-1.0,-0.1356817793812681,0.08749603517978674,-0.472811181213053,-0.06024110793348097,0.1164508441636633,-0.683398684025065,-0.1086138981121149,0.12986128029855398,-0.8230092682048022,-0.1333380875759144,0.1358508798213754,-0.9461887786486847,-0.14487279737161063,0.1591561630434884,-0.4008594442064152,-0.09485367102289502,0.2113738393741418,-0.5560925868363301,-0.1298968663272784,0.24983996034713063,-0.6623928191715276,-0.13374081436409732,0.27730304481390317,-0.7616766592270864,-0.1320284694214717,7,pause track
0.0,0.0,0.0,-0.10762396572150262,-0.11245942453697054,-0.04263900478184556,-0.17853640355447797,-0.2728068307540343,-0.07225470241899536,-0.22595221472120244,-0.4097698184202991,-0.10570743751306103,-0.2463128873068472,-0.5405330758728943,-0.1368270967651437,-0.06600974688221599,-0.4639725204489051,-0.004645780093034718,-0.11619304911682282,-0.5956225465824998,-0.08413734961554475,-0.1820800780325528,-0.6226976229692176,-0.15165520216241202,-0.2340749385608405,-0.6096644803471775,-0.18557022097523856,0.00887294173551102,-0.5000174455799334,-0.019532505621339236,0.00925995154417725,-0.727517390422535,-0.06279835286351375,0.0007367714688146638,-0.8763996310578617,-0.09627376431355597,-0.005638844193042626,-1.0,-0.11574981269148217,0.08634414484027557,-0.47756005771299226,-0.049259901820042036,0.11635857927060939,-0.6848711969456828,-0.09492757604139827,0.13056094282018946,-0.8230729560242718,-0.11358917858271117,0.13656763179942444,-0.9440407618390091,-0.11979892599814754,0.15587809206482678,-0.4074782072249739,-0.08477966766210657,0.20916520060040616,-0.5583159756574849,-0.11751462726351428,0.24791919439209806,-0.6628033690718499,-0.1171983947329056,0.276245870391667,-0.758755217880224,-0.11131127462876224,7,pause track
0.0,0.0,0.0,-0.09957718207251988,-0.11799764310006744,-0.042390158249177204,-0.16276258113344005,-0.28112983990521195,-0.07534150538629582,-0.2080105796485771,-0.41764594818820316,-0.11249549071527376,-0.24359448840630843,-0.546924469597511,-0.1478783809498197,-0.042482441255509235,-0.4764525215869153,-0.013627709971370224,-0.09729132515218646,-0.6207551200170888,-0.09413432220172879,-0.17141494799379495,-0.6332038878448446,-0.16293429932075865,-0.2273638802285217,-0.608863815825791,-0.19837369195100615,0.030857308349874036,-0.5053476667410698,-0.028896496117902837,0.033293571647437854,-0.729485570188176,-0.07681411782506323,0.019950285892121826,-0.8751619068648511,-0.11436763009398342,0.009393998305528154,-1.0,-0.13788185709720835,0.10209168868760035,-0.47860845299840715,-0.057743304222566474,0.13676723893093068,-0.682331330848428,-0.10387247509941165,0.14968586668074726,-0.8209954502070888,-0.12296543464089621,0.1558621285542507,-0.9444829260760657,-0.13075010471090717,0.1627089788607037,-0.40609097825747814,-0.09233598595227181,0.21823741326632248,-0.5604448028596413,-0.12318722404476694,0.2581475854576234,-0.6657493477723455,-0.12203796531619684,0.28907369672474115,-0.7604286421744282,-0.11677754227425986,7,pause track
0.0,0.0,0.0,-0.10350239166957613,-0.11625382676519762,-0.04642157998353487,-0.17385552547629926,-0.2794081645330875,-0.08091437395497818,-0.21961728225651944,-0.41789039208981316,-0.11841051484344647,-0.2577915890388661,-0.5489963493743668,-0.15466135758279445,-0.05311639480372163,-0.4693276346099326,-0.019738378540933268,-0.1092805693673155,-0.6074039922029213,-0.10060239876659599,-0.1836078329637756,-0.6256075702748087,-0.1694495709296633,-0.23982033315458837,-0.6093688534312297,-0.20577017767097402,0.02302781441881617,-0.4982879911877566,-0.03517877995098038,0.028851379023200303,-0.7244484164336846,-0.08428813231492394,0.018944462181074328,-0.8725320971550817,-0.1231926703443763,0.012640416762821332,-1.0,-0.1476613761946914,0.09544425659308083,-0.4686679734721694,-0.06429599073944808,0.1327408654972899,-0.6765786174282946,-0.11419966498912947,0.1449094543457106,-0.8171927234992913,-0.13720419412895207,0.15004225635292207,-0.9444046311297527,-0.14773237486745092,0.15786545704574176,-0.3914561923699549,-0.09889107361504168,0.21672525468707565,-0.5379387601652181,-0.13405131429299144,0.2549261732168435,-0.6449335763437565,-0.13635101620060477,0.2814309838616078,-0.7455583075222512,-0.13371112677486424,7,pause track
0.0,0.0,0.0,-0.1010854599975613,-0.12399811465527433,-0.039789006208481234,-0.16461741691198867,-0.2923774268020999,-0.07093149374056533,-0.21365667412540248,-0.4296527789639635,-0.10653272303673882,-0.2562737856074867,-0.5549650370701594,-0.14109057984896722,-0.0327709713736414,-0.48262541863430214,-0.013922588793023672,-0.09785257071015159,-0.6279060446201634,-0.09480762246557135,-0.17829479127011655,-0.6432073048821262,-0.16463440980129074,-0.23679848577121135,-0.6225173038893944,-0.2017050765737135,0.04342719411896918,-0.5091637427306076,-0.03092978436472977,0.046287851280327995,-0.7307463736118033,-0.08123499124275416,0.03490238504225537,-0.8777037353603777,-0.12056066107877754,0.026338678469407205,-1.0,-0.14482970736459938,0.1150493228706961,-0.47747031655966193,-0.06098566822830644,0.15287443194857683,-0.6797938669472248,-0.10942121093378289,0.16497206060500488,-0.8216157444887744,-0.13056321562955628,0.16922660108436072,-0.950097387491952,-0.13959121878262112,0.1744091005258434,-0.3968248143025079,-0.09615582236555406,0.23463037316059238,-0.5364850903360524,-0.12744170213474645,0.2710040982740166,-0.6412417974905027,-0.12677436696669153,0.2951560609824797,-0.7392685613355168,-0.12197965864971345,7,pause track
0.0,0.0,0.0,-0.10456565771410765,-0.11649485838449683,-0.04560931212269844,-0.1722755263032304,-0.27584861921726167,-0.08177456512583423,-0.2162531477130128,-0.41074356210223717,-0.12146686543204319,-0.2547929808456224,-0.5366885778372931,-0.1594129603203257,-0.043537748693892105,-0.4818471355460668,-0.02199358126242532,-0.10685152199117938,-0.6240100670669912,-0.10652019627036653,-0.1866592062008192,-0.6307515068316251,-0.1766453073351568,-0.24227161008503387,-0.6020155539834536,-0.21267592937167448,0.03754253097181165,-0.505798880438841,-0.03824135091957726,0.0436624991928941,-0.7329744519400019,-0.09193185580993718,0.033950383340211276,-0.8771788350163245,-0.1314526296630748,0.025860374890163414,-1.0,-0.15470101904815836,0.11330836919690858,-0.4716814612687424,-0.06812107481391236,0.15126252417808547,-0.680503093672009,-0.12059260305665331,0.16344087493086962,-0.8187701601017374,-0.14347956033057244,0.16715128112270536,-0.9458308242867289,-0.15240245601248567,0.1781382733829107,-0.3876376992849744,-0.1031790081297701,0.2409979618821429,-0.5354012439256508,-0.1368049590233416,0.2816081971078939,-0.6399216335261966,-0.13670622014385725,0.3115723545875899,-0.7368697906577842,-0.1313868220202732,7,pause track
0.0,0.0,0.0,-0.10752465814699007,-0.10993065910616212,-0.04204105174921561,-0.1827588643603732,-0.2702456506353887,-0.07455386316626857,-0.23491698355095253,-0.3991554694508722,-0.11070783879813302,-0.2781450997033167,-0.5183930388644035,-0.14574264958763494,-0.06728947088066271,-0.48042108872843703,-0.02053964605907266,-0.1298533872870604,-0.618052773115634,-0.10258886344067643,-0.20944727082549416,-0.6170564752901998,-0.17107496782112266,-0.269599716050636,-0.58746634019903,-0.2060990399369436,0.013879298563286523,-0.5073702723381451,-0.03885929931604289,0.015760516905497162,-0.7352245714484539,-0.08999005643333988,-0.0033791624354648307,-0.8778862595554019,-0.12850707832965244,-0.02291789896123173,-1.0,-0.1507221994762397,0.0926949757534648,-0.47580117231343044,-0.07011644255174561,0.12899895653271856,-0.6882904246721723,-0.1221471268657672,0.13853902384693995,-0.8351571890734735,-0.145214862832316,0.13807235113014787,-0.9681747859708353,-0.15401416343303606,0.1603309538166188,-0.39469876294066225,-0.10602780598756162,0.219722679469019,-0.5489179542015072,-0.14228969520139564,0.2590216516770625,-0.657777884591586,-0.14261318933893175,0.287288889781661,-0.7589515252234631,-0.1368869989737684,7,pause track
0.0,0.0,0.0,-0.10643008657247967,-0.10196534806441504,-0.04415969461406924,-0.18456091639399755,-0.251849017945084,-0.08077960609319437,-0.24365647133974386,-0.3765006057323972,-0.12031475837484709,-0.2927478363253339,-0.4947689230600585,-0.15908616135960646,-0.06818545590353732,-0.4732254990668644,-0.031678797877922556,-0.14005101153577426,-0.6080935972637976,-0.11421865997251296,-0.22500686945879592,-0.6027160264974464,-0.18326729364671834,-0.28566332568481995,-0.5714666808942005,-0.21974673743997794,0.008587688436675062,-0.5036636203113098,-0.04948568753538558,0.002259227972982496,-0.7330893408396928,-0.10414651517725014,-0.018615186302089755,-0.8773475203211246,-0.14433380512158248,-0.036206281516885756,-1.0,-0.16825594424464804,0.08506875558911732,-0.4735658309022399,-0.07917095661149481,0.11273651378198259,-0.6907581788441064,-0.13325704181026482,0.118373567087344,-0.8358755641924294,-0.15687400442966548,0.11787190084525755,-0.966777858728237,-0.16635818227699467,0.15356686519053575,-0.3938913986363783,-0.11345061441866887,0.2096509659396846,-0.5522169004528471,-0.15063561172096093,0.2472025506132073,-0.664118699877761,-0.15174415982237727,0.2754644782971536,-0.7673257401762187,-0.14687586906208613,7,pause track
0.0,0.0,0.0,-0.11053956914338961,-0.10628757792913718,-0.0333204404043963,-0.19090697313247398,-0.2650287681464883,-0.0637937778699152,-0.25434868620534096,-0.3802047049601018,-0.09919500661735453,-0.3109695198160022,-0.4845308351636974,-0.13563143104735328,-0.07724875941990401,-0.4782574933995962,-0.022640053691452854,-0.15768937797203056,-0.6050495862267876,-0.10228787124806472,-0.24150609381817645,-0.5940638889505173,-0.17183221921321754,-0.3021314497223023,-0.5576538800020707,-0.20957577087755466,0.0007990740946168807,-0.5086707489332121,-0.04640817331360285,-0.010721681124694014,-0.7396482742809812,-0.0961469073302721,-0.03600122763812778,-0.8839408662983752,-0.1390788940518127,-0.05938976771015907,-1.0,-0.1667933909975082,0.07898483201325257,-0.4758904074131594,-0.0808656610279773,0.10252627219547548,-0.6908420784061412,-0.1301746234796298,0.10505735140771637,-0.8301231705603502,-0.15761592934271118,0.10174882967630289,-0.9546184337999837,-0.1721061845028588,0.14770446460926348,-0.39249088515667174,-0.11890562420807774,0.20006064236534807,-0.5445725083013482,-0.1522338616414266,0.23565937479200408,-0.6511274303167455,-0.15330757123475297,0.2611572707977429,-0.7512513034410845,-0.15053849847130998,7,pause track
0.0,0.0,0.0,-0.11448906566847936,-0.10763208048892206,-0.03939338697491563,-0.20224850011683979,-0.2543826685229277,-0.07583724326771474,-0.2707073941094112,-0.3656337238690374,-0.11697758973651325,-0.32864016647999594,-0.47070050512622225,-0.15826326834041374,-0.08957485091986277,-0.4742844703967123,-0.03227420634229428,-0.17620005004865108,-0.6052154308329618,-0.11902110966435585,-0.2632580693097587,-0.5804120797755546,-0.1931979067596142,-0.3252129914553081,-0.5358463816980421,-0.23314506863500248,-0.014577916611493628,-0.5023322313783585,-0.05350578548828812,-0.026707985507913343,-0.7325481210063073,-0.10944728173967427,-0.05688116720456261,-0.8778505167819677,-0.15523071582438674,-0.08496977270402284,-1.0,-0.18481406362740813,0.059901779286954476,-0.47143871802422455,-0.0859479966128478,0.07629172434543131,-0.6834659980212054,-0.1376234229698528,0.07565628152450939,-0.8226752199227888,-0.16432286783262415,0.07021210256943074,-0.9486048914980442,-0.17784181503035615,0.12559124557051085,-0.3930725815551616,-0.12274971299548038,0.16463088743373236,-0.5484569854054256,-0.15511916982268387,0.19039474344231386,-0.6572991553184315,-0.1543137611050521,0.20912204897182396,-0.7575028038255691,-0.14990664704410098,7,pause track
0.0,0.0,0.0,-0.12905010493501273,-0.10713049818279471,-0.031219764243901302,-0.22308003590204872,-0.25565467977830153,-0.06378024087105612,-0.2977456255332192,-0.36438865739852694,-0.10291060278536207,-0.3668665141342409,-0.45324583848011807,-0.14372223620978775,-0.11177852431986007,-0.48076243363544463,-0.022605815112017747,-0.2064345405906779,-0.609943403056971,-0.10540977125060402,-0.29834327896939544,-0.5732039774235392,-0.17987401311388063,-0.3605114075079215,-0.5189236473879779,-0.2215716838233901,-0.041274892732989905,-0.5045787964868338,-0.048773600520744344,-0.061341949097999,-0.7359000818487257,-0.1008681211935358,-0.09933276638371766,-0.8774121080418759,-0.14893745132899808,-0.13276085313518787,-1.0,-0.18236176501584597,0.03095061949339475,-0.469653362954406,-0.08546383025997153,0.04142678901197897,-0.684679488140698,-0.13669015659198994,0.030401066545565087,-0.8204215978592752,-0.16815690698336627,0.013878840906758469,-0.9441148273552735,-0.18688643628211374,0.09760387514671136,-0.3877390102555304,-0.12555037803339603,0.13911479132859197,-0.5426348512769901,-0.16052604201000556,0.16290330652883311,-0.6492212491988932,-0.1630645598879055,0.17605148738589035,-0.7487670598508339,-0.16253501635375037,7,pause track
0.0,0.0,0.0,-0.13542189733478577,-0.11372361537363214,-0.029838414662603226,-0.2347651192712653,-0.261201383864328,-0.066213875120156,-0.31906005996852377,-0.3630466031473047,-0.10974267425969271,-0.39865161063133797,-0.44388860100717603,-0.1557586623566306,-0.12190381212429431,-0.4946362422933709,-0.026517672575183622,-0.22538210281280932,-0.6154548495412521,-0.11433637066623374,-0.32173411788675926,-0.5707275234347301,-0.1936890318697433,-0.38941989918614145,-0.5127908385165411,-0.2387768980699881,-0.05652370264724615,-0.5154206780710606,-0.055274736985196346,-0.09180745018264891,-0.740140608380513,-0.11003386622233832,-0.14066312705851022,-0.880375589377646,-0.16058407903198718,-0.18414772663465565,-1.0,-0.19618471230713813,0.013090239954309696,-0.47521325082982124,-0.09472617183600499,0.020200873698716725,-0.695943702101786,-0.14835287604783923,0.0016997498905069088,-0.8325603976724897,-0.1824776838333194,-0.02209434213502704,-0.9578521787119763,-0.20373536138458864,0.0758857309245388,-0.3857862726947493,-0.1372675779218155,0.11687444952649252,-0.5424249631413367,-0.17782769925459907,0.13358157114965338,-0.6567890930442609,-0.18535638955278927,0.1394603073507164,-0.7672612047929899,-0.18830495727887847,7,pause track
0.0,0.0,0.0,-0.1390351143683132,-0.10802918376009975,-0.030324550998775325,-0.24903556851118488,-0.2463743742315602,-0.06600279393659446,-0.3400266181639315,-0.33910226115454734,-0.10812690413280698,-0.4269005205223846,-0.41889806690665043,-0.15255652168229766,-0.149291174220611,-0.48598284915965945,-0.026300536042958865,-0.24977971997011367,-0.5949960091417509,-0.11223831631806161,-0.3374354116556286,-0.5397593789316278,-0.18952056310593396,-0.3999410236380328,-0.47040554128957085,-0.23384848453548449,-0.0812226231167846,-0.5155365594343412,-0.056240828308781333,-0.11875670197713899,-0.7458085619825182,-0.11310806990511633,-0.17280084424952477,-0.8835067543902033,-0.16513219660807435,-0.22292421972966678,-1.0,-0.20132844625891314,-0.007420362729510639,-0.4791497615957295,-0.09683048254015904,-0.005981414151133356,-0.7071367411744384,-0.15525080462491953,-0.029848799455692143,-0.8492237371147329,-0.19280958657641084,-0.05963953498258393,-0.9786617135370451,-0.21569040351929936,0.06130908030676833,-0.3896008747745616,-0.13981574041969339,0.09169227527859798,-0.5471471843867755,-0.18407035613913347,0.1036360254328303,-0.6640920844141692,-0.19324366628698705,0.10490430753476941,-0.775317480083554,-0.19740716103873368,7,pause track
0.0,0.0,0.0,-0.13668413391930395,-0.09793445788112107,-0.034024025559608026,-0.24646225156344934,-0.23865237007690118,-0.07045036966491196,-0.3377594950166453,-0.33425472984253,-0.11292612029565013,-0.4265309037157727,-0.41401765170272625,-0.15748287861949412,-0.1521034355109972,-0.4828437934039453,-0.0279970682004551,-0.25256340792033805,-0.5923245279764245,-0.11700826601805189,-0.34335746982298343,-0.5445737302938349,-0.19583720916173894,-0.409714670229286,-0.47847249708274253,-0.24102207714543047,-0.08646354100620085,-0.5151831883991141,-0.056496588342020544,-0.12718079140189326,-0.7423913270885023,-0.1159165226999912,-0.1829708590207835,-0.8818580101507324,-0.16884040885842103,-0.23581954547569978,-1.0,-0.20593657204038998,-0.012967865976515917,-0.4809928879973801,-0.0966395336918502,-0.01076983574975759,-0.7034529312833755,-0.15695725457403398,-0.03670065757310649,-0.8497184360852689,-0.19635364005678727,-0.06945581246207992,-0.984349068377612,-0.220881485722445,0.0567073011920514,-0.39389380542308877,-0.13967618658240086,0.08527934581701782,-0.5540654379387361,-0.1845726111327077,0.09488590779971966,-0.6733715554906564,-0.19577492523413048,0.09375209481076147,-0.787128799533068,-0.20223466782805377,7,pause track
0.0,0.0,0.0,-0.13477074566108316,-0.08997177984982259,-0.029072988118807187,-0.24365101631047667,-0.2353045630827626,-0.0602332254871269,-0.3304631295211376,-0.3328833512115961,-0.09765525563262846,-0.41664460764089445,-0.40632527436257115,-0.13692708774198842,-0.15529301097450285,-0.480255026542344,-0.020235221320116424,-0.255460131473994,-0.5871364524025635,-0.1039561330427558,-0.34218004785873424,-0.5430665896526116,-0.17821762326472132,-0.40326495585444344,-0.4771652226531342,-0.21955729650508768,-0.08841906647963253,-0.5189378661605744,-0.049229048162265115,-0.12787479715047997,-0.7490386995626702,-0.10347913411545158,-0.18569771983386968,-0.8872320598509228,-0.1513565786240744,-0.2404135654756993,-1.0,-0.18368828916124744,-0.013617515196523365,-0.489907088043568,-0.089351586463005,-0.012056220260197486,-0.7144365046621008,-0.14470545229351908,-0.037256319278268286,-0.8546126468080425,-0.1781907646130174,-0.06857122424842534,-0.9807042385235305,-0.1978616120426733,0.057170393596831424,-0.4059553868581016,-0.13222778636948793,0.08614792199576422,-0.5680620513243667,-0.1726809040634671,0.09829237835905053,-0.6864454162884727,-0.17931206174974484,0.09971823857854058,-0.7982891877767693,-0.18152735729118114,7,pause track
0.0,0.0,0.0,-0.1428102325935342,-0.10055247971963326,-0.02866355382947432,-0.25707541700522624,-0.2427261189689957,-0.06041250356302821,-0.3508403820145438,-0.33705810797028374,-0.09938327340307047,-0.43797914765610946,-0.41546141703989836,-0.14066243286795832,-0.16373833728347664,-0.4856289756126775,-0.013528105579391186,-0.26655080780374507,-0.5865234483614166,-0.09703885377694833,-0.3555889968752329,-0.5386066001727752,-0.17323501745494715,-0.4179065883977683,-0.4743553634030535,-0.2170026532294443,-0.10065019201366351,-0.5222251565929569,-0.042887661506846336,-0.14327909400440517,-0.7498286094842614,-0.09907392618648622,-0.20282325489557732,-0.8853875316861382,-0.15050808628065027,-0.25606373453235776,-1.0,-0.18586208002301086,-0.028694430917070406,-0.493987654479422,-0.08389154078623393,-0.031648876950277724,-0.7199851585381971,-0.1411414116664168,-0.0642384035882476,-0.8627234577724163,-0.17965373298406484,-0.1001252698626692,-0.9917455625897901,-0.20308294312876235,0.03982034896797581,-0.4113534481070044,-0.1276297460793134,0.06775750960631176,-0.5727899178924044,-0.16921348956788096,0.07539010057386836,-0.691683490517292,-0.17918533593173405,0.07283156944631126,-0.8045558244519837,-0.18450985388254065,7,pause track
0.0,0.0,0.0,-0.14530445359667363,-0.09585898991311959,-0.026311072860098667,-0.25956097097320596,-0.2408351424080286,-0.05641340782462556,-0.3541485647110726,-0.33418137912915136,-0.09403673580359098,-0.441349775961679,-0.40972515515001195,-0.1337062117480535,-0.1632408575596905,-0.487653009161495,-0.009304985243887476,-0.26795893333189863,-0.5839966607216034,-0.09380330183907663,-0.3589074175200926,-0.5417539819818851,-0.1708504018385386,-0.4238429992171885,-0.47981458217323897,-0.2146974714737915,-0.10395230140305288,-0.5247699762645813,-0.03961426412558565,-0.1562298524673806,-0.7507978310830865,-0.09347757171939525,-0.21728085537176373,-0.8863416878061641,-0.14241975340070936,-0.2715678916366499,-1.0,-0.17616981280650792,-0.032772273587688784,-0.4993548306105302,-0.08195759646359164,-0.04434676487229771,-0.724416948900253,-0.1375216892675543,-0.07744767582098813,-0.8671950868490358,-0.17265464280728804,-0.11390131553580443,-0.9952677116707063,-0.19369888073625394,0.03599038657258582,-0.42019088764368356,-0.12732629518966232,0.05721484544180429,-0.5855602661738452,-0.16803158268682652,0.06377346977388136,-0.7052629502399097,-0.17629392048657921,0.06076013866434244,-0.8183897486663959,-0.1802659827241289,7,pause track
0.0,0.0,0.0,-0.14247679075113853,-0.08674522806364199,-0.029360111530054762,-0.25699325240490556,-0.2242080958238146,-0.06026474109974235,-0.34943904261612074,-0.31677323866989776,-0.09830160827216164,-0.43820725890934603,-0.39174760510540074,-0.13823352526902244,-0.17053878649181783,-0.4767865242977716,-0.00988657128897356,-0.27701323868769495,-0.571535164089295,-0.09245849452987924,-0.3670647460792159,-0.533673794232498,-0.1680280668826033,-0.4328220413282691,-0.4783658054812336,-0.21123657104148091,-0.10859632625248522,-0.5205906097840685,-0.038912994090843964,-0.16284704865293922,-0.7427279985708829,-0.0928774592631222,-0.22528549528451422,-0.8768590034933726,-0.1425951521844765,-0.28353669998974435,-0.989652693843473,-0.17664006025402715,-0.03624604929430669,-0.500770953506309,-0.08010135340478766,-0.04902501244137205,-0.7266700080955124,-0.1365128117694052,-0.0811114055068616,-0.8702188591400871,-0.17255797489542532,-0.11808180182657362,-1.0,-0.19381055799567062,0.03400771465176505,-0.42719544889382466,-0.12442125250342499,0.055721662981528926,-0.5953516319943369,-0.16586644105722922,0.06263744184478907,-0.716663073852029,-0.17516334947916493,0.05839436112748085,-0.829290582621055,-0.17956168316955506,7,pause track
0.0,0.0,0.0,-0.1351682336526677,-0.09403336683587571,-0.030251279146393355,-0.24198578898487297,-0.23949440846808565,-0.06094277533176844,-0.32653093896176044,-0.344407619920018,-0.09784982141472752,-0.41213979465910106,-0.42527851638868036,-0.1359409199694533,-0.14960411869229823,-0.48184289428039506,-0.016278719491193888,-0.2517497656942448,-0.5935348574869701,-0.0983436857315513,-0.34227681581659264,-0.5565645899331222,-0.17135156996118367,-0.40553640114841627,-0.49996925399592035,-0.2115577219185379,-0.08674783611743701,-0.5187711776355687,-0.042661678399159436,-0.12856855086661323,-0.7445477792903398,-0.09511033257234637,-0.18571922324991624,-0.882890590874586,-0.13964016785858108,-0.2374104655157059,-1.0,-0.16900480168427456,-0.015908936697158222,-0.4949372993558182,-0.08079479428402943,-0.02264602231523772,-0.7193750715639751,-0.133082058440974,-0.05003477479082115,-0.8636573750121924,-0.16248272605334535,-0.08163413951476445,-0.9925851240230192,-0.17843468065103918,0.05217713515095228,-0.42140706437153047,-0.1226064575156253,0.0771288957307583,-0.5870502071644551,-0.15984053108551202,0.08478253033252334,-0.7097165854548076,-0.16504270196544146,0.08246449366632316,-0.8235516511664398,-0.16556641773665726,7,pause track
0.0,0.0,0.0,-0.1275268861410921,-0.11405600443043944,-0.02473684024328225,-0.22803200138007867,-0.27151939244294077,-0.05118778321306321,-0.312843054746076,-0.3810474168264801,-0.08487333839645969,-0.38848559341367134,-0.4690911150181095,-0.11960052749786888,-0.1108298085705142,-0.47729440092736125,-0.004284007301446481,-0.21298364219848465,-0.597481356443202,-0.08673487265376859,-0.31361279926223834,-0.5817501122523093,-0.16156315382706116,-0.39341270397877,-0.5449043497467572,-0.20180818882882254,-0.04828904909194532,-0.5161915391182168,-0.028427286060281564,-0.08296231627501292,-0.7375331416378277,-0.08019086657440923,-0.1356327322091174,-0.8795095400355821,-0.12263171771897972,-0.18420160595368515,-1.0,-0.1494083649460454,0.017937294288070463,-0.49920798639913133,-0.06431147880898391,0.019632767678428774,-0.7162747307758348,-0.11252371971171013,-0.0029646096884424055,-0.8542320128269928,-0.1357690543888467,-0.031095300396853227,-0.9770660672353042,-0.14603641238463713,0.07807621710120603,-0.4342489655455946,-0.10394990167612958,0.1083459491224973,-0.5928951341747621,-0.1327570725128587,0.12139331516337246,-0.7060224875434197,-0.13079002461155367,0.12388523581852288,-0.8105866221043136,-0.12582861612922908,7,pause track
0.0,0.0,0.0,-0.1283423380256868,-0.1044137154564423,-0.029131253685454994,-0.22302791730002422,-0.26201884494462646,-0.05823008765844013,-0.3067427403847667,-0.3711245204578428,-0.09317116573529906,-0.38997339898222194,-0.45303437282652137,-0.12962148375160742,-0.112910344892699,-0.4828194875861917,-0.011822891125718753,-0.21199116997271447,-0.5905941287360229,-0.09266411702616832,-0.30846667280354745,-0.5699527696214961,-0.16603088922948162,-0.3821089469427319,-0.526017817410488,-0.2059213026349469,-0.05001193938020652,-0.5187926237840321,-0.03659688838251338,-0.08229566940780675,-0.7414510497213227,-0.09083002317201837,-0.13691213796337384,-0.8831026495589314,-0.1352853255845206,-0.18828412420417245,-1.0,-0.16310918323957127,0.017055807849542567,-0.49697974986703425,-0.07292454869082084,0.024058244505918158,-0.714653337046933,-0.12464622157698012,0.004070207489512228,-0.8579253094404109,-0.15266081181430433,-0.02295252414626547,-0.9845533530972365,-0.1663246407637018,0.07686984069286958,-0.42602304949473013,-0.11276855439418604,0.10720550446733448,-0.5883248597171999,-0.14413496089251335,0.11928355457575271,-0.7070744859968969,-0.14485394220571143,0.12040402705262926,-0.816647901973558,-0.14232170440394212,7,pause track
0.0,0.0,0.0,-0.11266201295370953,-0.12595595885292266,-0.02823401643905353,-0.19295000952478641,-0.291003289714696,-0.057507929491491146,-0.2633807679908562,-0.4097738962237885,-0.09268778539246267,-0.33739467784241606,-0.5025548407895315,-0.13004824498172457,-0.07000470744252157,-0.47954955086968626,-0.013760164725324651,-0.15783825813636562,-0.5993162302360682,-0.09197538402895286,-0.25039399645384874,-0.6001610055243761,-0.16307603720949884,-0.3262573633925824,-0.5769985566285186,-0.20273016153360535,-0.007671665958413317,-0.5071038421523086,-0.03911448792514002,-0.022986515100449863,-0.7331535835177234,-0.09130630785081005,-0.06464087891798426,-0.8781829271866711,-0.13638257139615537,-0.10559681945400994,-1.0,-0.16628108204926265,0.05433139662676025,-0.4758336019811556,-0.07539807710736383,0.07639767082338116,-0.6898282607739988,-0.12797644366144265,0.0671066080037513,-0.8331896678047566,-0.16043588547232435,0.05129830165731284,-0.9635213501751095,-0.17882936996890275,0.10645853787201617,-0.3984401330539396,-0.11463930422955952,0.1551769961754319,-0.5474167680201633,-0.14992393278120583,0.1784325864923875,-0.6587640856937708,-0.15630331876218556,0.1886913309790015,-0.7667693023460281,-0.1590609733934298,7,pause track
0.0,0.0,0.0,-0.10572631136558436,-0.1243311772414998,-0.03402224112841115,-0.17911604481734247,-0.29014913109109325,-0.06859387593569544,-0.2504791299025404,-0.4122820964675547,-0.10915622984274431,-0.3257536184103167,-0.5125472606824457,-0.15117913147542494,-0.05128439625618078,-0.484194429090607,-0.014346011491104768,-0.13745770471077065,-0.6047183976283397,-0.09624925085604406,-0.23663589286409292,-0.6089200453011411,-0.17116086860209762,-0.31724159055245366,-0.5859813248855908,-0.2129998696103604,0.009599091184690461,-0.5067107856543595,-0.037925744318043624,-0.0025476219606164908,-0.7274096861295537,-0.08911104541896467,-0.043059994690781665,-0.8747303721671297,-0.1337128154289321,-0.08283410333288711,-1.0,-0.1632513419061715,0.0697176113683594,-0.4696909431053203,-0.07354010897372895,0.09437886072412363,-0.6832138468323671,-0.12470561176909697,0.08839394749109764,-0.8291806996474658,-0.15357214121405327,0.077249475841224,-0.9596722805571084,-0.16910624081198733,0.11643489304857167,-0.3878485221715715,-0.11322724142336772,0.16438758899529238,-0.5393076758346965,-0.1508463672279316,0.18896724533423204,-0.6541175152369505,-0.15715102036859954,0.2033249110723382,-0.7633545952227158,-0.1582702954840209,7,pause track
0.0,0.0,0.0,-0.11001735433140547,-0.13290495455099718,-0.03411399740892159,-0.18179583972823038,-0.31257776563540535,-0.06619053731642346,-0.25382566194366113,-0.44136546122750125,-0.10406675363313084,-0.33113115631572293,-0.5423426649523283,-0.14409322460522894,-0.04643582781910129,-0.5016104936165936,-0.013124377122172954,-0.135377505157507,-0.6245868291960943,-0.0954790800447974,-0.23498020261640684,-0.6321415114612505,-0.17101652365694053,-0.31893175935258516,-0.6138874782813604,-0.21380040006130965,0.013804402501808921,-0.5230251451725237,-0.03759953250766669,0.005779460559670756,-0.742337485578789,-0.0932964971803946,-0.03417348946229013,-0.8842323405228869,-0.14187372584167574,-0.07417617519042344,-1.0,-0.17315933939420977,0.07215742002712826,-0.4830379804147649,-0.07443157232675907,0.1058820018656035,-0.6995645210168516,-0.13108873089842504,0.10325321254073826,-0.849680002181511,-0.16685963691663414,0.09481409221788835,-0.9837558038567811,-0.1866817490171428,0.11647407800719659,-0.3973797171959146,-0.11490283486423021,0.1755230524140597,-0.5460512336084404,-0.15818377891996438,0.20493289023964206,-0.6654526009287542,-0.17116404790781362,0.22204608922139782,-0.7817043260288731,-0.1773850736432975,7,pause track
0.0,0.0,0.0,-0.10736879175822268,-0.12357457826365156,-0.03772836409251094,-0.17623974696645783,-0.2964336555774353,-0.07428917867649529,-0.24204186031900346,-0.42858763171252323,-0.11611332478749342,-0.30972229800221884,-0.5381144173234725,-0.15883817643781642,-0.037351794993890755,-0.4859303827082724,-0.019983119011734975,-0.12017357201552195,-0.6129441603383481,-0.10757803087408764,-0.21940342679900335,-0.6191175570954051,-0.18410052678610128,-0.29818566154283666,-0.5917345793218158,-0.2247432954730351,0.024540401209614083,-0.5074569170051966,-0.04147560139495249,0.02206008058582622,-0.728246704396838,-0.0952169149406131,-0.010045782140501074,-0.8753104637570455,-0.13653250666113867,-0.04280464798675972,-1.0,-0.16144673748315047,0.08618475548964073,-0.46999178269273056,-0.07583593279878932,0.12049325337579217,-0.6860795177416128,-0.1287059865006284,0.1234918265073468,-0.8379399855494436,-0.1525885484487089,0.1210923562508577,-0.9743734096534347,-0.1626113795838712,0.13373386506090232,-0.3863556324929194,-0.11480477647319878,0.18732947434034203,-0.5394071965093805,-0.15439674872614634,0.21893089029646787,-0.6588637795314647,-0.15865752381497428,0.24057704676259586,-0.7711541927280964,-0.1561681819270438,7,pause track
0.0,0.0,0.0,-0.10598096509648426,-0.12589305453291166,-0.02837173574384262,-0.17059315479157777,-0.30797136899833605,-0.05632619509093515,-0.22847589178504393,-0.4409802188846703,-0.08975399278919682,-0.2944264634576049,-0.5412351694272375,-0.1250917376225315,-0.02740393219566479,-0.4840775119006851,-0.014479385003235137,-0.11526743178664163,-0.6100792470753761,-0.09311124928108479,-0.2144964184929246,-0.629532385283093,-0.16340852412173296,-0.2964607421370639,-0.6185735216800851,-0.2017313774623158,0.036280679058943305,-0.5073381107403102,-0.03992771393773756,0.036705803050860686,-0.7304657383502712,-0.09353919866005697,0.004709184845645622,-0.8792384676215288,-0.1362289102414501,-0.030469825485517608,-1.0,-0.16173852685268242,0.0949151238247164,-0.47032089585050496,-0.07615748039279177,0.14019253193693673,-0.6830794303771992,-0.13002388614593002,0.14532955004975778,-0.8322934618840578,-0.15894568012892382,0.14330680514211155,-0.965497766628293,-0.17227660130418576,0.13754378962895625,-0.38624480825452695,-0.11540098900797745,0.19915859199429287,-0.5353157900277615,-0.15411282654373215,0.23421700087254144,-0.6517266907890215,-0.16012004451746673,0.2575289211263402,-0.7626826593378965,-0.15984125041743225,7,pause track
0.0,0.0,0.0,-0.11140069907530241,-0.13638094599793266,-0.029795342048285062,-0.17685562424698756,-0.3195086351410818,-0.06007157545526996,-0.2379472567588886,-0.45456994167690257,-0.09776554009069768,-0.309370330313043,-0.5611935488914004,-0.1377011180927073,-0.03128485025921917,-0.49310293524409027,-0.004321284554132445,-0.11669638635560715,-0.6150060704761675,-0.08419605671959857,-0.214314550076024,-0.6340459949929699,-0.15721365410658975,-0.2953313770873877,-0.6248305850568671,-0.1972354683258583,0.0305333992878794,-0.5168343044624115,-0.029381189879986974,0.03250844522131114,-0.728094804000029,-0.07860872029164762,-9.604450001993446e-05,-0.8756512456650009,-0.1194738785260834,-0.034866247935585556,-1.0,-0.1449873164157733,0.08827671407829107,-0.4809462746963958,-0.06722091130082024,0.12870366928138594,-0.6938342198624664,-0.11949690788779964,0.13096744712297728,-0.8445228791238827,-0.14601748530972739,0.12782804862933503,-0.9780953463073695,-0.15825886735417818,0.12869342154267663,-0.4008249654064018,-0.10896672055539598,0.1920211555215527,-0.546014329031552,-0.14983540378754473,0.2266348752390173,-0.6644457248715536,-0.15746261057636496,0.24999313700710526,-0.7782276393780355,-0.15801535265806066,7,pause track
0.0,0.0,0.0,-0.11044248499534028,-0.12819284444015522,-0.03196937045435725,-0.17786944177211034,-0.30632800842324215,-0.06317340667924694,-0.23794624583637966,-0.43754500746814695,-0.10047960146484101,-0.3074319890765238,-0.5417912382712907,-0.1403041029047183,-0.0407080929016359,-0.48598776534782695,-0.012002569543594915,-0.12498956427200289,-0.603127781202899,-0.09355021477311799,-0.21940320513219336,-0.6231467991867873,-0.16834796964108667,-0.2987772437610986,-0.618616788926857,-0.21056842922403665,0.023253406388011145,-0.5107150510182304,-0.037322345027498,0.020043181125316563,-0.7279819161313277,-0.09035618568793019,-0.01030131147982168,-0.8765840783996998,-0.13676945672183627,-0.04206159054529555,-1.0,-0.1671000772240737,0.08375132915364039,-0.472940681802825,-0.07456342955175829,0.11986205884723296,-0.6823850554298123,-0.12852001374012198,0.12263575598005196,-0.8285042017098533,-0.15911278443205454,0.12053906087563462,-0.9612794339979451,-0.17529637395497427,0.12899818602811924,-0.3895979557114215,-0.11558069672071927,0.1844741543370741,-0.5362179445905888,-0.15533537644840792,0.21524222536455598,-0.6499210067840552,-0.16304085032595403,0.2356292610144497,-0.7599976444554344,-0.1651164750263564,7,pause track
0.0,0.0,0.0,-0.12716111769596702,-0.11484362599988995,-0.032649266359325614,-0.21233122625967685,-0.29269553736443976,-0.06196103519419991,-0.28808384351724986,-0.4261443700492928,-0.09841258594341241,-0.36654589590009556,-0.5257932504801681,-0.13618779894107552,-0.0888096234953179,-0.484129935615081,0.0019359642621944405,-0.1765724739415179,-0.6008384149533725,-0.08194787164038808,-0.27107219282345224,-0.6099180302180618,-0.15854900619332948,-0.34594036773102554,-0.5924694297643157,-0.19996023188109388,-0.0232477346996456,-0.5180450646773742,-0.021569835088684954,-0.03174980506595985,-0.7355526038840653,-0.07277671067115826,-0.0698895761305705,-0.8797315824340275,-0.11514457182121927,-0.10744227042301445,-1.0,-0.14029827509138854,0.04290094202353304,-0.49050979205061945,-0.05910333249421,0.06737207828210216,-0.7072836658200148,-0.11174394045011844,0.057031295019148234,-0.8555643829693145,-0.13755401613175214,0.044516161364224885,-0.9890241917512609,-0.1477965741573949,0.09545767219799377,-0.4177051956077703,-0.10106836817302456,0.1421869613498404,-0.5723556596294961,-0.13911903968631206,0.1639784134831532,-0.6898689324026951,-0.14343466775664054,0.17654857204587374,-0.8030160292900039,-0.14093098931989095,7,pause track
0.0,0.0,0.0,-0.13444978143936365,-0.10763854746141364,-0.02557926062857357,-0.2420117454719958,-0.2690393796727914,-0.048075795354026646,-0.32552148864979036,-0.38760057586144875,-0.07750937028283707,-0.3951990587774586,-0.48734234543963983,-0.1064976963700526,-0.12697769347938398,-0.4797084059033694,0.004294995926307606,-0.22180915179869137,-0.6086003980041511,-0.08212772964903348,-0.31845715182280765,-0.597026897794067,-0.16194027681387474,-0.3964378154759965,-0.5613163392288458,-0.20571255114361184,-0.06288669427880876,-0.5260242262023276,-0.018699089407908362,-0.10823118979641727,-0.7438643897678797,-0.06655534262609908,-0.15787964530173226,-0.8808488171341318,-0.10880167688527606,-0.20569074448710564,-0.9979155957307932,-0.13739001246108512,0.01097332154891169,-0.515609166986183,-0.055067254112594194,0.012318089235556703,-0.7355516784546771,-0.10122864701371946,-0.0032831107772478742,-0.8729780216325578,-0.12007861368880289,-0.02696942505295884,-1.0,-0.12879581936547957,0.08334875289592304,-0.4559267750452574,-0.09594343044339096,0.11499687278351264,-0.616085620704025,-0.12630422021592166,0.1282088420772182,-0.7278540749059144,-0.12319065883383697,0.12736290740840958,-0.8352617236884244,-0.11769508007341477,7,pause track
0.0,0.0,0.0,-0.12650349642327172,-0.10309056742954525,-0.030336856332341577,-0.21461172808949192,-0.265269139411238,-0.053607111714498834,-0.2791217556054339,-0.39391677990630697,-0.08300366554639634,-0.3426524920655771,-0.5055302913408817,-0.1114431511239013,-0.11651871422482997,-0.46689669275241447,0.00046952466365614916,-0.19136270738054773,-0.6051301715716783,-0.07762546976504855,-0.27279472373065006,-0.6028450635069318,-0.14732840894317253,-0.33737630875674635,-0.5707946124508347,-0.18490264448238922,-0.047696307058868744,-0.5102223990207376,-0.02099492434481524,-0.07146688020154265,-0.7391553087642032,-0.0708721804498611,-0.10771972170868435,-0.8809665196893572,-0.11422959196519963,-0.14395205675500028,-1.0,-0.14219506281361646,0.028197961055506256,-0.4950083259098989,-0.055012794649911226,0.03863904785777751,-0.7079783899187371,-0.10406461641234259,0.030075807940216352,-0.8499443314119401,-0.12841681839036997,0.011780316436200816,-0.9798275937231301,-0.14013327620184018,0.10290658288940908,-0.43264660111864894,-0.09316920574393521,0.14192908722444622,-0.596916688702747,-0.1234617476158338,0.16555539813221992,-0.7111300752056525,-0.12259663129974634,0.17437876895843812,-0.8158255958489187,-0.11910558559643783,7,pause track
0.0,0.0,0.0,-0.12181340678591095,-0.10515355641191676,-0.029893938155135972,-0.2056389321704979,-0.26683072989674134,-0.04988930590345172,-0.25936982890231813,-0.4017679673531927,-0.07490047239330087,-0.3225142926111907,-0.511898952085311,-0.09856555093696677,-0.10949633995540771,-0.4706204091843865,0.007654047448875152,-0.17812594780585025,-0.596269450339542,-0.05984199334784062,-0.2518596296082754,-0.6076512660950802,-0.11998660063092774,-0.31537043068156173,-0.5884390954215337,-0.15238982934373071,-0.03583504732282609,-0.5132210814828645,-0.014359388095262621,-0.05859570393651172,-0.7414798584572154,-0.06086074076162774,-0.08785141152506415,-0.8812678786020872,-0.10160915429134774,-0.1141965361711399,-1.0,-0.12784450876524633,0.04171641946449864,-0.49840920903569835,-0.048779288460636686,0.051648468558238646,-0.7094494215737008,-0.09754506373943769,0.044287580780859565,-0.8455903591791947,-0.12477442351177022,0.028965867585617193,-0.969443553942752,-0.13864397950266816,0.11763778414342858,-0.4345316456126567,-0.08690023454317139,0.15592032204822534,-0.595478127633581,-0.11459282833779043,0.17869245326613276,-0.7020150821631244,-0.11489240758813611,0.18691251974233988,-0.8001738048385147,-0.11347860531086633,7,pause track
0.0,0.0,0.0,-0.11879083486113601,-0.10941276868994199,-0.032068184288121686,-0.20044704617937514,-0.27296625868910734,-0.055802610168426886,-0.2567753439868868,-0.40529586792437006,-0.0854752021537291,-0.30899045487720805,-0.5222557355995529,-0.11411600319754678,-0.10933529701402597,-0.4680577757668864,0.007757626884086001,-0.1724294545182027,-0.5953925917110897,-0.0715566984299638,-0.2452513656379573,-0.6094449154420618,-0.1439518081701901,-0.3032228084068216,-0.5895059423570798,-0.18207494434077048,-0.03820471770559246,-0.5097105155021223,-0.012168655243031975,-0.05593162152876642,-0.7362920059213918,-0.05323248399209203,-0.07900393787730003,-0.8806319878420051,-0.09081287749496054,-0.10022039493782499,-1.0,-0.11496091202390014,0.04194465620479571,-0.49353424321287553,-0.046262882606493805,0.047955233617702306,-0.7050678589317987,-0.08930967573169456,0.044019486123185556,-0.8435342365572333,-0.1109041399944231,0.03406890160471528,-0.9665930685745464,-0.12103295429308547,0.12093235431497934,-0.42881504409429555,-0.08540289692011804,0.15744214616242988,-0.5882666617681139,-0.11360197962619038,0.18162382496299795,-0.6951135472536624,-0.11194270305190802,0.19404019182625898,-0.7926300209666043,-0.10739146671976857,7,pause track
0.0,0.0,0.0,-0.1151517690895577,-0.10551366363296001,-0.041752235536441314,-0.1947691855673005,-0.2633876535238034,-0.07254698112446549,-0.2425500975455085,-0.3991397178911148,-0.10650842124807754,-0.2862705869606095,-0.5298976115970357,-0.13846063211037624,-0.10761327945313337,-0.4730685327404986,-0.010395814239774316,-0.16273539224039266,-0.6007876643971811,-0.0883115312397477,-0.22942981215404568,-0.616898000133925,-0.15457916143848505,-0.2866417727153022,-0.5992395576051887,-0.18878276235159172,-0.030852116793443483,-0.5128202392888553,-0.0273978045032815,-0.04573746242354736,-0.7407015590701386,-0.07134936725250324,-0.06446833360088354,-0.8819983391750962,-0.10810662944138615,-0.08215839375276895,-1.0,-0.13130838194454436,0.05177295821808217,-0.4929479205050697,-0.05810157110365826,0.057549472262026294,-0.7041235678405587,-0.10365822426128844,0.05603246898548944,-0.841615244115684,-0.12710181623663286,0.04822857125230593,-0.965352997267132,-0.1389054477262946,0.13192363290088735,-0.425138401004258,-0.09409357194139675,0.16643915259114775,-0.5868897911193294,-0.12574159170780935,0.19289873325149595,-0.6967768403738026,-0.12828320358451964,0.20915160534625732,-0.7981769998243037,-0.12666968462146458,7,pause track
0.0,0.0,0.0,-0.11165192793296994,-0.10107785814202803,-0.04391617528024315,-0.18876873909982522,-0.2571715654594262,-0.07610635650115156,-0.23519649582680155,-0.3926092809445988,-0.11120576006706531,-0.2739841600254323,-0.5268072358917593,-0.14358365352113855,-0.1044209855709209,-0.470414819764212,-0.014194416667419581,-0.15594433704887117,-0.6061585095207682,-0.09443628236489275,-0.21973990917856187,-0.621593394966019,-0.16119768556975433,-0.2717640381243181,-0.5994096892064118,-0.1949436907558342,-0.027150996906944037,-0.5090783683106597,-0.02941786608632545,-0.04185248321726045,-0.7384416823000991,-0.07378289213887346,-0.057764033682551376,-0.8816172091808779,-0.10917803011759676,-0.07182527105088075,-1.0,-0.13124862946104018,0.05515785880194765,-0.4887937081740246,-0.05872518407145125,0.059071689797166725,-0.7004072782789043,-0.10385239944224835,0.059819048770281026,-0.839793153270457,-0.1261244249735233,0.053937134406908345,-0.9646922061906171,-0.13711149181798754,0.13628418930936556,-0.42126172190162187,-0.09361859277521999,0.17219638065813658,-0.5837074094062025,-0.12510809323192879,0.19994968112874176,-0.6952220232945282,-0.12784476087261143,0.21718107084015065,-0.7978395246802007,-0.1262401726545245,7,pause track
0.0,0.0,0.0,-0.1113572335474871,-0.10497037578497748,-0.04479882471432514,-0.19149532159782115,-0.261327016407038,-0.07636439613614994,-0.24138448216851383,-0.3955225178026832,-0.11078818517354264,-0.2848525328295154,-0.526902337008433,-0.14222649089367717,-0.11264441366940918,-0.47537439283528116,-0.01090219357517917,-0.16451942031873698,-0.6096377498103807,-0.09182456173230726,-0.22872364303761533,-0.6276846093425845,-0.15908448304837855,-0.2832923734739955,-0.6071364348652606,-0.1928028189493255,-0.035982918557994986,-0.5155650060343461,-0.025073792421296988,-0.05205119761854162,-0.7398082346832572,-0.06968030531139197,-0.06937370208364634,-0.8814551350066545,-0.10461600339220783,-0.08520351354374012,-1.0,-0.12590534276170365,0.04693244775963711,-0.49723517705894976,-0.05398552385955243,0.05122784865636871,-0.7067940950336203,-0.10011332997319743,0.05230406668996851,-0.8482399586067991,-0.1220999648891616,0.046927258040367195,-0.9740978516378624,-0.13212951093403763,0.12844256784195643,-0.43163946086082394,-0.08863907149974816,0.1637102133415746,-0.5917010420696808,-0.12096083772728673,0.1897328929337561,-0.701668533668174,-0.12392909766371786,0.2048940090659206,-0.8026291377307382,-0.12196019115313718,7,pause track
0.0,0.0,0.0,-0.11118708054463422,-0.10695824202757041,-0.044093922721392995,-0.19043829132939524,-0.26184652006377573,-0.07557240764091988,-0.2401174797163804,-0.39623672554677614,-0.11073023238592337,-0.2794980617713892,-0.5305248982367524,-0.1428191513353327,-0.11266852832685416,-0.4756128476116569,-0.005449129226529213,-0.16533375373649084,-0.6112728091284637,-0.08664557895950177,-0.22780937960117276,-0.6290908772953105,-0.1553276683123535,-0.27946361255518776,-0.6087321136908286,-0.18983943876802198,-0.03709970208002264,-0.5144215989748334,-0.019817103151924045,-0.05426566762186542,-0.737905103717123,-0.06316202408834315,-0.07050479146521983,-0.880601120414737,-0.09873235600917096,-0.08434811695587792,-1.0,-0.1205586956695017,0.045453111066639774,-0.49634877753932144,-0.04944481790136911,0.048209179848313,-0.7030652439228032,-0.09455769775985909,0.04994755041090552,-0.8445339086790724,-0.11651491485750474,0.04549834209859892,-0.9703813002291267,-0.12657986313503078,0.12761948815827917,-0.432711082312852,-0.08498540121469472,0.16053886989214766,-0.5921484976854597,-0.11623275506783956,0.1856539263296937,-0.7006747049924278,-0.11843962510935481,0.1999854576972829,-0.8002869146361571,-0.11590750910438044,7,pause track
0.0,0.0,0.0,-0.1098293524454359,-0.10661047106930421,-0.045969843065212956,-0.18863339412425603,-0.2638831252896475,-0.07906233095335406,-0.23666692734661418,-0.400442088065224,-0.11508201264833189,-0.27844885291176585,-0.5352654877202919,-0.14852876980100155,-0.10640547164069132,-0.4776749161326205,-0.009831631353432731,-0.1600746720177395,-0.6096680314899582,-0.09147972883624704,-0.2260015729634424,-0.6252224136118544,-0.16107776675077695,-0.28229040490954116,-0.6048670337094169,-0.19690644766492632,-0.030933377339338933,-0.5163092995843882,-0.024721904248322133,-0.046832745367692656,-0.741173011307004,-0.06817910578873872,-0.062097059355208824,-0.8819612482432706,-0.10508554797990936,-0.07621523405537192,-1.0,-0.1283694382687378,0.05091119755874351,-0.4950082033422041,-0.054570695549212435,0.053436876664779094,-0.7017954208000254,-0.10134936440971846,0.05599486034262498,-0.8446269892044851,-0.12544017915659397,0.05226072104611895,-0.9732430653862032,-0.1375176723729704,0.13165337894379933,-0.4271229723328841,-0.09007947707595072,0.16493072217274088,-0.586168878340848,-0.12420201390282608,0.19211488474872898,-0.6957927602493321,-0.1282205343830497,0.20847593894920496,-0.7980695057090927,-0.12725702529086066,7,pause track
0.0,0.0,0.0,-0.11326234758099549,-0.10560637149056787,-0.041894224025798545,-0.19409818833201384,-0.26141617213956325,-0.07193425320560047,-0.24128341148465535,-0.39754103808421415,-0.10511093330394405,-0.28398678614363504,-0.5296543458923102,-0.13572336453494568,-0.10918964372248775,-0.4701845484228923,-0.008075852910778393,-0.16021854012727882,-0.6035807200626557,-0.08584535357337869,-0.224598870771441,-0.6214522853346506,-0.15180904271809892,-0.2799750950815976,-0.6020938156153413,-0.18546177050851054,-0.0337080414068195,-0.510479712115307,-0.024187170654090512,-0.04951314712777276,-0.7413734020363121,-0.06680421436610373,-0.06616379184294802,-0.883462235604569,-0.10247664101516397,-0.08000279675215193,-1.0,-0.12486422493766736,0.048705093119617515,-0.49180115623901705,-0.05438727534620053,0.051548236264942815,-0.7057796132719182,-0.09910527692588697,0.05141477908050658,-0.8451924574891014,-0.12205365684339874,0.045690077325411686,-0.9691652758230347,-0.1335854159978438,0.13145971321061298,-0.42665131997662636,-0.08992774437642406,0.16515977908848212,-0.5895843313821645,-0.12094864730732462,0.19121463584000664,-0.6994361433957569,-0.12325200499172018,0.2063237437345574,-0.8008856027346494,-0.12155505335851795,7,pause track
0.0,0.0,0.0,-0.11187621885540355,-0.10587846332939267,-0.04141333586304068,-0.19155459318892795,-0.2652901317641528,-0.07184210967326368,-0.23947745327086953,-0.4004655128734197,-0.10571348874029055,-0.28240416516687245,-0.5315527956972365,-0.13776586048922607,-0.10608134341246755,-0.47578610055628556,-0.010001612290449062,-0.1603792901303427,-0.6080263108330922,-0.08930415672167184,-0.22639220480447173,-0.6241961119001251,-0.15655358996582194,-0.28299032061708107,-0.6047844938623282,-0.19123687703409684,-0.029500443977863326,-0.5142295502852824,-0.027777696426047133,-0.04513293588220498,-0.7429460888822813,-0.07262100120239348,-0.06614795269120753,-0.8840627550740535,-0.1104220673307689,-0.08622235540804321,-1.0,-0.13409270527814451,0.052563386619076426,-0.4925765596099482,-0.05937421189277826,0.0576330626822569,-0.7059077452573066,-0.10658342593727477,0.056426249245418544,-0.8456756465655794,-0.13040527092745802,0.04921457301851255,-0.9718892199797081,-0.14222345574126352,0.13264803801068195,-0.4234796092271154,-0.09611088850250733,0.166745977272391,-0.5850104053576366,-0.12986441620917477,0.1939395325604119,-0.6954359670075634,-0.13287032854830913,0.21123396124719046,-0.7979418397075477,-0.13123993025012412,7,pause track
0.0,0.0,0.0,-0.10973948368192032,-0.10411550867929652,-0.04656260641719682,-0.18710602037869598,-0.25890815320416627,-0.08094737740902164,-0.23459520585341334,-0.39544007278416166,-0.1180222332015024,-0.2786649316894258,-0.529567926493826,-0.15231408808929456,-0.10769207758922535,-0.4745730341430789,-0.016368709655373574,-0.16084486693074831,-0.614202269046495,-0.09981163557394189,-0.22516864957997879,-0.6264906684890831,-0.16937776566578752,-0.2783156863444431,-0.6004468346189065,-0.20451597644302333,-0.030303681099626837,-0.5132758612534661,-0.03045337725101752,-0.04346660009017484,-0.7402265313711677,-0.07645666008695108,-0.05945377874642653,-0.8816483332035807,-0.11332635661038752,-0.07466141929370881,-1.0,-0.13635597592656976,0.05229271515373251,-0.49251033642221154,-0.0591276568781636,0.059086380824947674,-0.7025051578245083,-0.10549902474894692,0.062398842530361785,-0.8453964235077911,-0.12832429974450144,0.059258702466615555,-0.973705098099975,-0.13959478866625247,0.13283787026302443,-0.42435993951356976,-0.09357619358874544,0.1703793159827939,-0.5849010703756216,-0.12533801714800294,0.19848193326473704,-0.6949565622906302,-0.12788731960968405,0.2160832850436448,-0.7961600525453172,-0.12603208953919964,7,pause track
0.0,0.0,0.0,-0.11089715767108443,-0.10528516968185975,-0.04693456976124222,-0.1914370833602263,-0.2592036054275827,-0.0797603242171369,-0.23841718238039852,-0.3962630820740668,-0.11475549295306055,-0.27899170006404667,-0.5324543618498224,-0.1466228420089667,-0.1103499780631671,-0.47211252354061267,-0.014786706231076658,-0.163238127391461,-0.6097398231517598,-0.0961466337389244,-0.22595761004281015,-0.6262056438937342,-0.1634341286728095,-0.27825873024541814,-0.6038262853690601,-0.1974236278675879,-0.0330803259141806,-0.5128349417295527,-0.02874791128833323,-0.04729236245448989,-0.7427190358141335,-0.07578920544911152,-0.06205157860271651,-0.8834886332190284,-0.11257584681939142,-0.07520152750387586,-1.0,-0.13477593150941575,0.04960363448506715,-0.49283388081780094,-0.057267439479188643,0.05618625220380899,-0.7052775394791132,-0.10598841939450906,0.06019472172885761,-0.8453144937007712,-0.1286056338113068,0.057840464480752946,-0.9709077615624355,-0.13861684524448623,0.13141992063021293,-0.42501222269635164,-0.09138811136426943,0.16756042820070674,-0.5878387894944651,-0.12503350017405448,0.19552067902533043,-0.6985116139786359,-0.12752703475311422,0.2132524078907794,-0.8011968965979487,-0.12501137879216204,7,pause track
0.0,0.0,0.0,-0.11137579692419436,-0.10926626988077806,-0.04357205729820157,-0.19314941311789366,-0.26356069601846166,-0.07565903596360768,-0.24311823631289695,-0.3986324836136278,-0.1109648873682907,-0.2819276250235748,-0.5329355761206449,-0.14320338668876856,-0.11094504167385041,-0.47560843335947817,-0.009957151910226404,-0.1618965210678845,-0.6165905931039767,-0.09078016581048114,-0.22519568807653817,-0.6318471265400546,-0.15818226646070166,-0.27807011934605064,-0.6065445388517492,-0.1921302455804716,-0.03342150797524526,-0.5146000802421619,-0.025019274029744593,-0.04607637683165416,-0.7442803176553532,-0.07071729399234322,-0.0631205513019655,-0.8850676729584184,-0.10696867290155167,-0.07909586456072813,-1.0,-0.128921044092511,0.04957435769171307,-0.49437616845565674,-0.05459701567291736,0.05580364791552502,-0.7081792368144779,-0.10140891333394199,0.05809826615952757,-0.8478967865631343,-0.12292735054903711,0.05425560015551978,-0.9712115730026946,-0.13245219499553212,0.13135323522420453,-0.4269146079317785,-0.08966724931818063,0.16741917302007053,-0.5895605325122407,-0.1218936998355591,0.19409213710455306,-0.7007421995256161,-0.12369440146881357,0.21042306290321755,-0.8031994875725829,-0.12071321223896295,7,pause track
0.0,0.0,0.0,-0.11175935366579452,-0.10364947759830427,-0.04499451157725454,-0.19179968348512852,-0.264293254485351,-0.07704019915222395,-0.24143221577894838,-0.39991161501733197,-0.11211612888629618,-0.2853807207820696,-0.5308748818608309,-0.14449762300359623,-0.10997897419764467,-0.4741279056963467,-0.012618761958282968,-0.16304119618436344,-0.6106891105617118,-0.0936633445791553,-0.22929216068448577,-0.6249190660769174,-0.1612745028428642,-0.2842431411878691,-0.6014097551554458,-0.19531813715540403,-0.034727743688355246,-0.5135676020321338,-0.02736708936558251,-0.04993564660315103,-0.7421649088661669,-0.07088284772261487,-0.06635280343364046,-0.8845643008757214,-0.10552143229224126,-0.08008944741767564,-1.0,-0.12658343885558035,0.04702422765579722,-0.49318526690943393,-0.056682126688283666,0.04928777480328602,-0.7060368464740038,-0.10178016951882941,0.04933248783438507,-0.8453002533426995,-0.12232194497052112,0.044175273480247454,-0.9675552235965214,-0.13158937968248846,0.12819279404790807,-0.42674717503736875,-0.09182689864047996,0.16261728995519753,-0.5881953860689945,-0.1245387019330408,0.18915187121365715,-0.6994648984687188,-0.12677970904134497,0.2058497191020609,-0.802185879945111,-0.12400808505204299,7,pause track
0.0,0.0,0.0,-0.11332703864841592,-0.10594380691406857,-0.03911905390754144,-0.19110193809833026,-0.2666316135089122,-0.06743386917855483,-0.2376742666069788,-0.39980397432497333,-0.09955830962071217,-0.28314457618461264,-0.525600031922495,-0.12978045547957034,-0.10283405806891743,-0.47487957533843556,-0.007349416224331916,-0.15704199591551163,-0.6041048633433656,-0.08421837514394279,-0.22414300353983005,-0.619553400701602,-0.14934045751706723,-0.28071369358279585,-0.6007130982436597,-0.1824921707144913,-0.026393539441281918,-0.514048014871161,-0.025251813957514004,-0.04202350126900899,-0.7401383162705801,-0.06783112814222593,-0.06156884436333804,-0.882594118434253,-0.10244169487300703,-0.07909683460490845,-1.0,-0.12344983690552819,0.05541337129133549,-0.49294157452061405,-0.056807915625528525,0.060775529303323625,-0.7046425033394804,-0.10221117737831215,0.060382913407537736,-0.8436401421269543,-0.12352118297629631,0.05453781218256331,-0.9671871906626188,-0.13301410767859786,0.13540744869337815,-0.42311214303228034,-0.09352749369944476,0.17165295269607153,-0.5832266790969373,-0.12626629461970562,0.19940833041116765,-0.692838493602093,-0.12803196753191606,0.21738449298083612,-0.7933804318441259,-0.12486778493062534,7,pause track
0.0,0.0,0.0,-0.10826058160136623,-0.1018639668913473,-0.04639729951799163,-0.18328876365354438,-0.2599158155601762,-0.08073283254304267,-0.2303171079263642,-0.3938727270582832,-0.11761091553151523,-0.2741344674145593,-0.5247421483348826,-0.1519784180696817,-0.10277724639795435,-0.4737391460546483,-0.018726980300944638,-0.15509466476366465,-0.6085540861720842,-0.10258544146660338,-0.2215351181514365,-0.62129597515577,-0.17227093052115663,-0.2760399923077646,-0.5972987992582001,-0.20752112274820195,-0.025148740623511308,-0.5119588842575274,-0.03322971537754438,-0.03822629766894867,-0.7377271916800237,-0.07908729744860622,-0.05415091527572873,-0.8804345570584933,-0.11524424913605726,-0.06871229923224603,-1.0,-0.1377785773764067,0.05717344155443199,-0.49012494458354927,-0.062075077794036544,0.06449241810869275,-0.6985991566418788,-0.10816878487565504,0.06690075130484494,-0.839915915213603,-0.1301023227886436,0.0624406928082834,-0.9665939638153361,-0.14075983893707145,0.13650715621980242,-0.42020141471284456,-0.09672765693509842,0.17395439114941336,-0.5801830078419048,-0.12930589953934774,0.20185154805606753,-0.690532400955689,-0.13194494934013865,0.21937768453244472,-0.7924275883826558,-0.12993401571934932,7,pause track
0.0,0.0,0.0,-0.11153184564515646,-0.10280600443909724,-0.04366772691043874,-0.1908282680867538,-0.2634474729525705,-0.07438571433158468,-0.24115137365890188,-0.39921912759442857,-0.10833307543026939,-0.283493201088785,-0.53143270133227,-0.13915172075948506,-0.10977046461816901,-0.47606616823645487,-0.010675540733571975,-0.16266650280110412,-0.6137528604521608,-0.09175208086839484,-0.2288002023731009,-0.6289704626893167,-0.1584805316291935,-0.283107169967665,-0.604694031563974,-0.19132590550821915,-0.032581573999539815,-0.516190206473867,-0.02501898514121328,-0.04723707217680694,-0.7399965059100753,-0.06927851575695443,-0.06562151108246216,-0.882763703925599,-0.10262484549308677,-0.08286818777090682,-1.0,-0.1221231477446374,0.0495715048039175,-0.4969121094326548,-0.05400962950691508,0.05552149292127487,-0.7062370287124656,-0.09960702244143778,0.05603289944364991,-0.8462040023294801,-0.11850133651711382,0.04974158266112939,-0.9699031918140029,-0.1255362877774266,0.12955188785444047,-0.43017864104924874,-0.08878043460661818,0.16700068611101862,-0.5915297447600544,-0.12133459902811594,0.19381681624286545,-0.7031125485984444,-0.12271647347247125,0.21021297331739075,-0.8047573318055433,-0.11842631654274019,7,pause track
0.0,0.0,0.0,-0.10985812830707097,-0.1037628548570546,-0.04798694502922119,-0.19019924901418717,-0.2607401606700479,-0.08318418888554621,-0.2418690509980741,-0.3962259677427003,-0.12085079142329026,-0.2859677562486748,-0.5308159569920735,-0.15591829275949765,-0.10535871664477477,-0.4763060114768191,-0.016644154613266095,-0.15929773410387396,-0.6102983823930882,-0.10137954003542973,-0.227726862273429,-0.6235608758475348,-0.172494377322966,-0.2871433477871796,-0.5994113235870919,-0.2085874390025702,-0.029299014424265662,-0.5146843265074418,-0.030310005089795925,-0.042637378716739616,-0.7421022860831883,-0.07629774178818158,-0.06047596757334576,-0.8832214351375464,-0.11348209031171475,-0.07824383397021935,-1.0,-0.13666015713631016,0.052907038578288886,-0.4940947423541502,-0.05888503728409572,0.057881997814648894,-0.7022252510342483,-0.10542586900460924,0.05991994271751729,-0.8457204444134337,-0.1286961578489541,0.05500161564239906,-0.9740578637075233,-0.14018741441228966,0.13303870157899408,-0.42694688296178074,-0.09339801255223477,0.16912449794843898,-0.5884092391713007,-0.1257120798862487,0.19687195373504685,-0.6993067979593455,-0.12868638609146713,0.21334039654706397,-0.8012282269323863,-0.1271196448184764,7,pause track
0.0,0.0,0.0,-0.11294632771286357,-0.10276385558225395,-0.04465592872035868,-0.19327091375707603,-0.2589998266417859,-0.07666749029292211,-0.24395509464747886,-0.3936799117120863,-0.1115171538107346,-0.2909005255700711,-0.5235606555966961,-0.14426875651140603,-0.107984114759421,-0.4686371628507949,-0.013322344110532802,-0.1636790913799553,-0.5996528322564151,-0.09379468617469552,-0.2297853835928795,-0.6142974864120876,-0.16176180824516073,-0.28508798128474633,-0.5934613157649518,-0.19661669839366208,-0.03169481945657908,-0.5090113086368231,-0.02896192889902649,-0.04597151881175555,-0.7399955983473361,-0.07394957596479934,-0.06423041297749503,-0.8831144851805275,-0.11090226974702691,-0.08076289295302842,-1.0,-0.13411098228486107,0.04969434000032388,-0.4897423971272978,-0.058801833716606126,0.054251165522051135,-0.701977982710372,-0.10474237851935077,0.05318247717472305,-0.8409970672462619,-0.1280647910152657,0.04610492233790941,-0.9646539724915292,-0.1396931483041556,0.128870726540824,-0.4229138675155644,-0.09423466062758841,0.1624280185103034,-0.5844458921934911,-0.125953862731143,0.18801362016817075,-0.6948492566702427,-0.12857305181292056,0.20307414820189304,-0.7971744071241996,-0.12702156382600763,7,pause track
0.0,0.0,0.0,-0.11419015273381596,-0.10374102473343241,-0.040938301736214315,-0.1940200421693445,-0.2617281576770342,-0.0718345834397273,-0.24183147461117804,-0.39455878767724845,-0.1058580989186513,-0.2879762539871656,-0.5222925526326259,-0.13809362182260332,-0.10544286992277115,-0.47604806224007556,-0.014070199264911197,-0.16072191796052973,-0.6069714321562163,-0.09340234249455867,-0.22834409328258867,-0.6189626382055893,-0.16113646160255565,-0.2859648201172459,-0.5971073094550525,-0.19659048589838166,-0.027164749120961958,-0.512485425870597,-0.03238890688135378,-0.04191585920294431,-0.7399748350815488,-0.07816860782225855,-0.06216395347295256,-0.8819208626048496,-0.11732782240801665,-0.08125861314471715,-1.0,-0.14272240612344805,0.05621648460268092,-0.48951835753769385,-0.06397508490071047,0.06227475765887713,-0.7019955209097317,-0.11090575396290668,0.06090915025812658,-0.8418810241009943,-0.13632744900173532,0.054188602240259176,-0.9690712875114884,-0.15012435525705875,0.13724277872926852,-0.41848904912922447,-0.10056413885610113,0.17320160598490514,-0.579932533129049,-0.13357938724618898,0.20131909259404712,-0.689790611965526,-0.1371455383652475,0.21956569859425318,-0.7921441617287187,-0.1367107690062644,7,pause track
0.0,0.0,0.0,-0.11018013107733746,-0.1004374973820563,-0.04661717308629435,-0.1857913103239477,-0.2590540110589581,-0.08122934485981323,-0.23445087859145272,-0.3947486054715246,-0.11861102653644813,-0.28192831398569496,-0.5260539666255307,-0.15344694496584232,-0.1028712778888189,-0.4736022790656045,-0.01763940100380401,-0.15640986564681128,-0.6090134671479737,-0.10089634051208511,-0.2255211601784314,-0.6216054421145117,-0.17030691613886062,-0.28292329173524244,-0.59914135266302,-0.2054999411856908,-0.026452657965608528,-0.5110580031923316,-0.031889479255652935,-0.039514048538363045,-0.7366193953565413,-0.07648015627912766,-0.056536125331293215,-0.8792255520980662,-0.11143030935801405,-0.07201436332818847,-1.0,-0.13345172760680993,0.05565229480827867,-0.4892583780882346,-0.06068398533291082,0.062152943421732935,-0.6958237798281661,-0.10540885584257242,0.06420744834104807,-0.8370738894794248,-0.1259142300592423,0.05970095666824157,-0.9646910215321334,-0.13586099970451457,0.1350072131112477,-0.42049249297881824,-0.09554327428094243,0.17275843862718787,-0.5803998677437125,-0.12685340343452892,0.20131461833022746,-0.6901581995524319,-0.12857250918443086,0.21926050299912903,-0.7911311260996478,-0.1261440918814686,7,pause track
0.0,0.0,0.0,-0.11303168466347399,-0.0994178753233288,-0.044577740298167114,-0.1937935698811706,-0.2591926015824979,-0.07512213817068383,-0.24289067010894655,-0.39679015622717134,-0.10800698972269156,-0.28886179670923834,-0.5280104570011004,-0.13789580765552473,-0.11210375965115163,-0.47368853013437134,-0.013574437697976107,-0.16400654717226595,-0.6119528996705355,-0.09232221793392124,-0.23101173414449794,-0.6276942972565527,-0.15804314330556526,-0.28872126960400685,-0.6062015228230911,-0.19132248107781438,-0.034889035743285716,-0.5134824998158124,-0.02815589211546403,-0.04865937994481392,-0.7422454722488162,-0.07146364422893067,-0.06841413193579499,-0.8835313057585737,-0.10619677656432912,-0.08687002508953355,-1.0,-0.127859641607595,0.04737482311921494,-0.4929824686859751,-0.056805779838112073,0.052761433064190906,-0.7043898187784232,-0.10155073035872826,0.05311111068831974,-0.8425025082644961,-0.1225931062351447,0.04725988218160261,-0.9657922123709646,-0.13267435150211374,0.12784660055944483,-0.4253674124465946,-0.09111173798399666,0.1649544162742197,-0.5861405240873758,-0.12304480870265504,0.19345661973529338,-0.6963278141782927,-0.12523191759102067,0.21162949051182897,-0.7981816894756417,-0.12300011491626896,7,pause track
0.0,0.0,0.0,-0.11128949845367755,-0.10148890681726502,-0.044741663761992956,-0.19341804491058223,-0.2609654430549953,-0.07598682310043588,-0.24519039935457845,-0.39607973645287076,-0.10991127180286965,-0.28975984940164046,-0.527031060911658,-0.1409589556807774,-0.10949294070189593,-0.4720918381067635,-0.013441814822568454,-0.1642435121688853,-0.6082834476267313,-0.09222825109559521,-0.23169692080139842,-0.6229440634664515,-0.157980410904658,-0.28886567164179106,-0.6007189727040473,-0.19117045729433127,-0.03359082963560576,-0.5122490251445475,-0.027818215126790585,-0.046372193088611,-0.7402654296087132,-0.07192622238778291,-0.06558760252790104,-0.8824361301600108,-0.1071156973104668,-0.08327322845233293,-1.0,-0.12880193672151966,0.04650947962888261,-0.49261449509210703,-0.05628251104584397,0.052260723409977144,-0.7032530590291785,-0.10114706916739835,0.05020330778539734,-0.841560844426516,-0.12257661905310496,0.042052171574559635,-0.9635556003764959,-0.13253896105929025,0.12449482318139035,-0.42619389538792524,-0.09041920510931042,0.16036762135269597,-0.5879130025547936,-0.12100879936774796,0.18592940701895927,-0.6997103670835014,-0.12289018635174688,0.201013446282103,-0.8020197660346914,-0.12046016584616667,7,pause track
0.0,0.0,0.0,-0.1128891714524904,-0.1022757090999343,-0.044578850812819266,-0.19335470830317047,-0.2623683392063214,-0.0763958266628561,-0.2441484185217927,-0.39906117480276343,-0.11134338555776159,-0.2931436362555346,-0.5291708949644702,-0.14403435317297875,-0.10690896510459974,-0.46972745263773397,-0.01216123945223176,-0.16332250983363306,-0.6032199008209839,-0.0917760179413863,-0.2329930517320102,-0.6168827876458447,-0.15930953699998623,-0.2924401300974654,-0.5964292618430663,-0.1940335384309695,-0.031125030106737263,-0.5101997956142236,-0.027628883984939175,-0.04430095707945829,-0.7401614683994232,-0.07129128280627009,-0.06420193966505484,-0.8821754446589184,-0.10723992227801561,-0.08299770114818696,-1.0,-0.12992776862332872,0.04957186654094951,-0.49120257065244066,-0.057361408055010485,0.05411664560345348,-0.7030455258307894,-0.10209225937893596,0.05119111578379494,-0.841750706856027,-0.12404204878159338,0.04145811347363101,-0.9654096229919387,-0.13487098851202958,0.1282232894070678,-0.42573596285368975,-0.09284544257933279,0.16247544748021506,-0.5869414901442814,-0.1236902283685084,0.1880341063125201,-0.6983016399813969,-0.12563970062778868,0.20199447497183248,-0.8007895860080382,-0.12368066693335852,7,pause track
0.0,0.0,0.0,-0.1139716317811029,-0.10510773984061741,-0.0415676083465182,-0.1937987157871848,-0.2636210777067211,-0.07141012838293181,-0.2440337978070695,-0.3984312936407612,-0.10461687139270216,-0.291246095353694,-0.5272325489693357,-0.13589091792878394,-0.10526235166400813,-0.47510356947552385,-0.006817545770757923,-0.16053341728153858,-0.6033615414448287,-0.08430330699626108,-0.22936852234390745,-0.6190351040887427,-0.15139597835039648,-0.28735756255953315,-0.6012626632243575,-0.1865942005091527,-0.03008790220899533,-0.5151934676180076,-0.024158342184730754,-0.04635135244777713,-0.7421657014245773,-0.06736078906937067,-0.0668592931799115,-0.8833046167726567,-0.10440559453076396,-0.08482905559891797,-1.0,-0.12813446075940707,0.05153260105833156,-0.49512924075014647,-0.05550515104407911,0.057334374031444875,-0.7080332915215017,-0.10119596309692104,0.056897540458220895,-0.8474327264938264,-0.12433662123570495,0.051354362575111195,-0.973645110044089,-0.13620841739734635,0.13134904008580892,-0.42727710859014073,-0.0922364448471113,0.16658456835098573,-0.5877701528430693,-0.12475637578456719,0.19444338607682235,-0.6969806232180614,-0.1272837711887275,0.21249830832466535,-0.7988204844438891,-0.1258000867279622,7,pause track
0.0,0.0,0.0,-0.11146785671691567,-0.10082420756224082,-0.047155700927724684,-0.19030361706367832,-0.2594607905895276,-0.08135694980008433,-0.2409551501165478,-0.3954491428322537,-0.11823401085860785,-0.2867762169414766,-0.5281955351079922,-0.15236590674862657,-0.10550196997585283,-0.4750263865103641,-0.01645461113794629,-0.16086219279713504,-0.6111063610416875,-0.09939462878973404,-0.23098700593631247,-0.624771741624373,-0.16834599043418275,-0.2883987432927105,-0.6021227376559424,-0.20313699335739765,-0.029421450349901138,-0.5140188222592678,-0.030156307200526762,-0.04476979448966031,-0.7397107428937476,-0.0742257541569239,-0.06423392523350636,-0.8818332138012548,-0.1082499439230493,-0.08218892992705461,-1.0,-0.12932462472214257,0.052079345932836994,-0.4934143741711227,-0.05870308121647149,0.057532482904099236,-0.7030533224322999,-0.10340932965681465,0.05778350993389858,-0.8445304425362983,-0.12318265340868165,0.051722650440801786,-0.9714850433057064,-0.13230166451166644,0.13084680837108134,-0.4259393910184771,-0.09338867340540721,0.16800383447653938,-0.5860223433386118,-0.1254847922736645,0.19524812791244672,-0.6967690128007678,-0.12761507491553842,0.2120642327654577,-0.7994482817631504,-0.12506587964208873,7,pause track
0.0,0.0,0.0,-0.1106587665571856,-0.10075442072069618,-0.04589040784469419,-0.19158107578797487,-0.26069966571500636,-0.07656823408702008,-0.24436158039556072,-0.39817333322281284,-0.10990038985090676,-0.29074860655378576,-0.5298801997420926,-0.13985584055673136,-0.11020194855508282,-0.47626539704944515,-0.008496322075403863,-0.16296561194600126,-0.6135571004740408,-0.08646196370733882,-0.22969143338621212,-0.632714116005195,-0.15153808600667537,-0.2859185982423822,-0.6131140975324855,-0.18424152494364726,-0.03446976021396766,-0.5171448190694149,-0.021797711123823806,-0.049712377018002074,-0.7418955920878385,-0.06489611968147754,-0.07005288273605564,-0.8831326136607792,-0.0990213257067912,-0.08925936934117029,-1.0,-0.11971408257580378,0.046211903819285326,-0.49823950078423496,-0.049909365199707435,0.04966264280003121,-0.7081861207059996,-0.09493380289056084,0.04741947168313882,-0.8456655115960329,-0.11540539544205912,0.03876584932821308,-0.9676499963620341,-0.12426252679604952,0.1253535175315092,-0.4326880910625637,-0.08398177384630384,0.16211960395247565,-0.5933607976737016,-0.11562277706442352,0.18904173608734592,-0.7047216982367115,-0.1182380913748132,0.20544837042150801,-0.8068353235572702,-0.11585727127071606,7,pause track
0.0,0.0,0.0,-0.11031242086787632,-0.10262854426001601,-0.047025038212331643,-0.19193290660553022,-0.2582201388803725,-0.08123521134718538,-0.24333416932343963,-0.3934652346933289,-0.11806093490201297,-0.28840984843962064,-0.5281646683987519,-0.15210972314535967,-0.10334818754335211,-0.4724654911504765,-0.016528043118910762,-0.16057802179764466,-0.6072275904227069,-0.09904277765510404,-0.23208185928871483,-0.6225922440512521,-0.16789005836706034,-0.2921107555270693,-0.6016786555554103,-0.20285501888168883,-0.02870312059698588,-0.5121019338324387,-0.030714698852008275,-0.04374716909986506,-0.7377819327219779,-0.07629758582232757,-0.0620541395458404,-0.8804950121577938,-0.11227605238377898,-0.0784554029375731,-1.0,-0.13457852546352744,0.05087904966118143,-0.49252238070396476,-0.05950725685775006,0.05565295296996379,-0.7012579472404443,-0.1055321340096553,0.054968483262835696,-0.8413797044152811,-0.12719847578118795,0.04787096768976852,-0.9664603779097543,-0.13739443303006446,0.1282355815627391,-0.42577142323474804,-0.09425287104297034,0.16331765256673444,-0.585530749724103,-0.12657734546416624,0.18873777128631386,-0.697057602323774,-0.12941566607818636,0.20341445132657615,-0.8001489958078757,-0.1274817342505067,7,pause track
0.0,0.0,0.0,-0.11397393418033702,-0.10636384850901266,-0.04298721401706882,-0.1956044091203323,-0.2644427402947503,-0.07336013261558946,-0.24734815123600412,-0.4009497596406112,-0.10696003396829006,-0.29442548858946727,-0.5316299889112712,-0.13824841411919436,-0.1054526273092729,-0.47172770911914863,-0.008296132200282873,-0.16154140009203466,-0.602294862319304,-0.08715045374038821,-0.23171019356970113,-0.616802588291416,-0.15481238049182577,-0.29230865164853337,-0.5974442295264367,-0.1896958192316743,-0.030195410658894264,-0.5117979009245985,-0.02400770761659954,-0.04498840573519185,-0.739561541254614,-0.06716810600607889,-0.06497086505772864,-0.8821082775452812,-0.10351416470657826,-0.08363092949257345,-1.0,-0.12654988457760807,0.05115534979090515,-0.4932665183805153,-0.05399871137370076,0.05608969855176004,-0.7060759475758177,-0.0988954453135759,0.05256265092101121,-0.8453729701770791,-0.12156431268744633,0.042785736782845606,-0.9695501351192917,-0.13268512931092477,0.13056120182802347,-0.4277412499455284,-0.08957568747887552,0.165464147843193,-0.5890582171818362,-0.12104546049288116,0.19143977115519373,-0.7006281937790572,-0.12354590469668444,0.20618211344201376,-0.8035902379775174,-0.12170582309146977,7,pause track
0.0,0.0,0.0,-0.11355420976527127,-0.10055589791565366,-0.04441852732637976,-0.1925406567663349,-0.26172805675346184,-0.0767200366245897,-0.24117136861263863,-0.3973792564618433,-0.11181799905448113,-0.2905510099906129,-0.5257468743089513,-0.14511718754421424,-0.10574487325489286,-0.47467169011957255,-0.015579265737632056,-0.160259958589652,-0.6058471564320824,-0.09414462906914489,-0.22726238598293497,-0.6174545445275951,-0.160890209384381,-0.2826316792348581,-0.5955567678006185,-0.19586007886339957,-0.02836972086570442,-0.5131013597608421,-0.03209234699126056,-0.041359875552281364,-0.7401000399573533,-0.07654147122740278,-0.06034274104894744,-0.8820810707296136,-0.11460341532152114,-0.07749406853164055,-1.0,-0.13939547935780014,0.05349416539795166,-0.49132339136602526,-0.06229159246961126,0.059971717586269964,-0.7024631445990978,-0.1087121592267502,0.05889216804010775,-0.8407319014538231,-0.13353043133568912,0.052684439510493744,-0.9661944221574039,-0.1471154694417488,0.13284768473584493,-0.42245080688999875,-0.0978653947208608,0.16869408280667586,-0.5819386390155834,-0.13184498142035156,0.19654824547707614,-0.6920781838586313,-0.13643850775556124,0.21467728542359574,-0.7951403701185275,-0.13665782710403335,7,pause track
0.0,0.0,0.0,-0.11253626480152533,-0.11271034701691209,-0.04093254826358265,-0.19219137261383817,-0.26853054228494705,-0.070102823320463,-0.24308536226830105,-0.40397083348107754,-0.10311480808526774,-0.2896910941102137,-0.5344145323330842,-0.13298760242730256,-0.11157385678799188,-0.4792882647925909,-0.0012468331472435187,-0.16295840370377712,-0.6174735267995871,-0.08152115345879903,-0.2302433437633755,-0.6295739857791443,-0.14998638350279284,-0.288502951580016,-0.6045940952764389,-0.18399958094497088,-0.03792060678331525,-0.5175281386381271,-0.015236801144803854,-0.04914716466558206,-0.7430145148550622,-0.05971486497957959,-0.06582010871553011,-0.8828957173541402,-0.09513393423442675,-0.08175414565558078,-1.0,-0.11649744819353096,0.04268155295296206,-0.500767246075193,-0.04425713293022009,0.04876423963205693,-0.7066268646131759,-0.08975559473864812,0.05200381612785871,-0.8477549815852566,-0.11085480073109684,0.04921193944340038,-0.9730235386516962,-0.11945489144370595,0.12210869263558241,-0.4401421024608552,-0.07885256174343727,0.1568993095622928,-0.603032520568086,-0.10778555467879847,0.18396567383498236,-0.7104630251887333,-0.1077642306544197,0.20051381475697871,-0.806787238028602,-0.10360390826309125,7,pause track
0.0,0.0,0.0,-0.1105373151460657,-0.11756974230452832,-0.03591016873977468,-0.18684073386772782,-0.2725381186508772,-0.06420339060275797,-0.23792144783914598,-0.40637110443649443,-0.0981691746895365,-0.2864719634214,-0.5308568039639571,-0.13011830518254408,-0.1047559067169176,-0.48358684547837233,0.007608165996503566,-0.15878999827820398,-0.6205994145893516,-0.07542451703997938,-0.22968804882248284,-0.6345410648351859,-0.1478816825811016,-0.293726004859291,-0.6142067303093494,-0.1837129848328282,-0.03071025999119971,-0.5225041801381263,-0.008687347409591591,-0.0479563811673777,-0.7436319182720821,-0.052103894706371834,-0.07192056781006677,-0.882155229477148,-0.08746012952108745,-0.0973935069158807,-1.0,-0.10899130359466554,0.050988578753037056,-0.5071679516366627,-0.04040562511137652,0.06278816169577778,-0.7120562453368025,-0.0821070274185832,0.06216357062233361,-0.8449465286679038,-0.09932587725883879,0.05238101432916914,-0.961937288362572,-0.10518008896322553,0.129300606454822,-0.4467274014271776,-0.0780231329072863,0.16157854259532053,-0.6146089418606876,-0.10233833158341647,0.1846920854776071,-0.7221250789156511,-0.0984858990682551,0.196779858812726,-0.8179862638939374,-0.0915372755485214,7,pause track
0.0,0.0,0.0,-0.10508642884717782,-0.11731018372640771,-0.03990588997707961,-0.17325938523074086,-0.2719677821664732,-0.070549760659709,-0.22180431607250495,-0.4027998386141197,-0.10580414680638889,-0.2665932517868068,-0.5269165137682732,-0.1398632314865665,-0.08598797088216864,-0.4743358071212971,-0.0027301360412226006,-0.1433447836464888,-0.6118076153881631,-0.08838897880736417,-0.21662152011695637,-0.6248223352382071,-0.16417195954716557,-0.27792622368973147,-0.6056451839183034,-0.20343258629458538,-0.013385771918921333,-0.5086678795333742,-0.01946727021941967,-0.027902115786951287,-0.735958960770395,-0.06635710207244178,-0.04906853191418683,-0.8782929863257395,-0.1062828579962937,-0.06936012949572072,-1.0,-0.13132210993532697,0.06516954709071635,-0.4879594329305244,-0.051076279675280924,0.0798700463097493,-0.6992922113251994,-0.09724555911989935,0.08409723402532958,-0.8401003437029029,-0.11957692514623647,0.08014369922625726,-0.9670276455560992,-0.12945999617376205,0.138641565636547,-0.42103202464779077,-0.08836520349688824,0.1770442453387894,-0.5842671987713516,-0.11782623988514707,0.2054323893463388,-0.6922588314746329,-0.11672763711146432,0.22297810486405562,-0.791957506878412,-0.11197752358662448,7,pause track
0.0,0.0,0.0,-0.1069790575594312,-0.11129606890733149,-0.038092855779826684,-0.17584933101944983,-0.2701904367347122,-0.06605776207369288,-0.21912496848821014,-0.40374575265941226,-0.09796550057992852,-0.2637767384911133,-0.5265198404211388,-0.12878800897988738,-0.08137445079748716,-0.4717246392201262,-0.007918853186138414,-0.1384466436640987,-0.6056945730258414,-0.08414370666877906,-0.2094998511862475,-0.6172834336143596,-0.15106382201730154,-0.2659624976049378,-0.5972920383894613,-0.1862087737579405,-0.007788168982627428,-0.5053460779724238,-0.025429403170318124,-0.018566073555372424,-0.7340841988377738,-0.06885476578232104,-0.03802220457395811,-0.8789325758206484,-0.1066035427426618,-0.05393090156207079,-1.0,-0.13083714776287836,0.06932045375647955,-0.48181040612776976,-0.055857648082857016,0.08199795632436845,-0.6932783212678699,-0.0992370958151631,0.0829219144079132,-0.8327069196650021,-0.1218559968401417,0.07933393257665154,-0.9563911726108247,-0.13322998732038221,0.14189569942380578,-0.41247516239477305,-0.09147819519898609,0.18055570096262805,-0.5724020035266616,-0.12052621800346808,0.2097491204533909,-0.6810908820791849,-0.12121495937480467,0.22983623507687215,-0.7815605219964341,-0.11833113206456464,7,pause track
0.0,0.0,0.0,-0.10579595307741532,-0.10986396617725096,-0.04310789325883651,-0.17818605476503768,-0.2646852875869613,-0.07430493669047508,-0.22391639008305345,-0.3978037065945128,-0.10866128529551537,-0.26490771205602454,-0.5262844144904544,-0.14158742275400665,-0.0892974105675339,-0.47289949268417464,-0.010605351438843634,-0.14172622902012535,-0.6047253765059284,-0.09097346854075275,-0.20745680997064692,-0.6215285033230267,-0.16104816623278126,-0.2620621018265318,-0.6052815223794505,-0.19788998228706772,-0.013369692590918966,-0.5072182499869773,-0.026938005982981465,-0.020623305188647884,-0.7366628960665342,-0.0724109724316987,-0.036056141426726765,-0.8798486903764149,-0.1120835178324206,-0.049886606718218436,-1.0,-0.137363083621911,0.06493083539191725,-0.4819750208681754,-0.05714875549669263,0.07702577997849445,-0.6906132384909525,-0.10315287047642159,0.07909756311379011,-0.8278753931708235,-0.12804830725971994,0.07594143951659522,-0.9513416405117456,-0.14082275394073776,0.13696400763832392,-0.4087729766975218,-0.09283183726140125,0.17387528898876062,-0.5637049174357153,-0.12436385143524385,0.20348569465931407,-0.668501061513579,-0.12694191281033695,0.22450827972121556,-0.7666353132301479,-0.12538206169751584,7,pause track
0.0,0.0,0.0,-0.10504125418029718,-0.11544328406548593,-0.040655329786701375,-0.17627176452060153,-0.265863229479191,-0.07281099245176108,-0.2235249428682279,-0.3951109215525674,-0.10895796639217437,-0.2549475255050934,-0.520475562339655,-0.1428662551792979,-0.0821384392272842,-0.47496797743980723,-0.011234917122656755,-0.14208574314239475,-0.6197153920721583,-0.09348720603271307,-0.215663638673387,-0.6425554879890886,-0.16175600211144292,-0.272614596793053,-0.6221505493574193,-0.19541630881444055,-0.008241074005611712,-0.5066664892794939,-0.02608258928965042,-0.022262147774515215,-0.7403654792006484,-0.07673971697550028,-0.04625105600801283,-0.8812325206322735,-0.11488353306428072,-0.06923317684962628,-1.0,-0.13682701025429167,0.06858508014343827,-0.48625740393469513,-0.05469555240731522,0.07813305990367704,-0.6973396157189109,-0.1025848462678559,0.07596709341240193,-0.8351260812446498,-0.12561832587937455,0.06680199349778103,-0.9555863698576114,-0.13466056861880382,0.13979658471523268,-0.4195395541574989,-0.08852841745003112,0.17640186764503754,-0.5854590493504649,-0.11626828687867366,0.20263656659755191,-0.6943373954131996,-0.11624446487564362,0.21855372494488975,-0.7889717818763238,-0.111851843018647,7,pause track
0.0,0.0,0.0,-0.11214324961351033,-0.11492237681809311,-0.03827866559440824,-0.18786668078374708,-0.27053533491389276,-0.06517901589609164,-0.23352073065579373,-0.41085184816111187,-0.09568711769027567,-0.27892306052767435,-0.5445523639881582,-0.12321977122390547,-0.10393908064589795,-0.4820925872871539,0.002662554243037299,-0.1553086450509253,-0.6230624480124674,-0.07070733530437835,-0.2241878872681927,-0.6469786160832299,-0.13473659918167602,-0.2820040787290199,-0.6324255670014629,-0.16825733416255567,-0.029496566919805296,-0.5186615346927251,-0.013173940937595156,-0.05111455733956699,-0.7454830532753702,-0.05578169088387759,-0.07034337030070766,-0.8846913065081125,-0.09208753250061547,-0.08637127367898036,-1.0,-0.1152260068732704,0.05072547261078794,-0.49871147040464814,-0.04327632128971597,0.056194284243262206,-0.711963896950849,-0.08699375988041613,0.057439562979479025,-0.85291438129127,-0.11010914910700774,0.051356070136977204,-0.9787103701027917,-0.12210828902042298,0.1298376950959754,-0.43240876836777487,-0.07849040850109434,0.16391106792945334,-0.5911858728161776,-0.10668823321643449,0.1855280203285958,-0.699648560819012,-0.10852549727434772,0.1948885442660433,-0.7981771319905498,-0.10738147961208089,7,pause track
0.0,0.0,0.0,-0.10991005604531295,-0.11968157125501114,-0.03532793399590526,-0.18161313175117602,-0.27785481847343557,-0.05909788751768944,-0.22343707068065427,-0.41885214696915024,-0.08798100858450353,-0.2607800329055175,-0.551774050987,-0.11456966602945962,-0.09637757922648861,-0.47554696319150414,0.01304428101467151,-0.1434346209741225,-0.6179575902832721,-0.06149474121724287,-0.2110999844410531,-0.6497503947668972,-0.12909291879282792,-0.26893407972139555,-0.6436873711007458,-0.1645040784474855,-0.0213324748325758,-0.5138193242120387,-0.0035869374950131066,-0.036132509260883815,-0.739879980932014,-0.043434683268441736,-0.051003883115894294,-0.8825208473336269,-0.07901481370703851,-0.06328585095853044,-1.0,-0.10148682622371473,0.05970481036292071,-0.49819764497131525,-0.03518860952317149,0.07449044448931895,-0.7129543957335381,-0.07702764963132272,0.08039009921311453,-0.848806678429672,-0.09610928589459335,0.07839822296964019,-0.9669695143953363,-0.10423674594616959,0.13852494562644624,-0.4371593997556914,-0.07225118742135639,0.17360706045147428,-0.5977574426387974,-0.09924978277121752,0.20018786600767355,-0.7043289459310044,-0.0972108469204245,0.21608679244033807,-0.7995252865991122,-0.09232895836220922,7,pause track
0.0,0.0,0.0,-0.10402878455894171,-0.1216793218753812,-0.038604436926894845,-0.17285383113838917,-0.28441549615272155,-0.06484283222821204,-0.21544318457179393,-0.4216737226552715,-0.09522611715441061,-0.247524747017234,-0.553757041255542,-0.1226384734125471,-0.07745036559127252,-0.48377324749332523,0.0024061541399412567,-0.1257495060125465,-0.628338023106745,-0.07526376049070473,-0.1963795332518467,-0.6536650833185215,-0.14337859305315434,-0.2550707001946812,-0.642977424275273,-0.17771329033340602,0.0010639305721906818,-0.5144637463098107,-0.01204868850056314,-0.0005235388929625206,-0.7381766088524221,-0.054018273828306915,-0.01007087856646105,-0.8840079422299087,-0.08620811444111202,-0.021123943816590655,-1.0,-0.10470572083357861,0.08048008705487873,-0.4892612707142597,-0.04146197843455928,0.10890034230843953,-0.6949377931370887,-0.08294579105772146,0.11680099151084206,-0.8268310847595135,-0.09569453995490741,0.11465171000260903,-0.940086376042205,-0.09722793678281927,0.1533252319207207,-0.42046740966453744,-0.0769195122875937,0.19615509193943045,-0.5804075964485351,-0.10454580639848203,0.22266735978344013,-0.6875431212793438,-0.10000621506909882,0.23823287668320156,-0.7840835198886897,-0.09070747368085291,7,pause track
0.0,0.0,0.0,-0.09908119024339382,-0.13107364344492964,-0.038525498337172476,-0.1637893417821445,-0.29397979016482245,-0.06692483820053483,-0.20201845393357282,-0.4330498502378195,-0.09946918227395816,-0.23368236967744255,-0.5682848139035818,-0.1291982842453526,-0.0676151681888131,-0.4878318517527936,-0.001228761623798929,-0.11188335408672062,-0.6376759352790463,-0.08024586564667743,-0.18157432373340712,-0.6650156502596911,-0.14758116002472288,-0.24069456211895246,-0.6528071674842314,-0.18094535351385083,0.007929783678906923,-0.5110215062470703,-0.01615903719729249,0.007619446887909652,-0.7403307801499828,-0.0595459669148783,0.0005009810622063311,-0.8833976603505727,-0.09233446309867666,-0.005585599509137274,-1.0,-0.11080440901647534,0.08840927561500901,-0.4810824892774166,-0.04568074146337451,0.11261677925629916,-0.695296469579668,-0.09005920624176829,0.12119669691833407,-0.8336374232853468,-0.1065781621589824,0.12345974930278336,-0.9539456037600726,-0.11087815642114511,0.16438024647712987,-0.40782619412183246,-0.08071451353303248,0.21058155911537974,-0.5673647547791789,-0.11040286644827799,0.24342373666164915,-0.6721961217464187,-0.10837005056915262,0.2663069104383754,-0.7671965065825488,-0.10109723576355811,7,pause track
0.0,0.0,0.0,-0.0994980942665877,-0.13212144732112807,-0.03911402548286794,-0.1624374028222937,-0.3018058778213547,-0.06708731904865527,-0.19624874939260453,-0.4442605824137469,-0.09895852148159234,-0.22382186807749185,-0.5840496504683161,-0.12780400653465343,-0.054524775128208136,-0.49803785099960257,-0.0012665589586994968,-0.09574230071972929,-0.6427549691369617,-0.07682473306498935,-0.1626596505470011,-0.6660115530216708,-0.14191522459619305,-0.22235936818698263,-0.6519753547018755,-0.17503029331854478,0.024116773141191736,-0.5198892413543482,-0.017041797793117444,0.02564296326142672,-0.7425630522139629,-0.05738988308517278,0.017160731128206354,-0.8835199229422451,-0.09165501326340002,0.0078095504761401405,-1.0,-0.11344264843626257,0.10295488519650514,-0.4850328702454835,-0.04726987302538265,0.12906639476332696,-0.6932053511076087,-0.09043460862110973,0.1423979920801422,-0.8326813126482115,-0.11209574482808486,0.14785976331879247,-0.9580882657506755,-0.1225308841975991,0.17551498153057568,-0.40522604315762795,-0.08277549662028191,0.22689072760817058,-0.5583196884315531,-0.1135941910982499,0.2634952396378297,-0.6621776684239132,-0.11581545281209313,0.2872865839129169,-0.7584575503134257,-0.11355979429149096,7,pause track
0.0,0.0,0.0,-0.09662132007520718,-0.13150989681039385,-0.038739044432289524,-0.15520579486462904,-0.2993083289819761,-0.06848766917645993,-0.1866248392679875,-0.4400033699201712,-0.10256503574986642,-0.21568945413773843,-0.5766705261524518,-0.13409652611745057,-0.05304347553818783,-0.4910902820400367,-0.0022909439619661206,-0.08688728964121636,-0.6361156849613963,-0.08118647662666315,-0.1511885412811216,-0.6626112090040073,-0.14911862064808035,-0.20875519532393721,-0.6505355646360228,-0.1833301823869038,0.026351494178768732,-0.5102168363046714,-0.01850354372681261,0.03718548170234561,-0.7355562913198415,-0.060308085416941166,0.035238529983733655,-0.8793192120474209,-0.09484716855399315,0.03201628047172766,-1.0,-0.11608173422130762,0.1052658789102051,-0.47359407593082575,-0.04921098671578034,0.13575317096890957,-0.6826552436955442,-0.09211672677915786,0.1516033006868069,-0.8212938177911542,-0.11250057510420632,0.15906343598021824,-0.945022461158721,-0.1213456143348684,0.17753508397822135,-0.3932002176030562,-0.08537941678953631,0.23003345963737823,-0.547756494578164,-0.11530905732725848,0.2671917081905444,-0.6533261614519433,-0.11656626036778861,0.29271717872147357,-0.750979282927881,-0.11308400345623015,7,pause track
0.0,0.0,0.0,-0.09757214761050505,-0.13146829226074583,-0.0414296980880442,-0.15820604923058446,-0.2973477433283662,-0.07098311078909696,-0.18929471173631746,-0.4377022744226219,-0.10364698030137752,-0.21495931402881488,-0.5782609565986869,-0.13287899211829565,-0.05354292648147156,-0.49375344790129155,-0.005627004543030579,-0.08975979939911581,-0.6423557121384377,-0.08203884123784076,-0.15358799573976287,-0.6707706872605603,-0.1472729404885312,-0.21263873295036728,-0.6617066441683441,-0.18029149858725027,0.024945584243010143,-0.5131211594721686,-0.020067514069614965,0.033680954396740174,-0.7376193481648775,-0.06312416807386108,0.031328433314866025,-0.8801756052557055,-0.09886304485727605,0.027697576151150104,-1.0,-0.12110647905233204,0.10212970644045882,-0.4766935119697003,-0.048903185125407235,0.1316151868387168,-0.6804654350287342,-0.09362793846615497,0.14924901250929498,-0.821101097028726,-0.11804031231786033,0.1587990735338361,-0.9492727982445657,-0.13003297406527584,0.17379586187081872,-0.39734703682137795,-0.08307080140615428,0.22642577525894952,-0.5493108024329746,-0.1138563834531052,0.26305963448860964,-0.6522890532040975,-0.11803477433339524,0.2875635046750156,-0.7488567833796586,-0.11749782902233492,7,pause track
0.0,0.0,0.0,-0.10176542984619007,-0.13463845198919874,-0.04238573787820987,-0.16709597132162118,-0.2991445015013791,-0.07058454385995716,-0.1955884632833483,-0.4426294913290262,-0.10162080969795448,-0.21795476474076975,-0.5865200801598932,-0.1288414147215465,-0.06258551080600612,-0.4943232518922938,-0.0008674265805701776,-0.09843378904814126,-0.6438795803680636,-0.07340774794733464,-0.15948497154369504,-0.6747462435049117,-0.13634562479196638,-0.21761011224441987,-0.6688710002426432,-0.16863841714378922,0.017896789376109654,-0.5151809749384154,-0.014872455110796597,0.025465888430562692,-0.7417675934471839,-0.05611518128804504,0.02261206824637473,-0.8823876403531393,-0.0927038786440713,0.018369277170619366,-1.0,-0.11623815324541448,0.09644083827349212,-0.48089262253961806,-0.04349694030327138,0.12597703916536807,-0.6856616105190624,-0.08804990815056077,0.14372344303577597,-0.8254528611147193,-0.11413528925478196,0.15298914047522277,-0.9525748565947739,-0.1277687752464178,0.16971636638449702,-0.4039724933177869,-0.07739845855694065,0.22239730799279156,-0.5578770503261972,-0.10802867781580827,0.260442403075056,-0.6598181584784399,-0.11260240842386776,0.28545484949450584,-0.7550804436753333,-0.11292971021154308,7,pause track
0.0,0.0,0.0,-0.10808398875134345,-0.1175092235242619,-0.04196215288059905,-0.1841533748105328,-0.28609988492411664,-0.07338320913816872,-0.23373704402120177,-0.42330677686929086,-0.10852807598492897,-0.27802424738560644,-0.5513656295010202,-0.14206443682684317,-0.08114712966458318,-0.48708043808665613,-0.01085991351650193,-0.13325663571611945,-0.6261537598205917,-0.09283647662751576,-0.2075049565994686,-0.641887768831359,-0.16334020094440643,-0.272032141711981,-0.6248732405194956,-0.19950443218433472,-0.004302126554603308,-0.5153973829626126,-0.027131928839799178,-0.0076570458829183525,-0.7392726314553807,-0.07105385409482416,-0.021143149950813272,-0.8819967735155498,-0.10681120765439238,-0.03407442123664819,-1.0,-0.12902400694116642,0.07434818194685772,-0.48581199637731165,-0.057744366395335846,0.08788554213584551,-0.7000477064874195,-0.10288216085475536,0.09084602499207224,-0.8407392782283881,-0.12344670947022884,0.08858088738779807,-0.9653230247651019,-0.13237110161019106,0.1483804317680136,-0.4117993358208263,-0.09392932377690218,0.1883419425451286,-0.5724227634325282,-0.1260844297334673,0.2182691838920864,-0.6809768945359649,-0.12730573937743905,0.23727504196594915,-0.7808119617647011,-0.12351827288355069,7,pause track
0.0,0.0,0.0,-0.1043054494688992,-0.12415671836066793,-0.04191486036600809,-0.17633890896191465,-0.2934066547086741,-0.0739391797187889,-0.22464819757578877,-0.43156824208927297,-0.10965959244832943,-0.27524123390462785,-0.5555854982163138,-0.14413515723461606,-0.07643889265556118,-0.4908608610326785,-0.013698562889845403,-0.1292242752970188,-0.6346042276366944,-0.09486657407078299,-0.20389206910460955,-0.6519124205780459,-0.16295214380619094,-0.26578726788477985,-0.6341177547581653,-0.19775587395606636,0.0016698278106288818,-0.5147143384340751,-0.03045051719379297,0.005541299416118115,-0.737884951524358,-0.07796200807725404,-0.00624704983736558,-0.8810925685939632,-0.11622352551217881,-0.018608982226074718,-1.0,-0.14020428902142051,0.07808497612692637,-0.4808563410259271,-0.06115165955040434,0.10032827264223003,-0.6908027875282143,-0.11056602544781163,0.10461970436867235,-0.8286192952794537,-0.13509802237535135,0.1021547272690863,-0.951173628335293,-0.14646995170304325,0.14788117531618591,-0.4031348249355613,-0.09679983352489205,0.19261150541971694,-0.5617427200714047,-0.1320454354581962,0.22435167941136924,-0.6708518210191757,-0.13654753561639643,0.2453651335833641,-0.7716525487974779,-0.13542461431886843,7,pause track
0.0,0.0,0.0,-0.10498921865986427,-0.1257657122791055,-0.03980003595577444,-0.1819039183595442,-0.2989722486797231,-0.07044056656369975,-0.2361835856346968,-0.4368612782361549,-0.10499312960391033,-0.2916089395467695,-0.557427268220216,-0.13822228698483582,-0.07717817688716633,-0.49178221971040637,-0.012946572517039992,-0.13461869215486427,-0.6311054434240558,-0.09464978369832386,-0.21277978532757022,-0.6453015942858239,-0.16325793508236222,-0.28014416886194393,-0.6263773452946121,-0.19847951061446537,-0.001770566699908705,-0.5162801822266779,-0.030659767599135825,-0.0019241153497271766,-0.7377848682416455,-0.08098399960704716,-0.019896479813036588,-0.8799106841609664,-0.1192821561742673,-0.03842331737978963,-1.0,-0.14251243662670446,0.07253805086310003,-0.4827486115850041,-0.062047276617740385,0.09187127499977678,-0.6921534005170886,-0.11233528737375743,0.0929297214123958,-0.8324461470925805,-0.1351229718937847,0.08794224462949325,-0.9597057018366263,-0.14461281638515736,0.14102513996859645,-0.4041740056041598,-0.09836421738850777,0.18536922887985163,-0.5641403742049393,-0.13173017249111676,0.213874386665361,-0.6756727560635981,-0.13377055629833579,0.23121543051220989,-0.7788663776907425,-0.13089195824288524,7,pause track
0.0,0.0,0.0,-0.10423035715594742,-0.12924568519410137,-0.038033584277910024,-0.17966826142752193,-0.30382971590625263,-0.06900309374365847,-0.23703899409074183,-0.44179014557347496,-0.10453058797046899,-0.29664516798947904,-0.557228542579223,-0.13979537250847063,-0.06774082212696868,-0.4884998337777891,-0.010127913568833054,-0.12761044254859344,-0.624868399544236,-0.09432036316201374,-0.20996929706860198,-0.6407723774431434,-0.1671439801225588,-0.28150583493238923,-0.6267932368758325,-0.2052362237384961,0.004041327096366637,-0.5122860470000387,-0.02884997008105955,0.005059745152141878,-0.7348440976227314,-0.08032791234833353,-0.016182841257901977,-0.8782233184633919,-0.1206141550061598,-0.037726811699292796,-1.0,-0.14562943581135998,0.07556668019670372,-0.4790496155350923,-0.06140901722461077,0.10076308048638909,-0.6866862848425219,-0.11209131802416265,0.1011158539714261,-0.825422619687738,-0.13591889786731448,0.09531882130428398,-0.951998396044463,-0.14606021924282578,0.1402697810287821,-0.4024156973016078,-0.09888402060082231,0.18672977694634343,-0.5633254478231918,-0.13112844667773554,0.216082828312294,-0.6739002864735325,-0.1327732776128566,0.23353015242187536,-0.7771740440635848,-0.13005920596371537,7,pause track
0.0,0.0,0.0,-0.10353278126842698,-0.12958370498441604,-0.03424629825775628,-0.1779956769984174,-0.30368010744176405,-0.06388007812252208,-0.23438453087128555,-0.43887308023421634,-0.09865686922434383,-0.2945696026554557,-0.5532121705996462,-0.13324210474906936,-0.06851488526063171,-0.49060989809640965,-0.01073059447170961,-0.1322503326190065,-0.6287979355217981,-0.09251536619866092,-0.21599549418491765,-0.6457535889097923,-0.16213789552798033,-0.28698329048766397,-0.6294854277925509,-0.19870866078170574,0.002847499487704,-0.5123036173773193,-0.03220399636769769,0.004008006753345756,-0.7341439160443938,-0.08569133703692056,-0.019503392504765994,-0.8789220515498224,-0.12735578823497629,-0.044327344896785054,-1.0,-0.15279774435137233,0.07122990470398252,-0.4763647834287329,-0.06645713330322367,0.09531618072727512,-0.6820449064036701,-0.11925495837519902,0.09471785484488633,-0.8218343542411836,-0.1446932272299322,0.08744444650225798,-0.9479204068257543,-0.15569702419463066,0.13135583094411224,-0.39608680534604024,-0.1049280051682858,0.17652286333735004,-0.552623104878193,-0.13956767214302707,0.2036769410641538,-0.6654229175242272,-0.14284421953085516,0.21915634557008837,-0.7704714527161247,-0.14101502969636112,7,pause track
0.0,0.0,0.0,-0.10261598245563402,-0.1320312177486557,-0.03364034424056453,-0.1777456454177838,-0.30818696893166925,-0.06352846758084757,-0.2339012066318171,-0.44241627391188876,-0.09906739405152713,-0.29263289334812653,-0.5575288542788138,-0.13488237376320536,-0.06696684201047094,-0.4946641732020258,-0.010555282935382652,-0.13127718702701835,-0.6303740671883751,-0.09317758848112517,-0.2148148770553639,-0.6479508740217054,-0.16352102865130816,-0.28579035680923714,-0.6320452096947016,-0.20049688322859247,0.004513224580963136,-0.515206688077145,-0.033111926799074064,0.006799428193369425,-0.7364669203726752,-0.08532459049662298,-0.017814414188637006,-0.8811602282404233,-0.1266148141449115,-0.043802316817844224,-1.0,-0.1518981145198445,0.0726599200888178,-0.4766805404909748,-0.06844697910812875,0.09427239871274097,-0.6856465649041807,-0.12124934122626826,0.09030496962505603,-0.8257632277775565,-0.14645554890108814,0.08162733273687944,-0.9506950855390133,-0.15755687945113236,0.13152765382098858,-0.3930737309798125,-0.10793484465685232,0.17587182062252105,-0.5461806919181716,-0.14441939195894574,0.2032909203229911,-0.6567205728003145,-0.14819522637029214,0.2202681558286319,-0.7595499050337762,-0.14633964042375894,7,pause track
0.0,0.0,0.0,-0.10395262261660264,-0.12774960613916195,-0.0360046497493133,-0.17868150940271268,-0.303948945327396,-0.0661490402654107,-0.23443037197662403,-0.43954493111742393,-0.10092959984169433,-0.2939222516823598,-0.5545123378843889,-0.13506605470615438,-0.07194326782450122,-0.49050694761542274,-0.013499923699758495,-0.13134321530007115,-0.6303167593758568,-0.09455813528743245,-0.21200498837310644,-0.6420869803404011,-0.163075886966752,-0.2801796138614693,-0.6215753796511555,-0.19886108665948118,0.0011943951163282934,-0.511236724479251,-0.033636121253507,0.0030030712603633684,-0.732166377936728,-0.08630559795787987,-0.019622825947531744,-0.8770300011784699,-0.12760560040458016,-0.0435078327707853,-1.0,-0.15290669836495868,0.07138935804085612,-0.4745864569781775,-0.0663736182168479,0.0911316235000207,-0.6830353329582691,-0.11768912590281666,0.08863946379911461,-0.8224876224472157,-0.14228498783769042,0.0805966242485083,-0.9488493414612041,-0.1530670006670865,0.13373055778107157,-0.3936578632749127,-0.10349589347584343,0.17763449540498102,-0.5516630178499092,-0.136753689763287,0.2048871173556179,-0.6640605206520326,-0.13919183927897064,0.2213312597668946,-0.7688005753944183,-0.13688296493773383,7,pause track
0.0,0.0,0.0,-0.10810770247432674,-0.1252292808731855,-0.03663638763251682,-0.18558606848294434,-0.2985624814787305,-0.06596172861530994,-0.2397953643798945,-0.43954175220589753,-0.0987207239221064,-0.2919878615332663,-0.5616730133521602,-0.13010381384033332,-0.08131486273011361,-0.4825114037418516,-0.012588331829798302,-0.13874132706858172,-0.6286385727883019,-0.09661294602266148,-0.21724225858793458,-0.6506513743834859,-0.16691388458679696,-0.28488396400728677,-0.6344563380454251,-0.2024052122296816,-0.00775446788536301,-0.5097476053482152,-0.03053201649805413,-0.009240151279049199,-0.7384517252442894,-0.08283369581725246,-0.0317373582524651,-0.8807212632214106,-0.12198821470071568,-0.055178106653414306,-1.0,-0.14528639239923113,0.0671487237840284,-0.48077578371292207,-0.061672173883857824,0.08834846557743097,-0.6955460893416268,-0.11318232258237253,0.08759988085128541,-0.8411860963557799,-0.13735238784615753,0.08023731728552275,-0.9716163411390035,-0.1472841434289563,0.1363900542984277,-0.4062969636221209,-0.09718006059456459,0.18198771604319064,-0.5709453255953033,-0.12971530747973692,0.21045981755544513,-0.6869783319333104,-0.13161050714955103,0.22715304254206387,-0.7926826915051408,-0.12868220351023166,7,pause track
0.0,0.0,0.0,-0.10665946657771587,-0.1320039245555267,-0.0322615858754241,-0.17635742450189856,-0.3080987186211343,-0.05667847005555691,-0.22552162486905342,-0.44827088435832413,-0.08579410300034103,-0.27848853389973754,-0.5664534941567057,-0.11379570540300596,-0.06902322121817993,-0.4856626598968446,0.0014614309984844242,-0.12379843082970884,-0.6258407239535256,-0.0739569373244627,-0.20195783850183927,-0.6522569686704551,-0.1388312388974669,-0.2679541352885124,-0.6427052611302453,-0.17163593599314989,0.005413881198221874,-0.5128655541711751,-0.017137831468564537,0.0009278987873210345,-0.7384108499276603,-0.06267141973994249,-0.01873135529567422,-0.8816430793387612,-0.09785970729170995,-0.0359170404467946,-1.0,-0.11847085118850922,0.08028730403803609,-0.48344349479775983,-0.04911768787320043,0.10191116416839205,-0.6984744151855029,-0.09680868108501078,0.10261958338306806,-0.8421244939668728,-0.11939948726576666,0.09654679781010919,-0.9685192719052332,-0.12799979975252454,0.15038945206629772,-0.4094039080712759,-0.08525686116629273,0.1966928122613024,-0.5719901535317041,-0.11625778813376646,0.22251674152617154,-0.6881323328334766,-0.11824275696502842,0.23501698793622924,-0.7944753856142781,-0.11520520003654414,7,pause track
0.0,0.0,0.0,-0.11093094294681446,-0.12162358047317783,-0.03541450117477102,-0.18305562517958382,-0.2985812596192718,-0.05990546133274935,-0.23320287902360426,-0.4437762272370083,-0.08805387918817854,-0.28579696103410923,-0.5646728469906535,-0.114169823997864,-0.08512051990844338,-0.4798469986935315,-0.0012794406139492764,-0.14937173280411614,-0.6228410230654887,-0.07454062450783713,-0.22087569221483846,-0.6506820652553601,-0.13522604257972312,-0.27544965521860304,-0.6346833872575877,-0.1648871600790719,-0.011209386153369276,-0.5126137793441211,-0.017229628147792605,-0.02640866495338217,-0.7396544700200322,-0.0635970233662754,-0.05343571096766176,-0.8804439604457808,-0.09837523048427699,-0.07737319343860383,-1.0,-0.11801349317539299,0.06521945307231647,-0.49157336765002163,-0.04639725607488671,0.0770525282785222,-0.7077054323628736,-0.09524714497002897,0.07632986078776377,-0.84836979468453,-0.11791179244013462,0.06995621140826412,-0.9740226093916643,-0.1260649363598572,0.13766261482142783,-0.4263211299216111,-0.07971276014951208,0.17901920954476866,-0.5955588031446105,-0.11000324547248505,0.20377927464885096,-0.708516930659906,-0.11103126885980977,0.21643430801855706,-0.8105481664751757,-0.10725395933885681,7,pause track
0.0,0.0,0.0,-0.1071936751970537,-0.1291644597337669,-0.03979294888201508,-0.1824305593721822,-0.2961207706156724,-0.06650655049383607,-0.233752846867947,-0.437626565211168,-0.09697404871369429,-0.2748862007758338,-0.568231973460034,-0.1252168509920342,-0.07984290664084982,-0.472407274091101,0.0010044143547054253,-0.14163556828949966,-0.6104966761627693,-0.07686548648845366,-0.2178975061104612,-0.6458121070174728,-0.14228954675780317,-0.2816391134742992,-0.6424284787654302,-0.17491562729932864,-0.009454832714989488,-0.5058895665875693,-0.01341059363328443,-0.019914335773088848,-0.7357827973380312,-0.06043886120693761,-0.0406936785187771,-0.8786015786037529,-0.09525719898483752,-0.06043664356156392,-1.0,-0.11436117579739628,0.06655223832821888,-0.48617521366230876,-0.042602169057619495,0.08014050286060781,-0.7032724864066019,-0.09337139432451998,0.08204264247324654,-0.8447560858502434,-0.11558745793733506,0.07694304210676986,-0.9685513194187346,-0.12221162554364681,0.14001758701556438,-0.4240191252754766,-0.07679311632707227,0.18574246859612495,-0.5907605055542235,-0.11110650024522017,0.21653892123710644,-0.7043310592613574,-0.11399966471220133,0.23398431059442543,-0.8052683439155388,-0.11026549083689158,7,pause track
0.0,0.0,0.0,-0.11474616029813414,-0.12148548925615964,-0.03670425949383379,-0.19167198520136483,-0.28966633724773483,-0.060704476444269045,-0.23669350650442283,-0.43541147446593004,-0.0892399739484103,-0.27964380127032423,-0.5681227743958635,-0.11554579116953546,-0.09271496836797735,-0.4766365226329419,0.007418249286439082,-0.15475404954132516,-0.6137995561850406,-0.06579863702338994,-0.22927977934135027,-0.6479863517293594,-0.12816307349036588,-0.2917106208786359,-0.6444638106485571,-0.15950333973130962,-0.021342984547530287,-0.5147507533506769,-0.008536558575741123,-0.0357920373880481,-0.7375803709145098,-0.05160012881983785,-0.058712870573783334,-0.8792615572309357,-0.08620126066956518,-0.07953365806915276,-1.0,-0.10642084235355236,0.05536789750468161,-0.4970717789042598,-0.03911857185833123,0.06871416743567775,-0.7118638547178455,-0.08805554615269727,0.06998296067566505,-0.852802497539865,-0.11232090728670693,0.06416539432106579,-0.9763196620473967,-0.12167708477726716,0.1301540503818838,-0.43565748796650255,-0.07435683261267857,0.1756189663650462,-0.6017798679002064,-0.10872631832288157,0.20529398838468046,-0.7143907090652447,-0.11354888277421593,0.22180195958233842,-0.8148769046908575,-0.1120270025826406,7,pause track
0.0,0.0,0.0,-0.11848744529506725,-0.11119004280673217,-0.041941969682096646,-0.19855388437757457,-0.2758729235152873,-0.06766655135999654,-0.24753976426647756,-0.42235451475419017,-0.0968709860904911,-0.28914260412186,-0.5599158795487609,-0.12375628385479431,-0.1023501109675959,-0.47054128647760585,0.0027037914917593087,-0.16402434454166756,-0.6099437079883123,-0.06929680651773969,-0.2362125809831672,-0.641638780533397,-0.131089111540314,-0.29562471911938715,-0.6361168896804802,-0.16286811903879161,-0.027879009349693465,-0.5114654977016327,-0.011864294669582127,-0.044624987319924106,-0.7390192047839029,-0.052393715070085896,-0.06724895180547726,-0.8812862699084717,-0.08725438078987323,-0.086962443797539,-1.0,-0.1092680178540436,0.05139833017322263,-0.49476459608427215,-0.04133841970483801,0.0607003134424457,-0.710601762538074,-0.08722931224221074,0.0599738241092115,-0.8515875003499249,-0.11238004523337518,0.052456683807219504,-0.9762887848529006,-0.12476160316544369,0.12849349260010337,-0.4344254202335181,-0.07604356165998079,0.16823443074812297,-0.5992868002893315,-0.10973744404636956,0.1953425516857954,-0.7126760272968546,-0.11598229676333732,0.20975313811183813,-0.8166529506122708,-0.11691039742191865,7,pause track
0.0,0.0,0.0,-0.11972938855054321,-0.12011890875757476,-0.03256275842493766,-0.1973762840107657,-0.28697547211529856,-0.052244320158728916,-0.24357668992123171,-0.4301055144351858,-0.07731291942997731,-0.28737080605676346,-0.5595447339100335,-0.10102159863858345,-0.10205817006522303,-0.47203960822734353,0.0149506337545684,-0.1670667522180049,-0.6101626090340737,-0.05324118927639894,-0.23783436007237502,-0.6479093978681707,-0.11397731948556555,-0.2942114845031741,-0.6467484398228734,-0.1452858166944699,-0.028635921626536807,-0.5136417974114049,-0.0022018508694549707,-0.04538916635184922,-0.7391200339015253,-0.04001006605284419,-0.06643816454292066,-0.8827800204755255,-0.07375157851300009,-0.0838444854362412,-1.0,-0.09458981951398204,0.04998067492313852,-0.49921404645941525,-0.03366161479256632,0.05935375646065214,-0.7147967851986495,-0.07633035172633794,0.05823200385525128,-0.8535742783394678,-0.099990685633703,0.051695130300509325,-0.9737688401797323,-0.11110856763360231,0.12652802922489764,-0.4414294765503581,-0.06985168073410378,0.16721984722474864,-0.6028168065074769,-0.09975591883842982,0.1936346241575349,-0.7143787180648493,-0.10385526311254055,0.20812766781931405,-0.8159471555391231,-0.10330518507619942,7,pause track
0.0,0.0,0.0,-0.11849138656906034,-0.12409244896257936,-0.033555430913478256,-0.1952747261075039,-0.287995237700769,-0.055024366512646826,-0.2416695135013132,-0.42984058609490605,-0.0819076675586257,-0.28311877887611486,-0.5621828389460121,-0.10706863986536738,-0.10010370305275372,-0.473405798418871,0.013328903700535577,-0.16152529760543718,-0.6100130208386803,-0.058199094229136515,-0.23230947209923478,-0.6431135539654761,-0.1210881790003251,-0.2917162132867058,-0.6378337660857979,-0.15325872955083156,-0.027192232847045073,-0.5143349619430068,-0.0039852621643758435,-0.04235701706880049,-0.7407697320732574,-0.04353296493634101,-0.06174921541411355,-0.8829356830150198,-0.07772904564859234,-0.07945552518807494,-1.0,-0.09872736457577887,0.0519933112482926,-0.49895163937544323,-0.0360393330295036,0.062346220064978385,-0.7178437380644335,-0.08081026273321391,0.06253302667284029,-0.8586056155992626,-0.10523871720233241,0.05541556052005855,-0.9806763795401071,-0.11647049249862192,0.12987210504355068,-0.43950069774358597,-0.07283004795713229,0.17202977213513643,-0.6045426932054995,-0.10489295325308841,0.19955141775351914,-0.7169441246279313,-0.10982441997875869,0.21366106569137988,-0.8185108474572854,-0.10946111024500328,7,pause track
0.0,0.0,0.0,-0.11472279626899805,-0.12558113467034976,-0.03521786992401006,-0.1883807269840107,-0.2881131856680005,-0.05934940629311864,-0.2318419897665845,-0.42995551140647315,-0.08856654173916151,-0.2705183454681374,-0.5611808979580569,-0.11623364661024577,-0.09012753053002334,-0.47408234739235383,0.008221212575631402,-0.14896629489064114,-0.612822431576443,-0.06628370395677922,-0.2186169834775396,-0.6409277313850907,-0.1327414224634532,-0.278030009494429,-0.6334122753510318,-0.1673356912835859,-0.016663295571761584,-0.5118110803528721,-0.009359761910830258,-0.029163421656019848,-0.7397600432652918,-0.05137842584599997,-0.048187924624289766,-0.8822616853942554,-0.08986530439944304,-0.0650321748067043,-1.0,-0.11450964819894534,0.0628341754244982,-0.49453643728887525,-0.041270042300795784,0.07531761667458059,-0.7119394473998089,-0.08689626659790353,0.0775928213349278,-0.8536608839306618,-0.11297355325253133,0.07366945841862507,-0.9777665483787764,-0.12599242599934876,0.14125122756771444,-0.4329213923615464,-0.07794105631476721,0.18360310055790294,-0.5988882439947679,-0.10902385484228509,0.21313965577821972,-0.7098699212407571,-0.11267762496637551,0.2294989840073589,-0.8108545767296466,-0.11196229114114294,7,pause track
0.0,0.0,0.0,-0.11144898193155876,-0.1267855221010688,-0.03446691321123445,-0.1802912003094892,-0.2998608367033977,-0.05503819156244543,-0.22606712001981674,-0.4431457248126032,-0.08056733279307512,-0.26862830892929435,-0.5730129894086394,-0.10417658610445593,-0.08576236536288194,-0.4796959917212538,0.016242933351266267,-0.14420564534611346,-0.6147184209835225,-0.05319283406279592,-0.21091975197979804,-0.6499447071233281,-0.11490119642350421,-0.2647916710171151,-0.6470117919908989,-0.14620716661596855,-0.013293899561179682,-0.5171362343038778,0.0006802862849014414,-0.02598457014387878,-0.740004612004563,-0.037005208426670086,-0.04312511909644458,-0.8824953806175745,-0.07007089921443939,-0.05779343038516066,-1.0,-0.09016290601581997,0.06501364941914183,-0.499821530440631,-0.029802595867665396,0.0767228961894405,-0.71296823884371,-0.0725819780555479,0.07866318062976015,-0.8530134421665797,-0.09547834774002681,0.07393133716640996,-0.9751931982010268,-0.10547807840135112,0.1410258800099562,-0.43971522422108544,-0.06527293983033812,0.1840159188496392,-0.6032938289578376,-0.09442725449210085,0.21308342688898774,-0.7123402053048064,-0.09758458739070687,0.22889125370653537,-0.8111406545213726,-0.09603437707679881,7,pause track
0.0,0.0,0.0,-0.11431497632064422,-0.12659270425699257,-0.0366539145205104,-0.18597268756479052,-0.29460007865057736,-0.06028927410713186,-0.23144826499712576,-0.43642246303783644,-0.0889257104978761,-0.2706815541546506,-0.5692888737093007,-0.11557792319176662,-0.09131028374338265,-0.4808676307175001,0.012369223266973093,-0.14654577848437692,-0.6176234266878005,-0.06152980676185343,-0.2145299726045848,-0.649914885403463,-0.12633641871686144,-0.2713408841094566,-0.643822622503686,-0.1590510545941521,-0.017620615591093965,-0.5177965722057999,-0.0033074827206290686,-0.029975160127284052,-0.7407127077205042,-0.042503760259699555,-0.04854658783970676,-0.8830457496217797,-0.07600033105995115,-0.06586279322594844,-1.0,-0.09636113644968039,0.06181060483977651,-0.4988432412215613,-0.03445075975595704,0.07373927574122757,-0.7119965280700784,-0.07834116567456331,0.07566886062492334,-0.8540454537801584,-0.10089180318469529,0.07021954214299973,-0.9776724134302475,-0.1107050580468403,0.1393293775540392,-0.43716995920752927,-0.07087548660980766,0.18306387894064646,-0.6010499070383849,-0.10217124679199079,0.21170835307615155,-0.7128522589792743,-0.10614978482026652,0.2266188910509112,-0.8143452519824996,-0.10479927458366538,7,pause track
0.0,0.0,0.0,-0.10601573556751105,-0.11254974382239667,-0.05037221975356319,-0.1810710886685175,-0.2779134962941777,-0.08783147928563839,-0.23219109517774633,-0.41286793169254743,-0.12725055373001162,-0.28057574621897635,-0.5394951156127797,-0.165388863438625,-0.07932407576347829,-0.47980869277919413,-0.027436819534616397,-0.13996259659054486,-0.6196473921169294,-0.11506743174114634,-0.21714553057611607,-0.6304140017456569,-0.18865894034121833,-0.282602360088565,-0.6103205178781886,-0.22750251666932292,-0.002389675968617627,-0.5104470656692424,-0.042249518170883654,-0.016248908964490185,-0.7361355892084877,-0.0926529316326592,-0.038033128029626856,-0.879375114034785,-0.13360077335484333,-0.05822049026327858,-1.0,-0.16009516839106325,0.07703302447371406,-0.479332705422878,-0.07146214804725762,0.09362169545685417,-0.6972432553047749,-0.12447335982403052,0.09893300425565489,-0.8411415313453886,-0.15160429240666567,0.09813007608893974,-0.9715109670642885,-0.1656066544677242,0.15072143952581255,-0.3996390336753966,-0.10612572539859325,0.19837577482013324,-0.5578245121776823,-0.14739543800627905,0.23274154416659681,-0.669664713076153,-0.15506113363079518,0.25601795462278526,-0.7766852491999073,-0.15628178354277267,7,pause track
0.0,0.0,0.0,-0.11289630165168911,-0.10804342683435376,-0.04540901395692097,-0.19901401371056263,-0.27388910704532715,-0.08050134538645187,-0.26195241436478534,-0.4044365809202142,-0.11794071031442462,-0.3220484348256091,-0.5202454852432792,-0.15457197596988342,-0.09774304328795687,-0.4826078672123037,-0.02739985992397823,-0.16899014245695534,-0.6235536599109089,-0.11215851623943365,-0.25613836938014056,-0.6322854488554959,-0.18221781316571428,-0.32736716054595216,-0.610108688721248,-0.2183956030624427,-0.021025236892708018,-0.5159089964336386,-0.04348501602697931,-0.03925348740813787,-0.7369302331530476,-0.09521211592829791,-0.0735502710493602,-0.8779333324095734,-0.13360827779336681,-0.10496040925660165,-1.0,-0.15678169552575885,0.05883690635124067,-0.4868943225063857,-0.0730180352944598,0.06982484319540112,-0.7126341335539991,-0.12869801804480968,0.06414484790532304,-0.8604761497817868,-0.15381951390397197,0.054410883882179475,-0.9940099599299255,-0.16421372596670147,0.13541815510628077,-0.40839737947267807,-0.10702084068245497,0.17900173606267206,-0.5791621442659365,-0.1486249785168903,0.21013838279764974,-0.6963125487129255,-0.15367210939886145,0.2310261842691743,-0.8056107007519887,-0.15162739699157157,7,pause track
0.0,0.0,0.0,-0.11470733525934869,-0.1056252230657719,-0.04354433186124233,-0.20214618035513296,-0.2707126207859846,-0.07679921963315002,-0.2638895620640579,-0.4024807851327673,-0.11219656005269238,-0.32531544988418937,-0.5183912680123316,-0.1471878534498476,-0.10011375436401103,-0.46977982031363597,-0.024900910024957555,-0.1723206037132832,-0.5946663596987896,-0.10596366176187189,-0.2540954753326587,-0.6055456660003457,-0.1728922211082604,-0.32221101079577136,-0.5858773846924373,-0.20789895163599548,-0.026612327967025676,-0.5079749838315564,-0.04319423869991872,-0.04800938430664671,-0.7361702893282397,-0.09766785641426626,-0.0826995695105992,-0.8777175469594758,-0.13979063750651377,-0.11359990090861513,-1.0,-0.16557174713419162,0.05162739485126256,-0.48461984451856716,-0.0742281341712368,0.0598898244799783,-0.7121512769031396,-0.1338450932162387,0.05262173577360556,-0.860215543345382,-0.16544260459779486,0.040737011758289476,-0.9936192173641006,-0.18022995284575244,0.12842799155373236,-0.41312882516490346,-0.1088354805808142,0.17072236346661224,-0.5885078472641426,-0.15151952147020833,0.20092895725411114,-0.7083763553464062,-0.1594343632201896,0.21911839511123057,-0.8192420635095485,-0.16070447647028424,7,pause track
0.0,0.0,0.0,-0.11591619649209063,-0.10414893161072329,-0.04412395169062055,-0.20337746003021842,-0.26658661513707105,-0.07678068090410176,-0.2670127035506553,-0.3965569934085648,-0.11208966593920666,-0.32811824084617774,-0.5101093171909329,-0.1458061246652297,-0.09969944314631601,-0.46998136191042594,-0.01828813356182227,-0.17609051481768953,-0.6007610578080016,-0.10134142476100423,-0.26354474443964454,-0.6129510729732441,-0.1699862397722874,-0.33190248774712666,-0.5934611642287689,-0.20487576049494957,-0.028390912394898837,-0.5128926616642806,-0.033376768580317,-0.05225997044205361,-0.7336582009114168,-0.08741240049214555,-0.08852505394507024,-0.8767307084864377,-0.1253400067115819,-0.1200516623260052,-1.0,-0.14642369356377985,0.046969630947705156,-0.4959901014916611,-0.062390420994342125,0.05708428318522668,-0.7174383478737694,-0.11991387686942359,0.05244094475985465,-0.8615840343455397,-0.14270690966815744,0.04310932237695579,-0.9918031628898213,-0.14919778366860367,0.1196518020744211,-0.43122674895792235,-0.09592863998649996,0.16158085716137013,-0.605102176275781,-0.1353975083801997,0.19033109537567103,-0.7222414396495059,-0.13745168014521372,0.20753390839373312,-0.8300518226754502,-0.1325267019280003,7,pause track
0.0,0.0,0.0,-0.11604371379914004,-0.09027043713450852,-0.04824715112498092,-0.21193318962990154,-0.24878897526032462,-0.08534188739180074,-0.2894701188461513,-0.37588530334624204,-0.12502238641351915,-0.36341202425520747,-0.4866788149354513,-0.1637636845948894,-0.11485373143061538,-0.46419412710613817,-0.025378690353823584,-0.19962041303881675,-0.5862492835435422,-0.11012165213054505,-0.29030519622925355,-0.5831957307379876,-0.18210926545895126,-0.3598291324633808,-0.5556153642628907,-0.22078604337677935,-0.046773388929309594,-0.5076124623312532,-0.04169248153548537,-0.08148198198355085,-0.7300996926594806,-0.09420181404477042,-0.12283299857097629,-0.8749046127547767,-0.13553923290683845,-0.15646689242663875,-1.0,-0.16191686098289934,0.028242519103280368,-0.4896737973893064,-0.07200739484149671,0.023528911869673597,-0.7168663921464414,-0.1282027013652819,0.01332420355641033,-0.8605388843863052,-0.15532311063098383,0.0004627580215550504,-0.9907831511963734,-0.16792933397175078,0.10376309575596561,-0.424813082793865,-0.1071833099350357,0.13273214263117059,-0.5975323480743705,-0.14829149030339156,0.15353779436245563,-0.7182055576704348,-0.15429072836638819,0.16399373407527865,-0.8299449891467803,-0.15421372779995657,7,pause track
0.0,0.0,0.0,-0.12444849041090134,-0.08569826926479171,-0.04811554329731606,-0.22724454545803738,-0.23520987245941813,-0.0868364971821104,-0.30573808347268644,-0.35846332657524377,-0.12843378384644077,-0.3877718797950295,-0.4602292305109554,-0.1702997926895738,-0.14360985465475562,-0.45642303200297707,-0.026835953072301726,-0.23145575484877673,-0.5712865472895677,-0.11531547005643591,-0.3192307640165963,-0.5612249924138129,-0.1921541403825482,-0.388612291498477,-0.5293112645897121,-0.2348735670317446,-0.07791189267855557,-0.5056343396808762,-0.045007413102077086,-0.12028100186022572,-0.7302443373603955,-0.10278469741994273,-0.171078743379456,-0.8729323262401637,-0.15132962239068817,-0.216114032988786,-1.0,-0.18359803129329058,-0.003943800531744832,-0.4903077563029748,-0.07666934715726748,-0.01757193659822943,-0.7108621094412838,-0.1339129117207471,-0.04052944468658484,-0.857012715421165,-0.1645633247414685,-0.06660932119272259,-0.9947288144286455,-0.18131904013981281,0.06938248775872966,-0.4247324273290724,-0.11332680731086206,0.0882224416925546,-0.5931905751877568,-0.15228371392698878,0.09841154392859879,-0.7140801666227199,-0.1579335027677584,0.09926325300673979,-0.8301880030014865,-0.1596198054013798,7,pause track
0.0,0.0,0.0,-0.12695392375784859,-0.08186618198764237,-0.04654729128356479,-0.23361787218987914,-0.23374672306535413,-0.08363753072441986,-0.3149789493831981,-0.3571323201940745,-0.1236186715087472,-0.4051735089387808,-0.45259970099809105,-0.16386286088723365,-0.15447786342544492,-0.4615759608972117,-0.023759758682450057,-0.24838458042392406,-0.5697538193429975,-0.11054176321821153,-0.33745008564604173,-0.5590787408168151,-0.18604125931298257,-0.40877893432133827,-0.5270555532767064,-0.22841668137713264,-0.09055466322845875,-0.5142072719057167,-0.043517887683476,-0.1409070340933448,-0.7368995612106903,-0.10242359485271649,-0.19769083080902844,-0.8760102022742238,-0.1517379613215758,-0.24741849143478142,-0.9978023377246984,-0.18414697004580993,-0.016877592194937212,-0.4993782447877568,-0.07657277824420143,-0.03413506626252822,-0.7191790549098416,-0.13558977801651806,-0.05986580198873895,-0.8635927111599312,-0.1670240374747838,-0.08838620012975201,-1.0,-0.18398957829180954,0.057543794522527045,-0.43271219448313447,-0.11434923490715217,0.07278634985891648,-0.600542683373901,-0.15381200984826668,0.08003991685432063,-0.7198322621409621,-0.159533102824355,0.07795232201624352,-0.8346643730196566,-0.16137171470369185,7,pause track
0.0,0.0,0.0,-0.12882198594963837,-0.0779420773300868,-0.03798983545567006,-0.23064565119082167,-0.23245471751208746,-0.0694461573047177,-0.3088451399078997,-0.34943987781096025,-0.10541568654359844,-0.39683808063521575,-0.43397023744685914,-0.14236856410474968,-0.1525970219391238,-0.45715430820778835,-0.018489803695001115,-0.2500634619443932,-0.5655347178114306,-0.09956500456972468,-0.3426608236142816,-0.5493240961409555,-0.16946172136885268,-0.41074803606515276,-0.5078868021843975,-0.2077235423661383,-0.09202819385227484,-0.5090848876708736,-0.04175888324497901,-0.1364266096615866,-0.7331083725696629,-0.09587304581874127,-0.1987003872811929,-0.8699646050433864,-0.1407090654404499,-0.2536126981381685,-0.9827424492758805,-0.16930149258037655,-0.02184005546876847,-0.49521888342376386,-0.07756812058980016,-0.03310913874568788,-0.7242707696956832,-0.13496014678803114,-0.06622279139663911,-0.870234845424284,-0.16780883023034956,-0.10011901267587749,-1.0,-0.18514237492531707,0.04731059742605243,-0.42934425666730536,-0.11720533149050125,0.07024004829403484,-0.6049940303602892,-0.15992931859688722,0.07550124245242373,-0.731749627691906,-0.16995287583694776,0.07133003762815185,-0.8489576917599015,-0.17366384050482944,7,pause track
0.0,0.0,0.0,-0.12869592788158793,-0.0755733144382213,-0.04585556640698173,-0.23673746207970142,-0.21917775556495867,-0.08353939741963894,-0.31823391494268544,-0.3338239525786036,-0.12474317774860835,-0.4050357784312389,-0.42693318792905677,-0.1667749543830747,-0.1601767834374976,-0.44235911072320094,-0.02720999116294378,-0.2559291284420209,-0.5447820087330962,-0.11378526262122104,-0.34379035265267044,-0.5299927724335451,-0.18716825891624997,-0.4103083311951492,-0.49587660006155176,-0.22727393968578227,-0.09668387992143888,-0.4994955009736395,-0.04810082696575381,-0.14966273295060806,-0.72425731927769,-0.10718235174034887,-0.20915325813903773,-0.8682169742433911,-0.15545626429633227,-0.2605056179383221,-0.9943047730085868,-0.18584203710974917,-0.022494899180449328,-0.4917044658079347,-0.08184258691191576,-0.04770031024800067,-0.7168090817501271,-0.14303026427167434,-0.08167882853406948,-0.8647343898405585,-0.1769273939251908,-0.11618842291336295,-1.0,-0.1940272793821035,0.051571140817978145,-0.43369120681750034,-0.11988115198060091,0.06443920993184407,-0.6065508340779177,-0.16371367755332217,0.06976346294179867,-0.7335448119588194,-0.17270065165016132,0.06808904957384808,-0.852244971235123,-0.17510856589358492,7,pause track
0.0,0.0,0.0,-0.12751285865935524,-0.07455342043473286,-0.0447903397799698,-0.23719130121822948,-0.2167506744457716,-0.08031770856586899,-0.31977895602643447,-0.32910141448621694,-0.1193707361414691,-0.40543050781561474,-0.41887343198352,-0.1586241479462489,-0.16754107678965044,-0.442720868943119,-0.02145923165239953,-0.26206706768314586,-0.5450011040832684,-0.10649461035881937,-0.3475536953863263,-0.5272711496685202,-0.17948522860971125,-0.412522595039189,-0.4893853042035019,-0.21921258478170078,-0.10554438452821077,-0.5027429834175423,-0.040564537233881724,-0.16029144751731836,-0.7253622895892359,-0.09770083905234114,-0.22025362687984898,-0.861612316612765,-0.14391438416499602,-0.2708167737931116,-0.9780912266303595,-0.17240840345519673,-0.03018362700464055,-0.49823882753563165,-0.07267609897475125,-0.055717859474015786,-0.721835023302338,-0.13033569788757635,-0.08844535994725711,-0.8673461968652237,-0.16071654539115005,-0.12105685697812556,-1.0,-0.1755075701696611,0.04772217573947361,-0.44221906617346063,-0.10937162022831022,0.0606548019361326,-0.611218036730791,-0.14767945750875833,0.06525720921847719,-0.7321346057075216,-0.15208993182281327,0.0629611612858548,-0.8447611761553869,-0.1516616711344875,7,pause track
0.0,0.0,0.0,-0.134385923312147,-0.07676952355100375,-0.039282673452105295,-0.24852787526842945,-0.21904027114095,-0.07119498286037458,-0.3356822492357524,-0.3283538630858407,-0.1073751824087404,-0.4264174360433159,-0.40809495825102987,-0.144388666465657,-0.17735791314265167,-0.4496162766635097,-0.019132050724060518,-0.2799417074838561,-0.5572601596810404,-0.10374388441455454,-0.3677019032985234,-0.5375359996464888,-0.17802818543535087,-0.43545472246119515,-0.49571022501418877,-0.2187723842785356,-0.116234545969963,-0.5099799499468715,-0.04074232073924585,-0.17792388607655948,-0.7400957202464241,-0.09784178195037269,-0.24268869430432116,-0.8781772028574696,-0.14628576407728017,-0.29976851463701226,-0.989461409056264,-0.17721180876816536,-0.042000097189264125,-0.5087327315621346,-0.07458820661182625,-0.07082217185652734,-0.7301706447521316,-0.13099888905340207,-0.1113516731710483,-0.8735181349709001,-0.1637130550988268,-0.1544229564987298,-1.0,-0.1809863261245043,0.03598948698863931,-0.45746434262016866,-0.11254965587866872,0.04698489377667157,-0.6291264256754309,-0.14836292156880027,0.047250421685015906,-0.7490341077108239,-0.15237829141307585,0.03747126160147522,-0.8571330968832955,-0.15278205756939367,7,pause track
0.0,0.0,0.0,-0.13855959113861888,-0.07691464749772342,-0.04164008142884468,-0.2573464749483206,-0.2144574920259916,-0.07707766015514583,-0.3463369581826995,-0.32382056742643406,-0.11718496537762077,-0.44004216469733753,-0.40379217716632587,-0.1581517633891171,-0.1848051534437322,-0.4534347256049122,-0.02090573047908364,-0.28783889806815255,-0.5576347724160244,-0.10781567716819497,-0.37555891788553136,-0.5281350253377072,-0.1833306084384083,-0.44082955420583675,-0.47795237092211673,-0.22446137364685145,-0.12056825047154461,-0.5082312671340165,-0.043198488121995234,-0.17922931098466552,-0.733515816676813,-0.10012419073322548,-0.245203342816511,-0.8689373429359242,-0.14853291470249552,-0.3031571767665954,-0.9824843964163911,-0.17974570200063705,-0.04417997499263065,-0.5012920763301592,-0.07845533880105272,-0.07365377211835897,-0.7246261146733465,-0.13554130405471676,-0.1136317341753358,-0.8687421761615784,-0.1685742293401048,-0.1548026712114985,-1.0,-0.18653817437478015,0.03495104422175514,-0.4451657985118461,-0.11816372675096455,0.045400562456186865,-0.615625760337225,-0.1564132069206469,0.046089718021598745,-0.73665670063195,-0.16227641438393997,0.03807298977138164,-0.8488310449908568,-0.16381067822426407,7,pause track
0.0,0.0,0.0,-0.1418847002021519,-0.08355193709164238,-0.04373689236905771,-0.25881006643996973,-0.23127115172436621,-0.07937515680778058,-0.3463126778403927,-0.345163950548846,-0.11968486167557954,-0.441350649727981,-0.4274619201896601,-0.16108153230615463,-0.18216733152309253,-0.4674588760664646,-0.01854453915204763,-0.2822839871443574,-0.574060389032011,-0.1072576909611012,-0.37095381508784003,-0.5470325700546597,-0.18613259029166648,-0.4379656309576764,-0.5005066797786275,-0.23024870790872884,-0.11508040306898464,-0.5201279852402947,-0.03996965578497004,-0.1763116865193629,-0.74231166984602,-0.09381896628033588,-0.2375485827782362,-0.8758946135775323,-0.1417249987040448,-0.28965244912009736,-0.9883351807452274,-0.17445064371685398,-0.036153750342443225,-0.5083755071234382,-0.07529208109272735,-0.06679506241236693,-0.7311846897111525,-0.13006160328672137,-0.10609677290750166,-0.8719453424708755,-0.16069317548308018,-0.14624948422004289,-1.0,-0.17829892554125115,0.045477285583080417,-0.4459846009297287,-0.11576262284513035,0.05275099014481624,-0.6177203627822262,-0.15417199996618386,0.05118864839196751,-0.7386203403062299,-0.1596032485511164,0.04017153072925982,-0.8508155947261721,-0.16131722899229473,7,pause track
0.0,0.0,0.0,-0.13848963684039722,-0.09242188789674415,-0.039032603010379995,-0.25016930062542714,-0.23231550771936393,-0.07349902546161333,-0.338501731687974,-0.34450357279254956,-0.11378447589571121,-0.42531250017025407,-0.4376798450261392,-0.15482227329321238,-0.16555921326830203,-0.47095883629405877,-0.014115354139187032,-0.2669836812175916,-0.5916425329661779,-0.10211700003047106,-0.35622504189157606,-0.5655320997436292,-0.18123416968359046,-0.42256146715949233,-0.5153133301019872,-0.22523532959036935,-0.09975470704771854,-0.5201568988665529,-0.03668560839385839,-0.15300781243615474,-0.7512398580798576,-0.09307525019659361,-0.2170169783692913,-0.8835437794437351,-0.14235951806877395,-0.2749236036035382,-0.9891094614578432,-0.17494307830156888,-0.022497142910067543,-0.5100495289456398,-0.07225430946625006,-0.04516426746175459,-0.7382386233520997,-0.12500958634291728,-0.08172067185607058,-0.8775780775984354,-0.15284667936991078,-0.12156120873654788,-1.0,-0.1680503772151937,0.05625974647674003,-0.4494657836580449,-0.112906101210772,0.07040327236452636,-0.6250030645728657,-0.14617144945430413,0.07329786358864297,-0.7456086713882578,-0.1471923948791193,0.06611504960431143,-0.8541804496777159,-0.14555757010821768,7,pause track
0.0,0.0,0.0,-0.13859424216922633,-0.11105318980862953,-0.02964283030923672,-0.2490400572553945,-0.24880638882732414,-0.06331886458781376,-0.3378938284506559,-0.35107686875330907,-0.10438264214648559,-0.42095188827242536,-0.4393921112273957,-0.14753892379333497,-0.16430674473565227,-0.48770119733905615,-0.012162519022551874,-0.26852755538252826,-0.603969956217003,-0.10117897634680256,-0.358112012138111,-0.5682218485385931,-0.18244165357298392,-0.4206564114343111,-0.5074301154440348,-0.22844637477676696,-0.10088030067037647,-0.5241259337175178,-0.04041550517323527,-0.15364326409193502,-0.7548665198427945,-0.09784765221177098,-0.21632453943810034,-0.8836697386942372,-0.14923118400347746,-0.27356320690181674,-0.9899706165266509,-0.18402344144958047,-0.02471989621898781,-0.5022898180027907,-0.0805429611778356,-0.04827236824430763,-0.7320037317592519,-0.13403189930833112,-0.08385871331821305,-0.8730295126998434,-0.16675910819658446,-0.12337529811593483,-1.0,-0.18699390416916478,0.052430258745711535,-0.4280120202058424,-0.12446290434469659,0.07116289871651675,-0.5887018510190891,-0.1586730561006623,0.07318482927874584,-0.7006319858929954,-0.16146374151207224,0.06599179906432674,-0.8031770338715186,-0.16212062160916244,7,pause track
0.0,0.0,0.0,-0.1366373966515381,-0.10511309897317951,-0.026756887727629363,-0.24825612719998016,-0.24373364677601503,-0.059948965570388806,-0.33876955048718854,-0.339629582762044,-0.10145515756359813,-0.424355861808653,-0.4185607814846173,-0.14613646239051975,-0.15494061417893282,-0.4996273302189098,-0.012188961471347355,-0.26661185333422044,-0.6021204345233979,-0.10039481392248827,-0.36188333913863274,-0.561860357110709,-0.18301218071478423,-0.4290048847137118,-0.5018529124121649,-0.23052707500397857,-0.09188049519421226,-0.5379777467871908,-0.042668847128148495,-0.14513770300610143,-0.7616818061047398,-0.09681099279180727,-0.2114722717593275,-0.8925815231453156,-0.14832569351666522,-0.2728527676058206,-1.0,-0.1839714819785131,-0.016436824644735247,-0.5124592161410805,-0.08482292724802032,-0.03376162092656057,-0.7365392066438716,-0.13725951821314808,-0.0710527334263051,-0.8743017877278145,-0.17155357695668996,-0.1130389633431219,-0.9996382015660827,-0.19322367788192857,0.05668516100247736,-0.4323782637414915,-0.1302710085748291,0.0776642519230326,-0.5875263032244851,-0.16711624635945727,0.08056016138297452,-0.6965546091685463,-0.1723584371446425,0.07187047616065764,-0.8006840686495135,-0.1744588901319365,7,pause track
0.0,0.0,0.0,-0.1368677362892098,-0.11066510164524274,-0.03304822546020787,-0.24242458898371969,-0.2528105956449497,-0.07019040288571743,-0.3294361416228137,-0.35395693684875856,-0.11411762984243393,-0.41353637848214814,-0.44356173572440705,-0.1608195294955128,-0.1497918450547263,-0.49292060309337066,-0.026203950126008384,-0.25412159926589234,-0.6156148253697431,-0.11777381602895336,-0.346103257444288,-0.576520013470115,-0.20093719710932995,-0.4144149479323894,-0.5183863218999656,-0.24923482301289543,-0.08013654004200013,-0.5221784717760555,-0.0548200941850151,-0.12706815973273553,-0.7515986702904024,-0.11294830814243659,-0.18659302339537936,-0.8865738418430053,-0.16747131875841806,-0.24329409984960484,-1.0,-0.2064275201633592,-0.0029157318396331637,-0.4861576904776841,-0.09480569046972731,-0.01077631841467527,-0.7072399150214201,-0.15101548026301267,-0.04485176872256523,-0.8427986858711675,-0.18660422370374835,-0.0845535057740549,-0.9677004851551316,-0.209703075958464,0.06933644284338998,-0.39731924783856515,-0.13820967094757217,0.09535518822492736,-0.5509474033681175,-0.17903082256087208,0.10053896312272954,-0.6613237626370082,-0.1858120363477657,0.09459472006822926,-0.7681423629000242,-0.18928876348576712,7,pause track
0.0,0.0,0.0,-0.1363624799771683,-0.10041042468524317,-0.03518023952773956,-0.2427426341651144,-0.25486110179577565,-0.07058384962752647,-0.32524155756931267,-0.36281232263922547,-0.11161818008207423,-0.4124383009999968,-0.4500188953548881,-0.15482099535118618,-0.1477764769714886,-0.5020620683498411,-0.024394619326454307,-0.24802176966909306,-0.6281581492635899,-0.11222153194919895,-0.3339394340274582,-0.591999332071176,-0.19295772486822832,-0.4003785778019128,-0.532886012210516,-0.2400968507649482,-0.07658932599783431,-0.531305000631387,-0.05272405327643458,-0.11387215083720068,-0.7636075464855796,-0.10828772923474361,-0.17362148325529267,-0.8953733902522172,-0.16166537221383567,-0.23383290770602067,-1.0,-0.19981944752789868,0.0009787655065643434,-0.4904292830357643,-0.09307419322232495,-0.0006251425246321881,-0.7092125146918901,-0.14716915718238427,-0.0293828550441809,-0.8466973833749556,-0.18379938977333293,-0.06567974478088096,-0.9720360311521263,-0.20842027425171242,0.07309796397347341,-0.39742458856925855,-0.13718419367562845,0.09949271638419228,-0.5509816102172758,-0.17771769315086025,0.10300975018814408,-0.6625252612623947,-0.18716515377243187,0.09150948676330665,-0.7721164693948445,-0.1934754969093013,7,pause track
0.0,0.0,0.0,-0.1317338080430938,-0.10775664959715174,-0.035996033224025295,-0.23206949565941115,-0.2591191667918945,-0.07143310480039307,-0.31123779028771575,-0.3691780046006774,-0.11267324310970193,-0.3936082950906842,-0.4612958189321342,-0.15642900118111647,-0.14059901281947543,-0.4972382064293889,-0.023032439840677897,-0.2299453236079483,-0.6202365071842236,-0.11207160773072401,-0.3171362517194743,-0.5906705660682704,-0.19306777575948403,-0.38792518697476563,-0.5391838999410467,-0.24018303255357482,-0.06793790241477765,-0.5280588146898011,-0.050437363027860733,-0.10057358193945139,-0.7547482920852165,-0.10407552495320954,-0.1546606711440428,-0.8896887029095238,-0.15640690810409558,-0.20969193956698148,-1.0,-0.19465717686225947,0.00919696216578622,-0.4902645967471593,-0.0904161513620225,0.013245789455432382,-0.7071724329260539,-0.14484275003961675,-0.01248240067507427,-0.8487842883399415,-0.18305640411029148,-0.045759169566172306,-0.9784249037672381,-0.20921882651720866,0.08077541065091494,-0.39864615242344725,-0.13415663645605896,0.11451409679917697,-0.5482576379336254,-0.1762231844452855,0.12713960397184107,-0.6597433793015756,-0.18767180539801875,0.12561560068894567,-0.7675335514223953,-0.19561466394452837,7,pause track
0.0,0.0,0.0,-0.12540516187703102,-0.10212234602458156,-0.03768682635331227,-0.220984430381683,-0.25100476437458485,-0.0727568552494133,-0.29526318082606906,-0.36392656031066,-0.11374237863535916,-0.3746509223067193,-0.46251467574766936,-0.15662159056914646,-0.13888089341641208,-0.494732953536803,-0.01659002807943049,-0.22722136241923993,-0.6157540472154667,-0.10303819361966254,-0.3118847252176275,-0.5858278048696831,-0.1817099057770913,-0.37758630359342027,-0.5337846951361107,-0.22683312238116154,-0.06473899301543334,-0.5315061013566347,-0.0426200727040164,-0.09574960683133169,-0.7590799598233302,-0.09715292476784484,-0.14992831885109928,-0.8909157990999648,-0.14985617518233477,-0.20350702280586855,-1.0,-0.18651577860226487,0.013094266388748678,-0.5000491315989879,-0.08146424343678639,0.015708901765075868,-0.7223429654442632,-0.13597920707940314,-0.010552864905252493,-0.8636639843594653,-0.1732186560685205,-0.04293452843630343,-0.9929037284858059,-0.19710178416155164,0.08420205879939985,-0.41396153181201506,-0.12423536440434517,0.11120566626388026,-0.5664764439475664,-0.16454278626540378,0.12331869118982364,-0.6791398354833043,-0.17432707189427205,0.12494791355248808,-0.7868029280578974,-0.17994720827153968,7,pause track
0.0,0.0,0.0,-0.12753600599697926,-0.09940498721559808,-0.037199204629659456,-0.22372981678783088,-0.24944334969885218,-0.07177710004040243,-0.29437535022581446,-0.36306704110676924,-0.11198722741126885,-0.3736624157138669,-0.45662998341182104,-0.15398254969323819,-0.134461199618509,-0.48875357647818485,-0.019665932379999012,-0.22288301251720977,-0.6091832455681359,-0.10388647243110415,-0.3065272582374967,-0.5805985567913192,-0.18013418378658475,-0.36896335942167746,-0.5307584082027988,-0.22366493314922015,-0.06238472700013731,-0.5261655793430784,-0.0443920615190419,-0.09340220953059536,-0.7519227629152148,-0.09608399648535529,-0.14233896106787794,-0.8868754383621121,-0.14544554903175208,-0.1878604310699932,-1.0,-0.18036997737508656,0.013886569512634107,-0.49787174034861154,-0.0814724696840349,0.015976095580567708,-0.7191970597731093,-0.13221937841936254,-0.005546788313312477,-0.8600409509071545,-0.16584201335139553,-0.03166737175704812,-0.9881651507223466,-0.1878482987450772,0.08430051323157765,-0.41634960793263787,-0.12274449448095033,0.1140648367715767,-0.5709088986117141,-0.15875550711134565,0.1304208461826778,-0.682747829991576,-0.16534165141273097,0.13699303073822963,-0.7887952788632459,-0.16918811948976395,7,pause track
0.0,0.0,0.0,-0.12427182685463359,-0.09976834631824241,-0.03734499798126543,-0.22020923336500758,-0.2466383852787008,-0.07109062653530401,-0.29039743335514995,-0.3571622939789529,-0.11015304952277682,-0.3662585695241872,-0.44976828900659427,-0.14979992237000805,-0.13501271745472093,-0.47641178648430865,-0.017370271343499114,-0.21799058484244455,-0.5961328392305109,-0.10163860182939873,-0.3002498787858642,-0.5673011830270408,-0.17706957825941033,-0.36219116185611794,-0.5190037401581572,-0.2194677325950938,-0.06569404979006743,-0.5134513876869363,-0.04017836765973562,-0.09799168522608873,-0.7389614900111529,-0.09247828768133065,-0.14089426803282354,-0.8794348613000803,-0.1399990574226144,-0.17889578793773203,-1.0,-0.17273684631630473,0.008644889004531059,-0.48726019373629537,-0.0755317921166791,0.009604056747701517,-0.697659048420319,-0.1261232196695978,-0.00773065359349765,-0.8333148025671033,-0.1560345413564401,-0.0308442120393433,-0.9575309224997507,-0.17391259477777354,0.07987845345663744,-0.4098979508793326,-0.11535918232762035,0.10752903121536227,-0.5589809071975407,-0.14919840796701775,0.12037623950767001,-0.6664718834785419,-0.15251031916147273,0.12199013551912317,-0.7684554396204594,-0.15321371934693323,7,pause track
0.0,0.0,0.0,-0.12230155698047043,-0.0992198541556816,-0.038439205580481424,-0.21574573315280723,-0.2443393583041813,-0.07263879450986867,-0.28370289192663345,-0.35794565628687297,-0.11224974178545542,-0.3611638178391538,-0.4517152452824846,-0.15235350394590427,-0.1351616433964147,-0.47721710607293405,-0.016855689835182153,-0.2145813261451734,-0.5988817673592898,-0.1006077126755086,-0.2950714458125992,-0.571601668214566,-0.17545154877431807,-0.35395152787600426,-0.5230987156355495,-0.21735007683506546,-0.06542419102943034,-0.5138816543211512,-0.039178285182852074,-0.09425325521294216,-0.7393393046396104,-0.08948415325524124,-0.13429159226892207,-0.879810771872366,-0.13597023854582804,-0.1691441049012195,-1.0,-0.1683736485981841,0.009111787411570493,-0.4877465515946028,-0.07428768126689125,0.009016332983409883,-0.70005752385276,-0.1239531426120725,-0.009259079531579088,-0.8346400466036835,-0.15301868771965627,-0.0316397175371022,-0.9568086981363322,-0.17061083321321388,0.08041944228580929,-0.41156729548603316,-0.114108562630967,0.10713069697946108,-0.5626696000253936,-0.14921739495156233,0.12289300905926465,-0.6711944340477267,-0.15338611876011182,0.12945424501598862,-0.7734042040596448,-0.1543896747801006,7,pause track
0.0,0.0,0.0,-0.12050329062528363,-0.10754940568695623,-0.03627488905781454,-0.21021265422780055,-0.25202248887225925,-0.06944271890641614,-0.27715773051510834,-0.36300028525544253,-0.10859692986254052,-0.3511616055435876,-0.4585397885034647,-0.14809197997441992,-0.1282211637310671,-0.48117661386971233,-0.010721421939408527,-0.20342510284940551,-0.6031913878788665,-0.09383498965319266,-0.2818682657024786,-0.5761794108548958,-0.16898818566026477,-0.33975069322629464,-0.5284764580906038,-0.21112590777515602,-0.05864523114026232,-0.516520967201181,-0.03355190575243562,-0.08668778606582732,-0.7408028273630357,-0.08403845064451089,-0.12558463473411044,-0.8799577025452565,-0.1308397996920541,-0.15968238473549967,-1.0,-0.16315568721620355,0.01594814093100708,-0.4914766044229412,-0.06932233335312246,0.01676431417367611,-0.704792337742444,-0.1191518298425356,-0.0001882408074581332,-0.8420150240707434,-0.14796911985331604,-0.021467092821009618,-0.9670360940750222,-0.16496453840084718,0.08829420023820682,-0.4165863999836997,-0.10963056117821642,0.11621635513932135,-0.5698924457320044,-0.14315559344310758,0.13154698286800268,-0.6786210770430495,-0.1456905059771206,0.1370916355324552,-0.7805116815808338,-0.145545287918784,7,pause track
0.0,0.0,0.0,-0.12243368474465371,-0.11805598608979635,-0.027815642947449953,-0.2100179409579384,-0.2648325272142681,-0.057194121780028674,-0.2796077072676617,-0.3730782143739407,-0.09486527131161802,-0.3468630506877367,-0.46123570374623607,-0.13331836085712329,-0.12228751505810066,-0.49104287421585807,0.004123931326780591,-0.19783125198509402,-0.6168513380368338,-0.08042019510785223,-0.28015530708033565,-0.591002910040546,-0.16084774024877124,-0.34388767491480193,-0.5393453982539756,-0.20543457660739584,-0.05712039517797411,-0.5223851840688871,-0.02003959967621529,-0.08218623114935633,-0.7481279311433474,-0.06334223891536034,-0.12462861454028322,-0.8851750077973063,-0.1081450138622099,-0.1647766345967672,-1.0,-0.13986556460479005,0.016597770590372925,-0.4966035219979417,-0.057528923834559265,0.01506286965669915,-0.7106433946085562,-0.09781041612929459,-0.005910215091197485,-0.8464068963478085,-0.12436260615894819,-0.031644664114936584,-0.9665860388634914,-0.14133442986542993,0.08825334616510831,-0.42132303357658385,-0.09992846078902204,0.11879828010976318,-0.5713999574605676,-0.12562720941674382,0.12997918810727185,-0.6751153381360289,-0.12550606204908582,0.12892500183606295,-0.7722211306523317,-0.124294424438314,7,pause track
0.0,0.0,0.0,-0.11571221613484159,-0.12369292176348463,-0.029992803613761162,-0.19531160981923487,-0.27822373992947363,-0.06048527327023493,-0.2554242606150858,-0.3890571180672876,-0.09825814411815438,-0.3122234350945851,-0.4900178905524368,-0.13682395022639446,-0.09311176736658665,-0.49751865387280886,-0.002384158120751769,-0.15805393012572713,-0.6212283464877645,-0.08620607537196791,-0.23811871493843864,-0.6022220391678303,-0.16376450421694455,-0.3031844394120929,-0.555230853236799,-0.20682232431700737,-0.021866724016401894,-0.5185004688439507,-0.027765513535495542,-0.03480148984352302,-0.7426367329986726,-0.07415920898090222,-0.07096413158804672,-0.8814359992245947,-0.12053303335654562,-0.10854489680253851,-1.0,-0.1531747596912711,0.052566507524439816,-0.4802047227704263,-0.06622323589910536,0.06372800243867911,-0.6958433444629307,-0.11193837275171967,0.04848995746616111,-0.828813753282031,-0.1404102611668594,0.02606214981598923,-0.9501826789659488,-0.15782259770654936,0.1218597197196111,-0.39236344210874713,-0.10894635573867736,0.15363998999668035,-0.5466826515900001,-0.1402991542758645,0.1694904176780559,-0.6525728212567583,-0.1424313337417326,0.1743566775364803,-0.7523078418035176,-0.14220266133220028,7,pause track
0.0,0.0,0.0,-0.10454872256920134,-0.1231683637494123,-0.03381314244038354,-0.17963124775709807,-0.2707019074219124,-0.0680355130421008,-0.23568580304606793,-0.3793423261282647,-0.10991949593384472,-0.2886532843998396,-0.4879881859199057,-0.152202958051896,-0.08659264647216106,-0.5036352632780412,-0.007556344387840712,-0.15002605537887143,-0.6344387062978831,-0.09257985461018695,-0.22722813060880057,-0.6139958069018189,-0.17014031496062748,-0.2881851037429473,-0.5682147626042122,-0.2123863696173185,-0.011159171283138992,-0.5274771097251733,-0.030106406951819837,-0.018104469332188396,-0.7468740346710901,-0.07351309379213462,-0.04457361800761801,-0.8827451066712405,-0.11623421547928656,-0.0714142444150351,-1.0,-0.14653008562135578,0.06602460211445521,-0.49281294463868847,-0.06611589969798752,0.08151166210068926,-0.701085076067609,-0.1072566257019976,0.07315959618243563,-0.8319421879741628,-0.13268747000262152,0.05854533574093113,-0.9517027010783984,-0.14895758254157784,0.13628484180415507,-0.40913325737248507,-0.10722569498704641,0.17441126838870422,-0.5539368601623769,-0.13552337292970282,0.1934256355744092,-0.6568643866375848,-0.13686152438527968,0.2010434023007382,-0.7558787835019369,-0.13589257839027707,7,pause track
0.0,0.0,0.0,-0.09956421577602861,-0.11839514142020374,-0.03460113993134589,-0.16446868853957758,-0.2671130875550271,-0.06790800989220515,-0.2034991183825487,-0.3751250143872009,-0.10688516459119721,-0.24548254483077,-0.48103445800738087,-0.14549646882590767,-0.0752169161749413,-0.51180732710866,-0.0164087919325961,-0.12774600350632143,-0.648843999422749,-0.10011648238576586,-0.19534658105956793,-0.6204912023368089,-0.1745692083731182,-0.24572407350833375,-0.5622769983853594,-0.2140241708303942,0.007807244500311419,-0.5279670815805294,-0.03934078999306289,0.016875777444042287,-0.7509068658871092,-0.0843293391033483,0.005468269705176345,-0.8862069998990063,-0.12843403555166785,-0.006799321906348829,-1.0,-0.15844557931281084,0.08674153635913275,-0.48230707991325117,-0.07465190014852525,0.11746076040481113,-0.6898963189669524,-0.11871981006663973,0.1238568629026307,-0.8246428763018055,-0.14928168787529209,0.1240971323065888,-0.9507372165469559,-0.16847876306123014,0.1556275804090272,-0.3859555229599579,-0.11412697163119148,0.20733008054565835,-0.5256809962768316,-0.14607013091696172,0.23701518910637664,-0.6243324905434848,-0.15010932971168575,0.2574280142539698,-0.7218896760468279,-0.15025833326107435,7,pause track
0.0,0.0,0.0,-0.09363718733367814,-0.14207261397965615,-0.037118442003779485,-0.16124290078578357,-0.297530047720532,-0.07504830541435997,-0.2138806168462411,-0.4120080282394649,-0.1190172903840564,-0.26683186563483624,-0.5217359754158313,-0.16375808070422762,-0.051254468717165706,-0.5079447892136735,-0.022275768560502007,-0.11207631481688612,-0.6512059749879454,-0.11228504770922437,-0.19582308346551502,-0.6344075770325891,-0.19203780069172635,-0.2605111659438899,-0.588152116170757,-0.2356066983201628,0.025301815912499095,-0.5166991834887109,-0.04527425353808054,0.03712747970482382,-0.7408292928147957,-0.09731966986725538,0.021882982979902127,-0.8809811747743528,-0.14447631837504726,0.004695484152834819,-1.0,-0.17620183310795767,0.09658559606124822,-0.46474958794092575,-0.08076569544582084,0.1290348571824643,-0.6735073352395523,-0.13002646009033902,0.1348976439504323,-0.8116796821533818,-0.1592075710321308,0.13268189589962748,-0.9398014659719401,-0.17652257546237576,0.15641379614066986,-0.36319576177818347,-0.12065344547440912,0.20633356128889227,-0.49808715008759147,-0.15582419194503902,0.23334216629845964,-0.5993887488042342,-0.15901716495845386,0.2493673670232132,-0.6992793251314373,-0.1583221319624497,7,pause track
0.0,0.0,0.0,-0.0983631624390786,-0.1471859177126477,-0.03770995071226452,-0.17278769023126944,-0.3055331572503739,-0.07966703389948501,-0.23371954694146754,-0.41904091533236765,-0.12747941252813788,-0.29234961675961824,-0.5276507502214629,-0.17727235810688233,-0.05451682353408897,-0.5077881540545803,-0.03447580649303206,-0.12379214803201298,-0.6521019351116285,-0.13123870683371283,-0.21509041496385747,-0.6362200642828527,-0.21615862276956047,-0.28922798393846133,-0.591753680259578,-0.26317284940280466,0.020336103700698386,-0.5118139874839064,-0.059480255182960566,0.028628092197880275,-0.7427556915197808,-0.1198929228601844,0.004816116993568657,-0.8845431646205772,-0.17243929372310982,-0.02297658354884977,-1.0,-0.20704052863993255,0.09047842100273502,-0.4536872424124113,-0.09622414036069664,0.12003314043040765,-0.6698003622918784,-0.15106568799637005,0.11624100259231358,-0.8105847537709855,-0.18404435365315916,0.10352765661172485,-0.9392027030195407,-0.20340380028136756,0.14803201298297514,-0.346429376020029,-0.13689172864258295,0.1953848051483368,-0.48404830082662487,-0.17687200786931304,0.2142863696090734,-0.5920933926075739,-0.18374290035710839,0.22048325292030294,-0.6984939504188171,-0.18530750763128503,7,pause track
0.0,0.0,0.0,-0.1029706518775431,-0.1430935932794958,-0.03299306525764263,-0.18156636637474896,-0.30197930473108064,-0.07186940027146756,-0.24571432274311258,-0.4094518430493296,-0.11694747297158754,-0.3062339525431434,-0.5128855688906014,-0.16474890907410983,-0.06221839844199787,-0.5088417717638533,-0.03370822620076828,-0.14541070772555914,-0.6447347892166074,-0.126776096350891,-0.2356533056452654,-0.6214213330050111,-0.2099749324102462,-0.3076996888083148,-0.5733513644731051,-0.25705086831562557,0.009464852985231979,-0.5111411907032294,-0.06163816517245497,0.006659242861607679,-0.7410008379196266,-0.1196281786758712,-0.02182229823259273,-0.8825962947104392,-0.17387122315788883,-0.05348155355582484,-1.0,-0.2115038491112654,0.07670079988674876,-0.45026615537452414,-0.10018975804221256,0.09853605820874617,-0.6629806012384861,-0.1549871267328298,0.0897855055357028,-0.8029089419133778,-0.19225294477118068,0.07141557573452553,-0.9317611415645519,-0.2159962647174063,0.13265598589144728,-0.34033917550902,-0.1417695801674778,0.17434335962403777,-0.47630447038345414,-0.18252219187472532,0.1897603829008568,-0.5810867932202781,-0.19109367100474442,0.1902610909703568,-0.6847480683235975,-0.19505428678843856,7,pause track
0.0,0.0,0.0,-0.1054570212263919,-0.1372926764523709,-0.03775516516880418,-0.18780465623863224,-0.29251619753620484,-0.07774340874386342,-0.25616170007766953,-0.40037630391395396,-0.12363814595788719,-0.3183553233116711,-0.50542211909982,-0.17149341642478916,-0.07483040515961578,-0.5025308957557048,-0.030964585455542353,-0.15884547697934384,-0.6321278990886121,-0.12566144773592933,-0.24877965451810485,-0.6091768013921525,-0.20958641461577754,-0.3203307345177116,-0.5627550067346357,-0.2565192673484666,-0.004570212263919066,-0.5118414067031746,-0.056069095971651405,-0.013158593296825382,-0.7382350338698102,-0.1146960813373372,-0.04596241385073688,-0.8810070984043338,-0.16725872235913383,-0.08122708011758575,-1.0,-0.20274247935184864,0.06416411864756717,-0.45711241434231614,-0.09301002442966562,0.08084610620078063,-0.6667984918348687,-0.14836783881917334,0.0683408217238701,-0.8067388141142233,-0.18137955130921887,0.047188904073225645,-0.9347067238209472,-0.2005102333508458,0.12252317796151918,-0.35413786831575117,-0.13394943544399024,0.15970082486997728,-0.4943121823169113,-0.17430187011310824,0.1735640970180803,-0.6033203720271745,-0.1805220220356747,0.17465319084089545,-0.7096327411441998,-0.18154361588306883,7,pause track
0.0,0.0,0.0,-0.10433904529511938,-0.13219167448052607,-0.03854504245266986,-0.18540057286693865,-0.28606647261400187,-0.07885783318019621,-0.252919653150218,-0.3950302631691547,-0.12455045082513362,-0.316713020069903,-0.4984976607322085,-0.17149584814613103,-0.07534508325886226,-0.499397670634518,-0.03275182467888017,-0.152107541525518,-0.6328568407231865,-0.1263991417031506,-0.24096230887625902,-0.6070448207865368,-0.20821599543381514,-0.3094085387247537,-0.5561044070167032,-0.2533989956135237,-0.002913723989628248,-0.5121885204115938,-0.05649640133070152,-0.011316261425859208,-0.7387528713641104,-0.11406740455689839,-0.04158309810254636,-0.8812224095375133,-0.16445212761619854,-0.07231448756771162,-1.0,-0.1983143583742387,0.06880197948388185,-0.4607825758474115,-0.0919472574525904,0.08289235456135825,-0.669967273478559,-0.1455436830245099,0.07373601910045464,-0.8095142856094993,-0.1762376179211041,0.058026066301462974,-0.9376161840411447,-0.19402046944392037,0.13190756377515156,-0.36018293599807333,-0.13153295430011072,0.1690353561347252,-0.5039175247649424,-0.16976911765643127,0.18437048818385532,-0.6129421961855326,-0.17422696010213054,0.1888910758186826,-0.7182741619406571,-0.174133040975881,7,pause track
0.0,0.0,0.0,-0.10556948105739444,-0.13105956159262722,-0.03922270019508378,-0.18790125777556788,-0.28785465185082015,-0.07866940915691124,-0.25449026413433024,-0.40077783681303136,-0.1238441542853259,-0.3156925606327497,-0.5059116961391107,-0.17030226684520866,-0.08222853266335084,-0.49890400591802714,-0.027910382348399255,-0.15760667618914506,-0.6355411814723674,-0.12173069491307897,-0.24586719405548005,-0.6117202943234763,-0.20464659039454447,-0.313869231664562,-0.5608253582982653,-0.24996220795713742,-0.008920870736982361,-0.5136506172484777,-0.0503124456071761,-0.01499619896298165,-0.7413979926823341,-0.10423019604218908,-0.043440910067123244,-0.8822360324673333,-0.15337715117047224,-0.07196548921367477,-1.0,-0.1865638446676065,0.06466803383872596,-0.4662177660616338,-0.08501487033885113,0.07751461366025986,-0.680088312626894,-0.1349848254666473,0.06737551177639675,-0.8180211523692319,-0.16421757908298948,0.051190788682308794,-0.9448779017301658,-0.18155048138051058,0.12974198239299264,-0.3708268339090488,-0.12429392185227749,0.16354515734247854,-0.5142403745616388,-0.16069454311850737,0.17958256285834087,-0.6205518005130061,-0.16421750298919907,0.1855524555283539,-0.723520943689621,-0.16342699503818933,7,pause track
0.0,0.0,0.0,-0.10356037322634669,-0.13261559035893283,-0.037483489914227855,-0.18249811362423396,-0.29054309218396307,-0.07526095968620644,-0.2469234591530633,-0.4046811564863721,-0.11892694695086956,-0.30698934427738006,-0.511412113292968,-0.1640810163081522,-0.07794664163768089,-0.5091906681144217,-0.025608982595703343,-0.15553404371484134,-0.6429843384802253,-0.11623011974288973,-0.2436571765095607,-0.6204361668844434,-0.19657896123211438,-0.3106183018323917,-0.5700633699566287,-0.24074987607835174,-0.0023900227592002993,-0.5249471508057738,-0.0487128931446847,-0.009638122580684739,-0.7505780591493826,-0.10234959940990607,-0.03958604020587568,-0.8874601100539228,-0.1506485178878002,-0.0692181509223304,-1.0,-0.18242516179526655,0.07143836918980928,-0.4761801350829085,-0.08371307334724772,0.08589800688297108,-0.6911253841765279,-0.1346064102999687,0.07353982246596856,-0.8319009146622007,-0.16425376538643527,0.056116213016299515,-0.9602699204348173,-0.18096679395505946,0.13562446706050513,-0.37661065817644207,-0.12294321732526146,0.17127506732674483,-0.5224894025556558,-0.1607494619958665,0.18640337155161307,-0.6317674267380728,-0.16531883154761456,0.19222874529939699,-0.7371772457073449,-0.16443611504382033,7,pause track
0.0,0.0,0.0,-0.10700023091697673,-0.13636902994683,-0.034139278996483564,-0.18860771833840217,-0.29262375352837694,-0.06918253807942314,-0.25196685627461496,-0.4049084874544136,-0.11093856813900366,-0.3083359551518858,-0.5126460279079661,-0.15406040564730608,-0.08752516576540115,-0.5070688167055878,-0.0177906113018917,-0.15914315523184508,-0.6411456633151702,-0.1063712494396029,-0.24303174788395857,-0.6227267109889401,-0.18593964209988956,-0.30879163460170267,-0.5773150903998113,-0.229441150938003,-0.00960644164816623,-0.5252893478343287,-0.041385903158917166,-0.015055639174745068,-0.7491983143553059,-0.09306925914697842,-0.04175535306417966,-0.8870971077279395,-0.14029387341961702,-0.06858135736839333,-1.0,-0.17140164284039944,0.06706070260798323,-0.4821726185640509,-0.07714006511123404,0.08188468626556043,-0.6957663907971953,-0.125233372186993,0.07131371080627444,-0.834495549801505,-0.15306000646619972,0.05498285847645016,-0.9595141979475469,-0.16870746271137152,0.13537717013953,-0.38876005461260355,-0.11719358252084777,0.17333199411334035,-0.5336602113308844,-0.1512123167683957,0.1914707934336862,-0.6410947040249961,-0.15353636504826115,0.19981777745610238,-0.7433389807058772,-0.151512394979828,7,pause track
0.0,0.0,0.0,-0.10346136967965198,-0.14019033124871005,-0.0318499205465485,-0.18093190876283186,-0.29768876327269156,-0.06655304488905056,-0.24163362061192142,-0.4075420147439841,-0.10801059851332945,-0.2971895657958806,-0.5092297680998535,-0.15077919518481192,-0.07673188712175709,-0.5085474731039513,-0.01918648299833198,-0.14216357646813652,-0.651308683882008,-0.10873870702578609,-0.2270186313623257,-0.637742184666497,-0.1877942622821627,-0.29570925616820726,-0.5933569414749194,-0.22990064895406595,-0.000984618806494727,-0.5271477764797586,-0.042249350070034074,-0.008661439412003983,-0.7521555913123108,-0.09326230938556494,-0.039540798435430444,-0.8894935086794736,-0.13652734830443297,-0.07031095018344818,-1.0,-0.16419364017640597,0.0763889862959898,-0.4870429074383179,-0.07747942378118784,0.0906167405736087,-0.7050892594143685,-0.12359509194436154,0.0821466643689723,-0.8456412771440194,-0.14760404374738367,0.06885969570244324,-0.9689455586703564,-0.1603985308088263,0.14656142358195856,-0.3955727971690268,-0.11712057675202649,0.18707556943077963,-0.5438078973892447,-0.14896664559068226,0.207133639648052,-0.6510284019068191,-0.14960448120267383,0.21729392386750052,-0.752597429921992,-0.1461946499679904,7,pause track
0.0,0.0,0.0,-0.1116714607340525,-0.12973748795586393,-0.027961159672010898,-0.18785196297305298,-0.28499097205760426,-0.059305049019864414,-0.245351523664295,-0.4007948834976761,-0.09790794987288999,-0.3047979592486582,-0.5048965531068269,-0.13765746132617054,-0.0801452490379433,-0.5036568178950211,-0.0092464729831842,-0.14763180147253938,-0.6384603318933441,-0.0953325022791816,-0.23231850061857032,-0.6244906671950166,-0.17355709490138904,-0.30403303130119125,-0.5875257541073895,-0.21590382037056488,-0.015002541504358296,-0.514896989467204,-0.03570689727141556,-0.02463384057278786,-0.7426947965794064,-0.0869206167070247,-0.06491509252609022,-0.881967112579798,-0.1335877963919725,-0.10686324111977148,-1.0,-0.1639436925051809,0.05229177649385616,-0.4707979380203155,-0.0740004281993418,0.06342203242511407,-0.6832412848808206,-0.12204109639680784,0.046368833019035924,-0.8199216202414606,-0.15073078873915496,0.021857409222299666,-0.9417234819671125,-0.16664632588108885,0.11092257197882355,-0.38124475925290385,-0.11626955965349506,0.1527834484970923,-0.5257977434271744,-0.14851561118175882,0.16901558278287063,-0.6315408356655027,-0.15199287267838058,0.17287206503420713,-0.7330613746767101,-0.15143270978623116,7,pause track
0.0,0.0,0.0,-0.1280419645866594,-0.12153968698178397,-0.01978463763229927,-0.21405366987623567,-0.2782515335247374,-0.04810939500393844,-0.28287710681597317,-0.3878550469879714,-0.08471723536725687,-0.35825991307871724,-0.4719041243560592,-0.12341947082265542,-0.10938269779992087,-0.5016950176435148,-0.006389758737963341,-0.19908007965839244,-0.6252570557469164,-0.0905936278502798,-0.29096399423270675,-0.6040905586773576,-0.1683440313823236,-0.365878511112062,-0.5612356158045436,-0.2107755916841065,-0.04567612039922556,-0.5188845445282222,-0.0369160895685094,-0.07411557606230068,-0.7496803893495,-0.08541730968946147,-0.12144907247124305,-0.8867870085335529,-0.13107204929745303,-0.16898118856490643,-1.0,-0.1611498599318896,0.021346810792554325,-0.4781553814607746,-0.07831047054783717,0.022586582050409584,-0.699868952196498,-0.12507156956684357,-0.0017399816620028415,-0.835814058109072,-0.15535147515842246,-0.03388662339900063,-0.954278572345504,-0.17254270392550905,0.08023846261041641,-0.3886488392532907,-0.12252551062301975,0.11207047063025824,-0.5369346804385468,-0.15358915450250155,0.11826154688580123,-0.6429369535813441,-0.156869225305385,0.11209266660885034,-0.7429991709687583,-0.1564034386902008,7,pause track
0.0,0.0,0.0,-0.13751305017990206,-0.11203551441232744,-0.023262077832841916,-0.23447655896440942,-0.2711242645971583,-0.0555899428794193,-0.3170843097631028,-0.377337718492497,-0.09586349467351098,-0.40423173086832426,-0.45690057667232736,-0.13929440937350246,-0.13724398123462545,-0.4997954538326082,-0.01610401039925781,-0.24348398356461462,-0.611198062524364,-0.10332514506759281,-0.3380173584195504,-0.5730321672932247,-0.18323947595742465,-0.4131997248820443,-0.5164062605017542,-0.22924803922783332,-0.07610327229060342,-0.5157184656124959,-0.05031292340608647,-0.10678497336195038,-0.7510617133485977,-0.10643804004556993,-0.1608077893331302,-0.8879250550011873,-0.1592143047928333,-0.21416510213866125,-1.0,-0.19543737549456333,-0.010411691168892852,-0.4669871895401408,-0.09517277329541199,-0.016941709943228918,-0.6933046416073341,-0.15158830894648714,-0.05001568261962478,-0.8326223132312022,-0.18967391476608325,-0.08813654632869874,-0.9563740887277811,-0.21332501344560667,0.048080671395349876,-0.37141372094794717,-0.14225908259251696,0.06567074564135193,-0.526777624934469,-0.1851548979095075,0.06777826568149944,-0.6391236552153672,-0.1953931981151739,0.06019930369168866,-0.7476348369231597,-0.20061565047361582,7,pause track
0.0,0.0,0.0,-0.13447042991738822,-0.10867164731159155,-0.031554416996400866,-0.23199622104115994,-0.2605679521043548,-0.06770713375379468,-0.3139072262901644,-0.3668865352741119,-0.11023370399498938,-0.3973433531907379,-0.4556404835157112,-0.1553117078122424,-0.13495248594491316,-0.491791757202345,-0.026793520657706498,-0.23957722785346758,-0.6140082778480839,-0.11655224211278135,-0.3355745184282811,-0.5799845832175122,-0.19815887206134553,-0.40957462384987964,-0.5214375271156515,-0.2452025283166532,-0.0728379899795419,-0.5127361905590003,-0.056032677226913755,-0.10428471220128857,-0.7491420979528838,-0.11337121436257287,-0.16074811491314656,-0.8886540680347748,-0.16643740324564005,-0.21542475668559902,-1.0,-0.20363647301266283,-0.0052444992676803056,-0.4676981914789614,-0.09635235583520449,-0.006033133918318084,-0.6986124895761016,-0.15198829473392722,-0.03959437012622209,-0.840963409244393,-0.18990749200702187,-0.07924618150806047,-0.9647175534620408,-0.2143872516232512,0.055748202764478685,-0.37378016172754464,-0.13978059188407504,0.0766160477803122,-0.5290407220208149,-0.18365781300227385,0.0763315446201421,-0.6455640258255885,-0.19552299420803562,0.06523569611368232,-0.7554331543719103,-0.20226941336521248,7,pause track
0.0,0.0,0.0,-0.13690237730746707,-0.10421567794858022,-0.027200137611459434,-0.23433843606453728,-0.26053852792525933,-0.05940939554989763,-0.31634836289164747,-0.3678548387168489,-0.09746991658160115,-0.4008275468340731,-0.45313880439668713,-0.1380331740379484,-0.13588317236957534,-0.4895507317066664,-0.026367278134131825,-0.24065208218377745,-0.6150975720046223,-0.11086087610374754,-0.33620590763150954,-0.5822013403839921,-0.18632192627944338,-0.40883256849426225,-0.5270593408704182,-0.22929161590936384,-0.07288299051558053,-0.5083223768895141,-0.05653326304747551,-0.10624608447006902,-0.7482438195208037,-0.11188924460441248,-0.16269318652217352,-0.8864606366134784,-0.16179056157859323,-0.21604832603175464,-1.0,-0.19578649020556887,-0.005391593009870359,-0.46186579530887834,-0.09645722131643,-0.014218181219951295,-0.6940004188422081,-0.15093651252603474,-0.04840273056663304,-0.8386723858043615,-0.18723722655862707,-0.08661185554656907,-0.9668801190899119,-0.2099379212275483,0.05607350102731945,-0.36768565669967457,-0.13869204740131802,0.07040439615358793,-0.5224898701989322,-0.18094715976618916,0.06801072627327809,-0.6377461753970665,-0.19094172359894218,0.056425203985492584,-0.7463463576067658,-0.19594815518337957,7,pause track
0.0,0.0,0.0,-0.13784670567750737,-0.1196855587756933,-0.01784111442824543,-0.23142824290864805,-0.2706522191187221,-0.04677467490564969,-0.31048902478161766,-0.3741428894547297,-0.08453463605308527,-0.39575104912710446,-0.4543865177965184,-0.12570900371339339,-0.13517854565373702,-0.5059974107927818,-0.010348713844283791,-0.2401837754430976,-0.6263168160357374,-0.09178557553587101,-0.3331629361280699,-0.5852998327312533,-0.16754968162219822,-0.40397637465174585,-0.526163958956106,-0.2113089544068103,-0.0758536299497571,-0.5211501221989269,-0.045543073689376164,-0.12118688529402803,-0.7574776646961084,-0.0968447684558282,-0.18065313764009397,-0.8911334220125314,-0.14883639328677467,-0.2346465149453213,-1.0,-0.18564121661374805,-0.008647445031611146,-0.47410648220325924,-0.09035644635418014,-0.01613973267692045,-0.7095419691986201,-0.14210538860898775,-0.0527275747899911,-0.8526291395456366,-0.1820696446722852,-0.09469566139877239,-0.9763924439273839,-0.2086782969656863,0.05334407388025462,-0.37902862250484115,-0.13686743986514913,0.07223336581147805,-0.5303898244734571,-0.1770256724076274,0.06888821328021774,-0.6435523246930793,-0.1888376793278964,0.05299178868581832,-0.7501232664577123,-0.196255920917699,7,pause track
0.0,0.0,0.0,-0.14312331390273436,-0.10600366083748698,-0.025553304745181412,-0.24468170426065164,-0.25811562614401173,-0.06068750963943953,-0.33094917067950774,-0.3632080200501253,-0.10371367054732722,-0.4152910365802146,-0.4526092759989862,-0.14977281419295815,-0.15300092928951592,-0.4980374531835206,-0.026576026577852976,-0.26568240826786066,-0.621919968460477,-0.11982368575388294,-0.3614775140097435,-0.5733432457548365,-0.20369345850035586,-0.43403857959505504,-0.5043025541381544,-0.25081137970786904,-0.09281293120441553,-0.5126571484892005,-0.05894045942964538,-0.13464526484751205,-0.7499379910450283,-0.11359459476799125,-0.1964739939736983,-0.888625383683929,-0.1657609727917022,-0.25513221255385654,-1.0,-0.2027148462393663,-0.021182168905409592,-0.46520728788262794,-0.10191737503326116,-0.03139016079524654,-0.7005063219847372,-0.15487897848008045,-0.06976362253949481,-0.8491180760890992,-0.1914023374392762,-0.11395916758187603,-0.9781746501084171,-0.21554979878928043,0.04483613528202529,-0.3694798794739658,-0.14751756933925086,0.06091070372560615,-0.525959167581876,-0.18899488622697577,0.05899039734166878,-0.642649545211343,-0.19817122595269457,0.04671025879305004,-0.7523329672495846,-0.20294607036710138,7,pause track
0.0,0.0,0.0,-0.14476974144206037,-0.12397162602320887,-0.007347487001747707,-0.2453268777033929,-0.2722877883465049,-0.03084811606492454,-0.323705127945827,-0.37503330138575086,-0.06494719573423553,-0.4001429268291622,-0.44894008621280224,-0.10130810212564409,-0.14723899162207815,-0.4871110316589886,0.0021361810268233057,-0.255338280097874,-0.6094315613842677,-0.08579285737649785,-0.3535430608393754,-0.5780927010539223,-0.16848928471684313,-0.4261570450943715,-0.5182178424964611,-0.213555818982637,-0.09249858149689104,-0.5052989708702856,-0.032153618736973366,-0.13379251730639036,-0.741401391905496,-0.07895673531715973,-0.1849187620170429,-0.8846098556443375,-0.1262986581244932,-0.2309376343608972,-1.0,-0.15968473813437542,-0.030235374738183145,-0.4747243297695142,-0.0764764345140336,-0.038725080505080625,-0.7016909165998464,-0.11896610075422506,-0.07071246153621984,-0.8431773860701146,-0.14619236227596083,-0.1047537089316437,-0.9636384751542847,-0.16386135715804076,0.027762427424726906,-0.399938497097859,-0.12295602813165041,0.05213958549044759,-0.5517434485164382,-0.15041016627873846,0.0601288733725273,-0.661159242713983,-0.1492217689491127,0.05833554617643547,-0.7625476903028757,-0.14702269495055198,7,pause track
0.0,0.0,0.0,-0.11232360003947411,-0.14664524830316122,-0.009683959097136471,-0.19220956370135636,-0.3001765370234323,-0.032012194432776114,-0.2584618252393118,-0.39916227151613504,-0.06631786116157797,-0.3297109617430016,-0.4765148740666016,-0.1050336022881254,-0.07366177260715578,-0.5028772245309707,0.014520837042349707,-0.162716696455005,-0.6206070241998267,-0.06244553251762354,-0.2519540784438426,-0.5927207535170341,-0.1389761482590242,-0.3245095889209311,-0.5484316713999057,-0.18306707853238247,-0.01140012500137063,-0.5223182271735436,-0.02094955085938167,-0.04432438952181493,-0.7499860744087106,-0.06935869083076293,-0.09838090329937828,-0.8844278994287218,-0.12196812185522592,-0.15133543130955382,-1.0,-0.1588266674533136,0.05518481562297832,-0.48660533558482,-0.06673317547423491,0.06401780721279839,-0.7089786072215705,-0.11458975833150307,0.030744635357843837,-0.8412778648888694,-0.15204423288714514,-0.013078432877553482,-0.9577078696038334,-0.17596106585680488,0.11396067939341441,-0.4033160451320738,-0.11427081294833001,0.15206307086700513,-0.5416193160012719,-0.14381537346982695,0.15692365047862367,-0.6418177830897268,-0.14870390020805874,0.14033399489029486,-0.7365486463667364,-0.15194656186005054,7,pause track
0.0,0.0,0.0,-0.11415478042256674,-0.12107633408142532,-0.02973067295337748,-0.20271907519759386,-0.26823838687643853,-0.06179589471194849,-0.2720085408762434,-0.3719351857697981,-0.10199020969119899,-0.3370691248471769,-0.46520821255761363,-0.1432381576997628,-0.11141159791299557,-0.49663840753984884,-0.011092132500447008,-0.19348712267751877,-0.6235126649485424,-0.1001836321259227,-0.2770389333088434,-0.5883095608451335,-0.17977042131895912,-0.33784492110595166,-0.527509772071105,-0.22224099030892017,-0.03959384919154407,-0.5211628908110962,-0.03594621241188133,-0.06025473392989364,-0.7451032883521505,-0.08557798039622307,-0.09840076684211432,-0.8827675194149959,-0.13079387715952945,-0.13443109613651627,-1.0,-0.1611064399389877,0.03706258143392588,-0.4865597143857514,-0.07324803021800115,0.04088829704800225,-0.6972257075783057,-0.11894785257007122,0.022219824246216012,-0.8330293133433971,-0.14632814111163625,-0.001404882304659025,-0.9561561465035788,-0.16232753268900063,0.10843193415259929,-0.4005742132119549,-0.11485807579230047,0.14578035942854192,-0.5384907674734963,-0.14428018191039185,0.16205440216736214,-0.6423714707182258,-0.1451641310324839,0.16694083950844044,-0.7418533931041608,-0.1431269770728579,7,pause track
0.0,0.0,0.0,-0.10840607004116415,-0.12710952800661018,-0.02936131566200799,-0.1840174484023614,-0.27898900530187426,-0.05973519499532451,-0.24017943511754877,-0.38357876279635916,-0.0979285386290351,-0.30512751168761776,-0.4670549071646533,-0.13751045465334405,-0.09772151591286261,-0.4917704411284571,-0.009759020492792675,-0.17436141397637767,-0.6174962317971396,-0.0972151548879605,-0.2547087939368717,-0.5852966055580233,-0.17356870836047564,-0.31108120214429075,-0.525608599209413,-0.21335673264512428,-0.018917849674512283,-0.5198779415219756,-0.03403085079574124,-0.042107652663011266,-0.7426834742293226,-0.08492991734521645,-0.07410479784356505,-0.8805280014722499,-0.12937378717862147,-0.10215928416523389,-1.0,-0.1574281859219778,0.06641588908802251,-0.4893275900643689,-0.07036664382436744,0.0677167189567578,-0.6942778899558651,-0.11733745449827204,0.05472009737774184,-0.8286800056610621,-0.1420587613325099,0.038447579825880304,-0.9519510346151528,-0.15445945628393545,0.14655658423095266,-0.4060476211161354,-0.11080710464276458,0.17498964240490514,-0.5472483828372664,-0.13802883068519173,0.19182569720510748,-0.6475414315480903,-0.13387953079789916,0.20256723562209328,-0.7409561963641221,-0.12723708070235706,7,pause track
0.0,0.0,0.0,-0.09150835650170977,-0.13084499755886198,-0.04012497027454948,-0.15621197469753778,-0.28147036788301555,-0.07907382828156706,-0.20804001477537287,-0.3924624740212225,-0.12360814997868792,-0.26097839065338824,-0.49519060643301105,-0.16890853334528524,-0.06522240549958198,-0.49660459894394404,-0.025140391933543484,-0.13400792660432972,-0.6237957719441087,-0.11867669951099111,-0.2143920668956704,-0.6008844850581253,-0.19959900735292566,-0.2701986889888304,-0.5448814077447498,-0.24211234144782615,0.01384572735362449,-0.5182801582410418,-0.04557024361045856,0.009325802064817125,-0.7418381951149591,-0.09792692028057653,-0.005444720047673134,-0.8815792186272534,-0.14259485729703295,-0.01930669740099445,-1.0,-0.17136116156445264,0.09677335640348216,-0.4768373231933335,-0.07895690256080075,0.11944307612979335,-0.6932397818425414,-0.12874358190246718,0.12697482972061885,-0.8320370926858751,-0.15517790510331936,0.12696270285517344,-0.9594113813542653,-0.16916345521552925,0.17376634004167277,-0.38219150406359137,-0.11701042272304851,0.22272298091934736,-0.529359505049263,-0.15132507868266312,0.2513120662068644,-0.634429577715866,-0.15202338907075436,0.2711145098672666,-0.7338883072035763,-0.1481601790215605,7,pause track
0.0,0.0,0.0,-0.08594107828869443,-0.13844590153468456,-0.0379237541817003,-0.15091669483954998,-0.2875343817998821,-0.07924147535455314,-0.20749026282277297,-0.3989019104842302,-0.12606978000958405,-0.27028508055993666,-0.4970605888688817,-0.17416569060070192,-0.04350908859634231,-0.49334974857213054,-0.030958071126516752,-0.1146803212047257,-0.623764081000546,-0.12490125526266843,-0.19826334125075995,-0.6117822625461226,-0.20584998224735737,-0.26065866024760215,-0.5729868721618541,-0.24952984627752584,0.03424879485352761,-0.505030492007365,-0.05444473953373559,0.035594563915203735,-0.7350890480757558,-0.11129292133685816,0.024566028774549706,-0.8779898925851389,-0.15856994414988065,0.013802536381711857,-1.0,-0.1895186424175748,0.109529399189685,-0.4527795874522572,-0.08995071529852659,0.14532201968377692,-0.6578680212866084,-0.14412576430483393,0.15475546179104088,-0.7886404999828303,-0.1734977333016036,0.15337970614110819,-0.9118684498046277,-0.18948377394020186,0.1749729516137379,-0.34644182529330025,-0.12935696150486042,0.2348612467359357,-0.4793385152092459,-0.16526782044649832,0.266715467420781,-0.5760285762512992,-0.16698544436244686,0.2844527762018697,-0.6726988074527313,-0.16474291912413813,7,pause track
0.0,0.0,0.0,-0.08840183439679661,-0.13994368080010397,-0.040800092879613545,-0.1571966654082523,-0.2938914091558928,-0.08184392051191725,-0.21755426138297676,-0.409058107798662,-0.12839949085212235,-0.27627773411148726,-0.5135771356426269,-0.17700479383085102,-0.036507962049523765,-0.5008893482445119,-0.024660683132678607,-0.11451933729011815,-0.6202479282580038,-0.11810132401113435,-0.19989082739712463,-0.6191698178599941,-0.20173370352827458,-0.2635087480427531,-0.5944398715179572,-0.2483049627884507,0.0407951528354551,-0.5132407057847864,-0.04834131110722976,0.04388911925435855,-0.7372953168419163,-0.10512797196662362,0.03024625724877614,-0.8801482865966493,-0.15590028767596703,0.015958757016691527,-1.0,-0.18930639242967884,0.11522512207650747,-0.45976692515735335,-0.08477021353266871,0.1496744007575242,-0.669032980771016,-0.13950460816315904,0.15481541536957155,-0.8045000897393845,-0.17069549621172972,0.15169075189226322,-0.9303741203993093,-0.1876350273389183,0.17781766194864432,-0.35364793692249613,-0.12558484600347247,0.2309961071673918,-0.48900191237722723,-0.1633711997375592,0.2576560072781735,-0.58913918269082,-0.16665436153457489,0.27185191144888876,-0.6885115021135172,-0.1649578384715531,7,pause track
0.0,0.0,0.0,-0.09073212770124699,-0.14469256381798,-0.03456886463235095,-0.15339374551152316,-0.30779343213422994,-0.07020612225460074,-0.20682091793432134,-0.42524358555852976,-0.11303379738680679,-0.25250088137363713,-0.5304190115557876,-0.15870351077715739,-0.02053639746686688,-0.5057807664686296,-0.010307481242979663,-0.08847398315597049,-0.6251043938107984,-0.1011921182068107,-0.17005366586146112,-0.62871423908076,-0.18608837726537308,-0.234620356466671,-0.6055893451720311,-0.23416025818200167,0.058728993928314946,-0.517356401384083,-0.037718253383411865,0.07203055428608736,-0.7443883266958282,-0.09409057253859891,0.05565502382973167,-0.8832996017496899,-0.14886739730846246,0.034955409022654566,-1.0,-0.18491208621621202,0.1367210289221127,-0.4650602598420056,-0.07794968333052944,0.18131122282431286,-0.6894357902983613,-0.13184213942506492,0.1909441796696481,-0.8314437553045636,-0.16770178067335115,0.1904874322648038,-0.9642151857413331,-0.18840916462582225,0.20233910034602076,-0.3600180191943592,-0.12211677708256966,0.26082862179277927,-0.5021205196840113,-0.1581490288289952,0.2926003786642293,-0.6043428869883136,-0.1625644822467663,0.3119349742116602,-0.7049949729059215,-0.1626974880573036,7,pause track
0.0,0.0,0.0,-0.0929576661627765,-0.1198831365423787,-0.035228559477549444,-0.15681142413802213,-0.2675094423821772,-0.07083248414461703,-0.20357197882353373,-0.3663134203853962,-0.11205809704605396,-0.24674784190003304,-0.4622060135660593,-0.15396760254747263,-0.04598418539949667,-0.49206379516406684,-0.02674109942407727,-0.10646120782448404,-0.620248956099822,-0.11246236068149731,-0.17755366770400555,-0.6028868486234225,-0.1867331885924963,-0.22841291859658172,-0.5605922483921335,-0.2265774550085345,0.03311654459166455,-0.5038822387999967,-0.05161935112441233,0.038948469534960554,-0.7321175446118062,-0.10039064226080194,0.03058602017356876,-0.8745405021236368,-0.14457964534823006,0.022516801934017505,-1.0,-0.1740625665318375,0.11018244416641403,-0.4539960653144204,-0.08808945283061985,0.14341931553421294,-0.6660262317603572,-0.13726717789858486,0.15527699616236057,-0.7995426536187101,-0.16735142233667583,0.15866916492955782,-0.9246424790664107,-0.18461627111861573,0.17798815199782994,-0.354458878716626,-0.1283438193846938,0.23936160890501848,-0.4917603624242497,-0.16381584236292276,0.279170676469288,-0.5858412528842459,-0.16702309045554717,0.3086528292617978,-0.6777170243816054,-0.16539058634808804,7,pause track
0.0,0.0,0.0,-0.08658286809290944,-0.1237802527660192,-0.028508871854638265,-0.13142964423774886,-0.25702284432309574,-0.060594034134463355,-0.1508924604751319,-0.35243954841669894,-0.10006443084380617,-0.1645895054060681,-0.44684956907097306,-0.14064337295222532,-0.023235451441685595,-0.48448016210516603,-0.014162914230157623,-0.08254858151236114,-0.602921647821024,-0.10225905705053827,-0.1506426778211076,-0.589430956810529,-0.1822177704190084,-0.1927912078663733,-0.5427857995054519,-0.22490824924911926,0.058523050811888036,-0.4991248166080109,-0.039632884441013566,0.06711897288077895,-0.7239089744533846,-0.08665496640101435,0.061469730847051825,-0.8733639708212859,-0.13477103603049173,0.06034274172338702,-1.0,-0.16796363733880257,0.1442192714061172,-0.4519102303799906,-0.0766033725260303,0.18930773789437538,-0.6696689139013218,-0.12431926896657354,0.2080705692643793,-0.8060049260592093,-0.15857945678101038,0.22215631484806822,-0.9273620712862432,-0.17912030366289475,0.21892127881166037,-0.3535419908648603,-0.1165775408590386,0.29381399500380745,-0.48975877631315945,-0.15051326073615415,0.3357788295983274,-0.583065005800838,-0.15470713442543588,0.3694684673676226,-0.6723455805059474,-0.15373792849959866,7,pause track
0.0,0.0,0.0,-0.09231162774867385,-0.1314166336670036,-0.04703957035807708,-0.1550823893088655,-0.2821101128075249,-0.09115702475776503,-0.19006644412378196,-0.39190363846271453,-0.1394567728303236,-0.17687783389671366,-0.4813584768255927,-0.18711908829107543,-0.0170037854620322,-0.4952080707541589,-0.03733449972574231,-0.06317702207799013,-0.6344028105448375,-0.1341555153945946,-0.1351253816120655,-0.6255261262789508,-0.21360999551078944,-0.18528288859871994,-0.5840437940194346,-0.25408765010183043,0.07484350596343979,-0.49910239115648647,-0.056109031688774756,0.10097977935515867,-0.7255134846617746,-0.1099910506563328,0.10924707284434766,-0.8706965152896038,-0.1526970350709476,0.11821397719862844,-1.0,-0.1791983250291276,0.16246233851549596,-0.4410109187916559,-0.08857237285603903,0.21486454291099708,-0.6569472979623766,-0.14190612836446162,0.24324929539191445,-0.7955059050938694,-0.17015990639819314,0.2646476635428186,-0.9244142042074975,-0.18401466637224,0.23280969666061418,-0.33192780880256334,-0.12588779140161557,0.30613188664251073,-0.4677676578811029,-0.16356286631940453,0.35419029091386467,-0.5636653990834287,-0.16604177467254216,0.3951118540012069,-0.6598943074365664,-0.1619868341502705,7,pause track
0.0,0.0,0.0,-0.08942074141602092,-0.12812747809906777,-0.05444123593822499,-0.14631226281172977,-0.27991113932085054,-0.10356115105879311,-0.18444943544474726,-0.39307032215661164,-0.15631649520117435,-0.19928633461643608,-0.49506979602928614,-0.20864074682034614,-0.012960161193684625,-0.5004988436329499,-0.04476203209809276,-0.0575020788544867,-0.6429360076600663,-0.146154456536517,-0.13456832990409442,-0.6356731158438439,-0.22812661413907043,-0.18952474522324983,-0.5967869311926992,-0.2698435327975598,0.08184944885583595,-0.5020715245394418,-0.06142574670768213,0.10709242982050587,-0.7278784227799558,-0.11618398197129826,0.11687057946490842,-0.8691889467653079,-0.1577452580228131,0.12674157510793346,-1.0,-0.1834284939447671,0.16922567794546464,-0.43944011148035345,-0.09290817560244281,0.2190495013056808,-0.6564584029565207,-0.14728359079644615,0.24805898924370962,-0.7956093072955508,-0.1742348736593824,0.2695056004869257,-0.9292806688386839,-0.18758572782899574,0.23800175864438328,-0.32589054108313276,-0.13010538430423044,0.3095933535296004,-0.460793876724947,-0.17098377057018968,0.35647868247727243,-0.5580481599253323,-0.1751424806243526,0.39572620638036615,-0.6576871193008642,-0.17193342292707994,7,pause track
0.0,0.0,0.0,-0.08416589550976614,-0.13096721927824023,-0.055323218784589616,-0.13613738191603852,-0.2846929035969487,-0.10630909833167723,-0.172612385120963,-0.3986112712077125,-0.16025743737282847,-0.19996466503421997,-0.5044489199673798,-0.21400774103269063,0.001305400755608079,-0.5004346847162269,-0.05271900302287872,-0.04837119812466133,-0.6479484712779515,-0.15632487383183397,-0.13104020537371575,-0.6418227563643336,-0.23985266281637385,-0.1912814742437186,-0.6055392406645128,-0.28257634297999196,0.09418572833659572,-0.49507922896519185,-0.07055723987945646,0.12085016143123847,-0.7284330127690656,-0.1294747773070494,0.13065130529302704,-0.8717917089950111,-0.1738609615508865,0.14026203893525407,-1.0,-0.20091996730790046,0.17764357792383376,-0.425985635474582,-0.10247091510372038,0.22900020360696746,-0.6431723258271668,-0.15966442534708997,0.260564939311119,-0.7842261696358451,-0.18913936176031085,0.2850893446764319,-0.9187155739938961,-0.20386112516362823,0.24230171751633972,-0.3079523064144813,-0.1397899799471531,0.31581918408547616,-0.44390277928897,-0.18079617238643997,0.365050325394098,-0.5387884739065283,-0.1843849976765799,0.40606150869531027,-0.6346687724008062,-0.18108168672026276,7,pause track
0.0,0.0,0.0,-0.08344358803835945,-0.1325557787961969,-0.05190771848526577,-0.13607411493249386,-0.29055243684958054,-0.10063835801342785,-0.17461644058374395,-0.408564859209829,-0.15282178271995406,-0.20315507637152982,-0.5163150851666949,-0.20507167426606088,0.007264114808237849,-0.5012714632010403,-0.0487543464133183,-0.04446825717970175,-0.6441504859220634,-0.1502433859521232,-0.1276492868514984,-0.6381861971013773,-0.23283685011263602,-0.18721383974323305,-0.604056850909527,-0.2755359447184662,0.09879649943787658,-0.49537956701640234,-0.06846804045961825,0.12471144241246838,-0.7265414093981849,-0.1256834497791977,0.13632019587070243,-0.8708010245178731,-0.16951973173933096,0.14869771590428396,-1.0,-0.19683991572467524,0.18026090522129187,-0.4246584445199585,-0.10206660158169331,0.2339535509398347,-0.6419984257302878,-0.15960557036209888,0.26609723195410956,-0.7817572718132788,-0.18941577064659115,0.2904473594786001,-0.9154964541114425,-0.20441559911926319,0.2430388267638817,-0.3041625225484153,-0.1406284350899755,0.3172812567361618,-0.4393790008411592,-0.1832354519353097,0.3674439510820268,-0.5343019540069054,-0.1879172025621273,0.40872693227560847,-0.6314299112325819,-0.18535744419686107,7,pause track
0.0,0.0,0.0,-0.08303328146502584,-0.1329360718871721,-0.0491969405054381,-0.13594404111846023,-0.2926445957337001,-0.09533746897594585,-0.17335373445121893,-0.4133234004587575,-0.14529899102122573,-0.19693619180976848,-0.5270967515699019,-0.19520268487811043,0.008246016923541046,-0.501417254880756,-0.0421526632692899,-0.04338815598396357,-0.6467631740191978,-0.14081810529113134,-0.12604721470400934,-0.6458546532778084,-0.22164817711352383,-0.18424179607644317,-0.6150511424367254,-0.263428788092384,0.09799121620518328,-0.4993989147540396,-0.06170623249902546,0.12257160088367963,-0.7290442624131264,-0.11731418819886884,0.13007532905770017,-0.8721127229576553,-0.16076765080322894,0.1378986723658453,-1.0,-0.1876827116090713,0.17857759487202413,-0.4329968630069038,-0.09490374501527725,0.2315033448500071,-0.647746111014596,-0.15030674650654685,0.26335269851271886,-0.7853374817271959,-0.17931755841196967,0.28825858738141247,-0.9171112680931209,-0.19390863172723788,0.24101283198549794,-0.31654532980453953,-0.13297507881687975,0.31508109631738584,-0.4500828884642225,-0.17406291428896659,0.3633365571453925,-0.5444654517187076,-0.17852936179351922,0.4033063837635512,-0.6403526687997542,-0.17576951924011017,7,pause track
0.0,0.0,0.0,-0.08724754005799117,-0.13401698397465053,-0.047565919454690776,-0.1423655273864842,-0.29214465605486717,-0.09226372326244041,-0.1799594051033738,-0.40889293055646014,-0.14078050680584417,-0.2038451042565434,-0.5196668871701934,-0.18907185565767387,0.0015622737663419756,-0.50271197807811,-0.04245551137425022,-0.050780760107413385,-0.6469498118543342,-0.14156653840979472,-0.13118632153289603,-0.6429239628843584,-0.22350127116005858,-0.18797557847189442,-0.6119193549168429,-0.26599261137295843,0.09285988409301194,-0.5013020293680556,-0.061545384974057316,0.11859851259695921,-0.7303480492973401,-0.11596334733442826,0.1319622104680147,-0.8720972791946041,-0.15848171784386675,0.14474352066803417,-1.0,-0.1850608254128073,0.17665884946678156,-0.4360057140734896,-0.09421713736214281,0.22853548877773405,-0.6536190118894282,-0.14876672313756614,0.2597403261478608,-0.7910816101673477,-0.1763784654078769,0.2822717855779929,-0.9220765834404901,-0.18990454690232028,0.24273293757525424,-0.32082428847243805,-0.13168106108335242,0.3155112120391696,-0.45556037589302584,-0.171835357147822,0.3638698422762854,-0.5489700834665954,-0.17511535832120934,0.4036630139154052,-0.6442558651874809,-0.1713170213555783,7,pause track
0.0,0.0,0.0,-0.08374888412830697,-0.1338712461440875,-0.048433438419861335,-0.13690064585541692,-0.2905682235746228,-0.09369685264043488,-0.1753162827785655,-0.4089544004261227,-0.14340946604106114,-0.1954832478934778,-0.5124400500249383,-0.19272007442013242,0.004577324216454223,-0.49968575570590335,-0.03566671794955914,-0.040269069360360635,-0.6455401136680119,-0.13297938321240715,-0.11735634508735833,-0.6425181266274783,-0.2127046183396774,-0.17282086010278197,-0.60871264146288,-0.2531686012312332,0.09207728450571781,-0.5010375091731801,-0.05406346943924123,0.11593628915346241,-0.7301261001197675,-0.10552112151283,0.12427369063112538,-0.8728168360814927,-0.14512763378238858,0.1330529402358712,-1.0,-0.16941008724934767,0.1739952389474431,-0.4390162221005603,-0.08684054580775263,0.22423143840758888,-0.6531333359454173,-0.13813736112582503,0.25477931949564186,-0.7916864779118294,-0.16341987157769086,0.2790833491293818,-0.9219805809204208,-0.17556414280096155,0.23934110887201387,-0.3266223953727991,-0.12504216668088053,0.31165806620362185,-0.46122458380500864,-0.16224056198325926,0.35984016163858146,-0.5538321390108744,-0.16411988912983635,0.40109035092642503,-0.6468730707200563,-0.1595333983517283,7,pause track
0.0,0.0,0.0,-0.09130440548849225,-0.13765500375324596,-0.044889082381861574,-0.14597156020975738,-0.2958488834424825,-0.08824049893380889,-0.18135498810366915,-0.4136268026853613,-0.13693920512494062,-0.19151315492815782,-0.5119350569087576,-0.1854629974550565,-0.0023954462383987563,-0.5061545276347654,-0.03178917019521783,-0.045441066081001145,-0.6510154983859716,-0.12930735080923825,-0.12206298556790723,-0.6456585686737912,-0.20983764434490204,-0.1774155387035254,-0.6085772943207951,-0.2507411454735283,0.08849305185314861,-0.5061433872580615,-0.052309062315921154,0.11642595495574352,-0.7327450153445427,-0.10506390174861073,0.1246289856687011,-0.8733341821239393,-0.14654405828416578,0.1322211523923959,-1.0,-0.17182477256798545,0.17193155564750787,-0.44380263496433753,-0.08695647105103747,0.2227430790409727,-0.6589485075873923,-0.13824085535955163,0.2527839005641805,-0.7976674173158589,-0.16465267430455796,0.27590071271886196,-0.9297193420811816,-0.1774021557465471,0.23784067669831063,-0.33211187060187214,-0.12674717785488993,0.3099202402077415,-0.4708501433660383,-0.1629524074660112,0.35647242624142256,-0.5667759484571905,-0.16457838854859058,0.3951921317110823,-0.6635306506245242,-0.15990140310800194,7,pause track
0.0,0.0,0.0,-0.08670899801765894,-0.12912772782446755,-0.049357892293666265,-0.14151104289247038,-0.2835342519689184,-0.09526378853448228,-0.17755638302240162,-0.39674219143961337,-0.14487549563753768,-0.19196520217667995,-0.4980726654854735,-0.19404798931310122,0.0009324793370158766,-0.49686962765044684,-0.04363402888938765,-0.047361949368714386,-0.6402111514316966,-0.14089913450195,-0.125135674032806,-0.6341651691201164,-0.22072517565210784,-0.18039987914351918,-0.6000732192355511,-0.26205124259480733,0.09095292387410292,-0.4975502349226803,-0.06295404076974816,0.11386485971489241,-0.7266335364101204,-0.11595448977052404,0.12392052949456094,-0.87116704407998,-0.15840300930495288,0.1340330481415158,-1.0,-0.18574688678722182,0.17303031834312924,-0.4348935715511424,-0.09592770796647787,0.2216742623069902,-0.6511735080067419,-0.14840951797387875,0.25235185869477106,-0.7884653648276058,-0.17694671174008464,0.2747463645675749,-0.9181863211097742,-0.19244765093074626,0.23899184850408522,-0.32141481039323627,-0.13407848767764352,0.310455085710195,-0.4577418156054352,-0.1726227270187441,0.35839420899538577,-0.5519890787009403,-0.17653567600636053,0.3974572764970991,-0.6473743718989733,-0.17441353213556324,7,pause track
0.0,0.0,0.0,-0.08634678924984318,-0.1299727329559747,-0.047338877481380305,-0.13884009454839555,-0.28463678790188107,-0.09286500741457658,-0.17562486533646512,-0.39985596972073834,-0.1434041491289084,-0.19642407948518462,-0.49968184910678937,-0.19404491869319823,-0.007954833717732495,-0.4977392446954508,-0.03650323087617505,-0.05637002302149416,-0.6365745630002452,-0.13502369903693917,-0.13291887921729043,-0.6357392510637756,-0.21542257242721238,-0.18690078043820443,-0.6031522677073925,-0.25618610339266107,0.08445592747751716,-0.5015575861077117,-0.05673892705480868,0.11186121722037481,-0.7302908307798119,-0.10958220828640024,0.12265022082166249,-0.8724443116530791,-0.14974351795362342,0.13234440325081753,-1.0,-0.1737549549342733,0.16891105891443411,-0.4407918268919497,-0.09122760994460588,0.22097423694201535,-0.6560871101921855,-0.143989869168859,0.2527654450450718,-0.7921397359055705,-0.170024410166542,0.27563569148862777,-0.9219492805385056,-0.18225363363955038,0.23547915806500574,-0.32902321572806403,-0.1309130200063468,0.30905161845667894,-0.4622934141969065,-0.1695522585855523,0.3573328075927414,-0.5554304297663992,-0.17188600086263175,0.39695254430496635,-0.650555954755175,-0.16733510308804284,7,pause track
0.0,0.0,0.0,-0.08474101570612032,-0.12820967096421879,-0.051851731722644845,-0.13915507496337962,-0.28220651112164336,-0.09919513266699061,-0.17893689358884013,-0.39795238806282873,-0.15035446654862408,-0.1932468907483236,-0.500190826484223,-0.20064259928959524,-0.003921026744616876,-0.5011525177028363,-0.04128117197247238,-0.050138962524542884,-0.6398270122778741,-0.14068174192569535,-0.12718273538824768,-0.6336510768899447,-0.2207261584806819,-0.18179199727565024,-0.5969365387231892,-0.2610277273157333,0.08757808436731937,-0.5037394829941644,-0.05872950394478013,0.11273508854799744,-0.7297141103653392,-0.11219954647428795,0.12327523491283911,-0.8715309429321397,-0.1511467976048586,0.13373051056892285,-1.0,-0.17436379330907464,0.1714035573027134,-0.44134969888137754,-0.09092071098793503,0.22179951894221392,-0.6543231945546953,-0.14461901345441044,0.2523956746704165,-0.791199756208889,-0.16986463458997522,0.2739061558051167,-0.9213060222928829,-0.1813544377721494,0.23693780117498192,-0.32822447029405843,-0.1286673731157869,0.3088365525412014,-0.4615810193025166,-0.1690158611971546,0.35671715854988845,-0.5570056659154725,-0.1724055508912779,0.39622447347671,-0.6539168760365167,-0.16826291545420302,7,pause track
0.0,0.0,0.0,-0.08756102952050449,-0.13332329757387282,-0.04906218625508433,-0.1469582372824577,-0.2898522570122661,-0.09316848359917712,-0.18739713567410354,-0.40801775905378335,-0.14127465031717104,-0.19518845407076377,-0.5114346701212295,-0.1882553885497572,0.0005374785260367002,-0.502600198135575,-0.03575590717810564,-0.048891198762633266,-0.6427607102137352,-0.1325590354926228,-0.12713487371639898,-0.6385377403745494,-0.21239179863845176,-0.18373072643880192,-0.6062593455801403,-0.2535592447991642,0.08949494510457244,-0.506568475241269,-0.05367428885756172,0.1143925512049007,-0.732630936182641,-0.10692941968375738,0.1252086439692418,-0.8739745370873434,-0.14823502041937148,0.13599452344365778,-1.0,-0.173655627844314,0.17202731705455407,-0.4461792644601071,-0.08585422543085518,0.22151907121166423,-0.6557495095640964,-0.13864388275914166,0.25039502551432824,-0.7923907034236958,-0.16512431574473946,0.27013384487436837,-0.9205112194666877,-0.17789892208412375,0.23765111282967602,-0.334820233575234,-0.12350945117713669,0.30940926657503737,-0.46478747070768534,-0.16194643751807936,0.35511296325056835,-0.557931863200584,-0.1650567168213927,0.3910439857796115,-0.6522969786180017,-0.16135828878706404,7,pause track
0.0,0.0,0.0,-0.09145437197482573,-0.14539491028020624,-0.04102893671675927,-0.15224597234470494,-0.3029404325873746,-0.08141004092794905,-0.18489142493151747,-0.4189347639611332,-0.1271533940756023,-0.17547743723495224,-0.5100176508923804,-0.1717544658420699,-0.00023712950188084375,-0.5057113149044992,-0.03346607841301137,-0.04742349161147696,-0.6599517444140077,-0.12544267768221892,-0.12532133590089806,-0.6483880680502789,-0.200791237642394,-0.18178331555754204,-0.606504467589402,-0.23912527241692694,0.09244437426315219,-0.5052333089334391,-0.054090375438454616,0.11973086069177045,-0.7365815079134611,-0.102282890269085,0.13071723645103317,-0.876225626312275,-0.1408972701259241,0.1412694992847307,-1.0,-0.1657413695222609,0.17640534692233473,-0.44497939837087214,-0.08780263477944336,0.22867473781265432,-0.6588841263745013,-0.13572728326707367,0.25822867473781264,-0.7951112782377477,-0.16222052500935996,0.27954543933860676,-0.9195368213138205,-0.17630877077294504,0.24347445571954485,-0.33450649095174306,-0.1261797094953095,0.31732102543789337,-0.46711434004531155,-0.16106127354636995,0.3643749054894409,-0.5586947707056744,-0.1631697957558495,0.40210713382427526,-0.6495418663376472,-0.15954866968512016,7,pause track
0.0,0.0,0.0,-0.08659477974866825,-0.13517479632960158,-0.052768722903699765,-0.14697805293787472,-0.2900093766725874,-0.09995195929089198,-0.1768199312268723,-0.4092799459503935,-0.1505221002912822,-0.17061362216272832,-0.5009337297622866,-0.1997436742145195,0.002034463684470215,-0.5052850706699148,-0.038278523807586014,-0.04494692933660245,-0.6440416310142203,-0.1331406756208846,-0.11530700388291461,-0.6458612974784002,-0.2123909467650369,-0.16777563765039538,-0.6143211362365626,-0.25355132832745175,0.09856232500204343,-0.5075951591060851,-0.055753014261601085,0.13126228261285747,-0.7367840647074589,-0.10733753157069971,0.14400863750946016,-0.8758254825537679,-0.14936274519345985,0.15788383190637556,-1.0,-0.17608003335547182,0.18554297940309183,-0.4444089315454022,-0.08755910501872191,0.24101280012208953,-0.6613915981429137,-0.13866641727549664,0.27061299759432544,-0.7980659017423558,-0.1672179677937119,0.29399683859767556,-0.9256706574777267,-0.18197706225642424,0.2546118266643458,-0.3286617427142059,-0.12503057853579966,0.32869650130358286,-0.46711362229850406,-0.15980361105707638,0.37728547908334,-0.5604477666655895,-0.1617211888015861,0.4174093825924097,-0.6543934449645259,-0.15816632535532082,7,pause track
0.0,0.0,0.0,-0.08909365552203741,-0.1335687313819777,-0.048130639849445926,-0.14716245518628848,-0.28715027540516924,-0.09215894476005167,-0.17023658975010908,-0.40030427247180717,-0.13997837742318245,-0.14653542406622602,-0.48854190144480847,-0.18651901807467305,0.00458240671142579,-0.5014788941158445,-0.03301593751366479,-0.03361874953506989,-0.6287723180332929,-0.12920373480871528,-0.08569647363693593,-0.6300335970990582,-0.209179312793178,-0.12169788591419972,-0.5998614369477047,-0.2507526696052508,0.10362723208089951,-0.5031978864693402,-0.05330169492437323,0.1450282177882539,-0.7320764583816768,-0.10784655419210969,0.16389494300373164,-0.8735451157079206,-0.15249449557871725,0.18089861692312303,-1.0,-0.18028430525437092,0.19309421954471823,-0.43837080716308807,-0.08779522000922645,0.25560858380344476,-0.6546829426440006,-0.14338942047099226,0.29007753091299504,-0.7894135829540799,-0.17572273365735402,0.3157921909505448,-0.9170348172977318,-0.1920895921065359,0.2630671731027798,-0.32142381308199536,-0.12715401754173825,0.34546999854553206,-0.4567268031794003,-0.16625243686262384,0.39758991332037263,-0.550449497209309,-0.17187600945778325,0.43978003115448117,-0.6476040694014364,-0.1704415265766488,7,pause track
0.0,0.0,0.0,-0.07709651311133053,-0.12714926863154583,-0.05794898566972612,-0.13254797147925168,-0.27240908137675524,-0.1093838259122486,-0.15528117709252642,-0.37974581232578664,-0.1627046777091038,-0.127599547372928,-0.4779286959447061,-0.21334216072466614,0.019130429558819675,-0.5077926347614096,-0.04636863101855698,-0.01589410230420384,-0.6371263969836513,-0.1470122826685596,-0.07638491432416138,-0.6366381626661307,-0.2283154989803917,-0.12168639628461331,-0.5920026781891422,-0.26905005816050753,0.11376187272266543,-0.5095918382950464,-0.06098099024159814,0.15261090673959962,-0.7358147178071179,-0.11667669803253992,0.17162555813811242,-0.874880945099307,-0.15695048266222458,0.1904938484660486,-1.0,-0.1809211014964914,0.1987258395008869,-0.44508538093199235,-0.09083650254493911,0.2645391701545748,-0.658511223928069,-0.14499683133580007,0.2996458935889482,-0.7930219628985609,-0.17143367516853775,0.32491092727383936,-0.9191016488557623,-0.18376573881048178,0.26470355329727463,-0.3265230835437729,-0.12678807887551416,0.3482314886013124,-0.4592892313203953,-0.16593962258886927,0.39951001808760694,-0.5523784220092098,-0.16877110174224694,0.44103724124673416,-0.6452928532107687,-0.164316612116407,7,pause track
0.0,0.0,0.0,-0.09290711597301902,-0.11776526807134662,-0.05834275595665046,-0.16244002294774174,-0.2614643636347832,-0.10981179477277733,-0.18919283056917352,-0.3733090708772296,-0.1627932134989821,-0.1554106472306248,-0.4632116298981259,-0.2133264775381758,-0.019131810437745558,-0.5044749182921318,-0.05026160874341031,-0.048337212283995686,-0.6445379050624109,-0.15058302448977692,-0.10517579143632001,-0.6258064849101214,-0.232855401661772,-0.14459929461771148,-0.5710684607628386,-0.2754500590591591,0.07910288672160216,-0.5100534904036716,-0.06486806162774153,0.11538139755224089,-0.7359852534682383,-0.1211213433205069,0.13402643771078893,-0.8739292140398456,-0.16557869666194583,0.1536306217621084,-1.0,-0.1941034486046808,0.1675799042105629,-0.44872342321198844,-0.0941567451287281,0.22790682260700254,-0.6627545765098571,-0.15023259810400277,0.26233522608741006,-0.7950080512673412,-0.18072502450716157,0.2888832207677063,-0.9210397217586315,-0.19644197302251223,0.23989109601543757,-0.33362452626821043,-0.12902897506086278,0.3202546417023052,-0.4743801827996245,-0.16976997687321282,0.37214620058412434,-0.5661010678523,-0.17399517753013538,0.4155162915927819,-0.6591195542575015,-0.17134720968739697,7,pause track
0.0,0.0,0.0,-0.08798783772472671,-0.11480954856159421,-0.05702041217852053,-0.1546463003482695,-0.2552550700855311,-0.1082586000619535,-0.18417691975265071,-0.3647538564031813,-0.1604364619238847,-0.16502039159524645,-0.46988254661545176,-0.21102547373639485,-0.01148321140533422,-0.4866901645155543,-0.051252985715128714,-0.05245427273650406,-0.6039037251166256,-0.149959317224768,-0.10835319402728168,-0.6132300953339549,-0.22970997969250392,-0.1489608459855334,-0.5882178220679489,-0.2706509154362166,0.08045831038519032,-0.49847118793407413,-0.06730754592550207,0.10733486061479419,-0.725035547209239,-0.12516115374092893,0.111641196086514,-0.8708881279012072,-0.16898950486732744,0.11484287202033833,-1.0,-0.19589586909692974,0.16465042248635509,-0.44231066437268324,-0.09736062370114283,0.21835104505777683,-0.6571627462623281,-0.1551144497327466,0.2457114414127677,-0.7911540123674639,-0.18586447485653537,0.26360482681116276,-0.9162408304730698,-0.20073396956532114,0.23308631116920997,-0.33141019367226876,-0.13268226001940966,0.3110175488680651,-0.474521067116857,-0.17441729280103424,0.35886688695134694,-0.5703121043659242,-0.18048275266870073,0.39565598540484986,-0.6652558861166862,-0.17870635976780444,7,pause track
0.0,0.0,0.0,-0.08709273698646203,-0.11498965542429221,-0.050132593947213554,-0.15036542946707174,-0.2501203695035118,-0.09583324380107264,-0.18820826393225562,-0.3573868295187175,-0.1447142092930907,-0.19724832228574485,-0.46455118121577316,-0.19278333971087575,-0.02857721189250695,-0.4864805500371911,-0.03650504371480782,-0.08862307575974247,-0.6041882928826644,-0.1334474196120493,-0.1570227889305324,-0.600904880314648,-0.21415778390212128,-0.20281309702502143,-0.564846755218841,-0.25556601835928056,0.06101653588914483,-0.506383698882827,-0.05287939531412758,0.07333434841518631,-0.7329890628359672,-0.10874431176406055,0.0702240313084165,-0.8762977015597624,-0.1515724257205444,0.06470349493367845,-1.0,-0.17713265188146712,0.14885258027977163,-0.45969113391158706,-0.08341807311557345,0.1876619715701636,-0.6806769395693653,-0.13825307719733418,0.2069205777324649,-0.821353652802912,-0.16646109486078722,0.21678881942208236,-0.948231339897758,-0.17891948314914316,0.22175020344503693,-0.3593832143184154,-0.1190200865269995,0.29107660747299147,-0.5067262890082067,-0.15522790994030825,0.3335546966225552,-0.6047734224136246,-0.1575635894930275,0.3648412511432531,-0.6983072138369374,-0.153015300488936,7,pause track
0.0,0.0,0.0,-0.09627195302950602,-0.1187358485730388,-0.04380396089491587,-0.16003828608853354,-0.26137664979977704,-0.0843112469687318,-0.19700283466261273,-0.3687951630825478,-0.12912701451624747,-0.21545567372782112,-0.46319011321649073,-0.17379488434760648,-0.04113419999761473,-0.4863130024763649,-0.03134763833931438,-0.10347393980547887,-0.6058798885623102,-0.12348097102875223,-0.176209387958,-0.5929502136210474,-0.20133922622552797,-0.22447833047481805,-0.5504142880596784,-0.24144192469948933,0.048584356143853986,-0.5078146707683125,-0.050771603814971075,0.05484187830210535,-0.7338350516144078,-0.1027595819374962,0.043680346686012714,-0.8768323742779807,-0.14487168629703018,0.03153730267299727,-1.0,-0.17062523749160538,0.135884656560743,-0.46346188151460455,-0.08330585017306019,0.16951541251052754,-0.6851354921023524,-0.1353401935278178,0.18436751193966186,-0.8256531510785599,-0.16416767952895917,0.1907394762103776,-0.954039946133544,-0.1779180991711842,0.21095639857015872,-0.3654590866910421,-0.12039127188463206,0.2775107038900422,-0.5145558440714799,-0.15557995355970933,0.3158932181502653,-0.6142367002913326,-0.15767580162016928,0.3429309919136878,-0.7107893029358843,-0.1535825136627529,7,pause track
0.0,0.0,0.0,-0.09801419138416498,-0.1168836273659563,-0.03928048232379554,-0.16577777711436548,-0.2594465350224474,-0.07703855696364972,-0.21064269227305454,-0.36562915617438657,-0.11913474940413293,-0.2412480576531823,-0.46263554135189827,-0.16087353883507943,-0.050687353188931694,-0.4840614366226476,-0.03184145105418859,-0.11855443123756412,-0.6109017216046683,-0.12101783225371432,-0.19358661088032655,-0.5971738138561288,-0.19521588495618236,-0.2433022309062892,-0.5551681227737334,-0.23362947832391695,0.035149573765891416,-0.5082764001192152,-0.052161785279645614,0.0321567550381603,-0.7382564828235093,-0.10499514249582166,0.018697529270165204,-0.8793864199170967,-0.14598879034380338,0.0046036667129396745,-1.0,-0.17057729642721123,0.12089047179063106,-0.468404242986032,-0.08449315250770835,0.14870154457309667,-0.6931268661580616,-0.13634455327375053,0.16200876599839487,-0.8333706502750756,-0.16366773814038724,0.16649500873465217,-0.9627263459101378,-0.17658936671640757,0.19767381111955304,-0.3748593773245345,-0.12071612477972796,0.2575428734343677,-0.5216657188163464,-0.15582877032202025,0.29194959127997605,-0.6211006905624459,-0.1573652021059044,0.3152888505436581,-0.7188621218612098,-0.152923164396886,7,pause track
0.0,0.0,0.0,-0.100366709584302,-0.11745787890392179,-0.04536959012488315,-0.1760562814029946,-0.25867247813663086,-0.08867222465960874,-0.2270058969031961,-0.3663309140652248,-0.13552186952120188,-0.2609570632678312,-0.46132186316812557,-0.18293974745520522,-0.06037164460981638,-0.491943897504244,-0.037985610809524964,-0.12596778262569489,-0.6135339808167216,-0.13453090684949365,-0.20571895079950428,-0.5993673920450605,-0.21494688376844967,-0.2623001239284411,-0.5585918693695731,-0.25673964297538804,0.02411026314440528,-0.5156377992801496,-0.058020218021446614,0.01820356025404828,-0.7450845738741156,-0.11443679083719528,0.00032816412025380706,-0.8825569462745583,-0.1568890506215618,-0.016069488375552426,-1.0,-0.18169539044581057,0.11051642881049803,-0.471875882600668,-0.09110728378191797,0.131356860640307,-0.6963939135355387,-0.14682143524398208,0.13949940146482814,-0.841533415952294,-0.17438659315977306,0.142816723605403,-0.9757138449075261,-0.18673427073274562,0.18895267903538845,-0.3733748840369514,-0.12867200887787958,0.24393323543690051,-0.5258289787512476,-0.16656591889557934,0.27608527844700476,-0.6282099024151472,-0.16740126430716148,0.2990713407690398,-0.729060314856638,-0.1620359788194533,7,pause track
0.0,0.0,0.0,-0.1010950983869061,-0.12185715610319223,-0.04267129074505029,-0.1764423760613397,-0.26607114428121814,-0.08472855575950973,-0.23139673592351082,-0.3764209824419867,-0.13150060599552685,-0.26659098923745994,-0.47969718031597075,-0.17839616626967508,-0.056281963904265556,-0.49655865138222527,-0.03365621777181456,-0.12564402666904595,-0.6316678550622277,-0.1291115060445872,-0.20734191027526042,-0.6091720644317832,-0.2093409369918072,-0.2619806142817905,-0.5571053433313514,-0.25089135707901616,0.025466904495734147,-0.520663462122422,-0.05312477455600367,0.017567260564536627,-0.7447186376663161,-0.10846257864968273,-0.002324056850044474,-0.8827142304807591,-0.15143564474521973,-0.02175301216412205,-1.0,-0.17730016502704568,0.1090244834478117,-0.48316764524980427,-0.08564988253629854,0.12975754981076895,-0.7080490743635711,-0.13828798790887117,0.13816254302154382,-0.8512061277723919,-0.16456179237169014,0.14001349097631632,-0.98116936623652,-0.1768010638839616,0.1855371635409739,-0.3921530403557139,-0.12280762055343494,0.2404922731795242,-0.542114814256648,-0.1590681496006466,0.27353316873242556,-0.6471787289440925,-0.16033778655642456,0.2972473459790618,-0.7471044261049142,-0.15535361683504395,7,pause track
0.0,0.0,0.0,-0.10449535906962559,-0.11490393270369278,-0.042448447075034014,-0.18054497349595722,-0.25468693781721663,-0.084828214760608,-0.23493190522892426,-0.35895695430978947,-0.1316932190959488,-0.2756745943019876,-0.4503569050849554,-0.1794171776940075,-0.06981764026761685,-0.49084045019440803,-0.03835811155495962,-0.14365764553562554,-0.6195984445353048,-0.13131500348867184,-0.2250551400767016,-0.5974878308748875,-0.20982337146008037,-0.27754418654960206,-0.5453062518293436,-0.2511968476122006,0.016038883112051094,-0.5175658294522247,-0.05882334883192993,0.009237042614033986,-0.742021558273966,-0.1143043305130807,-0.010842984046496687,-0.8806988824760843,-0.15761284215290114,-0.02873994189666841,-1.0,-0.1842037513576196,0.10322642998017736,-0.4807819086966961,-0.09126793443193834,0.121822450580495,-0.705840303721733,-0.14311713317632951,0.12476993148834516,-0.8470281946128602,-0.1691877827062774,0.12385804519320497,-0.9770779026815516,-0.18210909821117374,0.18117192662144627,-0.38888244854239656,-0.1281899088134919,0.23105300833592268,-0.5382395086129689,-0.16275589525437867,0.26132227518885587,-0.6416449607515826,-0.16198135838971014,0.285410895914514,-0.7406209289672625,-0.15635935841925505,7,pause track
0.0,0.0,0.0,-0.1040834166294754,-0.11751702499376047,-0.039095108917752974,-0.1846926894879654,-0.2632288412430858,-0.07817770103836826,-0.2466092015496156,-0.370865652851187,-0.1220715943553743,-0.28318008072656364,-0.46824087154198063,-0.16598376057144265,-0.06403266438232376,-0.48853906558326354,-0.0325827529647529,-0.13411969809297938,-0.6164826774761084,-0.12499083982142084,-0.21275543637957467,-0.5939918584936861,-0.20206019569327632,-0.26389717752098385,-0.5445701365810838,-0.2424550593642326,0.015515581603785763,-0.5138411754653212,-0.05433860259769662,0.0062144454567026036,-0.7374916242809176,-0.11074893614495658,-0.017113392175449337,-0.8787667990798697,-0.15504531734252766,-0.0389021875841414,-1.0,-0.1824026135313142,0.09803568640324185,-0.4759985393975384,-0.0883250998627554,0.11621059723641228,-0.7000915950196899,-0.14228934307273666,0.12018004261319977,-0.8399865742602012,-0.1716178685896338,0.11865526216461776,-0.9685183614204236,-0.18646154847180202,0.17391816446039468,-0.3833862617306172,-0.12628656356346468,0.22766907272644563,-0.5322332095263739,-0.16343130244389076,0.2577545327240113,-0.6370764345071019,-0.16724144010690223,0.27899646283393764,-0.7381670914462546,-0.1647681594191896,7,pause track
0.0,0.0,0.0,-0.10302668084616334,-0.11367849161716242,-0.046987177402185006,-0.18883686302453967,-0.253879697398213,-0.09033688812989422,-0.2553075507784195,-0.359149691826761,-0.13723644662486065,-0.30302928363994325,-0.4619158477483501,-0.18393520172823943,-0.07896729000303741,-0.4748878281822162,-0.03727026606267192,-0.1477809832520042,-0.5924209100594787,-0.13426464237066787,-0.2256992982524204,-0.5737706648934929,-0.21571684844711095,-0.28068282575989917,-0.5283816245705697,-0.25830897506959066,0.000883476605672077,-0.5046711554219018,-0.055166426162236146,-0.013384253146740847,-0.7283581994265506,-0.11221982312119083,-0.03947505087111333,-0.8739712518971543,-0.15742809511903394,-0.06233936649472677,-1.0,-0.1859072170297203,0.08534413476382224,-0.4720434165646216,-0.08618154167225973,0.09954704021832038,-0.6851866902947958,-0.14046547627141845,0.10127028613788865,-0.8200099348147486,-0.16657292512345132,0.0973366298780591,-0.9440703815081815,-0.17892622024809937,0.16423972516462057,-0.3863739325783103,-0.12223297490311011,0.21386886388297052,-0.5344738808416453,-0.15976503868285286,0.2426344005360773,-0.6392304373651182,-0.16099723747638428,0.2624726000706683,-0.7405019512359219,-0.15644738206648967,7,pause track
0.0,0.0,0.0,-0.10416020538694849,-0.12917266554170212,-0.035563563575907266,-0.18284992226646996,-0.2717933804127358,-0.07483029446108855,-0.24960811203140654,-0.37038367367969427,-0.12085101987247183,-0.3175295798624082,-0.4483661591114696,-0.16997171195356042,-0.07744593085530664,-0.4871531593304512,-0.02400320330712959,-0.16415820383525048,-0.59615053055983,-0.11945959463885011,-0.25026852500502866,-0.5774137276720468,-0.20358875429926013,-0.3108816042535946,-0.5355867469533312,-0.24965308560759122,0.002659735220472901,-0.5136385435441535,-0.05053243532871167,-0.011999896949813568,-0.7380508849930193,-0.11165001305233305,-0.04381342169226242,-0.8800996217859984,-0.16382661691948947,-0.07704537279891242,-1.0,-0.1973989618661164,0.0844575547181627,-0.4782720168209612,-0.0895348098180435,0.1098329199765759,-0.7025612430230564,-0.14648576009682399,0.1056918383261479,-0.841616322356837,-0.17995914218412531,0.09176222754868378,-0.9687381405584725,-0.19781452227086582,0.15736011184908696,-0.38876326895008706,-0.13230807643216116,0.20615586142524353,-0.5414090824867199,-0.17004517546537207,0.22772679215669178,-0.6518129896741731,-0.1743944011522164,0.23732705652005465,-0.7575038371331438,-0.17351104306371812,7,pause track
0.0,0.0,0.0,-0.10749134560425058,-0.1394243094048548,-0.02943000243655991,-0.18675217570464725,-0.2976658767097535,-0.06539844394865328,-0.26061504602068697,-0.3980086819303053,-0.10919146520865354,-0.33624368841516794,-0.4745965238097951,-0.15678378044466265,-0.07474943554160471,-0.49461746906160337,-0.019779837870115228,-0.16205320435767578,-0.606097764763744,-0.11467278526748255,-0.2572370782228248,-0.5826440199691992,-0.201210370945051,-0.33290085091272303,-0.5409175368535788,-0.24940943296616336,-0.001998391602150354,-0.5193767315912504,-0.0479194307396622,-0.021540567895467433,-0.7458114243720697,-0.10616138821633853,-0.056287041098647767,-0.8860771992989133,-0.15613676288806017,-0.09235422351602986,-1.0,-0.18800842669682982,0.07661490170163555,-0.4809382542332006,-0.08791775700658408,0.09177053840500864,-0.7111387722626379,-0.14242455406598847,0.08312445049571696,-0.8538173813308115,-0.1719194783317178,0.06839180153851705,-0.9811820299993733,-0.1867182339596861,0.15047254994673487,-0.3878151994546259,-0.13149477442314014,0.19129870055885653,-0.5454310677141192,-0.16817201934396406,0.2087356701626058,-0.6569685688297434,-0.16906757483938667,0.21485831097337504,-0.7607190127057734,-0.1654855902245571,7,pause track
0.0,0.0,0.0,-0.10936587980891459,-0.12931544232539938,-0.030282763571823103,-0.19308381839458927,-0.28786596217331567,-0.06516468997756443,-0.2675683743552486,-0.38925487354445915,-0.10786784230838176,-0.3406865382289845,-0.4663248623371875,-0.15265280843661694,-0.09940454822887972,-0.5044105422624596,-0.02065784876303706,-0.19194857033491364,-0.6210830490253864,-0.11925899816896596,-0.28133822631833033,-0.5854299755001614,-0.2041034068163711,-0.3482723947854288,-0.5321973393917984,-0.2490799639082317,-0.022609980280153225,-0.530828328783454,-0.04846590278146764,-0.054999423925287394,-0.7564115687228566,-0.1087291201254109,-0.09593667367795615,-0.8906445942767691,-0.1552393273599571,-0.1388925653987627,-1.0,-0.1828825372720605,0.06210799544091616,-0.4960672188731598,-0.08884978159248752,0.06439015588296067,-0.7218385162600658,-0.14390892565972735,0.0533197614574595,-0.8601742887857773,-0.1686666737455882,0.03399864408199876,-0.9876577183061309,-0.1792181248349407,0.14434908794518436,-0.4088516498113236,-0.1332592800170898,0.18401516457169084,-0.5654694628031891,-0.16921099888596475,0.2042372913633546,-0.6774919516173417,-0.16832964325838132,0.21154939340761048,-0.7860767979006124,-0.16219897046977028,7,pause track
0.0,0.0,0.0,-0.11412480663075325,-0.1265049533418721,-0.03391579001236476,-0.2054252697664361,-0.27894906933252855,-0.07093630259829675,-0.2815779405789077,-0.38442233982135177,-0.11472239225033903,-0.3546580899039273,-0.4647976484398577,-0.16033562078605562,-0.10398738674086977,-0.4996913220872235,-0.022500085414632203,-0.19569846991756706,-0.6104299391436386,-0.11958172280660087,-0.28828734848286824,-0.5791776668322137,-0.20345968067289746,-0.35741955720521734,-0.5307076304514682,-0.24805991129022953,-0.0282035135578278,-0.5281890182901763,-0.04741626794034942,-0.06086467835951591,-0.7475518443445881,-0.10654781130615057,-0.0986837821717713,-0.8849703084640481,-0.15237171875505476,-0.13388518322255938,-1.0,-0.1803204215474136,0.05453428606054269,-0.4990475896270914,-0.08511578579447951,0.052036347477704616,-0.7252003792532323,-0.1409893989419249,0.041014003379060755,-0.86442195961761,-0.16655579855506758,0.026503765205179327,-0.9902701109957298,-0.17756357312751658,0.13606446354440185,-0.417231308827618,-0.12685424067023604,0.1689931967292973,-0.5736255040669919,-0.1621036572951199,0.18562877381917034,-0.6807678689817906,-0.16076008261954064,0.1916402702298094,-0.7804463591927324,-0.15444010136833763,7,pause track
0.0,0.0,0.0,-0.11670994346425805,-0.1176406581173291,-0.030850064172705197,-0.2088183760226701,-0.26852966150166147,-0.06723920447299843,-0.28532274849825484,-0.368781789148374,-0.11021983762169237,-0.35835327445084814,-0.4464700734434536,-0.1553598034575127,-0.10318191414267765,-0.49509671713249676,-0.026077555883346176,-0.20295903553502492,-0.5990693783486429,-0.11985464081611524,-0.29795912388665324,-0.5631293309735699,-0.20239108993162244,-0.36671877862709007,-0.5134898986188315,-0.24853861308672417,-0.029972592394877838,-0.5242325266054654,-0.05333204058584299,-0.06810213262230423,-0.7433471223874656,-0.11163769234650495,-0.11021168120128454,-0.8811656648832038,-0.1593476297656516,-0.14868811782201147,-1.0,-0.19051312898955228,0.049119785277642665,-0.49123621598346057,-0.0920120637711703,0.044481324790815895,-0.7131283079547156,-0.14782293002168528,0.03417975743292949,-0.8472488697966704,-0.1761229156529205,0.020057912167321244,-0.9732973478701212,-0.19104958903276087,0.12586177713255256,-0.40353908722537757,-0.13414484824713818,0.15880554178613512,-0.5536040954234787,-0.17176888056430378,0.1745214364300734,-0.6576739434307775,-0.17327415690029666,0.1798411344721083,-0.759252740528008,-0.17032223890269796,7,pause track
0.0,0.0,0.0,-0.11371872692867453,-0.11278590789488371,-0.03484257645051911,-0.20804962460582985,-0.2623936797011517,-0.07122822787142231,-0.28376058874890403,-0.3668566549861171,-0.11300630509790417,-0.35812596997803375,-0.44957412653855344,-0.15624577745491122,-0.10776918662963941,-0.4855242203785537,-0.02751369158100329,-0.20988041009412703,-0.5937954663855984,-0.11880321587233987,-0.30538672809224954,-0.5610499874826848,-0.19906242737487556,-0.37411396428954613,-0.5127643585223326,-0.24308936443225634,-0.035738928212570666,-0.5211440119965767,-0.051251983719764846,-0.07758457502291044,-0.741955375486427,-0.10777784160005831,-0.12205282147574932,-0.8820825623434054,-0.15279295178774058,-0.15921819969798987,-1.0,-0.1810206508637372,0.044072794965009605,-0.49354919760478494,-0.08663459841037759,0.03737312693013242,-0.7219930481633032,-0.14151129431296713,0.024411612150474757,-0.8648036558305517,-0.16769613109469364,0.010921841610289392,-0.9945905607825566,-0.179614346442175,0.12221250551547762,-0.41146499514000145,-0.12574097201317072,0.15249666337807144,-0.5721180732491875,-0.16237779549442402,0.16719237872042741,-0.6848096741648309,-0.16184233572853768,0.17319863988378828,-0.7913146005655229,-0.15644458522334612,7,pause track
0.0,0.0,0.0,-0.11510810195365084,-0.11725640655121058,-0.03101738897784127,-0.2093532225240029,-0.2697860329779519,-0.06409199880353869,-0.28332321515570286,-0.3742870487475456,-0.1031195998984493,-0.3567930402446974,-0.45285182737867025,-0.14382812239771223,-0.11030640406826794,-0.4849014719152346,-0.02177048805653534,-0.20764715014108034,-0.5936897019618825,-0.10954002678786798,-0.2982360817644193,-0.5606694729137801,-0.18695331281256944,-0.3636390275633475,-0.5132510845538152,-0.22993240665930076,-0.03792102095021991,-0.5188983250650598,-0.04777954454784213,-0.07865291191011659,-0.7402573581221975,-0.10338210537322595,-0.12193283886239174,-0.8804136537686371,-0.1498361725003629,-0.1582788689055502,-1.0,-0.18008912284016815,0.04136739006044511,-0.48964881348895495,-0.08498046669819571,0.03766288439195419,-0.7133489706525129,-0.13938717818160407,0.02526897426731942,-0.8524870361315128,-0.16737310123901464,0.010885354709605319,-0.9813602588702566,-0.1816146086804608,0.11865401245766136,-0.40667021287542204,-0.12549793822600178,0.14756128058996507,-0.5642534104671019,-0.16107989020812816,0.16289915539686595,-0.6743826532232845,-0.1609795659045041,0.1694046887799178,-0.7809440639999714,-0.15717666524592033,7,pause track
0.0,0.0,0.0,-0.11847253363795011,-0.12043094473634641,-0.02794022713728964,-0.2151906066314768,-0.2681875952629037,-0.06055293813851749,-0.2867957561099036,-0.3720507368344955,-0.09953513153874169,-0.3564640475640424,-0.4560798864691821,-0.13999670633655253,-0.10616303418789028,-0.48770632858873836,-0.0199927555710704,-0.20792542456749602,-0.5911182026711892,-0.10449193867307863,-0.3020524139330746,-0.5587935307550019,-0.1791399794986422,-0.36932674258288,-0.513621879603181,-0.22094306477629855,-0.03579875804900675,-0.5246689526395892,-0.04774458885927699,-0.0816450653226529,-0.7441187610305153,-0.1039313412510508,-0.12968349984205638,-0.8830779406307103,-0.14979973481287814,-0.16946441284374628,-1.0,-0.179694437942856,0.0396396954640433,-0.4982953988003469,-0.08625674002221126,0.0370645521304877,-0.7255278875450397,-0.14296056272931779,0.023491728222021807,-0.8653123702746288,-0.1733167766714177,0.005441028656383605,-0.9943046001669016,-0.18925333856544796,0.11550135256765588,-0.41506640704192815,-0.1274013760794715,0.15040161683977601,-0.5692283617800235,-0.1656950989037953,0.16362667291705815,-0.6795549559610078,-0.1688558095131389,0.1633657909158732,-0.7848224150174636,-0.16768607815649186,7,pause track
0.0,0.0,0.0,-0.12464677336952346,-0.12429295516402178,-0.025167540697788586,-0.21859407068296152,-0.27128458770150454,-0.05696729700268252,-0.29041736350448594,-0.3735517961682615,-0.09706859394359736,-0.36588836427139254,-0.4526772657379803,-0.13962288137514087,-0.1280168354364483,-0.5035432526980892,-0.006615162497170507,-0.2302193650337919,-0.6056928222455648,-0.09806967269474079,-0.3219315228808825,-0.5709237607404671,-0.18069407613358332,-0.38899291845256595,-0.519667672306649,-0.22596570710254715,-0.055098959797012015,-0.539476984576456,-0.03691686509093966,-0.09989144316586614,-0.7626623535401089,-0.09583396278104764,-0.15322424164025614,-0.8930080789992669,-0.14572611865396787,-0.2018958796405117,-0.9984425238100496,-0.17611231347889209,0.026837223568258857,-0.5131630513732767,-0.07928529232619744,0.020480890774517067,-0.7393725518653543,-0.1360457539643036,-0.00031843638495150325,-0.87680838851132,-0.16619937529363693,-0.02502891956765669,-1.0,-0.18046360132081962,0.10847930963532611,-0.42849435479672693,-0.12465349791801247,0.13285220067036155,-0.5835703952870513,-0.1612682594163717,0.13902937074220917,-0.6896036267042149,-0.16125968157850745,0.13364322098966783,-0.7886510895009068,-0.15639277976170732,7,pause track
0.0,0.0,0.0,-0.11958081565130084,-0.12898669669612353,-0.018261185610478094,-0.20680421093000617,-0.28126782425665775,-0.04551794006052224,-0.2850671512571136,-0.3786858620825878,-0.08259665231082729,-0.36330545665828784,-0.4486290774686304,-0.12268495908800638,-0.10011611705629059,-0.5067113527947769,0.0017452118455399616,-0.20751840184579956,-0.6107677263827628,-0.08492326570983008,-0.3029634262343762,-0.5768953690334099,-0.16638942608808052,-0.37673881518878566,-0.5247012848778396,-0.21137708698632762,-0.038075608360605605,-0.5420660224892461,-0.02953476959881934,-0.08206759379803533,-0.7638729033125764,-0.08249924309496807,-0.14390458693443425,-0.8909709223538206,-0.1303421487800432,-0.20360855058304878,-0.9901207288919743,-0.16052886598307803,0.03196437123901249,-0.5171088450924787,-0.07214044399878135,0.03418795072482166,-0.7423089095427713,-0.12369112103756559,0.011967691405606731,-0.8803279685418653,-0.15279136310345492,-0.015011547344110854,-1.0,-0.16768686552056283,0.09822988070037761,-0.4363191603351948,-0.11764507769518762,0.1386622303085935,-0.5877187570326056,-0.15060534633128714,0.15601498336143788,-0.6936291862174025,-0.15052845928486386,0.1602739403763773,-0.7930271175050457,-0.1470380120877192,7,pause track
0.0,0.0,0.0,-0.12928387017566959,-0.12491481635027872,-0.018906018279569756,-0.2338211116666459,-0.27752744114543765,-0.05070265738424734,-0.32616419137363195,-0.3718466480789864,-0.0914294843733634,-0.41809870093822116,-0.43899338280953915,-0.13484682470628692,-0.10243433964211301,-0.4999303851635437,-0.007729239346653994,-0.21542344503141342,-0.6009146010558324,-0.09439908954603489,-0.3169292161680791,-0.5646810795326154,-0.17587608284343836,-0.396456938441802,-0.5139865770140262,-0.22201626265878335,-0.043876919189852336,-0.5326773821618765,-0.038619889069095414,-0.10089680812638674,-0.7528459790648392,-0.09010754616954184,-0.16673042466384708,-0.88684364107391,-0.13507650640412383,-0.22494510881266003,-1.0,-0.16533471739623978,0.02405337167116531,-0.5064563868609891,-0.08019555694894333,0.009517437960503255,-0.740673836031038,-0.12964110007589053,-0.018185930774828697,-0.8723533017449526,-0.1526176797988902,-0.04631121434964174,-0.9935460596668096,-0.1644620020083806,0.08856052531844895,-0.4311689420857939,-0.12474372135249764,0.10754535862538944,-0.5868132596468815,-0.1559517828617651,0.11284008960519269,-0.6930261502684063,-0.15199480216175565,0.10890829702092983,-0.7962315909903722,-0.1460786809225137,7,pause track
0.0,0.0,0.0,-0.1377450382300309,-0.11303341569058077,-0.021568505403252263,-0.24478086363266635,-0.25721176657990347,-0.051245429418312116,-0.33182228543056236,-0.3578471120736403,-0.0889860736201755,-0.41917021684019307,-0.4347208665473673,-0.1298329740284878,-0.1436360809473456,-0.49457687693183666,-0.006288293964046654,-0.24962676576649856,-0.5893258398405726,-0.09115030790959852,-0.34365838603519333,-0.5583154130063446,-0.17032310291503816,-0.41783318251450574,-0.5106333628192614,-0.21526074557863423,-0.0862764187137357,-0.5268965891220649,-0.038074131400944226,-0.1391411715064259,-0.7537062879588959,-0.09147179746370011,-0.20077057406051732,-0.8898978075348408,-0.13961351939529953,-0.2557571698253891,-1.0,-0.17217526720757922,-0.017374879683856623,-0.49632887485765415,-0.08136532085417514,-0.02356078168212136,-0.7291586173472154,-0.1345307051371587,-0.053608255720947885,-0.8671063713328995,-0.1668462073214898,-0.08746708251992842,-0.9867569630849737,-0.18541425298485542,0.04743103851472263,-0.4135566638197495,-0.12736830683395525,0.07186390041212516,-0.5737845103980261,-0.16447388223743797,0.07559031166964915,-0.6891441794100103,-0.17029364611277012,0.06666192180467437,-0.797402018599859,-0.17214685628727935,7,pause track
0.0,0.0,0.0,-0.14439124725937463,-0.13118775158786747,-0.007021145197549077,-0.25249743660345336,-0.2806322291378563,-0.027774971445753673,-0.34221200060000945,-0.373780819834833,-0.058869478842103064,-0.43014985852516857,-0.4373505883996803,-0.09347470293124968,-0.13601186868012305,-0.503547864110188,0.016256509336991534,-0.2500269182322735,-0.5950930733840327,-0.05987223436496404,-0.34901049811058665,-0.5582859866970508,-0.1350958252160528,-0.42550821006084344,-0.505284603798553,-0.17805876230341786,-0.08753315976895526,-0.5321598901900509,-0.019521287269564595,-0.146330798361892,-0.7565336303243133,-0.06550727604712753,-0.21585288672355799,-0.8905899202521683,-0.11098168677414583,-0.2750833746011067,-0.9991975900990221,-0.14231133700151244,-0.03231667348184252,-0.5021746232988602,-0.06601093338214034,-0.042595945004613084,-0.7343108829796634,-0.1134118149542473,-0.07650305450017364,-0.8758709897484687,-0.14627884813353711,-0.11129764373000396,-1.0,-0.1667024404230047,0.01594936084609552,-0.42284535989265587,-0.11402417905313379,0.04069399723420301,-0.5747217250682716,-0.1464266800856843,0.04328842166691667,-0.6851129846566076,-0.15061940024497447,0.033868684232696816,-0.7928091332945656,-0.15299498561378508,7,pause track
0.0,0.0,0.0,-0.15465852928354965,-0.12484965624458369,0.002901546368914021,-0.26488694674811053,-0.2883875271143978,-0.015158799456190891,-0.36551122129025143,-0.38260245697148587,-0.04616747146782973,-0.46112701355588587,-0.4511665624983587,-0.08134172250644904,-0.14556847009144053,-0.526941075752244,0.022411893293694873,-0.2776051093242015,-0.6253810721807591,-0.05363944450311915,-0.381175228601291,-0.5842821052852724,-0.13106877309022924,-0.4622522413693493,-0.5211294295603397,-0.1758641611478142,-0.10062038792628035,-0.5438543674532687,-0.020884495304864976,-0.1716731881279642,-0.7737603008450763,-0.060616665126343255,-0.2522018729286701,-0.8997669080920393,-0.10687700536279657,-0.3251161520402107,-0.9955776614127323,-0.14122153285009942,-0.04777396702679139,-0.5030102365058273,-0.07411044391487459,-0.07104502696996276,-0.742061482061167,-0.11579123457859303,-0.117582104760054,-0.8802531552492949,-0.149870224793775,-0.16594977862046145,-1.0,-0.17485253806551773,-0.006897797759418478,-0.41766435395515683,-0.12817025052947462,0.008456435763168537,-0.5608126178458694,-0.16064312300120473,0.0013838453336974847,-0.66766976370426,-0.16740972121441186,-0.018473400316181453,-0.7743077884630535,-0.17324388614348113,7,pause track
0.0,0.0,0.0,-0.15406663771656567,-0.14447489276667627,-0.004944933035825864,-0.26792700805731284,-0.30163688114448095,-0.03233674568113471,-0.3686448840188324,-0.40099609843648515,-0.07254742309674775,-0.46648505852345273,-0.47837892276311267,-0.11696536353645148,-0.16243686707422936,-0.5142281231666274,0.0018680022462251012,-0.28639023507789096,-0.636392245113833,-0.08679542415787922,-0.3831788048410041,-0.595984241318215,-0.16988150954797485,-0.4607443121217311,-0.5286400808704461,-0.2173340350115708,-0.12173667524142416,-0.5183794755229967,-0.04131335551054548,-0.180432551359559,-0.7657677897602907,-0.09293521373014776,-0.25541966409786865,-0.8964925710327858,-0.14516163998674478,-0.325893722699629,-1.0,-0.1840881059624895,-0.07084560118290616,-0.46473119747472486,-0.09466721432938972,-0.09751019360414938,-0.7167256347002555,-0.14228685674608943,-0.14600325290816607,-0.856210613241028,-0.17654083975793566,-0.19671782068553112,-0.9719842865440238,-0.2016595234817115,-0.030601122186316092,-0.3673076866705723,-0.14988658541217514,-0.0307271681901762,-0.52549563089375,-0.18478567742031413,-0.048576496733482216,-0.639274971660587,-0.1925446778796911,-0.07524454390400068,-0.746100216204491,-0.19955488760600376,7,pause track
0.0,0.0,0.0,-0.16253757699342009,-0.1308831295977787,-0.006422884992614851,-0.27695450775908337,-0.29626587543508226,-0.03280476734538726,-0.3799819681914263,-0.3965378326907294,-0.07071052929226486,-0.4860354303801867,-0.4644760929451139,-0.11311530430008379,-0.177849813010617,-0.5203920749278921,-0.006430685741425065,-0.3096055740297338,-0.6454141159501493,-0.09805140517782057,-0.41303084541853485,-0.5975380124510861,-0.18202256511691656,-0.5021403924095653,-0.5210484790943853,-0.2302189740069457,-0.1325543860883503,-0.5285767484483335,-0.04979907590832977,-0.19299301422938364,-0.7762916682576245,-0.10729339082616556,-0.27558721359005456,-0.9024497604124793,-0.15964779030001258,-0.35746687625837614,-1.0,-0.1968577014880998,-0.0765175270638012,-0.4716133084443178,-0.10309742506257659,-0.10206998984504143,-0.7313327020984769,-0.15905485462461774,-0.1530545746436648,-0.8748293027400369,-0.19519290714638954,-0.20886115593202742,-0.9968061432565627,-0.22009119131447877,-0.03198297124563631,-0.3678932987140914,-0.15759265267179387,-0.02962753139263652,-0.5216092112810564,-0.20606001597777132,-0.05036904500916177,-0.6401504409706029,-0.21964338584950652,-0.08190433145235643,-0.7553665330834135,-0.22879038327236936,7,pause track
0.0,0.0,0.0,-0.1554874976033238,-0.11917334401972172,-0.013873721883372851,-0.2718409074860031,-0.2739180632976122,-0.044775345560445844,-0.3796695833423516,-0.36682624103009087,-0.08698208421594165,-0.4895743218854742,-0.4238694301736997,-0.133160575815168,-0.17136130989586237,-0.5136401210045467,-0.003714973751523194,-0.30891970189173995,-0.6126652066891369,-0.10168612995840626,-0.41464028650364676,-0.5585400049802768,-0.19391219096176804,-0.4990600219543192,-0.4822945477338101,-0.24624647159708346,-0.12553270706025282,-0.5300369935306686,-0.04266956695823332,-0.19876868232327505,-0.7715745129636954,-0.10397891147576409,-0.28117848913969545,-0.8998035217421436,-0.16145626247574377,-0.3600080934962789,-1.0,-0.2004642992388437,-0.06451360426650996,-0.4871993988687907,-0.09273485862142931,-0.10971202063469888,-0.7318988911997548,-0.1492258079303886,-0.16809712982584554,-0.8729436955446199,-0.18658765334810765,-0.22982271920049724,-0.9932287475216127,-0.20964615159571923,-0.009687272288432794,-0.40152508404490295,-0.14512709536909435,-0.018551312263570763,-0.5605703750489447,-0.18441847008944567,-0.043949849181566504,-0.6744641447402222,-0.19203899858032344,-0.07997170118426958,-0.7817278936818041,-0.19599207958546486,7,pause track
0.0,0.0,0.0,-0.14726152467091408,-0.09735663029051793,-0.019731708068233704,-0.2680985502847315,-0.23505982591877422,-0.05049273241293101,-0.3735863504464916,-0.31594716061801614,-0.08915906188789656,-0.4741284284379077,-0.3758483360645234,-0.1307606694226782,-0.16207914535178208,-0.48413871560691685,-0.009343914290225418,-0.2911588670442461,-0.5580372140063538,-0.10110012692450371,-0.4006031822283877,-0.5082285854525925,-0.19073685329897797,-0.48699428822761964,-0.44316417514819817,-0.24198177373490642,-0.11635998527477778,-0.5215557059295359,-0.03968937253176129,-0.1917629899810374,-0.7434483317999786,-0.09771189776835468,-0.2824650490244958,-0.8584633131039218,-0.14929577373365216,-0.3654482820469564,-0.948175746906794,-0.18222335078864535,-0.05311406883769623,-0.5006843131020403,-0.08057874948281665,-0.08962860623179598,-0.7460718630144604,-0.1323306986828905,-0.14406123468187018,-0.8815890613590645,-0.16039022733780917,-0.19830164504814232,-1.0,-0.17497355936460304,0.008143608126800803,-0.43075497702685556,-0.12443607777897005,0.012074514975973262,-0.6003615665010811,-0.15821499593922037,-0.011317976373167735,-0.7172410318609574,-0.15831191503558004,-0.04614488289121084,-0.8249176514315805,-0.15492650147194456,7,pause track
0.0,0.0,0.0,-0.1527915579216119,-0.08042554749793396,-0.02283737626775165,-0.2792030128742295,-0.2047186020270428,-0.05828344121903936,-0.39264065722666436,-0.2760287316088172,-0.10152782356033441,-0.49788545432857606,-0.3320494153518928,-0.14806111919562004,-0.17885000324441633,-0.47535582038654167,-0.016795376950256923,-0.3243779233208432,-0.5286634011205764,-0.10649121840623105,-0.43361602942974725,-0.4719124560103187,-0.19264998686433665,-0.5151589196500485,-0.4062880857536715,-0.243414528755962,-0.13344734119545712,-0.5166701966201962,-0.04988233027948851,-0.2250432107001065,-0.7400747093784619,-0.11740431601861902,-0.319719883732111,-0.851223487604081,-0.17570441639208026,-0.4064682954136374,-0.9385124211890582,-0.21248418541105227,-0.07059186077663404,-0.49762665055665833,-0.09278634336551524,-0.1137578029283695,-0.7382593352993997,-0.15499485450821152,-0.17453632150859577,-0.8775829248188427,-0.1943116794731279,-0.23550929091621248,-1.0,-0.21565773052589282,-0.009202256914515091,-0.42766953895665993,-0.1376535428731349,-0.010771141013041698,-0.6022943056103133,-0.1769169500756535,-0.03833722270680263,-0.7221880172461608,-0.18343160156002217,-0.07800990285810594,-0.828742573445341,-0.18561713891567508,7,pause track
0.0,0.0,0.0,-0.1665470411217172,-0.06168112825558341,-0.028076389356682406,-0.3124926370718339,-0.17000864733461443,-0.0670725934262076,-0.44385250894073824,-0.23134815799301667,-0.11390913987272763,-0.5628240105950448,-0.2751150732417884,-0.1624882436654624,-0.22376108503449915,-0.478622065156319,-0.00746047147290098,-0.3755346682846365,-0.5026050012014517,-0.10466904778518356,-0.4893248398082933,-0.43058760230990506,-0.19756715421264961,-0.5673928675857679,-0.3492812779972212,-0.2503082540609705,-0.17842593567924112,-0.5314594398139498,-0.03857066717841815,-0.2867363627435501,-0.7375882465730789,-0.10614828649905343,-0.39390674685846544,-0.8348341272861822,-0.16031153105115467,-0.48885567235531974,-0.9031202335827023,-0.19138333844652983,-0.10927832503155063,-0.5258459099755234,-0.08220970200515189,-0.1697857273771318,-0.7563754328399624,-0.14164919443578336,-0.23826958884072938,-0.8868907253494732,-0.16912793464183623,-0.3050571652732128,-1.0,-0.1799717880081614,-0.04008773381263722,-0.4626493268641264,-0.1297241180339208,-0.05433857688879011,-0.6282416648312701,-0.16622492275047063,-0.08668824900047903,-0.7456650308068254,-0.16494772612593753,-0.12746812589788753,-0.8518622278945689,-0.15863825343073726,7,pause track
0.0,0.0,0.0,-0.1696448940446445,-0.021797995230439175,-0.039114700882440956,-0.33617469973405567,-0.12351256154508834,-0.08063843267189362,-0.47987353074442285,-0.17313803943854889,-0.12958281497582008,-0.6084154649779705,-0.1970642219241686,-0.1814536100441719,-0.2904133657026203,-0.44722041397330436,-0.015726508527019678,-0.45271277242129526,-0.4567396586859268,-0.11639679815089839,-0.5553220266703288,-0.37242147594371394,-0.21016094352628106,-0.6200158021630623,-0.2847732290215895,-0.26365539334402316,-0.2405540514839713,-0.520447041295687,-0.04795220414632398,-0.36788868781060535,-0.7280315826421957,-0.11938675216741702,-0.4875280140547998,-0.821601800850281,-0.18097150967559028,-0.5929012915941798,-0.8855899451622478,-0.21868210636309912,-0.16216811730644046,-0.5296462221852792,-0.09411938480868669,-0.23670289539175857,-0.7695980928984681,-0.1627979068998667,-0.3240102980591529,-0.8931668971337009,-0.20277601290807679,-0.4088643674775402,-1.0,-0.2230461664257747,-0.07989488715547964,-0.4744619788120911,-0.14432829590954813,-0.09951556747970859,-0.6605712992422822,-0.19275556733496377,-0.1307084636439571,-0.7924326250970695,-0.20243299461361716,-0.1693694403874918,-0.9144040465824999,-0.20452994063554233,7,pause track
0.0,0.0,0.0,-0.16693754064774471,-0.004558318554016829,-0.04371061850963503,-0.3356394986204738,-0.0934393152755612,-0.08647910726810586,-0.4823458382258605,-0.1322997800304983,-0.13629511726328916,-0.6093573605435533,-0.14225745088420635,-0.18704138488471078,-0.30804564533635803,-0.40534430443246316,-0.021028211061636395,-0.46350476230641685,-0.4053769336118282,-0.12189081897931764,-0.5640727763880165,-0.30986932790549526,-0.21190769126160666,-0.6237629767578138,-0.21848542896272505,-0.26246574456481164,-0.2625139561881128,-0.4920087366292504,-0.04604830082794932,-0.3864159954008395,-0.674683086320827,-0.11222718530955601,-0.4941520519758411,-0.7918580208959928,-0.16355065090574883,-0.5844048615257582,-0.8894694317861479,-0.19605673558179879,-0.1851582737166411,-0.5144420743279388,-0.08596298495751602,-0.259872768397197,-0.7408017899435537,-0.15113150246074009,-0.3308537191715296,-0.8783686298186306,-0.17669717201372034,-0.39924037272733326,-1.0,-0.18666556665809558,-0.09821260906913612,-0.4759427502180828,-0.131006498853773,-0.11395197073584348,-0.664127435812633,-0.17748002260537393,-0.134603022749419,-0.8022281068194985,-0.1794012181429452,-0.1612445257337681,-0.9280073781899462,-0.17481953754043741,7,pause track
0.0,0.0,0.0,-0.16734171483624527,0.007265937421837172,-0.05038669366745209,-0.3448288094260614,-0.08279910534841049,-0.09284420528610583,-0.49767163738005993,-0.1201444149686716,-0.1417621747324752,-0.6261139368036518,-0.12223305000590846,-0.1909778690036638,-0.32471174509253237,-0.3978174170561769,-0.016866843726525395,-0.48009103095739425,-0.39387467783075686,-0.1184534121583568,-0.5777743157991774,-0.2987236144321879,-0.20810394481225863,-0.6337295805083626,-0.20763639674756776,-0.2582797638683194,-0.2819282796529576,-0.4910897482679626,-0.03984641864275066,-0.4109609167218914,-0.6685701774820109,-0.10380136990981599,-0.5204181924540264,-0.7815763139206712,-0.1536593621020626,-0.611120174013756,-0.8746123067238729,-0.1843381379865975,-0.20433884330198648,-0.5160600534540543,-0.07953968454582887,-0.2779900593263632,-0.7451718390359201,-0.1456374411498041,-0.35158388533565366,-0.8816809942119684,-0.17042152533960056,-0.4257906434844144,-1.0,-0.17885658661699835,-0.11383693598776463,-0.4793991310609448,-0.12518474972755525,-0.12522083293698824,-0.6626436416721101,-0.17558577940384168,-0.1515475985780833,-0.7984889706106637,-0.1799803661471549,-0.188452315562839,-0.9202787166417713,-0.1760883798041709,7,pause track
0.0,0.0,0.0,-0.16315234999340844,0.028600522862403624,-0.05896267313889787,-0.3481158455653211,-0.03536971129832353,-0.10849122687079779,-0.5072186347553261,-0.05489526071682719,-0.16409345675494028,-0.6373409941287839,-0.04663244263893896,-0.21914188813321853,-0.3637868780080521,-0.3438451852415955,-0.027586571926393626,-0.5122544006511968,-0.3146586681250185,-0.14277143059525488,-0.6119319197535281,-0.21564956669325536,-0.24153505921800272,-0.6667664413721607,-0.1218368791699174,-0.29553387181464746,-0.3226244628098413,-0.45460753224636424,-0.04967748187745954,-0.4562893035457139,-0.6373944859482167,-0.11372218757927335,-0.5620995734688858,-0.7726227257636619,-0.15851822873599428,-0.6438442189377606,-0.8871902392269201,-0.18575597560074095,-0.23790337145708726,-0.5000491204449415,-0.09103355327949048,-0.3227837879064314,-0.738784145898995,-0.1581609695279815,-0.3870398869516542,-0.8809242190021809,-0.17505555544263063,-0.44861190454114486,-1.0,-0.177511016888373,-0.1324665664624928,-0.4824172964705292,-0.14016814767000468,-0.13709757759132205,-0.6736347909873301,-0.19643008123477546,-0.14841564133010343,-0.8192795560708154,-0.19885363452263577,-0.16915781329123317,-0.9485604258547015,-0.1910489767540936,7,pause track
0.0,0.0,0.0,-0.17010772371680702,0.03150723089660106,-0.05013032309538283,-0.3601589015507114,-0.031251033742967414,-0.09195274393377034,-0.519920640479196,-0.048228486796493,-0.14046837600956272,-0.6473599031606698,-0.02857453774436543,-0.18974467893634714,-0.3726989309301143,-0.34364775925589214,-0.013996505146673367,-0.5211513221757914,-0.31064646321312295,-0.12160896893144905,-0.6136505858656282,-0.2075673749464735,-0.21813724940140086,-0.6635703617079476,-0.11441997580385564,-0.2720217218234769,-0.3323956167701227,-0.4530514723579697,-0.03960318019896793,-0.4734346593456182,-0.6379514448219088,-0.0999089146007704,-0.5822494954193637,-0.769963929357114,-0.14887993540612374,-0.6662797663792225,-0.8796176799305918,-0.18045559295790556,-0.2501286118836696,-0.4977910695101889,-0.08320052701850726,-0.333741678440405,-0.7340773925289442,-0.1497822005266037,-0.3990523899224861,-0.8773255937306298,-0.17363434374240955,-0.46327300875153965,-1.0,-0.18140896062728484,-0.1483994065716509,-0.4794749121846043,-0.13309784568601743,-0.16054698434505354,-0.6749209450412619,-0.18821518135881327,-0.17137741673421406,-0.8183514272097803,-0.19110086415844818,-0.19317482113537543,-0.9460706132283054,-0.18468113497001823,7,pause track
0.0,0.0,0.0,-0.1675230100155126,0.0488261789338835,-0.059421460644881054,-0.35754276711052546,0.0069485233365346386,-0.10994348076051604,-0.5184500835931034,-0.0033413868485014362,-0.1655954681097113,-0.6546956231712182,0.021111319649135683,-0.22186062103963028,-0.4012409947217026,-0.31709354504175913,-0.034306421523355404,-0.5510002073174408,-0.28429368210032435,-0.14658012603476522,-0.636234145299375,-0.16871713042744554,-0.24427879141997483,-0.6797313661471421,-0.07057534446365435,-0.2991869587922298,-0.36179534566502036,-0.4355968486814073,-0.05687635493168452,-0.5047734431734013,-0.623349553332587,-0.1223683281882021,-0.6141553637369308,-0.7570047935438498,-0.1740973822316752,-0.699282925901194,-0.8748623045238442,-0.20850687694975503,-0.27578291550026257,-0.48812014968926926,-0.09713923306689336,-0.3623186644362707,-0.731402141376471,-0.16902989362653825,-0.425905868532695,-0.8764381040574618,-0.19745281968666778,-0.4893204639142608,-1.0,-0.20940844195101832,-0.16532537502369427,-0.4775740727452826,-0.14389852635749795,-0.16984253457374762,-0.6793930437168675,-0.20709407403431554,-0.18235614051120694,-0.8291975412665716,-0.21691307913030444,-0.20533752424644083,-0.9633249136430536,-0.21532122535010348,7,pause track
0.0,0.0,0.0,-0.16969988786988296,0.050615210225739775,-0.05465677756884137,-0.36972865546651373,0.011312745644814035,-0.09986524017602302,-0.5357035747325942,0.010109352150430772,-0.1509567740581596,-0.6708053703904513,0.04233070692781592,-0.20305577657761772,-0.4160079678950799,-0.3065795468738937,-0.025035148426089882,-0.5674488998805309,-0.26844472211042664,-0.13485200661112975,-0.6522472714887243,-0.15013345295133665,-0.23193961676244543,-0.6969277241773185,-0.048964190105122866,-0.28612550495081834,-0.37943283848205883,-0.4324825918404934,-0.04874248063196708,-0.5249473632956987,-0.6137306821354637,-0.11206045625172296,-0.6367866288775392,-0.7436266130612416,-0.16265591521720443,-0.72357626859103,-0.8567670066951112,-0.19535656332316517,-0.29226819679858757,-0.4937775664965466,-0.09000820725135578,-0.3882088960323063,-0.7349137713048987,-0.1616214255033256,-0.4534840546833671,-0.8781747559752745,-0.191205476164404,-0.5158297640421978,-1.0,-0.202638170102815,-0.17822737503795888,-0.49112238554177756,-0.13721924697533738,-0.1889105501808736,-0.6888790304920058,-0.19983110952785355,-0.20329846487354136,-0.8326941971547129,-0.20888021520372624,-0.2262032229587532,-0.9606749541494377,-0.20559586068343827,7,pause track
0.0,0.0,0.0,-0.16799823716881376,0.055515956409133656,-0.05448595872789639,-0.3635728318050267,0.021887542517910544,-0.1025507524277588,-0.5271708401647766,0.02689215034701606,-0.15537973601529032,-0.6616512537026776,0.06260412489271623,-0.20958884678693518,-0.41212301888147135,-0.2955278786650663,-0.03441101817975603,-0.5621989028123582,-0.2557989918986287,-0.1438132819558897,-0.6433490674991462,-0.1377360656272009,-0.24167391248451706,-0.6872212216155601,-0.038027697989040404,-0.2981434663304601,-0.37586883912464947,-0.4195422496125503,-0.059758185539840754,-0.5219470593264492,-0.6002508680715468,-0.12629591462050918,-0.6326864659249739,-0.7342340682714477,-0.1826757504202474,-0.7198395030063074,-0.8507644367230045,-0.22121486193821416,-0.2901780379197647,-0.4771613694345289,-0.10137277130875777,-0.3874231300267495,-0.7216443738430239,-0.17697881685848288,-0.45152527173438123,-0.8713506394986607,-0.21450993623739192,-0.5157841174200503,-1.0,-0.23296323195704696,-0.17742539261018522,-0.47297204741127863,-0.14787734117228005,-0.19036628344454948,-0.6736563490027865,-0.2144083650172643,-0.20605161949487236,-0.8182266919660338,-0.22843038930673515,-0.23216556395246402,-0.9458715882343772,-0.23036027201138676,7,pause track
0.0,0.0,0.0,-0.17236708685246474,0.049339819989269285,-0.06089047647857634,-0.372823925873679,-0.0002994954153328631,-0.11583893288354623,-0.5409510546844386,0.0016759203998094998,-0.17578084837616434,-0.679558654199748,0.0374050964859928,-0.23636748080100414,-0.4066382121908138,-0.32186738526275177,-0.04379754277388798,-0.5594704573815854,-0.2788227563464935,-0.16495723598399897,-0.6509572640298048,-0.15318442961435746,-0.26983446577197695,-0.6994242791432309,-0.04482134567968218,-0.32888229581676864,-0.36762766836067257,-0.4367938075344076,-0.06829388498718804,-0.5172845266730569,-0.628617727379596,-0.14268330438325386,-0.6402003870290995,-0.772541671941596,-0.198030244019977,-0.7364034929074808,-0.8974264373428824,-0.23352559002519768,-0.27855472965233696,-0.4829684287944827,-0.11026092873594466,-0.38450756274151643,-0.7257914503945647,-0.18402639181445368,-0.4625197885205481,-0.8750706237679272,-0.20749482362318175,-0.5387660885344137,-1.0,-0.21479497915824042,-0.1646013057710741,-0.46844603596597517,-0.1591354019965744,-0.19835355891945333,-0.6684773841173386,-0.21882520601034347,-0.23432833571458714,-0.8143832552643795,-0.2218775664658562,-0.27835669373458966,-0.9428265181246571,-0.21539068446150364,7,pause track
0.0,0.0,0.0,-0.1856401641578063,0.05877184337631699,-0.05710321558908599,-0.3935094865392409,0.014998607212927478,-0.10628350681608614,-0.5621893255189766,0.014857820072022679,-0.1616286996014491,-0.7076650553243182,0.05596816802744142,-0.21855987681324024,-0.4602060118120411,-0.3035016275999111,-0.023579465945453435,-0.6182567359104755,-0.2801470521686751,-0.13919566714196815,-0.7082815647283964,-0.15700833359311914,-0.2428561548034837,-0.7569330438984362,-0.0456489734103372,-0.300849442148027,-0.4244600938849105,-0.421621284602211,-0.04961985659771523,-0.5866954014897291,-0.6273811882233568,-0.11446248548582867,-0.7107011551584911,-0.7614062724693763,-0.16948006533727814,-0.8102002986195821,-0.8769349432678103,-0.20765159171626305,-0.33719670427359366,-0.4756081250270261,-0.09484899835427617,-0.4553947998258262,-0.716613335156862,-0.16272298965212242,-0.5485970812814446,-0.8714404736883918,-0.19599682051547945,-0.6354411263373522,-1.0,-0.21366075142821253,-0.22545552182250966,-0.4678384346883425,-0.14691171380888288,-0.2933279339788759,-0.6633852368592802,-0.19863247835345155,-0.347069842489358,-0.8049014540294788,-0.20391622289417877,-0.4036786548593185,-0.9283230039148881,-0.20361406477815205,7,pause track
0.0,0.0,0.0,-0.18674938329568622,0.06115861395355002,-0.05387505771398488,-0.39902088153924503,0.017188960036948732,-0.10090692207650456,-0.5714742330002952,0.01568052600965418,-0.15575441679647567,-0.7200078939171722,0.0555436607282591,-0.21155056116467427,-0.4670622036594946,-0.31099025966577915,-0.015073368064918824,-0.6268258984715317,-0.277053552721528,-0.1304047662240201,-0.7177454340430977,-0.14789000207479774,-0.2334674920239515,-0.769183308379685,-0.031997255353564395,-0.29030226191257,-0.4371532551639269,-0.4300566312727584,-0.042930810320099065,-0.5996535036808543,-0.6374382722185603,-0.11000011662524115,-0.7317108746419445,-0.7663627368366318,-0.16351620580229073,-0.8418437636525005,-0.8715162387332621,-0.1984534323380871,-0.3548443850722636,-0.4833348371793558,-0.09011542497484916,-0.47051410378168845,-0.732390090521335,-0.15755076405644275,-0.5682506498399041,-0.8810399171712198,-0.18322593994270508,-0.6606880503375497,-1.0,-0.19314155825027168,-0.24792603065704816,-0.47478177664878873,-0.1447427273248762,-0.31718240938563047,-0.6749426626842785,-0.19423810733147273,-0.3775761009809664,-0.8183942798795087,-0.19482158047150833,-0.44062694830898885,-0.9429909815118699,-0.18901576305982615,7,pause track
0.0,0.0,0.0,-0.1873063082977364,0.06303706525683826,-0.05991934378998041,-0.39997899134195675,0.015453808938055539,-0.1093784272682507,-0.5735751835259105,0.00974755305234264,-0.16579591134667993,-0.72465213195965,0.05064569704251229,-0.22429070870534093,-0.4746940461024619,-0.3108203229684602,-0.018579833800486025,-0.6361857562588132,-0.27581595229061434,-0.13590048777782865,-0.7323147465819339,-0.1471431449225981,-0.2431098364114147,-0.7884252740475624,-0.0314080082579889,-0.30424362880563566,-0.4444729174023136,-0.43047810753389304,-0.04577225258635325,-0.6074826933280165,-0.6435966925743357,-0.11335054997841659,-0.7437023678008591,-0.7701758562672477,-0.17370159575562474,-0.8579618687053018,-0.8744218750040302,-0.2160369757028155,-0.36219274676403473,-0.48354915032939355,-0.09277782320162449,-0.4793397452084397,-0.7378668873886921,-0.16323340962175173,-0.5815606660144396,-0.883119382053989,-0.19972312079590746,-0.6781721848462705,-1.0,-0.21972957944289828,-0.25560869265790603,-0.4735906079304653,-0.14737425868105652,-0.3235648017151525,-0.6730549838753068,-0.20273321720359458,-0.38450983537930233,-0.8163894873655297,-0.21154419873480462,-0.44877537192031,-0.9427960937566499,-0.21362767016986492,7,pause track
0.0,0.0,0.0,-0.19132592528361725,0.060309524316392714,-0.05338767913928095,-0.4034932211723937,0.013082039105405565,-0.10099736745496127,-0.5761284978682948,0.007446299774186195,-0.15784829036309414,-0.7262859158959107,0.04695177325365552,-0.21621832255025844,-0.47808167823947273,-0.3188206382082773,-0.007370408094111955,-0.6368763185236378,-0.2824469098712669,-0.12312376314938935,-0.7334607873731193,-0.15223376012436635,-0.2279834119385673,-0.7892572158907702,-0.03342760847655903,-0.28558318033533087,-0.45175235458530794,-0.4311556069479413,-0.03667938767980931,-0.6102400641147128,-0.6436448913066618,-0.09610846970307815,-0.7445343090040464,-0.7684211674090813,-0.1449122851333939,-0.8571194499987798,-0.8709008615609243,-0.17757230710727342,-0.3736447407295099,-0.48160362589781625,-0.08675560032564197,-0.4927795010496266,-0.7321255834215594,-0.1494045467658683,-0.5956136356437927,-0.8799941638372873,-0.17394662671922054,-0.6891225012630308,-1.0,-0.18456625883846933,-0.2732270449026259,-0.4678214030363623,-0.14524641064100766,-0.3440309529508708,-0.6636591909437709,-0.19528965613939986,-0.4051905891357027,-0.8057006951991331,-0.1977072144997289,-0.46700951959138554,-0.9318103579426592,-0.1933605486413327,7,pause track
0.0,0.0,0.0,-0.20286018171658676,0.056651302649313395,-0.05543834892260215,-0.42104199867848335,0.008482236551475005,-0.10764787526195281,-0.5965891371548531,-7.729422961002378e-05,-0.168888740855339,-0.7533394864549914,0.038999769727607624,-0.23272206631611192,-0.4857266677437761,-0.3393050282580189,-0.01834320973998326,-0.6554945193560318,-0.3084171268983382,-0.14158212202700143,-0.7514502061447839,-0.16750008454056364,-0.2558191353887046,-0.8072700926081489,-0.03608298609079603,-0.3211882978627855,-0.451434599688354,-0.4492276213076573,-0.05039885069902752,-0.6241022597290086,-0.6697045803808995,-0.1213360660455821,-0.7673914700449971,-0.7911010724037593,-0.18815489789896353,-0.8889674430263697,-0.8918951632599056,-0.2361232640277733,-0.3664223533838501,-0.4915140060901412,-0.10160498622372383,-0.5067792138640084,-0.7442961957819895,-0.17074858293356612,-0.6218828015508229,-0.8850806570653635,-0.20718665616555457,-0.7245090742888797,-1.0,-0.2283212770829834,-0.2588665606375915,-0.4711126235969621,-0.16060522495017257,-0.35280400920874866,-0.6615763406657288,-0.21288943717436234,-0.4323531906145482,-0.7974330264287222,-0.21989628992509758,-0.5093569630023655,-0.9149409209070692,-0.22157750651480101,7,pause track
0.0,0.0,0.0,-0.1964548670261178,0.04489928661296909,-0.052891832717672865,-0.40368530649541856,-0.009045574584561001,-0.10219356738927687,-0.5744433129060883,-0.019890735341982223,-0.15953729987082335,-0.7253790070893338,0.013551272281530887,-0.21978877197115274,-0.46232197367218375,-0.34253478574178814,-0.019202032030904172,-0.6246283984019675,-0.3125109561136603,-0.13766067587376896,-0.7238180279176665,-0.18534080407581668,-0.24702575144732555,-0.7855174224540192,-0.06711627838329322,-0.3097021497322552,-0.42867333730536955,-0.4499884645231653,-0.049739146278603354,-0.5885197018435272,-0.6675315037626887,-0.1197820704546583,-0.725919918674241,-0.7922210751478703,-0.18265028164528782,-0.8418577076275784,-0.8922767716925872,-0.22682907027262822,-0.3458601361626453,-0.4909252954234323,-0.09848046440815234,-0.4678839896126333,-0.7459742998379855,-0.16688398095489407,-0.5735858554080413,-0.8861845898976152,-0.20035843615283688,-0.67077846213839,-1.0,-0.2187584279705458,-0.24150226346511225,-0.4678496809553809,-0.15442414474053978,-0.3164101673770501,-0.662316328927066,-0.2061153317398114,-0.38288940520181386,-0.7998458829222898,-0.21179043678256257,-0.45019936566529406,-0.9209098707689981,-0.2118722920601015,7,pause track
0.0,0.0,0.0,-0.1790562400091543,0.03161193156928084,-0.04487270351148301,-0.3714798414641335,-0.028938921618600802,-0.08280776763783088,-0.5286309463953202,-0.060163182368259537,-0.1277588363332388,-0.6626683345527511,-0.06608388900639992,-0.17304645132548885,-0.39430635935027575,-0.3387242000677326,-0.014526428059749413,-0.5524901550798863,-0.3362578554198207,-0.1156126769790332,-0.6522730293688964,-0.2440911407855362,-0.2046631652084733,-0.7163435498580043,-0.15289903567750504,-0.25440489137232375,-0.35988046238471877,-0.4505978614533379,-0.04023748568648506,-0.49538401256636,-0.6660184681107809,-0.1101945322740225,-0.6154037890950533,-0.7833782379586831,-0.16407971426778786,-0.7185041153904391,-0.8712824229310642,-0.19723530734981712,-0.28456546539569816,-0.49362701073896714,-0.0813586615692915,-0.37769211030933914,-0.7448550395472782,-0.1496773069868814,-0.45871415576414726,-0.8860876570650522,-0.1750560199983578,-0.5374078646087981,-1.0,-0.18311187800033893,-0.1903309996798306,-0.4759203714427388,-0.1279943977913157,-0.239134641057738,-0.6762897798922057,-0.17392765402970667,-0.2889612641258855,-0.810207971408988,-0.1742982472215413,-0.34272337017015214,-0.9252879501876516,-0.16830282957385015,7,pause track
0.0,0.0,0.0,-0.18730161504956166,0.002393011916686882,-0.0396765712407547,-0.3802725945416914,-0.07454305158469689,-0.07365066376767519,-0.5316910042819419,-0.11248353352527557,-0.11547144608117867,-0.6600085155112336,-0.14394806017085143,-0.15792345323698595,-0.39155654493428854,-0.405152267446441,-0.0028764494083734194,-0.5603596725886507,-0.418613288747432,-0.10937743607042412,-0.6737359758079019,-0.3390909619917484,-0.2084884170568393,-0.7498641613119443,-0.2505727495498585,-0.2638371447230792,-0.34721781533074597,-0.49986913028995605,-0.031911805982460045,-0.4821679543304224,-0.7208488020213084,-0.09471393705739486,-0.6024852912264133,-0.8303760929656273,-0.1558818468466168,-0.7063026576968032,-0.9131221489740318,-0.1979644658644163,-0.2664065476522597,-0.5325999680548594,-0.07685373883468455,-0.3516203897163468,-0.7670717920337824,-0.13670546812284673,-0.4465049406009566,-0.8979010318471978,-0.1747290457439108,-0.5398630573606849,-1.0,-0.19693171167844145,-0.16694604695648302,-0.5058639927258951,-0.1275928413869672,-0.21573542431120984,-0.6941104320041457,-0.16806046771694708,-0.2854768865892432,-0.8056736868547663,-0.1747707133185634,-0.36495191825300793,-0.8905589178308244,-0.1769615237504957,7,pause track
0.0,0.0,0.0,-0.18283261948589802,-0.004508263910137512,-0.03224962077032245,-0.35662914883288444,-0.10001703197524771,-0.06205779349772855,-0.4942905140403226,-0.1573805545024271,-0.09975145779430691,-0.6133746934616565,-0.19238328365851082,-0.13913634566926286,-0.3404265521051925,-0.4118133865371698,-0.003089196514397565,-0.4922508233716124,-0.442876434826966,-0.10184339659869628,-0.5905521124220936,-0.36835441988263035,-0.19175500920567504,-0.6509930321997891,-0.2826408449730901,-0.24089037066948082,-0.2949116814472033,-0.4965022786911703,-0.03336178908536253,-0.4191072076725115,-0.7129040495913282,-0.09480241710277044,-0.5319562169792845,-0.8254912534109136,-0.14887440675430388,-0.6289999891556712,-0.9106368831782984,-0.1842538301507094,-0.21475991825502416,-0.5189511024961306,-0.07826962651037453,-0.2978223737215121,-0.7563742858424736,-0.13831422328101847,-0.37984510258416104,-0.8885599560613313,-0.17216561961593302,-0.4585555268972313,-1.0,-0.18973040225412008,-0.12116730056375626,-0.48102593304286123,-0.1276314829446444,-0.16471461660300762,-0.6717951127799564,-0.16867503483231247,-0.21621130408582415,-0.7975647677538141,-0.1745310521271032,-0.2730002898200033,-0.9060171991054917,-0.17511226030866023,7,pause track
0.0,0.0,0.0,-0.17974232991180086,-0.014534423018855963,-0.03222989872886705,-0.35546141892669647,-0.11841446752713787,-0.06072696992272497,-0.49115386427976826,-0.17663661356701849,-0.09723413146251468,-0.6072711318416052,-0.21538409245978324,-0.13493587999322423,-0.3229286049122596,-0.4273293446038713,-0.0017154318299206996,-0.48098534629878936,-0.4621781782633429,-0.09575702119775045,-0.5829116890959714,-0.38997337510572383,-0.18184782860267407,-0.6472144163125856,-0.30501769154159136,-0.22875456400444139,-0.27511598344452065,-0.5080268801329243,-0.03128710641075795,-0.3974907684518358,-0.7316001920128654,-0.09065240463126079,-0.5094507114151732,-0.8483165092695003,-0.14448672409495936,-0.606127666868522,-0.9348247903456398,-0.17935455989643373,-0.1961053376573763,-0.5261492412071954,-0.07487566118864193,-0.2760566025066771,-0.7611482361007542,-0.13280801804647066,-0.35647710817948114,-0.8924067961877689,-0.16597206028012582,-0.43522667652588504,-1.0,-0.18271623170540846,-0.10527572446904522,-0.4871619547610349,-0.12284225474528407,-0.15083874255762472,-0.6732287397049574,-0.16119938167980116,-0.20466177542669062,-0.7934936874310814,-0.1648038456035699,-0.26481077515810614,-0.8925906138906544,-0.16364053134223555,7,pause track
0.0,0.0,0.0,-0.16400212963978697,-0.025304299321763608,-0.029645556533939514,-0.3242919257812394,-0.1477692469006066,-0.052363272857702134,-0.4511310368058659,-0.21863888340822993,-0.08212399194449213,-0.554480926466957,-0.2635704453753597,-0.1110727894965305,-0.27873976801888845,-0.43215000199629505,0.004028934620995655,-0.42766376499692416,-0.47913503443512023,-0.08751529072434885,-0.527668358413647,-0.4170114959459706,-0.17066088793441994,-0.5880014334561217,-0.33757872282858337,-0.21442529566081822,-0.23213703576934303,-0.5098594685823863,-0.020387450631263355,-0.33559245772603,-0.7205672462641179,-0.07367669616838107,-0.43672471556672104,-0.8410644865315983,-0.11677904379195658,-0.5187552402744576,-0.9218750908508054,-0.142413143650898,-0.1588884164108631,-0.5238151213727997,-0.058937612655801115,-0.2189919175247182,-0.7531610265840601,-0.1066778272730222,-0.28521527425411247,-0.8885999537169657,-0.12128044681911511,-0.3468767092064863,-1.0,-0.12392023204878012,-0.07863706542304592,-0.4799630123355528,-0.10303507337821184,-0.10841316252283625,-0.6563551567789334,-0.1329444425528582,-0.14731872381316385,-0.7769134487876674,-0.12584202941979525,-0.18980240167859339,-0.8809242962284753,-0.11476132008384049,7,pause track
0.0,0.0,0.0,-0.16520326102872263,-0.024498828839871815,-0.03350781691219363,-0.31671136518971554,-0.15024923222357306,-0.06143778005797123,-0.4415380997873263,-0.22887430788037424,-0.09668301063891531,-0.5470909393557976,-0.27886631890373115,-0.13013255774740656,-0.2676741203421285,-0.4379333781351964,0.008075253659325833,-0.40550357023789024,-0.49221310869443907,-0.08885424874905253,-0.5047494585381651,-0.43092024902713344,-0.177575429410101,-0.5669664162500078,-0.3550476739200215,-0.22429615720348842,-0.22026061711148176,-0.5149534087651713,-0.014440171623710493,-0.3178878195054084,-0.7208063953785082,-0.06413598537610182,-0.410776533299247,-0.8454160205929585,-0.10209853519989123,-0.48835970331563994,-0.9389627875852734,-0.12409281986215306,-0.1461708954188108,-0.5286958794527813,-0.05316376984448193,-0.20740690218964733,-0.754964874735231,-0.09779619702913317,-0.2729773699716546,-0.8867470270275426,-0.10498062410503894,-0.3349434976645956,-1.0,-0.10231417795002609,-0.06502540494572503,-0.48520274591858686,-0.09866489688638089,-0.0897741575922226,-0.6563448452499453,-0.12691075847724131,-0.12274540347670725,-0.7718664014167437,-0.11525616510184383,-0.16188261307740626,-0.8745110627055969,-0.09991012198235592,7,pause track
0.0,0.0,0.0,-0.15527385042019756,-0.05025178346621905,-0.03320008714360479,-0.2969137178908268,-0.16324519848291685,-0.06673037894436716,-0.4142183563390237,-0.23978545751034339,-0.10723874784264696,-0.5202181185967141,-0.2988895519435035,-0.14910716056568993,-0.2478717874870957,-0.4399943994932419,-0.012715367789974674,-0.38047535298350643,-0.4933258633316792,-0.10270712163339224,-0.4764268128648906,-0.4471396329194915,-0.1838634856679271,-0.5390013566469718,-0.3879862747694777,-0.22999459357102398,-0.19125241930722847,-0.513136858195488,-0.040900693561011676,-0.2883225844025089,-0.7351223575101838,-0.10553412600848898,-0.3742189606672102,-0.86400681155651,-0.16039813770652753,-0.44791952542486463,-0.9619145595624266,-0.19619090808654824,-0.11657979365882223,-0.522461362885713,-0.0811207942993292,-0.17064183642371744,-0.7562982764480342,-0.14444733899608012,-0.2259216104568322,-0.8899631060633862,-0.1783746574622752,-0.2847186543147038,-1.0,-0.19522494283282613,-0.036480181226654584,-0.4748745071633832,-0.12469427138232679,-0.058252250972908544,-0.6506878371672605,-0.16399831567419776,-0.0866046169875656,-0.7689791959523176,-0.16756497387096222,-0.12410298151194535,-0.8673004998970847,-0.16710578168023865,7,pause track
0.0,0.0,0.0,-0.16828117268884263,-0.08457716089354679,-0.020159390740211593,-0.3105235324785729,-0.21401347227341708,-0.05240053988391529,-0.43203103985893465,-0.2957053185095156,-0.09430579773271003,-0.5347846246060763,-0.3679739205079416,-0.13735146973996917,-0.22589126792788664,-0.4843899952513308,-0.005464295356792874,-0.35712669814735487,-0.5949825162633618,-0.09545143623154942,-0.4526369019748487,-0.5478571630188254,-0.1755793205603599,-0.5103567894347091,-0.47364799908347366,-0.2196808217043575,-0.17254055048034617,-0.5232645357428679,-0.0398975421308162,-0.2780946670452319,-0.7477196840640639,-0.10045048462978677,-0.3780509369489634,-0.8717915350820391,-0.15292913611357986,-0.46738621042914025,-0.9756086930533279,-0.18704695198725196,-0.09919052623888795,-0.5060659683134254,-0.08561773590370861,-0.16170256394929883,-0.7501164337162155,-0.14338014450012818,-0.23316526199038975,-0.8851587898531234,-0.17551470866859634,-0.30548876009922393,-1.0,-0.1935521540422967,-0.02417960928082567,-0.43782688610167464,-0.13380047488546773,-0.03341844824780748,-0.6143113433420669,-0.174253979021459,-0.062200094973384204,-0.7399732098679339,-0.1802639356607959,-0.09884973450622142,-0.850494749897887,-0.18162258845005794,7,pause track
0.0,0.0,0.0,-0.16319750751544013,-0.10569760730272502,-0.0157670128296854,-0.2863919743217043,-0.2605912430266627,-0.04280518178850711,-0.3889901212830358,-0.35261956198539474,-0.08057174698234335,-0.48428877229348855,-0.41873973816713406,-0.12107167791608774,-0.18750479315329166,-0.5291719718371131,0.004221937322725663,-0.30875632303812595,-0.6409137734707543,-0.08875151534578254,-0.40407560422882816,-0.5909595859253735,-0.17794445989140956,-0.477136490617977,-0.5133889869819078,-0.22965622106747335,-0.11668003891031388,-0.5638172201908471,-0.03325198930735569,-0.1734581070553871,-0.7972329098017126,-0.09643915160027465,-0.25400079740131487,-0.9110020751270438,-0.15526749106585433,-0.3412214995181059,-0.9896748190262286,-0.1932060561830001,-0.03199270050404912,-0.5277345864523401,-0.0823842666875291,-0.04436026932251833,-0.7557061508882413,-0.13938841890372622,-0.09580857524835822,-0.887401148921647,-0.17677261800200794,-0.16263197148729697,-1.0,-0.19926559701349045,0.04850962644573836,-0.4326025465715107,-0.13391613745694064,0.08379306494066804,-0.5885158065301697,-0.17323642010834936,0.07411526799276867,-0.7022428145306432,-0.18099845535187292,0.04092915640950549,-0.8062312562479174,-0.1844470450548118,7,pause track
0.0,0.0,0.0,-0.14426176844406546,-0.10714132481843495,-0.03204585347290149,-0.25690292131875997,-0.24988977274319799,-0.068682479618699,-0.3448988765982952,-0.3482702675315239,-0.1148942598670526,-0.4347199149660047,-0.4267624233395032,-0.1637663304901142,-0.1687719982881087,-0.5098518912194423,-0.015039775342528249,-0.278911073284686,-0.6341492126701516,-0.11396174805467933,-0.3675012316346298,-0.5777029394294486,-0.2051733612103698,-0.434839359269708,-0.49822030143516427,-0.2563946603504355,-0.09060346323799709,-0.547549074037142,-0.046009346016795655,-0.134450949679236,-0.7795735148426796,-0.10674380316507369,-0.2013283327709677,-0.9065080975260583,-0.16608317806603085,-0.2719673490156086,-1.0,-0.20698957760722675,-0.001000184340938026,-0.5186937881415954,-0.09027400489442884,-0.007260445716983838,-0.742582002071949,-0.14529705290176798,-0.046063889766275096,-0.875004123415719,-0.18373490089918937,-0.09807175066756214,-0.9871386082151378,-0.2085482961250825,0.08746686444688555,-0.4365348646926735,-0.13871073175398155,0.12343016442996069,-0.5946293184020767,-0.17731510645550552,0.12708313345098093,-0.7086354566319077,-0.1862893165114654,0.11033764576139815,-0.8115923499588736,-0.19111136821532546,7,pause track
0.0,0.0,0.0,-0.14075377273204195,-0.103715024264822,-0.034716129843537606,-0.2486216372899283,-0.25159721773266197,-0.0688914544431601,-0.33506820539941307,-0.3548173010989384,-0.11218709180939622,-0.42355727907565816,-0.4374535661710545,-0.1577789250726041,-0.16319314247197014,-0.5163435419751216,-0.007174834040307876,-0.2765950185841299,-0.6353158878148094,-0.10309708357451232,-0.36364780980703665,-0.5772098263255566,-0.1917673485427651,-0.42634961480456196,-0.4995428950545124,-0.2407001388542175,-0.08180239034197555,-0.5609043322696167,-0.03509098530913709,-0.12512551044092132,-0.7821168420862977,-0.09083571768600862,-0.18841414365156162,-0.9052365170998371,-0.14540403807704372,-0.25514362294618076,-0.9997960885891217,-0.18227831408025288,0.009428465142700893,-0.5374044960134471,-0.0772218820742161,0.00029442094564446713,-0.7574253322833945,-0.12888420652652213,-0.038249286998951824,-0.8870220561349885,-0.1616809829457148,-0.08783473425277172,-1.0,-0.1817047999892749,0.09774902575070452,-0.45879473942474513,-0.12421138683656498,0.12700904141500105,-0.6121687631882673,-0.16000755014374524,0.13430809488027623,-0.7218143876245698,-0.16422375505987552,0.12591847570921216,-0.8211671490662362,-0.16426201494518067,7,pause track
0.0,0.0,0.0,-0.13466375585812754,-0.10596329230580873,-0.03908849877570912,-0.23827763372075167,-0.25613339241865163,-0.07755460405872633,-0.3219253540157019,-0.3614471222963714,-0.12397229939075637,-0.41137170912222576,-0.443557328950824,-0.17302103986852427,-0.14694422559058679,-0.514095546475471,-0.020398882069774114,-0.25897212021229765,-0.6363463711732176,-0.119417449181858,-0.3502035706503083,-0.5773220603226,-0.21032939388067434,-0.4197443578012991,-0.49724056102637965,-0.261328780358619,-0.06306271296465181,-0.5541870660399612,-0.04820412430913275,-0.0995974133667788,-0.7826099038108568,-0.10854832566909793,-0.15955375959587983,-0.9066633739346414,-0.16593496720570064,-0.22432321925562945,-1.0,-0.20486374077375397,0.027267623690036914,-0.5234948756857856,-0.08984616012323463,0.029165749987620917,-0.7448682165489452,-0.14672745948418137,-0.004281805211082718,-0.8774456004524581,-0.18309591713799697,-0.05082047736675038,-0.9947272412358693,-0.20553351715003132,0.11480895781897453,-0.4379047359974795,-0.13609757353263507,0.15413328753594374,-0.5935847300805904,-0.1781186633141134,0.16540608933959203,-0.7077606309175419,-0.18629442186994122,0.15714229303267513,-0.8135655545129964,-0.18929920959841368,7,pause track
0.0,0.0,0.0,-0.12040389081052937,-0.11723656020515445,-0.028889734981062277,-0.20809835411927471,-0.2693667063652675,-0.055413900643564266,-0.2747563028715767,-0.3737704832545846,-0.09110240921232475,-0.3355521227653492,-0.4705621971711438,-0.12742330084838177,-0.10862387588043247,-0.5179806983771442,0.002868066738541318,-0.1995761248416034,-0.6601627950168295,-0.08204184955832433,-0.27874735604510475,-0.622281184026481,-0.1615289526441852,-0.3361923278877122,-0.5571868440254141,-0.20455431696141407,-0.023476193475122455,-0.5549264706767201,-0.022607994861621503,-0.05502214042714839,-0.7766271779910636,-0.0709684645419321,-0.10539416940004036,-0.9009497178243776,-0.12055918428532056,-0.15906971296266953,-1.0,-0.15395384386747843,0.06943899017670223,-0.5296993402597965,-0.06133767832712082,0.0743989753508994,-0.7422271837673504,-0.10613953915390803,0.04988625929671301,-0.869292256446276,-0.1353433697747265,0.01472351442126219,-0.9811560676483413,-0.15252427555666925,0.15864050276158656,-0.4498722598237992,-0.1046165637223813,0.20120231003337008,-0.6004115203227018,-0.13316530349905562,0.2188873748421048,-0.7025850086905038,-0.13444864701443157,0.22133166676761798,-0.7965202685492013,-0.13237991401486598,7,pause track
0.0,0.0,0.0,-0.11950289198682373,-0.12963804992921432,-0.021429193596405865,-0.19971368039822648,-0.29316208429550883,-0.04952825084642721,-0.26358896259776465,-0.3958332754207925,-0.08790551725371187,-0.3189634118495015,-0.4796560193633062,-0.12644387876894222,-0.09557336393762919,-0.5396582432048734,-0.005141396588837855,-0.1818719186391678,-0.6667096874112697,-0.10372275172802155,-0.26201261632974804,-0.6071327732694244,-0.1941972453076718,-0.3250013402616588,-0.528127426121799,-0.24180016251127046,-0.012203727714426973,-0.5517624937206259,-0.037259244322827685,-0.02565340237831913,-0.7807556295953602,-0.09733398500701637,-0.06990447409125296,-0.9052504502286387,-0.150352806500048,-0.1251246443342672,-1.0,-0.18216457469236264,0.07720145423353911,-0.5046613307706207,-0.08158781542519786,0.08967025592048178,-0.7268729412091741,-0.13071083754646473,0.07666316543991358,-0.8535701592230851,-0.1567206874768704,0.04971794937980633,-0.967152867266442,-0.16915882447345323,0.15942223801855718,-0.4068768329319167,-0.1299389833391352,0.2167359962512385,-0.5626158333548437,-0.15851173621672662,0.24081781773632785,-0.6689958759652366,-0.15418589279502867,0.2487303254552422,-0.7715183476857156,-0.14588627283366792,7,pause track
0.0,0.0,0.0,-0.1099161577554453,-0.12027888133978791,-0.03850367115756782,-0.18650547544264726,-0.2646797401086347,-0.07414604177988889,-0.23369932992518552,-0.3757296445559059,-0.115368321692113,-0.2541960684724223,-0.4901024177553247,-0.154214794247832,-0.09510567317952459,-0.521545331781983,-0.017787783441726417,-0.1667234984355878,-0.6626794627947213,-0.11162676215176082,-0.23511604230845748,-0.631507457332843,-0.1926380428183089,-0.2776971038781748,-0.5582965842160155,-0.23331134668201514,-0.003228860842672583,-0.5522422110961737,-0.035165000975746354,-0.006166843504524437,-0.7681910014649409,-0.08696223757180097,-0.022840154150364427,-0.8981941438535782,-0.12937388709222875,-0.043404714035098296,-1.0,-0.15502812044359754,0.08925966227988208,-0.5179042679214116,-0.0665188494551543,0.11080574763228175,-0.720707587549811,-0.11412091538729074,0.1157853409453993,-0.8512798639956112,-0.1379669918475595,0.11303612767291427,-0.9666812608137355,-0.14846555827403815,0.17175678364089053,-0.4258643075893584,-0.10279461073082843,0.22705867902120247,-0.5727758745938255,-0.13533627752309016,0.256402899437535,-0.6790038703376599,-0.136031693497728,0.27669937664655136,-0.7781049738661779,-0.1300635099942887,7,pause track
0.0,0.0,0.0,-0.10634992374336016,-0.11336379491313121,-0.043122073691961325,-0.17972156903110575,-0.2618357263807381,-0.07944276704476717,-0.22079939719561134,-0.38503804133515807,-0.12017791149745906,-0.23735259707499246,-0.5131640561573613,-0.15776118354882065,-0.08698530392475239,-0.5095824586532439,-0.019515226652578252,-0.13843950789821624,-0.6753623640138248,-0.107197384123355,-0.19709641245853726,-0.656013872619517,-0.18185481820340418,-0.23590393837999582,-0.5997912728190021,-0.2198367930582846,0.0020972388137598295,-0.5347841183224699,-0.03438357108386827,-0.005813481478045047,-0.7605981869476468,-0.07694402787074546,-0.019573202025005218,-0.890314754355037,-0.11618665881180458,-0.03176592835935144,-1.0,-0.1429385047009048,0.092540911832247,-0.5001380883069286,-0.06342798924008855,0.10972312025933056,-0.7108316685416715,-0.10437110428758223,0.11478291503328616,-0.8394040239150101,-0.12794044056486645,0.11283445640323815,-0.9547911205956716,-0.14187722266876684,0.17690670594511843,-0.41543849017652107,-0.09811208641438861,0.22905370729048272,-0.5667513801581963,-0.12822331092785386,0.25904641506808007,-0.6676515274523903,-0.13114268031371246,0.2782727653615087,-0.7642008057688293,-0.12932268277103193,7,pause track
0.0,0.0,0.0,-0.10563229762378736,-0.1139430006790198,-0.044159852302808326,-0.1803813656992009,-0.2599985108823735,-0.07984744233535045,-0.22386484875424612,-0.38481920373224593,-0.11865291140963201,-0.2430924782171963,-0.5142638297341122,-0.15511305366049125,-0.08166980912097921,-0.4875852620155965,-0.013647999327760854,-0.12932282153014416,-0.61464212802934,-0.09706054978053733,-0.18938651474694587,-0.6258328024079122,-0.17072625134442293,-0.23656069112891612,-0.6023122340821574,-0.21001344328321395,0.0011351178074838415,-0.518681604805124,-0.02910076297848876,-0.003419798755115498,-0.7453213841303754,-0.073114217535211,-0.01752147517163864,-0.8817240237028292,-0.11313936422890172,-0.029772543970210515,-1.0,-0.1402543236638217,0.08824635890677365,-0.4879660124506284,-0.05899747160498284,0.11068406229505127,-0.7019472219262316,-0.10514264652949037,0.11813036377716915,-0.8367346593019248,-0.13178038612026835,0.11732160348542693,-0.9584759995702068,-0.14682435298695534,0.17041230278665626,-0.40383282826684097,-0.09421540998850553,0.2265816413197149,-0.5583283361696417,-0.12736523038041098,0.2598934701300392,-0.6629417919970182,-0.1322570932442695,0.27883023122786665,-0.7635157264642507,-0.13263426578440546,7,pause track
0.0,0.0,0.0,-0.11676114614405123,-0.1158516551159405,-0.0426778411736006,-0.19014814295316887,-0.2748373881549264,-0.07340227281077089,-0.2273182196468063,-0.41200175268171085,-0.1070027130664514,-0.2587909223064215,-0.5445527181760347,-0.13756285028677911,-0.08751021796149429,-0.4955325241067254,-0.010791881538257844,-0.14073977105528318,-0.6422186519446631,-0.09237954921397003,-0.2016238059588505,-0.6627275587811822,-0.15907578629509375,-0.24671214002989397,-0.6360259858143995,-0.19146475259874524,-0.0035458208905080986,-0.5289500368973898,-0.024624948870045894,-0.011154141975951689,-0.7543254069072306,-0.07039656804032737,-0.03279068936407899,-0.8886834132665387,-0.10415224378209144,-0.05325058384850514,-1.0,-0.12324024911392245,0.08196540601253237,-0.4999664488171582,-0.05295774481264298,0.10103727068568548,-0.709091818047257,-0.1021030039235714,0.10302503345984164,-0.8485389997077972,-0.1231307622028493,0.09850092602155777,-0.9733307751855986,-0.13073375876458823,0.16130464108655573,-0.4175283855037146,-0.08639222256063413,0.21854376103501968,-0.573842856240266,-0.1209448669953573,0.2508004831013876,-0.6807537672007736,-0.12352732782713612,0.26978590780812217,-0.7794607233278568,-0.11960273056831676,7,pause track
0.0,0.0,0.0,-0.11071849377351517,-0.12079683123448884,-0.04147209271888305,-0.18375757130203552,-0.2800179525696024,-0.07555302191520734,-0.2252659096498876,-0.41489595130023055,-0.11274137690655138,-0.2533647847187117,-0.5501640725111118,-0.14669724746529955,-0.07704849629890803,-0.5082376962521974,-0.022619342585136062,-0.12791197172322907,-0.6831840479091212,-0.10450065720513206,-0.19838976512806117,-0.6854596756833797,-0.1707038244101533,-0.250739520508262,-0.6418109520210902,-0.20317963529923463,0.007747312294519239,-0.5293736652934644,-0.036461562771304246,0.0031043346162005383,-0.7551581777604351,-0.08386106483630923,-0.024970092777194378,-0.8889353375456736,-0.12040248296967025,-0.05441584403562113,-1.0,-0.1428233962567998,0.09102094966388348,-0.49414196418346196,-0.06336276724411917,0.11308471665707688,-0.7120592667136489,-0.11050002572687735,0.11283763908624993,-0.8522144955816028,-0.1331820176471807,0.1048272975461556,-0.9747954002652313,-0.14391943452833528,0.16776983189795713,-0.4085121604211381,-0.0948082375710132,0.2261231387798304,-0.5698545077222145,-0.12802117404979715,0.25596248027389024,-0.6802044657927172,-0.1314114684440232,0.2720445426243054,-0.7802075087480631,-0.1290844637064625,7,pause track
0.0,0.0,0.0,-0.11684991004535797,-0.11524987418873568,-0.04271025235296463,-0.2052821286705663,-0.2790455942658406,-0.07466624912174906,-0.2595165881369288,-0.41470655408302454,-0.11031670818867934,-0.30683052176328895,-0.5457353194650376,-0.1437310718308553,-0.09641822663296759,-0.4989391317358461,-0.010721447820125662,-0.16201623632677906,-0.638387035326353,-0.09100760400113339,-0.23933207813184362,-0.6544900532477432,-0.1584553255896213,-0.3072222092227319,-0.6364739955449465,-0.19340864236013924,-0.013055369809317251,-0.5377461805941192,-0.027246172540012277,-0.026547742202750083,-0.7535119221621279,-0.07885929880327437,-0.061941985435224584,-0.8873352300871336,-0.11874992498249749,-0.10007589871426985,-1.0,-0.14245559525580867,0.06948374043892065,-0.5146242618166191,-0.05807451273021057,0.08912858850472283,-0.7256510300375012,-0.11199926906666564,0.08050635614655999,-0.8634398233270397,-0.1378059338998549,0.061927978942143955,-0.985778054099338,-0.1488148005867129,0.14572849747899602,-0.44076291555205194,-0.09376701702361265,0.19794882324036428,-0.5969237786420425,-0.13190469969711932,0.22465607468196197,-0.7067011512019055,-0.13848197376661855,0.23445847766887135,-0.8085642784332634,-0.13809701148363268,7,pause track
0.0,0.0,0.0,-0.12039960418798515,-0.11963517527679787,-0.038441620970470526,-0.20909276043545633,-0.2848859027541052,-0.06807129116813834,-0.2656677561014315,-0.4162375364251323,-0.10244148834694451,-0.3147519478661375,-0.5382950332785277,-0.13622672034070793,-0.0998601912208037,-0.4969840077244232,-0.012219915468207129,-0.1716829093350399,-0.6295182504642021,-0.09621536984910568,-0.2524924783570867,-0.6339020436248191,-0.16991488043161912,-0.3226845935710046,-0.6076632499775608,-0.2093866665215053,-0.01787085252752914,-0.5331345860229395,-0.031743132216141036,-0.030851316052865164,-0.7535443962675804,-0.07997132449951039,-0.06665801176236198,-0.8906991275004642,-0.12128813729787388,-0.10600117708801801,-1.0,-0.1480030722764593,0.06634552029041357,-0.5057815654639662,-0.06491145580271655,0.08359044340820457,-0.7169599422529641,-0.11427449020690762,0.07168437635709399,-0.8580979538512721,-0.13979480783137932,0.050280840076771,-0.9820540611823914,-0.1528190059658005,0.14456051095273934,-0.42621738774481327,-0.10284734473053322,0.19739113000607472,-0.5798967815902298,-0.13880890591331896,0.21991102274625582,-0.6904943122923987,-0.14305613194024625,0.22402026194073135,-0.792800959968754,-0.14205070916420828,7,pause track
0.0,0.0,0.0,-0.11733907259333609,-0.12007996598654064,-0.035693133040099995,-0.20461605099074018,-0.27904641450651957,-0.06733711249981116,-0.26287575700499954,-0.4084914319089686,-0.10518419423058334,-0.317745160413585,-0.5290421198778117,-0.1423063704355181,-0.10104310396130417,-0.5002980165564072,-0.011049205451451188,-0.17296739824644175,-0.6419430004607523,-0.0980873298770446,-0.25251097737773653,-0.6407602903905228,-0.17416300591295505,-0.31840116494871296,-0.60413216903904,-0.2148208310638959,-0.01985897666360112,-0.5342932237507692,-0.03305258345493045,-0.03795945625092411,-0.7577878490229413,-0.08220732671128972,-0.07486442777446818,-0.8926097415676499,-0.12470039625421239,-0.11537136574714577,-1.0,-0.1527118627594828,0.06625707156630631,-0.504270854870385,-0.06881603691618646,0.07982993883835202,-0.7147756087176055,-0.11750113184742025,0.06940595468675899,-0.8545504351992677,-0.14280692474938061,0.048546789673013103,-0.979608412686824,-0.15666572993459263,0.1486082642153744,-0.421839291312641,-0.1093995640318586,0.20435837326826767,-0.5733390676851889,-0.14431096507471716,0.22890263647256376,-0.6825787772946661,-0.14827588516701487,0.23352841172973535,-0.7863179878069356,-0.14768378240636618,7,pause track
0.0,0.0,0.0,-0.11438063264936588,-0.11655952665946447,-0.03873739145241721,-0.19676838581223216,-0.2831174219364653,-0.0713034211866797,-0.24897413169950944,-0.41745050261273625,-0.1087797190456202,-0.2952508384288604,-0.5462392941938684,-0.1453283376715772,-0.08790732662529963,-0.49747926919792423,-0.015818476454376,-0.1511404644414007,-0.640083496641123,-0.10171945931898263,-0.22499921444978369,-0.6461962452884883,-0.17483280317605152,-0.289967871938059,-0.6164719293331835,-0.21296595382468994,-0.004028648130997073,-0.5303512114013214,-0.03689354308674219,-0.014111420634222728,-0.7535896630784541,-0.0872390184644336,-0.047994895317615846,-0.8897992480268749,-0.1298268887552861,-0.08743155069571869,-1.0,-0.1567303259085938,0.0804787719465211,-0.4991367236399677,-0.0714604935536755,0.10231819824846038,-0.7060923959266527,-0.1208755628783879,0.09491029016529559,-0.8437880836440307,-0.14768607151329904,0.07559065275869789,-0.9670800582294279,-0.16217105235830695,0.15844996210897588,-0.41672711824086783,-0.11081857978154475,0.21654707088481137,-0.561945777368061,-0.14715406375168616,0.24596907245470614,-0.6707628306723714,-0.15330037253599124,0.25752242510390927,-0.7750068891058539,-0.15390193069085772,7,pause track
0.0,0.0,0.0,-0.11154132265237357,-0.11845295682197292,-0.045828036896495554,-0.19742352774294702,-0.278654076372413,-0.08300952696332964,-0.2519195274572641,-0.4110734482072672,-0.12367816652588072,-0.2946269865511564,-0.5421292640406781,-0.1627881402551087,-0.08658420370351577,-0.4991179616340971,-0.02601377313928757,-0.1493025910845108,-0.6462748786973104,-0.11741757884163756,-0.22602966600355776,-0.6514922544754128,-0.193377825194316,-0.2931414964428128,-0.6220527217745243,-0.2328613175061722,-0.003043011378710778,-0.5304930265975829,-0.04363950376151243,-0.014186323708805177,-0.7517101868926329,-0.0989319046875707,-0.04566623063904994,-0.8871452532036508,-0.14206953823040738,-0.08262187935863881,-1.0,-0.16862289329161517,0.07989781952363442,-0.4973940972141414,-0.07551148073229533,0.10398949626944966,-0.7034986008480907,-0.13019809309987798,0.09836343521189943,-0.8392977907874738,-0.15660689939778225,0.08083300376278887,-0.9634486872206265,-0.16925713377756912,0.15622368697454544,-0.4114462705140972,-0.1126007333319221,0.2167204013539722,-0.5589425886458287,-0.1533935579751866,0.2471659285888859,-0.6672153447129852,-0.1603928942812806,0.2599780137086594,-0.7719902400827626,-0.16037334133078424,7,pause track
0.0,0.0,0.0,-0.12217680410803358,-0.12366729059369805,-0.03686307176631881,-0.2128613982217446,-0.286229482643254,-0.06878005268685619,-0.27036639132770995,-0.41827670044405696,-0.10629260772666163,-0.32032390557200213,-0.5456702864572772,-0.14258424677705905,-0.09304317135731376,-0.5099464508394501,-0.009845322369626047,-0.1642876016363194,-0.660913928484529,-0.09764793659999389,-0.24504427896508374,-0.6649334421509389,-0.17470694134661277,-0.320623618658502,-0.6323215851717425,-0.21544512976792954,-0.013218899539721805,-0.5450570785514417,-0.03080135677065293,-0.027572019850764427,-0.7715153442962002,-0.08294605033223922,-0.0725365865404112,-0.9002345112332212,-0.12667391936427366,-0.1261944168457764,-1.0,-0.15400774889279267,0.06758704352366277,-0.5173781314631575,-0.06585324133153207,0.08717009382983901,-0.728808526425443,-0.11568450223018976,0.0788178884991281,-0.8655300486130825,-0.14133798012175572,0.057560436858753394,-0.9851578657893669,-0.1544791395995326,0.1432375096313719,-0.43689803925544424,-0.10591126361485155,0.20069814773510686,-0.5870582558599294,-0.14097444731552877,0.22499645159982157,-0.6936118024859078,-0.14591562426600832,0.2293001541019506,-0.7952652302404801,-0.1455296763425828,7,pause track
0.0,0.0,0.0,-0.12349251304335848,-0.10722302433205526,-0.043830084821033746,-0.2202834283714666,-0.27129170634364735,-0.08067099213788922,-0.28675386701030603,-0.4000216211182581,-0.12150344365611625,-0.3539470503324972,-0.5165078929567757,-0.16220691058309558,-0.10954528065524555,-0.49719275879427305,-0.027555944024859426,-0.19303324714154557,-0.6396530503297583,-0.11663669829738653,-0.27789114185846076,-0.6337491317115186,-0.19371062794126884,-0.3516373606801276,-0.5989309146466079,-0.2364505601247464,-0.030668960137795156,-0.5367929163287696,-0.049653619037702,-0.05626726859945823,-0.7637349080123723,-0.10935657818256905,-0.1103787087085176,-0.8956107599380012,-0.1613274349451578,-0.1692092559330596,-1.0,-0.19576972931636066,0.049139066243191344,-0.5108786688737822,-0.08464360577744762,0.06233793727281815,-0.7280508795501518,-0.14174677951433004,0.03794747921041674,-0.8649497748028422,-0.1766483917456963,0.0015993505286742025,-0.9876898987086054,-0.197486469467172,0.12441455223703254,-0.4329686931202069,-0.1241944431567522,0.17473021331359828,-0.5885133056474539,-0.16568493812166582,0.19068327969808413,-0.704191443885505,-0.17716122872077297,0.18619585043696169,-0.8148268026788598,-0.18306621470047668,7,pause track
0.0,0.0,0.0,-0.12005851159946503,-0.1149897051348024,-0.04301220175802951,-0.21731732007120433,-0.27585080354971203,-0.08067247870959894,-0.28484435151728116,-0.40202339588618063,-0.1234638338677547,-0.3526053855931912,-0.5156930260651106,-0.16745722708408567,-0.10873165885198967,-0.5047628992191159,-0.026529345987277683,-0.1940571147741476,-0.6404256503147234,-0.11844318200239265,-0.28100355083750117,-0.6295235037431042,-0.19938664754538818,-0.35564788872416825,-0.5889769598853528,-0.24472801783477613,-0.028360118323734588,-0.5397727876669203,-0.050470918348175076,-0.050774350185482646,-0.7669518257832445,-0.11090818399383788,-0.10659124601945426,-0.8990077788289051,-0.16387414974160525,-0.16713290036333714,-1.0,-0.19907052124711908,0.05235234387163213,-0.5072801860266197,-0.08774104437195612,0.06923367186860088,-0.7237080772643233,-0.14613415753544032,0.04050949734922071,-0.8626968857798306,-0.18141891505431842,0.0002668286500502394,-0.9847842017430929,-0.2026722976975446,0.12722787072925662,-0.42240522815334564,-0.12960162554257576,0.18124324331083866,-0.5741794589146405,-0.1731438661435483,0.1983770190347149,-0.6899955981870033,-0.1846562054445479,0.19426579447409903,-0.7987980674540326,-0.19031922149303288,7,pause track
0.0,0.0,0.0,-0.12034369178117305,-0.11709670986189565,-0.040332946292664144,-0.2187213873504156,-0.28237181647075504,-0.07637311930835051,-0.28495616764557835,-0.4102212161403828,-0.11842320847295355,-0.35875567803508385,-0.5195437279246682,-0.16163631461237343,-0.113807590955425,-0.5043852129903007,-0.018706523855600753,-0.1939630931712677,-0.6403703978081465,-0.10926732223247487,-0.2769276264539352,-0.634397898200994,-0.1897491389055483,-0.3526214758380887,-0.599371109269118,-0.23476813629777077,-0.031046136654356682,-0.5424840468910129,-0.04390902359623771,-0.05111946718159992,-0.7689195452795393,-0.10235084762883256,-0.10399697465559098,-0.9007065475249693,-0.15523776747135282,-0.16379103279276802,-1.0,-0.1904716665406426,0.05170938500230537,-0.512013224624977,-0.08264033063233876,0.06546688314226923,-0.7232031959611774,-0.13903047699676102,0.03784083992858313,-0.8603072166664106,-0.17460638731160646,-0.002259424804264567,-0.9804756672589677,-0.19668179517710643,0.1300936125651583,-0.4290698358954498,-0.12603004703216067,0.18893129800022726,-0.5724426841899742,-0.1679795854800318,0.20774325705524524,-0.6851544092402001,-0.1802626693659504,0.20262262433719813,-0.7925895795078552,-0.1872297806107911,7,pause track
